x_m,y_m,idw_rssi_dbm
77.0,11.0,
77.75,11.0,
78.5,11.0,
79.25,11.0,
80.0,11.0,
80.75,11.0,
81.5,11.0,
82.25,11.0,
83.0,11.0,
83.75,11.0,
84.5,11.0,
85.25,11.0,
86.0,11.0,
86.75,11.0,
87.5,11.0,
88.25,11.0,
89.0,11.0,
89.75,11.0,
90.5,11.0,
91.25,11.0,
92.0,11.0,
92.75,11.0,
93.5,11.0,
94.25,11.0,
95.0,11.0,
95.75,11.0,
96.5,11.0,
97.25,11.0,
98.0,11.0,
98.75,11.0,
99.5,11.0,
100.25,11.0,
101.0,11.0,
101.75,11.0,
102.5,11.0,
103.25,11.0,
104.0,11.0,
104.75,11.0,
105.5,11.0,
106.25,11.0,
107.0,11.0,
107.75,11.0,
108.5,11.0,
109.25,11.0,
110.0,11.0,
110.75,11.0,
111.5,11.0,
112.25,11.0,
113.0,11.0,
113.75,11.0,
114.5,11.0,
115.25,11.0,
116.0,11.0,
116.75,11.0,
117.5,11.0,
118.25,11.0,
119.0,11.0,
119.75,11.0,
120.5,11.0,
121.25,11.0,
122.0,11.0,
122.75,11.0,
123.5,11.0,
124.25,11.0,
125.0,11.0,
125.75,11.0,
126.5,11.0,
127.25,11.0,
128.0,11.0,
128.75,11.0,
129.5,11.0,
130.25,11.0,
131.0,11.0,
131.75,11.0,
132.5,11.0,
133.25,11.0,
134.0,11.0,
134.75,11.0,
135.5,11.0,
136.25,11.0,
137.0,11.0,
137.75,11.0,
138.5,11.0,
139.25,11.0,
140.0,11.0,
140.75,11.0,
141.5,11.0,
142.25,11.0,
143.0,11.0,
143.75,11.0,
144.5,11.0,
145.25,11.0,
146.0,11.0,
146.75,11.0,
147.5,11.0,
148.25,11.0,
149.0,11.0,
149.75,11.0,
150.5,11.0,
151.25,11.0,
152.0,11.0,
152.75,11.0,
153.5,11.0,
154.25,11.0,
155.0,11.0,
155.75,11.0,
156.5,11.0,
157.25,11.0,
158.0,11.0,
158.75,11.0,
159.5,11.0,
160.25,11.0,
161.0,11.0,
161.75,11.0,
162.5,11.0,
163.25,11.0,
164.0,11.0,
164.75,11.0,
165.5,11.0,
166.25,11.0,
167.0,11.0,
167.75,11.0,
168.5,11.0,
169.25,11.0,
170.0,11.0,
170.75,11.0,
171.5,11.0,
172.25,11.0,
173.0,11.0,
173.75,11.0,
174.5,11.0,
175.25,11.0,
176.0,11.0,
176.75,11.0,
177.5,11.0,
178.25,11.0,
179.0,11.0,
179.75,11.0,
180.5,11.0,
181.25,11.0,-87.00478915105822
182.0,11.0,-86.10088691796008
182.75,11.0,-86.30472039037099
183.5,11.0,-86.2082694480456
184.25,11.0,-86.01436886746879
185.0,11.0,-85.47656249999999
185.75,11.0,-85.20340130250689
186.5,11.0,-85.01890764171368
187.25,11.0,-85.01931986446789
188.0,11.0,-85.60843373493974
188.75,11.0,-86.89167990252434
189.5,11.0,-86.74555213460083
190.25,11.0,-86.4300473331728
191.0,11.0,-86.71428571428571
191.75,11.0,-87.19419773924518
192.5,11.0,-87.78046607573306
193.25,11.0,-87.909658075618
194.0,11.0,-87.26440387906446
194.75,11.0,-87.0034339019421
195.5,11.0,-86.71086624223985
196.25,11.0,-87.12325083544806
197.0,11.0,-87.35593220338981
197.75,11.0,-87.87606148588453
198.5,11.0,-88.15668494978709
199.25,11.0,-87.92657212667855
200.0,11.0,-88.69780888618381
200.75,11.0,-90.02989821882952
201.5,11.0,
202.25,11.0,
203.0,11.0,
203.75,11.0,
204.5,11.0,
205.25,11.0,
206.0,11.0,
206.75,11.0,
207.5,11.0,
208.25,11.0,
209.0,11.0,
209.75,11.0,
210.5,11.0,
211.25,11.0,
212.0,11.0,
212.75,11.0,
213.5,11.0,
214.25,11.0,
215.0,11.0,
215.75,11.0,
216.5,11.0,
217.25,11.0,
218.0,11.0,
218.75,11.0,
219.5,11.0,
220.25,11.0,
221.0,11.0,
221.75,11.0,
222.5,11.0,
223.25,11.0,
224.0,11.0,
224.75,11.0,
225.5,11.0,
226.25,11.0,
227.0,11.0,
227.75,11.0,
228.5,11.0,
229.25,11.0,
230.0,11.0,
230.75,11.0,
77.0,11.75,
77.75,11.75,
78.5,11.75,
79.25,11.75,
80.0,11.75,
80.75,11.75,
81.5,11.75,
82.25,11.75,
83.0,11.75,
83.75,11.75,
84.5,11.75,
85.25,11.75,
86.0,11.75,
86.75,11.75,
87.5,11.75,
88.25,11.75,
89.0,11.75,
89.75,11.75,
90.5,11.75,
91.25,11.75,
92.0,11.75,
92.75,11.75,
93.5,11.75,
94.25,11.75,
95.0,11.75,
95.75,11.75,
96.5,11.75,
97.25,11.75,
98.0,11.75,
98.75,11.75,
99.5,11.75,
100.25,11.75,
101.0,11.75,
101.75,11.75,
102.5,11.75,
103.25,11.75,
104.0,11.75,
104.75,11.75,
105.5,11.75,
106.25,11.75,
107.0,11.75,
107.75,11.75,
108.5,11.75,
109.25,11.75,
110.0,11.75,
110.75,11.75,
111.5,11.75,
112.25,11.75,
113.0,11.75,
113.75,11.75,
114.5,11.75,
115.25,11.75,
116.0,11.75,
116.75,11.75,
117.5,11.75,
118.25,11.75,
119.0,11.75,
119.75,11.75,
120.5,11.75,
121.25,11.75,
122.0,11.75,
122.75,11.75,
123.5,11.75,
124.25,11.75,
125.0,11.75,
125.75,11.75,
126.5,11.75,
127.25,11.75,
128.0,11.75,
128.75,11.75,
129.5,11.75,
130.25,11.75,
131.0,11.75,
131.75,11.75,
132.5,11.75,
133.25,11.75,
134.0,11.75,
134.75,11.75,
135.5,11.75,
136.25,11.75,
137.0,11.75,
137.75,11.75,
138.5,11.75,
139.25,11.75,
140.0,11.75,
140.75,11.75,
141.5,11.75,
142.25,11.75,
143.0,11.75,
143.75,11.75,
144.5,11.75,
145.25,11.75,
146.0,11.75,
146.75,11.75,
147.5,11.75,
148.25,11.75,
149.0,11.75,
149.75,11.75,
150.5,11.75,
151.25,11.75,
152.0,11.75,
152.75,11.75,
153.5,11.75,
154.25,11.75,
155.0,11.75,
155.75,11.75,
156.5,11.75,
157.25,11.75,
158.0,11.75,
158.75,11.75,
159.5,11.75,
160.25,11.75,
161.0,11.75,
161.75,11.75,
162.5,11.75,
163.25,11.75,
164.0,11.75,
164.75,11.75,
165.5,11.75,
166.25,11.75,
167.0,11.75,
167.75,11.75,
168.5,11.75,
169.25,11.75,
170.0,11.75,
170.75,11.75,
171.5,11.75,
172.25,11.75,
173.0,11.75,
173.75,11.75,
174.5,11.75,
175.25,11.75,
176.0,11.75,
176.75,11.75,
177.5,11.75,
178.25,11.75,
179.0,11.75,
179.75,11.75,
180.5,11.75,-87.86520190023754
181.25,11.75,-86.31806884240571
182.0,11.75,-86.572468707806
182.75,11.75,-86.21844542053722
183.5,11.75,-86.11867318160236
184.25,11.75,-86.11958432304912
185.0,11.75,-85.87647641380447
185.75,11.75,-85.199227550001
186.5,11.75,-84.7854554019989
187.25,11.75,-84.80781475951835
188.0,11.75,-85.13272846703342
188.75,11.75,-86.00703629837763
189.5,11.75,-86.07393514608526
190.25,11.75,-86.24408229846739
191.0,11.75,-86.55724144631137
191.75,11.75,-87.3519756874495
192.5,11.75,-88.52965278335061
193.25,11.75,-88.61979543242849
194.0,11.75,-87.52468020251754
194.75,11.75,-86.59834333820528
195.5,11.75,-86.27149146701606
196.25,11.75,-86.8055191857909
197.0,11.75,-87.25515399427485
197.75,11.75,-87.69815336180015
198.5,11.75,-87.67418229912448
199.25,11.75,-87.93583839846897
200.0,11.75,-88.36797572492561
200.75,11.75,-88.87642471152064
201.5,11.75,-89.60207227925022
202.25,11.75,
203.0,11.75,
203.75,11.75,
204.5,11.75,
205.25,11.75,
206.0,11.75,
206.75,11.75,
207.5,11.75,
208.25,11.75,
209.0,11.75,
209.75,11.75,
210.5,11.75,
211.25,11.75,
212.0,11.75,
212.75,11.75,
213.5,11.75,
214.25,11.75,
215.0,11.75,
215.75,11.75,
216.5,11.75,
217.25,11.75,
218.0,11.75,
218.75,11.75,
219.5,11.75,
220.25,11.75,
221.0,11.75,
221.75,11.75,
222.5,11.75,
223.25,11.75,
224.0,11.75,
224.75,11.75,
225.5,11.75,
226.25,11.75,
227.0,11.75,
227.75,11.75,
228.5,11.75,
229.25,11.75,
230.0,11.75,
230.75,11.75,
77.0,12.5,
77.75,12.5,
78.5,12.5,
79.25,12.5,
80.0,12.5,
80.75,12.5,
81.5,12.5,
82.25,12.5,
83.0,12.5,
83.75,12.5,
84.5,12.5,
85.25,12.5,
86.0,12.5,
86.75,12.5,
87.5,12.5,
88.25,12.5,
89.0,12.5,
89.75,12.5,
90.5,12.5,
91.25,12.5,
92.0,12.5,
92.75,12.5,
93.5,12.5,
94.25,12.5,
95.0,12.5,
95.75,12.5,
96.5,12.5,
97.25,12.5,
98.0,12.5,
98.75,12.5,
99.5,12.5,
100.25,12.5,
101.0,12.5,
101.75,12.5,
102.5,12.5,
103.25,12.5,
104.0,12.5,
104.75,12.5,
105.5,12.5,
106.25,12.5,
107.0,12.5,
107.75,12.5,
108.5,12.5,
109.25,12.5,
110.0,12.5,
110.75,12.5,
111.5,12.5,
112.25,12.5,
113.0,12.5,
113.75,12.5,
114.5,12.5,
115.25,12.5,
116.0,12.5,
116.75,12.5,
117.5,12.5,
118.25,12.5,
119.0,12.5,
119.75,12.5,
120.5,12.5,
121.25,12.5,
122.0,12.5,
122.75,12.5,
123.5,12.5,
124.25,12.5,
125.0,12.5,
125.75,12.5,
126.5,12.5,
127.25,12.5,
128.0,12.5,
128.75,12.5,
129.5,12.5,
130.25,12.5,
131.0,12.5,
131.75,12.5,
132.5,12.5,
133.25,12.5,
134.0,12.5,
134.75,12.5,
135.5,12.5,
136.25,12.5,
137.0,12.5,
137.75,12.5,
138.5,12.5,
139.25,12.5,
140.0,12.5,
140.75,12.5,
141.5,12.5,
142.25,12.5,
143.0,12.5,
143.75,12.5,
144.5,12.5,
145.25,12.5,
146.0,12.5,
146.75,12.5,
147.5,12.5,
148.25,12.5,
149.0,12.5,
149.75,12.5,
150.5,12.5,
151.25,12.5,
152.0,12.5,
152.75,12.5,
153.5,12.5,
154.25,12.5,
155.0,12.5,
155.75,12.5,
156.5,12.5,
157.25,12.5,
158.0,12.5,
158.75,12.5,
159.5,12.5,
160.25,12.5,
161.0,12.5,
161.75,12.5,
162.5,12.5,
163.25,12.5,
164.0,12.5,
164.75,12.5,
165.5,12.5,
166.25,12.5,
167.0,12.5,
167.75,12.5,
168.5,12.5,
169.25,12.5,
170.0,12.5,
170.75,12.5,
171.5,12.5,
172.25,12.5,
173.0,12.5,
173.75,12.5,
174.5,12.5,
175.25,12.5,
176.0,12.5,
176.75,12.5,
177.5,12.5,
178.25,12.5,
179.0,12.5,
179.75,12.5,-88.03093306288031
180.5,12.5,-87.96276595744682
181.25,12.5,-86.07403616883717
182.0,12.5,-86.41212104471627
182.75,12.5,-86.3948329621025
183.5,12.5,-86.30256691637572
184.25,12.5,-86.12021080094766
185.0,12.5,-85.98660396581043
185.75,12.5,-85.46622147318988
186.5,12.5,-83.81369248035917
187.25,12.5,-83.44433783434917
188.0,12.5,-84.78194207836458
188.75,12.5,-84.88598922188947
189.5,12.5,-85.14478114478116
190.25,12.5,-86.17206029369284
191.0,12.5,-86.1639194139194
191.75,12.5,-87.2236297699699
192.5,12.5,-89.91589833042612
193.25,12.5,-90.56332019639851
194.0,12.5,-87.89704268692674
194.75,12.5,-85.63486991868564
195.5,12.5,-85.70837570049159
196.25,12.5,-86.51830359777317
197.0,12.5,-87.28253447331564
197.75,12.5,-87.53623398742154
198.5,12.5,-88.01421233519339
199.25,12.5,-88.3094562760055
200.0,12.5,-88.41053939536077
200.75,12.5,-88.71073566720922
201.5,12.5,-89.66504854368932
202.25,12.5,-89.59022334218578
203.0,12.5,
203.75,12.5,
204.5,12.5,
205.25,12.5,
206.0,12.5,
206.75,12.5,
207.5,12.5,
208.25,12.5,
209.0,12.5,
209.75,12.5,
210.5,12.5,
211.25,12.5,
212.0,12.5,
212.75,12.5,
213.5,12.5,
214.25,12.5,
215.0,12.5,
215.75,12.5,
216.5,12.5,
217.25,12.5,
218.0,12.5,
218.75,12.5,
219.5,12.5,
220.25,12.5,
221.0,12.5,
221.75,12.5,
222.5,12.5,
223.25,12.5,
224.0,12.5,
224.75,12.5,
225.5,12.5,
226.25,12.5,
227.0,12.5,
227.75,12.5,
228.5,12.5,
229.25,12.5,
230.0,12.5,
230.75,12.5,
77.0,13.25,
77.75,13.25,
78.5,13.25,
79.25,13.25,
80.0,13.25,
80.75,13.25,
81.5,13.25,
82.25,13.25,
83.0,13.25,
83.75,13.25,
84.5,13.25,
85.25,13.25,
86.0,13.25,
86.75,13.25,
87.5,13.25,
88.25,13.25,
89.0,13.25,
89.75,13.25,
90.5,13.25,
91.25,13.25,
92.0,13.25,
92.75,13.25,
93.5,13.25,
94.25,13.25,
95.0,13.25,
95.75,13.25,
96.5,13.25,
97.25,13.25,
98.0,13.25,
98.75,13.25,
99.5,13.25,
100.25,13.25,
101.0,13.25,
101.75,13.25,
102.5,13.25,
103.25,13.25,
104.0,13.25,
104.75,13.25,
105.5,13.25,
106.25,13.25,
107.0,13.25,
107.75,13.25,
108.5,13.25,
109.25,13.25,
110.0,13.25,
110.75,13.25,
111.5,13.25,
112.25,13.25,
113.0,13.25,
113.75,13.25,
114.5,13.25,
115.25,13.25,
116.0,13.25,
116.75,13.25,
117.5,13.25,
118.25,13.25,
119.0,13.25,
119.75,13.25,
120.5,13.25,
121.25,13.25,
122.0,13.25,
122.75,13.25,
123.5,13.25,
124.25,13.25,
125.0,13.25,
125.75,13.25,
126.5,13.25,
127.25,13.25,
128.0,13.25,
128.75,13.25,
129.5,13.25,
130.25,13.25,
131.0,13.25,
131.75,13.25,
132.5,13.25,
133.25,13.25,
134.0,13.25,
134.75,13.25,
135.5,13.25,
136.25,13.25,
137.0,13.25,
137.75,13.25,
138.5,13.25,
139.25,13.25,
140.0,13.25,
140.75,13.25,
141.5,13.25,
142.25,13.25,
143.0,13.25,
143.75,13.25,
144.5,13.25,
145.25,13.25,
146.0,13.25,
146.75,13.25,
147.5,13.25,
148.25,13.25,
149.0,13.25,
149.75,13.25,
150.5,13.25,
151.25,13.25,
152.0,13.25,
152.75,13.25,
153.5,13.25,
154.25,13.25,
155.0,13.25,
155.75,13.25,
156.5,13.25,
157.25,13.25,
158.0,13.25,
158.75,13.25,
159.5,13.25,
160.25,13.25,
161.0,13.25,
161.75,13.25,
162.5,13.25,
163.25,13.25,
164.0,13.25,
164.75,13.25,
165.5,13.25,
166.25,13.25,
167.0,13.25,
167.75,13.25,
168.5,13.25,
169.25,13.25,
170.0,13.25,
170.75,13.25,
171.5,13.25,
172.25,13.25,
173.0,13.25,
173.75,13.25,
174.5,13.25,
175.25,13.25,
176.0,13.25,
176.75,13.25,
177.5,13.25,
178.25,13.25,
179.0,13.25,
179.75,13.25,-88.13412017167381
180.5,13.25,-86.99092633820158
181.25,13.25,-86.34998592829253
182.0,13.25,-86.5751067646623
182.75,13.25,-86.63689898144543
183.5,13.25,-86.61798674559445
184.25,13.25,-86.36223760063972
185.0,13.25,-86.04406470173701
185.75,13.25,-85.81170751796101
186.5,13.25,-83.79085130145833
187.25,13.25,-83.05639488547766
188.0,13.25,-84.89711888729443
188.75,13.25,-84.78663501853839
189.5,13.25,-85.02999684848082
190.25,13.25,-86.10967939156727
191.0,13.25,-86.05142138946798
191.75,13.25,-87.05843996481543
192.5,13.25,-90.1600674781541
193.25,13.25,-91.14726363213846
194.0,13.25,-87.72156877955607
194.75,13.25,-85.30471528622577
195.5,13.25,-85.40439184405912
196.25,13.25,-86.59890317797928
197.0,13.25,-87.49057086271009
197.75,13.25,-87.92920481524673
198.5,13.25,-88.53000586669309
199.25,13.25,-88.87231348588935
200.0,13.25,-88.86500272249782
200.75,13.25,-88.98189754552345
201.5,13.25,-89.1840475736773
202.25,13.25,-89.61267795485416
203.0,13.25,-89.83587786259542
203.75,13.25,
204.5,13.25,
205.25,13.25,
206.0,13.25,
206.75,13.25,
207.5,13.25,
208.25,13.25,
209.0,13.25,
209.75,13.25,
210.5,13.25,
211.25,13.25,
212.0,13.25,
212.75,13.25,
213.5,13.25,-91.21357012750455
214.25,13.25,-91.26831501831502
215.0,13.25,
215.75,13.25,
216.5,13.25,
217.25,13.25,
218.0,13.25,
218.75,13.25,
219.5,13.25,
220.25,13.25,
221.0,13.25,
221.75,13.25,
222.5,13.25,
223.25,13.25,
224.0,13.25,
224.75,13.25,
225.5,13.25,
226.25,13.25,
227.0,13.25,
227.75,13.25,
228.5,13.25,
229.25,13.25,
230.0,13.25,
230.75,13.25,
77.0,14.0,
77.75,14.0,
78.5,14.0,
79.25,14.0,
80.0,14.0,
80.75,14.0,
81.5,14.0,
82.25,14.0,
83.0,14.0,
83.75,14.0,
84.5,14.0,
85.25,14.0,
86.0,14.0,
86.75,14.0,
87.5,14.0,
88.25,14.0,
89.0,14.0,
89.75,14.0,
90.5,14.0,
91.25,14.0,
92.0,14.0,
92.75,14.0,
93.5,14.0,
94.25,14.0,
95.0,14.0,
95.75,14.0,
96.5,14.0,
97.25,14.0,
98.0,14.0,
98.75,14.0,
99.5,14.0,
100.25,14.0,
101.0,14.0,
101.75,14.0,
102.5,14.0,
103.25,14.0,
104.0,14.0,
104.75,14.0,
105.5,14.0,
106.25,14.0,
107.0,14.0,
107.75,14.0,
108.5,14.0,
109.25,14.0,
110.0,14.0,
110.75,14.0,
111.5,14.0,
112.25,14.0,
113.0,14.0,
113.75,14.0,
114.5,14.0,
115.25,14.0,
116.0,14.0,
116.75,14.0,
117.5,14.0,
118.25,14.0,
119.0,14.0,
119.75,14.0,
120.5,14.0,
121.25,14.0,
122.0,14.0,
122.75,14.0,
123.5,14.0,
124.25,14.0,
125.0,14.0,
125.75,14.0,
126.5,14.0,
127.25,14.0,
128.0,14.0,
128.75,14.0,
129.5,14.0,
130.25,14.0,
131.0,14.0,
131.75,14.0,
132.5,14.0,
133.25,14.0,
134.0,14.0,
134.75,14.0,
135.5,14.0,
136.25,14.0,
137.0,14.0,
137.75,14.0,
138.5,14.0,
139.25,14.0,
140.0,14.0,
140.75,14.0,
141.5,14.0,
142.25,14.0,
143.0,14.0,
143.75,14.0,
144.5,14.0,
145.25,14.0,
146.0,14.0,
146.75,14.0,
147.5,14.0,
148.25,14.0,
149.0,14.0,
149.75,14.0,
150.5,14.0,
151.25,14.0,
152.0,14.0,
152.75,14.0,
153.5,14.0,
154.25,14.0,
155.0,14.0,
155.75,14.0,
156.5,14.0,
157.25,14.0,
158.0,14.0,
158.75,14.0,
159.5,14.0,
160.25,14.0,
161.0,14.0,
161.75,14.0,
162.5,14.0,
163.25,14.0,
164.0,14.0,
164.75,14.0,
165.5,14.0,
166.25,14.0,
167.0,14.0,
167.75,14.0,
168.5,14.0,
169.25,14.0,
170.0,14.0,
170.75,14.0,
171.5,14.0,
172.25,14.0,
173.0,14.0,
173.75,14.0,
174.5,14.0,
175.25,14.0,
176.0,14.0,
176.75,14.0,
177.5,14.0,
178.25,14.0,
179.0,14.0,
179.75,14.0,-88.25
180.5,14.0,-86.98432601880879
181.25,14.0,-86.74801205488232
182.0,14.0,-86.76590719644346
182.75,14.0,-86.95746269580044
183.5,14.0,-87.22038959072788
184.25,14.0,-87.50725963277624
185.0,14.0,-87.57793923381767
185.75,14.0,-87.05149506808927
186.5,14.0,-86.53364565587736
187.25,14.0,-86.3279887404791
188.0,14.0,-86.47727272727272
188.75,14.0,-86.70250579534168
189.5,14.0,-86.52810902896083
190.25,14.0,-86.12185854773021
191.0,14.0,-85.82142857142856
191.75,14.0,-86.41986192510183
192.5,14.0,-87.24787052810903
193.25,14.0,-87.43597527320898
194.0,14.0,-86.6590909090909
194.75,14.0,-85.78480868818642
195.5,14.0,-85.79689924420641
196.25,14.0,-86.61452730651344
197.0,14.0,-87.7887189292543
197.75,14.0,-88.36127032629884
198.5,14.0,-89.2907059189882
199.25,14.0,-89.73319474070436
200.0,14.0,-89.55646817248461
200.75,14.0,-89.14169092338963
201.5,14.0,-89.11081478389909
202.25,14.0,-89.37975304870179
203.0,14.0,-89.78571428571429
203.75,14.0,-89.71768707482994
204.5,14.0,
205.25,14.0,
206.0,14.0,
206.75,14.0,
207.5,14.0,
208.25,14.0,
209.0,14.0,
209.75,14.0,
210.5,14.0,
211.25,14.0,
212.0,14.0,-91.08333333333333
212.75,14.0,-91.13662131519276
213.5,14.0,-91.20238095238096
214.25,14.0,-91.27398081534773
215.0,14.0,-91.3425925925926
215.75,14.0,-91.4005376344086
216.5,14.0,
217.25,14.0,
218.0,14.0,
218.75,14.0,
219.5,14.0,
220.25,14.0,
221.0,14.0,
221.75,14.0,
222.5,14.0,
223.25,14.0,
224.0,14.0,
224.75,14.0,
225.5,14.0,
226.25,14.0,
227.0,14.0,
227.75,14.0,
228.5,14.0,
229.25,14.0,
230.0,14.0,
230.75,14.0,
77.0,14.75,
77.75,14.75,
78.5,14.75,
79.25,14.75,
80.0,14.75,
80.75,14.75,
81.5,14.75,
82.25,14.75,
83.0,14.75,
83.75,14.75,
84.5,14.75,
85.25,14.75,
86.0,14.75,
86.75,14.75,
87.5,14.75,
88.25,14.75,
89.0,14.75,
89.75,14.75,
90.5,14.75,
91.25,14.75,
92.0,14.75,
92.75,14.75,
93.5,14.75,
94.25,14.75,
95.0,14.75,
95.75,14.75,
96.5,14.75,
97.25,14.75,
98.0,14.75,
98.75,14.75,
99.5,14.75,
100.25,14.75,
101.0,14.75,
101.75,14.75,
102.5,14.75,
103.25,14.75,
104.0,14.75,
104.75,14.75,
105.5,14.75,
106.25,14.75,
107.0,14.75,
107.75,14.75,
108.5,14.75,
109.25,14.75,
110.0,14.75,
110.75,14.75,
111.5,14.75,
112.25,14.75,
113.0,14.75,
113.75,14.75,
114.5,14.75,
115.25,14.75,
116.0,14.75,
116.75,14.75,
117.5,14.75,
118.25,14.75,
119.0,14.75,
119.75,14.75,
120.5,14.75,
121.25,14.75,
122.0,14.75,
122.75,14.75,
123.5,14.75,
124.25,14.75,
125.0,14.75,
125.75,14.75,
126.5,14.75,
127.25,14.75,
128.0,14.75,
128.75,14.75,
129.5,14.75,
130.25,14.75,
131.0,14.75,
131.75,14.75,
132.5,14.75,
133.25,14.75,
134.0,14.75,
134.75,14.75,
135.5,14.75,
136.25,14.75,
137.0,14.75,
137.75,14.75,
138.5,14.75,
139.25,14.75,
140.0,14.75,
140.75,14.75,
141.5,14.75,
142.25,14.75,
143.0,14.75,
143.75,14.75,
144.5,14.75,
145.25,14.75,
146.0,14.75,
146.75,14.75,
147.5,14.75,
148.25,14.75,
149.0,14.75,
149.75,14.75,
150.5,14.75,
151.25,14.75,
152.0,14.75,
152.75,14.75,
153.5,14.75,
154.25,14.75,
155.0,14.75,
155.75,14.75,
156.5,14.75,
157.25,14.75,
158.0,14.75,
158.75,14.75,
159.5,14.75,
160.25,14.75,
161.0,14.75,
161.75,14.75,
162.5,14.75,
163.25,14.75,
164.0,14.75,
164.75,14.75,
165.5,14.75,
166.25,14.75,
167.0,14.75,
167.75,14.75,
168.5,14.75,
169.25,14.75,
170.0,14.75,
170.75,14.75,
171.5,14.75,
172.25,14.75,
173.0,14.75,
173.75,14.75,
174.5,14.75,
175.25,14.75,
176.0,14.75,
176.75,14.75,
177.5,14.75,
178.25,14.75,
179.0,14.75,
179.75,14.75,-86.86698033236426
180.5,14.75,-86.93269623559414
181.25,14.75,-87.5313986273923
182.0,14.75,-87.12674636843317
182.75,14.75,-87.08287129244572
183.5,14.75,-87.653590747536
184.25,14.75,-88.8751728950758
185.0,14.75,-90.21179896842956
185.75,14.75,-88.55896241993773
186.5,14.75,-88.46775126135196
187.25,14.75,-88.68619841297341
188.0,14.75,-88.01139750524342
188.75,14.75,-89.44954780137911
189.5,14.75,-88.71766141541062
190.25,14.75,-85.9338869612256
191.0,14.75,-84.27357950036297
191.75,14.75,-85.3302806248322
192.5,14.75,-85.39713830575859
193.25,14.75,-85.21181433868117
194.0,14.75,-85.48462854619717
194.75,14.75,-85.15614712914515
195.5,14.75,-85.27285982638797
196.25,14.75,-87.13520745865081
197.0,14.75,-88.41798415651293
197.75,14.75,-88.55099654398684
198.5,14.75,-90.2014827962005
199.25,14.75,-90.75429174185022
200.0,14.75,-89.87053281952873
200.75,14.75,-89.29307541676627
201.5,14.75,-89.06481811968867
202.25,14.75,-88.86118473863276
203.0,14.75,-89.34277999410246
203.75,14.75,-89.64925373134328
204.5,14.75,-89.61428571428571
205.25,14.75,
206.0,14.75,
206.75,14.75,
207.5,14.75,
208.25,14.75,
209.0,14.75,
209.75,14.75,
210.5,14.75,
211.25,14.75,-90.99178403755869
212.0,14.75,-91.03319783197833
212.75,14.75,-91.09848484848484
213.5,14.75,-91.18527508090615
214.25,14.75,-91.28267973856208
215.0,14.75,-91.37461059190029
215.75,14.75,-91.44774011299435
216.5,14.75,-91.49691358024691
217.25,14.75,
218.0,14.75,
218.75,14.75,
219.5,14.75,
220.25,14.75,
221.0,14.75,
221.75,14.75,
222.5,14.75,
223.25,14.75,
224.0,14.75,
224.75,14.75,
225.5,14.75,
226.25,14.75,
227.0,14.75,
227.75,14.75,
228.5,14.75,
229.25,14.75,
230.0,14.75,
230.75,14.75,
77.0,15.5,
77.75,15.5,
78.5,15.5,
79.25,15.5,
80.0,15.5,
80.75,15.5,
81.5,15.5,
82.25,15.5,
83.0,15.5,
83.75,15.5,
84.5,15.5,
85.25,15.5,
86.0,15.5,
86.75,15.5,
87.5,15.5,
88.25,15.5,
89.0,15.5,
89.75,15.5,
90.5,15.5,
91.25,15.5,
92.0,15.5,
92.75,15.5,
93.5,15.5,
94.25,15.5,
95.0,15.5,
95.75,15.5,
96.5,15.5,
97.25,15.5,
98.0,15.5,
98.75,15.5,
99.5,15.5,
100.25,15.5,
101.0,15.5,
101.75,15.5,
102.5,15.5,
103.25,15.5,
104.0,15.5,
104.75,15.5,
105.5,15.5,
106.25,15.5,
107.0,15.5,
107.75,15.5,
108.5,15.5,
109.25,15.5,
110.0,15.5,
110.75,15.5,
111.5,15.5,
112.25,15.5,
113.0,15.5,
113.75,15.5,
114.5,15.5,
115.25,15.5,
116.0,15.5,
116.75,15.5,
117.5,15.5,
118.25,15.5,
119.0,15.5,
119.75,15.5,
120.5,15.5,
121.25,15.5,
122.0,15.5,
122.75,15.5,
123.5,15.5,
124.25,15.5,
125.0,15.5,
125.75,15.5,
126.5,15.5,
127.25,15.5,
128.0,15.5,
128.75,15.5,
129.5,15.5,
130.25,15.5,
131.0,15.5,
131.75,15.5,
132.5,15.5,
133.25,15.5,
134.0,15.5,
134.75,15.5,
135.5,15.5,
136.25,15.5,
137.0,15.5,
137.75,15.5,
138.5,15.5,
139.25,15.5,
140.0,15.5,
140.75,15.5,
141.5,15.5,
142.25,15.5,
143.0,15.5,
143.75,15.5,
144.5,15.5,
145.25,15.5,
146.0,15.5,
146.75,15.5,
147.5,15.5,
148.25,15.5,
149.0,15.5,
149.75,15.5,
150.5,15.5,
151.25,15.5,
152.0,15.5,
152.75,15.5,
153.5,15.5,
154.25,15.5,
155.0,15.5,
155.75,15.5,
156.5,15.5,
157.25,15.5,
158.0,15.5,
158.75,15.5,
159.5,15.5,
160.25,15.5,
161.0,15.5,
161.75,15.5,
162.5,15.5,
163.25,15.5,
164.0,15.5,
164.75,15.5,
165.5,15.5,
166.25,15.5,
167.0,15.5,
167.75,15.5,
168.5,15.5,
169.25,15.5,
170.0,15.5,
170.75,15.5,
171.5,15.5,
172.25,15.5,
173.0,15.5,
173.75,15.5,
174.5,15.5,
175.25,15.5,
176.0,15.5,
176.75,15.5,
177.5,15.5,
178.25,15.5,
179.0,15.5,
179.75,15.5,-86.78669661227423
180.5,15.5,-87.2410113233978
181.25,15.5,-87.26855263765577
182.0,15.5,-87.31086711229082
182.75,15.5,-87.4220727356712
183.5,15.5,-87.72985768608109
184.25,15.5,-88.55589221517718
185.0,15.5,-89.36909920638891
185.75,15.5,-88.14030387599374
186.5,15.5,-88.13860369609857
187.25,15.5,-88.47743569688765
188.0,15.5,-88.03279386712099
188.75,15.5,-89.00498161188509
189.5,15.5,-88.61858316221766
190.25,15.5,-86.46273415031729
191.0,15.5,-84.97682780663203
191.75,15.5,-85.54526260879733
192.5,15.5,-85.47689938398358
193.25,15.5,-85.0733886103842
194.0,15.5,-85.07879045996594
194.75,15.5,-84.9328384044722
195.5,15.5,-85.21355236139632
196.25,15.5,-86.78022120269712
197.0,15.5,-88.01697962445064
197.75,15.5,-88.18557669538545
198.5,15.5,-89.69832402234638
199.25,15.5,-90.26893757120524
200.0,15.5,-89.53078941869626
200.75,15.5,-89.03412727588363
201.5,15.5,-88.93896443902133
202.25,15.5,-88.87406237272627
203.0,15.5,-89.37638214526912
203.75,15.5,-89.35162999716223
204.5,15.5,-89.69518716577541
205.25,15.5,-88.71357012750455
206.0,15.5,
206.75,15.5,-90.0404761904762
207.5,15.5,-90.1626984126984
208.25,15.5,-90.2027517424736
209.0,15.5,-90.66673119655242
209.75,15.5,-91.4874235203116
210.5,15.5,-91.58246049246601
211.25,15.5,-91.34072746461071
212.0,15.5,-91.05959634424981
212.75,15.5,-91.32819408616565
213.5,15.5,-91.32275911739671
214.25,15.5,-91.43794240028149
215.0,15.5,-91.60362660253357
215.75,15.5,-91.84685025478613
216.5,15.5,-91.90549869346897
217.25,15.5,-91.94225997393885
218.0,15.5,-92.29761904761904
218.75,15.5,-92.2793501048218
219.5,15.5,
220.25,15.5,
221.0,15.5,
221.75,15.5,
222.5,15.5,
223.25,15.5,
224.0,15.5,
224.75,15.5,
225.5,15.5,
226.25,15.5,
227.0,15.5,
227.75,15.5,
228.5,15.5,
229.25,15.5,
230.0,15.5,
230.75,15.5,
77.0,16.25,
77.75,16.25,
78.5,16.25,
79.25,16.25,
80.0,16.25,
80.75,16.25,
81.5,16.25,
82.25,16.25,
83.0,16.25,
83.75,16.25,
84.5,16.25,
85.25,16.25,
86.0,16.25,
86.75,16.25,
87.5,16.25,
88.25,16.25,
89.0,16.25,
89.75,16.25,
90.5,16.25,
91.25,16.25,
92.0,16.25,
92.75,16.25,
93.5,16.25,
94.25,16.25,
95.0,16.25,
95.75,16.25,
96.5,16.25,
97.25,16.25,
98.0,16.25,
98.75,16.25,
99.5,16.25,
100.25,16.25,
101.0,16.25,
101.75,16.25,
102.5,16.25,
103.25,16.25,
104.0,16.25,
104.75,16.25,
105.5,16.25,
106.25,16.25,
107.0,16.25,
107.75,16.25,
108.5,16.25,
109.25,16.25,
110.0,16.25,
110.75,16.25,
111.5,16.25,
112.25,16.25,
113.0,16.25,
113.75,16.25,
114.5,16.25,
115.25,16.25,
116.0,16.25,
116.75,16.25,
117.5,16.25,
118.25,16.25,
119.0,16.25,
119.75,16.25,
120.5,16.25,
121.25,16.25,
122.0,16.25,
122.75,16.25,
123.5,16.25,
124.25,16.25,
125.0,16.25,
125.75,16.25,
126.5,16.25,
127.25,16.25,
128.0,16.25,
128.75,16.25,
129.5,16.25,
130.25,16.25,
131.0,16.25,
131.75,16.25,
132.5,16.25,
133.25,16.25,
134.0,16.25,
134.75,16.25,
135.5,16.25,
136.25,16.25,
137.0,16.25,
137.75,16.25,
138.5,16.25,
139.25,16.25,
140.0,16.25,
140.75,16.25,
141.5,16.25,
142.25,16.25,
143.0,16.25,
143.75,16.25,
144.5,16.25,
145.25,16.25,
146.0,16.25,
146.75,16.25,
147.5,16.25,
148.25,16.25,
149.0,16.25,
149.75,16.25,
150.5,16.25,
151.25,16.25,
152.0,16.25,
152.75,16.25,
153.5,16.25,
154.25,16.25,
155.0,16.25,
155.75,16.25,
156.5,16.25,
157.25,16.25,
158.0,16.25,
158.75,16.25,
159.5,16.25,
160.25,16.25,
161.0,16.25,
161.75,16.25,
162.5,16.25,
163.25,16.25,
164.0,16.25,
164.75,16.25,
165.5,16.25,
166.25,16.25,
167.0,16.25,
167.75,16.25,
168.5,16.25,
169.25,16.25,
170.0,16.25,
170.75,16.25,
171.5,16.25,
172.25,16.25,
173.0,16.25,
173.75,16.25,
174.5,16.25,
175.25,16.25,
176.0,16.25,
176.75,16.25,
177.5,16.25,
178.25,16.25,
179.0,16.25,
179.75,16.25,-87.53544828652352
180.5,16.25,-87.19559766119687
181.25,16.25,-87.17891843256703
182.0,16.25,-87.13315399716554
182.75,16.25,-87.03792982993033
183.5,16.25,-86.81764908337544
184.25,16.25,-86.29465515091395
185.0,16.25,-85.75752252872952
185.75,16.25,-86.27724248988568
186.5,16.25,-86.74389414335405
187.25,16.25,-86.7976069826732
188.0,16.25,-87.38117115327309
188.75,16.25,-87.64070434203408
189.5,16.25,-87.73669995117767
190.25,16.25,-87.770243050893
191.0,16.25,-87.94697206924485
191.75,16.25,-86.73996240096683
192.5,16.25,-85.2267252130805
193.25,16.25,-84.79784537755494
194.0,16.25,-84.58254693553197
194.75,16.25,-84.10389482588066
195.5,16.25,-84.46203706736227
196.25,16.25,-85.73687390895662
197.0,16.25,-86.37660229137025
197.75,16.25,-87.26326037330469
198.5,16.25,-88.30244987196826
199.25,16.25,-88.50753053013162
200.0,16.25,-88.63715052916315
200.75,16.25,-88.60598424374197
201.5,16.25,-88.72704521023533
202.25,16.25,-88.88329701792654
203.0,16.25,-89.30698525905807
203.75,16.25,-89.09362818962029
204.5,16.25,-89.19697856900459
205.25,16.25,-88.7030516431925
206.0,16.25,-89.895552025417
206.75,16.25,-89.97636815920397
207.5,16.25,-90.60930746005457
208.25,16.25,-90.61219447657963
209.0,16.25,-90.70432828534558
209.75,16.25,-90.93178213428439
210.5,16.25,-90.95343284462096
211.25,16.25,-91.27843030488306
212.0,16.25,-91.37408056479308
212.75,16.25,-91.23345253427776
213.5,16.25,-91.38938481330572
214.25,16.25,-91.53624301505117
215.0,16.25,-91.6482565698816
215.75,16.25,-91.7484635533108
216.5,16.25,-91.80102839857533
217.25,16.25,-91.98869394519937
218.0,16.25,-92.002732881127
218.75,16.25,-92.27116402116403
219.5,16.25,-92.25441501103751
220.25,16.25,-92.24267399267399
221.0,16.25,
221.75,16.25,
222.5,16.25,
223.25,16.25,
224.0,16.25,
224.75,16.25,
225.5,16.25,
226.25,16.25,
227.0,16.25,
227.75,16.25,
228.5,16.25,
229.25,16.25,
230.0,16.25,
230.75,16.25,
77.0,17.0,
77.75,17.0,
78.5,17.0,
79.25,17.0,
80.0,17.0,
80.75,17.0,
81.5,17.0,
82.25,17.0,
83.0,17.0,
83.75,17.0,
84.5,17.0,
85.25,17.0,
86.0,17.0,
86.75,17.0,
87.5,17.0,
88.25,17.0,
89.0,17.0,
89.75,17.0,
90.5,17.0,
91.25,17.0,
92.0,17.0,
92.75,17.0,
93.5,17.0,
94.25,17.0,
95.0,17.0,
95.75,17.0,
96.5,17.0,
97.25,17.0,
98.0,17.0,
98.75,17.0,
99.5,17.0,
100.25,17.0,
101.0,17.0,
101.75,17.0,
102.5,17.0,
103.25,17.0,
104.0,17.0,
104.75,17.0,
105.5,17.0,
106.25,17.0,
107.0,17.0,
107.75,17.0,
108.5,17.0,
109.25,17.0,
110.0,17.0,
110.75,17.0,
111.5,17.0,
112.25,17.0,
113.0,17.0,
113.75,17.0,
114.5,17.0,
115.25,17.0,
116.0,17.0,
116.75,17.0,
117.5,17.0,
118.25,17.0,
119.0,17.0,
119.75,17.0,
120.5,17.0,
121.25,17.0,
122.0,17.0,
122.75,17.0,
123.5,17.0,
124.25,17.0,
125.0,17.0,
125.75,17.0,
126.5,17.0,
127.25,17.0,
128.0,17.0,
128.75,17.0,
129.5,17.0,
130.25,17.0,
131.0,17.0,
131.75,17.0,
132.5,17.0,
133.25,17.0,
134.0,17.0,
134.75,17.0,
135.5,17.0,
136.25,17.0,
137.0,17.0,
137.75,17.0,
138.5,17.0,
139.25,17.0,
140.0,17.0,
140.75,17.0,
141.5,17.0,
142.25,17.0,
143.0,17.0,
143.75,17.0,
144.5,17.0,
145.25,17.0,
146.0,17.0,
146.75,17.0,
147.5,17.0,
148.25,17.0,
149.0,17.0,
149.75,17.0,
150.5,17.0,
151.25,17.0,
152.0,17.0,
152.75,17.0,
153.5,17.0,
154.25,17.0,
155.0,17.0,
155.75,17.0,
156.5,17.0,
157.25,17.0,
158.0,17.0,
158.75,17.0,
159.5,17.0,
160.25,17.0,
161.0,17.0,
161.75,17.0,
162.5,17.0,
163.25,17.0,
164.0,17.0,
164.75,17.0,
165.5,17.0,
166.25,17.0,
167.0,17.0,
167.75,17.0,
168.5,17.0,
169.25,17.0,
170.0,17.0,
170.75,17.0,
171.5,17.0,
172.25,17.0,
173.0,17.0,
173.75,17.0,
174.5,17.0,
175.25,17.0,
176.0,17.0,
176.75,17.0,
177.5,17.0,
178.25,17.0,
179.0,17.0,
179.75,17.0,-87.47440519105983
180.5,17.0,-87.40926640926641
181.25,17.0,-87.51432499766776
182.0,17.0,-87.34857904085258
182.75,17.0,-87.03940716560706
183.5,17.0,-86.04960260323675
184.25,17.0,-84.86301473005825
185.0,17.0,-83.50000000000425
185.75,17.0,-85.02956623258157
186.5,17.0,-85.63493807431081
187.25,17.0,-85.55700305039956
188.0,17.0,-86.74999999999997
188.75,17.0,-87.10857382608621
189.5,17.0,-87.38683579704355
190.25,17.0,-88.7554152853321
191.0,17.0,-89.99999999999487
191.75,17.0,-88.06218388144234
192.5,17.0,-85.34988014382739
193.25,17.0,-84.6382437616063
194.0,17.0,-84.49999999999999
194.75,17.0,-83.11687113234177
195.5,17.0,-83.6374350779065
196.25,17.0,-85.19734307245113
197.0,17.0,-85.50000000000182
197.75,17.0,-86.75152315536525
198.5,17.0,-87.90731122652817
199.25,17.0,-88.01120378747505
200.0,17.0,-88.17043121149896
200.75,17.0,-88.35697125460499
201.5,17.0,-88.71255000587762
202.25,17.0,-88.57868284648643
203.0,17.0,-89.09183673469387
203.75,17.0,-89.07094988316335
204.5,17.0,-89.0053715606188
205.25,17.0,-89.71681386059407
206.0,17.0,-89.80508474576271
206.75,17.0,-90.26402739448018
207.5,17.0,-90.44953648136357
208.25,17.0,-90.62645037036414
209.0,17.0,-90.73076923076924
209.75,17.0,-90.96367775554288
210.5,17.0,-90.9673788521466
211.25,17.0,-91.35412338545397
212.0,17.0,-91.220823798627
212.75,17.0,-91.18511894374454
213.5,17.0,-91.27681804529833
214.25,17.0,-91.53887832626597
215.0,17.0,-91.75824175824177
215.75,17.0,-91.85675991456367
216.5,17.0,-91.88914248711912
217.25,17.0,-91.8913089458831
218.0,17.0,-92.04516981356132
218.75,17.0,-92.43197435396769
219.5,17.0,-92.23924731182795
220.25,17.0,-92.22849462365592
221.0,17.0,
221.75,17.0,
222.5,17.0,
223.25,17.0,
224.0,17.0,
224.75,17.0,
225.5,17.0,
226.25,17.0,
227.0,17.0,
227.75,17.0,
228.5,17.0,
229.25,17.0,
230.0,17.0,
230.75,17.0,
77.0,17.75,
77.75,17.75,
78.5,17.75,
79.25,17.75,
80.0,17.75,
80.75,17.75,
81.5,17.75,
82.25,17.75,
83.0,17.75,
83.75,17.75,
84.5,17.75,
85.25,17.75,
86.0,17.75,
86.75,17.75,
87.5,17.75,
88.25,17.75,
89.0,17.75,
89.75,17.75,
90.5,17.75,
91.25,17.75,
92.0,17.75,
92.75,17.75,
93.5,17.75,
94.25,17.75,
95.0,17.75,
95.75,17.75,
96.5,17.75,
97.25,17.75,
98.0,17.75,
98.75,17.75,
99.5,17.75,
100.25,17.75,
101.0,17.75,
101.75,17.75,
102.5,17.75,
103.25,17.75,
104.0,17.75,
104.75,17.75,
105.5,17.75,
106.25,17.75,
107.0,17.75,
107.75,17.75,
108.5,17.75,
109.25,17.75,
110.0,17.75,
110.75,17.75,
111.5,17.75,
112.25,17.75,
113.0,17.75,
113.75,17.75,
114.5,17.75,
115.25,17.75,
116.0,17.75,
116.75,17.75,
117.5,17.75,
118.25,17.75,
119.0,17.75,
119.75,17.75,
120.5,17.75,
121.25,17.75,
122.0,17.75,
122.75,17.75,
123.5,17.75,
124.25,17.75,
125.0,17.75,
125.75,17.75,
126.5,17.75,
127.25,17.75,
128.0,17.75,
128.75,17.75,
129.5,17.75,
130.25,17.75,
131.0,17.75,
131.75,17.75,
132.5,17.75,
133.25,17.75,
134.0,17.75,
134.75,17.75,
135.5,17.75,
136.25,17.75,
137.0,17.75,
137.75,17.75,
138.5,17.75,
139.25,17.75,
140.0,17.75,
140.75,17.75,
141.5,17.75,
142.25,17.75,
143.0,17.75,
143.75,17.75,
144.5,17.75,
145.25,17.75,
146.0,17.75,
146.75,17.75,
147.5,17.75,
148.25,17.75,
149.0,17.75,
149.75,17.75,
150.5,17.75,
151.25,17.75,
152.0,17.75,
152.75,17.75,
153.5,17.75,
154.25,17.75,
155.0,17.75,
155.75,17.75,
156.5,17.75,
157.25,17.75,
158.0,17.75,
158.75,17.75,
159.5,17.75,
160.25,17.75,
161.0,17.75,
161.75,17.75,
162.5,17.75,
163.25,17.75,
164.0,17.75,
164.75,17.75,
165.5,17.75,
166.25,17.75,
167.0,17.75,
167.75,17.75,
168.5,17.75,
169.25,17.75,
170.0,17.75,
170.75,17.75,
171.5,17.75,
172.25,17.75,
173.0,17.75,
173.75,17.75,
174.5,17.75,
175.25,17.75,
176.0,17.75,
176.75,17.75,
177.5,17.75,
178.25,17.75,
179.0,17.75,
179.75,17.75,-87.44600630510757
180.5,17.75,-87.33230857425887
181.25,17.75,-87.1622897969401
182.0,17.75,-87.20897385335552
182.75,17.75,-86.9870506601088
183.5,17.75,-86.59969889576175
184.25,17.75,-85.94039629464149
185.0,17.75,-85.33951696564044
185.75,17.75,-85.52863407396994
186.5,17.75,-85.35936954041912
187.25,17.75,-85.5069333310101
188.0,17.75,-86.66596304758123
188.75,17.75,-87.33771256546949
189.5,17.75,-88.02967144298114
190.25,17.75,-88.13280515643883
191.0,17.75,-88.80792074826924
191.75,17.75,-87.97055861420706
192.5,17.75,-86.76457196911407
193.25,17.75,-86.16836250436596
194.0,17.75,-85.2381543657495
194.75,17.75,-84.28952444577149
195.5,17.75,-84.1087212651481
196.25,17.75,-85.38579293675305
197.0,17.75,-85.85444250811781
197.75,17.75,-86.645091983349
198.5,17.75,-87.72769613517391
199.25,17.75,-87.75715299304609
200.0,17.75,-88.08653333361701
200.75,17.75,-87.86086188719078
201.5,17.75,-88.37183348842052
202.25,17.75,-88.51945462533594
203.0,17.75,-89.11116478129037
203.75,17.75,-88.53656104360516
204.5,17.75,-89.01405042505968
205.25,17.75,-89.57815719428643
206.0,17.75,-89.60980756651033
206.75,17.75,-89.99162962989189
207.5,17.75,-90.40277944253322
208.25,17.75,-90.66940208279468
209.0,17.75,-90.83787206416763
209.75,17.75,-91.03703359662866
210.5,17.75,-91.01381875401879
211.25,17.75,-91.26509599362016
212.0,17.75,-90.99932119126606
212.75,17.75,-90.85226474093724
213.5,17.75,-91.05045502344957
214.25,17.75,-91.58841282947033
215.0,17.75,-91.95605037877242
215.75,17.75,-91.87999130089362
216.5,17.75,-92.27425514141022
217.25,17.75,-92.34339564826107
218.0,17.75,-92.73756087414543
218.75,17.75,-92.84930445550984
219.5,17.75,-93.28068040062217
220.25,17.75,-92.7399299474606
221.0,17.75,-92.91397849462366
221.75,17.75,-92.97069597069597
222.5,17.75,
223.25,17.75,
224.0,17.75,
224.75,17.75,
225.5,17.75,
226.25,17.75,
227.0,17.75,
227.75,17.75,
228.5,17.75,
229.25,17.75,
230.0,17.75,
230.75,17.75,
77.0,18.5,
77.75,18.5,
78.5,18.5,
79.25,18.5,
80.0,18.5,
80.75,18.5,
81.5,18.5,
82.25,18.5,
83.0,18.5,
83.75,18.5,
84.5,18.5,
85.25,18.5,
86.0,18.5,
86.75,18.5,
87.5,18.5,
88.25,18.5,
89.0,18.5,
89.75,18.5,
90.5,18.5,
91.25,18.5,
92.0,18.5,
92.75,18.5,
93.5,18.5,
94.25,18.5,
95.0,18.5,
95.75,18.5,
96.5,18.5,
97.25,18.5,
98.0,18.5,
98.75,18.5,
99.5,18.5,
100.25,18.5,
101.0,18.5,
101.75,18.5,
102.5,18.5,
103.25,18.5,
104.0,18.5,
104.75,18.5,
105.5,18.5,
106.25,18.5,
107.0,18.5,
107.75,18.5,
108.5,18.5,
109.25,18.5,
110.0,18.5,
110.75,18.5,
111.5,18.5,
112.25,18.5,
113.0,18.5,
113.75,18.5,
114.5,18.5,
115.25,18.5,
116.0,18.5,
116.75,18.5,
117.5,18.5,
118.25,18.5,
119.0,18.5,
119.75,18.5,
120.5,18.5,
121.25,18.5,
122.0,18.5,
122.75,18.5,
123.5,18.5,
124.25,18.5,
125.0,18.5,
125.75,18.5,
126.5,18.5,
127.25,18.5,
128.0,18.5,
128.75,18.5,
129.5,18.5,
130.25,18.5,
131.0,18.5,
131.75,18.5,
132.5,18.5,
133.25,18.5,
134.0,18.5,
134.75,18.5,
135.5,18.5,
136.25,18.5,
137.0,18.5,
137.75,18.5,
138.5,18.5,
139.25,18.5,
140.0,18.5,
140.75,18.5,
141.5,18.5,
142.25,18.5,
143.0,18.5,
143.75,18.5,
144.5,18.5,
145.25,18.5,
146.0,18.5,
146.75,18.5,
147.5,18.5,
148.25,18.5,
149.0,18.5,
149.75,18.5,
150.5,18.5,
151.25,18.5,
152.0,18.5,
152.75,18.5,
153.5,18.5,
154.25,18.5,
155.0,18.5,
155.75,18.5,
156.5,18.5,
157.25,18.5,
158.0,18.5,
158.75,18.5,
159.5,18.5,
160.25,18.5,
161.0,18.5,
161.75,18.5,
162.5,18.5,
163.25,18.5,
164.0,18.5,
164.75,18.5,
165.5,18.5,
166.25,18.5,
167.0,18.5,
167.75,18.5,
168.5,18.5,
169.25,18.5,
170.0,18.5,
170.75,18.5,
171.5,18.5,
172.25,18.5,
173.0,18.5,
173.75,18.5,
174.5,18.5,
175.25,18.5,
176.0,18.5,
176.75,18.5,
177.5,18.5,
178.25,18.5,
179.0,18.5,
179.75,18.5,-86.5446738007593
180.5,18.5,-87.24915405305211
181.25,18.5,-86.89632350724679
182.0,18.5,-87.01001755505997
182.75,18.5,-87.4343014797376
183.5,18.5,-87.44726290425812
184.25,18.5,-87.76398206543881
185.0,18.5,-88.07466749397034
185.75,18.5,-86.47019448938946
186.5,18.5,-84.28542094455854
187.25,18.5,-84.06502368743054
188.0,18.5,-86.23909548441215
188.75,18.5,-88.89458328829275
189.5,18.5,-88.72292099157407
190.25,18.5,-87.92298182039272
191.0,18.5,-87.13333999200958
191.75,18.5,-88.01218442121572
192.5,18.5,-89.28755037245085
193.25,18.5,-89.69282589422909
194.0,18.5,-86.48491309007876
194.75,18.5,-84.55726727136705
195.5,18.5,-84.68685831622177
196.25,18.5,-85.48155099131381
197.0,18.5,-86.721634039153
197.75,18.5,-86.79676483879047
198.5,18.5,-87.33346562461838
199.25,18.5,-87.72506251198838
200.0,18.5,-87.48556626214571
200.75,18.5,-87.78958096184249
201.5,18.5,-88.33709285858791
202.25,18.5,-88.16656229067893
203.0,18.5,-88.30510610285535
203.75,18.5,-88.6636461726365
204.5,18.5,-88.98302329246789
205.25,18.5,-89.47948149224966
206.0,18.5,-89.16474488003543
206.75,18.5,-89.8016683024001
207.5,18.5,-90.11058859534585
208.25,18.5,-90.69630927272154
209.0,18.5,-90.98426380262464
209.75,18.5,-91.08588742288774
210.5,18.5,-91.1303503143978
211.25,18.5,-91.23594228394772
212.0,18.5,-90.7668822840573
212.75,18.5,-90.31053581738922
213.5,18.5,-90.60521965950859
214.25,18.5,-91.7564021613561
215.0,18.5,-92.29532116771378
215.75,18.5,-92.13079108876101
216.5,18.5,-92.34656274631713
217.25,18.5,-92.65424737056357
218.0,18.5,-92.77762275486067
218.75,18.5,-92.90531861122287
219.5,18.5,-93.30219700276446
220.25,18.5,-93.4032207707612
221.0,18.5,-92.95698924731181
221.75,18.5,-93.0176600441501
222.5,18.5,
223.25,18.5,
224.0,18.5,
224.75,18.5,
225.5,18.5,
226.25,18.5,
227.0,18.5,
227.75,18.5,
228.5,18.5,
229.25,18.5,
230.0,18.5,
230.75,18.5,
77.0,19.25,
77.75,19.25,
78.5,19.25,
79.25,19.25,
80.0,19.25,
80.75,19.25,
81.5,19.25,
82.25,19.25,
83.0,19.25,
83.75,19.25,
84.5,19.25,
85.25,19.25,
86.0,19.25,
86.75,19.25,
87.5,19.25,
88.25,19.25,
89.0,19.25,
89.75,19.25,
90.5,19.25,
91.25,19.25,
92.0,19.25,
92.75,19.25,
93.5,19.25,
94.25,19.25,
95.0,19.25,
95.75,19.25,
96.5,19.25,
97.25,19.25,
98.0,19.25,
98.75,19.25,
99.5,19.25,
100.25,19.25,
101.0,19.25,
101.75,19.25,
102.5,19.25,
103.25,19.25,
104.0,19.25,
104.75,19.25,
105.5,19.25,
106.25,19.25,
107.0,19.25,
107.75,19.25,
108.5,19.25,
109.25,19.25,
110.0,19.25,
110.75,19.25,
111.5,19.25,
112.25,19.25,
113.0,19.25,
113.75,19.25,
114.5,19.25,
115.25,19.25,
116.0,19.25,
116.75,19.25,
117.5,19.25,
118.25,19.25,
119.0,19.25,
119.75,19.25,
120.5,19.25,
121.25,19.25,
122.0,19.25,
122.75,19.25,
123.5,19.25,
124.25,19.25,
125.0,19.25,
125.75,19.25,
126.5,19.25,
127.25,19.25,
128.0,19.25,
128.75,19.25,
129.5,19.25,
130.25,19.25,
131.0,19.25,
131.75,19.25,
132.5,19.25,
133.25,19.25,
134.0,19.25,
134.75,19.25,
135.5,19.25,
136.25,19.25,
137.0,19.25,
137.75,19.25,
138.5,19.25,
139.25,19.25,
140.0,19.25,
140.75,19.25,
141.5,19.25,
142.25,19.25,
143.0,19.25,
143.75,19.25,
144.5,19.25,
145.25,19.25,
146.0,19.25,
146.75,19.25,
147.5,19.25,
148.25,19.25,
149.0,19.25,
149.75,19.25,
150.5,19.25,
151.25,19.25,
152.0,19.25,
152.75,19.25,
153.5,19.25,
154.25,19.25,
155.0,19.25,
155.75,19.25,
156.5,19.25,
157.25,19.25,
158.0,19.25,
158.75,19.25,
159.5,19.25,
160.25,19.25,
161.0,19.25,
161.75,19.25,
162.5,19.25,
163.25,19.25,
164.0,19.25,
164.75,19.25,
165.5,19.25,
166.25,19.25,
167.0,19.25,
167.75,19.25,
168.5,19.25,
169.25,19.25,
170.0,19.25,
170.75,19.25,
171.5,19.25,
172.25,19.25,
173.0,19.25,
173.75,19.25,
174.5,19.25,
175.25,19.25,
176.0,19.25,
176.75,19.25,
177.5,19.25,
178.25,19.25,
179.0,19.25,
179.75,19.25,-86.46712954922619
180.5,19.25,-87.07592598928919
181.25,19.25,-87.56825599145273
182.0,19.25,-87.05999550996249
182.75,19.25,-87.40680754091761
183.5,19.25,-87.26838210102304
184.25,19.25,-88.1657542479581
185.0,19.25,-88.8177256872382
185.75,19.25,-86.99072430067534
186.5,19.25,-84.17793589954607
187.25,19.25,-83.40977961432506
188.0,19.25,-86.048239813401
188.75,19.25,-89.38515271115759
189.5,19.25,-89.01649098176732
190.25,19.25,-87.64750462841255
191.0,19.25,-86.65482357752799
191.75,19.25,-87.80751019346881
192.5,19.25,-90.15542697006232
193.25,19.25,-90.72058134562323
194.0,19.25,-86.82324692708775
194.75,19.25,-84.30483405483406
195.5,19.25,-84.51400203806745
196.25,19.25,-85.61904652343436
197.0,19.25,-86.87218909943894
197.75,19.25,-86.6071418275304
198.5,19.25,-87.3172210746355
199.25,19.25,-87.77296591679807
200.0,19.25,-87.27247598044264
200.75,19.25,-87.85630521227706
201.5,19.25,-88.01412406758425
202.25,19.25,-88.47012575696782
203.0,19.25,-88.70452449602658
203.75,19.25,-88.53775540327916
204.5,19.25,-88.82357969076956
205.25,19.25,-89.00168129530216
206.0,19.25,-88.96868842765024
206.75,19.25,-89.4364496918236
207.5,19.25,-89.87735081582595
208.25,19.25,-90.62321117789244
209.0,19.25,-91.2700612903418
209.75,19.25,-91.38466575159411
210.5,19.25,-91.35788655468569
211.25,19.25,-91.36711714328982
212.0,19.25,-90.8122542922254
212.75,19.25,-90.1155266093106
213.5,19.25,-90.39468872650036
214.25,19.25,-91.83330934044507
215.0,19.25,-92.43557350668954
215.75,19.25,-92.18152774018161
216.5,19.25,-92.40253487826733
217.25,19.25,-92.66337312388727
218.0,19.25,-92.6788303193004
218.75,19.25,-92.81739472892659
219.5,19.25,-93.74656393860761
220.25,19.25,-93.73702290611331
221.0,19.25,-94.22607287048966
221.75,19.25,-93.8385382108249
222.5,19.25,-93.9647054046159
223.25,19.25,
224.0,19.25,
224.75,19.25,
225.5,19.25,
226.25,19.25,
227.0,19.25,
227.75,19.25,
228.5,19.25,
229.25,19.25,
230.0,19.25,
230.75,19.25,
77.0,20.0,
77.75,20.0,
78.5,20.0,
79.25,20.0,
80.0,20.0,
80.75,20.0,
81.5,20.0,
82.25,20.0,
83.0,20.0,
83.75,20.0,
84.5,20.0,
85.25,20.0,
86.0,20.0,
86.75,20.0,
87.5,20.0,
88.25,20.0,
89.0,20.0,
89.75,20.0,
90.5,20.0,
91.25,20.0,
92.0,20.0,
92.75,20.0,
93.5,20.0,
94.25,20.0,
95.0,20.0,
95.75,20.0,
96.5,20.0,
97.25,20.0,
98.0,20.0,
98.75,20.0,
99.5,20.0,
100.25,20.0,
101.0,20.0,
101.75,20.0,
102.5,20.0,
103.25,20.0,
104.0,20.0,
104.75,20.0,
105.5,20.0,
106.25,20.0,
107.0,20.0,
107.75,20.0,
108.5,20.0,
109.25,20.0,
110.0,20.0,
110.75,20.0,
111.5,20.0,
112.25,20.0,
113.0,20.0,
113.75,20.0,
114.5,20.0,
115.25,20.0,
116.0,20.0,
116.75,20.0,
117.5,20.0,
118.25,20.0,
119.0,20.0,
119.75,20.0,
120.5,20.0,
121.25,20.0,
122.0,20.0,
122.75,20.0,
123.5,20.0,
124.25,20.0,
125.0,20.0,
125.75,20.0,
126.5,20.0,
127.25,20.0,
128.0,20.0,
128.75,20.0,
129.5,20.0,
130.25,20.0,
131.0,20.0,
131.75,20.0,
132.5,20.0,
133.25,20.0,
134.0,20.0,
134.75,20.0,
135.5,20.0,
136.25,20.0,
137.0,20.0,
137.75,20.0,
138.5,20.0,
139.25,20.0,
140.0,20.0,
140.75,20.0,
141.5,20.0,
142.25,20.0,
143.0,20.0,
143.75,20.0,
144.5,20.0,
145.25,20.0,
146.0,20.0,
146.75,20.0,
147.5,20.0,
148.25,20.0,
149.0,20.0,
149.75,20.0,
150.5,20.0,
151.25,20.0,
152.0,20.0,
152.75,20.0,
153.5,20.0,
154.25,20.0,
155.0,20.0,
155.75,20.0,
156.5,20.0,
157.25,20.0,
158.0,20.0,
158.75,20.0,
159.5,20.0,
160.25,20.0,
161.0,20.0,
161.75,20.0,
162.5,20.0,
163.25,20.0,
164.0,20.0,
164.75,20.0,
165.5,20.0,
166.25,20.0,
167.0,20.0,
167.75,20.0,
168.5,20.0,
169.25,20.0,
170.0,20.0,
170.75,20.0,
171.5,20.0,
172.25,20.0,
173.0,20.0,
173.75,20.0,
174.5,20.0,
175.25,20.0,
176.0,20.0,
176.75,20.0,
177.5,20.0,
178.25,20.0,
179.0,20.0,
179.75,20.0,-86.45857259887156
180.5,20.0,-86.63259111569955
181.25,20.0,-86.82089382656
182.0,20.0,-86.86977186311786
182.75,20.0,-87.39785201352926
183.5,20.0,-88.14260547039545
184.25,20.0,-88.89224947715428
185.0,20.0,-88.88559322033896
185.75,20.0,-87.23143486469478
186.5,20.0,-84.7271191574631
187.25,20.0,-84.00858952624851
188.0,20.0,-85.08333333333333
188.75,20.0,-87.086602785402
189.5,20.0,-87.7171612304963
190.25,20.0,-87.8173586879568
191.0,20.0,-87.68531827515402
191.75,20.0,-88.11954041659995
192.5,20.0,-88.65446316977786
193.25,20.0,-88.15446379015201
194.0,20.0,-86.38888888888889
194.75,20.0,-84.86838176651881
195.5,20.0,-84.75137471457197
196.25,20.0,-84.98966921625113
197.0,20.0,-85.28571428571425
197.75,20.0,-85.34727326909707
198.5,20.0,-85.83395078987836
199.25,20.0,-85.99069710122278
200.0,20.0,-86.75
200.75,20.0,-87.9462570935394
201.5,20.0,-88.32616417368867
202.25,20.0,-88.6025704088605
203.0,20.0,-89.14233865646034
203.75,20.0,-88.87159110902185
204.5,20.0,-88.86589228760089
205.25,20.0,-88.86978873987029
206.0,20.0,-88.6686046511628
206.75,20.0,-88.72471436040766
207.5,20.0,-89.32401458004354
208.25,20.0,-90.89242577625494
209.0,20.0,-91.88535754824063
209.75,20.0,-91.819885070602
210.5,20.0,-91.38284234671339
211.25,20.0,-91.31210251464225
212.0,20.0,-91.16666666666666
212.75,20.0,-90.53471980089694
213.5,20.0,-90.76446945337621
214.25,20.0,-91.66173661973393
215.0,20.0,-92.15163934426228
215.75,20.0,-92.09222674757925
216.5,20.0,-92.28792220133452
217.25,20.0,-92.43042551572488
218.0,20.0,-92.63372093023257
218.75,20.0,-92.87982834482996
219.5,20.0,-93.8402125667476
220.25,20.0,-94.38114023230783
221.0,20.0,-94.8004015663582
221.75,20.0,-94.95632945539572
222.5,20.0,-94.0811576905863
223.25,20.0,-94.94748358862144
224.0,20.0,-95.0
224.75,20.0,
225.5,20.0,
226.25,20.0,
227.0,20.0,
227.75,20.0,
228.5,20.0,
229.25,20.0,
230.0,20.0,
230.75,20.0,
77.0,20.75,
77.75,20.75,
78.5,20.75,
79.25,20.75,
80.0,20.75,
80.75,20.75,
81.5,20.75,
82.25,20.75,
83.0,20.75,
83.75,20.75,
84.5,20.75,
85.25,20.75,
86.0,20.75,
86.75,20.75,
87.5,20.75,
88.25,20.75,
89.0,20.75,
89.75,20.75,
90.5,20.75,
91.25,20.75,
92.0,20.75,
92.75,20.75,
93.5,20.75,
94.25,20.75,
95.0,20.75,
95.75,20.75,
96.5,20.75,
97.25,20.75,
98.0,20.75,
98.75,20.75,
99.5,20.75,
100.25,20.75,
101.0,20.75,
101.75,20.75,
102.5,20.75,
103.25,20.75,
104.0,20.75,
104.75,20.75,
105.5,20.75,
106.25,20.75,
107.0,20.75,
107.75,20.75,
108.5,20.75,
109.25,20.75,
110.0,20.75,
110.75,20.75,
111.5,20.75,
112.25,20.75,
113.0,20.75,
113.75,20.75,
114.5,20.75,
115.25,20.75,
116.0,20.75,
116.75,20.75,
117.5,20.75,
118.25,20.75,
119.0,20.75,
119.75,20.75,
120.5,20.75,
121.25,20.75,
122.0,20.75,
122.75,20.75,
123.5,20.75,
124.25,20.75,
125.0,20.75,
125.75,20.75,
126.5,20.75,
127.25,20.75,
128.0,20.75,
128.75,20.75,
129.5,20.75,
130.25,20.75,
131.0,20.75,
131.75,20.75,
132.5,20.75,
133.25,20.75,
134.0,20.75,
134.75,20.75,
135.5,20.75,
136.25,20.75,
137.0,20.75,
137.75,20.75,
138.5,20.75,
139.25,20.75,
140.0,20.75,
140.75,20.75,
141.5,20.75,
142.25,20.75,
143.0,20.75,
143.75,20.75,
144.5,20.75,
145.25,20.75,
146.0,20.75,
146.75,20.75,
147.5,20.75,
148.25,20.75,
149.0,20.75,
149.75,20.75,
150.5,20.75,
151.25,20.75,
152.0,20.75,
152.75,20.75,
153.5,20.75,
154.25,20.75,
155.0,20.75,
155.75,20.75,
156.5,20.75,
157.25,20.75,
158.0,20.75,
158.75,20.75,
159.5,20.75,
160.25,20.75,
161.0,20.75,
161.75,20.75,
162.5,20.75,
163.25,20.75,
164.0,20.75,
164.75,20.75,
165.5,20.75,
166.25,20.75,
167.0,20.75,
167.75,20.75,
168.5,20.75,
169.25,20.75,
170.0,20.75,
170.75,20.75,
171.5,20.75,
172.25,20.75,
173.0,20.75,
173.75,20.75,
174.5,20.75,
175.25,20.75,
176.0,20.75,
176.75,20.75,
177.5,20.75,
178.25,20.75,
179.0,20.75,-82.95521541950114
179.75,20.75,-86.65187803893082
180.5,20.75,-86.3236183081439
181.25,20.75,-86.40498102397828
182.0,20.75,-86.663336133282
182.75,20.75,-87.1017185261184
183.5,20.75,-88.15290434710164
184.25,20.75,-89.94956037772691
185.0,20.75,-91.62048687935653
185.75,20.75,-88.39187810022246
186.5,20.75,-82.98989086591904
187.25,20.75,-81.66923523211061
188.0,20.75,-83.92713798912276
188.75,20.75,-85.60136636743894
189.5,20.75,-86.18476429298359
190.25,20.75,-87.3419252997613
191.0,20.75,-87.68505579702419
191.75,20.75,-87.99744857539703
192.5,20.75,-87.54789140846579
193.25,20.75,-86.56859280165847
194.0,20.75,-85.34655426529025
194.75,20.75,-84.19016205996164
195.5,20.75,-84.34507313790965
196.25,20.75,-84.2898222576554
197.0,20.75,-84.08726797089412
197.75,20.75,-84.51272616823394
198.5,20.75,-83.95972679603632
199.25,20.75,-83.5410927456382
200.0,20.75,-86.41824971244678
200.75,20.75,-89.08525635263706
201.5,20.75,-88.91076046145928
202.25,20.75,-88.99106810560147
203.0,20.75,-89.88332372469384
203.75,20.75,-89.19885460472294
204.5,20.75,-88.828386371037
205.25,20.75,-88.7537532504516
206.0,20.75,-88.41874689583123
206.75,20.75,-87.75961660194807
207.5,20.75,-88.38375964646687
208.25,20.75,-91.36965551874776
209.0,20.75,-92.87236575257629
209.75,20.75,-92.24782112534312
210.5,20.75,-91.76399694339868
211.25,20.75,-91.84889846509758
212.0,20.75,-90.90398214687876
212.75,20.75,-90.50855962219596
213.5,20.75,-90.634935738355
214.25,20.75,-91.59787266228471
215.0,20.75,-92.86370925606037
215.75,20.75,-92.54156905696149
216.5,20.75,-92.25313146004414
217.25,20.75,-92.11850769191608
218.0,20.75,-92.63504758359944
218.75,20.75,-93.67175025334504
219.5,20.75,-94.29215838197656
220.25,20.75,-94.54849093672097
221.0,20.75,-94.89226504049074
221.75,20.75,-95.05254597230768
222.5,20.75,-95.16864639885961
223.25,20.75,-95.0
224.0,20.75,-95.05251641137856
224.75,20.75,
225.5,20.75,
226.25,20.75,
227.0,20.75,
227.75,20.75,
228.5,20.75,
229.25,20.75,
230.0,20.75,
230.75,20.75,
77.0,21.5,
77.75,21.5,
78.5,21.5,
79.25,21.5,
80.0,21.5,
80.75,21.5,
81.5,21.5,
82.25,21.5,
83.0,21.5,
83.75,21.5,
84.5,21.5,
85.25,21.5,
86.0,21.5,
86.75,21.5,
87.5,21.5,
88.25,21.5,
89.0,21.5,
89.75,21.5,
90.5,21.5,
91.25,21.5,
92.0,21.5,
92.75,21.5,
93.5,21.5,
94.25,21.5,
95.0,21.5,
95.75,21.5,
96.5,21.5,
97.25,21.5,
98.0,21.5,
98.75,21.5,
99.5,21.5,
100.25,21.5,
101.0,21.5,
101.75,21.5,
102.5,21.5,
103.25,21.5,
104.0,21.5,
104.75,21.5,
105.5,21.5,
106.25,21.5,
107.0,21.5,
107.75,21.5,
108.5,21.5,
109.25,21.5,
110.0,21.5,
110.75,21.5,
111.5,21.5,
112.25,21.5,
113.0,21.5,
113.75,21.5,
114.5,21.5,
115.25,21.5,
116.0,21.5,
116.75,21.5,
117.5,21.5,
118.25,21.5,
119.0,21.5,
119.75,21.5,
120.5,21.5,
121.25,21.5,
122.0,21.5,
122.75,21.5,
123.5,21.5,
124.25,21.5,
125.0,21.5,
125.75,21.5,
126.5,21.5,
127.25,21.5,
128.0,21.5,
128.75,21.5,
129.5,21.5,
130.25,21.5,
131.0,21.5,
131.75,21.5,
132.5,21.5,
133.25,21.5,
134.0,21.5,
134.75,21.5,
135.5,21.5,
136.25,21.5,
137.0,21.5,
137.75,21.5,
138.5,21.5,
139.25,21.5,
140.0,21.5,
140.75,21.5,
141.5,21.5,
142.25,21.5,
143.0,21.5,
143.75,21.5,
144.5,21.5,
145.25,21.5,
146.0,21.5,
146.75,21.5,
147.5,21.5,
148.25,21.5,
149.0,21.5,
149.75,21.5,
150.5,21.5,
151.25,21.5,
152.0,21.5,
152.75,21.5,
153.5,21.5,
154.25,21.5,
155.0,21.5,
155.75,21.5,
156.5,21.5,
157.25,21.5,
158.0,21.5,
158.75,21.5,
159.5,21.5,
160.25,21.5,
161.0,21.5,
161.75,21.5,
162.5,21.5,
163.25,21.5,
164.0,21.5,
164.75,21.5,
165.5,21.5,
166.25,21.5,
167.0,21.5,
167.75,21.5,
168.5,21.5,
169.25,21.5,
170.0,21.5,
170.75,21.5,
171.5,21.5,
172.25,21.5,
173.0,21.5,
173.75,21.5,
174.5,21.5,
175.25,21.5,
176.0,21.5,
176.75,21.5,
177.5,21.5,
178.25,21.5,-83.04035639412999
179.0,21.5,-82.98118279569893
179.75,21.5,-86.27461543333646
180.5,21.5,-86.28052989040354
181.25,21.5,-86.07887755022212
182.0,21.5,-85.92936768551996
182.75,21.5,-86.20875354904871
183.5,21.5,-87.17075623491552
184.25,21.5,-89.35058080261376
185.0,21.5,-90.70591811917308
185.75,21.5,-88.18392461763122
186.5,21.5,-83.80803516912933
187.25,21.5,-82.49515403902555
188.0,21.5,-83.99718179252511
188.75,21.5,-84.99064370246485
189.5,21.5,-85.77051241293603
190.25,21.5,-86.45853926668781
191.0,21.5,-86.97799620411377
191.75,21.5,-87.74570296457992
192.5,21.5,-87.0652929731109
193.25,21.5,-85.9459207387479
194.0,21.5,-84.94510566523307
194.75,21.5,-84.3112290509882
195.5,21.5,-84.24722049395407
196.25,21.5,-84.26287490597807
197.0,21.5,-84.19276867758688
197.75,21.5,-84.28738330202056
198.5,21.5,-84.14527720739221
199.25,21.5,-83.99080498560977
200.0,21.5,-86.20025397269211
200.75,21.5,-88.28944798025765
201.5,21.5,-88.22801929417513
202.25,21.5,-88.41098735373308
203.0,21.5,-89.28749324517626
203.75,21.5,-88.68564261869453
204.5,21.5,-88.54711014815248
205.25,21.5,-88.65740593850231
206.0,21.5,-88.6405477980666
206.75,21.5,-88.15835617541816
207.5,21.5,-88.85922311807703
208.25,21.5,-91.17538004579576
209.0,21.5,-92.52027210543248
209.75,21.5,-91.95731121467612
210.5,21.5,-91.6060470467911
211.25,21.5,-91.59734273178294
212.0,21.5,-90.55885186875601
212.75,21.5,-90.13975647328598
213.5,21.5,-90.11242299794661
214.25,21.5,-91.07564036604018
215.0,21.5,-92.55233719536555
215.75,21.5,-92.39177384890633
216.5,21.5,-92.52688603531301
217.25,21.5,-92.49036189921338
218.0,21.5,-93.33295184580744
218.75,21.5,-93.8102585586276
219.5,21.5,-94.45508287935262
220.25,21.5,-94.67807622798131
221.0,21.5,-94.93540460595392
221.75,21.5,-95.06930249476022
222.5,21.5,-95.14455102290188
223.25,21.5,-95.47047585391768
224.0,21.5,-95.12371134020619
224.75,21.5,-95.14604462474645
225.5,21.5,
226.25,21.5,
227.0,21.5,
227.75,21.5,
228.5,21.5,
229.25,21.5,
230.0,21.5,
230.75,21.5,
77.0,22.25,
77.75,22.25,
78.5,22.25,
79.25,22.25,
80.0,22.25,
80.75,22.25,
81.5,22.25,
82.25,22.25,
83.0,22.25,
83.75,22.25,
84.5,22.25,
85.25,22.25,
86.0,22.25,
86.75,22.25,
87.5,22.25,
88.25,22.25,
89.0,22.25,
89.75,22.25,
90.5,22.25,
91.25,22.25,
92.0,22.25,
92.75,22.25,
93.5,22.25,
94.25,22.25,
95.0,22.25,
95.75,22.25,
96.5,22.25,
97.25,22.25,
98.0,22.25,
98.75,22.25,
99.5,22.25,
100.25,22.25,
101.0,22.25,
101.75,22.25,
102.5,22.25,
103.25,22.25,
104.0,22.25,
104.75,22.25,
105.5,22.25,
106.25,22.25,
107.0,22.25,
107.75,22.25,
108.5,22.25,
109.25,22.25,
110.0,22.25,
110.75,22.25,
111.5,22.25,
112.25,22.25,
113.0,22.25,
113.75,22.25,
114.5,22.25,
115.25,22.25,
116.0,22.25,
116.75,22.25,
117.5,22.25,
118.25,22.25,
119.0,22.25,
119.75,22.25,
120.5,22.25,
121.25,22.25,
122.0,22.25,
122.75,22.25,
123.5,22.25,
124.25,22.25,
125.0,22.25,
125.75,22.25,
126.5,22.25,
127.25,22.25,
128.0,22.25,
128.75,22.25,
129.5,22.25,
130.25,22.25,
131.0,22.25,
131.75,22.25,
132.5,22.25,
133.25,22.25,
134.0,22.25,
134.75,22.25,
135.5,22.25,
136.25,22.25,
137.0,22.25,
137.75,22.25,
138.5,22.25,
139.25,22.25,
140.0,22.25,
140.75,22.25,
141.5,22.25,
142.25,22.25,
143.0,22.25,
143.75,22.25,
144.5,22.25,
145.25,22.25,
146.0,22.25,
146.75,22.25,
147.5,22.25,
148.25,22.25,
149.0,22.25,
149.75,22.25,
150.5,22.25,
151.25,22.25,
152.0,22.25,
152.75,22.25,
153.5,22.25,
154.25,22.25,
155.0,22.25,
155.75,22.25,
156.5,22.25,
157.25,22.25,
158.0,22.25,
158.75,22.25,
159.5,22.25,
160.25,22.25,
161.0,22.25,
161.75,22.25,
162.5,22.25,
163.25,22.25,
164.0,22.25,
164.75,22.25,
165.5,22.25,
166.25,22.25,
167.0,22.25,
167.75,22.25,
168.5,22.25,
169.25,22.25,
170.0,22.25,
170.75,22.25,
171.5,22.25,
172.25,22.25,
173.0,22.25,
173.75,22.25,
174.5,22.25,
175.25,22.25,
176.0,22.25,
176.75,22.25,
177.5,22.25,
178.25,22.25,-83.0856807511737
179.0,22.25,-83.03193146417443
179.75,22.25,-85.86426286629681
180.5,22.25,-85.59196799263485
181.25,22.25,-85.3672731786056
182.0,22.25,-84.6185679520418
182.75,22.25,-83.8986051114909
183.5,22.25,-85.22047101457748
184.25,22.25,-88.03834229020254
185.0,22.25,-88.91047910690162
185.75,22.25,-87.69531354908015
186.5,22.25,-85.58877111383443
187.25,22.25,-84.82827263343273
188.0,22.25,-84.91734673736731
188.75,22.25,-85.31417329234425
189.5,22.25,-85.34147008023645
190.25,22.25,-86.07606406968955
191.0,22.25,-86.59257128893441
191.75,22.25,-87.11417802481597
192.5,22.25,-86.26060218811732
193.25,22.25,-85.5772843301654
194.0,22.25,-85.12231440076255
194.75,22.25,-84.6696512850691
195.5,22.25,-84.75142853380244
196.25,22.25,-84.80622158789424
197.0,22.25,-84.8621737695672
197.75,22.25,-84.89202250953159
198.5,22.25,-85.10998962759567
199.25,22.25,-85.30149630408732
200.0,22.25,-85.42219955471457
200.75,22.25,-85.6406578510721
201.5,22.25,-86.05034379570569
202.25,22.25,-86.97642873426223
203.0,22.25,-87.12751199982605
203.75,22.25,-87.58429126035341
204.5,22.25,-87.94442359714321
205.25,22.25,-88.39673597482539
206.0,22.25,-89.10909525955148
206.75,22.25,-89.88796094793595
207.5,22.25,-90.12861907112622
208.25,22.25,-90.6165059978367
209.0,22.25,-91.23692287625957
209.75,22.25,-91.28604139773459
210.5,22.25,-90.9609291019586
211.25,22.25,-90.31979111157547
212.0,22.25,-89.12902757246655
212.75,22.25,-87.80212143143126
213.5,22.25,-88.11544145896613
214.25,22.25,-89.4468913656506
215.0,22.25,-90.04388729671408
215.75,22.25,-91.24248019336646
216.5,22.25,-93.67692463351729
217.25,22.25,-94.69214859334608
218.0,22.25,-94.31054379112368
218.75,22.25,-94.23796104005592
219.5,22.25,-94.31540480861457
220.25,22.25,-94.81000502468886
221.0,22.25,-95.07996038908048
221.75,22.25,-95.21720790041644
222.5,22.25,-95.26704130994445
223.25,22.25,-95.5111923443733
224.0,22.25,-95.50469238165194
224.75,22.25,-95.21719457013576
225.5,22.25,
226.25,22.25,
227.0,22.25,
227.75,22.25,
228.5,22.25,
229.25,22.25,
230.0,22.25,
230.75,22.25,
77.0,23.0,
77.75,23.0,
78.5,23.0,
79.25,23.0,
80.0,23.0,
80.75,23.0,
81.5,23.0,
82.25,23.0,
83.0,23.0,
83.75,23.0,
84.5,23.0,
85.25,23.0,
86.0,23.0,
86.75,23.0,
87.5,23.0,
88.25,23.0,
89.0,23.0,
89.75,23.0,
90.5,23.0,
91.25,23.0,
92.0,23.0,
92.75,23.0,
93.5,23.0,
94.25,23.0,
95.0,23.0,
95.75,23.0,
96.5,23.0,
97.25,23.0,
98.0,23.0,
98.75,23.0,
99.5,23.0,
100.25,23.0,
101.0,23.0,
101.75,23.0,
102.5,23.0,
103.25,23.0,
104.0,23.0,
104.75,23.0,
105.5,23.0,
106.25,23.0,
107.0,23.0,
107.75,23.0,
108.5,23.0,
109.25,23.0,
110.0,23.0,
110.75,23.0,
111.5,23.0,
112.25,23.0,
113.0,23.0,
113.75,23.0,
114.5,23.0,
115.25,23.0,
116.0,23.0,
116.75,23.0,
117.5,23.0,
118.25,23.0,
119.0,23.0,
119.75,23.0,
120.5,23.0,
121.25,23.0,
122.0,23.0,
122.75,23.0,
123.5,23.0,
124.25,23.0,
125.0,23.0,
125.75,23.0,
126.5,23.0,
127.25,23.0,
128.0,23.0,
128.75,23.0,
129.5,23.0,
130.25,23.0,
131.0,23.0,
131.75,23.0,
132.5,23.0,
133.25,23.0,
134.0,23.0,
134.75,23.0,
135.5,23.0,
136.25,23.0,
137.0,23.0,
137.75,23.0,
138.5,23.0,
139.25,23.0,
140.0,23.0,
140.75,23.0,
141.5,23.0,
142.25,23.0,
143.0,23.0,
143.75,23.0,
144.5,23.0,
145.25,23.0,
146.0,23.0,
146.75,23.0,
147.5,23.0,
148.25,23.0,
149.0,23.0,
149.75,23.0,
150.5,23.0,
151.25,23.0,
152.0,23.0,
152.75,23.0,
153.5,23.0,
154.25,23.0,
155.0,23.0,
155.75,23.0,
156.5,23.0,
157.25,23.0,
158.0,23.0,
158.75,23.0,
159.5,23.0,
160.25,23.0,
161.0,23.0,
161.75,23.0,
162.5,23.0,
163.25,23.0,
164.0,23.0,
164.75,23.0,
165.5,23.0,
166.25,23.0,
167.0,23.0,
167.75,23.0,
168.5,23.0,
169.25,23.0,
170.0,23.0,
170.75,23.0,
171.5,23.0,
172.25,23.0,
173.0,23.0,
173.75,23.0,
174.5,23.0,
175.25,23.0,
176.0,23.0,
176.75,23.0,
177.5,23.0,-83.17248062015503
178.25,23.0,-83.14821882951652
179.0,23.0,-83.7391304347826
179.75,23.0,-85.72354701831267
180.5,23.0,-85.4039215038077
181.25,23.0,-84.87366466131189
182.0,23.0,-83.87359772997229
182.75,23.0,-82.25170495861866
183.5,23.0,-83.36748301091166
184.25,23.0,-87.86312482158641
185.0,23.0,-89.99999999999606
185.75,23.0,-88.14533839950357
186.5,23.0,-85.51878669769083
187.25,23.0,-85.05870719472986
188.0,23.0,-85.26719018081036
188.75,23.0,-85.9184000545684
189.5,23.0,-85.33459903590342
190.25,23.0,-85.8348019059549
191.0,23.0,-87.05769230769232
191.75,23.0,-86.97082535215269
192.5,23.0,-86.63133881496837
193.25,23.0,-86.08245863292076
194.0,23.0,-85.23756599055294
194.75,23.0,-85.59628973265521
195.5,23.0,-85.42655687749212
196.25,23.0,-85.2916507299703
197.0,23.0,-85.00000000000088
197.75,23.0,-85.23578445054085
198.5,23.0,-85.72093487814621
199.25,23.0,-85.90757724664604
200.0,23.0,-85.15163934426228
200.75,23.0,-84.13254694267329
201.5,23.0,-84.66024088548181
202.25,23.0,-86.16111928110674
203.0,23.0,-86.00000000000175
203.75,23.0,-86.90441016598582
204.5,23.0,-87.90610154261431
205.25,23.0,-88.06008069219332
206.0,23.0,-89.30478502080442
206.75,23.0,-90.87915410505713
207.5,23.0,-90.7494962284173
208.25,23.0,-90.50004433106324
209.0,23.0,-90.60714285714286
209.75,23.0,-90.69319926423488
210.5,23.0,-90.2602366860155
211.25,23.0,-89.16660158661732
212.0,23.0,-87.54363449691992
212.75,23.0,-85.7289165518463
213.5,23.0,-86.43067912292464
214.25,23.0,-88.61808633964215
215.0,23.0,-88.50000000000269
215.75,23.0,-90.46621057220317
216.5,23.0,-95.15605999189297
217.25,23.0,-96.2515116102934
218.0,23.0,-94.70607661822984
218.75,23.0,-94.07974407462915
219.5,23.0,-94.31141963392298
220.25,23.0,-94.99535099382109
221.0,23.0,-95.32031249999999
221.75,23.0,-95.4128789566308
222.5,23.0,-95.40498671527348
223.25,23.0,-95.5550275401409
224.0,23.0,-95.52439024390242
224.75,23.0,-94.9314692892142
225.5,23.0,
226.25,23.0,
227.0,23.0,
227.75,23.0,
228.5,23.0,
229.25,23.0,
230.0,23.0,
230.75,23.0,
77.0,23.75,
77.75,23.75,
78.5,23.75,
79.25,23.75,
80.0,23.75,
80.75,23.75,
81.5,23.75,
82.25,23.75,
83.0,23.75,
83.75,23.75,
84.5,23.75,
85.25,23.75,
86.0,23.75,
86.75,23.75,
87.5,23.75,
88.25,23.75,
89.0,23.75,
89.75,23.75,
90.5,23.75,
91.25,23.75,
92.0,23.75,
92.75,23.75,
93.5,23.75,
94.25,23.75,
95.0,23.75,
95.75,23.75,
96.5,23.75,
97.25,23.75,
98.0,23.75,
98.75,23.75,
99.5,23.75,
100.25,23.75,
101.0,23.75,
101.75,23.75,
102.5,23.75,
103.25,23.75,
104.0,23.75,
104.75,23.75,
105.5,23.75,
106.25,23.75,
107.0,23.75,
107.75,23.75,
108.5,23.75,
109.25,23.75,
110.0,23.75,
110.75,23.75,
111.5,23.75,
112.25,23.75,
113.0,23.75,
113.75,23.75,
114.5,23.75,
115.25,23.75,
116.0,23.75,
116.75,23.75,
117.5,23.75,
118.25,23.75,
119.0,23.75,
119.75,23.75,
120.5,23.75,
121.25,23.75,
122.0,23.75,
122.75,23.75,
123.5,23.75,
124.25,23.75,
125.0,23.75,
125.75,23.75,
126.5,23.75,
127.25,23.75,
128.0,23.75,
128.75,23.75,
129.5,23.75,
130.25,23.75,
131.0,23.75,
131.75,23.75,
132.5,23.75,
133.25,23.75,
134.0,23.75,
134.75,23.75,
135.5,23.75,
136.25,23.75,
137.0,23.75,
137.75,23.75,
138.5,23.75,
139.25,23.75,
140.0,23.75,
140.75,23.75,
141.5,23.75,
142.25,23.75,
143.0,23.75,
143.75,23.75,
144.5,23.75,
145.25,23.75,
146.0,23.75,
146.75,23.75,
147.5,23.75,
148.25,23.75,
149.0,23.75,
149.75,23.75,
150.5,23.75,
151.25,23.75,
152.0,23.75,
152.75,23.75,
153.5,23.75,
154.25,23.75,
155.0,23.75,
155.75,23.75,
156.5,23.75,
157.25,23.75,
158.0,23.75,
158.75,23.75,
159.5,23.75,
160.25,23.75,
161.0,23.75,
161.75,23.75,
162.5,23.75,
163.25,23.75,
164.0,23.75,
164.75,23.75,
165.5,23.75,
166.25,23.75,
167.0,23.75,
167.75,23.75,
168.5,23.75,
169.25,23.75,
170.0,23.75,
170.75,23.75,
171.5,23.75,
172.25,23.75,
173.0,23.75,
173.75,23.75,
174.5,23.75,
175.25,23.75,
176.0,23.75,
176.75,23.75,
177.5,23.75,-83.23003992015967
178.25,23.75,-83.95313707451702
179.0,23.75,-83.89035610002773
179.75,23.75,-85.68071465464077
180.5,23.75,-85.397688649406
181.25,23.75,-84.99365662023756
182.0,23.75,-84.41941356892393
182.75,23.75,-83.85281365830438
183.5,23.75,-84.76967044714368
184.25,23.75,-87.14754263461795
185.0,23.75,-88.46799215268588
185.75,23.75,-87.87935702114358
186.5,23.75,-86.17403161145957
187.25,23.75,-85.76782819612603
188.0,23.75,-85.95358006066097
188.75,23.75,-86.18439046257272
189.5,23.75,-85.92597622281616
190.25,23.75,-85.88230959443736
191.0,23.75,-85.2175072491472
191.75,23.75,-86.76065371447017
192.5,23.75,-86.91604582703162
193.25,23.75,-86.11218438436072
194.0,23.75,-86.0991349972691
194.75,23.75,-86.10948000860905
195.5,23.75,-86.16686963501813
196.25,23.75,-86.028274038347
197.0,23.75,-85.84601101908336
197.75,23.75,-85.70955804140436
198.5,23.75,-85.49546562034246
199.25,23.75,-85.35587622863677
200.0,23.75,-85.00313785966266
200.75,23.75,-84.61498956061611
201.5,23.75,-85.10957759902597
202.25,23.75,-86.10018610885636
203.0,23.75,-86.45427294557966
203.75,23.75,-87.06047745755123
204.5,23.75,-87.79082213785478
205.25,23.75,-88.1616300122589
206.0,23.75,-89.27925142574242
206.75,23.75,-90.3110301641081
207.5,23.75,-90.48750448413753
208.25,23.75,-90.35867883596488
209.0,23.75,-90.2792835849959
209.75,23.75,-90.29861135274939
210.5,23.75,-89.80825963587604
211.25,23.75,-88.70218724623923
212.0,23.75,-87.5705083477237
212.75,23.75,-86.74138489066719
213.5,23.75,-87.34795979466767
214.25,23.75,-88.55059034674679
215.0,23.75,-89.23639657237072
215.75,23.75,-90.37463323889129
216.5,23.75,-93.91276441431755
217.25,23.75,-95.0655125782709
218.0,23.75,-94.89825527415219
218.75,23.75,-95.02998304490765
219.5,23.75,-95.26115799539292
220.25,23.75,-95.56106745571358
221.0,23.75,-95.67024241886315
221.75,23.75,-95.63441032654877
222.5,23.75,-95.71108848575307
223.25,23.75,-95.58236588553697
224.0,23.75,-95.52739895937871
224.75,23.75,-95.49190585846056
225.5,23.75,-95.17102137767222
226.25,23.75,
227.0,23.75,
227.75,23.75,
228.5,23.75,
229.25,23.75,
230.0,23.75,
230.75,23.75,
77.0,24.5,
77.75,24.5,
78.5,24.5,
79.25,24.5,
80.0,24.5,
80.75,24.5,
81.5,24.5,
82.25,24.5,
83.0,24.5,
83.75,24.5,
84.5,24.5,
85.25,24.5,
86.0,24.5,
86.75,24.5,
87.5,24.5,
88.25,24.5,
89.0,24.5,
89.75,24.5,
90.5,24.5,
91.25,24.5,
92.0,24.5,
92.75,24.5,
93.5,24.5,
94.25,24.5,
95.0,24.5,
95.75,24.5,
96.5,24.5,
97.25,24.5,
98.0,24.5,
98.75,24.5,
99.5,24.5,
100.25,24.5,
101.0,24.5,
101.75,24.5,
102.5,24.5,
103.25,24.5,
104.0,24.5,
104.75,24.5,
105.5,24.5,
106.25,24.5,
107.0,24.5,
107.75,24.5,
108.5,24.5,
109.25,24.5,
110.0,24.5,
110.75,24.5,
111.5,24.5,
112.25,24.5,
113.0,24.5,
113.75,24.5,
114.5,24.5,
115.25,24.5,
116.0,24.5,
116.75,24.5,
117.5,24.5,
118.25,24.5,
119.0,24.5,
119.75,24.5,
120.5,24.5,
121.25,24.5,
122.0,24.5,
122.75,24.5,
123.5,24.5,
124.25,24.5,
125.0,24.5,
125.75,24.5,
126.5,24.5,
127.25,24.5,
128.0,24.5,
128.75,24.5,
129.5,24.5,
130.25,24.5,
131.0,24.5,
131.75,24.5,
132.5,24.5,
133.25,24.5,
134.0,24.5,
134.75,24.5,
135.5,24.5,
136.25,24.5,
137.0,24.5,
137.75,24.5,
138.5,24.5,
139.25,24.5,
140.0,24.5,
140.75,24.5,
141.5,24.5,
142.25,24.5,
143.0,24.5,
143.75,24.5,
144.5,24.5,
145.25,24.5,
146.0,24.5,
146.75,24.5,
147.5,24.5,
148.25,24.5,
149.0,24.5,
149.75,24.5,
150.5,24.5,
151.25,24.5,
152.0,24.5,
152.75,24.5,
153.5,24.5,
154.25,24.5,
155.0,24.5,
155.75,24.5,
156.5,24.5,
157.25,24.5,
158.0,24.5,
158.75,24.5,
159.5,24.5,
160.25,24.5,
161.0,24.5,
161.75,24.5,
162.5,24.5,
163.25,24.5,
164.0,24.5,
164.75,24.5,
165.5,24.5,
166.25,24.5,
167.0,24.5,
167.75,24.5,
168.5,24.5,
169.25,24.5,
170.0,24.5,
170.75,24.5,
171.5,24.5,
172.25,24.5,
173.0,24.5,
173.75,24.5,
174.5,24.5,
175.25,24.5,
176.0,24.5,
176.75,24.5,
177.5,24.5,-83.28968253968253
178.25,24.5,-84.0902653636633
179.0,24.5,-84.06862629940683
179.75,24.5,-84.57810270310866
180.5,24.5,-85.42984135299064
181.25,24.5,-85.19797674810528
182.0,24.5,-84.94131506892961
182.75,24.5,-84.7506261389657
183.5,24.5,-85.25903651239467
184.25,24.5,-86.96972752949478
185.0,24.5,-87.795601945683
185.75,24.5,-87.62177968129491
186.5,24.5,-86.95353982300884
187.25,24.5,-86.7972367535174
188.0,24.5,-86.6226515352261
188.75,24.5,-86.62535281298385
189.5,24.5,-86.5053300888204
190.25,24.5,-86.04807491949094
191.0,24.5,-85.42963410537818
191.75,24.5,-86.40833421824259
192.5,24.5,-86.73833710215276
193.25,24.5,-86.48127474313291
194.0,24.5,-86.36481812308836
194.75,24.5,-86.18078440989947
195.5,24.5,-86.41042686720589
196.25,24.5,-87.33473985932334
197.0,24.5,-88.10217738713543
197.75,24.5,-86.75955452223081
198.5,24.5,-84.96428135303456
199.25,24.5,-84.48819113678086
200.0,24.5,-84.84078348563732
200.75,24.5,-84.96486152923303
201.5,24.5,-85.13857928086111
202.25,24.5,-85.80012849861131
203.0,24.5,-86.43216898001496
203.75,24.5,-87.29528442098425
204.5,24.5,-87.72478389557958
205.25,24.5,-88.19054040413651
206.0,24.5,-89.1866565349544
206.75,24.5,-89.74502817010828
207.5,24.5,-90.10035906932676
208.25,24.5,-90.13572753434215
209.0,24.5,-90.03787560030759
209.75,24.5,-90.05973148466609
210.5,24.5,-89.62573240102614
211.25,24.5,-88.64352608767868
212.0,24.5,-88.58446150246672
212.75,24.5,-88.33813246445646
213.5,24.5,-88.83314680618895
214.25,24.5,-89.03265996321927
215.0,24.5,-88.63730250760977
215.75,24.5,-90.0756431799164
216.5,24.5,-92.91151325163865
217.25,24.5,-94.56939012407237
218.0,24.5,-95.77153598281419
218.75,24.5,-97.17429945608501
219.5,24.5,-96.90870728694935
220.25,24.5,-96.06086165692334
221.0,24.5,-95.93400527625167
221.75,24.5,-95.78317811325098
222.5,24.5,-95.5592707511914
223.25,24.5,-95.56358843760997
224.0,24.5,-95.49862961827655
224.75,24.5,-95.46425422056899
225.5,24.5,-95.1276595744681
226.25,24.5,-95.09736308316428
227.0,24.5,
227.75,24.5,
228.5,24.5,
229.25,24.5,
230.0,24.5,
230.75,24.5,
77.0,25.25,
77.75,25.25,
78.5,25.25,
79.25,25.25,
80.0,25.25,
80.75,25.25,
81.5,25.25,
82.25,25.25,
83.0,25.25,
83.75,25.25,
84.5,25.25,
85.25,25.25,
86.0,25.25,
86.75,25.25,
87.5,25.25,
88.25,25.25,
89.0,25.25,
89.75,25.25,
90.5,25.25,
91.25,25.25,
92.0,25.25,
92.75,25.25,
93.5,25.25,
94.25,25.25,
95.0,25.25,
95.75,25.25,
96.5,25.25,
97.25,25.25,
98.0,25.25,
98.75,25.25,
99.5,25.25,
100.25,25.25,
101.0,25.25,
101.75,25.25,
102.5,25.25,
103.25,25.25,
104.0,25.25,
104.75,25.25,
105.5,25.25,
106.25,25.25,
107.0,25.25,
107.75,25.25,
108.5,25.25,
109.25,25.25,
110.0,25.25,
110.75,25.25,
111.5,25.25,
112.25,25.25,
113.0,25.25,
113.75,25.25,
114.5,25.25,
115.25,25.25,
116.0,25.25,
116.75,25.25,
117.5,25.25,
118.25,25.25,
119.0,25.25,
119.75,25.25,
120.5,25.25,
121.25,25.25,
122.0,25.25,
122.75,25.25,
123.5,25.25,
124.25,25.25,
125.0,25.25,
125.75,25.25,
126.5,25.25,
127.25,25.25,
128.0,25.25,
128.75,25.25,
129.5,25.25,
130.25,25.25,
131.0,25.25,
131.75,25.25,
132.5,25.25,
133.25,25.25,
134.0,25.25,
134.75,25.25,
135.5,25.25,
136.25,25.25,
137.0,25.25,
137.75,25.25,
138.5,25.25,
139.25,25.25,
140.0,25.25,
140.75,25.25,
141.5,25.25,
142.25,25.25,
143.0,25.25,
143.75,25.25,
144.5,25.25,
145.25,25.25,
146.0,25.25,
146.75,25.25,
147.5,25.25,
148.25,25.25,
149.0,25.25,
149.75,25.25,
150.5,25.25,
151.25,25.25,
152.0,25.25,
152.75,25.25,
153.5,25.25,
154.25,25.25,
155.0,25.25,
155.75,25.25,
156.5,25.25,
157.25,25.25,
158.0,25.25,
158.75,25.25,
159.5,25.25,
160.25,25.25,
161.0,25.25,
161.75,25.25,
162.5,25.25,
163.25,25.25,
164.0,25.25,
164.75,25.25,
165.5,25.25,
166.25,25.25,
167.0,25.25,
167.75,25.25,
168.5,25.25,
169.25,25.25,
170.0,25.25,
170.75,25.25,
171.5,25.25,
172.25,25.25,
173.0,25.25,
173.75,25.25,
174.5,25.25,
175.25,25.25,
176.0,25.25,
176.75,25.25,
177.5,25.25,-84.21784568326984
178.25,25.25,-84.23236882306328
179.0,25.25,-83.35930239580547
179.75,25.25,-84.59687018154655
180.5,25.25,-84.65647714655294
181.25,25.25,-84.73301041487935
182.0,25.25,-85.2361805614546
182.75,25.25,-84.71218502038872
183.5,25.25,-85.2382024438862
184.25,25.25,-87.14871456846171
185.0,25.25,-87.95543041401783
185.75,25.25,-87.92065258874084
186.5,25.25,-87.69821150405086
187.25,25.25,-87.00199271196335
188.0,25.25,-86.86237919190674
188.75,25.25,-86.67134727453666
189.5,25.25,-86.45559830019748
190.25,25.25,-86.32433423476199
191.0,25.25,-85.88560077836912
191.75,25.25,-86.96347165095926
192.5,25.25,-87.0363720251227
193.25,25.25,-87.01984585995187
194.0,25.25,-86.71782498831305
194.75,25.25,-86.17333064791785
195.5,25.25,-86.41691992831775
196.25,25.25,-87.61472741579213
197.0,25.25,-88.73956213289854
197.75,25.25,-87.0003694328657
198.5,25.25,-84.73290474997592
199.25,25.25,-84.20884166778389
200.0,25.25,-84.7320353956663
200.75,25.25,-84.9896050625007
201.5,25.25,-85.07026842623257
202.25,25.25,-85.36647698523481
203.0,25.25,-86.07560883445854
203.75,25.25,-87.03513218615585
204.5,25.25,-87.71245002604421
205.25,25.25,-88.11173949243867
206.0,25.25,-89.10938069554201
206.75,25.25,-89.46326570682425
207.5,25.25,-89.84671725538175
208.25,25.25,-89.92852712644113
209.0,25.25,-89.84391953938412
209.75,25.25,-89.64167613638924
210.5,25.25,-90.47228781664694
211.25,25.25,-89.57573416311035
212.0,25.25,-89.48473973946504
212.75,25.25,-89.00219794535961
213.5,25.25,-89.62099469239652
214.25,25.25,-89.22011483792247
215.0,25.25,-88.22250991484181
215.75,25.25,-90.04956770961908
216.5,25.25,-92.75087836067802
217.25,25.25,-94.51761755573979
218.0,25.25,-96.37237678167467
218.75,25.25,-97.70649335196453
219.5,25.25,-97.29867079756858
220.25,25.25,-96.05528801126651
221.0,25.25,-95.9654973147068
221.75,25.25,-95.71654541593348
222.5,25.25,-95.43409977169458
223.25,25.25,-95.22542803951778
224.0,25.25,-95.42746032034964
224.75,25.25,-95.64605841112919
225.5,25.25,-95.06876790830945
226.25,25.25,-95.05150214592274
227.0,25.25,
227.75,25.25,
228.5,25.25,
229.25,25.25,
230.0,25.25,
230.75,25.25,
77.0,26.0,
77.75,26.0,
78.5,26.0,
79.25,26.0,
80.0,26.0,
80.75,26.0,
81.5,26.0,
82.25,26.0,
83.0,26.0,
83.75,26.0,
84.5,26.0,
85.25,26.0,
86.0,26.0,
86.75,26.0,
87.5,26.0,
88.25,26.0,
89.0,26.0,
89.75,26.0,
90.5,26.0,
91.25,26.0,
92.0,26.0,
92.75,26.0,
93.5,26.0,
94.25,26.0,
95.0,26.0,
95.75,26.0,
96.5,26.0,
97.25,26.0,
98.0,26.0,
98.75,26.0,
99.5,26.0,
100.25,26.0,
101.0,26.0,
101.75,26.0,
102.5,26.0,
103.25,26.0,
104.0,26.0,
104.75,26.0,
105.5,26.0,
106.25,26.0,
107.0,26.0,
107.75,26.0,
108.5,26.0,
109.25,26.0,
110.0,26.0,
110.75,26.0,
111.5,26.0,
112.25,26.0,
113.0,26.0,
113.75,26.0,
114.5,26.0,
115.25,26.0,
116.0,26.0,
116.75,26.0,
117.5,26.0,
118.25,26.0,
119.0,26.0,
119.75,26.0,
120.5,26.0,
121.25,26.0,
122.0,26.0,
122.75,26.0,
123.5,26.0,
124.25,26.0,
125.0,26.0,
125.75,26.0,
126.5,26.0,
127.25,26.0,
128.0,26.0,
128.75,26.0,
129.5,26.0,
130.25,26.0,
131.0,26.0,
131.75,26.0,
132.5,26.0,
133.25,26.0,
134.0,26.0,
134.75,26.0,
135.5,26.0,
136.25,26.0,
137.0,26.0,
137.75,26.0,
138.5,26.0,
139.25,26.0,
140.0,26.0,
140.75,26.0,
141.5,26.0,
142.25,26.0,
143.0,26.0,
143.75,26.0,
144.5,26.0,
145.25,26.0,
146.0,26.0,
146.75,26.0,
147.5,26.0,
148.25,26.0,
149.0,26.0,
149.75,26.0,
150.5,26.0,
151.25,26.0,
152.0,26.0,
152.75,26.0,
153.5,26.0,
154.25,26.0,
155.0,26.0,
155.75,26.0,
156.5,26.0,
157.25,26.0,
158.0,26.0,
158.75,26.0,
159.5,26.0,
160.25,26.0,
161.0,26.0,
161.75,26.0,
162.5,26.0,
163.25,26.0,
164.0,26.0,
164.75,26.0,
165.5,26.0,
166.25,26.0,
167.0,26.0,
167.75,26.0,
168.5,26.0,
169.25,26.0,
170.0,26.0,
170.75,26.0,
171.5,26.0,
172.25,26.0,
173.0,26.0,
173.75,26.0,
174.5,26.0,
175.25,26.0,
176.0,26.0,
176.75,26.0,
177.5,26.0,-85.25
178.25,26.0,-83.21967120181407
179.0,26.0,-83.32738095238095
179.75,26.0,-84.60393760223613
180.5,26.0,-84.71119545599319
181.25,26.0,-84.88378076362031
182.0,26.0,-85.10714285714285
182.75,26.0,-85.32761703063977
183.5,26.0,-85.7766757865937
184.25,26.0,-87.66436662770835
185.0,26.0,-88.38559322033896
185.75,26.0,-88.43085144092728
186.5,26.0,-88.23445877926362
187.25,26.0,-87.94496261959185
188.0,26.0,-87.73003802281367
188.75,26.0,-87.04742049818603
189.5,26.0,-87.85997622848242
190.25,26.0,-87.47088343813353
191.0,26.0,-87.09523809523809
191.75,26.0,-87.28159880809926
192.5,26.0,-87.3377562795074
193.25,26.0,-87.36671277153889
194.0,26.0,-87.39754098360655
194.75,26.0,-87.41432548147947
195.5,26.0,-87.36651601041825
196.25,26.0,-87.05505612396942
197.0,26.0,-86.89285714285712
197.75,26.0,-86.33984801827755
198.5,26.0,-85.10704514363884
199.25,26.0,-84.78217998789815
200.0,26.0,-84.64285714285712
200.75,26.0,-84.36384780326084
201.5,26.0,-84.41412633387147
202.25,26.0,-84.79341973387719
203.0,26.0,-85.58242124298087
203.75,26.0,-86.49760261430637
204.5,26.0,-87.49277385222241
205.25,26.0,-88.01995401375248
206.0,26.0,-89.06433456825306
206.75,26.0,-89.2612011236926
207.5,26.0,-89.47668951358425
208.25,26.0,-89.77022871180625
209.0,26.0,-89.69792498004787
209.75,26.0,-90.90235671686133
210.5,26.0,-90.7900664774902
211.25,26.0,-89.35694499510149
212.0,26.0,-89.57794676806084
212.75,26.0,-89.96747208318655
213.5,26.0,-90.73075953139686
214.25,26.0,-91.5993475164896
215.0,26.0,-92.38489208633094
215.75,26.0,-92.1871147550653
216.5,26.0,-93.32473779907764
217.25,26.0,-94.36764745297945
218.0,26.0,-95.85
218.75,26.0,-96.59176909997986
219.5,26.0,-96.21727500562284
220.25,26.0,-95.45465310878052
221.0,26.0,-95.14717223650383
221.75,26.0,-95.18301628429641
222.5,26.0,-95.24744376200142
223.25,26.0,-95.32533549501987
224.0,26.0,-95.3981994459834
224.75,26.0,-95.54320060105185
225.5,26.0,-95.0
226.25,26.0,-95.0
227.0,26.0,
227.75,26.0,
228.5,26.0,
229.25,26.0,
230.0,26.0,
230.75,26.0,
77.0,26.75,
77.75,26.75,
78.5,26.75,
79.25,26.75,
80.0,26.75,
80.75,26.75,
81.5,26.75,
82.25,26.75,
83.0,26.75,
83.75,26.75,
84.5,26.75,
85.25,26.75,
86.0,26.75,
86.75,26.75,
87.5,26.75,
88.25,26.75,
89.0,26.75,
89.75,26.75,
90.5,26.75,
91.25,26.75,
92.0,26.75,
92.75,26.75,
93.5,26.75,
94.25,26.75,
95.0,26.75,
95.75,26.75,
96.5,26.75,
97.25,26.75,
98.0,26.75,
98.75,26.75,
99.5,26.75,
100.25,26.75,
101.0,26.75,
101.75,26.75,
102.5,26.75,
103.25,26.75,
104.0,26.75,
104.75,26.75,
105.5,26.75,
106.25,26.75,
107.0,26.75,
107.75,26.75,
108.5,26.75,
109.25,26.75,
110.0,26.75,
110.75,26.75,
111.5,26.75,
112.25,26.75,
113.0,26.75,
113.75,26.75,
114.5,26.75,
115.25,26.75,
116.0,26.75,
116.75,26.75,
117.5,26.75,
118.25,26.75,
119.0,26.75,
119.75,26.75,
120.5,26.75,
121.25,26.75,
122.0,26.75,
122.75,26.75,
123.5,26.75,
124.25,26.75,
125.0,26.75,
125.75,26.75,
126.5,26.75,
127.25,26.75,
128.0,26.75,
128.75,26.75,
129.5,26.75,
130.25,26.75,
131.0,26.75,
131.75,26.75,
132.5,26.75,
133.25,26.75,
134.0,26.75,
134.75,26.75,
135.5,26.75,
136.25,26.75,
137.0,26.75,
137.75,26.75,
138.5,26.75,
139.25,26.75,
140.0,26.75,
140.75,26.75,
141.5,26.75,
142.25,26.75,
143.0,26.75,
143.75,26.75,
144.5,26.75,
145.25,26.75,
146.0,26.75,
146.75,26.75,
147.5,26.75,
148.25,26.75,
149.0,26.75,
149.75,26.75,
150.5,26.75,
151.25,26.75,
152.0,26.75,
152.75,26.75,
153.5,26.75,
154.25,26.75,
155.0,26.75,
155.75,26.75,
156.5,26.75,
157.25,26.75,
158.0,26.75,
158.75,26.75,
159.5,26.75,
160.25,26.75,
161.0,26.75,
161.75,26.75,
162.5,26.75,
163.25,26.75,
164.0,26.75,
164.75,26.75,
165.5,26.75,
166.25,26.75,
167.0,26.75,
167.75,26.75,
168.5,26.75,
169.25,26.75,
170.0,26.75,
170.75,26.75,
171.5,26.75,
172.25,26.75,
173.0,26.75,
173.75,26.75,
174.5,26.75,
175.25,26.75,
176.0,26.75,
176.75,26.75,
177.5,26.75,-83.33640507391968
178.25,26.75,-83.38800843061489
179.0,26.75,-83.18808293267729
179.75,26.75,-84.01740496788975
180.5,26.75,-84.59940865424835
181.25,26.75,-84.81596306877422
182.0,26.75,-85.47695320627113
182.75,26.75,-85.91934173555569
183.5,26.75,-86.10623288381301
184.25,26.75,-87.89335484167333
185.0,26.75,-89.75192190144253
185.75,26.75,-88.72839771494301
186.5,26.75,-88.13092629793117
187.25,26.75,-88.12318022201954
188.0,26.75,-87.89693148552874
188.75,26.75,-87.1394949335015
189.5,26.75,-87.5252224043274
190.25,26.75,-87.63615095269293
191.0,26.75,-86.58283680992517
191.75,26.75,-87.04526049509776
192.5,26.75,-87.21363294547992
193.25,26.75,-87.31021304619709
194.0,26.75,-87.80640009614689
194.75,26.75,-88.69470316444246
195.5,26.75,-88.1370113066907
196.25,26.75,-86.36524800591789
197.0,26.75,-85.55045444114596
197.75,26.75,-85.06408359344248
198.5,26.75,-84.82699853791837
199.25,26.75,-84.88754628331111
200.0,26.75,-84.45892307100362
200.75,26.75,-84.43274468578478
201.5,26.75,-84.21378538533568
202.25,26.75,-84.54577900728665
203.0,26.75,-84.8240502056944
203.75,26.75,-86.38456595817847
204.5,26.75,-86.77058657589755
205.25,26.75,-87.74645049346438
206.0,26.75,-88.47577206803707
206.75,26.75,-88.64731332646272
207.5,26.75,-89.34524820168227
208.25,26.75,-89.99876793731448
209.0,26.75,-89.53912860044049
209.75,26.75,-89.9680676848553
210.5,26.75,-89.78914918886801
211.25,26.75,-89.5135615548567
212.0,26.75,-89.81955806572444
212.75,26.75,-90.55754914419325
213.5,26.75,-91.96133050817295
214.25,26.75,-94.76378754353706
215.0,26.75,-97.54226168060187
215.75,26.75,-94.9720553748274
216.5,26.75,-92.88963506026643
217.25,26.75,-92.53164887303241
218.0,26.75,-94.68449108555699
218.75,26.75,-94.90225206119979
219.5,26.75,-94.67290616540804
220.25,26.75,-94.3621654821111
221.0,26.75,-94.07808893840199
221.75,26.75,-94.49558892112549
222.5,26.75,-94.95423395771229
223.25,26.75,-95.2146394336825
224.0,26.75,-95.48797139262338
224.75,26.75,-95.7963840915077
225.5,26.75,-94.93123209169055
226.25,26.75,-94.94849785407725
227.0,26.75,
227.75,26.75,
228.5,26.75,
229.25,26.75,
230.0,26.75,
230.75,26.75,
77.0,27.5,
77.75,27.5,
78.5,27.5,
79.25,27.5,
80.0,27.5,
80.75,27.5,
81.5,27.5,
82.25,27.5,
83.0,27.5,
83.75,27.5,
84.5,27.5,
85.25,27.5,
86.0,27.5,
86.75,27.5,
87.5,27.5,
88.25,27.5,
89.0,27.5,
89.75,27.5,
90.5,27.5,
91.25,27.5,
92.0,27.5,
92.75,27.5,
93.5,27.5,
94.25,27.5,
95.0,27.5,
95.75,27.5,
96.5,27.5,
97.25,27.5,
98.0,27.5,
98.75,27.5,
99.5,27.5,
100.25,27.5,
101.0,27.5,
101.75,27.5,
102.5,27.5,
103.25,27.5,
104.0,27.5,
104.75,27.5,
105.5,27.5,
106.25,27.5,
107.0,27.5,
107.75,27.5,
108.5,27.5,
109.25,27.5,
110.0,27.5,
110.75,27.5,
111.5,27.5,
112.25,27.5,
113.0,27.5,
113.75,27.5,
114.5,27.5,
115.25,27.5,
116.0,27.5,
116.75,27.5,
117.5,27.5,
118.25,27.5,
119.0,27.5,
119.75,27.5,
120.5,27.5,
121.25,27.5,
122.0,27.5,
122.75,27.5,
123.5,27.5,
124.25,27.5,
125.0,27.5,
125.75,27.5,
126.5,27.5,
127.25,27.5,
128.0,27.5,
128.75,27.5,
129.5,27.5,
130.25,27.5,
131.0,27.5,
131.75,27.5,
132.5,27.5,
133.25,27.5,
134.0,27.5,
134.75,27.5,
135.5,27.5,
136.25,27.5,
137.0,27.5,
137.75,27.5,
138.5,27.5,
139.25,27.5,
140.0,27.5,
140.75,27.5,
141.5,27.5,
142.25,27.5,
143.0,27.5,
143.75,27.5,
144.5,27.5,
145.25,27.5,
146.0,27.5,
146.75,27.5,
147.5,27.5,
148.25,27.5,
149.0,27.5,
149.75,27.5,
150.5,27.5,
151.25,27.5,
152.0,27.5,
152.75,27.5,
153.5,27.5,
154.25,27.5,
155.0,27.5,
155.75,27.5,
156.5,27.5,
157.25,27.5,
158.0,27.5,
158.75,27.5,
159.5,27.5,
160.25,27.5,
161.0,27.5,
161.75,27.5,
162.5,27.5,
163.25,27.5,
164.0,27.5,
164.75,27.5,
165.5,27.5,
166.25,27.5,
167.0,27.5,
167.75,27.5,
168.5,27.5,
169.25,27.5,
170.0,27.5,
170.75,27.5,
171.5,27.5,
172.25,27.5,
173.0,27.5,
173.75,27.5,
174.5,27.5,
175.25,27.5,
176.0,27.5,
176.75,27.5,
177.5,27.5,-82.61111111111111
178.25,27.5,-83.15151090938505
179.0,27.5,-83.16704221354304
179.75,27.5,-84.28248528063094
180.5,27.5,-84.26348545479037
181.25,27.5,-84.32003766705309
182.0,27.5,-84.63918891091555
182.75,27.5,-85.47715513452931
183.5,27.5,-85.70451215044572
184.25,27.5,-87.32484810677576
185.0,27.5,-89.04045364930995
185.75,27.5,-88.15109462110345
186.5,27.5,-87.21211550769925
187.25,27.5,-86.65271782824858
188.0,27.5,-86.81519887342009
188.75,27.5,-86.57776825244316
189.5,27.5,-87.88243785623875
190.25,27.5,-87.61695819682694
191.0,27.5,-86.77595769780885
191.75,27.5,-86.11351866298882
192.5,27.5,-86.38005216166917
193.25,27.5,-86.77855108278976
194.0,27.5,-87.40051484582347
194.75,27.5,-88.33465333913269
195.5,27.5,-87.7061607033826
196.25,27.5,-85.95193196052114
197.0,27.5,-85.10677187375148
197.75,27.5,-84.5841636553448
198.5,27.5,-84.3337709121993
199.25,27.5,-84.49474798429951
200.0,27.5,-83.841249007018
200.75,27.5,-83.57439839191434
201.5,27.5,-83.857147566238
202.25,27.5,-83.99529812765617
203.0,27.5,-84.54878971887489
203.75,27.5,-84.81387759191855
204.5,27.5,-86.16897942445439
205.25,27.5,-88.37736900090366
206.0,27.5,-88.56739811912226
206.75,27.5,-88.73723452551113
207.5,27.5,-89.69148936170214
208.25,27.5,-89.75653206650831
209.0,27.5,
209.75,27.5,-89.50528087027354
210.5,27.5,-89.5440996679313
211.25,27.5,-89.48685420843759
212.0,27.5,-89.83532111074443
212.75,27.5,-90.41312237263433
213.5,27.5,-91.49124680073126
214.25,27.5,-93.70200651879769
215.0,27.5,-95.96654457943819
215.75,27.5,-93.77468991955018
216.5,27.5,-91.87412040656763
217.25,27.5,-91.52799255549961
218.0,27.5,-92.34575601767675
218.75,27.5,-93.43276388852232
219.5,27.5,-93.79520821448945
220.25,27.5,-94.20689768942943
221.0,27.5,-94.21099691854701
221.75,27.5,-94.54128159554253
222.5,27.5,-95.03207924889706
223.25,27.5,-95.36872163166043
224.0,27.5,-95.53599959934357
224.75,27.5,-95.35285462935168
225.5,27.5,-96.0863817457443
226.25,27.5,-94.90263691683569
227.0,27.5,
227.75,27.5,
228.5,27.5,
229.25,27.5,
230.0,27.5,
230.75,27.5,
77.0,28.25,
77.75,28.25,
78.5,28.25,
79.25,28.25,
80.0,28.25,
80.75,28.25,
81.5,28.25,
82.25,28.25,
83.0,28.25,
83.75,28.25,
84.5,28.25,
85.25,28.25,
86.0,28.25,
86.75,28.25,
87.5,28.25,
88.25,28.25,
89.0,28.25,
89.75,28.25,
90.5,28.25,
91.25,28.25,
92.0,28.25,
92.75,28.25,
93.5,28.25,
94.25,28.25,
95.0,28.25,
95.75,28.25,
96.5,28.25,
97.25,28.25,
98.0,28.25,
98.75,28.25,
99.5,28.25,
100.25,28.25,
101.0,28.25,
101.75,28.25,
102.5,28.25,
103.25,28.25,
104.0,28.25,
104.75,28.25,
105.5,28.25,
106.25,28.25,
107.0,28.25,
107.75,28.25,
108.5,28.25,
109.25,28.25,
110.0,28.25,
110.75,28.25,
111.5,28.25,
112.25,28.25,
113.0,28.25,
113.75,28.25,
114.5,28.25,
115.25,28.25,
116.0,28.25,
116.75,28.25,
117.5,28.25,
118.25,28.25,
119.0,28.25,
119.75,28.25,
120.5,28.25,
121.25,28.25,
122.0,28.25,
122.75,28.25,
123.5,28.25,
124.25,28.25,
125.0,28.25,
125.75,28.25,
126.5,28.25,
127.25,28.25,
128.0,28.25,
128.75,28.25,
129.5,28.25,
130.25,28.25,
131.0,28.25,
131.75,28.25,
132.5,28.25,
133.25,28.25,
134.0,28.25,
134.75,28.25,
135.5,28.25,
136.25,28.25,
137.0,28.25,
137.75,28.25,
138.5,28.25,
139.25,28.25,
140.0,28.25,
140.75,28.25,
141.5,28.25,
142.25,28.25,
143.0,28.25,
143.75,28.25,
144.5,28.25,
145.25,28.25,
146.0,28.25,
146.75,28.25,
147.5,28.25,
148.25,28.25,
149.0,28.25,
149.75,28.25,
150.5,28.25,
151.25,28.25,
152.0,28.25,
152.75,28.25,
153.5,28.25,
154.25,28.25,
155.0,28.25,
155.75,28.25,
156.5,28.25,
157.25,28.25,
158.0,28.25,
158.75,28.25,
159.5,28.25,
160.25,28.25,
161.0,28.25,
161.75,28.25,
162.5,28.25,
163.25,28.25,
164.0,28.25,
164.75,28.25,
165.5,28.25,
166.25,28.25,
167.0,28.25,
167.75,28.25,
168.5,28.25,
169.25,28.25,
170.0,28.25,
170.75,28.25,
171.5,28.25,
172.25,28.25,
173.0,28.25,
173.75,28.25,
174.5,28.25,
175.25,28.25,
176.0,28.25,
176.75,28.25,
177.5,28.25,-82.44411177644709
178.25,28.25,-82.9774603330672
179.0,28.25,-82.9279633478162
179.75,28.25,-83.9903751742099
180.5,28.25,-83.79745169671149
181.25,28.25,-83.47577314355999
182.0,28.25,-82.87540483712077
182.75,28.25,-82.04492578996576
183.5,28.25,-82.88010697927007
184.25,28.25,-85.33265472990597
185.0,28.25,-86.72265247510451
185.75,28.25,-86.74844129631578
186.5,28.25,-86.42501866138254
187.25,28.25,-86.10140022071896
188.0,28.25,-85.86944158657117
188.75,28.25,-85.59983851503672
189.5,28.25,-87.0602477453053
190.25,28.25,-87.15133093146135
191.0,28.25,-86.61706856304913
191.75,28.25,-85.93040875266664
192.5,28.25,-86.15337679526694
193.25,28.25,-86.48189638071987
194.0,28.25,-86.91346943233265
194.75,28.25,-87.22028624730305
195.5,28.25,-86.37393414893447
196.25,28.25,-84.03289915402175
197.0,28.25,-82.49074704388731
197.75,28.25,-82.48355042298911
198.5,28.25,-82.40539048115289
199.25,28.25,-82.36130157447786
200.0,28.25,-82.82098421444418
200.75,28.25,-83.12274493856881
201.5,28.25,-83.27402703698804
202.25,28.25,-83.41289720751898
203.0,28.25,-83.96536931031808
203.75,28.25,-84.70361799447969
204.5,28.25,-86.16002822026041
205.25,28.25,-88.36839410369174
206.0,28.25,-89.5
206.75,28.25,-89.57725321888411
207.5,28.25,-89.64604462474644
208.25,28.25,
209.0,28.25,
209.75,28.25,-90.91311981360731
210.5,28.25,-89.23345459321885
211.25,28.25,-89.46293435895498
212.0,28.25,-89.5998745257401
212.75,28.25,-89.6181441487269
213.5,28.25,-89.5219820284028
214.25,28.25,-88.9612357541249
215.0,28.25,-88.10876086756282
215.75,28.25,-89.40068515996877
216.5,28.25,-90.25020174977878
217.25,28.25,-90.7775684308699
218.0,28.25,-91.47238130572835
218.75,28.25,-92.61490639631018
219.5,28.25,-93.05096548493998
220.25,28.25,-93.83388914774757
221.0,28.25,-94.74596106860814
221.75,28.25,-95.03830913920079
222.5,28.25,-95.36150615302863
223.25,28.25,-95.59802138527512
224.0,28.25,-95.74263889350622
224.75,28.25,-95.52871919247178
225.5,28.25,-96.29891247688603
226.25,28.25,-96.4931906614786
227.0,28.25,
227.75,28.25,
228.5,28.25,
229.25,28.25,
230.0,28.25,
230.75,28.25,
77.0,29.0,
77.75,29.0,
78.5,29.0,
79.25,29.0,
80.0,29.0,
80.75,29.0,
81.5,29.0,
82.25,29.0,
83.0,29.0,
83.75,29.0,
84.5,29.0,
85.25,29.0,
86.0,29.0,
86.75,29.0,
87.5,29.0,
88.25,29.0,
89.0,29.0,
89.75,29.0,
90.5,29.0,
91.25,29.0,
92.0,29.0,
92.75,29.0,
93.5,29.0,
94.25,29.0,
95.0,29.0,
95.75,29.0,
96.5,29.0,
97.25,29.0,
98.0,29.0,
98.75,29.0,
99.5,29.0,
100.25,29.0,
101.0,29.0,
101.75,29.0,
102.5,29.0,
103.25,29.0,
104.0,29.0,
104.75,29.0,
105.5,29.0,
106.25,29.0,
107.0,29.0,
107.75,29.0,
108.5,29.0,
109.25,29.0,
110.0,29.0,
110.75,29.0,
111.5,29.0,
112.25,29.0,
113.0,29.0,
113.75,29.0,
114.5,29.0,
115.25,29.0,
116.0,29.0,
116.75,29.0,
117.5,29.0,
118.25,29.0,
119.0,29.0,
119.75,29.0,
120.5,29.0,
121.25,29.0,
122.0,29.0,
122.75,29.0,
123.5,29.0,
124.25,29.0,
125.0,29.0,
125.75,29.0,
126.5,29.0,
127.25,29.0,
128.0,29.0,
128.75,29.0,
129.5,29.0,
130.25,29.0,
131.0,29.0,
131.75,29.0,
132.5,29.0,
133.25,29.0,
134.0,29.0,
134.75,29.0,
135.5,29.0,
136.25,29.0,
137.0,29.0,
137.75,29.0,
138.5,29.0,
139.25,29.0,
140.0,29.0,
140.75,29.0,
141.5,29.0,
142.25,29.0,
143.0,29.0,
143.75,29.0,
144.5,29.0,
145.25,29.0,
146.0,29.0,
146.75,29.0,
147.5,29.0,
148.25,29.0,
149.0,29.0,
149.75,29.0,
150.5,29.0,
151.25,29.0,
152.0,29.0,
152.75,29.0,
153.5,29.0,
154.25,29.0,
155.0,29.0,
155.75,29.0,
156.5,29.0,
157.25,29.0,
158.0,29.0,
158.75,29.0,
159.5,29.0,
160.25,29.0,
161.0,29.0,
161.75,29.0,
162.5,29.0,
163.25,29.0,
164.0,29.0,
164.75,29.0,
165.5,29.0,
166.25,29.0,
167.0,29.0,
167.75,29.0,
168.5,29.0,
169.25,29.0,
170.0,29.0,
170.75,29.0,
171.5,29.0,
172.25,29.0,
173.0,29.0,
173.75,29.0,
174.5,29.0,
175.25,29.0,
176.0,29.0,
176.75,29.0,
177.5,29.0,-82.51187335092348
178.25,29.0,-82.462074978204
179.0,29.0,-83.04166666666666
179.75,29.0,-83.30326875695954
180.5,29.0,-83.01520485188779
181.25,29.0,-82.52568509820112
182.0,29.0,-81.40965092402465
182.75,29.0,-79.33186882645285
183.5,29.0,-80.54035157810627
184.25,29.0,-84.85563890836562
185.0,29.0,-86.99999999999638
185.75,29.0,-86.06121444234358
186.5,29.0,-85.34829810516615
187.25,29.0,-85.44463551269062
188.0,29.0,-85.36944937833039
188.75,29.0,-85.33668334672596
189.5,29.0,-86.017138190621
190.25,29.0,-86.10904916465294
191.0,29.0,-86.33333333333333
191.75,29.0,-85.71766408106174
192.5,29.0,-85.85060998977329
193.25,29.0,-85.82736286611171
194.0,29.0,-86.4958932238193
194.75,29.0,-87.78156952173214
195.5,29.0,-86.85157810627246
196.25,29.0,-82.7524319430357
197.0,29.0,-80.0000000000045
197.75,29.0,-81.30335468587262
198.5,29.0,-81.45805033959248
199.25,29.0,-81.14392033413067
200.0,29.0,-82.17145790554414
200.75,29.0,-82.76085499770436
201.5,29.0,-83.0242386350945
202.25,29.0,-83.15070212707397
203.0,29.0,-83.61111111111111
203.75,29.0,-83.51787271142109
204.5,29.0,-83.55408970976254
205.25,29.0,
206.0,29.0,
206.75,29.0,
207.5,29.0,
208.25,29.0,
209.0,29.0,
209.75,29.0,-90.5264270613108
210.5,29.0,-90.37078651685394
211.25,29.0,-89.73530348631834
212.0,29.0,-89.51020408163265
212.75,29.0,-89.0324669106093
213.5,29.0,-88.43740998952222
214.25,29.0,-86.16141536650287
215.0,29.0,-84.00000000000634
215.75,29.0,-87.05222590512764
216.5,29.0,-89.87982227032981
217.25,29.0,-90.08446407505122
218.0,29.0,-91.4022191400832
218.75,29.0,-92.04808573297682
219.5,29.0,-92.52553804183086
220.25,29.0,-94.01916701452095
221.0,29.0,-95.0
221.75,29.0,-95.3881554858947
222.5,29.0,-95.97156635433505
223.25,29.0,-96.00698003692851
224.0,29.0,-95.83372874654013
224.75,29.0,-95.78226134757264
225.5,29.0,-96.75
226.25,29.0,-96.75
227.0,29.0,
227.75,29.0,
228.5,29.0,
229.25,29.0,
230.0,29.0,
230.75,29.0,
77.0,29.75,
77.75,29.75,
78.5,29.75,
79.25,29.75,
80.0,29.75,
80.75,29.75,
81.5,29.75,
82.25,29.75,
83.0,29.75,
83.75,29.75,
84.5,29.75,
85.25,29.75,
86.0,29.75,
86.75,29.75,
87.5,29.75,
88.25,29.75,
89.0,29.75,
89.75,29.75,
90.5,29.75,
91.25,29.75,
92.0,29.75,
92.75,29.75,
93.5,29.75,
94.25,29.75,
95.0,29.75,
95.75,29.75,
96.5,29.75,
97.25,29.75,
98.0,29.75,
98.75,29.75,
99.5,29.75,
100.25,29.75,
101.0,29.75,
101.75,29.75,
102.5,29.75,
103.25,29.75,
104.0,29.75,
104.75,29.75,
105.5,29.75,
106.25,29.75,
107.0,29.75,
107.75,29.75,
108.5,29.75,
109.25,29.75,
110.0,29.75,
110.75,29.75,
111.5,29.75,
112.25,29.75,
113.0,29.75,
113.75,29.75,
114.5,29.75,
115.25,29.75,
116.0,29.75,
116.75,29.75,
117.5,29.75,
118.25,29.75,
119.0,29.75,
119.75,29.75,
120.5,29.75,
121.25,29.75,
122.0,29.75,
122.75,29.75,
123.5,29.75,
124.25,29.75,
125.0,29.75,
125.75,29.75,
126.5,29.75,
127.25,29.75,
128.0,29.75,
128.75,29.75,
129.5,29.75,
130.25,29.75,
131.0,29.75,
131.75,29.75,
132.5,29.75,
133.25,29.75,
134.0,29.75,
134.75,29.75,
135.5,29.75,
136.25,29.75,
137.0,29.75,
137.75,29.75,
138.5,29.75,
139.25,29.75,
140.0,29.75,
140.75,29.75,
141.5,29.75,
142.25,29.75,
143.0,29.75,
143.75,29.75,
144.5,29.75,
145.25,29.75,
146.0,29.75,
146.75,29.75,
147.5,29.75,
148.25,29.75,
149.0,29.75,
149.75,29.75,
150.5,29.75,
151.25,29.75,
152.0,29.75,
152.75,29.75,
153.5,29.75,
154.25,29.75,
155.0,29.75,
155.75,29.75,
156.5,29.75,
157.25,29.75,
158.0,29.75,
158.75,29.75,
159.5,29.75,
160.25,29.75,
161.0,29.75,
161.75,29.75,
162.5,29.75,
163.25,29.75,
164.0,29.75,
164.75,29.75,
165.5,29.75,
166.25,29.75,
167.0,29.75,
167.75,29.75,
168.5,29.75,
169.25,29.75,
170.0,29.75,
170.75,29.75,
171.5,29.75,
172.25,29.75,
173.0,29.75,
173.75,29.75,
174.5,29.75,
175.25,29.75,
176.0,29.75,
176.75,29.75,
177.5,29.75,-80.96806387225547
178.25,29.75,-82.91213700343776
179.0,29.75,-82.80297099028301
179.75,29.75,-82.82555834170837
180.5,29.75,-82.60774754634424
181.25,29.75,-82.2514808728303
182.0,29.75,-81.67223129772673
182.75,29.75,-80.9923090095871
183.5,29.75,-81.78705131189712
184.25,29.75,-83.60927704223867
185.0,29.75,-84.81494774196013
185.75,29.75,-84.54156154473712
186.5,29.75,-84.3399992848022
187.25,29.75,-84.37010830017284
188.0,29.75,-84.4291007552789
188.75,29.75,-84.46868461636436
189.5,29.75,-85.36323197333509
190.25,29.75,-85.31097885608895
191.0,29.75,-86.1029241572465
191.75,29.75,-85.07730694202516
192.5,29.75,-85.10105853492945
193.25,29.75,-85.16026220888388
194.0,29.75,-85.37922796528031
194.75,29.75,-85.83279076879894
195.5,29.75,-85.0633304452719
196.25,29.75,-82.66301866523432
197.0,29.75,-81.50233323576064
197.75,29.75,-82.04847589633408
198.5,29.75,-82.2224603880075
199.25,29.75,-82.19778784072042
200.0,29.75,-82.62275003873896
200.75,29.75,-82.88031044043967
201.5,29.75,-82.99926316952156
202.25,29.75,-83.05517207945162
203.0,29.75,-83.58586372578206
203.75,29.75,-83.62800661964525
204.5,29.75,-82.96806387225548
205.25,29.75,
206.0,29.75,
206.75,29.75,
207.5,29.75,
208.25,29.75,
209.0,29.75,
209.75,29.75,-90.22529644268775
210.5,29.75,-89.99228791773778
211.25,29.75,-89.72073566681254
212.0,29.75,-89.1185849159205
212.75,29.75,-88.54299118361902
213.5,29.75,-88.20990040034515
214.25,29.75,-86.75369895831756
215.0,29.75,-85.96867306537216
215.75,29.75,-87.78549391186127
216.5,29.75,-90.08913536934264
217.25,29.75,-90.83877516241884
218.0,29.75,-92.2677368748053
218.75,29.75,-92.95107955825394
219.5,29.75,-93.58014587633576
220.25,29.75,-95.32728062249664
221.0,29.75,-96.57729466339937
221.75,29.75,-96.71113639700484
222.5,29.75,-96.3528881291937
223.25,29.75,-96.41811902040841
224.0,29.75,-96.20541408870736
224.75,29.75,-96.07435206045936
225.5,29.75,-97.08249370277078
226.25,29.75,-97.00680933852138
227.0,29.75,
227.75,29.75,
228.5,29.75,
229.25,29.75,
230.0,29.75,
230.75,29.75,
77.0,30.5,
77.75,30.5,
78.5,30.5,
79.25,30.5,
80.0,30.5,
80.75,30.5,
81.5,30.5,
82.25,30.5,
83.0,30.5,
83.75,30.5,
84.5,30.5,
85.25,30.5,
86.0,30.5,
86.75,30.5,
87.5,30.5,
88.25,30.5,
89.0,30.5,
89.75,30.5,
90.5,30.5,
91.25,30.5,
92.0,30.5,
92.75,30.5,
93.5,30.5,
94.25,30.5,
95.0,30.5,
95.75,30.5,
96.5,30.5,
97.25,30.5,
98.0,30.5,
98.75,30.5,
99.5,30.5,
100.25,30.5,
101.0,30.5,
101.75,30.5,
102.5,30.5,
103.25,30.5,
104.0,30.5,
104.75,30.5,
105.5,30.5,
106.25,30.5,
107.0,30.5,
107.75,30.5,
108.5,30.5,
109.25,30.5,
110.0,30.5,
110.75,30.5,
111.5,30.5,
112.25,30.5,
113.0,30.5,
113.75,30.5,
114.5,30.5,
115.25,30.5,
116.0,30.5,
116.75,30.5,
117.5,30.5,
118.25,30.5,
119.0,30.5,
119.75,30.5,
120.5,30.5,
121.25,30.5,
122.0,30.5,
122.75,30.5,
123.5,30.5,
124.25,30.5,
125.0,30.5,
125.75,30.5,
126.5,30.5,
127.25,30.5,
128.0,30.5,
128.75,30.5,
129.5,30.5,
130.25,30.5,
131.0,30.5,
131.75,30.5,
132.5,30.5,
133.25,30.5,
134.0,30.5,
134.75,30.5,
135.5,30.5,
136.25,30.5,
137.0,30.5,
137.75,30.5,
138.5,30.5,
139.25,30.5,
140.0,30.5,
140.75,30.5,
141.5,30.5,
142.25,30.5,
143.0,30.5,
143.75,30.5,
144.5,30.5,
145.25,30.5,
146.0,30.5,
146.75,30.5,
147.5,30.5,
148.25,30.5,
149.0,30.5,
149.75,30.5,
150.5,30.5,
151.25,30.5,
152.0,30.5,
152.75,30.5,
153.5,30.5,
154.25,30.5,
155.0,30.5,
155.75,30.5,
156.5,30.5,
157.25,30.5,
158.0,30.5,
158.75,30.5,
159.5,30.5,
160.25,30.5,
161.0,30.5,
161.75,30.5,
162.5,30.5,
163.25,30.5,
164.0,30.5,
164.75,30.5,
165.5,30.5,
166.25,30.5,
167.0,30.5,
167.75,30.5,
168.5,30.5,
169.25,30.5,
170.0,30.5,
170.75,30.5,
171.5,30.5,
172.25,30.5,
173.0,30.5,
173.75,30.5,
174.5,30.5,
175.25,30.5,
176.0,30.5,
176.75,30.5,
177.5,30.5,-81.06349206349208
178.25,30.5,-82.96192454290197
179.0,30.5,-82.88256897077851
179.75,30.5,-82.89683215343338
180.5,30.5,-82.76544450751328
181.25,30.5,-82.6137773921689
182.0,30.5,-82.54069923357234
182.75,30.5,-82.72280273844396
183.5,30.5,-82.62034436439126
184.25,30.5,-82.01952582231577
185.0,30.5,-81.00147113277222
185.75,30.5,-82.17150438677355
186.5,30.5,-83.25968525281426
187.25,30.5,-83.7911596036017
188.0,30.5,-84.06385734831818
188.75,30.5,-84.72379380740097
189.5,30.5,-85.13545214521604
190.25,30.5,-84.72922212546489
191.0,30.5,-85.84558225606003
191.75,30.5,-84.80751045207468
192.5,30.5,-84.6861202149831
193.25,30.5,-84.42878666731792
194.0,30.5,-83.84603836811179
194.75,30.5,-82.68313897356813
195.5,30.5,-82.7698436927586
196.25,30.5,-82.6341613730222
197.0,30.5,-82.25539352776667
197.75,30.5,-82.37514877038082
198.5,30.5,-83.64797289046282
199.25,30.5,-84.17119649875836
200.0,30.5,-83.62760957254451
200.75,30.5,-83.31040390395479
201.5,30.5,-83.2060714713635
202.25,30.5,-83.16722958411128
203.0,30.5,-83.65706440113946
203.75,30.5,-83.67238765491538
204.5,30.5,-83.06349206349205
205.25,30.5,
206.0,30.5,
206.75,30.5,
207.5,30.5,
208.25,30.5,
209.0,30.5,
209.75,30.5,
210.5,30.5,-89.72727272727272
211.25,30.5,-89.50027362073945
212.0,30.5,-89.09141428174493
212.75,30.5,-88.47441296399543
213.5,30.5,-88.71305738171984
214.25,30.5,-88.11344946745287
215.0,30.5,-88.08382670926005
215.75,30.5,-89.49427652690022
216.5,30.5,-90.83065596600439
217.25,30.5,-92.10047124378555
218.0,30.5,-93.78775204056232
218.75,30.5,-95.2607805990947
219.5,30.5,-95.47967104871809
220.25,30.5,-96.99873660073955
221.0,30.5,-98.81896827182618
221.75,30.5,-98.17323575271264
222.5,30.5,-97.17973141786382
223.25,30.5,-96.91596833204747
224.0,30.5,-96.59391214984619
224.75,30.5,-96.33245463087015
225.5,30.5,-97.37264150943398
226.25,30.5,
227.0,30.5,
227.75,30.5,
228.5,30.5,
229.25,30.5,
230.0,30.5,
230.75,30.5,
77.0,31.25,
77.75,31.25,
78.5,31.25,
79.25,31.25,
80.0,31.25,
80.75,31.25,
81.5,31.25,
82.25,31.25,
83.0,31.25,
83.75,31.25,
84.5,31.25,
85.25,31.25,
86.0,31.25,
86.75,31.25,
87.5,31.25,
88.25,31.25,
89.0,31.25,
89.75,31.25,
90.5,31.25,
91.25,31.25,
92.0,31.25,
92.75,31.25,
93.5,31.25,
94.25,31.25,
95.0,31.25,
95.75,31.25,
96.5,31.25,
97.25,31.25,
98.0,31.25,
98.75,31.25,
99.5,31.25,
100.25,31.25,
101.0,31.25,
101.75,31.25,
102.5,31.25,
103.25,31.25,
104.0,31.25,
104.75,31.25,
105.5,31.25,
106.25,31.25,
107.0,31.25,
107.75,31.25,
108.5,31.25,
109.25,31.25,
110.0,31.25,
110.75,31.25,
111.5,31.25,
112.25,31.25,
113.0,31.25,
113.75,31.25,
114.5,31.25,
115.25,31.25,
116.0,31.25,
116.75,31.25,
117.5,31.25,
118.25,31.25,
119.0,31.25,
119.75,31.25,
120.5,31.25,
121.25,31.25,
122.0,31.25,
122.75,31.25,
123.5,31.25,
124.25,31.25,
125.0,31.25,
125.75,31.25,
126.5,31.25,
127.25,31.25,
128.0,31.25,
128.75,31.25,
129.5,31.25,
130.25,31.25,
131.0,31.25,
131.75,31.25,
132.5,31.25,
133.25,31.25,
134.0,31.25,
134.75,31.25,
135.5,31.25,
136.25,31.25,
137.0,31.25,
137.75,31.25,
138.5,31.25,
139.25,31.25,
140.0,31.25,
140.75,31.25,
141.5,31.25,
142.25,31.25,
143.0,31.25,
143.75,31.25,
144.5,31.25,
145.25,31.25,
146.0,31.25,
146.75,31.25,
147.5,31.25,
148.25,31.25,
149.0,31.25,
149.75,31.25,
150.5,31.25,
151.25,31.25,
152.0,31.25,
152.75,31.25,
153.5,31.25,
154.25,31.25,
155.0,31.25,
155.75,31.25,
156.5,31.25,
157.25,31.25,
158.0,31.25,
158.75,31.25,
159.5,31.25,
160.25,31.25,
161.0,31.25,
161.75,31.25,
162.5,31.25,
163.25,31.25,
164.0,31.25,
164.75,31.25,
165.5,31.25,
166.25,31.25,
167.0,31.25,
167.75,31.25,
168.5,31.25,
169.25,31.25,
170.0,31.25,
170.75,31.25,
171.5,31.25,
172.25,31.25,
173.0,31.25,
173.75,31.25,
174.5,31.25,
175.25,31.25,
176.0,31.25,
176.75,31.25,
177.5,31.25,-82.4170749992503
178.25,31.25,-82.44107964153547
179.0,31.25,-83.16166366271906
179.75,31.25,-82.78909064498515
180.5,31.25,-82.78084839511277
181.25,31.25,-82.81788021274286
182.0,31.25,-83.02142009526558
182.75,31.25,-83.00430345587588
183.5,31.25,-82.92473360267904
184.25,31.25,-81.8694216983695
185.0,31.25,-80.27481723470073
185.75,31.25,-81.5624526327186
186.5,31.25,-83.00656004042068
187.25,31.25,-83.56997320785874
188.0,31.25,-84.31090826039029
188.75,31.25,-84.52827925113668
189.5,31.25,-84.00645472231884
190.25,31.25,-84.6710542285935
191.0,31.25,-85.55847159207323
191.75,31.25,-85.09404617543694
192.5,31.25,-84.11164780658305
193.25,31.25,-83.87084597689346
194.0,31.25,-83.06483643101748
194.75,31.25,-82.23562333724455
195.5,31.25,-82.42792182973075
196.25,31.25,-82.54780787590161
197.0,31.25,-82.48121742105002
197.75,31.25,-82.6654284256988
198.5,31.25,-84.15439893614469
199.25,31.25,-84.69799838682641
200.0,31.25,-83.79263313507452
200.75,31.25,-83.91455862098225
201.5,31.25,-83.83566602494056
202.25,31.25,-84.3091107066216
203.0,31.25,-84.58774245393175
203.75,31.25,-83.46075107629215
204.5,31.25,-83.4309892943893
205.25,31.25,
206.0,31.25,
206.75,31.25,
207.5,31.25,
208.25,31.25,
209.0,31.25,
209.75,31.25,
210.5,31.25,
211.25,31.25,-89.22439024390243
212.0,31.25,-89.07268260038703
212.75,31.25,-88.66858789625363
213.5,31.25,-89.43586392226558
214.25,31.25,-89.23404734935716
215.0,31.25,-89.42114679587677
215.75,31.25,-90.69263152585587
216.5,31.25,-91.74307244496268
217.25,31.25,-93.04590053782566
218.0,31.25,-94.62857718854804
218.75,31.25,-95.81995740618119
219.5,31.25,-95.91436544967817
220.25,31.25,-97.645156915228
221.0,31.25,-99.35147268647682
221.75,31.25,-98.60944721622145
222.5,31.25,-97.56263982044888
223.25,31.25,-97.25739740820735
224.0,31.25,-96.8130602562646
224.75,31.25,-97.40432839461488
225.5,31.25,
226.25,31.25,
227.0,31.25,
227.75,31.25,
228.5,31.25,
229.25,31.25,
230.0,31.25,
230.75,31.25,
77.0,32.0,
77.75,32.0,
78.5,32.0,
79.25,32.0,
80.0,32.0,
80.75,32.0,
81.5,32.0,
82.25,32.0,
83.0,32.0,
83.75,32.0,
84.5,32.0,
85.25,32.0,
86.0,32.0,
86.75,32.0,
87.5,32.0,
88.25,32.0,
89.0,32.0,
89.75,32.0,
90.5,32.0,
91.25,32.0,
92.0,32.0,
92.75,32.0,
93.5,32.0,
94.25,32.0,
95.0,32.0,
95.75,32.0,
96.5,32.0,
97.25,32.0,
98.0,32.0,
98.75,32.0,
99.5,32.0,
100.25,32.0,
101.0,32.0,
101.75,32.0,
102.5,32.0,
103.25,32.0,
104.0,32.0,
104.75,32.0,
105.5,32.0,
106.25,32.0,
107.0,32.0,
107.75,32.0,
108.5,32.0,
109.25,32.0,
110.0,32.0,
110.75,32.0,
111.5,32.0,
112.25,32.0,
113.0,32.0,
113.75,32.0,
114.5,32.0,
115.25,32.0,
116.0,32.0,
116.75,32.0,
117.5,32.0,
118.25,32.0,
119.0,32.0,
119.75,32.0,
120.5,32.0,
121.25,32.0,
122.0,32.0,
122.75,32.0,
123.5,32.0,
124.25,32.0,
125.0,32.0,
125.75,32.0,
126.5,32.0,
127.25,32.0,
128.0,32.0,
128.75,32.0,
129.5,32.0,
130.25,32.0,
131.0,32.0,
131.75,32.0,
132.5,32.0,
133.25,32.0,
134.0,32.0,
134.75,32.0,
135.5,32.0,
136.25,32.0,
137.0,32.0,
137.75,32.0,
138.5,32.0,
139.25,32.0,
140.0,32.0,
140.75,32.0,
141.5,32.0,
142.25,32.0,
143.0,32.0,
143.75,32.0,
144.5,32.0,
145.25,32.0,
146.0,32.0,
146.75,32.0,
147.5,32.0,
148.25,32.0,
149.0,32.0,
149.75,32.0,
150.5,32.0,
151.25,32.0,
152.0,32.0,
152.75,32.0,
153.5,32.0,
154.25,32.0,
155.0,32.0,
155.75,32.0,
156.5,32.0,
157.25,32.0,
158.0,32.0,
158.75,32.0,
159.5,32.0,
160.25,32.0,
161.0,32.0,
161.75,32.0,
162.5,32.0,
163.25,32.0,
164.0,32.0,
164.75,32.0,
165.5,32.0,
166.25,32.0,
167.0,32.0,
167.75,32.0,
168.5,32.0,
169.25,32.0,
170.0,32.0,
170.75,32.0,
171.5,32.0,
172.25,32.0,
173.0,32.0,
173.75,32.0,
174.5,32.0,
175.25,32.0,
176.0,32.0,
176.75,32.0,
177.5,32.0,-84.00000000000001
178.25,32.0,-82.93140589569163
179.0,32.0,-82.98809523809523
179.75,32.0,-83.05682666003482
180.5,32.0,-83.15792546979509
181.25,32.0,-83.30801092033242
182.0,32.0,-83.49999999999999
182.75,32.0,-83.63763133285661
183.5,32.0,-83.52462380300956
184.25,32.0,-83.5742605412209
185.0,32.0,-83.364406779661
185.75,32.0,-83.43910176881359
186.5,32.0,-83.63063678600712
187.25,32.0,-83.7979964177115
188.0,32.0,-83.91409691629956
188.75,32.0,-83.99029970644003
189.5,32.0,-84.0372922290098
190.25,32.0,-84.4049774289378
191.0,32.0,-85.01190476190474
191.75,32.0,-84.18257580799393
192.5,32.0,-84.1377800191103
193.25,32.0,-84.06241384848038
194.0,32.0,-83.96428571428571
194.75,32.0,-83.85388360195832
195.5,32.0,-83.52633378932967
196.25,32.0,-82.51651435382935
197.0,32.0,-82.10714285714283
197.75,32.0,-82.63571570477798
198.5,32.0,-83.74418604651163
199.25,32.0,-84.12734473843449
200.0,32.0,-84.14285714285714
200.75,32.0,-84.1115988383764
201.5,32.0,-84.08589022189192
202.25,32.0,-84.06291967172344
203.0,32.0,-84.80357142857143
203.75,32.0,-84.82057823129253
204.5,32.0,-84.5
205.25,32.0,
206.0,32.0,
206.75,32.0,
207.5,32.0,
208.25,32.0,
209.0,32.0,
209.75,32.0,
210.5,32.0,
211.25,32.0,
212.0,32.0,-89.14285714285714
212.75,32.0,-88.86394812561757
213.5,32.0,-89.76664291340059
214.25,32.0,-90.01263750603174
215.0,32.0,-90.26395127053469
215.75,32.0,-91.5554496679222
216.5,32.0,-92.40788489819394
217.25,32.0,-93.46279407328456
218.0,32.0,-94.57865583456424
218.75,32.0,-95.31081015109856
219.5,32.0,-95.82798945793934
220.25,32.0,-97.2149488011309
221.0,32.0,-98.11678004535148
221.75,32.0,-97.94843809261148
222.5,32.0,-97.74610886847856
223.25,32.0,-97.26201837441083
224.0,32.0,-96.87958715596329
224.75,32.0,-98.426844783715
225.5,32.0,
226.25,32.0,
227.0,32.0,
227.75,32.0,
228.5,32.0,
229.25,32.0,
230.0,32.0,
230.75,32.0,
77.0,32.75,
77.75,32.75,
78.5,32.75,
79.25,32.75,
80.0,32.75,
80.75,32.75,
81.5,32.75,
82.25,32.75,
83.0,32.75,
83.75,32.75,
84.5,32.75,
85.25,32.75,
86.0,32.75,
86.75,32.75,
87.5,32.75,
88.25,32.75,
89.0,32.75,
89.75,32.75,
90.5,32.75,
91.25,32.75,
92.0,32.75,
92.75,32.75,
93.5,32.75,
94.25,32.75,
95.0,32.75,
95.75,32.75,
96.5,32.75,
97.25,32.75,
98.0,32.75,
98.75,32.75,
99.5,32.75,
100.25,32.75,
101.0,32.75,
101.75,32.75,
102.5,32.75,
103.25,32.75,
104.0,32.75,
104.75,32.75,
105.5,32.75,
106.25,32.75,
107.0,32.75,
107.75,32.75,
108.5,32.75,
109.25,32.75,
110.0,32.75,
110.75,32.75,
111.5,32.75,
112.25,32.75,
113.0,32.75,
113.75,32.75,
114.5,32.75,
115.25,32.75,
116.0,32.75,
116.75,32.75,
117.5,32.75,
118.25,32.75,
119.0,32.75,
119.75,32.75,
120.5,32.75,
121.25,32.75,
122.0,32.75,
122.75,32.75,
123.5,32.75,
124.25,32.75,
125.0,32.75,
125.75,32.75,
126.5,32.75,
127.25,32.75,
128.0,32.75,
128.75,32.75,
129.5,32.75,
130.25,32.75,
131.0,32.75,
131.75,32.75,
132.5,32.75,
133.25,32.75,
134.0,32.75,
134.75,32.75,
135.5,32.75,
136.25,32.75,
137.0,32.75,
137.75,32.75,
138.5,32.75,
139.25,32.75,
140.0,32.75,
140.75,32.75,
141.5,32.75,
142.25,32.75,
143.0,32.75,
143.75,32.75,
144.5,32.75,
145.25,32.75,
146.0,32.75,
146.75,32.75,
147.5,32.75,
148.25,32.75,
149.0,32.75,
149.75,32.75,
150.5,32.75,
151.25,32.75,
152.0,32.75,
152.75,32.75,
153.5,32.75,
154.25,32.75,
155.0,32.75,
155.75,32.75,
156.5,32.75,
157.25,32.75,
158.0,32.75,
158.75,32.75,
159.5,32.75,
160.25,32.75,
161.0,32.75,
161.75,32.75,
162.5,32.75,
163.25,32.75,
164.0,32.75,
164.75,32.75,
165.5,32.75,
166.25,32.75,
167.0,32.75,
167.75,32.75,
168.5,32.75,
169.25,32.75,
170.0,32.75,
170.75,32.75,
171.5,32.75,
172.25,32.75,
173.0,32.75,
173.75,32.75,
174.5,32.75,
175.25,32.75,
176.0,32.75,
176.75,32.75,
177.5,32.75,-84.0325306624284
178.25,32.75,-84.04332943934779
179.0,32.75,-83.95670500124021
179.75,32.75,-84.18862993858929
180.5,32.75,-83.45870432070824
181.25,32.75,-83.71380261912466
182.0,32.75,-84.36130951358412
182.75,32.75,-84.84839487568438
183.5,32.75,-84.67678662278331
184.25,32.75,-84.82199236344368
185.0,32.75,-85.80931509364282
185.75,32.75,-84.90478346807602
186.5,32.75,-84.32296801213876
187.25,32.75,-84.10954581963446
188.0,32.75,-84.24967254202139
188.75,32.75,-84.2730368195489
189.5,32.75,-84.09050358602964
190.25,32.75,-83.94671278519532
191.0,32.75,-85.02390216527466
191.75,32.75,-84.21733915845884
192.5,32.75,-84.25450591073218
193.25,32.75,-84.3770445741337
194.0,32.75,-84.65591326608808
194.75,32.75,-85.64449645583107
195.5,32.75,-84.92391060531209
196.25,32.75,-82.12701239732587
197.0,32.75,-80.28986448909725
197.75,32.75,-82.15900146600973
198.5,32.75,-83.87900066371051
199.25,32.75,-84.0589820741894
200.0,32.75,-84.40748177252486
200.75,32.75,-84.37059933193119
201.5,32.75,-84.37253691701542
202.25,32.75,-84.41165753678092
203.0,32.75,-84.88568493179154
203.75,32.75,-85.99392619944285
204.5,32.75,-86.03412900710708
205.25,32.75,
206.0,32.75,
206.75,32.75,
207.5,32.75,
208.25,32.75,
209.0,32.75,
209.75,32.75,
210.5,32.75,
211.25,32.75,
212.0,32.75,
212.75,32.75,-86.2390243902439
213.5,32.75,-90.24640937281436
214.25,32.75,-90.33704401936602
215.0,32.75,-90.8108350658306
215.75,32.75,-92.13571820754989
216.5,32.75,-92.81058180415228
217.25,32.75,-93.31747513453283
218.0,32.75,-94.23025058710037
218.75,32.75,-94.96442198274922
219.5,32.75,-95.5164112963175
220.25,32.75,-96.64873119440998
221.0,32.75,-97.12663024621884
221.75,32.75,-97.61687802240212
222.5,32.75,-97.40736782393827
223.25,32.75,-97.51955766770244
224.0,32.75,-98.44781931464173
224.75,32.75,
225.5,32.75,
226.25,32.75,
227.0,32.75,
227.75,32.75,
228.5,32.75,
229.25,32.75,
230.0,32.75,
230.75,32.75,
77.0,33.5,
77.75,33.5,
78.5,33.5,
79.25,33.5,
80.0,33.5,
80.75,33.5,
81.5,33.5,
82.25,33.5,
83.0,33.5,
83.75,33.5,
84.5,33.5,
85.25,33.5,
86.0,33.5,
86.75,33.5,
87.5,33.5,
88.25,33.5,
89.0,33.5,
89.75,33.5,
90.5,33.5,
91.25,33.5,
92.0,33.5,
92.75,33.5,
93.5,33.5,
94.25,33.5,
95.0,33.5,
95.75,33.5,
96.5,33.5,
97.25,33.5,
98.0,33.5,
98.75,33.5,
99.5,33.5,
100.25,33.5,
101.0,33.5,
101.75,33.5,
102.5,33.5,
103.25,33.5,
104.0,33.5,
104.75,33.5,
105.5,33.5,
106.25,33.5,
107.0,33.5,
107.75,33.5,
108.5,33.5,
109.25,33.5,
110.0,33.5,
110.75,33.5,
111.5,33.5,
112.25,33.5,
113.0,33.5,
113.75,33.5,
114.5,33.5,
115.25,33.5,
116.0,33.5,
116.75,33.5,
117.5,33.5,
118.25,33.5,
119.0,33.5,
119.75,33.5,
120.5,33.5,
121.25,33.5,
122.0,33.5,
122.75,33.5,
123.5,33.5,
124.25,33.5,
125.0,33.5,
125.75,33.5,
126.5,33.5,
127.25,33.5,
128.0,33.5,
128.75,33.5,
129.5,33.5,
130.25,33.5,
131.0,33.5,
131.75,33.5,
132.5,33.5,
133.25,33.5,
134.0,33.5,
134.75,33.5,
135.5,33.5,
136.25,33.5,
137.0,33.5,
137.75,33.5,
138.5,33.5,
139.25,33.5,
140.0,33.5,
140.75,33.5,
141.5,33.5,
142.25,33.5,
143.0,33.5,
143.75,33.5,
144.5,33.5,
145.25,33.5,
146.0,33.5,
146.75,33.5,
147.5,33.5,
148.25,33.5,
149.0,33.5,
149.75,33.5,
150.5,33.5,
151.25,33.5,
152.0,33.5,
152.75,33.5,
153.5,33.5,
154.25,33.5,
155.0,33.5,
155.75,33.5,
156.5,33.5,
157.25,33.5,
158.0,33.5,
158.75,33.5,
159.5,33.5,
160.25,33.5,
161.0,33.5,
161.75,33.5,
162.5,33.5,
163.25,33.5,
164.0,33.5,
164.75,33.5,
165.5,33.5,
166.25,33.5,
167.0,33.5,
167.75,33.5,
168.5,33.5,
169.25,33.5,
170.0,33.5,
170.75,33.5,
171.5,33.5,
172.25,33.5,
173.0,33.5,
173.75,33.5,
174.5,33.5,
175.25,33.5,
176.0,33.5,
176.75,33.5,
177.5,33.5,-84.51587301587301
178.25,33.5,-85.03513356725942
179.0,33.5,-84.98429266488121
179.75,33.5,-84.94392462025951
180.5,33.5,-84.88552930703752
181.25,33.5,-84.83222602270826
182.0,33.5,-84.82711959582169
182.75,33.5,-84.72889947480729
183.5,33.5,-84.66052021003787
184.25,33.5,-84.85906257322611
185.0,33.5,-85.47092261041001
185.75,33.5,-85.01928293874008
186.5,33.5,-84.49945408681901
187.25,33.5,-84.23522111869974
188.0,33.5,-84.10515853688517
188.75,33.5,-83.28426401917926
189.5,33.5,-84.32727186550989
190.25,33.5,-84.05584602292224
191.0,33.5,-84.54554531038937
191.75,33.5,-84.49282405586716
192.5,33.5,-84.12033911394836
193.25,33.5,-84.36665603118836
194.0,33.5,-84.78897406628298
194.75,33.5,-85.37166858867405
195.5,33.5,-84.77057638295275
196.25,33.5,-82.62512947954802
197.0,33.5,-81.1031761885737
197.75,33.5,-82.84526043888353
198.5,33.5,-84.24276468433263
199.25,33.5,-84.4252876290797
200.0,33.5,-84.9544607959221
200.75,33.5,-85.1232620076703
201.5,33.5,-85.10141321200018
202.25,33.5,-85.03846032440441
203.0,33.5,-85.6708504591801
203.75,33.5,-85.6399429829527
204.5,33.5,-86.6626984126984
205.25,33.5,
206.0,33.5,
206.75,33.5,
207.5,33.5,
208.25,33.5,
209.0,33.5,
209.75,33.5,
210.5,33.5,
211.25,33.5,
212.0,33.5,
212.75,33.5,
213.5,33.5,-86.45454545454544
214.25,33.5,-89.32570835544735
215.0,33.5,-89.80353601417781
215.75,33.5,-91.92411748453554
216.5,33.5,-92.60275178051549
217.25,33.5,-93.3330642714487
218.0,33.5,-94.03702271062473
218.75,33.5,-94.65620187353487
219.5,33.5,-95.9727036899167
220.25,33.5,-96.38419309907522
221.0,33.5,-97.32213545173018
221.75,33.5,-97.44994120709725
222.5,33.5,-97.42582749456392
223.25,33.5,-98.38859649122807
224.0,33.5,-98.35215053763442
224.75,33.5,
225.5,33.5,
226.25,33.5,
227.0,33.5,
227.75,33.5,
228.5,33.5,
229.25,33.5,
230.0,33.5,
230.75,33.5,
77.0,34.25,
77.75,34.25,
78.5,34.25,
79.25,34.25,
80.0,34.25,
80.75,34.25,
81.5,34.25,
82.25,34.25,
83.0,34.25,
83.75,34.25,
84.5,34.25,
85.25,34.25,
86.0,34.25,
86.75,34.25,
87.5,34.25,
88.25,34.25,
89.0,34.25,
89.75,34.25,
90.5,34.25,
91.25,34.25,
92.0,34.25,
92.75,34.25,
93.5,34.25,
94.25,34.25,
95.0,34.25,
95.75,34.25,
96.5,34.25,
97.25,34.25,
98.0,34.25,
98.75,34.25,
99.5,34.25,
100.25,34.25,
101.0,34.25,
101.75,34.25,
102.5,34.25,
103.25,34.25,
104.0,34.25,
104.75,34.25,
105.5,34.25,
106.25,34.25,
107.0,34.25,
107.75,34.25,
108.5,34.25,
109.25,34.25,
110.0,34.25,
110.75,34.25,
111.5,34.25,
112.25,34.25,
113.0,34.25,
113.75,34.25,
114.5,34.25,
115.25,34.25,
116.0,34.25,
116.75,34.25,
117.5,34.25,
118.25,34.25,
119.0,34.25,
119.75,34.25,
120.5,34.25,
121.25,34.25,
122.0,34.25,
122.75,34.25,
123.5,34.25,
124.25,34.25,
125.0,34.25,
125.75,34.25,
126.5,34.25,
127.25,34.25,
128.0,34.25,
128.75,34.25,
129.5,34.25,
130.25,34.25,
131.0,34.25,
131.75,34.25,
132.5,34.25,
133.25,34.25,
134.0,34.25,
134.75,34.25,
135.5,34.25,
136.25,34.25,
137.0,34.25,
137.75,34.25,
138.5,34.25,
139.25,34.25,
140.0,34.25,
140.75,34.25,
141.5,34.25,
142.25,34.25,
143.0,34.25,
143.75,34.25,
144.5,34.25,
145.25,34.25,
146.0,34.25,
146.75,34.25,
147.5,34.25,
148.25,34.25,
149.0,34.25,
149.75,34.25,
150.5,34.25,
151.25,34.25,
152.0,34.25,
152.75,34.25,
153.5,34.25,
154.25,34.25,
155.0,34.25,
155.75,34.25,
156.5,34.25,
157.25,34.25,
158.0,34.25,
158.75,34.25,
159.5,34.25,
160.25,34.25,
161.0,34.25,
161.75,34.25,
162.5,34.25,
163.25,34.25,
164.0,34.25,
164.75,34.25,
165.5,34.25,
166.25,34.25,
167.0,34.25,
167.75,34.25,
168.5,34.25,
169.25,34.25,
170.0,34.25,
170.75,34.25,
171.5,34.25,
172.25,34.25,
173.0,34.25,
173.75,34.25,
174.5,34.25,
175.25,34.25,
176.0,34.25,
176.75,34.25,
177.5,34.25,-84.49201596806387
178.25,34.25,-85.19692011173316
179.0,34.25,-85.17269030048006
179.75,34.25,-85.10124862713607
180.5,34.25,-85.04323534307113
181.25,34.25,-84.93616328445026
182.0,34.25,-84.75172519989128
182.75,34.25,-84.53401710270988
183.5,34.25,-84.69127337253252
184.25,34.25,-84.8109175297972
185.0,34.25,-84.39863768916216
185.75,34.25,-84.45110432727613
186.5,34.25,-84.40780502726157
187.25,34.25,-84.30533735919911
188.0,34.25,-83.35808022739299
188.75,34.25,-83.09245961075402
189.5,34.25,-83.0731994868855
190.25,34.25,-83.64233727114579
191.0,34.25,-84.638614749686
191.75,34.25,-84.18354455621692
192.5,34.25,-84.31995567381958
193.25,34.25,-84.50246712517881
194.0,34.25,-84.70722308249884
194.75,34.25,-84.81567400906687
195.5,34.25,-84.56098931722609
196.25,34.25,-84.33137505035585
197.0,34.25,-84.31159333964153
197.75,34.25,-84.71689942258628
198.5,34.25,-86.28556028816692
199.25,34.25,-87.03409985080187
200.0,34.25,-86.28506519027852
200.75,34.25,-85.71213444807064
201.5,34.25,-85.38901788238988
202.25,34.25,-85.19604172900276
203.0,34.25,-85.76542497753795
203.75,34.25,-85.69795298014343
204.5,34.25,-86.79391217564869
205.25,34.25,
206.0,34.25,
206.75,34.25,
207.5,34.25,
208.25,34.25,
209.0,34.25,
209.75,34.25,
210.5,34.25,
211.25,34.25,
212.0,34.25,
212.75,34.25,
213.5,34.25,
214.25,34.25,-89.65821148924309
215.0,34.25,-90.07759841858008
215.75,34.25,-90.60301786223205
216.5,34.25,-92.73857050468993
217.25,34.25,-93.31394952446799
218.0,34.25,-95.17546360470129
218.75,34.25,-95.48576971148837
219.5,34.25,-95.79624758176742
220.25,34.25,-96.85762252025168
221.0,34.25,-97.04922912532437
221.75,34.25,-97.15673349521352
222.5,34.25,-98.24122807017544
223.25,34.25,-98.26412429378531
224.0,34.25,-98.2579365079365
224.75,34.25,
225.5,34.25,
226.25,34.25,
227.0,34.25,
227.75,34.25,
228.5,34.25,
229.25,34.25,
230.0,34.25,
230.75,34.25,
77.0,35.0,
77.75,35.0,
78.5,35.0,
79.25,35.0,
80.0,35.0,
80.75,35.0,
81.5,35.0,
82.25,35.0,
83.0,35.0,
83.75,35.0,
84.5,35.0,
85.25,35.0,
86.0,35.0,
86.75,35.0,
87.5,35.0,
88.25,35.0,
89.0,35.0,
89.75,35.0,
90.5,35.0,
91.25,35.0,
92.0,35.0,
92.75,35.0,
93.5,35.0,
94.25,35.0,
95.0,35.0,
95.75,35.0,
96.5,35.0,
97.25,35.0,
98.0,35.0,
98.75,35.0,
99.5,35.0,
100.25,35.0,
101.0,35.0,
101.75,35.0,
102.5,35.0,
103.25,35.0,
104.0,35.0,
104.75,35.0,
105.5,35.0,
106.25,35.0,
107.0,35.0,
107.75,35.0,
108.5,35.0,
109.25,35.0,
110.0,35.0,
110.75,35.0,
111.5,35.0,
112.25,35.0,
113.0,35.0,
113.75,35.0,
114.5,35.0,
115.25,35.0,
116.0,35.0,
116.75,35.0,
117.5,35.0,
118.25,35.0,
119.0,35.0,
119.75,35.0,
120.5,35.0,
121.25,35.0,
122.0,35.0,
122.75,35.0,
123.5,35.0,
124.25,35.0,
125.0,35.0,
125.75,35.0,
126.5,35.0,
127.25,35.0,
128.0,35.0,
128.75,35.0,
129.5,35.0,
130.25,35.0,
131.0,35.0,
131.75,35.0,
132.5,35.0,
133.25,35.0,
134.0,35.0,
134.75,35.0,
135.5,35.0,
136.25,35.0,
137.0,35.0,
137.75,35.0,
138.5,35.0,
139.25,35.0,
140.0,35.0,
140.75,35.0,
141.5,35.0,
142.25,35.0,
143.0,35.0,
143.75,35.0,
144.5,35.0,
145.25,35.0,
146.0,35.0,
146.75,35.0,
147.5,35.0,
148.25,35.0,
149.0,35.0,
149.75,35.0,
150.5,35.0,
151.25,35.0,
152.0,35.0,
152.75,35.0,
153.5,35.0,
154.25,35.0,
155.0,35.0,
155.75,35.0,
156.5,35.0,
157.25,35.0,
158.0,35.0,
158.75,35.0,
159.5,35.0,
160.25,35.0,
161.0,35.0,
161.75,35.0,
162.5,35.0,
163.25,35.0,
164.0,35.0,
164.75,35.0,
165.5,35.0,
166.25,35.0,
167.0,35.0,
167.75,35.0,
168.5,35.0,
169.25,35.0,
170.0,35.0,
170.75,35.0,
171.5,35.0,
172.25,35.0,
173.0,35.0,
173.75,35.0,
174.5,35.0,
175.25,35.0,
176.0,35.0,
176.75,35.0,
177.5,35.0,-85.9155672823219
178.25,35.0,-85.8884045335658
179.0,35.0,-84.08333333333334
179.75,35.0,-84.21302677734114
180.5,35.0,-84.36584604738454
181.25,35.0,-85.28310541172027
182.0,35.0,-84.8593429158111
182.75,35.0,-84.10691313346636
183.5,35.0,-84.36136636036755
184.25,35.0,-84.53991177611827
185.0,35.0,-84.0000000000015
185.75,35.0,-84.46659869328876
186.5,35.0,-84.8762598629269
187.25,35.0,-83.49483135761486
188.0,35.0,-83.15549357505729
188.75,35.0,-82.22566684918878
189.5,35.0,-83.58401580976549
190.25,35.0,-83.77714220931088
191.0,35.0,-83.32142857142857
191.75,35.0,-84.22042408157446
192.5,35.0,-84.34457126371971
193.25,35.0,-84.50462129612674
194.0,35.0,-84.71255114161278
194.75,35.0,-84.96396850381417
195.5,35.0,-84.92967273429821
196.25,35.0,-84.82947351353037
197.0,35.0,-84.99999999999943
197.75,35.0,-85.34689140157523
198.5,35.0,-88.14262884538552
199.25,35.0,-89.18216069503141
200.0,35.0,-87.1252566735113
200.75,35.0,-85.98947806206988
201.5,35.0,-85.5539130882279
202.25,35.0,-85.24724290085142
203.0,35.0,-85.06944444444444
203.75,35.0,-85.88055797733216
204.5,35.0,-85.82849604221636
205.25,35.0,
206.0,35.0,
206.75,35.0,
207.5,35.0,
208.25,35.0,
209.0,35.0,
209.75,35.0,
210.5,35.0,
211.25,35.0,
212.0,35.0,
212.75,35.0,
213.5,35.0,
214.25,35.0,
215.0,35.0,
215.75,35.0,
216.5,35.0,
217.25,35.0,-97.35814249363867
218.0,35.0,-97.41666666666667
218.75,35.0,-97.51430976430976
219.5,35.0,-97.64855072463767
220.25,35.0,-97.80128205128206
221.0,35.0,-97.94444444444444
221.75,35.0,-98.05529595015575
222.5,35.0,-98.1263440860215
223.25,35.0,-98.16269841269842
224.0,35.0,
224.75,35.0,
225.5,35.0,
226.25,35.0,
227.0,35.0,
227.75,35.0,
228.5,35.0,
229.25,35.0,
230.0,35.0,
230.75,35.0,
77.0,35.75,
77.75,35.75,
78.5,35.75,
79.25,35.75,
80.0,35.75,
80.75,35.75,
81.5,35.75,
82.25,35.75,
83.0,35.75,
83.75,35.75,
84.5,35.75,
85.25,35.75,
86.0,35.75,
86.75,35.75,
87.5,35.75,
88.25,35.75,
89.0,35.75,
89.75,35.75,
90.5,35.75,
91.25,35.75,
92.0,35.75,
92.75,35.75,
93.5,35.75,
94.25,35.75,
95.0,35.75,
95.75,35.75,
96.5,35.75,
97.25,35.75,
98.0,35.75,
98.75,35.75,
99.5,35.75,
100.25,35.75,
101.0,35.75,
101.75,35.75,
102.5,35.75,
103.25,35.75,
104.0,35.75,
104.75,35.75,
105.5,35.75,
106.25,35.75,
107.0,35.75,
107.75,35.75,
108.5,35.75,
109.25,35.75,
110.0,35.75,
110.75,35.75,
111.5,35.75,
112.25,35.75,
113.0,35.75,
113.75,35.75,
114.5,35.75,
115.25,35.75,
116.0,35.75,
116.75,35.75,
117.5,35.75,
118.25,35.75,
119.0,35.75,
119.75,35.75,
120.5,35.75,
121.25,35.75,
122.0,35.75,
122.75,35.75,
123.5,35.75,
124.25,35.75,
125.0,35.75,
125.75,35.75,
126.5,35.75,
127.25,35.75,
128.0,35.75,
128.75,35.75,
129.5,35.75,
130.25,35.75,
131.0,35.75,
131.75,35.75,
132.5,35.75,
133.25,35.75,
134.0,35.75,
134.75,35.75,
135.5,35.75,
136.25,35.75,
137.0,35.75,
137.75,35.75,
138.5,35.75,
139.25,35.75,
140.0,35.75,
140.75,35.75,
141.5,35.75,
142.25,35.75,
143.0,35.75,
143.75,35.75,
144.5,35.75,
145.25,35.75,
146.0,35.75,
146.75,35.75,
147.5,35.75,
148.25,35.75,
149.0,35.75,
149.75,35.75,
150.5,35.75,
151.25,35.75,
152.0,35.75,
152.75,35.75,
153.5,35.75,
154.25,35.75,
155.0,35.75,
155.75,35.75,
156.5,35.75,
157.25,35.75,
158.0,35.75,
158.75,35.75,
159.5,35.75,
160.25,35.75,
161.0,35.75,
161.75,35.75,
162.5,35.75,
163.25,35.75,
164.0,35.75,
164.75,35.75,
165.5,35.75,
166.25,35.75,
167.0,35.75,
167.75,35.75,
168.5,35.75,
169.25,35.75,
170.0,35.75,
170.75,35.75,
171.5,35.75,
172.25,35.75,
173.0,35.75,
173.75,35.75,
174.5,35.75,
175.25,35.75,
176.0,35.75,
176.75,35.75,
177.5,35.75,-86.46007984031935
178.25,35.75,-83.99283803666157
179.0,35.75,-84.13151367444505
179.75,35.75,-84.35729033438936
180.5,35.75,-84.56418211598731
181.25,35.75,-84.8233211481877
182.0,35.75,-85.02653748309268
182.75,35.75,-84.94103421278713
183.5,35.75,-85.2746815951129
184.25,35.75,-85.01829824389395
185.0,35.75,-84.40586043464432
185.75,35.75,-84.40183832996026
186.5,35.75,-83.32919045020861
187.25,35.75,-82.8164929833986
188.0,35.75,-82.40338518397779
188.75,35.75,-82.25293446367003
189.5,35.75,-82.18722716179776
190.25,35.75,-83.41273083222376
191.0,35.75,-83.1579992220091
191.75,35.75,-83.86957329243748
192.5,35.75,-84.3293844348969
193.25,35.75,-83.96948461394756
194.0,35.75,-84.25908174823104
194.75,35.75,-84.52074501537736
195.5,35.75,-84.33953881955576
196.25,35.75,-84.68134887425765
197.0,35.75,-84.81550106358625
197.75,35.75,-85.23022693702163
198.5,35.75,-86.44891896399052
199.25,35.75,-87.0117574616587
200.0,35.75,-86.18231393479266
200.75,35.75,-85.54126293442083
201.5,35.75,-85.16511306299552
202.25,35.75,-84.9369365096591
203.0,35.75,-84.87050317254082
203.75,35.75,-84.75265928965568
204.5,35.75,-86.54790419161675
205.25,35.75,
206.0,35.75,
206.75,35.75,
207.5,35.75,
208.25,35.75,
209.0,35.75,
209.75,35.75,
210.5,35.75,
211.25,35.75,
212.0,35.75,
212.75,35.75,
213.5,35.75,
214.25,35.75,
215.0,35.75,
215.75,35.75,
216.5,35.75,
217.25,35.75,
218.0,35.75,-97.49603174603176
218.75,35.75,-97.57587064676616
219.5,35.75,-97.67650918635171
220.25,35.75,-97.78703703703705
221.0,35.75,-97.89249363867684
221.75,35.75,-97.98004694835682
222.5,35.75,-98.04350104821803
223.25,35.75,
224.0,35.75,
224.75,35.75,
225.5,35.75,
226.25,35.75,
227.0,35.75,
227.75,35.75,
228.5,35.75,
229.25,35.75,
230.0,35.75,
230.75,35.75,
77.0,36.5,
77.75,36.5,
78.5,36.5,
79.25,36.5,
80.0,36.5,
80.75,36.5,
81.5,36.5,
82.25,36.5,
83.0,36.5,
83.75,36.5,
84.5,36.5,
85.25,36.5,
86.0,36.5,
86.75,36.5,
87.5,36.5,
88.25,36.5,
89.0,36.5,
89.75,36.5,
90.5,36.5,
91.25,36.5,
92.0,36.5,
92.75,36.5,
93.5,36.5,
94.25,36.5,
95.0,36.5,
95.75,36.5,
96.5,36.5,
97.25,36.5,
98.0,36.5,
98.75,36.5,
99.5,36.5,
100.25,36.5,
101.0,36.5,
101.75,36.5,
102.5,36.5,
103.25,36.5,
104.0,36.5,
104.75,36.5,
105.5,36.5,
106.25,36.5,
107.0,36.5,
107.75,36.5,
108.5,36.5,
109.25,36.5,
110.0,36.5,
110.75,36.5,
111.5,36.5,
112.25,36.5,
113.0,36.5,
113.75,36.5,
114.5,36.5,
115.25,36.5,
116.0,36.5,
116.75,36.5,
117.5,36.5,
118.25,36.5,
119.0,36.5,
119.75,36.5,
120.5,36.5,
121.25,36.5,
122.0,36.5,
122.75,36.5,
123.5,36.5,
124.25,36.5,
125.0,36.5,
125.75,36.5,
126.5,36.5,
127.25,36.5,
128.0,36.5,
128.75,36.5,
129.5,36.5,
130.25,36.5,
131.0,36.5,
131.75,36.5,
132.5,36.5,
133.25,36.5,
134.0,36.5,
134.75,36.5,
135.5,36.5,
136.25,36.5,
137.0,36.5,
137.75,36.5,
138.5,36.5,
139.25,36.5,
140.0,36.5,
140.75,36.5,
141.5,36.5,
142.25,36.5,
143.0,36.5,
143.75,36.5,
144.5,36.5,
145.25,36.5,
146.0,36.5,
146.75,36.5,
147.5,36.5,
148.25,36.5,
149.0,36.5,
149.75,36.5,
150.5,36.5,
151.25,36.5,
152.0,36.5,
152.75,36.5,
153.5,36.5,
154.25,36.5,
155.0,36.5,
155.75,36.5,
156.5,36.5,
157.25,36.5,
158.0,36.5,
158.75,36.5,
159.5,36.5,
160.25,36.5,
161.0,36.5,
161.75,36.5,
162.5,36.5,
163.25,36.5,
164.0,36.5,
164.75,36.5,
165.5,36.5,
166.25,36.5,
167.0,36.5,
167.75,36.5,
168.5,36.5,
169.25,36.5,
170.0,36.5,
170.75,36.5,
171.5,36.5,
172.25,36.5,
173.0,36.5,
173.75,36.5,
174.5,36.5,
175.25,36.5,
176.0,36.5,
176.75,36.5,
177.5,36.5,-86.57936507936508
178.25,36.5,-83.79837501753177
179.0,36.5,-83.91630852266238
179.75,36.5,-84.19333759721628
180.5,36.5,-84.46527314787696
181.25,36.5,-84.98937790192078
182.0,36.5,-86.02894913793718
182.75,36.5,-87.42286455745787
183.5,36.5,-86.5695445109293
184.25,36.5,-84.77927190078779
185.0,36.5,-84.6932187784594
185.75,36.5,-84.04497091310277
186.5,36.5,-83.05742458625194
187.25,36.5,-82.44702214800876
188.0,36.5,-81.75650697155334
188.75,36.5,-81.67202873482357
189.5,36.5,-81.60568420057064
190.25,36.5,-81.90283040880331
191.0,36.5,-82.6012982300528
191.75,36.5,-82.78801737686939
192.5,36.5,-83.42266951461848
193.25,36.5,-83.54455697493232
194.0,36.5,-83.66674831177026
194.75,36.5,-83.70044006359534
195.5,36.5,-83.75643604183425
196.25,36.5,-83.90709616826618
197.0,36.5,-83.98581272800972
197.75,36.5,-83.90774870621621
198.5,36.5,-83.94684943216508
199.25,36.5,-83.89655545025398
200.0,36.5,-84.59182048152599
200.75,36.5,-84.7176663496556
201.5,36.5,-84.67080761866771
202.25,36.5,-84.60693622733709
203.0,36.5,-84.57606326576187
203.75,36.5,-84.53038840726103
204.5,36.5,-86.4047619047619
205.25,36.5,
206.0,36.5,
206.75,36.5,
207.5,36.5,
208.25,36.5,
209.0,36.5,
209.75,36.5,
210.5,36.5,
211.25,36.5,
212.0,36.5,
212.75,36.5,
213.5,36.5,
214.25,36.5,
215.0,36.5,
215.75,36.5,
216.5,36.5,
217.25,36.5,
218.0,36.5,
218.75,36.5,-97.61666666666667
219.5,36.5,-97.69444444444444
220.25,36.5,-97.77794411177642
221.0,36.5,-97.85852713178295
221.75,36.5,
222.5,36.5,
223.25,36.5,
224.0,36.5,
224.75,36.5,
225.5,36.5,
226.25,36.5,
227.0,36.5,
227.75,36.5,
228.5,36.5,
229.25,36.5,
230.0,36.5,
230.75,36.5,
77.0,37.25,
77.75,37.25,
78.5,37.25,
79.25,37.25,
80.0,37.25,
80.75,37.25,
81.5,37.25,
82.25,37.25,
83.0,37.25,
83.75,37.25,
84.5,37.25,
85.25,37.25,
86.0,37.25,
86.75,37.25,
87.5,37.25,
88.25,37.25,
89.0,37.25,
89.75,37.25,
90.5,37.25,
91.25,37.25,
92.0,37.25,
92.75,37.25,
93.5,37.25,
94.25,37.25,
95.0,37.25,
95.75,37.25,
96.5,37.25,
97.25,37.25,
98.0,37.25,
98.75,37.25,
99.5,37.25,
100.25,37.25,
101.0,37.25,
101.75,37.25,
102.5,37.25,
103.25,37.25,
104.0,37.25,
104.75,37.25,
105.5,37.25,
106.25,37.25,
107.0,37.25,
107.75,37.25,
108.5,37.25,
109.25,37.25,
110.0,37.25,
110.75,37.25,
111.5,37.25,
112.25,37.25,
113.0,37.25,
113.75,37.25,
114.5,37.25,
115.25,37.25,
116.0,37.25,
116.75,37.25,
117.5,37.25,
118.25,37.25,
119.0,37.25,
119.75,37.25,
120.5,37.25,
121.25,37.25,
122.0,37.25,
122.75,37.25,
123.5,37.25,
124.25,37.25,
125.0,37.25,
125.75,37.25,
126.5,37.25,
127.25,37.25,
128.0,37.25,
128.75,37.25,
129.5,37.25,
130.25,37.25,
131.0,37.25,
131.75,37.25,
132.5,37.25,
133.25,37.25,
134.0,37.25,
134.75,37.25,
135.5,37.25,
136.25,37.25,
137.0,37.25,
137.75,37.25,
138.5,37.25,
139.25,37.25,
140.0,37.25,
140.75,37.25,
141.5,37.25,
142.25,37.25,
143.0,37.25,
143.75,37.25,
144.5,37.25,
145.25,37.25,
146.0,37.25,
146.75,37.25,
147.5,37.25,
148.25,37.25,
149.0,37.25,
149.75,37.25,
150.5,37.25,
151.25,37.25,
152.0,37.25,
152.75,37.25,
153.5,37.25,
154.25,37.25,
155.0,37.25,
155.75,37.25,
156.5,37.25,
157.25,37.25,
158.0,37.25,
158.75,37.25,
159.5,37.25,
160.25,37.25,
161.0,37.25,
161.75,37.25,
162.5,37.25,
163.25,37.25,
164.0,37.25,
164.75,37.25,
165.5,37.25,
166.25,37.25,
167.0,37.25,
167.75,37.25,
168.5,37.25,
169.25,37.25,
170.0,37.25,
170.75,37.25,
171.5,37.25,
172.25,37.25,
173.0,37.25,
173.75,37.25,
174.5,37.25,
175.25,37.25,
176.0,37.25,
176.75,37.25,
177.5,37.25,-83.17656760728102
178.25,37.25,-83.23631863149554
179.0,37.25,-83.5874198820692
179.75,37.25,-83.28018679157145
180.5,37.25,-83.51997067456155
181.25,37.25,-84.01816282888679
182.0,37.25,-85.45338016843378
182.75,37.25,-88.13079983204408
183.5,37.25,-86.897763859984
184.25,37.25,-84.42554104154011
185.0,37.25,-84.77097182116852
185.75,37.25,-83.33234130478019
186.5,37.25,-82.07151501335598
187.25,37.25,-81.17628072075289
188.0,37.25,-80.87978487208917
188.75,37.25,-81.09331595554416
189.5,37.25,-81.36056500340995
190.25,37.25,-81.6105020658978
191.0,37.25,-83.44621187489415
191.75,37.25,-82.30487702048714
192.5,37.25,-83.4990245725316
193.25,37.25,-81.55104732114094
194.0,37.25,-81.61835010217136
194.75,37.25,-82.9880746846863
195.5,37.25,-82.49996204759064
196.25,37.25,-82.95095391574634
197.0,37.25,-83.8090986522521
197.75,37.25,-83.16367349088516
198.5,37.25,-83.28529619235282
199.25,37.25,-83.43397813253583
200.0,37.25,-83.31962859835589
200.75,37.25,-83.30616309540676
201.5,37.25,-83.33346687484124
202.25,37.25,-84.19916690645111
203.0,37.25,-84.28033956069333
203.75,37.25,-84.33838053769678
204.5,37.25,-84.37438750112453
205.25,37.25,
206.0,37.25,
206.75,37.25,
207.5,37.25,
208.25,37.25,
209.0,37.25,
209.75,37.25,
210.5,37.25,
211.25,37.25,
212.0,37.25,
212.75,37.25,
213.5,37.25,
214.25,37.25,
215.0,37.25,
215.75,37.25,
216.5,37.25,
217.25,37.25,
218.0,37.25,
218.75,37.25,
219.5,37.25,
220.25,37.25,
221.0,37.25,
221.75,37.25,
222.5,37.25,
223.25,37.25,
224.0,37.25,-94.5
224.75,37.25,
225.5,37.25,
226.25,37.25,
227.0,37.25,
227.75,37.25,
228.5,37.25,
229.25,37.25,
230.0,37.25,
230.75,37.25,
77.0,38.0,
77.75,38.0,
78.5,38.0,
79.25,38.0,
80.0,38.0,
80.75,38.0,
81.5,38.0,
82.25,38.0,
83.0,38.0,
83.75,38.0,
84.5,38.0,
85.25,38.0,
86.0,38.0,
86.75,38.0,
87.5,38.0,
88.25,38.0,
89.0,38.0,
89.75,38.0,
90.5,38.0,
91.25,38.0,
92.0,38.0,
92.75,38.0,
93.5,38.0,
94.25,38.0,
95.0,38.0,
95.75,38.0,
96.5,38.0,
97.25,38.0,
98.0,38.0,
98.75,38.0,
99.5,38.0,
100.25,38.0,
101.0,38.0,
101.75,38.0,
102.5,38.0,
103.25,38.0,
104.0,38.0,
104.75,38.0,
105.5,38.0,
106.25,38.0,
107.0,38.0,
107.75,38.0,
108.5,38.0,
109.25,38.0,
110.0,38.0,
110.75,38.0,
111.5,38.0,
112.25,38.0,
113.0,38.0,
113.75,38.0,
114.5,38.0,
115.25,38.0,
116.0,38.0,
116.75,38.0,
117.5,38.0,
118.25,38.0,
119.0,38.0,
119.75,38.0,
120.5,38.0,
121.25,38.0,
122.0,38.0,
122.75,38.0,
123.5,38.0,
124.25,38.0,
125.0,38.0,
125.75,38.0,
126.5,38.0,
127.25,38.0,
128.0,38.0,
128.75,38.0,
129.5,38.0,
130.25,38.0,
131.0,38.0,
131.75,38.0,
132.5,38.0,
133.25,38.0,
134.0,38.0,
134.75,38.0,
135.5,38.0,
136.25,38.0,
137.0,38.0,
137.75,38.0,
138.5,38.0,
139.25,38.0,
140.0,38.0,
140.75,38.0,
141.5,38.0,
142.25,38.0,
143.0,38.0,
143.75,38.0,
144.5,38.0,
145.25,38.0,
146.0,38.0,
146.75,38.0,
147.5,38.0,
148.25,38.0,
149.0,38.0,
149.75,38.0,
150.5,38.0,
151.25,38.0,
152.0,38.0,
152.75,38.0,
153.5,38.0,
154.25,38.0,
155.0,38.0,
155.75,38.0,
156.5,38.0,
157.25,38.0,
158.0,38.0,
158.75,38.0,
159.5,38.0,
160.25,38.0,
161.0,38.0,
161.75,38.0,
162.5,38.0,
163.25,38.0,
164.0,38.0,
164.75,38.0,
165.5,38.0,
166.25,38.0,
167.0,38.0,
167.75,38.0,
168.5,38.0,
169.25,38.0,
170.0,38.0,
170.75,38.0,
171.5,38.0,
172.25,38.0,
173.0,38.0,
173.75,38.0,
174.5,38.0,
175.25,38.0,
176.0,38.0,
176.75,38.0,
177.5,38.0,-82.5
178.25,38.0,-82.90771449170872
179.0,38.0,-82.88059701492537
179.75,38.0,-82.73881572049615
180.5,38.0,-82.61820343212943
181.25,38.0,-82.57534826227435
182.0,38.0,-82.52459016393443
182.75,38.0,-82.47588968557385
183.5,38.0,-82.36739696644706
184.25,38.0,-81.72629794961134
185.0,38.0,-81.41803278688523
185.75,38.0,-80.87209435122224
186.5,38.0,-79.99820769063656
187.25,38.0,-79.32379501904116
188.0,38.0,-79.8719512195122
188.75,38.0,-80.60249217866429
189.5,38.0,-81.54963484045736
190.25,38.0,-82.05631439078743
191.0,38.0,-83.35640928109547
191.75,38.0,-82.47330821505166
192.5,38.0,-80.89752272716055
193.25,38.0,-80.26974490707848
194.0,38.0,-80.10551330798478
194.75,38.0,-79.72235305328813
195.5,38.0,-79.55327602578839
196.25,38.0,-79.26228244301866
197.0,38.0,-79.47881355932202
197.75,38.0,-79.92198597500673
198.5,38.0,-81.81190150478794
199.25,38.0,-82.11455525606472
200.0,38.0,-82.35714285714286
200.75,38.0,-82.62848788191053
201.5,38.0,-82.83899564709628
202.25,38.0,-81.68273811283814
203.0,38.0,-82.23767913317022
203.75,38.0,-82.05437031121414
204.5,38.0,-82.0
205.25,38.0,
206.0,38.0,
206.75,38.0,
207.5,38.0,
208.25,38.0,
209.0,38.0,
209.75,38.0,
210.5,38.0,
211.25,38.0,
212.0,38.0,
212.75,38.0,
213.5,38.0,
214.25,38.0,
215.0,38.0,
215.75,38.0,
216.5,38.0,
217.25,38.0,
218.0,38.0,
218.75,38.0,
219.5,38.0,
220.25,38.0,
221.0,38.0,
221.75,38.0,-94.28269617706236
222.5,38.0,-94.34070796460176
223.25,38.0,-94.41529411764706
224.0,38.0,-94.5
224.75,38.0,-94.58470588235295
225.5,38.0,-94.65929203539822
226.25,38.0,-94.71730382293762
227.0,38.0,
227.75,38.0,
228.5,38.0,
229.25,38.0,
230.0,38.0,
230.75,38.0,
77.0,38.75,
77.75,38.75,
78.5,38.75,
79.25,38.75,
80.0,38.75,
80.75,38.75,
81.5,38.75,
82.25,38.75,
83.0,38.75,
83.75,38.75,
84.5,38.75,
85.25,38.75,
86.0,38.75,
86.75,38.75,
87.5,38.75,
88.25,38.75,
89.0,38.75,
89.75,38.75,
90.5,38.75,
91.25,38.75,
92.0,38.75,
92.75,38.75,
93.5,38.75,
94.25,38.75,
95.0,38.75,
95.75,38.75,
96.5,38.75,
97.25,38.75,
98.0,38.75,
98.75,38.75,
99.5,38.75,
100.25,38.75,
101.0,38.75,
101.75,38.75,
102.5,38.75,
103.25,38.75,
104.0,38.75,
104.75,38.75,
105.5,38.75,
106.25,38.75,
107.0,38.75,
107.75,38.75,
108.5,38.75,
109.25,38.75,
110.0,38.75,
110.75,38.75,
111.5,38.75,
112.25,38.75,
113.0,38.75,
113.75,38.75,
114.5,38.75,
115.25,38.75,
116.0,38.75,
116.75,38.75,
117.5,38.75,
118.25,38.75,
119.0,38.75,
119.75,38.75,
120.5,38.75,
121.25,38.75,
122.0,38.75,
122.75,38.75,
123.5,38.75,
124.25,38.75,
125.0,38.75,
125.75,38.75,
126.5,38.75,
127.25,38.75,
128.0,38.75,
128.75,38.75,
129.5,38.75,
130.25,38.75,
131.0,38.75,
131.75,38.75,
132.5,38.75,
133.25,38.75,
134.0,38.75,
134.75,38.75,
135.5,38.75,
136.25,38.75,
137.0,38.75,
137.75,38.75,
138.5,38.75,
139.25,38.75,
140.0,38.75,
140.75,38.75,
141.5,38.75,
142.25,38.75,
143.0,38.75,
143.75,38.75,
144.5,38.75,
145.25,38.75,
146.0,38.75,
146.75,38.75,
147.5,38.75,
148.25,38.75,
149.0,38.75,
149.75,38.75,
150.5,38.75,
151.25,38.75,
152.0,38.75,
152.75,38.75,
153.5,38.75,
154.25,38.75,
155.0,38.75,
155.75,38.75,
156.5,38.75,
157.25,38.75,
158.0,38.75,
158.75,38.75,
159.5,38.75,
160.25,38.75,
161.0,38.75,
161.75,38.75,
162.5,38.75,
163.25,38.75,
164.0,38.75,
164.75,38.75,
165.5,38.75,
166.25,38.75,
167.0,38.75,
167.75,38.75,
168.5,38.75,
169.25,38.75,
170.0,38.75,
170.75,38.75,
171.5,38.75,
172.25,38.75,
173.0,38.75,
173.75,38.75,
174.5,38.75,
175.25,38.75,
176.0,38.75,
176.75,38.75,
177.5,38.75,-82.1935166994106
178.25,38.75,-82.09585492227978
179.0,38.75,-82.40681431689069
179.75,38.75,-82.39453160759156
180.5,38.75,-82.0205644952625
181.25,38.75,-81.26284606650576
182.0,38.75,-79.5865029179039
182.75,38.75,-76.82442576734634
183.5,38.75,-77.84323938995674
184.25,38.75,-79.4781277727868
185.0,38.75,-78.27880858997021
185.75,38.75,-79.22701730705452
186.5,38.75,-78.10297226516646
187.25,38.75,-77.41810360970196
188.0,38.75,-79.16695815624854
188.75,38.75,-80.4281096374296
189.5,38.75,-81.3976104542343
190.25,38.75,-82.15768920138409
191.0,38.75,-83.5691757414641
191.75,38.75,-82.88236731006197
192.5,38.75,-80.79423480873395
193.25,38.75,-79.94949759954899
194.0,38.75,-78.80137773539431
194.75,38.75,-77.69638437966049
195.5,38.75,-77.01138432329724
196.25,38.75,-76.22550477072014
197.0,38.75,-75.26262031932913
197.75,38.75,-77.39527883093052
198.5,38.75,-79.99433023712433
199.25,38.75,-80.44601926182371
200.0,38.75,-80.46519715815805
200.75,38.75,-82.16595930033183
201.5,38.75,-81.25676915957769
202.25,38.75,-81.08297743593069
203.0,38.75,-81.84798958898166
203.75,38.75,-80.0592351550378
204.5,38.75,-79.87995673322641
205.25,38.75,
206.0,38.75,
206.75,38.75,
207.5,38.75,
208.25,38.75,
209.0,38.75,
209.75,38.75,
210.5,38.75,
211.25,38.75,
212.0,38.75,
212.75,38.75,
213.5,38.75,
214.25,38.75,
215.0,38.75,
215.75,38.75,
216.5,38.75,
217.25,38.75,
218.0,38.75,
218.75,38.75,
219.5,38.75,
220.25,38.75,
221.0,38.75,-94.1792873051225
221.75,38.75,-94.22020725388602
222.5,38.75,-94.28885630498534
223.25,38.75,-94.38535031847134
224.0,38.75,-94.5
224.75,38.75,-94.61464968152866
225.5,38.75,-94.71114369501467
226.25,38.75,-94.779792746114
227.0,38.75,-94.82071269487751
227.75,38.75,
228.5,38.75,
229.25,38.75,
230.0,38.75,
230.75,38.75,
77.0,39.5,
77.75,39.5,
78.5,39.5,
79.25,39.5,
80.0,39.5,
80.75,39.5,
81.5,39.5,
82.25,39.5,
83.0,39.5,
83.75,39.5,
84.5,39.5,
85.25,39.5,
86.0,39.5,
86.75,39.5,
87.5,39.5,
88.25,39.5,
89.0,39.5,
89.75,39.5,
90.5,39.5,
91.25,39.5,
92.0,39.5,
92.75,39.5,
93.5,39.5,
94.25,39.5,
95.0,39.5,
95.75,39.5,
96.5,39.5,
97.25,39.5,
98.0,39.5,
98.75,39.5,
99.5,39.5,
100.25,39.5,
101.0,39.5,
101.75,39.5,
102.5,39.5,
103.25,39.5,
104.0,39.5,
104.75,39.5,
105.5,39.5,
106.25,39.5,
107.0,39.5,
107.75,39.5,
108.5,39.5,
109.25,39.5,
110.0,39.5,
110.75,39.5,
111.5,39.5,
112.25,39.5,
113.0,39.5,
113.75,39.5,
114.5,39.5,
115.25,39.5,
116.0,39.5,
116.75,39.5,
117.5,39.5,
118.25,39.5,
119.0,39.5,
119.75,39.5,
120.5,39.5,
121.25,39.5,
122.0,39.5,
122.75,39.5,
123.5,39.5,
124.25,39.5,
125.0,39.5,
125.75,39.5,
126.5,39.5,
127.25,39.5,
128.0,39.5,
128.75,39.5,
129.5,39.5,
130.25,39.5,
131.0,39.5,
131.75,39.5,
132.5,39.5,
133.25,39.5,
134.0,39.5,
134.75,39.5,
135.5,39.5,
136.25,39.5,
137.0,39.5,
137.75,39.5,
138.5,39.5,
139.25,39.5,
140.0,39.5,
140.75,39.5,
141.5,39.5,
142.25,39.5,
143.0,39.5,
143.75,39.5,
144.5,39.5,
145.25,39.5,
146.0,39.5,
146.75,39.5,
147.5,39.5,
148.25,39.5,
149.0,39.5,
149.75,39.5,
150.5,39.5,
151.25,39.5,
152.0,39.5,
152.75,39.5,
153.5,39.5,
154.25,39.5,
155.0,39.5,
155.75,39.5,
156.5,39.5,
157.25,39.5,
158.0,39.5,
158.75,39.5,
159.5,39.5,
160.25,39.5,
161.0,39.5,
161.75,39.5,
162.5,39.5,
163.25,39.5,
164.0,39.5,
164.75,39.5,
165.5,39.5,
166.25,39.5,
167.0,39.5,
167.75,39.5,
168.5,39.5,
169.25,39.5,
170.0,39.5,
170.75,39.5,
171.5,39.5,
172.25,39.5,
173.0,39.5,
173.75,39.5,
174.5,39.5,
175.25,39.5,
176.0,39.5,
176.75,39.5,
177.5,39.5,
178.25,39.5,-81.74455205811138
179.0,39.5,-81.48701298701299
179.75,39.5,-82.07830920155116
180.5,39.5,-81.57887798350016
181.25,39.5,-80.68824437697202
182.0,39.5,-79.13354512845186
182.75,39.5,-77.37714213135718
183.5,39.5,-78.10919874482647
184.25,39.5,-79.66334769213499
185.0,39.5,-79.01468238114263
185.75,39.5,-79.89825575006692
186.5,39.5,-79.21508606690483
187.25,39.5,-78.48807331115252
188.0,39.5,-80.03756363049773
188.75,39.5,-81.2792945527201
189.5,39.5,-82.11570893873177
190.25,39.5,-82.76929803527719
191.0,39.5,-84.23133810833974
191.75,39.5,-81.17301654091669
192.5,39.5,-81.1287320640238
193.25,39.5,-79.94492894221813
194.0,39.5,-76.9867784661289
194.75,39.5,-75.4808378987208
195.5,39.5,-74.77675915816421
196.25,39.5,-74.6182871496065
197.0,39.5,-75.08175294977131
197.75,39.5,-76.57078306986712
198.5,39.5,-79.50348027842227
199.25,39.5,-80.33137026360247
200.0,39.5,-79.83221182137652
200.75,39.5,-80.78139329735231
201.5,39.5,-80.4092031846889
202.25,39.5,-80.05761965379772
203.0,39.5,-80.3250533920118
203.75,39.5,-80.18111588671091
204.5,39.5,-78.35516323108786
205.25,39.5,
206.0,39.5,
206.75,39.5,
207.5,39.5,
208.25,39.5,
209.0,39.5,
209.75,39.5,
210.5,39.5,
211.25,39.5,
212.0,39.5,
212.75,39.5,
213.5,39.5,
214.25,39.5,
215.0,39.5,
215.75,39.5,
216.5,39.5,
217.25,39.5,
218.0,39.5,
218.75,39.5,
219.5,39.5,
220.25,39.5,-94.08810068649886
221.0,39.5,-94.09550561797752
221.75,39.5,-94.13139931740614
222.5,39.5,-94.20967741935483
223.25,39.5,-94.27978411208699
224.0,39.5,-94.41254125412541
224.75,39.5,-94.54107411426504
225.5,39.5,-94.63501168472487
226.25,39.5,-94.68370107062086
227.0,39.5,-94.69512464151776
227.75,39.5,-94.91189931350114
228.5,39.5,
229.25,39.5,
230.0,39.5,
230.75,39.5,
77.0,40.25,
77.75,40.25,
78.5,40.25,
79.25,40.25,
80.0,40.25,
80.75,40.25,
81.5,40.25,
82.25,40.25,
83.0,40.25,
83.75,40.25,
84.5,40.25,
85.25,40.25,
86.0,40.25,
86.75,40.25,
87.5,40.25,
88.25,40.25,
89.0,40.25,
89.75,40.25,
90.5,40.25,
91.25,40.25,
92.0,40.25,
92.75,40.25,
93.5,40.25,
94.25,40.25,
95.0,40.25,
95.75,40.25,
96.5,40.25,
97.25,40.25,
98.0,40.25,
98.75,40.25,
99.5,40.25,
100.25,40.25,
101.0,40.25,
101.75,40.25,
102.5,40.25,
103.25,40.25,
104.0,40.25,
104.75,40.25,
105.5,40.25,
106.25,40.25,
107.0,40.25,
107.75,40.25,
108.5,40.25,
109.25,40.25,
110.0,40.25,
110.75,40.25,
111.5,40.25,
112.25,40.25,
113.0,40.25,
113.75,40.25,
114.5,40.25,
115.25,40.25,
116.0,40.25,
116.75,40.25,
117.5,40.25,
118.25,40.25,
119.0,40.25,
119.75,40.25,
120.5,40.25,
121.25,40.25,
122.0,40.25,
122.75,40.25,
123.5,40.25,
124.25,40.25,
125.0,40.25,
125.75,40.25,
126.5,40.25,
127.25,40.25,
128.0,40.25,
128.75,40.25,
129.5,40.25,
130.25,40.25,
131.0,40.25,
131.75,40.25,
132.5,40.25,
133.25,40.25,
134.0,40.25,
134.75,40.25,
135.5,40.25,
136.25,40.25,
137.0,40.25,
137.75,40.25,
138.5,40.25,
139.25,40.25,
140.0,40.25,
140.75,40.25,
141.5,40.25,
142.25,40.25,
143.0,40.25,
143.75,40.25,
144.5,40.25,
145.25,40.25,
146.0,40.25,
146.75,40.25,
147.5,40.25,
148.25,40.25,
149.0,40.25,
149.75,40.25,
150.5,40.25,
151.25,40.25,
152.0,40.25,
152.75,40.25,
153.5,40.25,
154.25,40.25,
155.0,40.25,
155.75,40.25,
156.5,40.25,
157.25,40.25,
158.0,40.25,
158.75,40.25,
159.5,40.25,
160.25,40.25,
161.0,40.25,
161.75,40.25,
162.5,40.25,
163.25,40.25,
164.0,40.25,
164.75,40.25,
165.5,40.25,
166.25,40.25,
167.0,40.25,
167.75,40.25,
168.5,40.25,
169.25,40.25,
170.0,40.25,
170.75,40.25,
171.5,40.25,
172.25,40.25,
173.0,40.25,
173.75,40.25,
174.5,40.25,
175.25,40.25,
176.0,40.25,
176.75,40.25,
177.5,40.25,
178.25,40.25,-81.47816593886462
179.0,40.25,-81.1742209631728
179.75,40.25,-81.94429809737404
180.5,40.25,-81.82947347312846
181.25,40.25,-81.21011583511282
182.0,40.25,-80.45186932470446
182.75,40.25,-80.06267025992535
183.5,40.25,-81.01569929002646
184.25,40.25,-82.28143334538942
185.0,40.25,-83.50701264859119
185.75,40.25,-83.08818268090593
186.5,40.25,-82.78741625105312
187.25,40.25,-82.87381389798156
188.0,40.25,-82.31930754808687
188.75,40.25,-82.46073183274662
189.5,40.25,-83.55558066309757
190.25,40.25,-84.31643088924989
191.0,40.25,-84.86977236152327
191.75,40.25,-85.51488752729165
192.5,40.25,-82.62360977612242
193.25,40.25,-79.91834447856566
194.0,40.25,-77.63290837365845
194.75,40.25,-75.19520015602822
195.5,40.25,-73.29539456212366
196.25,40.25,-71.22520433700238
197.0,40.25,-70.1341914160738
197.75,40.25,-74.08593043282012
198.5,40.25,-79.5982243036302
199.25,40.25,-81.75181358481086
200.0,40.25,-80.35109786953296
200.75,40.25,-79.85313865025022
201.5,40.25,-79.06228037576139
202.25,40.25,-78.58166928182251
203.0,40.25,-79.68227898583912
203.75,40.25,-79.6490780376472
204.5,40.25,-77.88369966108014
205.25,40.25,
206.0,40.25,
206.75,40.25,
207.5,40.25,
208.25,40.25,
209.0,40.25,
209.75,40.25,
210.5,40.25,
211.25,40.25,
212.0,40.25,
212.75,40.25,
213.5,40.25,
214.25,40.25,
215.0,40.25,
215.75,40.25,
216.5,40.25,
217.25,40.25,
218.0,40.25,
218.75,40.25,
219.5,40.25,
220.25,40.25,-94.00276243093923
221.0,40.25,-93.98754448398576
221.75,40.25,-94.00387681954501
222.5,40.25,-94.07144193105364
223.25,40.25,-94.21600455645735
224.0,40.25,-94.42312008978676
224.75,40.25,-94.62411818670715
225.5,40.25,-94.75174609362308
226.25,40.25,-94.79532463586472
227.0,40.25,-94.78363226883131
227.75,40.25,-94.74741200828157
228.5,40.25,-95.2745995423341
229.25,40.25,
230.0,40.25,
230.75,40.25,
77.0,41.0,
77.75,41.0,
78.5,41.0,
79.25,41.0,
80.0,41.0,
80.75,41.0,
81.5,41.0,
82.25,41.0,
83.0,41.0,
83.75,41.0,
84.5,41.0,
85.25,41.0,
86.0,41.0,
86.75,41.0,
87.5,41.0,
88.25,41.0,
89.0,41.0,
89.75,41.0,
90.5,41.0,
91.25,41.0,
92.0,41.0,
92.75,41.0,
93.5,41.0,
94.25,41.0,
95.0,41.0,
95.75,41.0,
96.5,41.0,
97.25,41.0,
98.0,41.0,
98.75,41.0,
99.5,41.0,
100.25,41.0,
101.0,41.0,
101.75,41.0,
102.5,41.0,
103.25,41.0,
104.0,41.0,
104.75,41.0,
105.5,41.0,
106.25,41.0,
107.0,41.0,
107.75,41.0,
108.5,41.0,
109.25,41.0,
110.0,41.0,
110.75,41.0,
111.5,41.0,
112.25,41.0,
113.0,41.0,
113.75,41.0,
114.5,41.0,
115.25,41.0,
116.0,41.0,
116.75,41.0,
117.5,41.0,
118.25,41.0,
119.0,41.0,
119.75,41.0,
120.5,41.0,
121.25,41.0,
122.0,41.0,
122.75,41.0,
123.5,41.0,
124.25,41.0,
125.0,41.0,
125.75,41.0,
126.5,41.0,
127.25,41.0,
128.0,41.0,
128.75,41.0,
129.5,41.0,
130.25,41.0,
131.0,41.0,
131.75,41.0,
132.5,41.0,
133.25,41.0,
134.0,41.0,
134.75,41.0,
135.5,41.0,
136.25,41.0,
137.0,41.0,
137.75,41.0,
138.5,41.0,
139.25,41.0,
140.0,41.0,
140.75,41.0,
141.5,41.0,
142.25,41.0,
143.0,41.0,
143.75,41.0,
144.5,41.0,
145.25,41.0,
146.0,41.0,
146.75,41.0,
147.5,41.0,
148.25,41.0,
149.0,41.0,
149.75,41.0,
150.5,41.0,
151.25,41.0,
152.0,41.0,
152.75,41.0,
153.5,41.0,
154.25,41.0,
155.0,41.0,
155.75,41.0,
156.5,41.0,
157.25,41.0,
158.0,41.0,
158.75,41.0,
159.5,41.0,
160.25,41.0,
161.0,41.0,
161.75,41.0,
162.5,41.0,
163.25,41.0,
164.0,41.0,
164.75,41.0,
165.5,41.0,
166.25,41.0,
167.0,41.0,
167.75,41.0,
168.5,41.0,
169.25,41.0,
170.0,41.0,
170.75,41.0,
171.5,41.0,
172.25,41.0,
173.0,41.0,
173.75,41.0,
174.5,41.0,
175.25,41.0,
176.0,41.0,
176.75,41.0,
177.5,41.0,
178.25,41.0,
179.0,41.0,-81.0
179.75,41.0,-82.14866248192308
180.5,41.0,-81.89824261467449
181.25,41.0,-81.91477372788968
182.0,41.0,-81.37959263751159
182.75,41.0,-82.08826897992398
183.5,41.0,-82.85279854980449
184.25,41.0,-84.87387750833702
185.0,41.0,-86.49999999999575
185.75,41.0,-84.89533625143805
186.5,41.0,-84.50978825409507
187.25,41.0,-84.83607024675598
188.0,41.0,-83.64476386036961
188.75,41.0,-84.18203828591466
189.5,41.0,-84.65733772342429
190.25,41.0,-85.15315247261607
191.0,41.0,-86.16666666666666
191.75,41.0,-86.7961727248939
192.5,41.0,-84.06041881365864
193.25,41.0,-81.44155538430948
194.0,41.0,-79.16303983930365
194.75,41.0,-75.37706005046782
195.5,41.0,-72.5708739027796
196.25,41.0,-68.54866295531448
197.0,41.0,-64.50000000001457
197.75,41.0,-71.86240546225638
198.5,41.0,-82.00379544546544
199.25,41.0,-84.03182775941572
200.0,41.0,-80.92543021032503
200.75,41.0,-78.70779032728392
201.5,41.0,-78.05553609646073
202.25,41.0,-79.21337049251423
203.0,41.0,-79.34821428571428
203.75,41.0,-78.4326486516055
204.5,41.0,-78.61324371542271
205.25,41.0,
206.0,41.0,
206.75,41.0,
207.5,41.0,
208.25,41.0,
209.0,41.0,
209.75,41.0,
210.5,41.0,
211.25,41.0,
212.0,41.0,
212.75,41.0,
213.5,41.0,
214.25,41.0,
215.0,41.0,
215.75,41.0,
216.5,41.0,
217.25,41.0,
218.0,41.0,
218.75,41.0,
219.5,41.0,-93.96534653465346
220.25,41.0,-93.90983606557377
221.0,41.0,-93.87878787878789
221.75,41.0,-93.8516692366756
222.5,41.0,-93.8936678614098
223.25,41.0,-94.08412428003568
224.0,41.0,-94.43589743589743
224.75,41.0,-94.77935996684938
225.5,41.0,-94.94582493843743
226.25,41.0,-94.95250811462071
227.0,41.0,-94.88888888888889
227.75,41.0,-94.81240784847452
228.5,41.0,-94.74428792033028
229.25,41.0,-95.21380846325168
230.0,41.0,
230.75,41.0,
77.0,41.75,
77.75,41.75,
78.5,41.75,
79.25,41.75,
80.0,41.75,
80.75,41.75,
81.5,41.75,
82.25,41.75,
83.0,41.75,
83.75,41.75,
84.5,41.75,
85.25,41.75,
86.0,41.75,
86.75,41.75,
87.5,41.75,
88.25,41.75,
89.0,41.75,
89.75,41.75,
90.5,41.75,
91.25,41.75,
92.0,41.75,
92.75,41.75,
93.5,41.75,
94.25,41.75,
95.0,41.75,
95.75,41.75,
96.5,41.75,
97.25,41.75,
98.0,41.75,
98.75,41.75,
99.5,41.75,
100.25,41.75,
101.0,41.75,
101.75,41.75,
102.5,41.75,
103.25,41.75,
104.0,41.75,
104.75,41.75,
105.5,41.75,
106.25,41.75,
107.0,41.75,
107.75,41.75,
108.5,41.75,
109.25,41.75,
110.0,41.75,
110.75,41.75,
111.5,41.75,
112.25,41.75,
113.0,41.75,
113.75,41.75,
114.5,41.75,
115.25,41.75,
116.0,41.75,
116.75,41.75,
117.5,41.75,
118.25,41.75,
119.0,41.75,
119.75,41.75,
120.5,41.75,
121.25,41.75,
122.0,41.75,
122.75,41.75,
123.5,41.75,
124.25,41.75,
125.0,41.75,
125.75,41.75,
126.5,41.75,
127.25,41.75,
128.0,41.75,
128.75,41.75,
129.5,41.75,
130.25,41.75,
131.0,41.75,
131.75,41.75,
132.5,41.75,
133.25,41.75,
134.0,41.75,
134.75,41.75,
135.5,41.75,
136.25,41.75,
137.0,41.75,
137.75,41.75,
138.5,41.75,
139.25,41.75,
140.0,41.75,
140.75,41.75,
141.5,41.75,
142.25,41.75,
143.0,41.75,
143.75,41.75,
144.5,41.75,
145.25,41.75,
146.0,41.75,
146.75,41.75,
147.5,41.75,
148.25,41.75,
149.0,41.75,
149.75,41.75,
150.5,41.75,
151.25,41.75,
152.0,41.75,
152.75,41.75,
153.5,41.75,
154.25,41.75,
155.0,41.75,
155.75,41.75,
156.5,41.75,
157.25,41.75,
158.0,41.75,
158.75,41.75,
159.5,41.75,
160.25,41.75,
161.0,41.75,
161.75,41.75,
162.5,41.75,
163.25,41.75,
164.0,41.75,
164.75,41.75,
165.5,41.75,
166.25,41.75,
167.0,41.75,
167.75,41.75,
168.5,41.75,
169.25,41.75,
170.0,41.75,
170.75,41.75,
171.5,41.75,
172.25,41.75,
173.0,41.75,
173.75,41.75,
174.5,41.75,
175.25,41.75,
176.0,41.75,
176.75,41.75,
177.5,41.75,
178.25,41.75,
179.0,41.75,
179.75,41.75,-82.44041581631818
180.5,41.75,-82.02273421733727
181.25,41.75,-82.05012689864047
182.0,41.75,-82.2631445507096
182.75,41.75,-82.57341744804317
183.5,41.75,-83.63739021472594
184.25,41.75,-84.98476430874767
185.0,41.75,-85.59822710459342
185.75,41.75,-84.85771156795315
186.5,41.75,-84.27229556207503
187.25,41.75,-84.18484881537255
188.0,41.75,-84.21448279208221
188.75,41.75,-84.25276583608282
189.5,41.75,-86.41428757880384
190.25,41.75,-86.94369509018894
191.0,41.75,-87.297948746914
191.75,41.75,-86.61502164866955
192.5,41.75,-84.8041277399817
193.25,41.75,-83.24331045435576
194.0,41.75,-81.26689727520379
194.75,41.75,-76.86599434398083
195.5,41.75,-74.01327042202173
196.25,41.75,-71.66510920905827
197.0,41.75,-70.45969467674374
197.75,41.75,-74.3220807257511
198.5,41.75,-79.93661364215228
199.25,41.75,-81.52574260126813
200.0,41.75,-79.55992216128858
200.75,41.75,-77.42239353681876
201.5,41.75,-76.37097646998377
202.25,41.75,-76.64918088839019
203.0,41.75,-79.28913068216131
203.75,41.75,-80.27392281410265
204.5,41.75,-81.71985155463861
205.25,41.75,-81.90307115202464
206.0,41.75,-80.29188982402448
206.75,41.75,-80.99134679932543
207.5,41.75,-84.77434077079106
208.25,41.75,
209.0,41.75,
209.75,41.75,
210.5,41.75,
211.25,41.75,
212.0,41.75,
212.75,41.75,
213.5,41.75,
214.25,41.75,
215.0,41.75,
215.75,41.75,
216.5,41.75,
217.25,41.75,
218.0,41.75,
218.75,41.75,
219.5,41.75,-93.90821917808219
220.25,41.75,-94.28002983532825
221.0,41.75,-94.09525797407257
221.75,41.75,-93.89249683846802
222.5,41.75,-93.75765097165842
223.25,41.75,-93.92099942780852
224.0,41.75,-94.54909626839704
224.75,41.75,-95.16083601393356
225.5,41.75,-95.32725538556082
226.25,41.75,-95.14965986394559
227.0,41.75,-94.99091881782789
227.75,41.75,-94.86186596783075
228.5,41.75,-94.76768292522016
229.25,41.75,-95.18652849740933
230.0,41.75,-95.14486921529175
230.75,41.75,
77.0,42.5,
77.75,42.5,
78.5,42.5,
79.25,42.5,
80.0,42.5,
80.75,42.5,
81.5,42.5,
82.25,42.5,
83.0,42.5,
83.75,42.5,
84.5,42.5,
85.25,42.5,
86.0,42.5,
86.75,42.5,
87.5,42.5,
88.25,42.5,
89.0,42.5,
89.75,42.5,
90.5,42.5,
91.25,42.5,
92.0,42.5,
92.75,42.5,
93.5,42.5,
94.25,42.5,
95.0,42.5,
95.75,42.5,
96.5,42.5,
97.25,42.5,
98.0,42.5,
98.75,42.5,
99.5,42.5,
100.25,42.5,
101.0,42.5,
101.75,42.5,
102.5,42.5,
103.25,42.5,
104.0,42.5,
104.75,42.5,
105.5,42.5,
106.25,42.5,
107.0,42.5,
107.75,42.5,
108.5,42.5,
109.25,42.5,
110.0,42.5,
110.75,42.5,
111.5,42.5,
112.25,42.5,
113.0,42.5,
113.75,42.5,
114.5,42.5,
115.25,42.5,
116.0,42.5,
116.75,42.5,
117.5,42.5,
118.25,42.5,
119.0,42.5,
119.75,42.5,
120.5,42.5,
121.25,42.5,
122.0,42.5,
122.75,42.5,
123.5,42.5,
124.25,42.5,
125.0,42.5,
125.75,42.5,
126.5,42.5,
127.25,42.5,
128.0,42.5,
128.75,42.5,
129.5,42.5,
130.25,42.5,
131.0,42.5,
131.75,42.5,
132.5,42.5,
133.25,42.5,
134.0,42.5,
134.75,42.5,
135.5,42.5,
136.25,42.5,
137.0,42.5,
137.75,42.5,
138.5,42.5,
139.25,42.5,
140.0,42.5,
140.75,42.5,
141.5,42.5,
142.25,42.5,
143.0,42.5,
143.75,42.5,
144.5,42.5,
145.25,42.5,
146.0,42.5,
146.75,42.5,
147.5,42.5,
148.25,42.5,
149.0,42.5,
149.75,42.5,
150.5,42.5,
151.25,42.5,
152.0,42.5,
152.75,42.5,
153.5,42.5,
154.25,42.5,
155.0,42.5,
155.75,42.5,
156.5,42.5,
157.25,42.5,
158.0,42.5,
158.75,42.5,
159.5,42.5,
160.25,42.5,
161.0,42.5,
161.75,42.5,
162.5,42.5,
163.25,42.5,
164.0,42.5,
164.75,42.5,
165.5,42.5,
166.25,42.5,
167.0,42.5,
167.75,42.5,
168.5,42.5,
169.25,42.5,
170.0,42.5,
170.75,42.5,
171.5,42.5,
172.25,42.5,
173.0,42.5,
173.75,42.5,
174.5,42.5,
175.25,42.5,
176.0,42.5,
176.75,42.5,
177.5,42.5,
178.25,42.5,
179.0,42.5,
179.75,42.5,-80.56645692694602
180.5,42.5,-80.47593977761534
181.25,42.5,-80.84593357281751
182.0,42.5,-81.42631173034616
182.75,42.5,-82.95177239695577
183.5,42.5,-84.38717571742285
184.25,42.5,-85.37715756422003
185.0,42.5,-85.94722186083284
185.75,42.5,-84.93596559643757
186.5,42.5,-83.63893637806815
187.25,42.5,-83.5268635885883
188.0,42.5,-84.26084462608448
188.75,42.5,-85.30379674658192
189.5,42.5,-86.38800424628448
190.25,42.5,-87.42610312466721
191.0,42.5,-87.75821041124179
191.75,42.5,-86.92347750128432
192.5,42.5,-85.53687552744088
193.25,42.5,-84.91616961650837
194.0,42.5,-82.69382123575285
194.75,42.5,-79.87352643803536
195.5,42.5,-77.13207176999354
196.25,42.5,-75.26717250191096
197.0,42.5,-75.08368944086946
197.75,42.5,-77.49102827279981
198.5,42.5,-81.1093429158111
199.25,42.5,-82.25636141313596
200.0,42.5,-78.61853486244266
200.75,42.5,-74.06000256183854
201.5,42.5,-74.01201846465207
202.25,42.5,-76.99042755292652
203.0,42.5,-79.20617325144195
203.75,42.5,-80.75851934397484
204.5,42.5,-82.0805052758391
205.25,42.5,-82.54096838020673
206.0,42.5,-83.21889526610377
206.75,42.5,-83.62723321390096
207.5,42.5,-84.78191489361703
208.25,42.5,-84.79275534441805
209.0,42.5,
209.75,42.5,
210.5,42.5,
211.25,42.5,
212.0,42.5,
212.75,42.5,
213.5,42.5,
214.25,42.5,
215.0,42.5,
215.75,42.5,
216.5,42.5,
217.25,42.5,
218.0,42.5,
218.75,42.5,
219.5,42.5,-94.54251581166548
220.25,42.5,-94.27850311545475
221.0,42.5,-94.03000976532564
221.75,42.5,-93.69418723351951
222.5,42.5,-93.32272488164125
223.25,42.5,-93.33072733840899
224.0,42.5,-94.52727272727272
224.75,42.5,-95.68146542695456
225.5,42.5,-95.6881188118812
226.25,42.5,-95.37737707119463
227.0,42.5,-95.03716140586522
227.75,42.5,-94.86869375954258
228.5,42.5,-94.76248141066496
229.25,42.5,-95.1407624633431
230.0,42.5,-95.10619469026548
230.75,42.5,
77.0,43.25,
77.75,43.25,
78.5,43.25,
79.25,43.25,
80.0,43.25,
80.75,43.25,
81.5,43.25,
82.25,43.25,
83.0,43.25,
83.75,43.25,
84.5,43.25,
85.25,43.25,
86.0,43.25,
86.75,43.25,
87.5,43.25,
88.25,43.25,
89.0,43.25,
89.75,43.25,
90.5,43.25,
91.25,43.25,
92.0,43.25,
92.75,43.25,
93.5,43.25,
94.25,43.25,
95.0,43.25,
95.75,43.25,
96.5,43.25,
97.25,43.25,
98.0,43.25,
98.75,43.25,
99.5,43.25,
100.25,43.25,
101.0,43.25,
101.75,43.25,
102.5,43.25,
103.25,43.25,
104.0,43.25,
104.75,43.25,
105.5,43.25,
106.25,43.25,
107.0,43.25,
107.75,43.25,
108.5,43.25,
109.25,43.25,
110.0,43.25,
110.75,43.25,
111.5,43.25,
112.25,43.25,
113.0,43.25,
113.75,43.25,
114.5,43.25,
115.25,43.25,
116.0,43.25,
116.75,43.25,
117.5,43.25,
118.25,43.25,
119.0,43.25,
119.75,43.25,
120.5,43.25,
121.25,43.25,
122.0,43.25,
122.75,43.25,
123.5,43.25,
124.25,43.25,
125.0,43.25,
125.75,43.25,
126.5,43.25,
127.25,43.25,
128.0,43.25,
128.75,43.25,
129.5,43.25,
130.25,43.25,
131.0,43.25,
131.75,43.25,
132.5,43.25,
133.25,43.25,
134.0,43.25,
134.75,43.25,
135.5,43.25,
136.25,43.25,
137.0,43.25,
137.75,43.25,
138.5,43.25,
139.25,43.25,
140.0,43.25,
140.75,43.25,
141.5,43.25,
142.25,43.25,
143.0,43.25,
143.75,43.25,
144.5,43.25,
145.25,43.25,
146.0,43.25,
146.75,43.25,
147.5,43.25,
148.25,43.25,
149.0,43.25,
149.75,43.25,
150.5,43.25,
151.25,43.25,
152.0,43.25,
152.75,43.25,
153.5,43.25,
154.25,43.25,
155.0,43.25,
155.75,43.25,
156.5,43.25,
157.25,43.25,
158.0,43.25,
158.75,43.25,
159.5,43.25,
160.25,43.25,
161.0,43.25,
161.75,43.25,
162.5,43.25,
163.25,43.25,
164.0,43.25,
164.75,43.25,
165.5,43.25,
166.25,43.25,
167.0,43.25,
167.75,43.25,
168.5,43.25,
169.25,43.25,
170.0,43.25,
170.75,43.25,
171.5,43.25,
172.25,43.25,
173.0,43.25,
173.75,43.25,-79.95604395604396
174.5,43.25,-80.08743169398907
175.25,43.25,
176.0,43.25,-81.5
176.75,43.25,
177.5,43.25,-78.54371584699454
178.25,43.25,-78.47802197802199
179.0,43.25,-75.96749902782834
179.75,43.25,-79.93260455976642
180.5,43.25,-81.28872985957045
181.25,43.25,-81.55798275347951
182.0,43.25,-82.00763111971952
182.75,43.25,-82.40689073871299
183.5,43.25,-83.59400724631452
184.25,43.25,-85.17664207692413
185.0,43.25,-86.2513167721268
185.75,43.25,-84.61714277002179
186.5,43.25,-83.18080384236376
187.25,43.25,-83.0826564632243
188.0,43.25,-84.17054605750893
188.75,43.25,-85.65501506290981
189.5,43.25,-86.70629553213136
190.25,43.25,-87.62276553318917
191.0,43.25,-87.90765721651499
191.75,43.25,-87.00604141716538
192.5,43.25,-85.34734314864228
193.25,43.25,-84.97166055203222
194.0,43.25,-84.21923765440373
194.75,43.25,-80.91059083841942
195.5,43.25,-79.03426853272516
196.25,43.25,-76.84182015393401
197.0,43.25,-74.95219932515914
197.75,43.25,-78.53858037035953
198.5,43.25,-83.01782001210422
199.25,43.25,-83.51098648825922
200.0,43.25,-79.3854916783191
200.75,43.25,-72.97479680002601
201.5,43.25,-73.75461920298207
202.25,43.25,-77.12529444108495
203.0,43.25,-79.75311397132975
203.75,43.25,-81.58181785482095
204.5,43.25,-82.79731109187033
205.25,43.25,-84.25653509775226
206.0,43.25,-84.79054337866131
206.75,43.25,-84.23259457639635
207.5,43.25,-86.34817303593027
208.25,43.25,-85.51329267600815
209.0,43.25,-85.75061637554707
209.75,43.25,-88.19593007084056
210.5,43.25,-88.52146310664223
211.25,43.25,-88.93869731800766
212.0,43.25,-92.75000000000001
212.75,43.25,
213.5,43.25,
214.25,43.25,
215.0,43.25,
215.75,43.25,
216.5,43.25,
217.25,43.25,
218.0,43.25,
218.75,43.25,-94.44278606965173
219.5,43.25,-94.54203236815144
220.25,43.25,-94.3682792166966
221.0,43.25,-94.10679052020261
221.75,43.25,-93.63256435010125
222.5,43.25,-93.22494086708411
223.25,43.25,-93.15680737612199
224.0,43.25,-94.5320622916417
224.75,43.25,-95.83375997818808
225.5,43.25,-95.74870411916002
226.25,43.25,-95.40963763089032
227.0,43.25,-95.09637594734856
227.75,43.25,-94.80937015595836
228.5,43.25,-94.72109581738916
229.25,43.25,-95.0764331210191
230.0,43.25,-95.0564705882353
230.75,43.25,
77.0,44.0,
77.75,44.0,
78.5,44.0,
79.25,44.0,
80.0,44.0,
80.75,44.0,
81.5,44.0,
82.25,44.0,
83.0,44.0,
83.75,44.0,
84.5,44.0,
85.25,44.0,
86.0,44.0,
86.75,44.0,
87.5,44.0,
88.25,44.0,
89.0,44.0,
89.75,44.0,
90.5,44.0,
91.25,44.0,
92.0,44.0,
92.75,44.0,
93.5,44.0,
94.25,44.0,
95.0,44.0,
95.75,44.0,
96.5,44.0,
97.25,44.0,
98.0,44.0,
98.75,44.0,
99.5,44.0,
100.25,44.0,
101.0,44.0,
101.75,44.0,
102.5,44.0,
103.25,44.0,
104.0,44.0,
104.75,44.0,
105.5,44.0,
106.25,44.0,
107.0,44.0,
107.75,44.0,
108.5,44.0,
109.25,44.0,
110.0,44.0,
110.75,44.0,
111.5,44.0,
112.25,44.0,
113.0,44.0,
113.75,44.0,
114.5,44.0,
115.25,44.0,
116.0,44.0,
116.75,44.0,
117.5,44.0,
118.25,44.0,
119.0,44.0,
119.75,44.0,
120.5,44.0,
121.25,44.0,
122.0,44.0,
122.75,44.0,
123.5,44.0,
124.25,44.0,
125.0,44.0,
125.75,44.0,
126.5,44.0,
127.25,44.0,
128.0,44.0,
128.75,44.0,
129.5,44.0,
130.25,44.0,
131.0,44.0,
131.75,44.0,
132.5,44.0,
133.25,44.0,
134.0,44.0,
134.75,44.0,
135.5,44.0,
136.25,44.0,
137.0,44.0,
137.75,44.0,
138.5,44.0,
139.25,44.0,
140.0,44.0,
140.75,44.0,
141.5,44.0,
142.25,44.0,
143.0,44.0,
143.75,44.0,
144.5,44.0,
145.25,44.0,
146.0,44.0,
146.75,44.0,
147.5,44.0,
148.25,44.0,
149.0,44.0,
149.75,44.0,
150.5,44.0,
151.25,44.0,
152.0,44.0,
152.75,44.0,
153.5,44.0,
154.25,44.0,
155.0,44.0,
155.75,44.0,
156.5,44.0,
157.25,44.0,
158.0,44.0,
158.75,44.0,
159.5,44.0,
160.25,44.0,
161.0,44.0,
161.75,44.0,
162.5,44.0,
163.25,44.0,
164.0,44.0,
164.75,44.0,
165.5,44.0,
166.25,44.0,
167.0,44.0,
167.75,44.0,
168.5,44.0,
169.25,44.0,
170.0,44.0,
170.75,44.0,
171.5,44.0,
172.25,44.0,-79.63870967741936
173.0,44.0,-79.77777777777779
173.75,44.0,-79.95787596915963
174.5,44.0,-80.080517458869
175.25,44.0,-80.18298553741813
176.0,44.0,-79.55000000000001
176.75,44.0,-80.06536944365673
177.5,44.0,-79.8698837864677
178.25,44.0,-79.95722317728165
179.0,44.0,-79.24074074074075
179.75,44.0,-80.2755591031428
180.5,44.0,-81.06278633441595
181.25,44.0,-82.23556306329647
182.0,44.0,-82.02376425855513
182.75,44.0,-82.33765761190952
183.5,44.0,-82.70607690824843
184.25,44.0,-83.19119315160752
185.0,44.0,-83.0466101694915
185.75,44.0,-82.78366897419761
186.5,44.0,-82.47703760659863
187.25,44.0,-82.60959987015019
188.0,44.0,-84.1111111111111
188.75,44.0,-86.48646892701927
189.5,44.0,-87.01872569643653
190.25,44.0,-87.3236448710409
191.0,44.0,-87.11885245901638
191.75,44.0,-86.74558239249215
192.5,44.0,-85.85099492054616
193.25,44.0,-85.39298610526654
194.0,44.0,-83.77777777777776
194.75,44.0,-82.1032213046751
195.5,44.0,-81.93108943711353
196.25,44.0,-81.11528616909328
197.0,44.0,-81.79918032786884
197.75,44.0,-82.18002452268234
198.5,44.0,-83.29951302483808
199.25,44.0,-83.04531618834639
200.0,44.0,-80.80555555555553
200.75,44.0,-76.95592165194311
201.5,44.0,-76.84937598295369
202.25,44.0,-79.46736615075305
203.0,44.0,-81.57326544701417
203.75,44.0,-83.00759801844994
204.5,44.0,-84.52297036948778
205.25,44.0,-84.95691364770921
206.0,44.0,-85.23963133640555
206.75,44.0,-86.76639227036124
207.5,44.0,-86.71732863998993
208.25,44.0,-86.91840404849317
209.0,44.0,-86.75246594645373
209.75,44.0,-87.78115900043021
210.5,44.0,-89.4108645122096
211.25,44.0,-89.82253273270949
212.0,44.0,-90.14999999999999
212.75,44.0,-92.73588235294118
213.5,44.0,-92.72345132743364
214.25,44.0,-92.71378269617705
215.0,44.0,
215.75,44.0,
216.5,44.0,
217.25,44.0,
218.0,44.0,-94.73333333333332
218.75,44.0,-94.65311653116532
219.5,44.0,-94.69535415079967
220.25,44.0,-94.19502171537819
221.0,44.0,-94.10480762237253
221.75,44.0,-94.13046093936612
222.5,44.0,-93.87366298559003
223.25,44.0,-93.96334281553037
224.0,44.0,-94.5229357798165
224.75,44.0,-94.86469163587905
225.5,44.0,-94.93904423652184
226.25,44.0,-94.96683839320345
227.0,44.0,-95.18804198995893
227.75,44.0,-95.29941875439032
228.5,44.0,-94.65016501650165
229.25,44.0,-94.99999999999999
230.0,44.0,-95.0
230.75,44.0,-95.0
77.0,44.75,
77.75,44.75,
78.5,44.75,
79.25,44.75,
80.0,44.75,
80.75,44.75,
81.5,44.75,
82.25,44.75,
83.0,44.75,
83.75,44.75,
84.5,44.75,
85.25,44.75,
86.0,44.75,
86.75,44.75,
87.5,44.75,
88.25,44.75,
89.0,44.75,
89.75,44.75,
90.5,44.75,
91.25,44.75,
92.0,44.75,
92.75,44.75,
93.5,44.75,
94.25,44.75,
95.0,44.75,
95.75,44.75,
96.5,44.75,
97.25,44.75,
98.0,44.75,
98.75,44.75,
99.5,44.75,
100.25,44.75,
101.0,44.75,
101.75,44.75,
102.5,44.75,
103.25,44.75,
104.0,44.75,
104.75,44.75,
105.5,44.75,
106.25,44.75,
107.0,44.75,
107.75,44.75,
108.5,44.75,
109.25,44.75,
110.0,44.75,
110.75,44.75,
111.5,44.75,
112.25,44.75,
113.0,44.75,
113.75,44.75,
114.5,44.75,
115.25,44.75,
116.0,44.75,
116.75,44.75,
117.5,44.75,
118.25,44.75,
119.0,44.75,
119.75,44.75,
120.5,44.75,
121.25,44.75,
122.0,44.75,
122.75,44.75,
123.5,44.75,
124.25,44.75,
125.0,44.75,
125.75,44.75,
126.5,44.75,
127.25,44.75,
128.0,44.75,
128.75,44.75,
129.5,44.75,
130.25,44.75,
131.0,44.75,
131.75,44.75,
132.5,44.75,
133.25,44.75,
134.0,44.75,
134.75,44.75,
135.5,44.75,
136.25,44.75,
137.0,44.75,
137.75,44.75,
138.5,44.75,
139.25,44.75,
140.0,44.75,
140.75,44.75,
141.5,44.75,
142.25,44.75,
143.0,44.75,
143.75,44.75,
144.5,44.75,
145.25,44.75,
146.0,44.75,
146.75,44.75,
147.5,44.75,
148.25,44.75,
149.0,44.75,
149.75,44.75,
150.5,44.75,
151.25,44.75,
152.0,44.75,
152.75,44.75,
153.5,44.75,
154.25,44.75,
155.0,44.75,
155.75,44.75,
156.5,44.75,
157.25,44.75,
158.0,44.75,
158.75,44.75,
159.5,44.75,
160.25,44.75,
161.0,44.75,
161.75,44.75,
162.5,44.75,
163.25,44.75,
164.0,44.75,
164.75,44.75,
165.5,44.75,
166.25,44.75,
167.0,44.75,
167.75,44.75,
168.5,44.75,
169.25,44.75,
170.0,44.75,
170.75,44.75,
171.5,44.75,-79.4074074074074
172.25,44.75,-79.52542372881356
173.0,44.75,-79.76844793287114
173.75,44.75,-79.94119849786556
174.5,44.75,-80.11126637606628
175.25,44.75,-79.67437095162565
176.0,44.75,-79.64024390243902
176.75,44.75,-79.54148295402933
177.5,44.75,-80.15535483967011
178.25,44.75,-79.9854776636355
179.0,44.75,-80.64254038107724
179.75,44.75,-80.18328457469177
180.5,44.75,-80.86049835360271
181.25,44.75,-81.73166554275399
182.0,44.75,-81.43681177003197
182.75,44.75,-80.9767419645858
183.5,44.75,-80.99119957783
184.25,44.75,-80.65329427742357
185.0,44.75,-79.71688004495543
185.75,44.75,-80.79261728275772
186.5,44.75,-80.6805355838838
187.25,44.75,-80.38370720188901
188.0,44.75,-83.61832565856712
188.75,44.75,-88.76335354410278
189.5,44.75,-88.1162484048362
190.25,44.75,-86.83507096648559
191.0,44.75,-86.95780462395818
191.75,44.75,-86.33970130150934
192.5,44.75,-86.45498005951734
193.25,44.75,-86.60547028728848
194.0,44.75,-83.81297416228827
194.75,44.75,-79.81986538864874
195.5,44.75,-80.89676977099474
196.25,44.75,-86.09996235802593
197.0,44.75,-89.89167196941165
197.75,44.75,-85.95753785348009
198.5,44.75,-84.13151223818285
199.25,44.75,-84.41136202064114
200.0,44.75,-82.20823100210433
200.75,44.75,-80.50202057228825
201.5,44.75,-80.45776599644836
202.25,44.75,-82.68800481780812
203.0,44.75,-83.75270066300268
203.75,44.75,-84.43761770728383
204.5,44.75,-85.52677305678472
205.25,44.75,-85.5946125939695
206.0,44.75,-86.63133916270938
206.75,44.75,-86.47900040660704
207.5,44.75,-86.45736629873804
208.25,44.75,-86.76646076527972
209.0,44.75,-87.17129347829918
209.75,44.75,-87.85522450782642
210.5,44.75,-88.42180670945294
211.25,44.75,-90.01470588235296
212.0,44.75,-90.38129282225636
212.75,44.75,-91.74538748894993
213.5,44.75,-92.71480938416421
214.25,44.75,-92.70336787564767
215.0,44.75,-92.6965478841871
215.75,44.75,
216.5,44.75,
217.25,44.75,
218.0,44.75,-94.93118279569892
218.75,44.75,-94.909604519774
219.5,44.75,-94.3151905264912
220.25,44.75,-94.3534884412525
221.0,44.75,-94.69146965829253
221.75,44.75,-94.65297170619607
222.5,44.75,-94.60988862396769
223.25,44.75,-94.60229580571868
224.0,44.75,-94.49661955400524
224.75,44.75,-94.11250802133637
225.5,44.75,-94.24021385847732
226.25,44.75,-94.66453817706498
227.0,44.75,-94.90993152863408
227.75,44.75,-95.33405806369102
228.5,44.75,-95.47359923148261
229.25,44.75,-94.92356687898089
230.0,44.75,-94.9435294117647
230.75,44.75,
77.0,45.5,
77.75,45.5,
78.5,45.5,
79.25,45.5,
80.0,45.5,
80.75,45.5,
81.5,45.5,
82.25,45.5,
83.0,45.5,
83.75,45.5,
84.5,45.5,
85.25,45.5,
86.0,45.5,
86.75,45.5,
87.5,45.5,
88.25,45.5,
89.0,45.5,
89.75,45.5,
90.5,45.5,
91.25,45.5,
92.0,45.5,
92.75,45.5,
93.5,45.5,
94.25,45.5,
95.0,45.5,
95.75,45.5,
96.5,45.5,
97.25,45.5,
98.0,45.5,
98.75,45.5,
99.5,45.5,
100.25,45.5,
101.0,45.5,
101.75,45.5,
102.5,45.5,
103.25,45.5,
104.0,45.5,
104.75,45.5,
105.5,45.5,
106.25,45.5,
107.0,45.5,
107.75,45.5,
108.5,45.5,
109.25,45.5,
110.0,45.5,
110.75,45.5,
111.5,45.5,
112.25,45.5,
113.0,45.5,
113.75,45.5,
114.5,45.5,
115.25,45.5,
116.0,45.5,
116.75,45.5,
117.5,45.5,
118.25,45.5,
119.0,45.5,
119.75,45.5,
120.5,45.5,
121.25,45.5,
122.0,45.5,
122.75,45.5,
123.5,45.5,
124.25,45.5,
125.0,45.5,
125.75,45.5,
126.5,45.5,
127.25,45.5,
128.0,45.5,
128.75,45.5,
129.5,45.5,
130.25,45.5,
131.0,45.5,
131.75,45.5,
132.5,45.5,
133.25,45.5,
134.0,45.5,
134.75,45.5,
135.5,45.5,
136.25,45.5,
137.0,45.5,
137.75,45.5,
138.5,45.5,
139.25,45.5,
140.0,45.5,
140.75,45.5,
141.5,45.5,
142.25,45.5,
143.0,45.5,
143.75,45.5,
144.5,45.5,
145.25,45.5,
146.0,45.5,
146.75,45.5,
147.5,45.5,
148.25,45.5,
149.0,45.5,
149.75,45.5,
150.5,45.5,
151.25,45.5,
152.0,45.5,
152.75,45.5,
153.5,45.5,
154.25,45.5,
155.0,45.5,
155.75,45.5,
156.5,45.5,
157.25,45.5,
158.0,45.5,
158.75,45.5,
159.5,45.5,
160.25,45.5,
161.0,45.5,
161.75,45.5,
162.5,45.5,
163.25,45.5,
164.0,45.5,
164.75,45.5,
165.5,45.5,
166.25,45.5,
167.0,45.5,
167.75,45.5,
168.5,45.5,-78.03174603174604
169.25,45.5,-77.35599920242532
170.0,45.5,-77.28813559322033
170.75,45.5,-78.78000748218184
171.5,45.5,-78.84497026515615
172.25,45.5,-79.13068658161937
173.0,45.5,-79.18918957548931
173.75,45.5,-79.75367904425877
174.5,45.5,-79.6320993146765
175.25,45.5,-79.29678956792611
176.0,45.5,-79.24954033555505
176.75,45.5,-79.97110698857398
177.5,45.5,-79.97755888007484
178.25,45.5,-79.38258198400709
179.0,45.5,-80.61865626305023
179.75,45.5,-80.27559034143815
180.5,45.5,-80.7381714996861
181.25,45.5,-80.31100739430532
182.0,45.5,-80.48277343353097
182.75,45.5,-80.09994870229951
183.5,45.5,-80.35237329042637
184.25,45.5,-80.42995174938527
185.0,45.5,-80.1137008512363
185.75,45.5,-80.87154059142235
186.5,45.5,-80.6776180698152
187.25,45.5,-80.53347053712349
188.0,45.5,-82.98378302810009
188.75,45.5,-87.04685348082782
189.5,45.5,-86.54722798876543
190.25,45.5,-85.9537510358947
191.0,45.5,-86.18188174190969
191.75,45.5,-85.63659854296746
192.5,45.5,-85.59034907597535
193.25,45.5,-86.12804418251251
194.0,45.5,-84.16279882566754
194.75,45.5,-81.42946462342628
195.5,45.5,-82.18955732122588
196.25,45.5,-85.76534782051012
197.0,45.5,-88.54467680608363
197.75,45.5,-85.32316148432922
198.5,45.5,-83.52412031782067
199.25,45.5,-83.46885960479442
200.0,45.5,-81.77774590425193
200.75,45.5,-81.84316919324571
201.5,45.5,-82.7715809374331
202.25,45.5,-85.1958598590939
203.0,45.5,-86.26971509176629
203.75,45.5,-86.05715929161855
204.5,45.5,-86.59817024961409
205.25,45.5,-86.07924937478728
206.0,45.5,-86.24534879808907
206.75,45.5,-86.08507745399181
207.5,45.5,-86.1044386514438
208.25,45.5,-86.57727552916698
209.0,45.5,-87.15587644995536
209.75,45.5,-88.00016961958256
210.5,45.5,-89.10295214116994
211.25,45.5,-89.61246978753354
212.0,45.5,-90.48376499219921
212.75,45.5,-90.70139459167572
213.5,45.5,-91.91725529767912
214.25,45.5,-92.68856655290102
215.0,45.5,-92.68258426966293
215.75,45.5,-92.68135011441647
216.5,45.5,
217.25,45.5,-94.57857142857144
218.0,45.5,-95.13675213675214
218.75,45.5,-94.0615487132839
219.5,45.5,-94.15457780427775
220.25,45.5,-94.88828598969125
221.0,45.5,-95.00807514876723
221.75,45.5,-95.18425965285307
222.5,45.5,-95.34139299891736
223.25,45.5,-95.25280805129199
224.0,45.5,-94.7898032667119
224.75,45.5,-94.25899565195549
225.5,45.5,-94.32929219772176
226.25,45.5,-94.70825988927984
227.0,45.5,-94.97456081356225
227.75,45.5,-95.12007659543647
228.5,45.5,-95.96702099564241
229.25,45.5,-95.92040643332052
230.0,45.5,-94.8938053097345
230.75,45.5,
77.0,46.25,
77.75,46.25,
78.5,46.25,
79.25,46.25,
80.0,46.25,
80.75,46.25,
81.5,46.25,
82.25,46.25,
83.0,46.25,
83.75,46.25,
84.5,46.25,
85.25,46.25,
86.0,46.25,
86.75,46.25,
87.5,46.25,
88.25,46.25,
89.0,46.25,
89.75,46.25,
90.5,46.25,
91.25,46.25,
92.0,46.25,
92.75,46.25,
93.5,46.25,
94.25,46.25,
95.0,46.25,
95.75,46.25,
96.5,46.25,
97.25,46.25,
98.0,46.25,
98.75,46.25,
99.5,46.25,
100.25,46.25,
101.0,46.25,
101.75,46.25,
102.5,46.25,
103.25,46.25,
104.0,46.25,
104.75,46.25,
105.5,46.25,
106.25,46.25,
107.0,46.25,
107.75,46.25,
108.5,46.25,
109.25,46.25,
110.0,46.25,
110.75,46.25,
111.5,46.25,
112.25,46.25,
113.0,46.25,
113.75,46.25,
114.5,46.25,
115.25,46.25,
116.0,46.25,
116.75,46.25,
117.5,46.25,
118.25,46.25,
119.0,46.25,
119.75,46.25,
120.5,46.25,
121.25,46.25,
122.0,46.25,
122.75,46.25,
123.5,46.25,
124.25,46.25,
125.0,46.25,
125.75,46.25,
126.5,46.25,
127.25,46.25,
128.0,46.25,
128.75,46.25,
129.5,46.25,
130.25,46.25,
131.0,46.25,
131.75,46.25,
132.5,46.25,
133.25,46.25,
134.0,46.25,
134.75,46.25,
135.5,46.25,
136.25,46.25,
137.0,46.25,
137.75,46.25,
138.5,46.25,
139.25,46.25,
140.0,46.25,
140.75,46.25,
141.5,46.25,
142.25,46.25,
143.0,46.25,
143.75,46.25,
144.5,46.25,
145.25,46.25,
146.0,46.25,
146.75,46.25,
147.5,46.25,
148.25,46.25,
149.0,46.25,
149.75,46.25,
150.5,46.25,
151.25,46.25,
152.0,46.25,
152.75,46.25,
153.5,46.25,
154.25,46.25,
155.0,46.25,
155.75,46.25,
156.5,46.25,
157.25,46.25,
158.0,46.25,
158.75,46.25,
159.5,46.25,
160.25,46.25,
161.0,46.25,
161.75,46.25,
162.5,46.25,
163.25,46.25,
164.0,46.25,
164.75,46.25,
165.5,46.25,
166.25,46.25,
167.0,46.25,
167.75,46.25,-77.526553716297
168.5,46.25,-77.46257709929364
169.25,46.25,-77.38136172424747
170.0,46.25,-78.62576581556189
170.75,46.25,-78.66078379220589
171.5,46.25,-78.66092284461492
172.25,46.25,-78.87898523615902
173.0,46.25,-79.10456924411943
173.75,46.25,-79.42196743271676
174.5,46.25,-79.77008214516334
175.25,46.25,-79.52091759849723
176.0,46.25,-79.44145209971309
176.75,46.25,-79.2470279671152
177.5,46.25,-79.58588066355189
178.25,46.25,-79.3581540623734
179.0,46.25,-79.29639932329448
179.75,46.25,-79.92940186960767
180.5,46.25,-80.95577024918146
181.25,46.25,-80.29048381020614
182.0,46.25,-78.86801448418497
182.75,46.25,-77.50775363998798
183.5,46.25,-78.39434930466166
184.25,46.25,-81.46606136379675
185.0,46.25,-82.76070585740194
185.75,46.25,-81.45226265610313
186.5,46.25,-80.28284475263322
187.25,46.25,-79.94903109508788
188.0,46.25,-80.65081454256483
188.75,46.25,-82.09178143545398
189.5,46.25,-82.53589892911795
190.25,46.25,-83.02860212165973
191.0,46.25,-82.52009373787433
191.75,46.25,-83.12981737612462
192.5,46.25,-84.01113968976131
193.25,46.25,-84.18508899415576
194.0,46.25,-84.74923015794181
194.75,46.25,-86.45936544824562
195.5,46.25,-86.47433385937191
196.25,46.25,-85.99311808434946
197.0,46.25,-85.53676642148805
197.75,46.25,-82.79784832797665
198.5,46.25,-79.07483026866292
199.25,46.25,-77.96774714589655
200.0,46.25,-81.15093003008634
200.75,46.25,-82.92712464162042
201.5,46.25,-84.52024714216856
202.25,46.25,-87.26794990528224
203.0,46.25,-89.8527404087205
203.75,46.25,-88.37036533525865
204.5,46.25,-86.08757097932207
205.25,46.25,-85.41561697685061
206.0,46.25,-85.82362047414132
206.75,46.25,-85.54684383105895
207.5,46.25,-85.66904009735768
208.25,46.25,-86.39253062677604
209.0,46.25,-87.21027304935257
209.75,46.25,-88.80709622811132
210.5,46.25,-89.42208654294096
211.25,46.25,-90.00486564866489
212.0,46.25,-90.84827076116028
212.75,46.25,-91.03779982505891
213.5,46.25,-91.65481501518305
214.25,46.25,-91.64084113864763
215.0,46.25,-92.66459074733095
215.75,46.25,-92.6671270718232
216.5,46.25,
217.25,46.25,-94.44620253164558
218.0,46.25,-93.61949322037377
218.75,46.25,-94.07102346542902
219.5,46.25,-94.19083777082946
220.25,46.25,-94.97956524570942
221.0,46.25,-95.20639039339709
221.75,46.25,-95.61751142714076
222.5,46.25,-96.1604242510033
223.25,46.25,-96.23170274236752
224.0,46.25,-95.55907101553022
224.75,46.25,-95.02475635510764
225.5,46.25,-94.94079943764885
226.25,46.25,-95.09261193696008
227.0,46.25,-95.23252091284732
227.75,46.25,-95.30629324929093
228.5,46.25,-96.19621045251051
229.25,46.25,-96.12138195910777
230.0,46.25,-96.17451253720225
230.75,46.25,
77.0,47.0,
77.75,47.0,
78.5,47.0,
79.25,47.0,
80.0,47.0,
80.75,47.0,
81.5,47.0,
82.25,47.0,
83.0,47.0,
83.75,47.0,
84.5,47.0,
85.25,47.0,
86.0,47.0,
86.75,47.0,
87.5,47.0,
88.25,47.0,
89.0,47.0,
89.75,47.0,
90.5,47.0,
91.25,47.0,
92.0,47.0,
92.75,47.0,
93.5,47.0,
94.25,47.0,
95.0,47.0,
95.75,47.0,
96.5,47.0,
97.25,47.0,
98.0,47.0,
98.75,47.0,
99.5,47.0,
100.25,47.0,
101.0,47.0,
101.75,47.0,
102.5,47.0,
103.25,47.0,
104.0,47.0,
104.75,47.0,
105.5,47.0,
106.25,47.0,
107.0,47.0,
107.75,47.0,
108.5,47.0,
109.25,47.0,
110.0,47.0,
110.75,47.0,
111.5,47.0,
112.25,47.0,
113.0,47.0,
113.75,47.0,
114.5,47.0,
115.25,47.0,
116.0,47.0,
116.75,47.0,
117.5,47.0,
118.25,47.0,
119.0,47.0,
119.75,47.0,
120.5,47.0,
121.25,47.0,
122.0,47.0,
122.75,47.0,
123.5,47.0,
124.25,47.0,
125.0,47.0,
125.75,47.0,
126.5,47.0,
127.25,47.0,
128.0,47.0,
128.75,47.0,
129.5,47.0,
130.25,47.0,
131.0,47.0,
131.75,47.0,
132.5,47.0,
133.25,47.0,
134.0,47.0,
134.75,47.0,
135.5,47.0,
136.25,47.0,
137.0,47.0,
137.75,47.0,
138.5,47.0,
139.25,47.0,
140.0,47.0,
140.75,47.0,
141.5,47.0,
142.25,47.0,
143.0,47.0,
143.75,47.0,
144.5,47.0,
145.25,47.0,
146.0,47.0,
146.75,47.0,
147.5,47.0,
148.25,47.0,
149.0,47.0,
149.75,47.0,
150.5,47.0,
151.25,47.0,
152.0,47.0,
152.75,47.0,
153.5,47.0,
154.25,47.0,
155.0,47.0,
155.75,47.0,
156.5,47.0,
157.25,47.0,
158.0,47.0,
158.75,47.0,
159.5,47.0,
160.25,47.0,
161.0,47.0,
161.75,47.0,
162.5,47.0,
163.25,47.0,
164.0,47.0,
164.75,47.0,
165.5,47.0,
166.25,47.0,
167.0,47.0,-77.84615384615385
167.75,47.0,-77.60372304104379
168.5,47.0,-77.52892920909134
169.25,47.0,-77.92689962835512
170.0,47.0,-78.5079565751931
170.75,47.0,-78.46922095635962
171.5,47.0,-78.49387575772614
172.25,47.0,-78.6472531324223
173.0,47.0,-78.90425531914894
173.75,47.0,-79.40759992318152
174.5,47.0,-79.95857000578644
175.25,47.0,-79.90005086785654
176.0,47.0,-79.72439353099729
176.75,47.0,-79.40859045757513
177.5,47.0,-79.45993184600039
178.25,47.0,-79.26401572748046
179.0,47.0,-78.72222222222221
179.75,47.0,-80.09330345976049
180.5,47.0,-81.52580674525512
181.25,47.0,-81.36180265499078
182.0,47.0,-78.79722792607802
182.75,47.0,-75.45682055079567
183.5,47.0,-77.00607968135463
184.25,47.0,-82.60135319371956
185.0,47.0,-85.99999999999213
185.75,47.0,-82.6272438886582
186.5,47.0,-78.78615661206551
187.25,47.0,-78.1136569883553
188.0,47.0,-79.39285714285711
188.75,47.0,-80.0078338702022
189.5,47.0,-80.32361166600079
190.25,47.0,-81.09131103683484
191.0,47.0,-80.0000000000045
191.75,47.0,-81.88405469063778
192.5,47.0,-83.13993208150218
193.25,47.0,-83.10870822190195
194.0,47.0,-85.2142857142857
194.75,47.0,-89.4730175152199
195.5,47.0,-88.6948669201521
196.25,47.0,-85.68859136541293
197.0,47.0,-83.7
197.75,47.0,-81.65229729211235
198.5,47.0,-74.58745247148289
199.25,47.0,-72.45803252266441
200.0,47.0,-80.45491803278686
200.75,47.0,-83.9486123222019
201.5,47.0,-84.43730422425267
202.25,47.0,-88.20776914523641
203.0,47.0,-91.99999999999257
203.75,47.0,-89.03597394325604
204.5,47.0,-85.39246719974379
205.25,47.0,-84.67932004615736
206.0,47.0,-85.71367239101717
206.75,47.0,-85.09712945390852
207.5,47.0,-85.32770186754163
208.25,47.0,-86.44169226836287
209.0,47.0,-87.53571428571429
209.75,47.0,-89.12821247548798
210.5,47.0,-89.90307817247977
211.25,47.0,-90.95799308213066
212.0,47.0,-91.24368018812463
212.75,47.0,-91.40712643376294
213.5,47.0,-91.84737989326666
214.25,47.0,-91.79458708252287
215.0,47.0,-92.09090909090911
215.75,47.0,-92.65163934426229
216.5,47.0,-92.66089108910892
217.25,47.0,-94.30102040816325
218.0,47.0,-93.67721518987342
218.75,47.0,-94.00580429159096
219.5,47.0,-94.72108042858086
220.25,47.0,-94.84121793248848
221.0,47.0,-95.14606741573036
221.75,47.0,-95.65672237908727
222.5,47.0,-96.60315986633891
223.25,47.0,-96.88464336413853
224.0,47.0,-96.01369863013699
224.75,47.0,-95.72779798597998
225.5,47.0,-95.72761365575913
226.25,47.0,-95.70551495830742
227.0,47.0,-95.64788732394365
227.75,47.0,-95.8068896576221
228.5,47.0,-95.76718584259935
229.25,47.0,-96.37768537768537
230.0,47.0,-96.5
230.75,47.0,
77.0,47.75,
77.75,47.75,
78.5,47.75,
79.25,47.75,
80.0,47.75,
80.75,47.75,
81.5,47.75,
82.25,47.75,
83.0,47.75,
83.75,47.75,
84.5,47.75,
85.25,47.75,
86.0,47.75,
86.75,47.75,
87.5,47.75,
88.25,47.75,
89.0,47.75,
89.75,47.75,
90.5,47.75,
91.25,47.75,
92.0,47.75,
92.75,47.75,
93.5,47.75,
94.25,47.75,
95.0,47.75,
95.75,47.75,
96.5,47.75,
97.25,47.75,
98.0,47.75,
98.75,47.75,
99.5,47.75,
100.25,47.75,
101.0,47.75,
101.75,47.75,
102.5,47.75,
103.25,47.75,
104.0,47.75,
104.75,47.75,
105.5,47.75,
106.25,47.75,
107.0,47.75,
107.75,47.75,
108.5,47.75,
109.25,47.75,
110.0,47.75,
110.75,47.75,
111.5,47.75,
112.25,47.75,
113.0,47.75,
113.75,47.75,
114.5,47.75,
115.25,47.75,
116.0,47.75,
116.75,47.75,
117.5,47.75,
118.25,47.75,
119.0,47.75,
119.75,47.75,
120.5,47.75,
121.25,47.75,
122.0,47.75,
122.75,47.75,
123.5,47.75,
124.25,47.75,
125.0,47.75,
125.75,47.75,
126.5,47.75,
127.25,47.75,
128.0,47.75,
128.75,47.75,
129.5,47.75,
130.25,47.75,
131.0,47.75,
131.75,47.75,
132.5,47.75,
133.25,47.75,
134.0,47.75,
134.75,47.75,
135.5,47.75,
136.25,47.75,
137.0,47.75,
137.75,47.75,
138.5,47.75,
139.25,47.75,
140.0,47.75,
140.75,47.75,
141.5,47.75,
142.25,47.75,
143.0,47.75,
143.75,47.75,
144.5,47.75,
145.25,47.75,
146.0,47.75,
146.75,47.75,
147.5,47.75,
148.25,47.75,
149.0,47.75,
149.75,47.75,
150.5,47.75,
151.25,47.75,
152.0,47.75,
152.75,47.75,
153.5,47.75,
154.25,47.75,
155.0,47.75,
155.75,47.75,
156.5,47.75,
157.25,47.75,
158.0,47.75,
158.75,47.75,
159.5,47.75,
160.25,47.75,
161.0,47.75,
161.75,47.75,
162.5,47.75,
163.25,47.75,
164.0,47.75,-82.32748538011695
164.75,47.75,-82.94068749665297
165.5,47.75,-82.67929736969178
166.25,47.75,-80.63457558611503
167.0,47.75,-80.27770682734906
167.75,47.75,-79.53002800961832
168.5,47.75,-78.81270236062215
169.25,47.75,-78.24286549583567
170.0,47.75,-78.34456208161171
170.75,47.75,-78.54851926921836
171.5,47.75,-78.27824876559865
172.25,47.75,-78.21573609382204
173.0,47.75,-78.42580558507811
173.75,47.75,-79.27997334230349
174.5,47.75,-80.43869240527968
175.25,47.75,-80.80738230397874
176.0,47.75,-80.1111372026475
176.75,47.75,-79.61090579719469
177.5,47.75,-79.35821165948754
178.25,47.75,-78.84434808327084
179.0,47.75,-78.99500013197155
179.75,47.75,-80.01231613912765
180.5,47.75,-82.20125593364632
181.25,47.75,-82.76199987756591
182.0,47.75,-81.26530884247191
182.75,47.75,-79.50819929748845
183.5,47.75,-80.16251398322406
184.25,47.75,-81.9519940915805
185.0,47.75,-82.90816649534715
185.75,47.75,-80.9180878205989
186.5,47.75,-79.00332087269891
187.25,47.75,-78.1769193758014
188.0,47.75,-78.56479090096354
188.75,47.75,-78.94641362224787
189.5,47.75,-79.31511941030806
190.25,47.75,-80.8631999462871
191.0,47.75,-80.98827595831149
191.75,47.75,-82.09953672619848
192.5,47.75,-83.11759219241807
193.25,47.75,-83.11859721640316
194.0,47.75,-84.27242475414722
194.75,47.75,-86.08300631423204
195.5,47.75,-86.01089248680303
196.25,47.75,-85.03214014082778
197.0,47.75,-85.20637312292149
197.75,47.75,-83.3008415319316
198.5,47.75,-79.77065019569662
199.25,47.75,-79.0909405461223
200.0,47.75,-82.45107555166244
200.75,47.75,-84.08741199783623
201.5,47.75,-84.83066714497383
202.25,47.75,-87.03131226055413
203.0,47.75,-88.39087740556437
203.75,47.75,-87.58992158291882
204.5,47.75,-86.64871460486373
205.25,47.75,-86.26496640691393
206.0,47.75,-86.4514838209498
206.75,47.75,-85.83135643734181
207.5,47.75,-85.96350598820796
208.25,47.75,-86.94651646006717
209.0,47.75,-88.27112141361307
209.75,47.75,-89.24574553214772
210.5,47.75,-90.98861650955394
211.25,47.75,-91.55875610942465
212.0,47.75,-91.6858869466974
212.75,47.75,-92.10663005465024
213.5,47.75,-92.12235008540448
214.25,47.75,-92.09443015937676
215.0,47.75,-92.31777124041172
215.75,47.75,-92.29861366158983
216.5,47.75,-92.6513698630137
217.25,47.75,-93.32598059100697
218.0,47.75,-93.54505229283991
218.75,47.75,-93.73703018815588
219.5,47.75,-94.69037471139163
220.25,47.75,-94.63000950935334
221.0,47.75,-94.68147820634542
221.75,47.75,-94.8831734075281
222.5,47.75,-95.31108419745006
223.25,47.75,-95.55955076369989
224.0,47.75,-95.69091433475165
224.75,47.75,-96.50049152772806
225.5,47.75,-96.77618251520738
226.25,47.75,-96.48660492137542
227.0,47.75,-96.33718912183332
227.75,47.75,-96.11078257527706
228.5,47.75,-95.96070095296317
229.25,47.75,-96.83149171270718
230.0,47.75,-96.7536997885835
230.75,47.75,
77.0,48.5,
77.75,48.5,
78.5,48.5,
79.25,48.5,
80.0,48.5,
80.75,48.5,
81.5,48.5,
82.25,48.5,
83.0,48.5,
83.75,48.5,
84.5,48.5,
85.25,48.5,
86.0,48.5,
86.75,48.5,
87.5,48.5,
88.25,48.5,
89.0,48.5,
89.75,48.5,
90.5,48.5,
91.25,48.5,
92.0,48.5,
92.75,48.5,
93.5,48.5,
94.25,48.5,
95.0,48.5,
95.75,48.5,
96.5,48.5,
97.25,48.5,
98.0,48.5,
98.75,48.5,
99.5,48.5,
100.25,48.5,
101.0,48.5,
101.75,48.5,
102.5,48.5,
103.25,48.5,
104.0,48.5,
104.75,48.5,
105.5,48.5,
106.25,48.5,
107.0,48.5,
107.75,48.5,
108.5,48.5,
109.25,48.5,
110.0,48.5,
110.75,48.5,
111.5,48.5,
112.25,48.5,
113.0,48.5,
113.75,48.5,
114.5,48.5,
115.25,48.5,
116.0,48.5,
116.75,48.5,
117.5,48.5,
118.25,48.5,
119.0,48.5,
119.75,48.5,
120.5,48.5,
121.25,48.5,
122.0,48.5,
122.75,48.5,
123.5,48.5,
124.25,48.5,
125.0,48.5,
125.75,48.5,
126.5,48.5,
127.25,48.5,
128.0,48.5,
128.75,48.5,
129.5,48.5,
130.25,48.5,
131.0,48.5,
131.75,48.5,
132.5,48.5,
133.25,48.5,
134.0,48.5,
134.75,48.5,
135.5,48.5,
136.25,48.5,
137.0,48.5,
137.75,48.5,
138.5,48.5,
139.25,48.5,
140.0,48.5,
140.75,48.5,
141.5,48.5,
142.25,48.5,
143.0,48.5,
143.75,48.5,
144.5,48.5,
145.25,48.5,
146.0,48.5,
146.75,48.5,
147.5,48.5,
148.25,48.5,
149.0,48.5,
149.75,48.5,
150.5,48.5,
151.25,48.5,
152.0,48.5,
152.75,48.5,
153.5,48.5,
154.25,48.5,
155.0,48.5,
155.75,48.5,
156.5,48.5,
157.25,48.5,
158.0,48.5,
158.75,48.5,
159.5,48.5,
160.25,48.5,
161.0,48.5,
161.75,48.5,
162.5,48.5,
163.25,48.5,-85.0
164.0,48.5,-83.30458871998863
164.75,48.5,-83.09971246044826
165.5,48.5,-81.96874841780162
166.25,48.5,-80.78635465888702
167.0,48.5,-80.34002067631799
167.75,48.5,-79.58826659370109
168.5,48.5,-78.84750256013074
169.25,48.5,-78.26318361022628
170.0,48.5,-78.1086553746135
170.75,48.5,-78.3776130587671
171.5,48.5,-78.07501049561394
172.25,48.5,-77.76191875094588
173.0,48.5,-77.46354281332796
173.75,48.5,-78.87077138619563
174.5,48.5,-81.47009718415151
175.25,48.5,-82.07372957478646
176.0,48.5,-80.47451888809694
176.75,48.5,-79.76296306870863
177.5,48.5,-79.26245950660355
178.25,48.5,-78.25461366158075
179.0,48.5,-77.65747788031584
179.75,48.5,-80.06704020794855
180.5,48.5,-83.90959409594096
181.25,48.5,-85.00893822113036
182.0,48.5,-84.20440212222833
182.75,48.5,-85.15549670214153
183.5,48.5,-84.22125256673512
184.25,48.5,-81.65805391940793
185.0,48.5,-80.04824210946863
185.75,48.5,-80.13809948131995
186.5,48.5,-77.9517453798768
187.25,48.5,-76.98792576875164
188.0,48.5,-78.15289608177173
188.75,48.5,-77.2546279697539
189.5,48.5,-78.3228952772074
190.25,48.5,-81.45082243487353
191.0,48.5,-83.40960846983619
191.75,48.5,-82.79102872646472
192.5,48.5,-82.00975359342917
193.25,48.5,-82.26211952636196
194.0,48.5,-82.47047858707302
194.75,48.5,-81.49285387874178
195.5,48.5,-82.65295119182747
196.25,48.5,-85.38007967366624
197.0,48.5,-86.50190114068441
197.75,48.5,-85.91219224062432
198.5,48.5,-87.35325476992145
199.25,48.5,-88.13494190529534
200.0,48.5,-85.40161839863714
200.75,48.5,-85.21657964901176
201.5,48.5,-85.65195071868584
202.25,48.5,-84.0476929663458
203.0,48.5,-82.82920495405513
203.75,48.5,-85.37459159288899
204.5,48.5,-89.06160164271049
205.25,48.5,-89.61444905618166
206.0,48.5,-87.68994889267465
206.75,48.5,-85.81354075092918
207.5,48.5,-86.29685746352413
208.25,48.5,-87.90427021108262
209.0,48.5,-88.52538273692119
209.75,48.5,-89.422109776797
210.5,48.5,-91.84089210067282
211.25,48.5,-92.4374804162412
212.0,48.5,-92.22278995841089
212.75,48.5,-92.36648360627939
213.5,48.5,-92.38669980181072
214.25,48.5,-92.26978074911719
215.0,48.5,-92.33113266829861
215.75,48.5,-92.31185538213401
216.5,48.5,-92.93569922698524
217.25,48.5,-93.22960814566379
218.0,48.5,-93.41222570532916
218.75,48.5,-93.5431068793436
219.5,48.5,-94.71983080368251
220.25,48.5,-94.46586354672763
221.0,48.5,-94.10090153501945
221.75,48.5,-93.55458857847808
222.5,48.5,-92.46117469708469
223.25,48.5,-92.33452355265909
224.0,48.5,-95.248105630927
224.75,48.5,-98.09326508609952
225.5,48.5,-98.17609344394084
226.25,48.5,-97.36304267146659
227.0,48.5,-96.74578549751297
227.75,48.5,-96.39670000485981
228.5,48.5,-96.13669153117742
229.25,48.5,-97.11696658097686
230.0,48.5,
230.75,48.5,
77.0,49.25,
77.75,49.25,
78.5,49.25,
79.25,49.25,
80.0,49.25,
80.75,49.25,
81.5,49.25,
82.25,49.25,
83.0,49.25,
83.75,49.25,
84.5,49.25,
85.25,49.25,
86.0,49.25,
86.75,49.25,
87.5,49.25,
88.25,49.25,
89.0,49.25,
89.75,49.25,
90.5,49.25,
91.25,49.25,
92.0,49.25,
92.75,49.25,
93.5,49.25,
94.25,49.25,
95.0,49.25,
95.75,49.25,
96.5,49.25,
97.25,49.25,
98.0,49.25,
98.75,49.25,
99.5,49.25,
100.25,49.25,
101.0,49.25,
101.75,49.25,
102.5,49.25,
103.25,49.25,
104.0,49.25,
104.75,49.25,
105.5,49.25,
106.25,49.25,
107.0,49.25,
107.75,49.25,
108.5,49.25,
109.25,49.25,
110.0,49.25,
110.75,49.25,
111.5,49.25,
112.25,49.25,
113.0,49.25,
113.75,49.25,
114.5,49.25,
115.25,49.25,
116.0,49.25,
116.75,49.25,
117.5,49.25,
118.25,49.25,
119.0,49.25,
119.75,49.25,
120.5,49.25,
121.25,49.25,
122.0,49.25,
122.75,49.25,
123.5,49.25,
124.25,49.25,
125.0,49.25,
125.75,49.25,
126.5,49.25,
127.25,49.25,
128.0,49.25,
128.75,49.25,
129.5,49.25,
130.25,49.25,
131.0,49.25,
131.75,49.25,
132.5,49.25,
133.25,49.25,
134.0,49.25,
134.75,49.25,
135.5,49.25,
136.25,49.25,
137.0,49.25,
137.75,49.25,
138.5,49.25,
139.25,49.25,
140.0,49.25,
140.75,49.25,
141.5,49.25,
142.25,49.25,
143.0,49.25,
143.75,49.25,
144.5,49.25,
145.25,49.25,
146.0,49.25,
146.75,49.25,
147.5,49.25,
148.25,49.25,
149.0,49.25,
149.75,49.25,
150.5,49.25,
151.25,49.25,
152.0,49.25,
152.75,49.25,
153.5,49.25,
154.25,49.25,
155.0,49.25,
155.75,49.25,
156.5,49.25,
157.25,49.25,
158.0,49.25,
158.75,49.25,
159.5,49.25,
160.25,49.25,
161.0,49.25,-83.57128712871287
161.75,49.25,-84.39193189619662
162.5,49.25,-84.59815535393612
163.25,49.25,-85.243185673149
164.0,49.25,-82.51404008774709
164.75,49.25,-81.40112316734835
165.5,49.25,-80.72781167080149
166.25,49.25,-80.62983880367197
167.0,49.25,-80.49732058147195
167.75,49.25,-79.95265523928224
168.5,49.25,-78.96212168138993
169.25,49.25,-78.3287830457302
170.0,49.25,-78.06100849672124
170.75,49.25,-77.83691594705
171.5,49.25,-78.13332758736517
172.25,49.25,-77.7433239996445
173.0,49.25,-77.16317158831019
173.75,49.25,-78.74820582245565
174.5,49.25,-81.69020313298411
175.25,49.25,-82.44091777329426
176.0,49.25,-80.3111773759138
176.75,49.25,-79.80152769680866
177.5,49.25,-79.26559452329252
178.25,49.25,-77.90546862924965
179.0,49.25,-77.18581391963482
179.75,49.25,-79.38794898992985
180.5,49.25,-84.4876797704181
181.25,49.25,-85.57324697026277
182.0,49.25,-84.84246252044429
182.75,49.25,-86.28991822308464
183.5,49.25,-85.07107802795706
184.25,49.25,-81.48518569852472
185.0,49.25,-79.77183222680833
185.75,49.25,-80.08133585878788
186.5,49.25,-77.60855994712591
187.25,49.25,-76.79973318548807
188.0,49.25,-78.68680317915887
188.75,49.25,-76.92272774524412
189.5,49.25,-78.05420623609514
190.25,49.25,-82.31208491768248
191.0,49.25,-84.18916694874382
191.75,49.25,-82.96519937653008
192.5,49.25,-81.94292890113203
193.25,49.25,-81.97241899514628
194.0,49.25,-81.67660979724994
194.75,49.25,-80.519830115136
195.5,49.25,-81.54664523029194
196.25,49.25,-85.9500807452389
197.0,49.25,-86.87694740054144
197.75,49.25,-86.79978949632518
198.5,49.25,-89.17139330746619
199.25,49.25,-90.01109705811012
200.0,49.25,-86.46061927365054
200.75,49.25,-85.92104716033124
201.5,49.25,-85.32232151705031
202.25,49.25,-83.22164641366186
203.0,49.25,-81.42260274042711
203.75,49.25,-84.85975545912399
204.5,49.25,-89.54160154165002
205.25,49.25,-90.85900412349699
206.0,49.25,-88.3236560326747
206.75,49.25,-85.6329741155272
207.5,49.25,-86.29460048221219
208.25,49.25,-88.28405735033625
209.0,49.25,-88.59524323228332
209.75,49.25,-89.67207914172722
210.5,49.25,-92.02367408327993
211.25,49.25,-92.72384456142706
212.0,49.25,-92.14110326295616
212.75,49.25,-92.4423224779529
213.5,49.25,-92.41334802880675
214.25,49.25,-92.28596566319705
215.0,49.25,-92.45653559658587
215.75,49.25,-92.32686338568713
216.5,49.25,-92.32679339879809
217.25,49.25,-92.51210055982475
218.0,49.25,-93.29457079970653
218.75,49.25,-93.36961277619778
219.5,49.25,-94.54997380993395
220.25,49.25,-94.25603810275342
221.0,49.25,-93.78544932044088
221.75,49.25,-92.96944843428138
222.5,49.25,-91.70242050498629
223.25,49.25,-91.45229337015381
224.0,49.25,-95.13212835585723
224.75,49.25,-98.63733519776268
225.5,49.25,-98.50958202778158
226.25,49.25,-97.62246628424153
227.0,49.25,-96.95710395663886
227.75,49.25,-96.52120566459669
228.5,49.25,-96.23385625992097
229.25,49.25,
230.0,49.25,
230.75,49.25,
77.0,50.0,
77.75,50.0,
78.5,50.0,
79.25,50.0,
80.0,50.0,
80.75,50.0,
81.5,50.0,
82.25,50.0,
83.0,50.0,
83.75,50.0,
84.5,50.0,
85.25,50.0,
86.0,50.0,
86.75,50.0,
87.5,50.0,
88.25,50.0,
89.0,50.0,
89.75,50.0,
90.5,50.0,
91.25,50.0,
92.0,50.0,
92.75,50.0,
93.5,50.0,
94.25,50.0,
95.0,50.0,
95.75,50.0,
96.5,50.0,
97.25,50.0,
98.0,50.0,
98.75,50.0,
99.5,50.0,
100.25,50.0,
101.0,50.0,
101.75,50.0,
102.5,50.0,
103.25,50.0,
104.0,50.0,
104.75,50.0,
105.5,50.0,
106.25,50.0,
107.0,50.0,
107.75,50.0,
108.5,50.0,
109.25,50.0,
110.0,50.0,
110.75,50.0,
111.5,50.0,
112.25,50.0,
113.0,50.0,
113.75,50.0,
114.5,50.0,
115.25,50.0,
116.0,50.0,
116.75,50.0,
117.5,50.0,
118.25,50.0,
119.0,50.0,
119.75,50.0,
120.5,50.0,
121.25,50.0,
122.0,50.0,
122.75,50.0,
123.5,50.0,
124.25,50.0,
125.0,50.0,
125.75,50.0,
126.5,50.0,
127.25,50.0,
128.0,50.0,
128.75,50.0,
129.5,50.0,
130.25,50.0,
131.0,50.0,
131.75,50.0,
132.5,50.0,
133.25,50.0,
134.0,50.0,
134.75,50.0,
135.5,50.0,
136.25,50.0,
137.0,50.0,
137.75,50.0,
138.5,50.0,
139.25,50.0,
140.0,50.0,
140.75,50.0,
141.5,50.0,
142.25,50.0,
143.0,50.0,
143.75,50.0,
144.5,50.0,
145.25,50.0,
146.0,50.0,
146.75,50.0,
147.5,50.0,
148.25,50.0,
149.0,50.0,
149.75,50.0,
150.5,50.0,
151.25,50.0,
152.0,50.0,
152.75,50.0,
153.5,50.0,
154.25,50.0,
155.0,50.0,
155.75,50.0,
156.5,50.0,
157.25,50.0,
158.0,50.0,
158.75,50.0,
159.5,50.0,
160.25,50.0,-84.14642345024966
161.0,50.0,-84.25301204819277
161.75,50.0,-82.50631079935357
162.5,50.0,-82.96942389195678
163.25,50.0,-82.62490113450465
164.0,50.0,-82.1187646468028
164.75,50.0,-82.18048926432628
165.5,50.0,-81.13516650032585
166.25,50.0,-80.98700683684727
167.0,50.0,-80.6935863594207
167.75,50.0,-79.93694009618797
168.5,50.0,-79.34061078495996
169.25,50.0,-78.89674341919023
170.0,50.0,-77.96428571428571
170.75,50.0,-77.38160873797008
171.5,50.0,-77.66445006735356
172.25,50.0,-78.43220016893457
173.0,50.0,-78.81557377049178
173.75,50.0,-79.21928104873793
174.5,50.0,-79.8185689948893
175.25,50.0,-79.87697317584724
176.0,50.0,-79.31818181818181
176.75,50.0,-78.32412517937965
177.5,50.0,-77.81984667802386
178.25,50.0,-77.5046935531936
179.0,50.0,-77.39285714285712
179.75,50.0,-79.35231449289759
180.5,50.0,-83.12947189097105
181.25,50.0,-84.26415719174304
182.0,50.0,-83.9090909090909
182.75,50.0,-83.650126945579
183.5,50.0,-83.15928449744463
184.25,50.0,-82.02873249230159
185.0,50.0,-81.60714285714283
185.75,50.0,-81.84993046587861
186.5,50.0,-82.23466780238502
187.25,50.0,-82.40001655811902
188.0,50.0,-82.24999999999999
188.75,50.0,-82.28899437023956
189.5,50.0,-82.39182282793867
190.25,50.0,-82.49381642991955
191.0,50.0,-82.60714285714283
191.75,50.0,-82.01701102612498
192.5,50.0,-80.94430075958805
193.25,50.0,-80.54625800039278
194.0,50.0,-81.19444444444443
194.75,50.0,-81.95340701181823
195.5,50.0,-83.2513386880857
196.25,50.0,-86.39643765327769
197.0,50.0,-87.3401639344262
197.75,50.0,-87.6671617002306
198.5,50.0,-87.87180579216354
199.25,50.0,-87.68040070647976
200.0,50.0,-86.13636363636364
200.75,50.0,-84.98415939949224
201.5,50.0,-84.44889267461672
202.25,50.0,-84.02043806496475
203.0,50.0,-83.96428571428568
203.75,50.0,-85.5104549518228
204.5,50.0,-88.46294718909712
205.25,50.0,-89.33411524450824
206.0,50.0,-89.47727272727272
206.75,50.0,-89.06203775251133
207.5,50.0,-89.05792163543443
208.25,50.0,-89.4519966226284
209.0,50.0,-89.74999999999999
209.75,50.0,-90.04800337737163
210.5,50.0,-90.90330397502213
211.25,50.0,-91.11207563351893
212.0,50.0,-91.44444444444443
212.75,50.0,-92.07820362164635
213.5,50.0,-92.236615108899
214.25,50.0,-92.11766071248321
215.0,50.0,-92.01983261037336
215.75,50.0,-91.91793093639069
216.5,50.0,-92.36376618431073
217.25,50.0,-92.5959056665575
218.0,50.0,-93.37499999999999
218.75,50.0,-93.23751345280989
219.5,50.0,-94.48379682831533
220.25,50.0,-94.19566270447515
221.0,50.0,-93.77628032345012
221.75,50.0,-93.24227343198983
222.5,50.0,-92.71431337833351
223.25,50.0,-93.05368908653574
224.0,50.0,-95.14189189189189
224.75,50.0,-97.21809183337152
225.5,50.0,-97.62659037447844
226.25,50.0,-97.26282732188155
227.0,50.0,-96.83081791626095
227.75,50.0,-96.48923935504462
228.5,50.0,-96.61797752808991
229.25,50.0,
230.0,50.0,
230.75,50.0,
77.0,50.75,
77.75,50.75,
78.5,50.75,
79.25,50.75,
80.0,50.75,
80.75,50.75,
81.5,50.75,
82.25,50.75,
83.0,50.75,
83.75,50.75,
84.5,50.75,
85.25,50.75,
86.0,50.75,
86.75,50.75,
87.5,50.75,
88.25,50.75,
89.0,50.75,
89.75,50.75,
90.5,50.75,
91.25,50.75,
92.0,50.75,
92.75,50.75,
93.5,50.75,
94.25,50.75,
95.0,50.75,
95.75,50.75,
96.5,50.75,
97.25,50.75,
98.0,50.75,
98.75,50.75,
99.5,50.75,
100.25,50.75,
101.0,50.75,
101.75,50.75,
102.5,50.75,
103.25,50.75,
104.0,50.75,
104.75,50.75,
105.5,50.75,
106.25,50.75,
107.0,50.75,
107.75,50.75,
108.5,50.75,
109.25,50.75,
110.0,50.75,
110.75,50.75,
111.5,50.75,
112.25,50.75,
113.0,50.75,
113.75,50.75,
114.5,50.75,
115.25,50.75,
116.0,50.75,
116.75,50.75,
117.5,50.75,
118.25,50.75,
119.0,50.75,
119.75,50.75,
120.5,50.75,
121.25,50.75,
122.0,50.75,
122.75,50.75,
123.5,50.75,
124.25,50.75,
125.0,50.75,
125.75,50.75,
126.5,50.75,
127.25,50.75,
128.0,50.75,
128.75,50.75,
129.5,50.75,
130.25,50.75,
131.0,50.75,
131.75,50.75,
132.5,50.75,
133.25,50.75,
134.0,50.75,
134.75,50.75,
135.5,50.75,
136.25,50.75,
137.0,50.75,
137.75,50.75,
138.5,50.75,
139.25,50.75,
140.0,50.75,
140.75,50.75,
141.5,50.75,
142.25,50.75,
143.0,50.75,
143.75,50.75,
144.5,50.75,
145.25,50.75,
146.0,50.75,
146.75,50.75,
147.5,50.75,
148.25,50.75,
149.0,50.75,
149.75,50.75,
150.5,50.75,
151.25,50.75,
152.0,50.75,
152.75,50.75,
153.5,50.75,
154.25,50.75,
155.0,50.75,
155.75,50.75,
156.5,50.75,
157.25,50.75,
158.0,50.75,
158.75,50.75,
159.5,50.75,-83.96233391572873
160.25,50.75,-84.05325476424677
161.0,50.75,-82.50062888926844
161.75,50.75,-82.88928595140585
162.5,50.75,-83.00080525845807
163.25,50.75,-82.55892417751096
164.0,50.75,-82.41980924730981
164.75,50.75,-82.5883877247002
165.5,50.75,-81.63478923429942
166.25,50.75,-81.33658437861087
167.0,50.75,-80.80529478996226
167.75,50.75,-80.0467115558076
168.5,50.75,-79.17766936207164
169.25,50.75,-78.97613686068709
170.0,50.75,-77.8946701341695
170.75,50.75,-76.35537605577156
171.5,50.75,-76.92025936527935
172.25,50.75,-79.0585748925383
173.0,50.75,-80.33632974319666
173.75,50.75,-79.79034829413018
174.5,50.75,-78.61070402216355
175.25,50.75,-78.27407394573615
176.0,50.75,-78.38955734628549
176.75,50.75,-76.80007969784123
177.5,50.75,-76.69510625638223
178.25,50.75,-75.8313120192997
179.0,50.75,-74.43321711499286
179.75,50.75,-78.60666087971673
180.5,50.75,-84.33139670140991
181.25,50.75,-85.59667694653312
182.0,50.75,-84.12501379843252
182.75,50.75,-80.7394486988461
183.5,50.75,-81.15906006472308
184.25,50.75,-81.89313604902856
185.0,50.75,-82.48128267571242
185.75,50.75,-82.81156856704084
186.5,50.75,-87.09949337521746
187.25,50.75,-88.41979105305104
188.0,50.75,-86.18517496412409
188.75,50.75,-87.37897189784816
189.5,50.75,-86.68310049943709
190.25,50.75,-83.74732839330561
191.0,50.75,-82.07280585835888
191.75,50.75,-81.75005290623953
192.5,50.75,-79.43545249083293
193.25,50.75,-78.48437819198051
194.0,50.75,-80.81509639739132
194.75,50.75,-82.58118357622797
195.5,50.75,-85.27266371727976
196.25,50.75,-87.49446085565297
197.0,50.75,-88.39116701084995
197.75,50.75,-88.01459839966546
198.5,50.75,-86.5785940396734
199.25,50.75,-86.15450985827644
200.0,50.75,-85.50256650844466
200.75,50.75,-83.4358085865761
201.5,50.75,-83.44785936994283
202.25,50.75,-83.91298052210855
203.0,50.75,-84.1053127083391
203.75,50.75,-85.59118775883671
204.5,50.75,-89.0950805871473
205.25,50.75,-89.78350509232268
206.0,50.75,-90.18074259330514
206.75,50.75,-91.60669430213284
207.5,50.75,-91.1564831427155
208.25,50.75,-90.42886932983497
209.0,50.75,-90.94882492666687
209.75,50.75,-90.62978177760212
210.5,50.75,-89.70254515832576
211.25,50.75,-89.35077125058902
212.0,50.75,-90.98338937513394
212.75,50.75,-91.94033737000149
213.5,50.75,-92.00967770552651
214.25,50.75,-92.03587283881518
215.0,50.75,-91.95685237862989
215.75,50.75,-91.84975908062255
216.5,50.75,-91.74907587586472
217.25,50.75,-93.21610169491527
218.0,50.75,-92.46598157335222
218.75,50.75,-93.38028169014085
219.5,50.75,-94.51143688485408
220.25,50.75,-94.2870774465567
221.0,50.75,-94.01445896423579
221.75,50.75,-93.74639859982946
222.5,50.75,-93.66786077001201
223.25,50.75,-94.1240221132784
224.0,50.75,-95.17587162980433
224.75,50.75,-96.24777604418973
225.5,50.75,-96.73270633069933
226.25,50.75,-96.73662781681344
227.0,50.75,-96.86112608959634
227.75,50.75,-96.65517241379311
228.5,50.75,-96.48071979434448
229.25,50.75,
230.0,50.75,
230.75,50.75,
77.0,51.5,
77.75,51.5,
78.5,51.5,
79.25,51.5,
80.0,51.5,
80.75,51.5,
81.5,51.5,
82.25,51.5,
83.0,51.5,
83.75,51.5,
84.5,51.5,
85.25,51.5,
86.0,51.5,
86.75,51.5,
87.5,51.5,
88.25,51.5,
89.0,51.5,
89.75,51.5,
90.5,51.5,
91.25,51.5,
92.0,51.5,
92.75,51.5,
93.5,51.5,
94.25,51.5,
95.0,51.5,
95.75,51.5,
96.5,51.5,
97.25,51.5,
98.0,51.5,
98.75,51.5,
99.5,51.5,
100.25,51.5,
101.0,51.5,
101.75,51.5,
102.5,51.5,
103.25,51.5,
104.0,51.5,
104.75,51.5,
105.5,51.5,
106.25,51.5,
107.0,51.5,
107.75,51.5,
108.5,51.5,
109.25,51.5,
110.0,51.5,
110.75,51.5,
111.5,51.5,
112.25,51.5,
113.0,51.5,
113.75,51.5,
114.5,51.5,
115.25,51.5,
116.0,51.5,
116.75,51.5,
117.5,51.5,
118.25,51.5,
119.0,51.5,
119.75,51.5,
120.5,51.5,
121.25,51.5,
122.0,51.5,
122.75,51.5,
123.5,51.5,
124.25,51.5,
125.0,51.5,
125.75,51.5,
126.5,51.5,
127.25,51.5,
128.0,51.5,
128.75,51.5,
129.5,51.5,
130.25,51.5,
131.0,51.5,
131.75,51.5,
132.5,51.5,
133.25,51.5,
134.0,51.5,
134.75,51.5,
135.5,51.5,
136.25,51.5,
137.0,51.5,
137.75,51.5,
138.5,51.5,
139.25,51.5,
140.0,51.5,
140.75,51.5,
141.5,51.5,
142.25,51.5,
143.0,51.5,
143.75,51.5,
144.5,51.5,
145.25,51.5,
146.0,51.5,
146.75,51.5,
147.5,51.5,
148.25,51.5,
149.0,51.5,
149.75,51.5,
150.5,51.5,
151.25,51.5,
152.0,51.5,
152.75,51.5,
153.5,51.5,
154.25,51.5,
155.0,51.5,
155.75,51.5,
156.5,51.5,
157.25,51.5,
158.0,51.5,
158.75,51.5,-80.49210002212878
159.5,51.5,-81.51617795753286
160.25,51.5,-80.85218933494414
161.0,51.5,-81.5957751107666
161.75,51.5,-81.75374578241696
162.5,51.5,-83.26914352261849
163.25,51.5,-82.69538806571731
164.0,51.5,-82.9803489059728
164.75,51.5,-83.01140199194002
165.5,51.5,-82.36025982678213
166.25,51.5,-82.05355072697175
167.0,51.5,-82.07000540088653
167.75,51.5,-80.63738661227781
168.5,51.5,-79.34538913084641
169.25,51.5,-79.04233674460419
170.0,51.5,-78.42098207445993
170.75,51.5,-77.05712512991053
171.5,51.5,-77.53196360972036
172.25,51.5,-79.10989869100642
173.0,51.5,-79.96634039153015
173.75,51.5,-79.76162265306196
174.5,51.5,-78.88911704312116
175.25,51.5,-78.53465597191617
176.0,51.5,-78.46166950596253
176.75,51.5,-77.09989486429967
177.5,51.5,-77.0246406570842
178.25,51.5,-76.30404754016251
179.0,51.5,-75.42089492608869
179.75,51.5,-79.3838523633827
180.5,51.5,-84.1211498973306
181.25,51.5,-85.28280780368884
182.0,51.5,-84.3756388415673
182.75,51.5,-81.67620320196049
183.5,51.5,-81.42145790554416
184.25,51.5,-81.766877539121
185.0,51.5,-82.31172592888534
185.75,51.5,-82.63900294150893
186.5,51.5,-86.17094455852158
187.25,51.5,-87.956557414002
188.0,51.5,-86.84412265758091
188.75,51.5,-87.53652359790357
189.5,51.5,-87.14117043121149
190.25,51.5,-84.69537639979008
191.0,51.5,-82.56701957650817
191.75,51.5,-82.3270447908429
192.5,51.5,-80.17318964464526
193.25,51.5,-79.61650892241445
194.0,51.5,-81.82681519729712
194.75,51.5,-84.58007795178627
195.5,51.5,-86.05355654348432
196.25,51.5,-87.79752730471881
197.0,51.5,-88.33603567085528
197.75,51.5,-87.99011464597821
198.5,51.5,-86.77310061601644
199.25,51.5,-86.22501889422932
200.0,51.5,-85.49872231686544
200.75,51.5,-83.83090813087692
201.5,51.5,-83.99127310061603
202.25,51.5,-84.25321654779876
203.0,51.5,-84.4064123052337
203.75,51.5,-85.80683180015075
204.5,51.5,-88.78652500989837
205.25,51.5,-89.6814893908495
206.0,51.5,-90.27565930149679
206.75,51.5,-91.47229122545376
207.5,51.5,-91.16992213277025
208.25,51.5,-90.59972806180421
209.0,51.5,-90.9278865361566
209.75,51.5,-90.72587782154703
210.5,51.5,-90.1202833068751
211.25,51.5,-90.00337582568916
212.0,51.5,-91.40509657678331
212.75,51.5,-92.02753362915865
213.5,51.5,-92.25440852314476
214.25,51.5,-92.13327636419685
215.0,51.5,-91.93643981068874
215.75,51.5,-91.77006036765717
216.5,51.5,-91.48651630327403
217.25,51.5,-91.36027521868357
218.0,51.5,-92.56997084548107
218.75,51.5,-92.22327044025157
219.5,51.5,-93.17647058823529
220.25,51.5,-94.44880615534903
221.0,51.5,-94.30340119318532
221.75,51.5,-94.2182947566484
222.5,51.5,-94.30005310674454
223.25,51.5,-94.66456557181279
224.0,51.5,-95.29145728643215
224.75,51.5,-95.93919611446088
225.5,51.5,-96.36554082941429
226.25,51.5,-96.5413289331057
227.0,51.5,-96.47692307692307
227.75,51.5,-96.4076246334311
228.5,51.5,
229.25,51.5,
230.0,51.5,
230.75,51.5,
77.0,52.25,
77.75,52.25,
78.5,52.25,
79.25,52.25,
80.0,52.25,
80.75,52.25,
81.5,52.25,
82.25,52.25,
83.0,52.25,
83.75,52.25,
84.5,52.25,
85.25,52.25,
86.0,52.25,
86.75,52.25,
87.5,52.25,
88.25,52.25,
89.0,52.25,
89.75,52.25,
90.5,52.25,
91.25,52.25,
92.0,52.25,
92.75,52.25,
93.5,52.25,
94.25,52.25,
95.0,52.25,
95.75,52.25,
96.5,52.25,
97.25,52.25,
98.0,52.25,
98.75,52.25,
99.5,52.25,
100.25,52.25,
101.0,52.25,
101.75,52.25,
102.5,52.25,
103.25,52.25,
104.0,52.25,
104.75,52.25,
105.5,52.25,
106.25,52.25,
107.0,52.25,
107.75,52.25,
108.5,52.25,
109.25,52.25,
110.0,52.25,
110.75,52.25,
111.5,52.25,
112.25,52.25,
113.0,52.25,
113.75,52.25,
114.5,52.25,
115.25,52.25,
116.0,52.25,
116.75,52.25,
117.5,52.25,
118.25,52.25,
119.0,52.25,
119.75,52.25,
120.5,52.25,
121.25,52.25,
122.0,52.25,
122.75,52.25,
123.5,52.25,
124.25,52.25,
125.0,52.25,
125.75,52.25,
126.5,52.25,
127.25,52.25,
128.0,52.25,
128.75,52.25,
129.5,52.25,
130.25,52.25,
131.0,52.25,
131.75,52.25,
132.5,52.25,
133.25,52.25,
134.0,52.25,
134.75,52.25,
135.5,52.25,
136.25,52.25,
137.0,52.25,
137.75,52.25,
138.5,52.25,
139.25,52.25,
140.0,52.25,
140.75,52.25,
141.5,52.25,
142.25,52.25,
143.0,52.25,
143.75,52.25,
144.5,52.25,
145.25,52.25,
146.0,52.25,
146.75,52.25,
147.5,52.25,
148.25,52.25,
149.0,52.25,
149.75,52.25,
150.5,52.25,
151.25,52.25,
152.0,52.25,
152.75,52.25,
153.5,52.25,
154.25,52.25,
155.0,52.25,
155.75,52.25,
156.5,52.25,
157.25,52.25,
158.0,52.25,-80.16182394227982
158.75,52.25,-80.43236236428888
159.5,52.25,-81.88510530097587
160.25,52.25,-81.37362601450333
161.0,52.25,-81.62976592108954
161.75,52.25,-81.90650753028164
162.5,52.25,-83.28039099306508
163.25,52.25,-82.79145975554653
164.0,52.25,-83.30538558482804
164.75,52.25,-83.87749228440254
165.5,52.25,-83.60262894850976
166.25,52.25,-82.93364352226477
167.0,52.25,-83.50462876554498
167.75,52.25,-81.8163394920419
168.5,52.25,-79.52114386217076
169.25,52.25,-78.9649688062566
170.0,52.25,-78.66683222409856
170.75,52.25,-79.42961795042179
171.5,52.25,-79.39363264594029
172.25,52.25,-79.13263730361219
173.0,52.25,-79.34755001735887
173.75,52.25,-79.39972472136431
174.5,52.25,-79.76880343677865
175.25,52.25,-79.79323944587841
176.0,52.25,-78.84752160524486
176.75,52.25,-78.6772617219397
177.5,52.25,-78.41899426914968
178.25,52.25,-78.61561702699073
179.0,52.25,-79.45681046160969
179.75,52.25,-81.11699342016921
180.5,52.25,-84.65900653935371
181.25,52.25,-85.67877944988598
182.0,52.25,-84.87548425548825
182.75,52.25,-84.26463570331639
183.5,52.25,-83.33291778738052
184.25,52.25,-80.65915805022156
185.0,52.25,-79.8813215202282
185.75,52.25,-81.27521149456156
186.5,52.25,-83.5370473524483
187.25,52.25,-84.32459074885298
188.0,52.25,-87.35407767954705
188.75,52.25,-89.20875574503945
189.5,52.25,-88.50990619206613
190.25,52.25,-86.35168524237947
191.0,52.25,-85.14110375155718
191.75,52.25,-83.85604941587216
192.5,52.25,-83.00391198491943
193.25,52.25,-83.09649815967052
194.0,52.25,-84.41768444865923
194.75,52.25,-86.5028126258101
195.5,52.25,-87.04312351169249
196.25,52.25,-88.3500753430701
197.0,52.25,-88.48999283418866
197.75,52.25,-88.02924787676923
198.5,52.25,-87.1904298669456
199.25,52.25,-86.87677265602787
200.0,52.25,-86.14749884305418
200.75,52.25,-85.45808336851177
201.5,52.25,-85.42963534321677
202.25,52.25,-85.63557654776154
203.0,52.25,-86.05924382128806
203.75,52.25,-86.40473836497874
204.5,52.25,-88.30734164252964
205.25,52.25,-89.22507142222437
206.0,52.25,-89.99439309762153
206.75,52.25,-90.3340896380078
207.5,52.25,-90.24646427856206
208.25,52.25,-90.5287943629516
209.0,52.25,-90.53048761378034
209.75,52.25,-90.77013519038202
210.5,52.25,-92.06590910219816
211.25,52.25,-92.45976266743243
212.0,52.25,-92.20657647181838
212.75,52.25,-92.94097781662971
213.5,52.25,-92.87684843998701
214.25,52.25,-92.22698579070288
215.0,52.25,-91.7402464640377
215.75,52.25,-91.4644227957289
216.5,52.25,-91.52639324503224
217.25,52.25,-91.14378063094138
218.0,52.25,-91.04749630501138
218.75,52.25,-92.37951807228913
219.5,52.25,
220.25,52.25,-94.6222865883425
221.0,52.25,-94.55997356920116
221.75,52.25,-94.56210843296628
222.5,52.25,-94.68010952731399
223.25,52.25,-94.94848386044994
224.0,52.25,-95.33666969972704
224.75,52.25,-95.74038207588696
225.5,52.25,-96.05306676841971
226.25,52.25,-96.08270676691728
227.0,52.25,-96.16717325227965
227.75,52.25,-96.17073170731707
228.5,52.25,
229.25,52.25,
230.0,52.25,
230.75,52.25,
77.0,53.0,
77.75,53.0,
78.5,53.0,
79.25,53.0,
80.0,53.0,
80.75,53.0,
81.5,53.0,
82.25,53.0,
83.0,53.0,
83.75,53.0,
84.5,53.0,
85.25,53.0,
86.0,53.0,
86.75,53.0,
87.5,53.0,
88.25,53.0,
89.0,53.0,
89.75,53.0,
90.5,53.0,
91.25,53.0,
92.0,53.0,
92.75,53.0,
93.5,53.0,
94.25,53.0,
95.0,53.0,
95.75,53.0,
96.5,53.0,
97.25,53.0,
98.0,53.0,
98.75,53.0,
99.5,53.0,
100.25,53.0,
101.0,53.0,
101.75,53.0,
102.5,53.0,
103.25,53.0,
104.0,53.0,
104.75,53.0,
105.5,53.0,
106.25,53.0,
107.0,53.0,
107.75,53.0,
108.5,53.0,
109.25,53.0,
110.0,53.0,
110.75,53.0,
111.5,53.0,
112.25,53.0,
113.0,53.0,
113.75,53.0,
114.5,53.0,
115.25,53.0,
116.0,53.0,
116.75,53.0,
117.5,53.0,
118.25,53.0,
119.0,53.0,
119.75,53.0,
120.5,53.0,
121.25,53.0,
122.0,53.0,
122.75,53.0,
123.5,53.0,
124.25,53.0,
125.0,53.0,
125.75,53.0,
126.5,53.0,
127.25,53.0,
128.0,53.0,
128.75,53.0,
129.5,53.0,
130.25,53.0,
131.0,53.0,
131.75,53.0,
132.5,53.0,
133.25,53.0,
134.0,53.0,
134.75,53.0,
135.5,53.0,
136.25,53.0,
137.0,53.0,
137.75,53.0,
138.5,53.0,
139.25,53.0,
140.0,53.0,
140.75,53.0,
141.5,53.0,
142.25,53.0,
143.0,53.0,
143.75,53.0,
144.5,53.0,
145.25,53.0,
146.0,53.0,
146.75,53.0,
147.5,53.0,
148.25,53.0,
149.0,53.0,
149.75,53.0,
150.5,53.0,
151.25,53.0,
152.0,53.0,
152.75,53.0,
153.5,53.0,
154.25,53.0,
155.0,53.0,
155.75,53.0,
156.5,53.0,
157.25,53.0,-77.87142857142857
158.0,53.0,-80.00490539593552
158.75,53.0,-81.03864528116979
159.5,53.0,-81.06575135465314
160.25,53.0,-81.35435661818005
161.0,53.0,-81.66666666666666
161.75,53.0,-82.02556690256343
162.5,53.0,-82.36935412149995
163.25,53.0,-83.3505613398573
164.0,53.0,-83.26745379876797
164.75,53.0,-84.7166009772033
165.5,53.0,-84.11891559362456
166.25,53.0,-83.3728487799919
167.0,53.0,-84.99999999999513
167.75,53.0,-82.51298562655099
168.5,53.0,-78.90980823012383
169.25,53.0,-78.20725335001123
170.0,53.0,-78.99999999999997
170.75,53.0,-80.71687550184512
171.5,53.0,-80.13893328006391
172.25,53.0,-78.6563404107584
173.0,53.0,-78.99999999999974
173.75,53.0,-78.82405768589302
174.5,53.0,-80.15151817818617
175.25,53.0,-80.78846077814138
176.0,53.0,-79.28571428571426
176.75,53.0,-79.47171187993757
177.5,53.0,-79.41570115860965
178.25,53.0,-79.17179831040374
179.0,53.0,-80.00000000000088
179.75,53.0,-81.39461126352118
180.5,53.0,-86.12345185777066
181.25,53.0,-87.64601018599691
182.0,53.0,-85.35714285714283
182.75,53.0,-85.76229329066275
183.5,53.0,-84.42149420695165
184.25,53.0,-79.74008672625409
185.0,53.0,-77.000000000006
185.75,53.0,-79.73896861108653
186.5,53.0,-81.99260886935677
187.25,53.0,-81.86752932477356
188.0,53.0,-86.9285714285714
188.75,53.0,-91.53507689206374
189.5,53.0,-90.3921294446664
190.25,53.0,-86.73273303426164
191.0,53.0,-85.99999999999893
191.75,53.0,-84.44171505592278
192.5,53.0,-83.73292049540551
193.25,53.0,-83.98583602196392
194.0,53.0,-85.28813559322032
194.75,53.0,-87.81218881805897
195.5,53.0,-87.68163140409162
196.25,53.0,-88.43031526660324
197.0,53.0,-88.99999999999875
197.75,53.0,-88.33462174053773
198.5,53.0,-87.5554226754601
199.25,53.0,-87.43379021217496
200.0,53.0,-86.60245901639341
200.75,53.0,-86.01995618725198
201.5,53.0,-86.02806632041549
202.25,53.0,-86.28867623333039
203.0,53.0,-86.49999999999963
203.75,53.0,-86.5995916689303
204.5,53.0,-87.61906220003583
205.25,53.0,-88.69449478465971
206.0,53.0,-90.08590308370044
206.75,53.0,-89.63528376585505
207.5,53.0,-90.05033459110388
208.25,53.0,-90.20988960942562
209.0,53.0,-90.49999999999937
209.75,53.0,-90.6635664640331
210.5,53.0,-93.25159808230124
211.25,53.0,-93.77891709184026
212.0,53.0,-92.6762295081967
212.75,53.0,-93.80204013109338
213.5,53.0,-93.41435816068568
214.25,53.0,-92.15599746344841
215.0,53.0,-91.53191489361703
215.75,53.0,-91.44213536087621
216.5,53.0,-91.36882892454263
217.25,53.0,-91.26481881991029
218.0,53.0,-90.2962962962963
218.75,53.0,-92.52234636871508
219.5,53.0,
220.25,53.0,
221.0,53.0,-94.07692307692307
221.75,53.0,-94.1841359773371
222.5,53.0,-94.37662337662337
223.25,53.0,-94.65836298932385
224.0,53.0,-95.0
224.75,53.0,-95.34163701067617
225.5,53.0,-95.62337662337663
226.25,53.0,-95.81586402266288
227.0,53.0,-95.92307692307693
227.75,53.0,
228.5,53.0,
229.25,53.0,
230.0,53.0,
230.75,53.0,
77.0,53.75,
77.75,53.75,
78.5,53.75,
79.25,53.75,
80.0,53.75,
80.75,53.75,
81.5,53.75,
82.25,53.75,
83.0,53.75,
83.75,53.75,
84.5,53.75,
85.25,53.75,
86.0,53.75,
86.75,53.75,
87.5,53.75,
88.25,53.75,
89.0,53.75,
89.75,53.75,
90.5,53.75,
91.25,53.75,
92.0,53.75,
92.75,53.75,
93.5,53.75,
94.25,53.75,
95.0,53.75,
95.75,53.75,
96.5,53.75,
97.25,53.75,
98.0,53.75,
98.75,53.75,
99.5,53.75,
100.25,53.75,
101.0,53.75,
101.75,53.75,
102.5,53.75,
103.25,53.75,
104.0,53.75,
104.75,53.75,
105.5,53.75,
106.25,53.75,
107.0,53.75,
107.75,53.75,
108.5,53.75,
109.25,53.75,
110.0,53.75,
110.75,53.75,
111.5,53.75,
112.25,53.75,
113.0,53.75,
113.75,53.75,
114.5,53.75,
115.25,53.75,
116.0,53.75,
116.75,53.75,
117.5,53.75,
118.25,53.75,
119.0,53.75,
119.75,53.75,
120.5,53.75,
121.25,53.75,
122.0,53.75,
122.75,53.75,
123.5,53.75,
124.25,53.75,
125.0,53.75,
125.75,53.75,
126.5,53.75,
127.25,53.75,
128.0,53.75,
128.75,53.75,
129.5,53.75,
130.25,53.75,
131.0,53.75,
131.75,53.75,
132.5,53.75,
133.25,53.75,
134.0,53.75,
134.75,53.75,
135.5,53.75,
136.25,53.75,
137.0,53.75,
137.75,53.75,
138.5,53.75,
139.25,53.75,
140.0,53.75,
140.75,53.75,
141.5,53.75,
142.25,53.75,
143.0,53.75,
143.75,53.75,
144.5,53.75,
145.25,53.75,
146.0,53.75,
146.75,53.75,
147.5,53.75,
148.25,53.75,
149.0,53.75,
149.75,53.75,
150.5,53.75,
151.25,53.75,
152.0,53.75,
152.75,53.75,
153.5,53.75,
154.25,53.75,
155.0,53.75,
155.75,53.75,
156.5,53.75,-77.04565799684184
157.25,53.75,-78.82746065754299
158.0,53.75,-79.934464328116
158.75,53.75,-81.34598639255641
159.5,53.75,-81.54310957674201
160.25,53.75,-81.3436546041004
161.0,53.75,-81.70736621121202
161.75,53.75,-82.20347003760425
162.5,53.75,-82.90100119627228
163.25,53.75,-82.48260762044514
164.0,53.75,-82.08868335855755
164.75,53.75,-81.5953435543659
165.5,53.75,-81.1767125694442
166.25,53.75,-81.39039598868604
167.0,53.75,-82.10440336557771
167.75,53.75,-81.39420029931314
168.5,53.75,-80.02697732563296
169.25,53.75,-79.26522551284599
170.0,53.75,-78.78603357504718
170.75,53.75,-78.78327339140876
171.5,53.75,-77.99404225147744
172.25,53.75,-77.7893447025648
173.0,53.75,-77.66255045983975
173.75,53.75,-77.92288841144087
174.5,53.75,-78.42613576811561
175.25,53.75,-78.83739160358971
176.0,53.75,-78.66871957882191
176.75,53.75,-79.14769224250384
177.5,53.75,-79.35307334387993
178.25,53.75,-79.6746005102726
179.0,53.75,-80.20035704803982
179.75,53.75,-80.90731166912853
180.5,53.75,-83.99264955536535
181.25,53.75,-84.5085686723781
182.0,53.75,-84.04107479884772
182.75,53.75,-83.66671401563903
183.5,53.75,-82.84973053449986
184.25,53.75,-80.36910836578488
185.0,53.75,-79.31555524544075
185.75,53.75,-80.58453068349671
186.5,53.75,-82.60260312837221
187.25,53.75,-83.439077514769
188.0,53.75,-86.6984702493295
188.75,53.75,-88.4884073954686
189.5,53.75,-88.0421498800592
190.25,53.75,-86.01782597018932
191.0,53.75,-85.28086814750269
191.75,53.75,-84.52376796025246
192.5,53.75,-83.795880343873
193.25,53.75,-83.91692875772446
194.0,53.75,-85.10263077587703
194.75,53.75,-86.80961609538915
195.5,53.75,-87.57881505387482
196.25,53.75,-88.06578608788384
197.0,53.75,-88.57733243654319
197.75,53.75,-88.17515845626156
198.5,53.75,-87.6372823038092
199.25,53.75,-87.23577674766351
200.0,53.75,-86.84836286227677
200.75,53.75,-86.60751226103764
201.5,53.75,-86.71185050907035
202.25,53.75,-86.80633857532128
203.0,53.75,-86.82969103452726
203.75,53.75,-87.24264483870579
204.5,53.75,-86.95695333736626
205.25,53.75,-88.53758099509348
206.0,53.75,-88.67492961369712
206.75,53.75,-88.76629888969183
207.5,53.75,-88.70462193036192
208.25,53.75,-88.95576939335017
209.0,53.75,-89.0862608687894
209.75,53.75,-89.73398915221128
210.5,53.75,-91.45475728967921
211.25,53.75,-92.07044533114316
212.0,53.75,-91.70246307074635
212.75,53.75,-91.88084564014856
213.5,53.75,-91.6364189851198
214.25,53.75,-91.12359772468889
215.0,53.75,-90.98764439032377
215.75,53.75,-90.98760271012257
216.5,53.75,-91.34952568998882
217.25,53.75,-90.82924454620346
218.0,53.75,-90.86045026689966
218.75,53.75,-90.05860805860806
219.5,53.75,
220.25,53.75,
221.0,53.75,
221.75,53.75,-94.37117903930132
222.5,53.75,-94.53510895883777
223.25,53.75,-94.75129533678756
224.0,53.75,-95.00000000000001
224.75,53.75,-95.24870466321244
225.5,53.75,-95.46489104116223
226.25,53.75,-95.6288209606987
227.0,53.75,
227.75,53.75,
228.5,53.75,
229.25,53.75,
230.0,53.75,
230.75,53.75,
77.0,54.5,
77.75,54.5,
78.5,54.5,
79.25,54.5,
80.0,54.5,
80.75,54.5,
81.5,54.5,
82.25,54.5,
83.0,54.5,
83.75,54.5,
84.5,54.5,
85.25,54.5,
86.0,54.5,
86.75,54.5,
87.5,54.5,
88.25,54.5,
89.0,54.5,
89.75,54.5,
90.5,54.5,
91.25,54.5,
92.0,54.5,
92.75,54.5,
93.5,54.5,
94.25,54.5,
95.0,54.5,
95.75,54.5,
96.5,54.5,
97.25,54.5,
98.0,54.5,
98.75,54.5,
99.5,54.5,
100.25,54.5,
101.0,54.5,
101.75,54.5,
102.5,54.5,
103.25,54.5,
104.0,54.5,
104.75,54.5,
105.5,54.5,
106.25,54.5,
107.0,54.5,
107.75,54.5,
108.5,54.5,
109.25,54.5,
110.0,54.5,
110.75,54.5,
111.5,54.5,
112.25,54.5,
113.0,54.5,
113.75,54.5,
114.5,54.5,
115.25,54.5,
116.0,54.5,
116.75,54.5,
117.5,54.5,
118.25,54.5,
119.0,54.5,
119.75,54.5,
120.5,54.5,
121.25,54.5,
122.0,54.5,
122.75,54.5,
123.5,54.5,
124.25,54.5,
125.0,54.5,
125.75,54.5,
126.5,54.5,
127.25,54.5,
128.0,54.5,
128.75,54.5,
129.5,54.5,
130.25,54.5,
131.0,54.5,
131.75,54.5,
132.5,54.5,
133.25,54.5,
134.0,54.5,
134.75,54.5,
135.5,54.5,
136.25,54.5,
137.0,54.5,
137.75,54.5,
138.5,54.5,
139.25,54.5,
140.0,54.5,
140.75,54.5,
141.5,54.5,
142.25,54.5,
143.0,54.5,
143.75,54.5,
144.5,54.5,
145.25,54.5,
146.0,54.5,
146.75,54.5,
147.5,54.5,
148.25,54.5,
149.0,54.5,
149.75,54.5,
150.5,54.5,
151.25,54.5,
152.0,54.5,
152.75,54.5,
153.5,54.5,
154.25,54.5,
155.0,54.5,
155.75,54.5,-76.69251956749945
156.5,54.5,-76.83703703703704
157.25,54.5,-80.38010197974205
158.0,54.5,-80.95514231080745
158.75,54.5,-81.0235751191643
159.5,54.5,-81.24597149950998
160.25,54.5,-81.66526343071713
161.0,54.5,-81.83587049491786
161.75,54.5,-82.2686395177651
162.5,54.5,-84.18942189421894
163.25,54.5,-84.35458609395413
164.0,54.5,-80.22398518444366
164.75,54.5,-76.02106796813935
165.5,54.5,-76.49435318275154
166.25,54.5,-77.83628197351878
167.0,54.5,-77.70705153815422
167.75,54.5,-79.62813743375088
168.5,54.5,-81.05903490759755
169.25,54.5,-81.3054909798928
170.0,54.5,-78.25979557069849
170.75,54.5,-74.80859582170653
171.5,54.5,-75.08213552361397
172.25,54.5,-75.03491723029104
173.0,54.5,-74.80743108270075
173.75,54.5,-75.38470325549551
174.5,54.5,-75.54414784394251
175.25,54.5,-75.35303745204139
176.0,54.5,-77.86925042589439
176.75,54.5,-78.97210512123992
177.5,54.5,-79.12679671457906
178.25,54.5,-79.26424352866103
179.0,54.5,-79.40581302437073
179.75,54.5,-79.95411883533076
180.5,54.5,-80.05544147843943
181.25,54.5,-80.12686204384312
182.0,54.5,-81.22287851251224
182.75,54.5,-80.78300585607406
183.5,54.5,-80.82601660764442
184.25,54.5,-80.5111269154569
185.0,54.5,-80.64872153415901
185.75,54.5,-81.09946365588648
186.5,54.5,-84.38295687885011
187.25,54.5,-85.83898629110423
188.0,54.5,-86.12989778534924
188.75,54.5,-85.93375866082977
189.5,54.5,-86.00924024640656
190.25,54.5,-84.28183328880743
191.0,54.5,-82.90860966839792
191.75,54.5,-83.1014542182906
192.5,54.5,-83.34911717495987
193.25,54.5,-83.35597859729245
194.0,54.5,-84.49185313925702
194.75,54.5,-85.32277354890194
195.5,54.5,-87.0136187031983
196.25,54.5,-87.55491222167804
197.0,54.5,-88.10067384668548
197.75,54.5,-88.11084364650617
198.5,54.5,-88.02555538590731
199.25,54.5,-87.9347239554717
200.0,54.5,-88.06708595769467
200.75,54.5,-87.95729712287364
201.5,54.5,-87.79658688484552
202.25,54.5,-87.97462249109576
203.0,54.5,-88.49852636530127
203.75,54.5,-87.65737889169871
204.5,54.5,-87.36300107939108
205.25,54.5,-87.2490002333575
206.0,54.5,-88.2005489935119
206.75,54.5,-87.60186426369927
207.5,54.5,-87.27134588900881
208.25,54.5,-85.87909441796744
209.0,54.5,-84.53923270918607
209.75,54.5,-87.08131956664452
210.5,54.5,-89.95020533880903
211.25,54.5,-90.6001579162036
212.0,54.5,-90.02470187393529
212.75,54.5,-87.75260954900557
213.5,54.5,-88.0883379018191
214.25,54.5,-89.5328850244225
215.0,54.5,-90.21003644712636
215.75,54.5,-90.75255940674013
216.5,54.5,-90.92111222622948
217.25,54.5,-90.70281294413144
218.0,54.5,-90.77906009286347
218.75,54.5,-89.88342440801456
219.5,54.5,
220.25,54.5,
221.0,54.5,
221.75,54.5,
222.5,54.5,
223.25,54.5,-94.81139489194499
224.0,54.5,-94.99999999999999
224.75,54.5,-95.188605108055
225.5,54.5,
226.25,54.5,
227.0,54.5,
227.75,54.5,
228.5,54.5,
229.25,54.5,
230.0,54.5,
230.75,54.5,
77.0,55.25,
77.75,55.25,
78.5,55.25,
79.25,55.25,
80.0,55.25,
80.75,55.25,
81.5,55.25,
82.25,55.25,
83.0,55.25,
83.75,55.25,
84.5,55.25,
85.25,55.25,
86.0,55.25,
86.75,55.25,
87.5,55.25,
88.25,55.25,
89.0,55.25,
89.75,55.25,
90.5,55.25,
91.25,55.25,
92.0,55.25,
92.75,55.25,
93.5,55.25,
94.25,55.25,
95.0,55.25,
95.75,55.25,
96.5,55.25,
97.25,55.25,
98.0,55.25,
98.75,55.25,
99.5,55.25,
100.25,55.25,
101.0,55.25,
101.75,55.25,
102.5,55.25,
103.25,55.25,
104.0,55.25,
104.75,55.25,
105.5,55.25,
106.25,55.25,
107.0,55.25,
107.75,55.25,
108.5,55.25,
109.25,55.25,
110.0,55.25,
110.75,55.25,
111.5,55.25,
112.25,55.25,
113.0,55.25,
113.75,55.25,
114.5,55.25,
115.25,55.25,
116.0,55.25,
116.75,55.25,
117.5,55.25,
118.25,55.25,
119.0,55.25,
119.75,55.25,
120.5,55.25,
121.25,55.25,
122.0,55.25,
122.75,55.25,
123.5,55.25,
124.25,55.25,
125.0,55.25,
125.75,55.25,
126.5,55.25,
127.25,55.25,
128.0,55.25,
128.75,55.25,
129.5,55.25,
130.25,55.25,
131.0,55.25,
131.75,55.25,
132.5,55.25,
133.25,55.25,
134.0,55.25,-88.0
134.75,55.25,-88.00000000000001
135.5,55.25,-87.77911713449646
136.25,55.25,-87.75746516954673
137.0,55.25,-87.64669926650367
137.75,55.25,-87.85410218321489
138.5,55.25,-87.86185474775444
139.25,55.25,-88.24616858237547
140.0,55.25,
140.75,55.25,
141.5,55.25,
142.25,55.25,
143.0,55.25,
143.75,55.25,
144.5,55.25,
145.25,55.25,
146.0,55.25,
146.75,55.25,
147.5,55.25,
148.25,55.25,
149.0,55.25,
149.75,55.25,
150.5,55.25,
151.25,55.25,
152.0,55.25,
152.75,55.25,
153.5,55.25,
154.25,55.25,
155.0,55.25,
155.75,55.25,-76.18106120098446
156.5,55.25,-78.72459548760555
157.25,55.25,-79.55868622028267
158.0,55.25,-80.59680868525145
158.75,55.25,-80.54094605767199
159.5,55.25,-80.63153978385219
160.25,55.25,-81.20963392610543
161.0,55.25,-81.89573130903749
161.75,55.25,-81.40565500391243
162.5,55.25,-84.01536408435295
163.25,55.25,-85.10407627603585
164.0,55.25,-79.55850074007311
164.75,55.25,-74.60404899684673
165.5,55.25,-74.96485800938821
166.25,55.25,-76.82148199247433
167.0,55.25,-76.71258667114665
167.75,55.25,-79.22340111087264
168.5,55.25,-81.53145564885358
169.25,55.25,-82.1095065664091
170.0,55.25,-78.00093829340987
170.75,55.25,-73.73230188156207
171.5,55.25,-73.94869169423714
172.25,55.25,-74.3987954326392
173.0,55.25,-74.02991136177717
173.75,55.25,-74.67269214350263
174.5,55.25,-74.59046646311509
175.25,55.25,-74.60461207942062
176.0,55.25,-77.68553372336905
176.75,55.25,-78.97509442461622
177.5,55.25,-79.24474714906599
178.25,55.25,-79.57576339822796
179.0,55.25,-79.01530181848752
179.75,55.25,-79.42863435373206
180.5,55.25,-79.27504351946008
181.25,55.25,-79.21605667060213
182.0,55.25,-80.17076755677928
182.75,55.25,-79.97809433145117
183.5,55.25,-80.0055794973216
184.25,55.25,-80.3121998498477
185.0,55.25,-80.48185539733149
185.75,55.25,-81.40126495809082
186.5,55.25,-85.06230055795925
187.25,55.25,-86.15359160054055
188.0,55.25,-86.00046914670496
188.75,55.25,-85.6240514224332
189.5,55.25,-85.42446944110932
190.25,55.25,-83.79681869554439
191.0,55.25,-82.15187003868644
191.75,55.25,-82.70732541088006
192.5,55.25,-83.09915155367875
193.25,55.25,-83.09027925091854
194.0,55.25,-83.7965913864972
194.75,55.25,-84.80347487733513
195.5,55.25,-86.03595115990574
196.25,55.25,-87.0938610107765
197.0,55.25,-87.76384461585103
197.75,55.25,-88.53371371259527
198.5,55.25,-88.54651496696796
199.25,55.25,-88.66133507552722
200.0,55.25,-88.25217202791657
200.75,55.25,-88.06753586271618
201.5,55.25,-88.05190638766965
202.25,55.25,-88.15063487487437
203.0,55.25,-88.8360749029725
203.75,55.25,-87.99590066848707
204.5,55.25,-87.05020608612321
205.25,55.25,-85.54236607703862
206.0,55.25,-86.04529725573124
206.75,55.25,-85.44207813788691
207.5,55.25,-86.26159624231973
208.25,55.25,-84.89043428751044
209.0,55.25,-83.36484625925853
209.75,55.25,-86.16490649138967
210.5,55.25,-89.69427435739415
211.25,55.25,-90.61613361516338
212.0,55.25,-89.44392317032786
212.75,55.25,-86.7179610828876
213.5,55.25,-87.29211739329526
214.25,55.25,-88.90023058250983
215.0,55.25,-89.68035482587744
215.75,55.25,-90.00396411485865
216.5,55.25,-90.1474802040661
217.25,55.25,-90.53309835972662
218.0,55.25,-90.7386037334076
218.75,55.25,
219.5,55.25,
220.25,55.25,
221.0,55.25,
221.75,55.25,
222.5,55.25,
223.25,55.25,
224.0,55.25,
224.75,55.25,
225.5,55.25,
226.25,55.25,
227.0,55.25,
227.75,55.25,
228.5,55.25,
229.25,55.25,
230.0,55.25,
230.75,55.25,
77.0,56.0,
77.75,56.0,
78.5,56.0,
79.25,56.0,
80.0,56.0,
80.75,56.0,
81.5,56.0,
82.25,56.0,
83.0,56.0,
83.75,56.0,
84.5,56.0,
85.25,56.0,
86.0,56.0,
86.75,56.0,
87.5,56.0,
88.25,56.0,
89.0,56.0,
89.75,56.0,
90.5,56.0,
91.25,56.0,
92.0,56.0,
92.75,56.0,
93.5,56.0,
94.25,56.0,
95.0,56.0,
95.75,56.0,
96.5,56.0,
97.25,56.0,
98.0,56.0,
98.75,56.0,
99.5,56.0,
100.25,56.0,
101.0,56.0,
101.75,56.0,
102.5,56.0,
103.25,56.0,
104.0,56.0,
104.75,56.0,
105.5,56.0,
106.25,56.0,
107.0,56.0,
107.75,56.0,
108.5,56.0,
109.25,56.0,
110.0,56.0,
110.75,56.0,
111.5,56.0,
112.25,56.0,
113.0,56.0,
113.75,56.0,
114.5,56.0,
115.25,56.0,
116.0,56.0,
116.75,56.0,
117.5,56.0,
118.25,56.0,
119.0,56.0,
119.75,56.0,
120.5,56.0,
121.25,56.0,
122.0,56.0,
122.75,56.0,
123.5,56.0,
124.25,56.0,
125.0,56.0,
125.75,56.0,
126.5,56.0,
127.25,56.0,
128.0,56.0,
128.75,56.0,
129.5,56.0,
130.25,56.0,
131.0,56.0,
131.75,56.0,-87.99999999999999
132.5,56.0,-88.00000000000001
133.25,56.0,-87.99999999999999
134.0,56.0,-87.82479784366576
134.75,56.0,-87.81873361369951
135.5,56.0,-87.8010011182704
136.25,56.0,-87.88244110386627
137.0,56.0,-87.87756849315069
137.75,56.0,-87.87908404153174
138.5,56.0,-87.86304099241136
139.25,56.0,-87.87909173311157
140.0,56.0,-87.8953488372093
140.75,56.0,
141.5,56.0,
142.25,56.0,
143.0,56.0,
143.75,56.0,
144.5,56.0,
145.25,56.0,
146.0,56.0,
146.75,56.0,
147.5,56.0,
148.25,56.0,
149.0,56.0,
149.75,56.0,
150.5,56.0,
151.25,56.0,
152.0,56.0,
152.75,56.0,
153.5,56.0,
154.25,56.0,-75.50779727095517
155.0,56.0,-75.53703703703704
155.75,56.0,-75.9106726752837
156.5,56.0,-78.15701402858045
157.25,56.0,-78.22908223888523
158.0,56.0,-80.19367588932806
158.75,56.0,-79.9317413074499
159.5,56.0,-79.45494755282722
160.25,56.0,-78.77526333476715
161.0,56.0,-78.63210039630117
161.75,56.0,-80.48192817111894
162.5,56.0,-81.82623509369677
163.25,56.0,-81.83773043382273
164.0,56.0,-77.81818181818181
164.75,56.0,-73.84523678110169
165.5,56.0,-74.0442930153322
166.25,56.0,-76.7575742525082
167.0,56.0,-78.9285714285714
167.75,56.0,-79.38000397337836
168.5,56.0,-79.83560477001704
169.25,56.0,-79.40782647091291
170.0,56.0,-77.77272727272727
170.75,56.0,-75.40920631416273
171.5,56.0,-74.793867120954
172.25,56.0,-73.7648753352538
173.0,56.0,-73.57142857142856
173.75,56.0,-74.0032780371511
174.5,56.0,-75.54684838160138
175.25,56.0,-76.28722817087981
176.0,56.0,-78.61363636363637
176.75,56.0,-80.19436472016781
177.5,56.0,-80.40332197614993
178.25,56.0,-80.1162958180193
179.0,56.0,-79.67857142857142
179.75,56.0,-79.16268501043015
180.5,56.0,-78.66378908616431
181.25,56.0,-78.47957169594302
182.0,56.0,-78.91666666666667
182.75,56.0,-79.38837379880994
183.5,56.0,-78.47748135398739
184.25,56.0,-79.33905051054876
185.0,56.0,-79.3606557377049
185.75,56.0,-80.67657147183742
186.5,56.0,-83.63160136286203
187.25,56.0,-84.57818191853409
188.0,56.0,-85.84090909090908
188.75,56.0,-85.54956396953308
189.5,56.0,-85.0894378194208
190.25,56.0,-83.68817405556344
191.0,56.0,-82.86475409836063
191.75,56.0,-82.89685776494659
192.5,56.0,-82.88469476428416
193.25,56.0,-83.2659116951861
194.0,56.0,-83.59302325581396
194.75,56.0,-84.44337736196917
195.5,56.0,-85.63668064261361
196.25,56.0,-86.72059473475584
197.0,56.0,-88.16457858769932
197.75,56.0,-88.80094949164673
198.5,56.0,-89.01340891223202
199.25,56.0,-88.82930591776291
200.0,56.0,-89.24999999999999
200.75,56.0,-89.50447113855957
201.5,56.0,-88.93074919564881
202.25,56.0,-87.38067517756001
203.0,56.0,-86.41101694915253
203.75,56.0,-86.39038850093932
204.5,56.0,-85.73498532803096
205.25,56.0,-85.2026322034671
206.0,56.0,-84.94000000000001
206.75,56.0,-85.20553221383373
207.5,56.0,-85.71006651752286
208.25,56.0,-85.76978792207427
209.0,56.0,-85.73546895640685
209.75,56.0,-86.72992906554704
210.5,56.0,-87.94378194207837
211.25,56.0,-88.54211281598411
212.0,56.0,-89.68181818181819
212.75,56.0,-89.61773759138131
213.5,56.0,-89.69244476122594
214.25,56.0,-89.8385395050132
215.0,56.0,-89.98517520215633
215.75,56.0,-90.0907089891887
216.5,56.0,-90.15777982073087
217.25,56.0,-90.53319783197833
218.0,56.0,-90.58333333333333
218.75,56.0,-89.5
219.5,56.0,
220.25,56.0,
221.0,56.0,
221.75,56.0,
222.5,56.0,
223.25,56.0,
224.0,56.0,
224.75,56.0,
225.5,56.0,
226.25,56.0,
227.0,56.0,
227.75,56.0,
228.5,56.0,
229.25,56.0,
230.0,56.0,
230.75,56.0,
77.0,56.75,
77.75,56.75,
78.5,56.75,
79.25,56.75,
80.0,56.75,
80.75,56.75,
81.5,56.75,
82.25,56.75,
83.0,56.75,
83.75,56.75,
84.5,56.75,
85.25,56.75,
86.0,56.75,
86.75,56.75,
87.5,56.75,
88.25,56.75,
89.0,56.75,
89.75,56.75,
90.5,56.75,
91.25,56.75,
92.0,56.75,
92.75,56.75,
93.5,56.75,
94.25,56.75,
95.0,56.75,
95.75,56.75,
96.5,56.75,
97.25,56.75,
98.0,56.75,
98.75,56.75,
99.5,56.75,
100.25,56.75,
101.0,56.75,
101.75,56.75,
102.5,56.75,
103.25,56.75,
104.0,56.75,
104.75,56.75,
105.5,56.75,
106.25,56.75,
107.0,56.75,
107.75,56.75,
108.5,56.75,
109.25,56.75,
110.0,56.75,
110.75,56.75,
111.5,56.75,
112.25,56.75,
113.0,56.75,
113.75,56.75,
114.5,56.75,
115.25,56.75,
116.0,56.75,
116.75,56.75,
117.5,56.75,
118.25,56.75,
119.0,56.75,
119.75,56.75,
120.5,56.75,
121.25,56.75,
122.0,56.75,
122.75,56.75,
123.5,56.75,
124.25,56.75,
125.0,56.75,
125.75,56.75,
126.5,56.75,
127.25,56.75,
128.0,56.75,
128.75,56.75,
129.5,56.75,
130.25,56.75,
131.0,56.75,-88.0
131.75,56.75,-88.0
132.5,56.75,-88.00000000000001
133.25,56.75,-87.84554925973315
134.0,56.75,-87.85472695935694
134.75,56.75,-87.85268244331557
135.5,56.75,-87.89929368330381
136.25,56.75,-87.88398709883373
137.0,56.75,-87.87244316743457
137.75,56.75,-87.87341307106541
138.5,56.75,-87.88731667290757
139.25,56.75,-87.88947368421051
140.0,56.75,-87.91259806628985
140.75,56.75,-87.9049295774648
141.5,56.75,
142.25,56.75,
143.0,56.75,
143.75,56.75,
144.5,56.75,
145.25,56.75,
146.0,56.75,
146.75,56.75,
147.5,56.75,
148.25,56.75,
149.0,56.75,
149.75,56.75,
150.5,56.75,
151.25,56.75,
152.0,56.75,
152.75,56.75,
153.5,56.75,-75.46190476190476
154.25,56.75,-75.481220657277
155.0,56.75,-75.5088078850773
155.75,56.75,-77.87484115152178
156.5,56.75,-77.92435322088178
157.25,56.75,-77.98108621555436
158.0,56.75,-78.0139222387703
158.75,56.75,-78.72136969096603
159.5,56.75,-78.52456648074717
160.25,56.75,-75.55966245881653
161.0,56.75,-71.83391898170463
161.75,56.75,-77.59491632814857
162.5,56.75,-83.17248443060213
163.25,56.75,-84.50412349700265
164.0,56.75,-76.19715200353242
164.75,56.75,-67.02202952285248
165.5,56.75,-69.10251198619284
166.25,56.75,-78.63889099651436
167.0,56.75,-83.97963878601506
167.75,56.75,-82.03898275082348
168.5,56.75,-78.7694224596565
169.25,56.75,-78.12174711528465
170.0,56.75,-77.243017993156
170.75,56.75,-76.05766831837555
171.5,56.75,-75.5022737934381
172.25,56.75,-73.88451090636784
173.0,56.75,-72.28153949759155
173.75,56.75,-74.03412052484889
174.5,56.75,-76.3932136861844
175.25,56.75,-77.04740288991302
176.0,56.75,-78.85704823932004
176.75,56.75,-83.033308499948
177.5,56.75,-82.27523511991723
178.25,56.75,-80.41500323535912
179.0,56.75,-80.43897267217906
179.75,56.75,-79.09182372876523
180.5,56.75,-76.89112610905882
181.25,56.75,-76.31793624074241
182.0,56.75,-76.47943760404819
182.75,56.75,-77.02388463900833
183.5,56.75,-77.04285157209901
184.25,56.75,-77.37299390034774
185.0,56.75,-76.29116639713959
185.75,56.75,-79.40038586467705
186.5,56.75,-83.37852658780128
187.25,56.75,-84.00144199641616
188.0,56.75,-85.4774132016612
188.75,56.75,-86.79204061124777
189.5,56.75,-86.22431171629351
190.25,56.75,-83.7482120779876
191.0,56.75,-82.1269092099537
191.75,56.75,-82.58836112750721
192.5,56.75,-82.86983612295555
193.25,56.75,-83.10846916862566
194.0,56.75,-83.37409083069821
194.75,56.75,-84.25948163245954
195.5,56.75,-84.7747979321869
196.25,56.75,-87.21869604439367
197.0,56.75,-88.26479965415261
197.75,56.75,-89.10085818569677
198.5,56.75,-88.8570330019084
199.25,56.75,-89.45814586705829
200.0,56.75,-90.6309157039095
200.75,56.75,-92.40642670980608
201.5,56.75,-91.10772853578773
202.25,56.75,-85.7590252500895
203.0,56.75,-82.41936493572355
203.75,56.75,-84.1219320979114
204.5,56.75,-85.30681242860983
205.25,56.75,-84.68568070139321
206.0,56.75,-84.72460127069915
206.75,56.75,-84.73522479225457
207.5,56.75,-85.84045209006042
208.25,56.75,-86.24773718847773
209.0,56.75,-86.05661758260106
209.75,56.75,-86.82416381462602
210.5,56.75,-87.42822936084553
211.25,56.75,-87.41520842718042
212.0,56.75,-89.84893476101117
212.75,56.75,-92.43046716116778
213.5,56.75,-92.02787785018509
214.25,56.75,-90.74158874130671
215.0,56.75,-90.38797228982241
215.75,56.75,-89.62022351181386
216.5,56.75,-89.47300177183352
217.25,56.75,-90.56920502602063
218.0,56.75,-89.79008794377303
218.75,56.75,
219.5,56.75,
220.25,56.75,
221.0,56.75,
221.75,56.75,
222.5,56.75,
223.25,56.75,
224.0,56.75,
224.75,56.75,
225.5,56.75,
226.25,56.75,
227.0,56.75,
227.75,56.75,
228.5,56.75,
229.25,56.75,
230.0,56.75,
230.75,56.75,
77.0,57.5,
77.75,57.5,
78.5,57.5,
79.25,57.5,
80.0,57.5,
80.75,57.5,
81.5,57.5,
82.25,57.5,
83.0,57.5,
83.75,57.5,
84.5,57.5,
85.25,57.5,
86.0,57.5,
86.75,57.5,
87.5,57.5,
88.25,57.5,
89.0,57.5,
89.75,57.5,
90.5,57.5,
91.25,57.5,
92.0,57.5,
92.75,57.5,
93.5,57.5,
94.25,57.5,
95.0,57.5,
95.75,57.5,
96.5,57.5,
97.25,57.5,
98.0,57.5,
98.75,57.5,
99.5,57.5,
100.25,57.5,
101.0,57.5,
101.75,57.5,
102.5,57.5,
103.25,57.5,
104.0,57.5,
104.75,57.5,
105.5,57.5,
106.25,57.5,
107.0,57.5,
107.75,57.5,
108.5,57.5,
109.25,57.5,
110.0,57.5,
110.75,57.5,
111.5,57.5,
112.25,57.5,
113.0,57.5,
113.75,57.5,
114.5,57.5,
115.25,57.5,
116.0,57.5,
116.75,57.5,
117.5,57.5,
118.25,57.5,
119.0,57.5,
119.75,57.5,
120.5,57.5,
121.25,57.5,
122.0,57.5,
122.75,57.5,
123.5,57.5,
124.25,57.5,
125.0,57.5,
125.75,57.5,
126.5,57.5,
127.25,57.5,
128.0,57.5,
128.75,57.5,
129.5,57.5,
130.25,57.5,-88.0
131.0,57.5,-88.0
131.75,57.5,-88.00000000000001
132.5,57.5,-87.84803092534429
133.25,57.5,-87.69510893372149
134.0,57.5,-87.75972882237512
134.75,57.5,-87.96651619599504
135.5,57.5,-87.96659702404664
136.25,57.5,-87.96524882924567
137.0,57.5,-88.31829664963166
137.75,57.5,-88.4085300599058
138.5,57.5,-88.50170985524217
139.25,57.5,-87.75976358372415
140.0,57.5,-87.67153291596908
140.75,57.5,-88.52918947896134
141.5,57.5,-88.32152701212792
142.25,57.5,-88.85335926845444
143.0,57.5,-89.055968598981
143.75,57.5,-91.94809523809523
144.5,57.5,
145.25,57.5,
146.0,57.5,
146.75,57.5,
147.5,57.5,
148.25,57.5,
149.0,57.5,
149.75,57.5,
150.5,57.5,
151.25,57.5,
152.0,57.5,
152.75,57.5,-80.54285714285714
153.5,57.5,-78.90797546012271
154.25,57.5,-77.9226868585724
155.0,57.5,-76.78327719254396
155.75,57.5,-78.2047946460636
156.5,57.5,-77.64908289389572
157.25,57.5,-77.69716256698605
158.0,57.5,-77.73432393626541
158.75,57.5,-77.82203438338016
159.5,57.5,-78.49537409493159
160.25,57.5,-76.8760185868079
161.0,57.5,-74.19922983380624
161.75,57.5,-78.7311832873192
162.5,57.5,-82.37371663244355
163.25,57.5,-82.37995348851055
164.0,57.5,-75.75127768313459
164.75,57.5,-68.85084053270455
165.5,57.5,-71.21098562628337
166.25,57.5,-78.70675620214749
167.0,57.5,-82.9697363164203
167.75,57.5,-82.0636552826525
168.5,57.5,-79.27310061601642
169.25,57.5,-78.19182469982948
170.0,57.5,-77.23424190800682
170.75,57.5,-76.12323971067266
171.5,57.5,-76.07392197125257
172.25,57.5,-74.94101818379288
173.0,57.5,-73.30952856572112
173.75,57.5,-74.75859227542666
174.5,57.5,-76.69763860369609
175.25,57.5,-76.76432144304702
176.0,57.5,-78.20442930153324
176.75,57.5,-81.51095663279953
177.5,57.5,-81.07648870636551
178.25,57.5,-79.97179256378193
179.0,57.5,-80.04584498601676
179.75,57.5,-79.14939509267597
180.5,57.5,-77.0636524606179
181.25,57.5,-76.21564198753155
182.0,57.5,-75.6815834767642
182.75,57.5,-75.12366592972259
183.5,57.5,-75.36320754716981
184.25,57.5,-76.44513290462532
185.0,57.5,-76.6772011210979
185.75,57.5,-79.07598519702582
186.5,57.5,-83.30012300123003
187.25,57.5,-84.26212895416894
188.0,57.5,-85.7162270383903
188.75,57.5,-86.71347322236274
189.5,57.5,-86.3182751540041
190.25,57.5,-84.1824390358039
191.0,57.5,-82.63184401989531
191.75,57.5,-83.01224057923464
192.5,57.5,-83.21464751937386
193.25,57.5,-83.39478593945054
194.0,57.5,-83.26199150783563
194.75,57.5,-83.52802039004982
195.5,57.5,-84.71522417363707
196.25,57.5,-87.01946761930472
197.0,57.5,-88.39443718200509
197.75,57.5,-88.85541137663236
198.5,57.5,-89.18155305134512
199.25,57.5,-89.74492237915379
200.0,57.5,-90.66344368911933
200.75,57.5,-91.8609370356072
201.5,57.5,-90.5351195854185
202.25,57.5,-86.01619948794635
203.0,57.5,-83.39687059035455
203.75,57.5,-84.30088356069913
204.5,57.5,-84.76709573612227
205.25,57.5,-84.32082544731362
206.0,57.5,-84.49842229673015
206.75,57.5,-84.31044292305876
207.5,57.5,-86.06940244629759
208.25,57.5,-86.24286860097071
209.0,57.5,-86.34657018076125
209.75,57.5,-87.23235857137226
210.5,57.5,-88.08249158249158
211.25,57.5,-88.1151012632871
212.0,57.5,-90.0809199318569
212.75,57.5,-91.94709258081961
213.5,57.5,-91.80301520059805
214.25,57.5,-90.49573680301476
215.0,57.5,-89.80823978898155
215.75,57.5,-89.40644937243307
216.5,57.5,-89.36108324479066
217.25,57.5,-88.88378807558462
218.0,57.5,-89.91516143750503
218.75,57.5,-91.54371584699454
219.5,57.5,
220.25,57.5,
221.0,57.5,
221.75,57.5,
222.5,57.5,
223.25,57.5,
224.0,57.5,
224.75,57.5,
225.5,57.5,
226.25,57.5,
227.0,57.5,
227.75,57.5,
228.5,57.5,
229.25,57.5,
230.0,57.5,
230.75,57.5,
77.0,58.25,
77.75,58.25,
78.5,58.25,
79.25,58.25,
80.0,58.25,
80.75,58.25,
81.5,58.25,
82.25,58.25,
83.0,58.25,
83.75,58.25,
84.5,58.25,
85.25,58.25,
86.0,58.25,
86.75,58.25,
87.5,58.25,
88.25,58.25,
89.0,58.25,
89.75,58.25,
90.5,58.25,
91.25,58.25,
92.0,58.25,
92.75,58.25,
93.5,58.25,
94.25,58.25,
95.0,58.25,
95.75,58.25,
96.5,58.25,
97.25,58.25,
98.0,58.25,
98.75,58.25,
99.5,58.25,
100.25,58.25,
101.0,58.25,
101.75,58.25,
102.5,58.25,
103.25,58.25,
104.0,58.25,
104.75,58.25,
105.5,58.25,
106.25,58.25,
107.0,58.25,
107.75,58.25,
108.5,58.25,
109.25,58.25,
110.0,58.25,
110.75,58.25,
111.5,58.25,
112.25,58.25,
113.0,58.25,
113.75,58.25,
114.5,58.25,
115.25,58.25,
116.0,58.25,
116.75,58.25,
117.5,58.25,
118.25,58.25,
119.0,58.25,
119.75,58.25,
120.5,58.25,
121.25,58.25,
122.0,58.25,
122.75,58.25,
123.5,58.25,
124.25,58.25,
125.0,58.25,
125.75,58.25,
126.5,58.25,
127.25,58.25,
128.0,58.25,
128.75,58.25,
129.5,58.25,
130.25,58.25,-88.0
131.0,58.25,-87.99999999999999
131.75,58.25,-87.56387310826636
132.5,58.25,-87.63646854347786
133.25,58.25,-87.72697988654775
134.0,58.25,-87.96219801653064
134.75,58.25,-87.9795332759054
135.5,58.25,-87.97277069616787
136.25,58.25,-87.9494289649998
137.0,58.25,-88.25878912190942
137.75,58.25,-88.36679242210005
138.5,58.25,-88.48467472637505
139.25,58.25,-87.80284618679279
140.0,58.25,-88.40534364402414
140.75,58.25,-88.51909046368986
141.5,58.25,-88.73637571032306
142.25,58.25,-88.93253462743523
143.0,58.25,-89.15131951964105
143.75,58.25,-89.39852700490998
144.5,58.25,-90.0062893081761
145.25,58.25,
146.0,58.25,
146.75,58.25,
147.5,58.25,
148.25,58.25,
149.0,58.25,
149.75,58.25,
150.5,58.25,
151.25,58.25,
152.0,58.25,-81.09356725146199
152.75,58.25,-80.77464788732395
153.5,58.25,-77.82916165564563
154.25,58.25,-77.18808954678117
155.0,58.25,-76.8450532264845
155.75,58.25,-78.0729381636459
156.5,58.25,-76.51152949144176
157.25,58.25,-77.24922805177975
158.0,58.25,-77.20960770265852
158.75,58.25,-77.08572976625472
159.5,58.25,-78.57115728368667
160.25,58.25,-81.98067383216205
161.0,58.25,-85.19458003575724
161.75,58.25,-82.66879280247078
162.5,58.25,-78.7355137892476
163.25,58.25,-77.28162482348087
164.0,58.25,-76.1761028190315
164.75,58.25,-74.34590594411105
165.5,58.25,-75.39732745283793
166.25,58.25,-79.65480945148742
167.0,58.25,-82.61477613870754
167.75,58.25,-81.16741001644557
168.5,58.25,-78.94223469609591
169.25,58.25,-77.90410755965219
170.0,58.25,-77.71852650466597
170.75,58.25,-77.56992783208763
171.5,58.25,-77.47923009765594
172.25,58.25,-76.75835907076674
173.0,58.25,-77.91801169511025
173.75,58.25,-76.52934067409696
174.5,58.25,-76.465700160135
175.25,58.25,-76.29186911091381
176.0,58.25,-76.24721298210913
176.75,58.25,-74.98874692997289
177.5,58.25,-75.91018308609048
178.25,58.25,-78.27036642735182
179.0,58.25,-79.14528519595096
179.75,58.25,-78.43898812551913
180.5,58.25,-76.81301966431833
181.25,58.25,-76.10068304102053
182.0,58.25,-74.80068118936283
182.75,58.25,-72.92875252270457
183.5,58.25,-73.19731783668131
184.25,58.25,-75.1837606959125
185.0,58.25,-77.38796328170648
185.75,58.25,-79.8393544685079
186.5,58.25,-83.30472961755197
187.25,58.25,-85.31081112595213
188.0,58.25,-86.82274958082442
188.75,58.25,-88.0955864206439
189.5,58.25,-87.42780145770463
190.25,58.25,-85.46311585342167
191.0,58.25,-83.986518186388
191.75,58.25,-83.96266244656222
192.5,58.25,-83.86991152326198
193.25,58.25,-83.9781876304983
194.0,58.25,-84.0809763974107
194.75,58.25,-84.23879390078686
195.5,58.25,-85.16432009093931
196.25,58.25,-86.42548195966425
197.0,58.25,-88.50414540906499
197.75,58.25,-88.83366941129665
198.5,58.25,-88.67675398832515
199.25,58.25,-89.17711546761865
200.0,58.25,-89.59136128961477
200.75,58.25,-89.69086331164903
201.5,58.25,-88.66376786637447
202.25,58.25,-86.94902624833402
203.0,58.25,-86.57439191347117
203.75,58.25,-85.49755496261426
204.5,58.25,-84.073736006344
205.25,58.25,-83.6406989445152
206.0,58.25,-83.85480744640114
206.75,58.25,-84.14990815533571
207.5,58.25,-85.60756697303273
208.25,58.25,-86.11629161841387
209.0,58.25,-87.00459685413047
209.75,58.25,-87.87331409971335
210.5,58.25,-89.69160760050843
211.25,58.25,-90.16078935412698
212.0,58.25,-89.89614582298601
212.75,58.25,-90.19977082211436
213.5,58.25,-90.18738002115586
214.25,58.25,-89.9176818591559
215.0,58.25,-89.54673356646029
215.75,58.25,-89.2557072714605
216.5,58.25,-89.0591732082959
217.25,58.25,-88.76253533565013
218.0,58.25,-88.6445237734247
218.75,58.25,-91.47802197802197
219.5,58.25,
220.25,58.25,
221.0,58.25,
221.75,58.25,
222.5,58.25,
223.25,58.25,
224.0,58.25,
224.75,58.25,
225.5,58.25,
226.25,58.25,
227.0,58.25,
227.75,58.25,
228.5,58.25,
229.25,58.25,
230.0,58.25,
230.75,58.25,
77.0,59.0,
77.75,59.0,
78.5,59.0,
79.25,59.0,
80.0,59.0,
80.75,59.0,
81.5,59.0,
82.25,59.0,
83.0,59.0,
83.75,59.0,
84.5,59.0,
85.25,59.0,
86.0,59.0,
86.75,59.0,
87.5,59.0,
88.25,59.0,
89.0,59.0,
89.75,59.0,
90.5,59.0,
91.25,59.0,
92.0,59.0,
92.75,59.0,
93.5,59.0,
94.25,59.0,
95.0,59.0,
95.75,59.0,
96.5,59.0,
97.25,59.0,
98.0,59.0,
98.75,59.0,
99.5,59.0,
100.25,59.0,
101.0,59.0,
101.75,59.0,
102.5,59.0,
103.25,59.0,
104.0,59.0,
104.75,59.0,
105.5,59.0,
106.25,59.0,
107.0,59.0,
107.75,59.0,
108.5,59.0,
109.25,59.0,
110.0,59.0,
110.75,59.0,
111.5,59.0,
112.25,59.0,
113.0,59.0,
113.75,59.0,
114.5,59.0,
115.25,59.0,
116.0,59.0,
116.75,59.0,
117.5,59.0,
118.25,59.0,
119.0,59.0,
119.75,59.0,
120.5,59.0,
121.25,59.0,
122.0,59.0,
122.75,59.0,
123.5,59.0,
124.25,59.0,
125.0,59.0,
125.75,59.0,
126.5,59.0,
127.25,59.0,
128.0,59.0,
128.75,59.0,
129.5,59.0,-88.0
130.25,59.0,-87.99999999999999
131.0,59.0,-87.56521739130434
131.75,59.0,-87.54022734444125
132.5,59.0,-87.6185371922128
133.25,59.0,-87.90070868120922
134.0,59.0,-87.95934792037318
134.75,59.0,-87.99577494031338
135.5,59.0,-87.98077390169111
136.25,59.0,-87.91254783323684
137.0,59.0,-88.17391304347825
137.75,59.0,-88.30294386342054
138.5,59.0,-88.4683061107536
139.25,59.0,-88.13873339214265
140.0,59.0,-88.64359267734554
140.75,59.0,-88.74834886009597
141.5,59.0,-88.72729900945097
142.25,59.0,-88.99302888037381
143.0,59.0,-89.58064516129033
143.75,59.0,-89.63217797212647
144.5,59.0,-89.85249473777831
145.25,59.0,-90.41496598639456
146.0,59.0,
146.75,59.0,
147.5,59.0,
148.25,59.0,
149.0,59.0,
149.75,59.0,
150.5,59.0,
151.25,59.0,
152.0,59.0,-81.44444444444444
152.75,59.0,-78.94281541218277
153.5,59.0,-77.79922773185243
154.25,59.0,-77.43427579306748
155.0,59.0,-77.04918032786885
155.75,59.0,-76.59744428005604
156.5,59.0,-77.38484345066774
157.25,59.0,-76.40541665682143
158.0,59.0,-76.90811088295689
158.75,59.0,-76.17749707408079
159.5,59.0,-77.40865716601782
160.25,59.0,-85.40012726431434
161.0,59.0,-92.99999999998137
161.75,59.0,-86.1374992341677
162.5,59.0,-77.27427087495005
163.25,59.0,-75.39259747911004
164.0,59.0,-76.10655737704917
164.75,59.0,-74.21089990088062
165.5,59.0,-75.22151306506008
166.25,59.0,-81.37340819042589
167.0,59.0,-85.99999999999062
167.75,59.0,-82.6672093086324
168.5,59.0,-77.70188795372437
169.25,59.0,-76.67413720789988
170.0,59.0,-77.7745901639344
170.75,59.0,-78.43062495349805
171.5,59.0,-78.25269676388334
172.25,59.0,-77.9786809304352
173.0,59.0,-80.49999999999156
173.75,59.0,-77.57931893362824
174.5,59.0,-75.75101337657073
175.25,59.0,-75.99219975960798
176.0,59.0,-74.75847457627117
176.75,59.0,-70.55988318600117
177.5,59.0,-72.17006845270858
178.25,59.0,-77.87131860245343
179.0,59.0,-79.99999999999663
179.75,59.0,-78.24423971753347
180.5,59.0,-76.23772753618317
181.25,59.0,-75.9906032478152
182.0,59.0,-74.2923023578363
182.75,59.0,-71.24489547505408
183.5,59.0,-71.75796641544362
184.25,59.0,-74.08753484877519
185.0,59.0,-77.11538461538461
185.75,59.0,-81.00423914228277
186.5,59.0,-83.39525691699606
187.25,59.0,-86.2318974456013
188.0,59.0,-87.98709369024856
188.75,59.0,-89.8141970658644
189.5,59.0,-88.9924091090691
190.25,59.0,-85.52311452086127
191.0,59.0,-83.5000000000035
191.75,59.0,-84.40123335867592
192.5,59.0,-84.65072280135918
193.25,59.0,-85.18745828974347
194.0,59.0,-85.40544398972114
194.75,59.0,-85.38379129490848
195.5,59.0,-86.09075339787601
196.25,59.0,-86.61746276608433
197.0,59.0,-89.08695652173913
197.75,59.0,-88.28256926294041
198.5,59.0,-88.42524463501417
199.25,59.0,-88.59380796057945
200.0,59.0,-88.61671541699366
200.75,59.0,-87.94993465213592
201.5,59.0,-87.41229592261791
202.25,59.0,-87.20415829300211
203.0,59.0,-87.99999999999663
203.75,59.0,-86.25157605290148
204.5,59.0,-83.63875202644711
205.25,59.0,-83.10641417518504
206.0,59.0,-83.68957871396897
206.75,59.0,-84.162092824401
207.5,59.0,-85.50439088743182
208.25,59.0,-86.28943587246282
209.0,59.0,-87.0
209.75,59.0,-89.14009116170092
210.5,59.0,-90.9045740584202
211.25,59.0,-91.70235303903883
212.0,59.0,-89.78571428571425
212.75,59.0,-89.91221334359257
213.5,59.0,-89.71786699647988
214.25,59.0,-89.15824767292646
215.0,59.0,-89.0943396226415
215.75,59.0,-88.94435419680198
216.5,59.0,-88.85011014934025
217.25,59.0,-88.55502845365696
218.0,59.0,-89.05063291139241
218.75,59.0,
219.5,59.0,
220.25,59.0,
221.0,59.0,
221.75,59.0,
222.5,59.0,
223.25,59.0,
224.0,59.0,
224.75,59.0,
225.5,59.0,
226.25,59.0,
227.0,59.0,
227.75,59.0,
228.5,59.0,
229.25,59.0,
230.0,59.0,
230.75,59.0,
77.0,59.75,
77.75,59.75,
78.5,59.75,
79.25,59.75,
80.0,59.75,
80.75,59.75,
81.5,59.75,
82.25,59.75,
83.0,59.75,
83.75,59.75,
84.5,59.75,
85.25,59.75,
86.0,59.75,
86.75,59.75,
87.5,59.75,
88.25,59.75,
89.0,59.75,
89.75,59.75,
90.5,59.75,
91.25,59.75,
92.0,59.75,
92.75,59.75,
93.5,59.75,
94.25,59.75,
95.0,59.75,
95.75,59.75,
96.5,59.75,
97.25,59.75,
98.0,59.75,
98.75,59.75,
99.5,59.75,
100.25,59.75,
101.0,59.75,
101.75,59.75,
102.5,59.75,
103.25,59.75,
104.0,59.75,
104.75,59.75,
105.5,59.75,
106.25,59.75,
107.0,59.75,
107.75,59.75,
108.5,59.75,
109.25,59.75,
110.0,59.75,
110.75,59.75,
111.5,59.75,
112.25,59.75,
113.0,59.75,
113.75,59.75,
114.5,59.75,
115.25,59.75,
116.0,59.75,
116.75,59.75,
117.5,59.75,
118.25,59.75,
119.0,59.75,
119.75,59.75,
120.5,59.75,
121.25,59.75,
122.0,59.75,
122.75,59.75,
123.5,59.75,
124.25,59.75,
125.0,59.75,
125.75,59.75,
126.5,59.75,
127.25,59.75,
128.0,59.75,
128.75,59.75,
129.5,59.75,-88.0
130.25,59.75,-87.4744434222631
131.0,59.75,-87.51411839551082
131.75,59.75,-87.49215708834836
132.5,59.75,-87.84746724284832
133.25,59.75,-87.87340664356766
134.0,59.75,-87.92657163954547
134.75,59.75,-87.9527448424913
135.5,59.75,-87.92266506884303
136.25,59.75,-87.79840987124454
137.0,59.75,-87.95652898288272
137.75,59.75,-88.17271210400591
138.5,59.75,-88.46270461253755
139.25,59.75,-88.25118543129655
140.0,59.75,-88.57708256410596
140.75,59.75,-88.65816782858556
141.5,59.75,-88.55603489939931
142.25,59.75,-88.60079581986093
143.0,59.75,-88.87137668058998
143.75,59.75,-89.12502463216163
144.5,59.75,-88.93668313767945
145.25,59.75,-88.90914260690306
146.0,59.75,-89.90137842390622
146.75,59.75,-91.88009049773756
147.5,59.75,-91.66247582205028
148.25,59.75,
149.0,59.75,
149.75,59.75,
150.5,59.75,
151.25,59.75,-82.01265822784809
152.0,59.75,-79.52633796729162
152.75,59.75,-79.86180238469807
153.5,59.75,-78.72985321088483
154.25,59.75,-78.27019554475167
155.0,59.75,-77.27246007413387
155.75,59.75,-76.55094236812421
156.5,59.75,-75.99226650980496
157.25,59.75,-76.15574397468627
158.0,59.75,-76.71805589133889
158.75,59.75,-77.15270349971014
159.5,59.75,-78.34966151672756
160.25,59.75,-82.71683228145564
161.0,59.75,-86.54561127032859
161.75,59.75,-83.70692896468377
162.5,59.75,-80.21028437680171
163.25,59.75,-78.61217301222422
164.0,59.75,-77.42548635434284
164.75,59.75,-75.81171213964018
165.5,59.75,-76.68362186550534
166.25,59.75,-80.29893343225118
167.0,59.75,-83.05760074974953
167.75,59.75,-81.74374618546464
168.5,59.75,-78.79870197210259
169.25,59.75,-77.54463529775775
170.0,59.75,-77.88443647563017
170.75,59.75,-77.37225647080801
171.5,59.75,-76.90850167012523
172.25,59.75,-75.7984758963341
173.0,59.75,-76.19212610122477
173.75,59.75,-75.21215176599885
174.5,59.75,-74.78313293307579
175.25,59.75,-75.26645447168346
176.0,59.75,-74.89708801531316
176.75,59.75,-72.86649647001904
177.5,59.75,-73.8051771838563
178.25,59.75,-77.1980363742568
179.0,59.75,-78.80921278026075
179.75,59.75,-77.61846412076684
180.5,59.75,-76.3324639457101
181.25,59.75,-75.72648966188065
182.0,59.75,-74.4526397454866
182.75,59.75,-72.52538093804762
183.5,59.75,-72.63238773124426
184.25,59.75,-74.56310232981923
185.0,59.75,-78.01178891412938
185.75,59.75,-81.62561091880262
186.5,59.75,-84.05496133863136
187.25,59.75,-86.96784570192995
188.0,59.75,-88.65521165249021
188.75,59.75,-89.10049517680149
189.5,59.75,-88.41607155854796
190.25,59.75,-86.53018752393301
191.0,59.75,-85.26791288685601
191.75,59.75,-85.5024072813264
192.5,59.75,-85.93302518523704
193.25,59.75,-86.2975041881713
194.0,59.75,-85.90885458516753
194.75,59.75,-85.99340206586787
195.5,59.75,-86.01377454761767
196.25,59.75,-86.86034805493176
197.0,59.75,-91.58977556109724
197.75,59.75,-88.29178942628948
198.5,59.75,-88.03238505815443
199.25,59.75,-88.00321136260101
200.0,59.75,-87.86734112262222
200.75,59.75,-87.17657916086019
201.5,59.75,-86.8558212994599
202.25,59.75,-86.54449329098178
203.0,59.75,-86.51218137626489
203.75,59.75,-85.55264740216921
204.5,59.75,-84.31018121015948
205.25,59.75,-83.87795259261652
206.0,59.75,-84.37246780577642
206.75,59.75,-84.84990575244795
207.5,59.75,-85.64653710757247
208.25,59.75,-86.06933242067403
209.0,59.75,-87.24942313924278
209.75,59.75,-87.8130574031144
210.5,59.75,-88.7057613531764
211.25,59.75,-89.14206867778267
212.0,59.75,-88.34652826065363
212.75,59.75,-88.45092785663914
213.5,59.75,-88.34079209444309
214.25,59.75,-88.08967602520771
215.0,59.75,-88.10238590244754
215.75,59.75,-88.1701589745761
216.5,59.75,-88.11605681776201
217.25,59.75,-88.68686645843735
218.0,59.75,-88.75553104436837
218.75,59.75,-87.04395604395606
219.5,59.75,
220.25,59.75,
221.0,59.75,
221.75,59.75,
222.5,59.75,
223.25,59.75,
224.0,59.75,
224.75,59.75,
225.5,59.75,
226.25,59.75,
227.0,59.75,
227.75,59.75,
228.5,59.75,
229.25,59.75,
230.0,59.75,
230.75,59.75,
77.0,60.5,
77.75,60.5,
78.5,60.5,
79.25,60.5,
80.0,60.5,
80.75,60.5,
81.5,60.5,
82.25,60.5,
83.0,60.5,
83.75,60.5,
84.5,60.5,
85.25,60.5,
86.0,60.5,
86.75,60.5,
87.5,60.5,
88.25,60.5,
89.0,60.5,
89.75,60.5,
90.5,60.5,
91.25,60.5,
92.0,60.5,
92.75,60.5,
93.5,60.5,
94.25,60.5,
95.0,60.5,
95.75,60.5,
96.5,60.5,
97.25,60.5,
98.0,60.5,
98.75,60.5,
99.5,60.5,
100.25,60.5,
101.0,60.5,
101.75,60.5,
102.5,60.5,
103.25,60.5,
104.0,60.5,
104.75,60.5,
105.5,60.5,
106.25,60.5,
107.0,60.5,
107.75,60.5,
108.5,60.5,
109.25,60.5,
110.0,60.5,
110.75,60.5,
111.5,60.5,
112.25,60.5,
113.0,60.5,
113.75,60.5,
114.5,60.5,
115.25,60.5,
116.0,60.5,
116.75,60.5,
117.5,60.5,
118.25,60.5,
119.0,60.5,
119.75,60.5,
120.5,60.5,
121.25,60.5,
122.0,60.5,
122.75,60.5,
123.5,60.5,
124.25,60.5,
125.0,60.5,
125.75,60.5,
126.5,60.5,
127.25,60.5,
128.0,60.5,
128.75,60.5,
129.5,60.5,-88.0
130.25,60.5,-87.41592585053621
131.0,60.5,-87.44264990896811
131.75,60.5,-87.79820136962404
132.5,60.5,-87.799109059344
133.25,60.5,-87.81969477720035
134.0,60.5,-87.87230397095077
134.75,60.5,-87.94843152107414
135.5,60.5,-87.90012634964391
136.25,60.5,-87.59862260468749
137.0,60.5,-87.36383488306564
137.75,60.5,-87.94292559542535
138.5,60.5,-88.35828432625927
139.25,60.5,-88.42540855010006
140.0,60.5,-88.51080410416549
140.75,60.5,-88.23310194574277
141.5,60.5,-88.45390709662301
142.25,60.5,-88.71865699802406
143.0,60.5,-89.22954304405835
143.75,60.5,-89.16909199782813
144.5,60.5,-89.09931563502543
145.25,60.5,-89.16877801368435
146.0,60.5,-88.90741352558392
146.75,60.5,-89.88042868442808
147.5,60.5,-91.5
148.25,60.5,-91.3375241779497
149.0,60.5,
149.75,60.5,
150.5,60.5,
151.25,60.5,-82.33233116083859
152.0,60.5,-80.42816404902113
152.75,60.5,-80.42796184686513
153.5,60.5,-79.81219126739488
154.25,60.5,-79.05285503345476
155.0,60.5,-78.12579887194904
155.75,60.5,-76.5903030278851
156.5,60.5,-75.52794645321556
157.25,60.5,-75.30829727397041
158.0,60.5,-75.54468441863958
158.75,60.5,-76.33788278753846
159.5,60.5,-77.36088295687887
160.25,60.5,-81.31228621465571
161.0,60.5,-81.32570914902115
161.75,60.5,-82.56058306349674
162.5,60.5,-83.20979362559531
163.25,60.5,-82.65902205031985
164.0,60.5,-80.63352750573415
164.75,60.5,-77.90160514481911
165.5,60.5,-77.95056874570578
166.25,60.5,-80.55124256710658
167.0,60.5,-80.48275067672637
167.75,60.5,-80.62660344486851
168.5,60.5,-79.5421343307803
169.25,60.5,-77.51286665420082
170.0,60.5,-77.24299369976103
170.75,60.5,-77.23185462708383
171.5,60.5,-76.4406099518459
172.25,60.5,-72.14275277273939
173.0,60.5,-67.54083907580056
173.75,60.5,-70.942495743001
174.5,60.5,-73.57056293979672
175.25,60.5,-74.37917945959641
176.0,60.5,-73.63251358317328
176.75,60.5,-73.77065914066242
177.5,60.5,-75.41452693799177
178.25,60.5,-76.82135600907321
179.0,60.5,-77.730821286644
179.75,60.5,-76.81384338588815
180.5,60.5,-76.20589397989534
181.25,60.5,-75.5456738358657
182.0,60.5,-74.88867998263134
182.75,60.5,-73.92901426543916
183.5,60.5,-73.93961268341266
184.25,60.5,-75.47174894387878
185.0,60.5,-78.78510076462139
185.75,60.5,-82.29768384169027
186.5,60.5,-84.63083581322418
187.25,60.5,-88.36371683002127
188.0,60.5,-88.95077011521788
188.75,60.5,-89.5687152818851
189.5,60.5,-89.09321208184477
190.25,60.5,-87.59787970968412
191.0,60.5,-87.40864966023835
191.75,60.5,-87.28285733433182
192.5,60.5,-87.42995347080156
193.25,60.5,-87.07913869436203
194.0,60.5,-87.21160259319495
194.75,60.5,-87.2955594282674
195.5,60.5,-87.31153717969795
196.25,60.5,-88.64781741348442
197.0,60.5,-91.32178217821782
197.75,60.5,-89.01751850549768
198.5,60.5,-87.71876247005463
199.25,60.5,-87.64586064121312
200.0,60.5,-87.08705009662508
200.75,60.5,-86.80782957847035
201.5,60.5,-86.41686827706852
202.25,60.5,-85.4610640892382
203.0,60.5,-85.34250372787044
203.75,60.5,-85.40024901134244
204.5,60.5,-84.69300280864576
205.25,60.5,-84.38220941352401
206.0,60.5,-84.82605590146007
206.75,60.5,-85.12744188833715
207.5,60.5,-85.70700162216669
208.25,60.5,-86.08600004409459
209.0,60.5,-86.10506097288606
209.75,60.5,-86.10415879962359
210.5,60.5,-84.80973118422335
211.25,60.5,-84.52008435366393
212.0,60.5,-85.86506378802747
212.75,60.5,-85.10690691900952
213.5,60.5,-85.45051645615528
214.25,60.5,-86.62427228160155
215.0,60.5,-87.2812641424046
215.75,60.5,-87.63761537920811
216.5,60.5,-87.92561384787103
217.25,60.5,-88.328733653201
218.0,60.5,-86.88571428571429
218.75,60.5,-86.91256830601094
219.5,60.5,
220.25,60.5,
221.0,60.5,
221.75,60.5,
222.5,60.5,
223.25,60.5,
224.0,60.5,
224.75,60.5,
225.5,60.5,
226.25,60.5,
227.0,60.5,
227.75,60.5,
228.5,60.5,
229.25,60.5,
230.0,60.5,
230.75,60.5,
77.0,61.25,
77.75,61.25,
78.5,61.25,
79.25,61.25,
80.0,61.25,
80.75,61.25,
81.5,61.25,
82.25,61.25,
83.0,61.25,
83.75,61.25,
84.5,61.25,
85.25,61.25,
86.0,61.25,
86.75,61.25,
87.5,61.25,
88.25,61.25,
89.0,61.25,
89.75,61.25,
90.5,61.25,
91.25,61.25,
92.0,61.25,
92.75,61.25,
93.5,61.25,
94.25,61.25,
95.0,61.25,
95.75,61.25,
96.5,61.25,
97.25,61.25,
98.0,61.25,
98.75,61.25,
99.5,61.25,
100.25,61.25,
101.0,61.25,
101.75,61.25,
102.5,61.25,
103.25,61.25,
104.0,61.25,
104.75,61.25,
105.5,61.25,
106.25,61.25,
107.0,61.25,
107.75,61.25,
108.5,61.25,
109.25,61.25,
110.0,61.25,
110.75,61.25,
111.5,61.25,
112.25,61.25,
113.0,61.25,
113.75,61.25,
114.5,61.25,
115.25,61.25,
116.0,61.25,
116.75,61.25,
117.5,61.25,
118.25,61.25,
119.0,61.25,
119.75,61.25,
120.5,61.25,
121.25,61.25,
122.0,61.25,
122.75,61.25,
123.5,61.25,
124.25,61.25,
125.0,61.25,
125.75,61.25,
126.5,61.25,
127.25,61.25,
128.0,61.25,
128.75,61.25,
129.5,61.25,-87.34260953009266
130.25,61.25,-87.34644762317112
131.0,61.25,-87.46321846402779
131.75,61.25,-87.75062895447654
132.5,61.25,-87.72695251895722
133.25,61.25,-87.72019519714063
134.0,61.25,-87.78041781724292
134.75,61.25,-87.9476768817121
135.5,61.25,-87.90189202993909
136.25,61.25,-87.61891555835251
137.0,61.25,-87.13719345765726
137.75,61.25,-87.99853101591759
138.5,61.25,-88.4873452492945
139.25,61.25,-88.53347821483923
140.0,61.25,-88.40766154293132
140.75,61.25,-87.78438902348661
141.5,61.25,-87.88105964581361
142.25,61.25,-88.98450053360868
143.0,61.25,-89.78185632792011
143.75,61.25,-89.96154460359465
144.5,61.25,-89.58960683537823
145.25,61.25,-89.16895181028802
146.0,61.25,-88.79684159844432
146.75,61.25,-89.29482777122008
147.5,61.25,-88.93444358687958
148.25,61.25,-89.62690193753699
149.0,61.25,-88.23811881188121
149.75,61.25,-86.22306429233302
150.5,61.25,-85.28714268348003
151.25,61.25,-82.71820662520625
152.0,61.25,-80.24959008925205
152.75,61.25,-80.29550457850247
153.5,61.25,-80.77776076385723
154.25,61.25,-80.69735010341746
155.0,61.25,-79.761096713065
155.75,61.25,-77.5366197551666
156.5,61.25,-75.45568038703594
157.25,61.25,-75.14252803375152
158.0,61.25,-75.44803074508464
158.75,61.25,-75.61357808655879
159.5,61.25,-76.84468869072454
160.25,61.25,-80.68898366163451
161.0,61.25,-80.39814257401622
161.75,61.25,-82.57571857048609
162.5,61.25,-83.68418040972963
163.25,61.25,-83.59585735353265
164.0,61.25,-81.91417566145577
164.75,61.25,-80.25719348124227
165.5,61.25,-79.71231510719616
166.25,61.25,-80.02133683189142
167.0,61.25,-80.80159090684667
167.75,61.25,-79.95713329900606
168.5,61.25,-78.79747424371268
169.25,61.25,-77.8556630431954
170.0,61.25,-77.38241247525029
170.75,61.25,-77.36037454073364
171.5,61.25,-76.61958022968464
172.25,61.25,-71.05344105043392
173.0,61.25,-64.982298918427
173.75,61.25,-69.686532015521
174.5,61.25,-73.2203972434782
175.25,61.25,-74.2924483301695
176.0,61.25,-74.67686459686313
176.75,61.25,-75.00236269996527
177.5,61.25,-76.13216915484412
178.25,61.25,-76.78862969404184
179.0,61.25,-76.24589453669195
179.75,61.25,-76.27311990720027
180.5,61.25,-75.96519503850989
181.25,61.25,-75.48948101610027
182.0,61.25,-75.2907900674326
182.75,61.25,-74.72737203318646
183.5,61.25,-74.81855495715489
184.25,61.25,-77.76017933072168
185.0,61.25,-79.65832899906485
185.75,61.25,-81.88423939274753
186.5,61.25,-85.11099532401575
187.25,61.25,-88.58077953356845
188.0,61.25,-89.14357578639388
188.75,61.25,-89.82215238604692
189.5,61.25,-89.44277793067752
190.25,61.25,-88.04148516476786
191.0,61.25,-87.53632741592705
191.75,61.25,-87.69887381113755
192.5,61.25,-88.0325619570188
193.25,61.25,-88.36449415198562
194.0,61.25,-88.34940139105802
194.75,61.25,-88.32694716330774
195.5,61.25,-88.27164750068354
196.25,61.25,-88.24201587312368
197.0,61.25,-90.62079294005129
197.75,61.25,-88.83086592087675
198.5,61.25,-87.81765447186612
199.25,61.25,-86.78839373566855
200.0,61.25,-86.83316821878134
200.75,61.25,-86.58906181300331
201.5,61.25,-86.10543517880608
202.25,61.25,-85.65388911473005
203.0,61.25,-85.10652621453096
203.75,61.25,-85.50218602562468
204.5,61.25,-84.75445440522645
205.25,61.25,-84.31430164686435
206.0,61.25,-85.26087120463933
206.75,61.25,-85.35188343643686
207.5,61.25,-85.81783042242094
208.25,61.25,-85.99020820559134
209.0,61.25,-85.80370763077418
209.75,61.25,-85.20145810954982
210.5,61.25,-83.75889969565817
211.25,61.25,-83.41549245478757
212.0,61.25,-84.86209121612349
212.75,61.25,-84.28303319252142
213.5,61.25,-84.61462603060552
214.25,61.25,-85.86764180630779
215.0,61.25,-86.72803415716287
215.75,61.25,-87.25025142797186
216.5,61.25,-87.58815102240867
217.25,61.25,-86.63636363636363
218.0,61.25,-86.72789115646259
218.75,61.25,
219.5,61.25,
220.25,61.25,
221.0,61.25,
221.75,61.25,
222.5,61.25,
223.25,61.25,
224.0,61.25,
224.75,61.25,
225.5,61.25,
226.25,61.25,
227.0,61.25,
227.75,61.25,
228.5,61.25,
229.25,61.25,
230.0,61.25,
230.75,61.25,
77.0,62.0,
77.75,62.0,
78.5,62.0,
79.25,62.0,
80.0,62.0,
80.75,62.0,
81.5,62.0,
82.25,62.0,
83.0,62.0,
83.75,62.0,
84.5,62.0,
85.25,62.0,
86.0,62.0,
86.75,62.0,
87.5,62.0,
88.25,62.0,
89.0,62.0,
89.75,62.0,
90.5,62.0,
91.25,62.0,
92.0,62.0,
92.75,62.0,
93.5,62.0,
94.25,62.0,
95.0,62.0,
95.75,62.0,
96.5,62.0,
97.25,62.0,
98.0,62.0,
98.75,62.0,
99.5,62.0,
100.25,62.0,
101.0,62.0,
101.75,62.0,
102.5,62.0,
103.25,62.0,
104.0,62.0,
104.75,62.0,
105.5,62.0,
106.25,62.0,
107.0,62.0,
107.75,62.0,
108.5,62.0,
109.25,62.0,
110.0,62.0,
110.75,62.0,
111.5,62.0,
112.25,62.0,
113.0,62.0,
113.75,62.0,
114.5,62.0,
115.25,62.0,
116.0,62.0,
116.75,62.0,
117.5,62.0,
118.25,62.0,
119.0,62.0,
119.75,62.0,
120.5,62.0,
121.25,62.0,
122.0,62.0,
122.75,62.0,
123.5,62.0,
124.25,62.0,
125.0,62.0,
125.75,62.0,
126.5,62.0,
127.25,62.0,
128.0,62.0,
128.75,62.0,
129.5,62.0,-87.0
130.25,62.0,-87.42743764172337
131.0,62.0,-87.40476190476188
131.75,62.0,-87.70179094962712
132.5,62.0,-87.6373288034823
133.25,62.0,-87.54541439717354
134.0,62.0,-87.42857142857142
134.75,62.0,-87.36190109466968
135.5,62.0,-87.59507523939807
136.25,62.0,-88.39592232045297
137.0,62.0,-88.82142857142854
137.75,62.0,-89.05152975067053
138.5,62.0,-89.097895346592
139.25,62.0,-88.90911698626354
140.0,62.0,-87.86111111111109
140.75,62.0,-86.26702970859519
141.5,62.0,-86.84403701165184
142.25,62.0,-89.65316449527312
143.0,62.0,-91.71123135805728
143.75,62.0,-91.34767171594322
144.5,62.0,-90.1197162919562
145.25,62.0,-89.28406334171953
146.0,62.0,-88.76958525345624
146.75,62.0,-89.00731133995949
147.5,62.0,-88.79728295449551
148.25,62.0,-88.45803475187279
149.0,62.0,-86.74537037037037
149.75,62.0,-84.75620640840366
150.5,62.0,-83.18930355295224
151.25,62.0,-81.89421851034402
152.0,62.0,-80.50828729281767
152.75,62.0,-80.80318062937775
153.5,62.0,-81.69234546879305
154.25,62.0,-82.75671123692301
155.0,62.0,-82.64595799242886
155.75,62.0,-79.54682996539432
156.5,62.0,-76.01044847089443
157.25,62.0,-75.21476397300773
158.0,62.0,-75.88636363636363
158.75,62.0,-77.34769290208632
159.5,62.0,-78.79855195911415
160.25,62.0,-82.7755786232244
161.0,62.0,-84.53571428571425
161.75,62.0,-84.1463941591338
162.5,62.0,-83.38693120882486
163.25,62.0,-82.41159338028486
164.0,62.0,-81.92857142857142
164.75,62.0,-81.75435335578922
165.5,62.0,-80.42096415967107
166.25,62.0,-80.05152641212378
167.0,62.0,-80.1879271070615
167.75,62.0,-79.27985574703797
168.5,62.0,-77.3241500971479
169.25,62.0,-77.88093305043479
170.0,62.0,-77.81976744186046
170.75,62.0,-77.65227785287
171.5,62.0,-77.57359330871172
172.25,62.0,-76.85399409903563
173.0,62.0,-76.23119015047878
173.75,62.0,-76.61094041188927
174.5,62.0,-77.3514775493885
175.25,62.0,-76.94755669373707
176.0,62.0,-76.6086956521739
176.75,62.0,-76.4162614349533
177.5,62.0,-75.0409575505801
178.25,62.0,-76.84505454824871
179.0,62.0,-75.90364120781528
179.75,62.0,-75.93931691761287
180.5,62.0,-75.76801897230015
181.25,62.0,-75.46035085202558
182.0,62.0,-74.71259618124822
182.75,62.0,-74.76178239446156
183.5,62.0,-76.14328030287075
184.25,62.0,-78.79567886426624
185.0,62.0,-80.39230570728141
185.75,62.0,-83.51673009446081
186.5,62.0,-86.50388308058413
187.25,62.0,-88.78349986935463
188.0,62.0,-88.98780487804876
188.75,62.0,-89.11612184786193
189.5,62.0,-88.74201607647187
190.25,62.0,-88.11195179111971
191.0,62.0,-87.92372881355931
191.75,62.0,-88.11195179111971
192.5,62.0,-88.7102433195742
193.25,62.0,-89.0799109330075
194.0,62.0,-88.93292682926828
194.75,62.0,-88.70793647984127
195.5,62.0,-88.53783594226596
196.25,62.0,-89.11808815478341
197.0,62.0,-89.79761904761907
197.75,62.0,-88.97506879759509
198.5,62.0,-87.53548089217219
199.25,62.0,-87.2943135815862
200.0,62.0,-87.13325991189429
200.75,62.0,-86.28282375973673
201.5,62.0,-86.34456135556164
202.25,62.0,-86.41603452553966
203.0,62.0,-86.47033898305084
203.75,62.0,-86.5567517756001
204.5,62.0,-86.49555403556771
205.25,62.0,-86.54668848671545
206.0,62.0,-86.32142857142857
206.75,62.0,-86.02508263854503
207.5,62.0,-85.4662068658284
208.25,62.0,-85.67417256487016
209.0,62.0,-85.7193690388848
209.75,62.0,-85.31255123588575
210.5,62.0,-84.54761017889716
211.25,62.0,-84.60394056608052
212.0,62.0,-85.06626506024097
212.75,62.0,-85.0611370261754
213.5,62.0,-85.25737170844313
214.25,62.0,-85.90862735188512
215.0,62.0,-86.51824917464134
215.75,62.0,-87.0130593100812
216.5,62.0,-85.62008733624455
217.25,62.0,-86.47967479674797
218.0,62.0,-86.6
218.75,62.0,
219.5,62.0,
220.25,62.0,
221.0,62.0,
221.75,62.0,
222.5,62.0,
223.25,62.0,
224.0,62.0,
224.75,62.0,
225.5,62.0,
226.25,62.0,
227.0,62.0,
227.75,62.0,
228.5,62.0,
229.25,62.0,
230.0,62.0,
230.75,62.0,
77.0,62.75,
77.75,62.75,
78.5,62.75,
79.25,62.75,
80.0,62.75,
80.75,62.75,
81.5,62.75,
82.25,62.75,
83.0,62.75,
83.75,62.75,
84.5,62.75,
85.25,62.75,
86.0,62.75,
86.75,62.75,
87.5,62.75,
88.25,62.75,
89.0,62.75,
89.75,62.75,
90.5,62.75,
91.25,62.75,
92.0,62.75,
92.75,62.75,
93.5,62.75,
94.25,62.75,
95.0,62.75,
95.75,62.75,
96.5,62.75,
97.25,62.75,
98.0,62.75,
98.75,62.75,
99.5,62.75,
100.25,62.75,
101.0,62.75,
101.75,62.75,
102.5,62.75,
103.25,62.75,
104.0,62.75,
104.75,62.75,
105.5,62.75,
106.25,62.75,
107.0,62.75,
107.75,62.75,
108.5,62.75,
109.25,62.75,
110.0,62.75,
110.75,62.75,
111.5,62.75,
112.25,62.75,
113.0,62.75,
113.75,62.75,
114.5,62.75,
115.25,62.75,
116.0,62.75,
116.75,62.75,
117.5,62.75,
118.25,62.75,
119.0,62.75,
119.75,62.75,
120.5,62.75,
121.25,62.75,
122.0,62.75,
122.75,62.75,
123.5,62.75,
124.25,62.75,
125.0,62.75,
125.75,62.75,
126.5,62.75,
127.25,62.75,
128.0,62.75,
128.75,62.75,
129.5,62.75,-87.27754820523585
130.25,62.75,-87.25978874447557
131.0,62.75,-87.05439302062376
131.75,62.75,-87.4626689455918
132.5,62.75,-87.57212498324292
133.25,62.75,-87.38784702674393
134.0,62.75,-86.96712970868766
134.75,62.75,-86.25493246080337
135.5,62.75,-86.79499415056672
136.25,62.75,-89.05543001763806
137.0,62.75,-90.79122042660299
137.75,62.75,-90.0313087934702
138.5,62.75,-90.26350797931103
139.25,62.75,-90.52158534972897
140.0,62.75,-87.67353663779865
140.75,62.75,-83.74436819009287
141.5,62.75,-84.87932822371117
142.25,62.75,-90.77592121575361
143.0,62.75,-94.57965921304388
143.75,62.75,-92.38701926785399
144.5,62.75,-90.17745196441817
145.25,62.75,-89.0867083637478
146.0,62.75,-88.58724508612724
146.75,62.75,-88.76601360733301
147.5,62.75,-88.6138688248751
148.25,62.75,-88.24783098061305
149.0,62.75,-85.40182066624101
149.75,62.75,-84.7045419519467
150.5,62.75,-83.55806549348954
151.25,62.75,-83.08831592599624
152.0,62.75,-81.46851923481236
152.75,62.75,-81.28505725293871
153.5,62.75,-82.34519145528247
154.25,62.75,-84.79907755766244
155.0,62.75,-86.53981037746287
155.75,62.75,-81.87888444314275
156.5,62.75,-74.5388750969686
157.25,62.75,-72.86356942374996
158.0,62.75,-76.14331051992495
158.75,62.75,-78.18145985654385
159.5,62.75,-79.57524592269547
160.25,62.75,-86.99102118546409
161.0,62.75,-92.16326996423213
161.75,62.75,-87.7709415751957
162.5,62.75,-82.52521285197714
163.25,62.75,-81.39112844302733
164.0,62.75,-82.36958420286246
164.75,62.75,-81.58655851166093
165.5,62.75,-81.87794702617104
166.25,62.75,-80.12684653040768
167.0,62.75,-80.11936658985866
167.75,62.75,-79.13484917583762
168.5,62.75,-78.3944396198092
169.25,62.75,-78.67994536380643
170.0,62.75,-78.82112932296657
170.75,62.75,-79.16425098288762
171.5,62.75,-80.33178797553633
172.25,62.75,-82.79622757347681
173.0,62.75,-85.51484576381385
173.75,62.75,-83.0096632321268
174.5,62.75,-80.8509986062921
175.25,62.75,-79.24086687408776
176.0,62.75,-78.318986383062
176.75,62.75,-77.73080716904579
177.5,62.75,-77.39618356644283
178.25,62.75,-75.51283863999646
179.0,62.75,-75.72022054526528
179.75,62.75,-75.73665853729207
180.5,62.75,-75.63309848050649
181.25,62.75,-74.8896369935218
182.0,62.75,-75.22866290539194
182.75,62.75,-74.71462826393054
183.5,62.75,-76.90760171616611
184.25,62.75,-77.30551508141308
185.0,62.75,-80.51282235678877
185.75,62.75,-85.7884633493872
186.5,62.75,-86.91401885527624
187.25,62.75,-88.5792700657315
188.0,62.75,-88.6263726669659
188.75,62.75,-88.96229847837142
189.5,62.75,-88.67071592167919
190.25,62.75,-88.27239949269129
191.0,62.75,-88.04569019354071
191.75,62.75,-88.5173110335793
192.5,62.75,-89.59556146268454
193.25,62.75,-89.84616345558216
194.0,62.75,-89.33904761194573
194.75,62.75,-88.96259358093029
195.5,62.75,-88.72826411018704
196.25,62.75,-89.03993313216262
197.0,62.75,-89.78367003367002
197.75,62.75,-87.3115947598524
198.5,62.75,-86.93052887998853
199.25,62.75,-86.3723693242994
200.0,62.75,-86.16686523575814
200.75,62.75,-86.2659818964682
201.5,62.75,-86.53340061006419
202.25,62.75,-87.00124247664726
203.0,62.75,-87.83862369705697
203.75,62.75,-87.25246683261906
204.5,62.75,-88.63862603434985
205.25,62.75,-89.42569028726771
206.0,62.75,-87.59836685141438
206.75,62.75,-86.54251389521164
207.5,62.75,-85.73812238447006
208.25,62.75,-85.7065515701733
209.0,62.75,-85.46653290747335
209.75,62.75,-85.6852938477025
210.5,62.75,-85.42116352430278
211.25,62.75,-85.06949109367896
212.0,62.75,-85.51447090744651
212.75,62.75,-85.55663774857591
213.5,62.75,-85.74761395502856
214.25,62.75,-86.11629611316802
215.0,62.75,-85.93092736655103
215.75,62.75,-85.32916635845847
216.5,62.75,-85.48511425970754
217.25,62.75,-86.38028169014085
218.0,62.75,
218.75,62.75,
219.5,62.75,
220.25,62.75,
221.0,62.75,
221.75,62.75,
222.5,62.75,
223.25,62.75,
224.0,62.75,
224.75,62.75,
225.5,62.75,
226.25,62.75,
227.0,62.75,
227.75,62.75,
228.5,62.75,
229.25,62.75,
230.0,62.75,
230.75,62.75,
77.0,63.5,
77.75,63.5,
78.5,63.5,
79.25,63.5,
80.0,63.5,
80.75,63.5,
81.5,63.5,
82.25,63.5,
83.0,63.5,
83.75,63.5,
84.5,63.5,
85.25,63.5,
86.0,63.5,
86.75,63.5,
87.5,63.5,
88.25,63.5,
89.0,63.5,
89.75,63.5,
90.5,63.5,
91.25,63.5,
92.0,63.5,
92.75,63.5,
93.5,63.5,
94.25,63.5,
95.0,63.5,
95.75,63.5,
96.5,63.5,
97.25,63.5,
98.0,63.5,
98.75,63.5,
99.5,63.5,
100.25,63.5,
101.0,63.5,
101.75,63.5,
102.5,63.5,
103.25,63.5,
104.0,63.5,
104.75,63.5,
105.5,63.5,
106.25,63.5,
107.0,63.5,
107.75,63.5,
108.5,63.5,
109.25,63.5,
110.0,63.5,
110.75,63.5,
111.5,63.5,
112.25,63.5,
113.0,63.5,
113.75,63.5,
114.5,63.5,
115.25,63.5,
116.0,63.5,
116.75,63.5,
117.5,63.5,
118.25,63.5,
119.0,63.5,
119.75,63.5,
120.5,63.5,
121.25,63.5,
122.0,63.5,
122.75,63.5,
123.5,63.5,
124.25,63.5,
125.0,63.5,
125.75,63.5,
126.5,63.5,
127.25,63.5,
128.0,63.5,
128.75,63.5,
129.5,63.5,-86.96825396825398
130.25,63.5,-86.82193700572863
131.0,63.5,-86.83426172328495
131.75,63.5,-87.34356811744505
132.5,63.5,-87.30682738658268
133.25,63.5,-87.21819894567214
134.0,63.5,-86.98126386511761
134.75,63.5,-86.57475376111059
135.5,63.5,-87.08044327756748
136.25,63.5,-88.98996672343536
137.0,63.5,-90.2641829804235
137.75,63.5,-89.90130716675107
138.5,63.5,-90.06031410848624
139.25,63.5,-90.03134466645933
140.0,63.5,-87.6650311881941
140.75,63.5,-84.63304586743101
141.5,63.5,-85.54693406131878
142.25,63.5,-89.7148934426881
143.0,63.5,-92.85728535788384
143.75,63.5,-90.90095017651987
144.5,63.5,-89.13388045075943
145.25,63.5,-88.66771584685145
146.0,63.5,-88.60443394888149
146.75,63.5,-88.49044174089633
147.5,63.5,-88.41610524395728
148.25,63.5,-88.0272641597047
149.0,63.5,-85.5053337125294
149.75,63.5,-84.67636909134679
150.5,63.5,-83.45307138521677
151.25,63.5,-82.78794757050939
152.0,63.5,-82.7618161529646
152.75,63.5,-81.73447761561646
153.5,63.5,-82.52165223184542
154.25,63.5,-84.19625411932468
155.0,63.5,-85.34879943811914
155.75,63.5,-81.5597090304586
156.5,63.5,-75.84599589322383
157.25,63.5,-74.5913602441598
158.0,63.5,-77.2508517887564
158.75,63.5,-79.1896888119368
159.5,63.5,-81.27772073921973
160.25,63.5,-87.20089686964046
161.0,63.5,-90.81182580902916
161.75,63.5,-87.73452272013384
162.5,63.5,-83.17218059350232
163.25,63.5,-81.89878423381235
164.0,63.5,-82.5914143735518
164.75,63.5,-82.8717223809684
165.5,63.5,-83.42028410443615
166.25,63.5,-82.15626588737825
167.0,63.5,-80.11824890851128
167.75,63.5,-80.08533994675203
168.5,63.5,-80.38850488152552
169.25,63.5,-79.63687993804407
170.0,63.5,-80.17389790021625
170.75,63.5,-81.1086349175552
171.5,63.5,-82.78512250882163
172.25,63.5,-84.5718065809839
173.0,63.5,-85.50620430868183
173.75,63.5,-84.71847989335048
174.5,63.5,-83.24216251918332
175.25,63.5,-81.14767413313726
176.0,63.5,-80.01870529180856
176.75,63.5,-79.04903048641381
177.5,63.5,-78.40980790254568
178.25,63.5,-79.5088699215556
179.0,63.5,-75.62162162162161
179.75,63.5,-74.85516441044003
180.5,63.5,-74.79109109303863
181.25,63.5,-75.57113501603061
182.0,63.5,-75.2319749216301
182.75,63.5,-74.93149058238357
183.5,63.5,-73.18085106382979
184.25,63.5,-78.27131353988351
185.0,63.5,-80.90860215053762
185.75,63.5,-86.05185089307025
186.5,63.5,-86.90336104649462
187.25,63.5,-88.93146345496955
188.0,63.5,-88.85474347607556
188.75,63.5,-88.6744633296042
189.5,63.5,-88.49134594153124
190.25,63.5,-88.28286216487426
191.0,63.5,-88.16198973209369
191.75,63.5,-88.59869215958079
192.5,63.5,-89.45566567850979
193.25,63.5,-89.73398600832351
194.0,63.5,-89.3349737914968
194.75,63.5,-89.0155222921392
195.5,63.5,-89.15614449940703
196.25,63.5,-89.06546417390906
197.0,63.5,-89.76449275362317
197.75,63.5,-87.31725455618115
198.5,63.5,-86.73571716207927
199.25,63.5,-85.83274694260147
200.0,63.5,-85.83349294812997
200.75,63.5,-85.59398642409663
201.5,63.5,-85.86752176065704
202.25,63.5,-86.53100552407402
203.0,63.5,-87.26939743602574
203.75,63.5,-86.78619223546175
204.5,63.5,-87.88142630357797
205.25,63.5,-88.56386690602098
206.0,63.5,-87.25372066297538
206.75,63.5,-86.49087910609428
207.5,63.5,-86.17138070164403
208.25,63.5,-86.16750103832588
209.0,63.5,-85.50535290589258
209.75,63.5,-85.25315228814432
210.5,63.5,-85.59768320032738
211.25,63.5,-85.37683456679186
212.0,63.5,-85.4078947368421
212.75,63.5,-85.48401534489253
213.5,63.5,-85.6062108836321
214.25,63.5,-85.78805185177507
215.0,63.5,-85.10197429116184
215.75,63.5,-85.26536185370931
216.5,63.5,-86.17647058823529
217.25,63.5,
218.0,63.5,
218.75,63.5,
219.5,63.5,
220.25,63.5,
221.0,63.5,
221.75,63.5,
222.5,63.5,
223.25,63.5,
224.0,63.5,
224.75,63.5,
225.5,63.5,
226.25,63.5,
227.0,63.5,
227.75,63.5,
228.5,63.5,
229.25,63.5,
230.0,63.5,
230.75,63.5,
77.0,64.25,
77.75,64.25,
78.5,64.25,
79.25,64.25,
80.0,64.25,
80.75,64.25,
81.5,64.25,
82.25,64.25,
83.0,64.25,
83.75,64.25,
84.5,64.25,
85.25,64.25,
86.0,64.25,
86.75,64.25,
87.5,64.25,
88.25,64.25,
89.0,64.25,
89.75,64.25,
90.5,64.25,
91.25,64.25,
92.0,64.25,
92.75,64.25,
93.5,64.25,
94.25,64.25,
95.0,64.25,
95.75,64.25,
96.5,64.25,
97.25,64.25,
98.0,64.25,
98.75,64.25,
99.5,64.25,
100.25,64.25,
101.0,64.25,
101.75,64.25,
102.5,64.25,
103.25,64.25,
104.0,64.25,
104.75,64.25,
105.5,64.25,
106.25,64.25,
107.0,64.25,
107.75,64.25,
108.5,64.25,
109.25,64.25,
110.0,64.25,
110.75,64.25,
111.5,64.25,
112.25,64.25,
113.0,64.25,
113.75,64.25,
114.5,64.25,
115.25,64.25,
116.0,64.25,
116.75,64.25,
117.5,64.25,
118.25,64.25,
119.0,64.25,
119.75,64.25,
120.5,64.25,
121.25,64.25,
122.0,64.25,
122.75,64.25,
123.5,64.25,
124.25,64.25,
125.0,64.25,
125.75,64.25,
126.5,64.25,
127.25,64.25,
128.0,64.25,
128.75,64.25,
129.5,64.25,-87.01596806387225
130.25,64.25,-86.7676294846675
131.0,64.25,-86.7781419403768
131.75,64.25,-87.28867083021186
132.5,64.25,-87.2814393119717
133.25,64.25,-87.29672099692435
134.0,64.25,-87.37246196747434
134.75,64.25,-87.54492534073614
135.5,64.25,-87.58857124804094
136.25,64.25,-88.17204354284635
137.0,64.25,-88.3024937321396
137.75,64.25,-88.71834412244358
138.5,64.25,-88.82370184424639
139.25,64.25,-88.58825707813263
140.0,64.25,-87.28762680034254
140.75,64.25,-86.63329435914595
141.5,64.25,-86.68973774173313
142.25,64.25,-86.89838189875117
143.0,64.25,-86.71225914843775
143.75,64.25,-87.73345415864246
144.5,64.25,-88.09692084305023
145.25,64.25,-88.08261831755357
146.0,64.25,-88.24233058380314
146.75,64.25,-88.24844534714026
147.5,64.25,-87.17971378029021
148.25,64.25,-87.15837442165137
149.0,64.25,-86.8968434718725
149.75,64.25,-84.67016335479686
150.5,64.25,-83.38899252239129
151.25,64.25,-82.4376511572133
152.0,64.25,-82.09442836990202
152.75,64.25,-81.59169333793109
153.5,64.25,-81.48229009407112
154.25,64.25,-82.148371357142
155.0,64.25,-82.58986857616334
155.75,64.25,-81.65176406059518
156.5,64.25,-80.14791620023205
157.25,64.25,-79.42808030343471
158.0,64.25,-81.06528757325917
158.75,64.25,-84.3554630048368
159.5,64.25,-85.70176738769156
160.25,64.25,-87.04116380874068
161.0,64.25,-87.80150750494525
161.75,64.25,-87.14983804514351
162.5,64.25,-85.5003305117119
163.25,64.25,-84.15763527346364
164.0,64.25,-84.06740420872859
164.75,64.25,-83.35129288434075
165.5,64.25,-83.79575118830267
166.25,64.25,-83.74619397274364
167.0,64.25,-80.12983835795406
167.75,64.25,-82.83916611479573
168.5,64.25,-81.01476330517133
169.25,64.25,-80.6205082394778
170.0,64.25,-81.50853467076115
170.75,64.25,-84.25040656055201
171.5,64.25,-85.81969107445836
172.25,64.25,-87.84904247064688
173.0,64.25,-89.1304687311364
173.75,64.25,-88.0274933025872
174.5,64.25,-86.20555837752575
175.25,64.25,-84.86836515447064
176.0,64.25,-83.0823205437618
176.75,64.25,-80.22813214597495
177.5,64.25,-79.35466594467995
178.25,64.25,-81.0427827681145
179.0,64.25,-75.54866618601298
179.75,64.25,-75.70926939151848
180.5,64.25,-75.86169376444133
181.25,64.25,-75.59137172798698
182.0,64.25,-73.5
182.75,64.25,-73.37124463519314
183.5,64.25,-73.25659229208924
184.25,64.25,-79.88955823293173
185.0,64.25,-81.31720430107526
185.75,64.25,-85.32794582112184
186.5,64.25,-88.75153237867688
187.25,64.25,-88.765612806514
188.0,64.25,-88.68030274376626
188.75,64.25,-88.57259734858991
189.5,64.25,-88.43438686145838
190.25,64.25,-88.29685272264358
191.0,64.25,-88.2611744348764
191.75,64.25,-88.61490468096706
192.5,64.25,-89.06707213598096
193.25,64.25,-89.27352440897049
194.0,64.25,-89.1358033820163
194.75,64.25,-88.89590949266872
195.5,64.25,-88.65716317157587
196.25,64.25,-88.5463076088387
197.0,64.25,-89.74267399267399
197.75,64.25,-87.69085396164839
198.5,64.25,-86.68543736182001
199.25,64.25,-85.39340422221171
200.0,64.25,-85.57329872075773
200.75,64.25,-85.45863413488591
201.5,64.25,-85.24116881532194
202.25,64.25,-84.78728468939444
203.0,64.25,-84.36153348127014
203.75,64.25,-84.97524582226154
204.5,64.25,-84.95085846802785
205.25,64.25,-84.77779567708154
206.0,64.25,-85.44507104995735
206.75,64.25,-85.7846849413534
207.5,64.25,-85.89531362154203
208.25,64.25,-85.30306111764571
209.0,64.25,-85.03554196635798
209.75,64.25,-85.80411369777198
210.5,64.25,-85.82145546628077
211.25,64.25,-85.65589085403619
212.0,64.25,-85.66121495327103
212.75,64.25,-85.71356066340927
213.5,64.25,-85.80624675021676
214.25,64.25,-84.96664582562428
215.0,64.25,-85.1047262441603
215.75,64.25,-85.2354281251017
216.5,64.25,
217.25,64.25,
218.0,64.25,
218.75,64.25,
219.5,64.25,
220.25,64.25,
221.0,64.25,
221.75,64.25,
222.5,64.25,
223.25,64.25,
224.0,64.25,
224.75,64.25,
225.5,64.25,
226.25,64.25,
227.0,64.25,
227.75,64.25,
228.5,64.25,
229.25,64.25,
230.0,64.25,
230.75,64.25,
77.0,65.0,
77.75,65.0,
78.5,65.0,
79.25,65.0,
80.0,65.0,
80.75,65.0,
81.5,65.0,
82.25,65.0,
83.0,65.0,
83.75,65.0,
84.5,65.0,
85.25,65.0,
86.0,65.0,
86.75,65.0,
87.5,65.0,
88.25,65.0,
89.0,65.0,
89.75,65.0,
90.5,65.0,
91.25,65.0,
92.0,65.0,
92.75,65.0,
93.5,65.0,
94.25,65.0,
95.0,65.0,
95.75,65.0,
96.5,65.0,
97.25,65.0,
98.0,65.0,
98.75,65.0,
99.5,65.0,
100.25,65.0,
101.0,65.0,
101.75,65.0,
102.5,65.0,
103.25,65.0,
104.0,65.0,
104.75,65.0,
105.5,65.0,
106.25,65.0,
107.0,65.0,
107.75,65.0,
108.5,65.0,
109.25,65.0,
110.0,65.0,
110.75,65.0,
111.5,65.0,
112.25,65.0,
113.0,65.0,
113.75,65.0,
114.5,65.0,
115.25,65.0,
116.0,65.0,
116.75,65.0,
117.5,65.0,
118.25,65.0,
119.0,65.0,
119.75,65.0,
120.5,65.0,
121.25,65.0,
122.0,65.0,
122.75,65.0,
123.5,65.0,
124.25,65.0,
125.0,65.0,
125.75,65.0,
126.5,65.0,
127.25,65.0,
128.0,65.0,
128.75,65.0,
129.5,65.0,-86.40369393139842
130.25,65.0,-86.4263295553618
131.0,65.0,-86.70967741935483
131.75,65.0,-86.7416377854786
132.5,65.0,-86.7874711183871
133.25,65.0,-87.13062576275321
134.0,65.0,-87.41221765913758
134.75,65.0,-87.92790350366232
135.5,65.0,-87.76338393927287
136.25,65.0,-87.51220736696641
137.0,65.0,-87.50000000000075
137.75,65.0,-87.91419162068051
138.5,65.0,-87.99670345275287
139.25,65.0,-87.74882577659758
140.0,65.0,-86.79124748490946
140.75,65.0,-86.98253031726843
141.5,65.0,-86.83436996487293
142.25,65.0,-85.58101453011108
143.0,65.0,-84.0000000000055
143.75,65.0,-86.08175627951587
144.5,65.0,-87.81950351770863
145.25,65.0,-87.98875335149492
146.0,65.0,-88.07956878850105
146.75,65.0,-87.45656706691541
147.5,65.0,-87.29112238860317
148.25,65.0,-87.21780296324953
149.0,65.0,-86.66666666666666
149.75,65.0,-85.06649536044422
150.5,65.0,-84.02002587240943
151.25,65.0,-82.34300439470097
152.0,65.0,-81.2430875576037
152.75,65.0,-80.64451552342952
153.5,65.0,-81.09803854906318
154.25,65.0,-82.08183514900092
155.0,65.0,-82.00000000000081
155.75,65.0,-81.88339437300456
156.5,65.0,-80.5284658409908
157.25,65.0,-80.19894958226459
158.0,65.0,-82.89285714285712
158.75,65.0,-87.4861748081561
159.5,65.0,-87.1891729924091
160.25,65.0,-87.17898351755986
161.0,65.0,-87.99999999999838
161.75,65.0,-87.37696997871056
162.5,65.0,-86.36411476785818
163.25,65.0,-85.4966856412305
164.0,65.0,-85.01878005954656
164.75,65.0,-84.90059863800705
165.5,65.0,-85.18383871994791
166.25,65.0,-85.28679966500366
167.0,65.0,-80.86111111111111
167.75,65.0,-83.97186002879192
168.5,65.0,-84.59364803058057
169.25,65.0,-84.56647465031192
170.0,65.0,-85.28613179105396
170.75,65.0,-86.38965714304847
171.5,65.0,-88.05737784111494
172.25,65.0,-90.40480397758077
173.0,65.0,-91.99999999999639
173.75,65.0,-90.49142251937639
174.5,65.0,-88.42561992977534
175.25,65.0,-87.06635401295095
176.0,65.0,-86.99489795918367
176.75,65.0,-86.48717676869414
177.5,65.0,-89.26966292134831
178.25,65.0,-89.20295983086682
179.0,65.0,
179.75,65.0,
180.5,65.0,
181.25,65.0,
182.0,65.0,
182.75,65.0,
183.5,65.0,
184.25,65.0,
185.0,65.0,
185.75,65.0,-88.71293547070451
186.5,65.0,-88.66306595214988
187.25,65.0,-88.55128219748909
188.0,65.0,-88.62714417861983
188.75,65.0,-88.52956132157786
189.5,65.0,-88.39493737095177
190.25,65.0,-88.19503310576799
191.0,65.0,-88.0000000000007
191.75,65.0,-88.3424157932201
192.5,65.0,-89.23797621011653
193.25,65.0,-89.44968955631629
194.0,65.0,-89.06659994048745
194.75,65.0,-88.72620814212975
195.5,65.0,-88.53520648812801
196.25,65.0,-88.33877574264869
197.0,65.0,-88.2608695652174
197.75,65.0,-87.6146913961121
198.5,65.0,-86.92968597448034
199.25,65.0,-84.54047666491657
200.0,65.0,-85.38235499895053
200.75,65.0,-85.12247533010108
201.5,65.0,-84.60311866374842
202.25,65.0,-83.55003500320768
203.0,65.0,-82.50000000000315
203.75,65.0,-83.70825708972652
204.5,65.0,-83.26082939205061
205.25,65.0,-82.72391588072324
206.0,65.0,-84.35352301868359
206.75,65.0,-85.22570720943362
207.5,65.0,-84.99828299137945
208.25,65.0,-85.2066524826798
209.0,65.0,-85.04255319148936
209.75,65.0,-84.8206314867017
210.5,65.0,-84.62334788199377
211.25,65.0,-83.3641125625528
212.0,65.0,-83.5
212.75,65.0,-83.54270462633453
213.5,65.0,-83.57792207792208
214.25,65.0,-83.60198300283285
215.0,65.0,-83.61538461538461
215.75,65.0,
216.5,65.0,
217.25,65.0,
218.0,65.0,
218.75,65.0,
219.5,65.0,
220.25,65.0,
221.0,65.0,
221.75,65.0,
222.5,65.0,
223.25,65.0,
224.0,65.0,
224.75,65.0,
225.5,65.0,
226.25,65.0,
227.0,65.0,
227.75,65.0,
228.5,65.0,
229.25,65.0,
230.0,65.0,
230.75,65.0,
77.0,65.75,
77.75,65.75,
78.5,65.75,
79.25,65.75,
80.0,65.75,
80.75,65.75,
81.5,65.75,
82.25,65.75,
83.0,65.75,
83.75,65.75,
84.5,65.75,
85.25,65.75,
86.0,65.75,
86.75,65.75,
87.5,65.75,
88.25,65.75,
89.0,65.75,
89.75,65.75,
90.5,65.75,
91.25,65.75,
92.0,65.75,
92.75,65.75,
93.5,65.75,
94.25,65.75,
95.0,65.75,
95.75,65.75,
96.5,65.75,
97.25,65.75,
98.0,65.75,
98.75,65.75,
99.5,65.75,
100.25,65.75,
101.0,65.75,
101.75,65.75,
102.5,65.75,
103.25,65.75,
104.0,65.75,
104.75,65.75,
105.5,65.75,
106.25,65.75,
107.0,65.75,
107.75,65.75,
108.5,65.75,
109.25,65.75,
110.0,65.75,
110.75,65.75,
111.5,65.75,
112.25,65.75,
113.0,65.75,
113.75,65.75,
114.5,65.75,
115.25,65.75,
116.0,65.75,
116.75,65.75,
117.5,65.75,
118.25,65.75,
119.0,65.75,
119.75,65.75,
120.5,65.75,
121.25,65.75,
122.0,65.75,
122.75,65.75,
123.5,65.75,
124.25,65.75,
125.0,65.75,
125.75,65.75,
126.5,65.75,
127.25,65.75,
128.0,65.75,
128.75,65.75,
129.5,65.75,-86.52395209580837
130.25,65.75,-86.38201777560468
131.0,65.75,-86.39945131587866
131.75,65.75,-86.64408788938606
132.5,65.75,-86.87504029464908
133.25,65.75,-86.87509540718676
134.0,65.75,-86.95865831440015
134.75,65.75,-87.1789316890443
135.5,65.75,-87.1225915293914
136.25,65.75,-87.07854981121812
137.0,65.75,-87.32396787578871
137.75,65.75,-87.44301561613062
138.5,65.75,-87.85136624847141
139.25,65.75,-87.44320327417579
140.0,65.75,-86.657338865178
140.75,65.75,-86.87721415949224
141.5,65.75,-86.49977550258248
142.25,65.75,-86.06410883352322
143.0,65.75,-85.53013044670736
143.75,65.75,-86.4669329931516
144.5,65.75,-87.6422932178358
145.25,65.75,-87.82446085068798
146.0,65.75,-87.64556376330962
146.75,65.75,-87.67791941056399
147.5,65.75,-87.42340484652958
148.25,65.75,-87.3720446294631
149.0,65.75,-87.1187305731213
149.75,65.75,-85.56824513770195
150.5,65.75,-84.04753240644065
151.25,65.75,-82.37440177285818
152.0,65.75,-80.52544215775823
152.75,65.75,-78.67372121390432
153.5,65.75,-79.574750803515
154.25,65.75,-81.57878559161071
155.0,65.75,-82.33667335408059
155.75,65.75,-82.67128601053331
156.5,65.75,-82.46726370063875
157.25,65.75,-82.90806721151647
158.0,65.75,-83.50891526770639
158.75,65.75,-85.6453390514359
159.5,65.75,-85.75638708775767
160.25,65.75,-86.44177870285164
161.0,65.75,-87.23939807598919
161.75,65.75,-86.96473129906455
162.5,65.75,-86.31435713415382
163.25,65.75,-86.12930938304986
164.0,65.75,-85.72719897343681
164.75,65.75,-85.52924912977912
165.5,65.75,-85.56242763506198
166.25,65.75,-85.55926335767647
167.0,65.75,
167.75,65.75,-84.35768640038167
168.5,65.75,-88.53187396467291
169.25,65.75,-88.91300815093025
170.0,65.75,-86.63094675903542
170.75,65.75,-87.65077950903294
171.5,65.75,-88.92206435953527
172.25,65.75,-90.30518135851942
173.0,65.75,-91.0356702734984
173.75,65.75,-90.3949014653389
174.5,65.75,-89.20755425451144
175.25,65.75,-88.90686108365949
176.0,65.75,-88.19508070479371
176.75,65.75,-92.80754663891632
177.5,65.75,-93.20168772981778
178.25,65.75,-92.42693773824651
179.0,65.75,
179.75,65.75,
180.5,65.75,
181.25,65.75,
182.0,65.75,
182.75,65.75,
183.5,65.75,
184.25,65.75,
185.0,65.75,
185.75,65.75,-88.6408534576692
186.5,65.75,-88.5847372855105
187.25,65.75,-88.66886483007849
188.0,65.75,-88.61228695240956
188.75,65.75,-88.53216526283485
189.5,65.75,-88.12842197428961
190.25,65.75,-88.01489957292011
191.0,65.75,-88.05850210950602
191.75,65.75,-88.28586003508177
192.5,65.75,-88.83096741765912
193.25,65.75,-88.96623025529397
194.0,65.75,-88.59535818787757
194.75,65.75,-87.969138359241
195.5,65.75,-87.5381540423808
196.25,65.75,-87.20258797291301
197.0,65.75,-86.63738800975636
197.75,65.75,-85.91819939301644
198.5,65.75,-86.14882865465952
199.25,65.75,-84.88502222694694
200.0,65.75,-85.29063793968216
200.75,65.75,-85.01588469721639
201.5,65.75,-84.3730976722551
202.25,65.75,-83.77968292603425
203.0,65.75,-83.4457136903013
203.75,65.75,-84.11314340715136
204.5,65.75,-84.3324933033881
205.25,65.75,-84.26332446666655
206.0,65.75,-84.62150465995418
206.75,65.75,-84.8178078959111
207.5,65.75,-84.80900704763722
208.25,65.75,-84.75239705675784
209.0,65.75,-84.69215924011777
209.75,65.75,-84.83156689624988
210.5,65.75,-83.9430063331214
211.25,65.75,-83.3302735479964
212.0,65.75,-83.37557755775578
212.75,65.75,-83.53108808290156
213.5,65.75,-83.55811138014528
214.25,65.75,-83.57860262008735
215.0,65.75,
215.75,65.75,
216.5,65.75,
217.25,65.75,
218.0,65.75,
218.75,65.75,
219.5,65.75,
220.25,65.75,
221.0,65.75,
221.75,65.75,
222.5,65.75,
223.25,65.75,
224.0,65.75,
224.75,65.75,
225.5,65.75,
226.25,65.75,
227.0,65.75,
227.75,65.75,
228.5,65.75,
229.25,65.75,
230.0,65.75,
230.75,65.75,
77.0,66.5,
77.75,66.5,
78.5,66.5,
79.25,66.5,
80.0,66.5,
80.75,66.5,
81.5,66.5,
82.25,66.5,
83.0,66.5,
83.75,66.5,
84.5,66.5,
85.25,66.5,
86.0,66.5,
86.75,66.5,
87.5,66.5,
88.25,66.5,
89.0,66.5,
89.75,66.5,
90.5,66.5,
91.25,66.5,
92.0,66.5,
92.75,66.5,
93.5,66.5,
94.25,66.5,
95.0,66.5,
95.75,66.5,
96.5,66.5,
97.25,66.5,
98.0,66.5,
98.75,66.5,
99.5,66.5,
100.25,66.5,
101.0,66.5,
101.75,66.5,
102.5,66.5,
103.25,66.5,
104.0,66.5,
104.75,66.5,
105.5,66.5,
106.25,66.5,
107.0,66.5,
107.75,66.5,
108.5,66.5,
109.25,66.5,
110.0,66.5,
110.75,66.5,
111.5,66.5,
112.25,66.5,
113.0,66.5,
113.75,66.5,
114.5,66.5,
115.25,66.5,
116.0,66.5,
116.75,66.5,
117.5,66.5,
118.25,66.5,
119.0,66.5,
119.75,66.5,
120.5,66.5,
121.25,66.5,
122.0,66.5,
122.75,66.5,
123.5,66.5,
124.25,66.5,
125.0,66.5,
125.75,66.5,
126.5,66.5,
127.25,66.5,
128.0,66.5,
128.75,66.5,
129.5,66.5,-86.45238095238096
130.25,66.5,-86.32578305719441
131.0,66.5,-86.31668223609812
131.75,66.5,-86.40133613372429
132.5,66.5,-86.67170846630715
133.25,66.5,-86.49207740803152
134.0,66.5,-86.12893043031634
134.75,66.5,-85.55053258371784
135.5,66.5,-85.8354436497197
136.25,66.5,-86.35143736587769
137.0,66.5,-86.29445208065508
137.75,66.5,-86.54628076320476
138.5,66.5,-87.15170097145196
139.25,66.5,-86.77931667249537
140.0,66.5,-86.75474009134714
140.75,66.5,-86.1516577238456
141.5,66.5,-86.30071043606075
142.25,66.5,-86.1048234198387
143.0,66.5,-85.74245919357904
143.75,66.5,-86.55780818655029
144.5,66.5,-88.07956878850102
145.25,66.5,-88.4973938742726
146.0,66.5,-87.96339906902247
146.75,66.5,-87.26053021345739
147.5,66.5,-87.2038745387454
148.25,66.5,-87.49010083483496
149.0,66.5,-88.01515079440586
149.75,66.5,-86.3211207435231
150.5,66.5,-83.77703712932968
151.25,66.5,-82.83668376398269
152.0,66.5,-79.97344975053458
152.75,66.5,-75.38986143601113
153.5,66.5,-76.62339976243896
154.25,66.5,-81.61602753108612
155.0,66.5,-83.44636436276468
155.75,66.5,-84.42063559971663
156.5,66.5,-86.08880903490761
157.25,66.5,-86.9392850899969
158.0,66.5,-84.92461205088775
158.75,66.5,-83.24360377459048
159.5,66.5,-83.40498958530581
160.25,66.5,-85.53324476061708
161.0,66.5,-86.03747528316298
161.75,66.5,-86.23334299610073
162.5,66.5,-86.03316309462745
163.25,66.5,-85.72818266910636
164.0,66.5,-85.93997792718004
164.75,66.5,-85.75741203234502
165.5,66.5,-86.26304503216583
166.25,66.5,-84.03444180522564
167.0,66.5,
167.75,66.5,-90.49167538296147
168.5,66.5,-92.37007424328955
169.25,66.5,-89.93950386528694
170.0,66.5,-90.48874581546954
170.75,66.5,-88.84081478907243
171.5,66.5,-89.78814745060366
172.25,66.5,-90.52226709178673
173.0,66.5,-90.82569049136897
173.75,66.5,-91.19020523812785
174.5,66.5,-90.70463149924282
175.25,66.5,-90.7242255813502
176.0,66.5,-93.34155756965424
176.75,66.5,-93.61873041623736
177.5,66.5,-93.95983606557378
178.25,66.5,-96.1895717451273
179.0,66.5,
179.75,66.5,
180.5,66.5,
181.25,66.5,
182.0,66.5,
182.75,66.5,
183.5,66.5,
184.25,66.5,
185.0,66.5,
185.75,66.5,
186.5,66.5,-88.0
187.25,66.5,-88.65029365774022
188.0,66.5,-87.82693851405588
188.75,66.5,-88.00042578753886
189.5,66.5,-87.9597885450416
190.25,66.5,-87.63706832203495
191.0,66.5,-87.67320402927525
191.75,66.5,-87.69734730075702
192.5,66.5,-87.79015228732156
193.25,66.5,-87.80572732621683
194.0,66.5,-87.6230535227809
194.75,66.5,-86.7554366489714
195.5,66.5,-86.41157919365321
196.25,66.5,-86.14674094036965
197.0,66.5,-85.95666425269391
197.75,66.5,-85.16102489286142
198.5,66.5,-84.975
199.25,66.5,-84.8732426890184
200.0,66.5,-84.38596662211583
200.75,66.5,-84.76832034406794
201.5,66.5,-84.55300418565525
202.25,66.5,-84.37645390410718
203.0,66.5,-84.49529270696809
203.75,66.5,-85.2228441061539
204.5,66.5,-86.43828598043781
205.25,66.5,-86.91757323588652
206.0,66.5,-85.7082109498491
206.75,66.5,-84.96528921426285
207.5,66.5,-83.93683931537947
208.25,66.5,-83.57665553135372
209.0,66.5,-83.33387121067491
209.75,66.5,-82.38416195916805
210.5,66.5,-82.29140642636766
211.25,66.5,-83.2882551294333
212.0,66.5,-83.33333333333334
212.75,66.5,-83.52357563850687
213.5,66.5,
214.25,66.5,
215.0,66.5,
215.75,66.5,
216.5,66.5,
217.25,66.5,
218.0,66.5,
218.75,66.5,
219.5,66.5,
220.25,66.5,
221.0,66.5,
221.75,66.5,
222.5,66.5,
223.25,66.5,
224.0,66.5,
224.75,66.5,
225.5,66.5,
226.25,66.5,
227.0,66.5,
227.75,66.5,
228.5,66.5,
229.25,66.5,
230.0,66.5,
230.75,66.5,
77.0,67.25,
77.75,67.25,
78.5,67.25,
79.25,67.25,
80.0,67.25,
80.75,67.25,
81.5,67.25,
82.25,67.25,
83.0,67.25,
83.75,67.25,
84.5,67.25,
85.25,67.25,
86.0,67.25,
86.75,67.25,
87.5,67.25,
88.25,67.25,
89.0,67.25,
89.75,67.25,
90.5,67.25,
91.25,67.25,
92.0,67.25,
92.75,67.25,
93.5,67.25,
94.25,67.25,
95.0,67.25,
95.75,67.25,
96.5,67.25,
97.25,67.25,
98.0,67.25,
98.75,67.25,
99.5,67.25,
100.25,67.25,
101.0,67.25,
101.75,67.25,
102.5,67.25,
103.25,67.25,
104.0,67.25,
104.75,67.25,
105.5,67.25,
106.25,67.25,
107.0,67.25,
107.75,67.25,
108.5,67.25,
109.25,67.25,
110.0,67.25,
110.75,67.25,
111.5,67.25,
112.25,67.25,
113.0,67.25,
113.75,67.25,
114.5,67.25,
115.25,67.25,
116.0,67.25,
116.75,67.25,
117.5,67.25,
118.25,67.25,
119.0,67.25,
119.75,67.25,
120.5,67.25,
121.25,67.25,
122.0,67.25,
122.75,67.25,
123.5,67.25,
124.25,67.25,
125.0,67.25,
125.75,67.25,
126.5,67.25,
127.25,67.25,
128.0,67.25,
128.75,67.25,
129.5,67.25,-86.3857142857143
130.25,67.25,-86.3507462686567
131.0,67.25,-86.23508611172714
131.75,67.25,-86.30726653102354
132.5,67.25,-86.20611301821056
133.25,67.25,-86.24855820437088
134.0,67.25,-85.76771431145144
134.75,67.25,-85.15627889148311
135.5,67.25,-85.41588363061788
136.25,67.25,-86.08367154778219
137.0,67.25,-86.03572858751485
137.75,67.25,-86.29745657281849
138.5,67.25,-86.70593279587614
139.25,67.25,-86.76327073474602
140.0,67.25,-86.5798799708068
140.75,67.25,-85.85082474706279
141.5,67.25,-86.33161650717365
142.25,67.25,-85.96584125835129
143.0,67.25,-85.59780987843294
143.75,67.25,-86.6836604841702
144.5,67.25,-88.45663079028772
145.25,67.25,-88.7986503343844
146.0,67.25,-87.92793028161627
146.75,67.25,-87.07229123626175
147.5,67.25,-87.11293966412016
148.25,67.25,-87.46214670703692
149.0,67.25,-88.32667652731783
149.75,67.25,-86.96821955893175
150.5,67.25,-83.746892790182
151.25,67.25,-83.03570334768837
152.0,67.25,-80.3138707195075
152.75,67.25,-74.42033221663124
153.5,67.25,-75.97693271989843
154.25,67.25,-81.92508130044696
155.0,67.25,-83.91925933463148
155.75,67.25,-84.82939507892772
156.5,67.25,-87.15989844963117
157.25,67.25,-87.90151515151514
158.0,67.25,-85.10764009955156
158.75,67.25,-82.4775418009742
159.5,67.25,-82.83325836035306
160.25,67.25,-84.33891441857084
161.0,67.25,-86.24073910228087
161.75,67.25,-86.41145072600338
162.5,67.25,-85.68929366347457
163.25,67.25,-86.3050383010525
164.0,67.25,-86.19476876935717
164.75,67.25,-85.78273462702238
165.5,67.25,-84.4294710327456
166.25,67.25,-84.27142857142856
167.0,67.25,
167.75,67.25,-95.09486166007906
168.5,67.25,-95.12339331619536
169.25,67.25,-93.15361657119517
170.0,67.25,-93.44372802659312
170.75,67.25,-93.80697134004647
171.5,67.25,-94.22871883061048
172.25,67.25,-94.62752412618603
173.0,67.25,-94.80796360047187
173.75,67.25,-94.62752412618603
174.5,67.25,-94.50120311764397
175.25,67.25,-94.30286307507376
176.0,67.25,-94.28684022290079
176.75,67.25,-94.45917368018364
177.5,67.25,-95.96357687564303
178.25,67.25,-96.12373504325785
179.0,67.25,-96.80636604774536
179.75,67.25,-96.78756476683938
180.5,67.25,-96.73607748184018
181.25,67.25,
182.0,67.25,
182.75,67.25,
183.5,67.25,-93.56463195691204
184.25,67.25,
185.0,67.25,
185.75,67.25,-88.65665218252781
186.5,67.25,-88.5962310698747
187.25,67.25,-88.2657345020308
188.0,67.25,-87.2065696816891
188.75,67.25,-86.68358994818885
189.5,67.25,-87.1423977156672
190.25,67.25,-87.0639982847957
191.0,67.25,-86.88814912967246
191.75,67.25,-86.58635416927623
192.5,67.25,-86.25459120366598
193.25,67.25,-85.63367839453831
194.0,67.25,-85.58976264335445
194.75,67.25,-85.54213432245187
195.5,67.25,-85.45128799838969
196.25,67.25,-85.36161310634776
197.0,67.25,-85.00368705098654
197.75,67.25,-83.8380548820198
198.5,67.25,-83.65005030504386
199.25,67.25,-84.50749803730187
200.0,67.25,-84.36693810052775
200.75,67.25,-84.36722210801118
201.5,67.25,-84.3208645477612
202.25,67.25,-84.36394654682974
203.0,67.25,-84.64045785382258
203.75,67.25,-85.17639697999483
204.5,67.25,-86.91480147891376
205.25,67.25,-87.48405032147015
206.0,67.25,-85.57756308854552
206.75,67.25,-83.80984349463516
207.5,67.25,-83.14208048597816
208.25,67.25,-82.76538260211257
209.0,67.25,-82.49885643996377
209.75,67.25,-82.0287485089425
210.5,67.25,-81.86315900126371
211.25,67.25,-79.42957746478874
212.0,67.25,
212.75,67.25,
213.5,67.25,
214.25,67.25,
215.0,67.25,
215.75,67.25,
216.5,67.25,
217.25,67.25,
218.0,67.25,
218.75,67.25,
219.5,67.25,
220.25,67.25,
221.0,67.25,
221.75,67.25,
222.5,67.25,
223.25,67.25,
224.0,67.25,
224.75,67.25,
225.5,67.25,
226.25,67.25,
227.0,67.25,
227.75,67.25,
228.5,67.25,
229.25,67.25,
230.0,67.25,
230.75,67.25,
77.0,68.0,
77.75,68.0,
78.5,68.0,
79.25,68.0,
80.0,68.0,
80.75,68.0,
81.5,68.0,
82.25,68.0,
83.0,68.0,
83.75,68.0,
84.5,68.0,
85.25,68.0,
86.0,68.0,
86.75,68.0,
87.5,68.0,
88.25,68.0,
89.0,68.0,
89.75,68.0,
90.5,68.0,
91.25,68.0,
92.0,68.0,
92.75,68.0,
93.5,68.0,
94.25,68.0,
95.0,68.0,
95.75,68.0,
96.5,68.0,
97.25,68.0,
98.0,68.0,
98.75,68.0,
99.5,68.0,
100.25,68.0,
101.0,68.0,
101.75,68.0,
102.5,68.0,
103.25,68.0,
104.0,68.0,
104.75,68.0,
105.5,68.0,
106.25,68.0,
107.0,68.0,
107.75,68.0,
108.5,68.0,
109.25,68.0,
110.0,68.0,
110.75,68.0,
111.5,68.0,
112.25,68.0,
113.0,68.0,
113.75,68.0,
114.5,68.0,
115.25,68.0,
116.0,68.0,
116.75,68.0,
117.5,68.0,
118.25,68.0,
119.0,68.0,
119.75,68.0,
120.5,68.0,
121.25,68.0,
122.0,68.0,
122.75,68.0,
123.5,68.0,
124.25,68.0,
125.0,68.0,
125.75,68.0,
126.5,68.0,
127.25,68.0,
128.0,68.0,
128.75,68.0,
129.5,68.0,
130.25,68.0,-86.28231292517007
131.0,68.0,-86.21428571428572
131.75,68.0,-86.07846127366697
132.5,68.0,-86.14048405430526
133.25,68.0,-85.96773023575811
134.0,68.0,-85.91546586884846
134.75,68.0,-85.67113608018552
135.5,68.0,-85.80668642583312
136.25,68.0,-86.11603120418819
137.0,68.0,-86.24557522123895
137.75,68.0,-86.40272222134666
138.5,68.0,-86.30712368476502
139.25,68.0,-86.03573226698079
140.0,68.0,-86.47718631178707
140.75,68.0,-86.48842071542397
141.5,68.0,-86.43374091286685
142.25,68.0,-86.44457778022225
143.0,68.0,-86.54568788501027
143.75,68.0,-87.35118226058505
144.5,68.0,-88.47085689974475
145.25,68.0,-88.53832743476285
146.0,68.0,-87.70454545454545
146.75,68.0,-86.78957390440448
147.5,68.0,-86.69633730834754
148.25,68.0,-86.6974520711235
149.0,68.0,-86.89285714285711
149.75,68.0,-86.69745207112348
150.5,68.0,-85.47827938671209
151.25,68.0,-84.7872557677448
152.0,68.0,-82.70454545454545
152.75,68.0,-80.59708577105643
153.5,68.0,-80.81260647359456
154.25,68.0,-82.73867587165988
155.0,68.0,-84.03571428571425
155.75,68.0,-84.82469951326117
156.5,68.0,-85.94984621836991
157.25,68.0,-86.08230134779318
158.0,68.0,-85.24999999999999
158.75,68.0,-84.0658863537722
159.5,68.0,-83.86719141596063
160.25,68.0,-84.45994024172171
161.0,68.0,-85.05279354315617
161.75,68.0,-86.59814269634978
162.5,68.0,-86.34051468064112
163.25,68.0,-86.16961289922395
164.0,68.0,-86.1550591327201
164.75,68.0,-84.07218912461508
165.5,68.0,-84.61570247933884
166.25,68.0,
167.0,68.0,
167.75,68.0,
168.5,68.0,-95.47524752475248
169.25,68.0,-95.6295081967213
170.0,68.0,-94.28975265017667
170.75,68.0,-94.93366986027718
171.5,68.0,-95.75271463732446
172.25,68.0,-96.60036279640336
173.0,68.0,-97.003861003861
173.75,68.0,-96.60036279640336
174.5,68.0,-95.9170692431562
175.25,68.0,-95.35888314589751
176.0,68.0,-95.02179176755448
176.75,68.0,-96.16360725237146
177.5,68.0,-96.29854420894883
178.25,68.0,-97.12437580421462
179.0,68.0,-96.94117647058822
179.75,68.0,-96.91103202846973
180.5,68.0,-96.83116883116884
181.25,68.0,-96.72521246458923
182.0,68.0,-94.65714285714287
182.75,68.0,-94.09294117647059
183.5,68.0,-93.34070796460178
184.25,68.0,-89.0
185.0,68.0,-89.0
185.75,68.0,-87.92762014340556
186.5,68.0,-87.8617524271946
187.25,68.0,-87.00544476312471
188.0,68.0,-87.02024070021882
188.75,68.0,-86.39294217995631
189.5,68.0,-86.16650202111835
190.25,68.0,-86.06563696249296
191.0,68.0,-85.66530740276035
191.75,68.0,-84.61163222931367
192.5,68.0,-83.9124360862043
193.25,68.0,-83.73565713810972
194.0,68.0,-83.90439770554492
194.75,68.0,-84.21799972916985
195.5,68.0,-84.25358280109607
196.25,68.0,-83.83891485210938
197.0,68.0,-83.99749332801235
197.75,68.0,-84.06148163992714
198.5,68.0,-82.01797130274187
199.25,68.0,-83.15714854013248
200.0,68.0,-84.43735763097949
200.75,68.0,-84.39842256632681
201.5,68.0,-84.3800639789016
202.25,68.0,-84.00814785165848
203.0,68.0,-84.18796888024451
203.75,68.0,-84.42191566862978
204.5,68.0,-84.6239153353337
205.25,68.0,-84.30920264649882
206.0,68.0,-83.69444444444444
206.75,68.0,-83.06777146264031
207.5,68.0,-82.75447963716796
208.25,68.0,-82.43503222282345
209.0,68.0,-82.1634248665141
209.75,68.0,-81.9978564206794
210.5,68.0,-81.41565118050266
211.25,68.0,-79.28048780487806
212.0,68.0,-79.1
212.75,68.0,
213.5,68.0,
214.25,68.0,
215.0,68.0,
215.75,68.0,
216.5,68.0,
217.25,68.0,
218.0,68.0,
218.75,68.0,
219.5,68.0,
220.25,68.0,
221.0,68.0,
221.75,68.0,
222.5,68.0,
223.25,68.0,
224.0,68.0,
224.75,68.0,
225.5,68.0,
226.25,68.0,
227.0,68.0,
227.75,68.0,
228.5,68.0,
229.25,68.0,
230.0,68.0,
230.75,68.0,
77.0,68.75,
77.75,68.75,
78.5,68.75,
79.25,68.75,
80.0,68.75,
80.75,68.75,
81.5,68.75,
82.25,68.75,
83.0,68.75,
83.75,68.75,
84.5,68.75,
85.25,68.75,
86.0,68.75,
86.75,68.75,
87.5,68.75,
88.25,68.75,
89.0,68.75,
89.75,68.75,
90.5,68.75,
91.25,68.75,
92.0,68.75,
92.75,68.75,
93.5,68.75,
94.25,68.75,
95.0,68.75,
95.75,68.75,
96.5,68.75,
97.25,68.75,
98.0,68.75,
98.75,68.75,
99.5,68.75,
100.25,68.75,
101.0,68.75,
101.75,68.75,
102.5,68.75,
103.25,68.75,
104.0,68.75,
104.75,68.75,
105.5,68.75,
106.25,68.75,
107.0,68.75,
107.75,68.75,
108.5,68.75,
109.25,68.75,
110.0,68.75,
110.75,68.75,
111.5,68.75,
112.25,68.75,
113.0,68.75,
113.75,68.75,
114.5,68.75,
115.25,68.75,
116.0,68.75,
116.75,68.75,
117.5,68.75,
118.25,68.75,
119.0,68.75,
119.75,68.75,
120.5,68.75,
121.25,68.75,
122.0,68.75,
122.75,68.75,
123.5,68.75,
124.25,68.75,
125.0,68.75,
125.75,68.75,
126.5,68.75,
127.25,68.75,
128.0,68.75,
128.75,68.75,
129.5,68.75,
130.25,68.75,
131.0,68.75,-86.16412213740458
131.75,68.75,-86.05334757317793
132.5,68.75,-86.15217332320726
133.25,68.75,-86.02172417265221
134.0,68.75,-85.89676022412142
134.75,68.75,-85.83235387482898
135.5,68.75,-86.10505425826781
136.25,68.75,-86.23869527041356
137.0,68.75,-86.39551754014187
137.75,68.75,-86.22445495485238
138.5,68.75,-86.2931410348269
139.25,68.75,-85.97115034903219
140.0,68.75,-86.45388397292162
140.75,68.75,-86.65685933364477
141.5,68.75,-86.73490122876196
142.25,68.75,-87.0132393301839
143.0,68.75,-87.21484236615213
143.75,68.75,-88.09534258273196
144.5,68.75,-89.40312068437225
145.25,68.75,-89.65486416295505
146.0,68.75,-87.56368538977199
146.75,68.75,-85.38578810779443
147.5,68.75,-85.54750670458621
148.25,68.75,-86.13833190530843
149.0,68.75,-86.06725337432181
149.75,68.75,-86.53372709409311
150.5,68.75,-87.97979168075494
151.25,68.75,-88.20563775598599
152.0,68.75,-84.95275416712663
152.75,68.75,-83.85829377317302
153.5,68.75,-83.65731333203189
154.25,68.75,-83.51218249326197
155.0,68.75,-84.79559768696532
155.75,68.75,-84.87793296340908
156.5,68.75,-85.62303032673469
157.25,68.75,-85.87260517491504
158.0,68.75,-85.26387531743323
158.75,68.75,-84.8523274373717
159.5,68.75,-84.70051045689785
160.25,68.75,-84.81396582646661
161.0,68.75,-85.08217273678862
161.75,68.75,-86.49271598553736
162.5,68.75,-85.46570362539497
163.25,68.75,-84.92221672048036
164.0,68.75,-84.1301196583433
164.75,68.75,
165.5,68.75,
166.25,68.75,
167.0,68.75,
167.75,68.75,
168.5,68.75,-95.76887871853548
169.25,68.75,-95.99408284023669
170.0,68.75,-96.30739299610894
170.75,68.75,-96.7319587628866
171.5,68.75,-96.64450897897511
172.25,68.75,-97.54824416968535
173.0,68.75,-97.95095968408485
173.75,68.75,-97.55625387863374
174.5,68.75,-96.7398688244564
175.25,68.75,-96.67531649367012
176.0,68.75,-96.44148710512819
176.75,68.75,-96.44457548964405
177.5,68.75,-96.59362279511532
178.25,68.75,-97.1976441638597
179.0,68.75,-97.12432432432433
179.75,68.75,-97.0721649484536
180.5,68.75,-96.94117647058823
181.25,68.75,-95.38283321535269
182.0,68.75,-94.68742921857304
182.75,68.75,-93.94421338705057
183.5,68.75,-91.92093478148968
184.25,68.75,-91.23610896460848
185.0,68.75,-88.09700889784843
185.75,68.75,-87.9988766088566
186.5,68.75,-87.88768784148964
187.25,68.75,-86.94159392200197
188.0,68.75,-86.6974643507038
188.75,68.75,-85.79562191892316
189.5,68.75,-85.51401561368704
190.25,68.75,-85.29190604013031
191.0,68.75,-84.53102552236751
191.75,68.75,-83.9267039236583
192.5,68.75,-83.20336264361933
193.25,68.75,-83.07567824143658
194.0,68.75,-83.27574838577537
194.75,68.75,-83.31816143061363
195.5,68.75,-83.30203214626894
196.25,68.75,-83.37072173149613
197.0,68.75,-83.50088178042293
197.75,68.75,-82.97410477756063
198.5,68.75,-82.98450495176273
199.25,68.75,-81.76634503410413
200.0,68.75,-83.62879439422521
200.75,68.75,-83.98744833526787
201.5,68.75,-83.92453229633075
202.25,68.75,-83.95090830622243
203.0,68.75,-83.90163454324053
203.75,68.75,-83.58012672627032
204.5,68.75,-82.46475802766105
205.25,68.75,-82.20779152382195
206.0,68.75,-82.64423175525133
206.75,68.75,-82.88229899120671
207.5,68.75,-82.77198348036504
208.25,68.75,-82.32984207089568
209.0,68.75,-82.16406786422023
209.75,68.75,-82.20166402512012
210.5,68.75,-82.31193276453999
211.25,68.75,-79.04545454545455
212.0,68.75,-78.90816326530613
212.75,68.75,
213.5,68.75,
214.25,68.75,
215.0,68.75,
215.75,68.75,
216.5,68.75,
217.25,68.75,
218.0,68.75,
218.75,68.75,
219.5,68.75,
220.25,68.75,
221.0,68.75,
221.75,68.75,
222.5,68.75,
223.25,68.75,
224.0,68.75,
224.75,68.75,
225.5,68.75,
226.25,68.75,
227.0,68.75,
227.75,68.75,
228.5,68.75,
229.25,68.75,
230.0,68.75,
230.75,68.75,
77.0,69.5,
77.75,69.5,
78.5,69.5,
79.25,69.5,
80.0,69.5,
80.75,69.5,
81.5,69.5,
82.25,69.5,
83.0,69.5,
83.75,69.5,
84.5,69.5,
85.25,69.5,
86.0,69.5,
86.75,69.5,
87.5,69.5,
88.25,69.5,
89.0,69.5,
89.75,69.5,
90.5,69.5,
91.25,69.5,
92.0,69.5,
92.75,69.5,
93.5,69.5,
94.25,69.5,
95.0,69.5,
95.75,69.5,
96.5,69.5,
97.25,69.5,
98.0,69.5,
98.75,69.5,
99.5,69.5,
100.25,69.5,
101.0,69.5,
101.75,69.5,
102.5,69.5,
103.25,69.5,
104.0,69.5,
104.75,69.5,
105.5,69.5,
106.25,69.5,
107.0,69.5,
107.75,69.5,
108.5,69.5,
109.25,69.5,
110.0,69.5,
110.75,69.5,
111.5,69.5,
112.25,69.5,
113.0,69.5,
113.75,69.5,
114.5,69.5,
115.25,69.5,
116.0,69.5,
116.75,69.5,
117.5,69.5,
118.25,69.5,
119.0,69.5,-88.40697674418604
119.75,69.5,-88.4760479041916
120.5,69.5,-88.54761904761905
121.25,69.5,-87.42628722223887
122.0,69.5,-87.5
122.75,69.5,-86.9535550424326
123.5,69.5,-85.48412698412699
124.25,69.5,-85.50798403193612
125.0,69.5,-83.76517150395779
125.75,69.5,-83.04790419161677
126.5,69.5,-82.9047619047619
127.25,69.5,-82.77142857142857
128.0,69.5,
128.75,69.5,
129.5,69.5,
130.25,69.5,
131.0,69.5,
131.75,69.5,-86.04468128451582
132.5,69.5,-85.97087378640778
133.25,69.5,-86.09675890665352
134.0,69.5,-86.02622869270546
134.75,69.5,-85.99792864647591
135.5,69.5,-86.02846441443864
136.25,69.5,-86.09700117258112
137.0,69.5,-86.16941578746156
137.75,69.5,-86.24437611605946
138.5,69.5,-86.28853256156768
139.25,69.5,-86.53741066058002
140.0,69.5,-86.543679805974
140.75,69.5,-86.83154131269137
141.5,69.5,-87.00148522100454
142.25,69.5,-87.15837278665217
143.0,69.5,-87.60084347363606
143.75,69.5,-88.32668175368622
144.5,69.5,-89.26095455708192
145.25,69.5,-89.32060720228449
146.0,69.5,-87.35966349612342
146.75,69.5,-85.5804654551817
147.5,69.5,-85.58327834235187
148.25,69.5,-85.91889093240583
149.0,69.5,-86.03895325609268
149.75,69.5,-86.50868930966246
150.5,69.5,-87.47073921971253
151.25,69.5,-87.94871636199855
152.0,69.5,-85.55877342419082
152.75,69.5,-84.36446362292008
153.5,69.5,-83.76950718685832
154.25,69.5,-83.98599821598344
155.0,69.5,-84.39382740711146
155.75,69.5,-84.2357908751141
156.5,69.5,-85.22670219384857
157.25,69.5,-85.59761774904524
158.0,69.5,-85.10215311247526
158.75,69.5,-84.8534936165228
159.5,69.5,-84.59470436370506
160.25,69.5,-85.48398590698875
161.0,69.5,-85.67201628810759
161.75,69.5,-85.85180023489968
162.5,69.5,-85.59403275256113
163.25,69.5,-84.93954659949623
164.0,69.5,-85.099173553719
164.75,69.5,
165.5,69.5,
166.25,69.5,
167.0,69.5,
167.75,69.5,
168.5,69.5,
169.25,69.5,-96.23393316195373
170.0,69.5,-96.55844155844156
170.75,69.5,-96.95918367346938
171.5,69.5,-97.39999999999999
172.25,69.5,-97.77456647398844
173.0,69.5,-97.92682926829268
173.75,69.5,-97.78032839151922
174.5,69.5,-97.25
175.25,69.5,-96.81040407120891
176.0,69.5,-96.58626347866853
176.75,69.5,-96.60682094910601
177.5,69.5,-97.13141791276293
178.25,69.5,-97.28114187872936
179.0,69.5,-97.01331744236656
179.75,69.5,-96.83231302889644
180.5,69.5,-95.85105300360443
181.25,69.5,-95.11906768120126
182.0,69.5,-94.11284046692606
182.75,69.5,-92.64319380614204
183.5,69.5,-91.99383550954585
184.25,69.5,-89.98005809072781
185.0,69.5,-88.45902789600028
185.75,69.5,-88.36243868797445
186.5,69.5,-87.9656332651343
187.25,69.5,-87.28901813504426
188.0,69.5,-86.31090611850719
188.75,69.5,-85.80274570453064
189.5,69.5,-85.47814184812137
190.25,69.5,-84.45309597874413
191.0,69.5,-83.59196345058797
191.75,69.5,-83.37062719944707
192.5,69.5,-83.18148662198192
193.25,69.5,-83.09554302653049
194.0,69.5,-83.01373719414107
194.75,69.5,-82.83200382907164
195.5,69.5,-82.73425656799947
196.25,69.5,-82.93067918129898
197.0,69.5,-82.17542045668624
197.75,69.5,-82.90023462413097
198.5,69.5,-83.08819289148829
199.25,69.5,-83.07397681251075
200.0,69.5,-83.57650564231557
200.75,69.5,-83.81355295921928
201.5,69.5,-83.9343268730112
202.25,69.5,-83.11753457498703
203.0,69.5,-83.08301114801938
203.75,69.5,-82.90212229360272
204.5,69.5,-82.57653494614524
205.25,69.5,-82.3303134364809
206.0,69.5,-82.22313804358578
206.75,69.5,-82.33328684658973
207.5,69.5,-82.03988749680389
208.25,69.5,-81.53313408921676
209.0,69.5,-81.60940791814964
209.75,69.5,-81.86148864781727
210.5,69.5,-81.4690156715847
211.25,69.5,-80.9673127318302
212.0,69.5,-78.67142857142858
212.75,69.5,-78.6311475409836
213.5,69.5,
214.25,69.5,
215.0,69.5,
215.75,69.5,
216.5,69.5,
217.25,69.5,
218.0,69.5,
218.75,69.5,
219.5,69.5,
220.25,69.5,
221.0,69.5,
221.75,69.5,
222.5,69.5,
223.25,69.5,
224.0,69.5,
224.75,69.5,
225.5,69.5,
226.25,69.5,
227.0,69.5,
227.75,69.5,
228.5,69.5,
229.25,69.5,
230.0,69.5,
230.75,69.5,
77.0,70.25,
77.75,70.25,
78.5,70.25,
79.25,70.25,
80.0,70.25,
80.75,70.25,
81.5,70.25,
82.25,70.25,
83.0,70.25,
83.75,70.25,
84.5,70.25,
85.25,70.25,
86.0,70.25,
86.75,70.25,
87.5,70.25,
88.25,70.25,
89.0,70.25,
89.75,70.25,
90.5,70.25,
91.25,70.25,
92.0,70.25,
92.75,70.25,
93.5,70.25,
94.25,70.25,
95.0,70.25,
95.75,70.25,
96.5,70.25,
97.25,70.25,
98.0,70.25,
98.75,70.25,
99.5,70.25,
100.25,70.25,
101.0,70.25,
101.75,70.25,
102.5,70.25,
103.25,70.25,
104.0,70.25,
104.75,70.25,
105.5,70.25,
106.25,70.25,
107.0,70.25,
107.75,70.25,
108.5,70.25,
109.25,70.25,
110.0,70.25,
110.75,70.25,
111.5,70.25,
112.25,70.25,
113.0,70.25,
113.75,70.25,
114.5,70.25,
115.25,70.25,
116.0,70.25,
116.75,70.25,
117.5,70.25,-88.24842767295598
118.25,70.25,-88.30281690140845
119.0,70.25,-88.37786259541983
119.75,70.25,-87.556872125115
120.5,70.25,-87.52246632821902
121.25,70.25,-87.45676450645774
122.0,70.25,-87.07256235827666
122.75,70.25,-86.93699912589554
123.5,70.25,-85.475783143436
124.25,70.25,-85.19051843620952
125.0,70.25,-83.79686137750654
125.75,70.25,-83.6087710858576
126.5,70.25,-83.41510945148673
127.25,70.25,-82.70149253731341
128.0,70.25,-82.56462585034015
128.75,70.25,
129.5,70.25,
130.25,70.25,-82.5
131.0,70.25,
131.75,70.25,
132.5,70.25,-85.997285536258
133.25,70.25,-85.94484825233558
134.0,70.25,-85.90461695815279
134.75,70.25,-86.10782664877982
135.5,70.25,-86.12389591260099
136.25,70.25,-86.16317142460207
137.0,70.25,-86.21235100299536
137.75,70.25,-86.26353074714716
138.5,70.25,-86.09117465346809
139.25,70.25,-86.59946976820164
140.0,70.25,-86.93573257569115
140.75,70.25,-86.97735405464242
141.5,70.25,-87.18468224176932
142.25,70.25,-87.31342989955026
143.0,70.25,-87.65809917626738
143.75,70.25,-88.11942719775081
144.5,70.25,-88.40631636238545
145.25,70.25,-88.20815711475264
146.0,70.25,-87.17966732423977
146.75,70.25,-85.99829288414347
147.5,70.25,-85.60958846346524
148.25,70.25,-85.28870435383374
149.0,70.25,-85.22034135011553
149.75,70.25,-85.74567031897753
150.5,70.25,-86.37853372987534
151.25,70.25,-86.46865301347762
152.0,70.25,-86.70363564120395
152.75,70.25,-85.78783398053716
153.5,70.25,-84.96334262545385
154.25,70.25,-82.61209027121322
155.0,70.25,-80.96306400263349
155.75,70.25,-82.06962982775686
156.5,70.25,-84.00741740326244
157.25,70.25,-84.62185520502922
158.0,70.25,-84.72039429609444
158.75,70.25,-84.59172739894997
159.5,70.25,-84.4394316725872
160.25,70.25,-84.49873422461062
161.0,70.25,-85.80697307556531
161.75,70.25,-85.91004192963402
162.5,70.25,-85.005112140213
163.25,70.25,-84.80408163265305
164.0,70.25,
164.75,70.25,
165.5,70.25,
166.25,70.25,
167.0,70.25,
167.75,70.25,
168.5,70.25,
169.25,70.25,
170.0,70.25,
170.75,70.25,-96.9872611464968
171.5,70.25,-97.31970260223049
172.25,70.25,-97.57851239669421
173.0,70.25,-97.67811158798283
173.75,70.25,-97.42611351887629
174.5,70.25,-97.09152003561982
175.25,70.25,-96.75468523746525
176.0,70.25,-97.00781318202696
176.75,70.25,-96.960957094591
177.5,70.25,-96.83080895269958
178.25,70.25,-97.29677528349515
179.0,70.25,-97.56880185877701
179.75,70.25,-97.01917452711834
180.5,70.25,-96.0979589642802
181.25,70.25,-95.14120982978045
182.0,70.25,-93.74179451564244
182.75,70.25,-92.40099464021053
183.5,70.25,-91.36924926108618
184.25,70.25,-89.87385243698088
185.0,70.25,-88.55785848416326
185.75,70.25,-88.26026123694396
186.5,70.25,-88.07452866123906
187.25,70.25,-87.54069880138101
188.0,70.25,-87.16136791631895
188.75,70.25,-86.06518966051648
189.5,70.25,-85.08440580248909
190.25,70.25,-84.7208113075571
191.0,70.25,-83.81729054717636
191.75,70.25,-83.62537705422561
192.5,70.25,-83.62561556624831
193.25,70.25,-83.53749263384444
194.0,70.25,-82.915030394172
194.75,70.25,-81.96808258628447
195.5,70.25,-81.67548059423537
196.25,70.25,-81.96166599082686
197.0,70.25,-82.12354737393912
197.75,70.25,-82.15738814218635
198.5,70.25,-82.08641599055115
199.25,70.25,-83.2662236722687
200.0,70.25,-84.11655835802141
200.75,70.25,-83.78158023455994
201.5,70.25,-82.9794892168647
202.25,70.25,-83.01337924092938
203.0,70.25,-83.43153090319936
203.75,70.25,-83.45468143772578
204.5,70.25,-83.63592550659973
205.25,70.25,-83.36020094788495
206.0,70.25,-81.2975821568782
206.75,70.25,-78.52137370003726
207.5,70.25,-78.5567905593525
208.25,70.25,-80.0055968655007
209.0,70.25,-80.98858179637489
209.75,70.25,-81.4820314654641
210.5,70.25,-81.87432939571154
211.25,70.25,-80.99472846974676
212.0,70.25,-81.1528391242383
212.75,70.25,-78.43406593406594
213.5,70.25,
214.25,70.25,
215.0,70.25,
215.75,70.25,
216.5,70.25,
217.25,70.25,
218.0,70.25,
218.75,70.25,
219.5,70.25,
220.25,70.25,
221.0,70.25,
221.75,70.25,
222.5,70.25,
223.25,70.25,
224.0,70.25,
224.75,70.25,
225.5,70.25,
226.25,70.25,
227.0,70.25,
227.75,70.25,
228.5,70.25,
229.25,70.25,
230.0,70.25,
230.75,70.25,
77.0,71.0,
77.75,71.0,
78.5,71.0,
79.25,71.0,
80.0,71.0,
80.75,71.0,
81.5,71.0,
82.25,71.0,
83.0,71.0,
83.75,71.0,
84.5,71.0,
85.25,71.0,
86.0,71.0,
86.75,71.0,
87.5,71.0,
88.25,71.0,
89.0,71.0,
89.75,71.0,
90.5,71.0,
91.25,71.0,
92.0,71.0,
92.75,71.0,
93.5,71.0,
94.25,71.0,
95.0,71.0,
95.75,71.0,
96.5,71.0,
97.25,71.0,
98.0,71.0,
98.75,71.0,
99.5,71.0,
100.25,71.0,
101.0,71.0,
101.75,71.0,
102.5,71.0,
103.25,71.0,
104.0,71.0,
104.75,71.0,
105.5,71.0,
106.25,71.0,
107.0,71.0,
107.75,71.0,
108.5,71.0,
109.25,71.0,
110.0,71.0,
110.75,71.0,
111.5,71.0,
112.25,71.0,
113.0,71.0,
113.75,71.0,
114.5,71.0,
115.25,71.0,
116.0,71.0,
116.75,71.0,-88.14625850340137
117.5,71.0,-88.17741935483872
118.25,71.0,-88.23831775700934
119.0,71.0,-87.60869565217392
119.75,71.0,-87.61642986477008
120.5,71.0,-87.58736124977975
121.25,71.0,-87.24858772961112
122.0,71.0,-87.09523809523807
122.75,71.0,-86.02089047488447
123.5,71.0,-85.52127852721411
124.25,71.0,-85.18444923764866
125.0,71.0,-84.83870967741936
125.75,71.0,-83.59586810175985
126.5,71.0,-83.33325138895717
127.25,71.0,-83.10337306470991
128.0,71.0,-82.42857142857144
128.75,71.0,-82.32824427480915
129.5,71.0,
130.25,71.0,
131.0,71.0,-82.5
131.75,71.0,
132.5,71.0,
133.25,71.0,-85.38804071246818
134.0,71.0,-85.40476190476191
134.75,71.0,-85.43265993265992
135.5,71.0,-85.47101449275362
136.25,71.0,-85.51465201465201
137.0,71.0,-85.55555555555556
137.75,71.0,-85.58722741433021
138.5,71.0,-85.60752688172043
139.25,71.0,-85.58228890274334
140.0,71.0,-87.03012048192771
140.75,71.0,-87.58042191898173
141.5,71.0,-87.63464868772549
142.25,71.0,-87.78642423260601
143.0,71.0,-87.88235294117648
143.75,71.0,-87.76098359214477
144.5,71.0,-87.78781461381335
145.25,71.0,-87.37338737091999
146.0,71.0,-86.57370102806335
146.75,71.0,-85.97216562012613
147.5,71.0,-85.43023280970867
148.25,71.0,-84.92674540291812
149.0,71.0,-84.5000000000015
149.75,71.0,-85.4380067257095
150.5,71.0,-86.11176588094285
151.25,71.0,-86.0713354852871
152.0,71.0,-86.78571428571426
152.75,71.0,-86.85941246045454
153.5,71.0,-86.04244906112665
154.25,71.0,-81.49983492059171
155.0,71.0,-77.5000000000085
155.75,71.0,-80.20496613262128
156.5,71.0,-82.65833431487741
157.25,71.0,-84.12273998499938
158.0,71.0,-84.22747670003452
158.75,71.0,-84.3514095410937
159.5,71.0,-84.35204807368785
160.25,71.0,-84.31865986029905
161.0,71.0,-85.07142857142857
161.75,71.0,-83.88029925187031
162.5,71.0,-83.80799999999999
163.25,71.0,
164.0,71.0,
164.75,71.0,
165.5,71.0,
166.25,71.0,
167.0,71.0,
167.75,71.0,
168.5,71.0,
169.25,71.0,
170.0,71.0,
170.75,71.0,
171.5,71.0,
172.25,71.0,
173.0,71.0,
173.75,71.0,-97.55864177431681
174.5,71.0,-97.3418379783863
175.25,71.0,-96.99531239672399
176.0,71.0,-96.79428251121075
176.75,71.0,-96.36822987374588
177.5,71.0,-96.68186811217657
178.25,71.0,-97.40680915938538
179.0,71.0,-97.99999999999855
179.75,71.0,-97.2306443004657
180.5,71.0,-95.9999134500191
181.25,71.0,-94.94134389778674
182.0,71.0,-93.52530097195572
182.75,71.0,-92.45562697231911
183.5,71.0,-90.9768540313025
184.25,71.0,-89.6388720316247
185.0,71.0,-88.82716049382717
185.75,71.0,-88.43767980071671
186.5,71.0,-88.24044075420768
187.25,71.0,-87.72834728811426
188.0,71.0,-87.20438158624515
188.75,71.0,-86.67116220849688
189.5,71.0,-85.27479627461778
190.25,71.0,-84.96433303860168
191.0,71.0,-84.13333333333334
191.75,71.0,-83.85097452892191
192.5,71.0,-83.88684605992296
193.25,71.0,-83.93608369339019
194.0,71.0,-82.8994252873563
194.75,71.0,-81.13786369009766
195.5,71.0,-81.35011159782272
196.25,71.0,-81.9755377559387
197.0,71.0,-82.17021276595746
197.75,71.0,-82.16215817256504
198.5,71.0,-82.09867702960481
199.25,71.0,-82.06970031107377
200.0,71.0,-83.46296296296296
200.75,71.0,-83.94638379289177
201.5,71.0,-83.47100991185391
202.25,71.0,-83.47146444872152
203.0,71.0,-83.53191489361703
203.75,71.0,-83.79027367366602
204.5,71.0,-84.53058311760284
205.25,71.0,-84.7634528397184
206.0,71.0,-80.7787610619469
206.75,71.0,-74.65402128316806
207.5,71.0,-75.8144636234267
208.25,71.0,-79.25389606094996
209.0,71.0,-80.88679245283018
209.75,71.0,-81.6514990407235
210.5,71.0,-82.06110038720178
211.25,71.0,-81.95327135008829
212.0,71.0,-81.27848101265825
212.75,71.0,
213.5,71.0,
214.25,71.0,
215.0,71.0,
215.75,71.0,
216.5,71.0,
217.25,71.0,
218.0,71.0,
218.75,71.0,
219.5,71.0,
220.25,71.0,
221.0,71.0,
221.75,71.0,
222.5,71.0,
223.25,71.0,
224.0,71.0,
224.75,71.0,
225.5,71.0,
226.25,71.0,
227.0,71.0,
227.75,71.0,
228.5,71.0,
229.25,71.0,
230.0,71.0,
230.75,71.0,
77.0,71.75,
77.75,71.75,
78.5,71.75,
79.25,71.75,
80.0,71.75,
80.75,71.75,
81.5,71.75,
82.25,71.75,
83.0,71.75,
83.75,71.75,
84.5,71.75,
85.25,71.75,
86.0,71.75,
86.75,71.75,
87.5,71.75,
88.25,71.75,
89.0,71.75,
89.75,71.75,
90.5,71.75,
91.25,71.75,
92.0,71.75,
92.75,71.75,
93.5,71.75,
94.25,71.75,
95.0,71.75,
95.75,71.75,
96.5,71.75,
97.25,71.75,
98.0,71.75,
98.75,71.75,
99.5,71.75,
100.25,71.75,
101.0,71.75,
101.75,71.75,
102.5,71.75,
103.25,71.75,
104.0,71.75,
104.75,71.75,
105.5,71.75,
106.25,71.75,
107.0,71.75,
107.75,71.75,
108.5,71.75,
109.25,71.75,
110.0,71.75,
110.75,71.75,
111.5,71.75,
112.25,71.75,
113.0,71.75,
113.75,71.75,
114.5,71.75,-92.67581169523541
115.25,71.75,-92.19404989482484
116.0,71.75,-91.31820516602833
116.75,71.75,-90.67794785068406
117.5,71.75,-90.27879719117222
118.25,71.75,-88.15058739680462
119.0,71.75,-88.11298896106749
119.75,71.75,-88.08415045518434
120.5,71.75,-87.68281667320834
121.25,71.75,-87.47001003283393
122.0,71.75,-87.30527407168701
122.75,71.75,-86.40512103690732
123.5,71.75,-85.67862068663293
124.25,71.75,-85.33919036279416
125.0,71.75,-84.98143658252738
125.75,71.75,-84.15453374607755
126.5,71.75,-83.28293428287897
127.25,71.75,-83.060465538377
128.0,71.75,-82.92599766200256
128.75,71.75,-82.55199444231306
129.5,71.75,-82.57615640009617
130.25,71.75,
131.0,71.75,
131.75,71.75,-82.5
132.5,71.75,
133.25,71.75,
134.0,71.75,-85.42743764172337
134.75,71.75,-85.4502487562189
135.5,71.75,-85.47900262467192
136.25,71.75,-85.51058201058201
137.0,71.75,-85.54071246819338
137.75,71.75,-85.56572769953051
138.5,71.75,-85.58385744234802
139.25,71.75,
140.0,71.75,-87.13736263736263
140.75,71.75,-87.83450704225352
141.5,71.75,-88.2419734999914
142.25,71.75,-87.75950504573224
143.0,71.75,-87.8695833376464
143.75,71.75,-87.24706938287632
144.5,71.75,-87.14430905382355
145.25,71.75,-86.88489222948706
146.0,71.75,-85.89982588012762
146.75,71.75,-85.47749569293917
147.5,71.75,-84.84667595133047
148.25,71.75,-85.13155654053793
149.0,71.75,-84.9974611327468
149.75,71.75,-85.7837966705576
150.5,71.75,-86.51972481026256
151.25,71.75,-86.70379075582265
152.0,71.75,-87.18044104499853
152.75,71.75,-86.69799791859884
153.5,71.75,-85.74516794702326
154.25,71.75,-83.34899439666574
155.0,71.75,-81.3227391750235
155.75,71.75,-82.23753004263337
156.5,71.75,-83.35627078242081
157.25,71.75,-84.00570604993615
158.0,71.75,-84.00940806508693
158.75,71.75,-84.19453206539673
159.5,71.75,-84.26527331822794
160.25,71.75,-84.2826962419501
161.0,71.75,-84.11970074812966
161.75,71.75,-84.0
162.5,71.75,
163.25,71.75,
164.0,71.75,
164.75,71.75,
165.5,71.75,
166.25,71.75,
167.0,71.75,
167.75,71.75,
168.5,71.75,
169.25,71.75,
170.0,71.75,
170.75,71.75,
171.5,71.75,
172.25,71.75,
173.0,71.75,
173.75,71.75,-97.28827787578318
174.5,71.75,-96.98333415440302
175.25,71.75,-96.74336897944518
176.0,71.75,-96.07530288621354
176.75,71.75,-96.00734719258787
177.5,71.75,-96.10091319785319
178.25,71.75,-96.43223715924371
179.0,71.75,-96.766932093911
179.75,71.75,-96.1461080834533
180.5,71.75,-95.33136047175296
181.25,71.75,-94.21450683923347
182.0,71.75,-93.20078749058312
182.75,71.75,-92.09348340337804
183.5,71.75,-90.5500108773202
184.25,71.75,-89.4002192210708
185.0,71.75,-88.91475921910343
185.75,71.75,-88.71565439659791
186.5,71.75,-88.48437983410648
187.25,71.75,-88.05037206601749
188.0,71.75,-87.2161450276007
188.75,71.75,-86.35058703777001
189.5,71.75,-85.70545735324748
190.25,71.75,-85.23143369077975
191.0,71.75,-84.75330657407056
191.75,71.75,-84.12196433777267
192.5,71.75,-83.74858282111646
193.25,71.75,-83.61616632168587
194.0,71.75,-83.27273189932122
194.75,71.75,-82.33037449378561
195.5,71.75,-82.34142571482991
196.25,71.75,-82.46181945234427
197.0,71.75,-82.33616167062156
197.75,71.75,-82.17603993134244
198.5,71.75,-82.06466418794261
199.25,71.75,-82.12731547013577
200.0,71.75,-82.18310415167755
200.75,71.75,-83.63118498284017
201.5,71.75,-83.51702440737961
202.25,71.75,-83.48218978925013
203.0,71.75,-83.5593792560753
203.75,71.75,-83.67479377762209
204.5,71.75,-84.0370674674987
205.25,71.75,-83.78944594949581
206.0,71.75,-81.80113504497784
206.75,71.75,-79.23460957134826
207.5,71.75,-79.4810614504366
208.25,71.75,-80.99304303019349
209.0,71.75,-81.79833940810579
209.75,71.75,-82.45319309336702
210.5,71.75,-82.75238687525197
211.25,71.75,-82.70209715631196
212.0,71.75,-82.4138167574763
212.75,71.75,-80.89743589743591
213.5,71.75,
214.25,71.75,
215.0,71.75,
215.75,71.75,
216.5,71.75,
217.25,71.75,
218.0,71.75,
218.75,71.75,
219.5,71.75,
220.25,71.75,
221.0,71.75,
221.75,71.75,
222.5,71.75,
223.25,71.75,
224.0,71.75,
224.75,71.75,
225.5,71.75,
226.25,71.75,
227.0,71.75,
227.75,71.75,
228.5,71.75,
229.25,71.75,
230.0,71.75,
230.75,71.75,
77.0,72.5,
77.75,72.5,
78.5,72.5,
79.25,72.5,
80.0,72.5,
80.75,72.5,
81.5,72.5,
82.25,72.5,
83.0,72.5,
83.75,72.5,
84.5,72.5,
85.25,72.5,
86.0,72.5,
86.75,72.5,
87.5,72.5,
88.25,72.5,
89.0,72.5,
89.75,72.5,
90.5,72.5,
91.25,72.5,
92.0,72.5,
92.75,72.5,
93.5,72.5,
94.25,72.5,
95.0,72.5,
95.75,72.5,
96.5,72.5,
97.25,72.5,
98.0,72.5,
98.75,72.5,
99.5,72.5,
100.25,72.5,
101.0,72.5,
101.75,72.5,
102.5,72.5,
103.25,72.5,
104.0,72.5,
104.75,72.5,
105.5,72.5,
106.25,72.5,
107.0,72.5,
107.75,72.5,
108.5,72.5,
109.25,72.5,
110.0,72.5,
110.75,72.5,
111.5,72.5,
112.25,72.5,
113.0,72.5,
113.75,72.5,-93.42739161125532
114.5,72.5,-93.01481481481483
115.25,72.5,-92.02119418390194
116.0,72.5,-91.21244726649844
116.75,72.5,-90.62704951323553
117.5,72.5,-89.79638859982894
118.25,72.5,-88.11913580811895
119.0,72.5,-88.09276377833804
119.75,72.5,-88.11405161350496
120.5,72.5,-88.05780758239676
121.25,72.5,-87.59941609068386
122.0,72.5,-87.33220087058072
122.75,72.5,-87.03103545169182
123.5,72.5,-85.70896062693942
124.25,72.5,-85.33858235618818
125.0,72.5,-84.92479348212308
125.75,72.5,-83.97003033582376
126.5,72.5,-83.5180983999495
127.25,72.5,-82.79143882244274
128.0,72.5,-82.66531203800963
128.75,72.5,-82.4246299124617
129.5,72.5,-82.42718446601943
130.25,72.5,-82.52876065183837
131.0,72.5,
131.75,72.5,
132.5,72.5,
133.25,72.5,
134.0,72.5,
134.75,72.5,-85.46190476190476
135.5,72.5,-85.48412698412699
136.25,72.5,-85.50798403193612
137.0,72.5,-85.53100775193799
137.75,72.5,
138.5,72.5,
139.25,72.5,
140.0,72.5,
140.75,72.5,-87.92142857142856
141.5,72.5,-88.0657894736842
142.25,72.5,-87.40560884746259
143.0,72.5,-87.77030628703787
143.75,72.5,-86.31260590457475
144.5,72.5,-85.8738881337884
145.25,72.5,-85.63296090512802
146.0,72.5,-85.54025167684279
146.75,72.5,-85.22523417434573
147.5,72.5,-85.04392935571519
148.25,72.5,-85.10808227211899
149.0,72.5,-85.1479364110365
149.75,72.5,-85.84251357848328
150.5,72.5,-87.72022587268994
151.25,72.5,-88.3185752071135
152.0,72.5,-87.67376490630325
152.75,72.5,-87.70265076361606
153.5,72.5,-86.92043121149896
154.25,72.5,-85.84575380516496
155.0,72.5,-86.11477657623983
155.75,72.5,-85.15777597425358
156.5,72.5,-84.55579613590938
157.25,72.5,-84.46166780143443
158.0,72.5,-84.53825388763315
158.75,72.5,-84.11379239892159
159.5,72.5,-83.67157339395928
160.25,72.5,-83.4103571522458
161.0,72.5,-84.192
161.75,72.5,
162.5,72.5,
163.25,72.5,
164.0,72.5,
164.75,72.5,
165.5,72.5,
166.25,72.5,
167.0,72.5,
167.75,72.5,
168.5,72.5,
169.25,72.5,
170.0,72.5,
170.75,72.5,
171.5,72.5,
172.25,72.5,
173.0,72.5,
173.75,72.5,-96.93755229675972
174.5,72.5,-96.74090739120619
175.25,72.5,-96.51647658849588
176.0,72.5,-95.79060974805925
176.75,72.5,-95.61745099988956
177.5,72.5,-95.38708816376567
178.25,72.5,-94.87066724436743
179.0,72.5,-94.40091294725192
179.75,72.5,-94.6459541145043
180.5,72.5,-94.50670313142405
181.25,72.5,-93.69229309274105
182.0,72.5,-92.84559020070982
182.75,72.5,-91.79869427580172
183.5,72.5,-90.21303829138569
184.25,72.5,-89.12467232515061
185.0,72.5,-88.98677612780119
185.75,72.5,-88.86478226922101
186.5,72.5,-88.7794718213994
187.25,72.5,-88.63178735472209
188.0,72.5,-87.17238027887414
188.75,72.5,-85.52923569801801
189.5,72.5,-85.41196431294799
190.25,72.5,-85.47490467481774
191.0,72.5,-85.65101973853993
191.75,72.5,-84.7600146715585
192.5,72.5,-83.25617283950616
193.25,72.5,-82.98351566211461
194.0,72.5,-83.23637137989779
194.75,72.5,-84.71023170941262
195.5,72.5,-84.38020184400698
196.25,72.5,-83.11807538146823
197.0,72.5,-82.43729638939115
197.75,72.5,-82.12398816599513
198.5,72.5,-81.98402821391056
199.25,72.5,-82.02699065002295
200.0,72.5,-82.23438358095946
200.75,72.5,-83.58273407157273
201.5,72.5,-82.90842200542271
202.25,72.5,-83.37981651712077
203.0,72.5,-83.49695819218894
203.75,72.5,-83.64189301863864
204.5,72.5,-83.75705415736792
205.25,72.5,-83.78295004440393
206.0,72.5,-84.28177418597002
206.75,72.5,-86.12548361574642
207.5,72.5,-85.51030471261882
208.25,72.5,-83.90674765305938
209.0,72.5,-83.36064154584962
209.75,72.5,-83.26454124989088
210.5,72.5,-83.67380369277993
211.25,72.5,-83.14883427098047
212.0,72.5,-83.22542502495017
212.75,72.5,-82.46862150103934
213.5,72.5,
214.25,72.5,
215.0,72.5,
215.75,72.5,
216.5,72.5,
217.25,72.5,
218.0,72.5,
218.75,72.5,
219.5,72.5,
220.25,72.5,
221.0,72.5,
221.75,72.5,
222.5,72.5,
223.25,72.5,
224.0,72.5,
224.75,72.5,
225.5,72.5,
226.25,72.5,
227.0,72.5,
227.75,72.5,
228.5,72.5,
229.25,72.5,
230.0,72.5,
230.75,72.5,
77.0,73.25,
77.75,73.25,
78.5,73.25,
79.25,73.25,
80.0,73.25,
80.75,73.25,
81.5,73.25,
82.25,73.25,
83.0,73.25,
83.75,73.25,
84.5,73.25,
85.25,73.25,
86.0,73.25,
86.75,73.25,
87.5,73.25,
88.25,73.25,
89.0,73.25,
89.75,73.25,
90.5,73.25,
91.25,73.25,
92.0,73.25,
92.75,73.25,
93.5,73.25,
94.25,73.25,
95.0,73.25,
95.75,73.25,
96.5,73.25,
97.25,73.25,
98.0,73.25,
98.75,73.25,
99.5,73.25,
100.25,73.25,
101.0,73.25,
101.75,73.25,
102.5,73.25,
103.25,73.25,
104.0,73.25,
104.75,73.25,
105.5,73.25,
106.25,73.25,
107.0,73.25,
107.75,73.25,
108.5,73.25,
109.25,73.25,
110.0,73.25,
110.75,73.25,
111.5,73.25,
112.25,73.25,
113.0,73.25,-96.24675324675326
113.75,73.25,-94.13165093390974
114.5,73.25,-93.2560335647545
115.25,73.25,-92.6989625059422
116.0,73.25,-91.46253310291358
116.75,73.25,-90.31675987300859
117.5,73.25,-89.60501538453482
118.25,73.25,-89.04919239205594
119.0,73.25,-87.99553504265295
119.75,73.25,-88.13657533548137
120.5,73.25,-88.25113253425938
121.25,73.25,-87.87144477911738
122.0,73.25,-87.37430242361789
122.75,73.25,-86.8341307417349
123.5,73.25,-85.6996225939344
124.25,73.25,-85.36806376967321
125.0,73.25,-84.54827320366955
125.75,73.25,-83.92653740847875
126.5,73.25,-83.12083175374391
127.25,73.25,-82.62997529313445
128.0,73.25,-82.41766043844302
128.75,73.25,-82.18817547157145
129.5,73.25,-82.36921549590794
130.25,73.25,-82.4434951214707
131.0,73.25,-81.55216284987276
131.75,73.25,
132.5,73.25,
133.25,73.25,
134.0,73.25,
134.75,73.25,
135.5,73.25,
136.25,73.25,
137.0,73.25,
137.75,73.25,
138.5,73.25,
139.25,73.25,
140.0,73.25,
140.75,73.25,
141.5,73.25,
142.25,73.25,
143.0,73.25,-86.79128431917454
143.75,73.25,-85.59086121970013
144.5,73.25,-85.42755620588764
145.25,73.25,-85.21769773061338
146.0,73.25,-84.9874820864931
146.75,73.25,-84.75649221704282
147.5,73.25,-84.93917693093044
148.25,73.25,-85.06421251012003
149.0,73.25,-85.03679436988529
149.75,73.25,-85.79188257507657
150.5,73.25,-88.06335999578096
151.25,73.25,-88.65821754045531
152.0,73.25,-87.70995694889064
152.75,73.25,-87.83537198101112
153.5,73.25,-87.29699149447586
154.25,73.25,-86.46262040376163
155.0,73.25,-86.88479123907777
155.75,73.25,-86.08823521803872
156.5,73.25,-85.2266736544087
157.25,73.25,-84.81678326194981
158.0,73.25,-84.49157644181729
158.75,73.25,-84.51384567834238
159.5,73.25,-83.79336252842309
160.25,73.25,-83.79596748760851
161.0,73.25,
161.75,73.25,
162.5,73.25,
163.25,73.25,
164.0,73.25,
164.75,73.25,
165.5,73.25,
166.25,73.25,
167.0,73.25,
167.75,73.25,
168.5,73.25,
169.25,73.25,
170.0,73.25,
170.75,73.25,
171.5,73.25,
172.25,73.25,
173.0,73.25,
173.75,73.25,-96.73510062466576
174.5,73.25,-96.55544794407004
175.25,73.25,-96.35005920141221
176.0,73.25,-95.58067963037819
176.75,73.25,-95.38315369562422
177.5,73.25,-94.99872670753858
178.25,73.25,-94.52073539288112
179.0,73.25,-94.07090458005462
179.75,73.25,-94.24766196844263
180.5,73.25,-93.87892385210955
181.25,73.25,-93.09043240636021
182.0,73.25,-92.48962708749363
182.75,73.25,-91.67051464002135
183.5,73.25,-90.08924645721035
184.25,73.25,-89.12385012128172
185.0,73.25,-88.99984752068372
185.75,73.25,-88.92664085579553
186.5,73.25,-88.89946478748205
187.25,73.25,-88.84684429341065
188.0,73.25,-87.280128990228
188.75,73.25,-85.27676110004126
189.5,73.25,-85.31382631356944
190.25,73.25,-85.52837472611354
191.0,73.25,-85.8956855687227
191.75,73.25,-84.84766782330591
192.5,73.25,-82.8864539163938
193.25,73.25,-82.61215738591078
194.0,73.25,-83.08088641130368
194.75,73.25,-85.30366886335487
195.5,73.25,-84.6857290867608
196.25,73.25,-82.8091634035852
197.0,73.25,-81.61594853314764
197.75,73.25,-81.28542025336355
198.5,73.25,-81.1584389847749
199.25,73.25,-80.94529863589455
200.0,73.25,-82.10811084477923
200.75,73.25,-84.62452171019797
201.5,73.25,-83.39139444270853
202.25,73.25,-83.55402753158178
203.0,73.25,-84.18563378266693
203.75,73.25,-84.2855107525247
204.5,73.25,-84.44814829710654
205.25,73.25,-84.82238690239052
206.0,73.25,-85.83335563271196
206.75,73.25,-87.54975716937035
207.5,73.25,-87.0745305421529
208.25,73.25,-85.55813162772627
209.0,73.25,-84.83291957734713
209.75,73.25,-84.39577675901273
210.5,73.25,-84.28582752197869
211.25,73.25,-84.39648213815111
212.0,73.25,-83.61613025090216
212.75,73.25,-86.37755102040815
213.5,73.25,
214.25,73.25,
215.0,73.25,
215.75,73.25,
216.5,73.25,
217.25,73.25,
218.0,73.25,
218.75,73.25,
219.5,73.25,
220.25,73.25,
221.0,73.25,
221.75,73.25,
222.5,73.25,
223.25,73.25,
224.0,73.25,
224.75,73.25,
225.5,73.25,
226.25,73.25,
227.0,73.25,
227.75,73.25,
228.5,73.25,
229.25,73.25,
230.0,73.25,
230.75,73.25,
77.0,74.0,
77.75,74.0,
78.5,74.0,
79.25,74.0,
80.0,74.0,
80.75,74.0,
81.5,74.0,
82.25,74.0,
83.0,74.0,
83.75,74.0,
84.5,74.0,
85.25,74.0,
86.0,74.0,
86.75,74.0,
87.5,74.0,
88.25,74.0,
89.0,74.0,
89.75,74.0,
90.5,74.0,
91.25,74.0,
92.0,74.0,
92.75,74.0,
93.5,74.0,
94.25,74.0,
95.0,74.0,
95.75,74.0,
96.5,74.0,
97.25,74.0,
98.0,74.0,
98.75,74.0,
99.5,74.0,
100.25,74.0,
101.0,74.0,
101.75,74.0,
102.5,74.0,
103.25,74.0,
104.0,74.0,
104.75,74.0,
105.5,74.0,
106.25,74.0,
107.0,74.0,
107.75,74.0,
108.5,74.0,
109.25,74.0,
110.0,74.0,
110.75,74.0,
111.5,74.0,
112.25,74.0,-96.16860905242106
113.0,74.0,-96.21934127540294
113.75,74.0,-94.40518245969172
114.5,74.0,-93.68087001568482
115.25,74.0,-93.10422725315642
116.0,74.0,-91.79644268774705
116.75,74.0,-90.79355623504591
117.5,74.0,-89.41033564597008
118.25,74.0,-88.51063240374442
119.0,74.0,-87.68674937310281
119.75,74.0,-88.08446848712576
120.5,74.0,-88.67216681362508
121.25,74.0,-88.67654173228277
122.0,74.0,-87.42857142857143
122.75,74.0,-86.15095641695896
123.5,74.0,-85.57614665166075
124.25,74.0,-85.459277794656
125.0,74.0,-85.00513347022587
125.75,74.0,-84.02354823262864
126.5,74.0,-82.34451679121048
127.25,74.0,-81.52629788092118
128.0,74.0,-81.8634496919918
128.75,74.0,-82.35211234487868
129.5,74.0,-82.54840690920912
130.25,74.0,-82.76551485417976
131.0,74.0,-81.61904761904763
131.75,74.0,-81.70975056689343
132.5,74.0,
133.25,74.0,
134.0,74.0,
134.75,74.0,
135.5,74.0,
136.25,74.0,
137.0,74.0,
137.75,74.0,
138.5,74.0,
139.25,74.0,
140.0,74.0,
140.75,74.0,
141.5,74.0,
142.25,74.0,-86.30894839973872
143.0,74.0,-86.21518987341771
143.75,74.0,-85.29879354453776
144.5,74.0,-84.51439795519775
145.25,74.0,-84.25603059755132
146.0,74.0,-84.08079847908746
146.75,74.0,-84.02111467633019
147.5,74.0,-84.06782483596668
148.25,74.0,-84.32988018857891
149.0,74.0,-84.46186440677965
149.75,74.0,-85.21426323833496
150.5,74.0,-86.79045996592846
151.25,74.0,-87.14802958383929
152.0,74.0,-86.77272727272727
152.75,74.0,-86.4754455007051
153.5,74.0,-86.42219330296813
154.25,74.0,-85.68915725482435
155.0,74.0,-85.89476386036961
155.75,74.0,-85.60868285384464
156.5,74.0,-85.08198107628623
157.25,74.0,-85.03658158151852
158.0,74.0,-84.85863742885836
158.75,74.0,-84.51948830437792
159.5,74.0,-83.84948146043472
160.25,74.0,-86.55458089668616
161.0,74.0,
161.75,74.0,
162.5,74.0,
163.25,74.0,
164.0,74.0,
164.75,74.0,
165.5,74.0,
166.25,74.0,
167.0,74.0,
167.75,74.0,
168.5,74.0,
169.25,74.0,
170.0,74.0,
170.75,74.0,
171.5,74.0,
172.25,74.0,
173.0,74.0,
173.75,74.0,-96.2356862745098
174.5,74.0,-96.43140039359514
175.25,74.0,-95.60996731644889
176.0,74.0,-95.4670449246075
176.75,74.0,-95.18958708788297
177.5,74.0,-95.15213434811382
178.25,74.0,-95.11094728707393
179.0,74.0,-95.01442307692307
179.75,74.0,-94.37158972896447
180.5,74.0,-93.02631578947368
181.25,74.0,-92.18805587730496
182.0,74.0,-92.07600382409179
182.75,74.0,-91.11874436954014
183.5,74.0,-90.36034501571972
184.25,74.0,-89.36874869614626
185.0,74.0,-89.05426356589147
185.75,74.0,-89.0152394477177
186.5,74.0,-89.08052940540593
187.25,74.0,-88.81858606742068
188.0,74.0,-87.820796460177
188.75,74.0,-86.46437578149525
189.5,74.0,-85.78817251996034
190.25,74.0,-85.62140517902841
191.0,74.0,-84.96929824561403
191.75,74.0,-84.24393166257842
192.5,74.0,-82.97448570999549
193.25,74.0,-82.58634477694856
194.0,74.0,-81.54545454545455
194.75,74.0,-80.8205078876491
195.5,74.0,-80.66749821810407
196.25,74.0,-80.67032021274336
197.0,74.0,-80.78063350930813
197.75,74.0,-80.88970056832987
198.5,74.0,-81.72272349881567
199.25,74.0,-81.91741792438147
200.0,74.0,-82.59510250569474
200.75,74.0,-82.47574420731546
201.5,74.0,-85.41050066459901
202.25,74.0,-84.39769895043169
203.0,74.0,-84.52061876489356
203.75,74.0,-84.69370991757359
204.5,74.0,-84.95294192076199
205.25,74.0,-85.49802476516375
206.0,74.0,-85.95901639344262
206.75,74.0,-86.32575047665343
207.5,74.0,-86.23979775370717
208.25,74.0,-85.79807156057582
209.0,74.0,-85.37099903006789
209.75,74.0,-85.4821247074078
210.5,74.0,-85.42078093331054
211.25,74.0,-85.41489162752855
212.0,74.0,-85.43052391799543
212.75,74.0,-86.15042868277474
213.5,74.0,
214.25,74.0,
215.0,74.0,
215.75,74.0,
216.5,74.0,
217.25,74.0,
218.0,74.0,
218.75,74.0,
219.5,74.0,
220.25,74.0,
221.0,74.0,
221.75,74.0,
222.5,74.0,
223.25,74.0,
224.0,74.0,
224.75,74.0,
225.5,74.0,
226.25,74.0,
227.0,74.0,
227.75,74.0,
228.5,74.0,
229.25,74.0,
230.0,74.0,
230.75,74.0,
77.0,74.75,
77.75,74.75,
78.5,74.75,
79.25,74.75,
80.0,74.75,
80.75,74.75,
81.5,74.75,
82.25,74.75,
83.0,74.75,
83.75,74.75,
84.5,74.75,
85.25,74.75,
86.0,74.75,
86.75,74.75,
87.5,74.75,
88.25,74.75,
89.0,74.75,
89.75,74.75,
90.5,74.75,
91.25,74.75,
92.0,74.75,
92.75,74.75,
93.5,74.75,
94.25,74.75,
95.0,74.75,
95.75,74.75,
96.5,74.75,
97.25,74.75,
98.0,74.75,
98.75,74.75,
99.5,74.75,
100.25,74.75,
101.0,74.75,
101.75,74.75,
102.5,74.75,
103.25,74.75,
104.0,74.75,
104.75,74.75,
105.5,74.75,
106.25,74.75,
107.0,74.75,
107.75,74.75,
108.5,74.75,
109.25,74.75,
110.0,74.75,
110.75,74.75,
111.5,74.75,-96.23637973002876
112.25,74.75,-96.39248961293318
113.0,74.75,-95.97314423637333
113.75,74.75,-94.69284479039507
114.5,74.75,-94.53246850059959
115.25,74.75,-93.87899122851243
116.0,74.75,-92.73526338228392
116.75,74.75,-91.046118059118
117.5,74.75,-89.40433997872265
118.25,74.75,-88.00387163525998
119.0,74.75,-87.09192376988896
119.75,74.75,-87.89381306404476
120.5,74.75,-89.34768604528603
121.25,74.75,-89.67602097125665
122.0,74.75,-87.47708894878707
122.75,74.75,-85.29379840972949
123.5,74.75,-85.4473453069847
124.25,74.75,-85.60052213057739
125.0,74.75,-85.86958865740455
125.75,74.75,-84.39494870554735
126.5,74.75,-81.14337938089133
127.25,74.75,-80.3255174625499
128.0,74.75,-81.44715875758122
128.75,74.75,-82.34704883001731
129.5,74.75,-82.58348062857881
130.25,74.75,-82.84653226475021
131.0,74.75,-82.4206936216153
131.75,74.75,-81.8009950248756
132.5,74.75,-81.84761904761905
133.25,74.75,
134.0,74.75,
134.75,74.75,
135.5,74.75,
136.25,74.75,
137.0,74.75,
137.75,74.75,
138.5,74.75,
139.25,74.75,
140.0,74.75,
140.75,74.75,
141.5,74.75,-84.53809523809524
142.25,74.75,-84.51877934272301
143.0,74.75,-85.45247176325374
143.75,74.75,-84.328834898683
144.5,74.75,-84.23858426595591
145.25,74.75,-84.11457030154466
146.0,74.75,-83.95626716815558
146.75,74.75,-83.92620243760061
147.5,74.75,-83.7976337773969
148.25,74.75,-83.5179871431681
149.0,74.75,-83.09185718454056
149.75,74.75,-84.09492583226347
150.5,74.75,-86.26266062221451
151.25,74.75,-86.74948889427908
152.0,74.75,-85.49718511977042
152.75,74.75,-84.33276602718234
153.5,74.75,-84.58104542215219
154.25,74.75,-85.43057950677851
155.0,74.75,-85.09585896494656
155.75,74.75,-85.06471048546787
156.5,74.75,-84.86606086645578
157.25,74.75,-84.6404882601127
158.0,74.75,-84.38419486516216
158.75,74.75,-83.54946550431936
159.5,74.75,-83.15672451193059
160.25,74.75,
161.0,74.75,
161.75,74.75,
162.5,74.75,
163.25,74.75,
164.0,74.75,
164.75,74.75,
165.5,74.75,
166.25,74.75,
167.0,74.75,
167.75,74.75,
168.5,74.75,
169.25,74.75,
170.0,74.75,
170.75,74.75,
171.5,74.75,
172.25,74.75,
173.0,74.75,
173.75,74.75,-96.12448258764672
174.5,74.75,-96.35931501717887
175.25,74.75,-95.17294228510302
176.0,74.75,-95.19202399145736
176.75,74.75,-95.24850672965052
177.5,74.75,-95.41857054660508
178.25,74.75,-95.86956173547686
179.0,74.75,-96.37601950473534
179.75,74.75,-94.87339669222058
180.5,74.75,-91.83733107698552
181.25,74.75,-91.1964090273194
182.0,74.75,-91.7330707535704
182.75,74.75,-91.24980421335803
183.5,74.75,-90.67735351657255
184.25,74.75,-89.64846977681925
185.0,74.75,-89.19400810330778
185.75,74.75,-89.24826502209041
186.5,74.75,-89.69906800343318
187.25,74.75,-89.80398901230183
188.0,74.75,-88.67572650068219
188.75,74.75,-87.40345110428967
189.5,74.75,-86.2013396928802
190.25,74.75,-85.19047836629476
191.0,74.75,-83.78200633577534
191.75,74.75,-83.21132781926278
192.5,74.75,-82.91718909224149
193.25,74.75,-82.81737018002455
194.0,74.75,-80.16911358869635
194.75,74.75,-75.9757191176352
195.5,74.75,-76.70012521416164
196.25,74.75,-79.12804490016548
197.0,74.75,-80.83114493728696
197.75,74.75,-81.42126184202719
198.5,74.75,-81.82572436311307
199.25,74.75,-82.06939883221011
200.0,74.75,-82.3701539884001
200.75,74.75,-83.26701712321501
201.5,74.75,-85.45250779442756
202.25,74.75,-85.7084063722712
203.0,74.75,-84.84125743932232
203.75,74.75,-85.0560348840931
204.5,74.75,-85.34741423330814
205.25,74.75,-85.69485185169682
206.0,74.75,-86.03403959966612
206.75,74.75,-86.0250082109241
207.5,74.75,-86.11801962360016
208.25,74.75,-86.12069510256714
209.0,74.75,-85.96748664435299
209.75,74.75,-85.8418596743705
210.5,74.75,-85.7852107074718
211.25,74.75,-85.76503174871135
212.0,74.75,-87.1424633809941
212.75,74.75,-86.63576646775381
213.5,74.75,
214.25,74.75,
215.0,74.75,
215.75,74.75,
216.5,74.75,
217.25,74.75,
218.0,74.75,
218.75,74.75,
219.5,74.75,
220.25,74.75,
221.0,74.75,
221.75,74.75,
222.5,74.75,
223.25,74.75,
224.0,74.75,
224.75,74.75,
225.5,74.75,
226.25,74.75,
227.0,74.75,
227.75,74.75,
228.5,74.75,
229.25,74.75,
230.0,74.75,
230.75,74.75,
77.0,75.5,
77.75,75.5,
78.5,75.5,
79.25,75.5,
80.0,75.5,
80.75,75.5,
81.5,75.5,
82.25,75.5,
83.0,75.5,
83.75,75.5,
84.5,75.5,
85.25,75.5,
86.0,75.5,
86.75,75.5,
87.5,75.5,
88.25,75.5,
89.0,75.5,
89.75,75.5,
90.5,75.5,
91.25,75.5,
92.0,75.5,
92.75,75.5,
93.5,75.5,
94.25,75.5,
95.0,75.5,
95.75,75.5,
96.5,75.5,
97.25,75.5,
98.0,75.5,
98.75,75.5,
99.5,75.5,
100.25,75.5,
101.0,75.5,
101.75,75.5,
102.5,75.5,
103.25,75.5,
104.0,75.5,
104.75,75.5,
105.5,75.5,
106.25,75.5,
107.0,75.5,
107.75,75.5,
108.5,75.5,
109.25,75.5,
110.0,75.5,
110.75,75.5,-97.99382716049382
111.5,75.5,-96.35880449853643
112.25,75.5,-96.00205620321624
113.0,75.5,-96.34677789902935
113.75,75.5,-95.63559165085928
114.5,75.5,-95.8553015741991
115.25,75.5,-95.17765848208602
116.0,75.5,-93.40580864201999
116.75,75.5,-91.65413664145925
117.5,75.5,-90.10498793242154
118.25,75.5,-88.50802977302162
119.0,75.5,-87.47342572872627
119.75,75.5,-88.09552403950558
120.5,75.5,-89.00207595555015
121.25,75.5,-89.19963150968503
122.0,75.5,-87.5376196990424
122.75,75.5,-85.79377897738404
123.5,75.5,-85.77726218097449
124.25,75.5,-85.31439068516636
125.0,75.5,-85.46124650419496
125.75,75.5,-84.20402604622129
126.5,75.5,-81.71787709497207
127.25,75.5,-80.98890261377862
128.0,75.5,-81.98240336729583
128.75,75.5,-82.66300350313041
129.5,75.5,-82.94714299515938
130.25,75.5,-83.18711227076766
131.0,75.5,-82.99651661275351
131.75,75.5,-82.70093037715668
132.5,75.5,-81.93650793650792
133.25,75.5,
134.0,75.5,
134.75,75.5,
135.5,75.5,
136.25,75.5,
137.0,75.5,
137.75,75.5,
138.5,75.5,
139.25,75.5,
140.0,75.5,
140.75,75.5,
141.5,75.5,-84.5701754385965
142.25,75.5,-85.5040664925976
143.0,75.5,-85.05916777322047
143.75,75.5,-84.23067039425531
144.5,75.5,-84.35127831843305
145.25,75.5,-84.21206308228152
146.0,75.5,-84.02357777852104
146.75,75.5,-83.7822749775269
147.5,75.5,-83.5605390185036
148.25,75.5,-82.86315400484527
149.0,75.5,-82.92399675719497
149.75,75.5,-83.52891673885678
150.5,75.5,-85.16529774127311
151.25,75.5,-85.81187535805466
152.0,75.5,-84.7206132879046
152.75,75.5,-84.10446526597633
153.5,75.5,-84.05412054120542
154.25,75.5,-84.31209803639501
155.0,75.5,-84.67042277616244
155.75,75.5,-84.63834438503332
156.5,75.5,-84.60492425034855
157.25,75.5,-84.27289631221753
158.0,75.5,-84.13988355475173
158.75,75.5,-83.28038366746648
159.5,75.5,
160.25,75.5,
161.0,75.5,
161.75,75.5,
162.5,75.5,
163.25,75.5,
164.0,75.5,
164.75,75.5,
165.5,75.5,
166.25,75.5,
167.0,75.5,
167.75,75.5,
168.5,75.5,
169.25,75.5,
170.0,75.5,
170.75,75.5,
171.5,75.5,
172.25,75.5,
173.0,75.5,
173.75,75.5,-95.37170385395537
174.5,75.5,-95.40957446808511
175.25,75.5,-95.1286270584335
176.0,75.5,-95.16460991265942
176.75,75.5,-95.25366002956723
177.5,75.5,-95.4605048859935
178.25,75.5,-95.85704404358404
179.0,75.5,-96.13550925441807
179.75,75.5,-94.73051208304214
180.5,75.5,-92.07260221990325
181.25,75.5,-91.40289117058741
182.0,75.5,-91.77254612495013
182.75,75.5,-91.36076384172394
183.5,75.5,-90.91484435070339
184.25,75.5,-89.86963550303788
185.0,75.5,-89.29798869095916
185.75,75.5,-89.32598659664498
186.5,75.5,-89.67397005596213
187.25,75.5,-89.67227230392221
188.0,75.5,-88.8507402644982
188.75,75.5,-87.45935504761529
189.5,75.5,-86.49458201381206
190.25,75.5,-85.10500621245653
191.0,75.5,-83.36213083380453
191.75,75.5,-82.57875588705434
192.5,75.5,-82.59163591635918
193.25,75.5,-82.36764058156862
194.0,75.5,-80.01362862010222
194.75,75.5,-76.81697343462383
195.5,75.5,-77.21806123795699
196.25,75.5,-79.64461273768673
197.0,75.5,-80.73053752867523
197.75,75.5,-81.37836467128595
198.5,75.5,-81.61363788615243
199.25,75.5,-81.71987730195954
200.0,75.5,-81.85156191651465
200.75,75.5,-83.20716653974826
201.5,75.5,-85.8477815957
202.25,75.5,-85.59097246048127
203.0,75.5,-86.68595571183792
203.75,75.5,-86.78869992303268
204.5,75.5,-86.92533272835915
205.25,75.5,-86.9946759522379
206.0,75.5,-86.8488934143931
206.75,75.5,-86.41421162255241
207.5,75.5,-86.6705331377259
208.25,75.5,-86.94025919589741
209.0,75.5,-86.80048488579527
209.75,75.5,-86.83868978856853
210.5,75.5,-87.07046885279676
211.25,75.5,-87.31337799243342
212.0,75.5,-87.11950606686418
212.75,75.5,-87.11435389359052
213.5,75.5,-87.04545454545453
214.25,75.5,
215.0,75.5,
215.75,75.5,
216.5,75.5,
217.25,75.5,
218.0,75.5,
218.75,75.5,
219.5,75.5,
220.25,75.5,
221.0,75.5,
221.75,75.5,
222.5,75.5,
223.25,75.5,
224.0,75.5,
224.75,75.5,
225.5,75.5,
226.25,75.5,
227.0,75.5,
227.75,75.5,
228.5,75.5,
229.25,75.5,
230.0,75.5,
230.75,75.5,
77.0,76.25,
77.75,76.25,
78.5,76.25,
79.25,76.25,
80.0,76.25,
80.75,76.25,
81.5,76.25,
82.25,76.25,
83.0,76.25,
83.75,76.25,
84.5,76.25,
85.25,76.25,
86.0,76.25,
86.75,76.25,
87.5,76.25,
88.25,76.25,
89.0,76.25,
89.75,76.25,
90.5,76.25,
91.25,76.25,
92.0,76.25,
92.75,76.25,
93.5,76.25,
94.25,76.25,
95.0,76.25,
95.75,76.25,
96.5,76.25,
97.25,76.25,
98.0,76.25,
98.75,76.25,
99.5,76.25,
100.25,76.25,
101.0,76.25,
101.75,76.25,
102.5,76.25,
103.25,76.25,
104.0,76.25,
104.75,76.25,
105.5,76.25,
106.25,76.25,
107.0,76.25,
107.75,76.25,
108.5,76.25,
109.25,76.25,
110.0,76.25,-97.8010752688172
110.75,76.25,-97.8954802259887
111.5,76.25,-96.41618398478583
112.25,76.25,-96.12781814434052
113.0,76.25,-96.63209703968855
113.75,76.25,-96.61675907416559
114.5,76.25,-97.74887397115741
115.25,76.25,-97.4555398282976
116.0,76.25,-94.04798450886332
116.75,76.25,-91.25056105535417
117.5,76.25,-90.31926951863483
118.25,76.25,-89.28103726399301
119.0,76.25,-89.22989861078453
119.75,76.25,-88.72301695799442
120.5,76.25,-88.03150649524916
121.25,76.25,-87.82299979962158
122.0,76.25,-87.88079864905137
122.75,76.25,-87.57829988808905
123.5,76.25,-87.02152150250119
124.25,76.25,-85.26571102457365
125.0,76.25,-84.01828126808216
125.75,76.25,-83.87286826910164
126.5,76.25,-83.37075113341463
127.25,76.25,-83.27090566147896
128.0,76.25,-83.14089364648133
128.75,76.25,-83.22135872751237
129.5,76.25,-83.27384616761965
130.25,76.25,-83.40934114125608
131.0,76.25,-83.25193789181229
131.75,76.25,-83.34200162453543
132.5,76.25,-82.9525172084331
133.25,76.25,
134.0,76.25,
134.75,76.25,
135.5,76.25,
136.25,76.25,
137.0,76.25,
137.75,76.25,
138.5,76.25,
139.25,76.25,
140.0,76.25,
140.75,76.25,
141.5,76.25,-84.19478114284115
142.25,76.25,-85.03726501063149
143.0,76.25,-85.05670662533332
143.75,76.25,-84.38213357306316
144.5,76.25,-84.35453301744337
145.25,76.25,-83.97934347311539
146.0,76.25,-83.84775355681802
146.75,76.25,-83.74305301861894
147.5,76.25,-83.28589570642191
148.25,76.25,-81.80169693181014
149.0,76.25,-81.23823666645558
149.75,76.25,-81.67805827850141
150.5,76.25,-82.03897608047444
151.25,76.25,-82.0344983530161
152.0,76.25,-82.62131107254262
152.75,76.25,-82.85161103162876
153.5,76.25,-83.07505590703006
154.25,76.25,-83.60033494274863
155.0,76.25,-84.07306303983518
155.75,76.25,-84.42294466624327
156.5,76.25,-83.72081722135835
157.25,76.25,-84.10725122027642
158.0,76.25,-85.2024842669395
158.75,76.25,-84.62831800082385
159.5,76.25,
160.25,76.25,
161.0,76.25,
161.75,76.25,
162.5,76.25,
163.25,76.25,
164.0,76.25,
164.75,76.25,
165.5,76.25,
166.25,76.25,
167.0,76.25,
167.75,76.25,
168.5,76.25,
169.25,76.25,
170.0,76.25,
170.75,76.25,
171.5,76.25,
172.25,76.25,
173.0,76.25,
173.75,76.25,
174.5,76.25,-95.46377672209027
175.25,76.25,-94.54953478768923
176.0,76.25,-94.67458205139148
176.75,76.25,-95.17045164558715
177.5,76.25,-95.28329431811419
178.25,76.25,-95.40291520143947
179.0,76.25,-95.26828603805569
179.75,76.25,-94.39157260133403
180.5,76.25,-92.92749005184812
181.25,76.25,-92.21083936650676
182.0,76.25,-91.7320056608791
182.75,76.25,-91.47800234707307
183.5,76.25,-91.08324157867528
184.25,76.25,-90.02401797507899
185.0,76.25,-89.32685426628282
185.75,76.25,-89.36746531951104
186.5,76.25,-89.33030089089394
187.25,76.25,-89.05590687356765
188.0,76.25,-88.56760242842859
188.75,76.25,-87.32280035908656
189.5,76.25,-86.44184518763461
190.25,76.25,-85.04067398754962
191.0,76.25,-83.39651814249407
191.75,76.25,-82.5990865896145
192.5,76.25,-82.81476633428346
193.25,76.25,-82.1224607727546
194.0,76.25,-79.909068464431
194.75,76.25,-78.15064319995787
195.5,76.25,-78.20306478051656
196.25,76.25,-80.41107342289102
197.0,76.25,-82.07048642211977
197.75,76.25,-82.17885299766252
198.5,76.25,-82.12017893944257
199.25,76.25,-81.18120413779951
200.0,76.25,-82.7131234564326
200.75,76.25,-84.5832061019552
201.5,76.25,-84.5639785663734
202.25,76.25,-85.80548839674971
203.0,76.25,-86.50225759158532
203.75,76.25,-86.6270441196088
204.5,76.25,-86.83963715506275
205.25,76.25,-87.14437047857768
206.0,76.25,-87.52725386293517
206.75,76.25,-87.91106206306456
207.5,76.25,-87.85712990428745
208.25,76.25,-86.86637028328931
209.0,76.25,-85.99125593082688
209.75,76.25,-86.30277977129572
210.5,76.25,-86.89184206954337
211.25,76.25,-86.84364860883986
212.0,76.25,-86.97645850640926
212.75,76.25,-87.1880337740348
213.5,76.25,-87.1401028277635
214.25,76.25,-87.22332015810278
215.0,76.25,
215.75,76.25,
216.5,76.25,
217.25,76.25,
218.0,76.25,
218.75,76.25,
219.5,76.25,
220.25,76.25,
221.0,76.25,
221.75,76.25,
222.5,76.25,
223.25,76.25,
224.0,76.25,
224.75,76.25,
225.5,76.25,
226.25,76.25,
227.0,76.25,
227.75,76.25,
228.5,76.25,
229.25,76.25,
230.0,76.25,
230.75,76.25,
77.0,77.0,
77.75,77.0,
78.5,77.0,
79.25,77.0,
80.0,77.0,
80.75,77.0,
81.5,77.0,
82.25,77.0,
83.0,77.0,
83.75,77.0,
84.5,77.0,
85.25,77.0,
86.0,77.0,
86.75,77.0,
87.5,77.0,
88.25,77.0,
89.0,77.0,
89.75,77.0,
90.5,77.0,
91.25,77.0,
92.0,77.0,
92.75,77.0,
93.5,77.0,
94.25,77.0,
95.0,77.0,
95.75,77.0,
96.5,77.0,
97.25,77.0,
98.0,77.0,
98.75,77.0,
99.5,77.0,
100.25,77.0,
101.0,77.0,
101.75,77.0,
102.5,77.0,
103.25,77.0,
104.0,77.0,
104.75,77.0,
105.5,77.0,
106.25,77.0,
107.0,77.0,
107.75,77.0,
108.5,77.0,
109.25,77.0,
110.0,77.0,-97.68518518518518
110.75,77.0,-97.74922118380063
111.5,77.0,-95.75590593868799
112.25,77.0,-96.08621251432773
113.0,77.0,-96.61538461538463
113.75,77.0,-96.98437799795036
114.5,77.0,-98.99925970902362
115.25,77.0,-99.58079941504376
116.0,77.0,-94.31571994715982
116.75,77.0,-90.24289194889948
117.5,77.0,-90.40774396285138
118.25,77.0,-90.08281790963436
119.0,77.0,-89.99999999999875
119.75,77.0,-89.0612556976541
120.5,77.0,-87.49560527367159
121.25,77.0,-87.14648913602635
122.0,77.0,-87.99999999999999
122.75,77.0,-88.8437303416331
123.5,77.0,-88.17329204954055
124.25,77.0,-85.08442705532373
125.0,77.0,-83.000000000003
125.75,77.0,-83.58615273078782
126.5,77.0,-83.91779864163003
127.25,77.0,-83.97401378165009
128.0,77.0,-83.78080082135524
128.75,77.0,-83.59558225144065
129.5,77.0,-83.53896403506644
130.25,77.0,-83.59297108678953
131.0,77.0,-83.71794871794873
131.75,77.0,-83.56495927243431
132.5,77.0,-83.58854622584339
133.25,77.0,
134.0,77.0,
134.75,77.0,
135.5,77.0,
136.25,77.0,
137.0,77.0,
137.75,77.0,
138.5,77.0,
139.25,77.0,
140.0,77.0,
140.75,77.0,-84.21380846325167
141.5,77.0,-84.98954385688306
142.25,77.0,-85.01215172142223
143.0,77.0,-84.10784313725489
143.75,77.0,-83.92979542784221
144.5,77.0,-84.0512188703607
145.25,77.0,-84.2877094624845
146.0,77.0,-84.1165297741273
146.75,77.0,-83.98792647927908
147.5,77.0,-83.68975861413287
148.25,77.0,-81.4287389934627
149.0,77.0,-80.00000000000256
149.75,77.0,-80.72332861353718
150.5,77.0,-80.53306032760685
151.25,77.0,-80.22170746565159
152.0,77.0,-81.8073770491803
152.75,77.0,-82.03647302569398
153.5,77.0,-82.24806032355777
154.25,77.0,-82.82581194313514
155.0,77.0,-83.35416666666664
155.75,77.0,-83.72818529437976
156.5,77.0,-83.98606729587449
157.25,77.0,-84.84009622711461
158.0,77.0,-84.34939759036143
158.75,77.0,-84.61881188118812
159.5,77.0,
160.25,77.0,
161.0,77.0,
161.75,77.0,
162.5,77.0,
163.25,77.0,
164.0,77.0,
164.75,77.0,
165.5,77.0,
166.25,77.0,
167.0,77.0,
167.75,77.0,
168.5,77.0,
169.25,77.0,
170.0,77.0,
170.75,77.0,
171.5,77.0,
172.25,77.0,
173.0,77.0,
173.75,77.0,
174.5,77.0,
175.25,77.0,-95.56168831168831
176.0,77.0,-94.58689558514365
176.75,77.0,-94.68858413504344
177.5,77.0,-94.77943868212324
178.25,77.0,-94.78812213740457
179.0,77.0,-94.57142857142857
179.75,77.0,-94.0187650474437
180.5,77.0,-93.32039530220568
181.25,77.0,-92.56161607826776
182.0,77.0,-92.09501219842778
182.75,77.0,-91.58258860907122
183.5,77.0,-90.94795761034
184.25,77.0,-90.59308951103036
185.0,77.0,-89.31372549019609
185.75,77.0,-89.28057201569158
186.5,77.0,-89.26754710843745
187.25,77.0,-88.54498298596225
188.0,77.0,-88.18817204301075
188.75,77.0,-87.02549560228181
189.5,77.0,-86.28769565297856
190.25,77.0,-84.47911801145393
191.0,77.0,-82.44791666666666
191.75,77.0,-82.22047629402505
192.5,77.0,-83.30754689765644
193.25,77.0,-83.69693477535895
194.0,77.0,-80.08606557377048
194.75,77.0,-77.64632895822147
195.5,77.0,-78.27796644027167
196.25,77.0,-81.3995571016493
197.0,77.0,-82.99999999999831
197.75,77.0,-82.82146866619924
198.5,77.0,-82.07441182127059
199.25,77.0,-84.12144158856204
200.0,77.0,-84.03313692772969
200.75,77.0,-84.64998069342055
201.5,77.0,-84.64120526099629
202.25,77.0,-84.82312627146176
203.0,77.0,-84.18750000000001
203.75,77.0,-84.49188056626794
204.5,77.0,-85.03051912581398
205.25,77.0,-85.97499091120062
206.0,77.0,-88.01147227533461
206.75,77.0,-88.89520048160382
207.5,77.0,-88.52858509452756
208.25,77.0,-86.5584678987124
209.0,77.0,-85.00000000000297
209.75,77.0,-85.88010368306867
210.5,77.0,-86.64397932750217
211.25,77.0,-86.93822282832339
212.0,77.0,-87.03559434688307
212.75,77.0,-86.65613504331188
213.5,77.0,-87.2752808988764
214.25,77.0,-87.33086680761099
215.0,77.0,
215.75,77.0,
216.5,77.0,
217.25,77.0,
218.0,77.0,
218.75,77.0,
219.5,77.0,
220.25,77.0,
221.0,77.0,
221.75,77.0,
222.5,77.0,
223.25,77.0,
224.0,77.0,
224.75,77.0,
225.5,77.0,
226.25,77.0,
227.0,77.0,
227.75,77.0,
228.5,77.0,
229.25,77.0,
230.0,77.0,
230.75,77.0,
77.0,77.75,
77.75,77.75,
78.5,77.75,
79.25,77.75,
80.0,77.75,
80.75,77.75,
81.5,77.75,
82.25,77.75,
83.0,77.75,
83.75,77.75,
84.5,77.75,
85.25,77.75,
86.0,77.75,
86.75,77.75,
87.5,77.75,
88.25,77.75,
89.0,77.75,
89.75,77.75,
90.5,77.75,
91.25,77.75,
92.0,77.75,
92.75,77.75,
93.5,77.75,
94.25,77.75,
95.0,77.75,
95.75,77.75,
96.5,77.75,
97.25,77.75,
98.0,77.75,
98.75,77.75,
99.5,77.75,
100.25,77.75,
101.0,77.75,
101.75,77.75,
102.5,77.75,
103.25,77.75,
104.0,77.75,
104.75,77.75,
105.5,77.75,
106.25,77.75,
107.0,77.75,
107.75,77.75,
108.5,77.75,
109.25,77.75,-97.53663003663003
110.0,77.75,-97.54796163069545
110.75,77.75,-97.56535947712418
111.5,77.75,-95.62364626016185
112.25,77.75,-95.865944293175
113.0,77.75,-96.20709094766586
113.75,77.75,-96.21769664391684
114.5,77.75,-97.10528702797826
115.25,77.75,-96.8639497173357
116.0,77.75,-94.02193450614922
116.75,77.75,-91.6302685229683
117.5,77.75,-91.15542584841005
118.25,77.75,-89.84392860778246
119.0,77.75,-89.61068641091123
119.75,77.75,-88.91814281475578
120.5,77.75,-88.00438078757463
121.25,77.75,-87.83753050281945
122.0,77.75,-88.11920135094866
122.75,77.75,-88.27146528107232
123.5,77.75,-87.65627278200057
124.25,77.75,-85.87239828118706
125.0,77.75,-84.6209453433992
125.75,77.75,-84.6130992345911
126.5,77.75,-84.20672063264159
127.25,77.75,-84.13883759685166
128.0,77.75,-84.09889129914524
128.75,77.75,-83.92565444980623
129.5,77.75,-83.8945985559134
130.25,77.75,-83.88811573194444
131.0,77.75,-84.57846155388991
131.75,77.75,-84.71945339821906
132.5,77.75,-85.72003685601763
133.25,77.75,-86.86938775510204
134.0,77.75,
134.75,77.75,
135.5,77.75,
136.25,77.75,
137.0,77.75,
137.75,77.75,
138.5,77.75,
139.25,77.75,
140.0,77.75,-84.14486921529175
140.75,77.75,-83.34844439242423
141.5,77.75,-84.3247484002457
142.25,77.75,-83.6119117130945
143.0,77.75,-83.86010589412481
143.75,77.75,-84.09741202642402
144.5,77.75,-84.32874968235562
145.25,77.75,-84.4443234919849
146.0,77.75,-84.30449278071194
146.75,77.75,-84.25210513472662
147.5,77.75,-83.91451404766322
148.25,77.75,-81.87837384181549
149.0,77.75,-80.74448090184413
149.75,77.75,-80.63055592856183
150.5,77.75,-81.0684767395102
151.25,77.75,-81.17672785117622
152.0,77.75,-81.95704719711728
152.75,77.75,-82.1545577174822
153.5,77.75,-82.23963272736121
154.25,77.75,-82.76994973899593
155.0,77.75,-83.12102699237846
155.75,77.75,-83.49377737650808
156.5,77.75,-83.74822322598328
157.25,77.75,-84.00942277461643
158.0,77.75,-84.16559329406992
158.75,77.75,
159.5,77.75,
160.25,77.75,
161.0,77.75,
161.75,77.75,
162.5,77.75,
163.25,77.75,
164.0,77.75,
164.75,77.75,
165.5,77.75,
166.25,77.75,
167.0,77.75,
167.75,77.75,
168.5,77.75,
169.25,77.75,
170.0,77.75,
170.75,77.75,
171.5,77.75,
172.25,77.75,
173.0,77.75,
173.75,77.75,
174.5,77.75,
175.25,77.75,
176.0,77.75,-94.47904653314517
176.75,77.75,-94.5241591287317
177.5,77.75,-94.536403064548
178.25,77.75,-94.47043169722058
179.0,77.75,-94.27037432913563
179.75,77.75,-93.92361684558217
180.5,77.75,-93.52177399129042
181.25,77.75,-93.20738507733002
182.0,77.75,-92.22786380855005
182.75,77.75,-91.66290977785353
183.5,77.75,-91.04048408169193
184.25,77.75,-90.72409519009696
185.0,77.75,-89.8125700754415
185.75,77.75,-89.21432475527652
186.5,77.75,-88.95613185775572
187.25,77.75,-88.38051053585653
188.0,77.75,-87.8702425823387
188.75,77.75,-86.73431824513027
189.5,77.75,-86.13247689138034
190.25,77.75,-84.30022635362363
191.0,77.75,-81.36797888831602
191.75,77.75,-81.03424804530952
192.5,77.75,-81.92233345456867
193.25,77.75,-81.59872830071575
194.0,77.75,-79.3520626630111
194.75,77.75,-78.23733432215725
195.5,77.75,-78.97182889302992
196.25,77.75,-81.73977895109807
197.0,77.75,-83.44809795368181
197.75,77.75,-83.80086155040217
198.5,77.75,-83.44737490475704
199.25,77.75,-84.42076031895871
200.0,77.75,-85.04323434712984
200.75,77.75,-84.73815389296239
201.5,77.75,-84.78664344230938
202.25,77.75,-83.11856480457806
203.0,77.75,-84.31942697254298
203.75,77.75,-83.82783964404798
204.5,77.75,-84.1355810955215
205.25,77.75,-84.72721589589166
206.0,77.75,-87.71296665337272
206.75,77.75,-88.64719033421358
207.5,77.75,-88.5450593516646
208.25,77.75,-87.57078356214085
209.0,77.75,-86.66956107946399
209.75,77.75,-86.91298603873358
210.5,77.75,-87.13355167640839
211.25,77.75,-87.15185612533674
212.0,77.75,-87.1200493742812
212.75,77.75,-87.20513197895522
213.5,77.75,-86.17208687061134
214.25,77.75,-87.45633187772926
215.0,77.75,
215.75,77.75,
216.5,77.75,
217.25,77.75,
218.0,77.75,
218.75,77.75,
219.5,77.75,
220.25,77.75,
221.0,77.75,
221.75,77.75,
222.5,77.75,
223.25,77.75,
224.0,77.75,
224.75,77.75,
225.5,77.75,
226.25,77.75,
227.0,77.75,
227.75,77.75,
228.5,77.75,
229.25,77.75,
230.0,77.75,
230.75,77.75,
77.0,78.5,
77.75,78.5,
78.5,78.5,
79.25,78.5,
80.0,78.5,
80.75,78.5,
81.5,78.5,
82.25,78.5,
83.0,78.5,
83.75,78.5,
84.5,78.5,
85.25,78.5,
86.0,78.5,
86.75,78.5,
87.5,78.5,
88.25,78.5,
89.0,78.5,
89.75,78.5,
90.5,78.5,
91.25,78.5,
92.0,78.5,
92.75,78.5,
93.5,78.5,
94.25,78.5,
95.0,78.5,
95.75,78.5,
96.5,78.5,
97.25,78.5,
98.0,78.5,
98.75,78.5,
99.5,78.5,
100.25,78.5,
101.0,78.5,
101.75,78.5,
102.5,78.5,
103.25,78.5,
104.0,78.5,
104.75,78.5,
105.5,78.5,
106.25,78.5,
107.0,78.5,
107.75,78.5,
108.5,78.5,
109.25,78.5,-97.4271402550091
110.0,78.5,-97.4047619047619
110.75,78.5,-97.3705501618123
111.5,78.5,-95.43581811039088
112.25,78.5,-95.56212921548206
113.0,78.5,-95.66730635031404
113.75,78.5,-95.46759807437742
114.5,78.5,-95.17542832039831
115.25,78.5,-94.93007206207068
116.0,78.5,-93.63017447827573
116.75,78.5,-92.228016987238
117.5,78.5,-91.9456136554224
118.25,78.5,-90.67303146960467
119.0,78.5,-89.44944403021366
119.75,78.5,-88.8425921855974
120.5,78.5,-88.213852895826
121.25,78.5,-88.11372598564496
122.0,78.5,-88.33809560288033
122.75,78.5,-88.55718046986573
123.5,78.5,-87.99484063988277
124.25,78.5,-86.47684344909851
125.0,78.5,-86.24780263683579
125.75,78.5,-85.35302195503563
126.5,78.5,-84.81862864818659
127.25,78.5,-84.89970119014414
128.0,78.5,-84.79544611538928
128.75,78.5,-84.53993441950595
129.5,78.5,-84.48247270550031
130.25,78.5,-85.45547836900141
131.0,78.5,-85.64445748411985
131.75,78.5,-85.8130899787748
132.5,78.5,-86.08154159171073
133.25,78.5,-86.9596977329975
134.0,78.5,-87.06611570247934
134.75,78.5,
135.5,78.5,
136.25,78.5,
137.0,78.5,
137.75,78.5,
138.5,78.5,
139.25,78.5,-83.02957486136783
140.0,78.5,-83.10238820487879
140.75,78.5,-83.22331856263791
141.5,78.5,-84.37273889183768
142.25,78.5,-84.49011899701733
143.0,78.5,-83.7874677172815
143.75,78.5,-84.1985712287561
144.5,78.5,-84.76583035473546
145.25,78.5,-84.77946899325097
146.0,78.5,-85.1123429601081
146.75,78.5,-86.68626359589997
147.5,78.5,-85.4887063655031
148.25,78.5,-81.7442165413045
149.0,78.5,-79.89752297243307
149.75,78.5,-80.94283544365847
150.5,78.5,-82.27889245585874
151.25,78.5,-82.7940662035057
152.0,78.5,-82.13831573945917
152.75,78.5,-82.31232312778808
153.5,78.5,-82.32704535056568
154.25,78.5,-82.40808991269937
155.0,78.5,-83.10274582304348
155.75,78.5,-83.3167335172706
156.5,78.5,-83.09315439906642
157.25,78.5,-83.8778188614847
158.0,78.5,
158.75,78.5,
159.5,78.5,
160.25,78.5,
161.0,78.5,
161.75,78.5,
162.5,78.5,
163.25,78.5,
164.0,78.5,
164.75,78.5,
165.5,78.5,
166.25,78.5,
167.0,78.5,
167.75,78.5,
168.5,78.5,
169.25,78.5,
170.0,78.5,
170.75,78.5,
171.5,78.5,
172.25,78.5,
173.0,78.5,
173.75,78.5,
174.5,78.5,
175.25,78.5,
176.0,78.5,
176.75,78.5,-94.38158442133215
177.5,78.5,-94.35549221999692
178.25,78.5,-94.27148335096533
179.0,78.5,-94.11045997997526
179.75,78.5,-93.87931952859711
180.5,78.5,-93.62396694214875
181.25,78.5,-93.40674640717911
182.0,78.5,-93.1123188405797
182.75,78.5,-91.72530608360508
183.5,78.5,-91.42757161458334
184.25,78.5,-90.08978361741062
185.0,78.5,-89.83129324954248
185.75,78.5,-89.78690506810733
186.5,78.5,-89.5572733661279
187.25,78.5,-88.10163201099313
188.0,78.5,-87.66029430260343
188.75,78.5,-86.50600227106688
189.5,78.5,-84.19203898661411
190.25,78.5,-81.2400614683405
191.0,78.5,-80.85548141920941
191.75,78.5,-79.8041299428453
192.5,78.5,-79.76572132487792
193.25,78.5,-79.6938993363642
194.0,78.5,-77.73970036771397
194.75,78.5,-75.7378859576174
195.5,78.5,-77.2858407619978
196.25,78.5,-83.56610283980612
197.0,78.5,-87.89659788036788
197.75,78.5,-86.15349279402305
198.5,78.5,-84.92999465608061
199.25,78.5,-84.12094243109517
200.0,78.5,-84.90428277849979
200.75,78.5,-84.89473751704737
201.5,78.5,-83.88346334919306
202.25,78.5,-82.36217442141324
203.0,78.5,-83.99335177656741
203.75,78.5,-83.50170140834165
204.5,78.5,-83.06203422577975
205.25,78.5,-83.39002169227939
206.0,78.5,-86.05582111216779
206.75,78.5,-89.63475318330285
207.5,78.5,-89.36139630390146
208.25,78.5,-88.5536172753746
209.0,78.5,-89.15199453579255
209.75,78.5,-88.24282800318166
210.5,78.5,-87.32421260066339
211.25,78.5,-86.86099405103882
212.0,78.5,-87.49814778862114
212.75,78.5,-87.4838184441059
213.5,78.5,-86.14204279244105
214.25,78.5,-86.06828540770418
215.0,78.5,
215.75,78.5,
216.5,78.5,
217.25,78.5,
218.0,78.5,
218.75,78.5,
219.5,78.5,
220.25,78.5,
221.0,78.5,
221.75,78.5,
222.5,78.5,
223.25,78.5,
224.0,78.5,
224.75,78.5,
225.5,78.5,
226.25,78.5,
227.0,78.5,
227.75,78.5,
228.5,78.5,
229.25,78.5,
230.0,78.5,
230.75,78.5,
77.0,79.25,
77.75,79.25,
78.5,79.25,
79.25,79.25,
80.0,79.25,
80.75,79.25,
81.5,79.25,
82.25,79.25,
83.0,79.25,
83.75,79.25,
84.5,79.25,
85.25,79.25,
86.0,79.25,
86.75,79.25,
87.5,79.25,
88.25,79.25,
89.0,79.25,
89.75,79.25,
90.5,79.25,
91.25,79.25,
92.0,79.25,
92.75,79.25,
93.5,79.25,
94.25,79.25,
95.0,79.25,
95.75,79.25,
96.5,79.25,
97.25,79.25,
98.0,79.25,
98.75,79.25,
99.5,79.25,
100.25,79.25,
101.0,79.25,
101.75,79.25,
102.5,79.25,
103.25,79.25,
104.0,79.25,
104.75,79.25,
105.5,79.25,
106.25,79.25,
107.0,79.25,
107.75,79.25,
108.5,79.25,
109.25,79.25,
110.0,79.25,-97.2732426303855
110.75,79.25,-97.1969696969697
111.5,79.25,-95.24088614330292
112.25,79.25,-95.28356479775779
113.0,79.25,-95.27360766725778
113.75,79.25,-94.99906536715585
114.5,79.25,-94.95275867037499
115.25,79.25,-94.87270247277885
116.0,79.25,-93.5114085752663
116.75,79.25,-92.1292235322271
117.5,79.25,-92.05387512204656
118.25,79.25,-90.96224485567512
119.0,79.25,-89.5957058511383
119.75,79.25,-88.78628255955914
120.5,79.25,-88.17050412937944
121.25,79.25,-88.0385218394075
122.0,79.25,-88.11567255823128
122.75,79.25,-88.78613084863925
123.5,79.25,-88.21524138361491
124.25,79.25,-86.45103450883443
125.0,79.25,-86.37603531799846
125.75,79.25,-85.35107055934094
126.5,79.25,-84.91505492121618
127.25,79.25,-84.96980301309343
128.0,79.25,-84.86150651112736
128.75,79.25,-85.11677739757391
129.5,79.25,-85.37668996735302
130.25,79.25,-85.58179916883665
131.0,79.25,-85.80809881632369
131.75,79.25,-86.00497276614102
132.5,79.25,-84.84860737811137
133.25,79.25,-84.43546714605775
134.0,79.25,-83.34935918926035
134.75,79.25,
135.5,79.25,
136.25,79.25,
137.0,79.25,
137.75,79.25,
138.5,79.25,
139.25,79.25,-82.83673469387755
140.0,79.25,-82.95332062115641
140.75,79.25,-83.45880745423915
141.5,79.25,-83.35665043910377
142.25,79.25,-83.50739435714938
143.0,79.25,-83.7395736700083
143.75,79.25,-84.10757187231111
144.5,79.25,-84.72287456131201
145.25,79.25,-84.87514909908084
146.0,79.25,-84.86276402739631
146.75,79.25,-87.53087425066703
147.5,79.25,-86.2416626156248
148.25,79.25,-81.52852398719796
149.0,79.25,-79.2976631569681
149.75,79.25,-81.03279952987205
150.5,79.25,-82.80713060646868
151.25,79.25,-83.2817265021086
152.0,79.25,-82.55835516475676
152.75,79.25,-82.37320483643866
153.5,79.25,-82.25961107603631
154.25,79.25,-82.42018434781849
155.0,79.25,-82.80020323498599
155.75,79.25,-82.36222536335357
156.5,79.25,-82.38686614544345
157.25,79.25,
158.0,79.25,
158.75,79.25,
159.5,79.25,
160.25,79.25,
161.0,79.25,
161.75,79.25,
162.5,79.25,
163.25,79.25,
164.0,79.25,
164.75,79.25,
165.5,79.25,
166.25,79.25,
167.0,79.25,
167.75,79.25,
168.5,79.25,
169.25,79.25,
170.0,79.25,
170.75,79.25,
171.5,79.25,
172.25,79.25,
173.0,79.25,
173.75,79.25,
174.5,79.25,
175.25,79.25,
176.0,79.25,
176.75,79.25,
177.5,79.25,-94.2932098765432
178.25,79.25,-94.18502824858757
179.0,79.25,-94.02414330218068
179.75,79.25,-93.8218954248366
180.5,79.25,-93.60760517799353
181.25,79.25,-93.41666666666666
182.0,79.25,-93.2730352303523
182.75,79.25,-93.18192488262912
183.5,79.25,-90.55491990846681
184.25,79.25,-90.47235023041475
185.0,79.25,-90.39309576837417
185.75,79.25,
186.5,79.25,
187.25,79.25,
188.0,79.25,-87.67175572519083
188.75,79.25,-87.13559322033898
189.5,79.25,-81.1758506871833
190.25,79.25,-80.56637606619547
191.0,79.25,-80.42816482020127
191.75,79.25,-80.09723482067945
192.5,79.25,-79.43304839389722
193.25,79.25,-78.79335178318897
194.0,79.25,-76.82020588298671
194.75,79.25,-74.70515484649417
195.5,79.25,-76.46286237063823
196.25,79.25,-84.24255835724541
197.0,79.25,-89.3731367805646
197.75,79.25,-86.47415197535068
198.5,79.25,-84.35224290938474
199.25,79.25,-83.49209044579767
200.0,79.25,-84.51247430288949
200.75,79.25,-85.83362878997086
201.5,79.25,-84.47019260277084
202.25,79.25,-83.02872586975708
203.0,79.25,-83.05228804787386
203.75,79.25,-82.45717252433869
204.5,79.25,-82.59952170046284
205.25,79.25,-82.93091484401022
206.0,79.25,-85.15939057601386
206.75,79.25,-89.92869642052737
207.5,79.25,-89.43440087323874
208.25,79.25,-88.46663600269599
209.0,79.25,-89.72290496517971
209.75,79.25,-88.36857210447566
210.5,79.25,-87.23659488120786
211.25,79.25,-86.79043763160601
212.0,79.25,-86.62425428329189
212.75,79.25,-87.29310397128644
213.5,79.25,-86.77037760758479
214.25,79.25,-85.99858622867252
215.0,79.25,
215.75,79.25,
216.5,79.25,
217.25,79.25,
218.0,79.25,
218.75,79.25,
219.5,79.25,
220.25,79.25,
221.0,79.25,
221.75,79.25,
222.5,79.25,
223.25,79.25,
224.0,79.25,
224.75,79.25,
225.5,79.25,
226.25,79.25,
227.0,79.25,
227.75,79.25,
228.5,79.25,
229.25,79.25,
230.0,79.25,
230.75,79.25,
77.0,80.0,
77.75,80.0,
78.5,80.0,
79.25,80.0,
80.0,80.0,
80.75,80.0,
81.5,80.0,
82.25,80.0,
83.0,80.0,
83.75,80.0,
84.5,80.0,
85.25,80.0,
86.0,80.0,
86.75,80.0,
87.5,80.0,
88.25,80.0,
89.0,80.0,
89.75,80.0,
90.5,80.0,
91.25,80.0,
92.0,80.0,
92.75,80.0,
93.5,80.0,
94.25,80.0,
95.0,80.0,
95.75,80.0,
96.5,80.0,
97.25,80.0,
98.0,80.0,
98.75,80.0,
99.5,80.0,
100.25,80.0,
101.0,80.0,
101.75,80.0,
102.5,80.0,
103.25,80.0,
104.0,80.0,
104.75,80.0,
105.5,80.0,
106.25,80.0,
107.0,80.0,
107.75,80.0,
108.5,80.0,
109.25,80.0,
110.0,80.0,-97.16666666666664
110.75,80.0,-97.06639566395664
111.5,80.0,-95.90140197655711
112.25,80.0,-95.06426857234135
113.0,80.0,-95.02167630057804
113.75,80.0,-94.9330503093649
114.5,80.0,-94.67528252861617
115.25,80.0,-94.29570254031275
116.0,80.0,-93.41809775429327
116.75,80.0,-92.55109382692385
117.5,80.0,-92.19005291326174
118.25,80.0,-90.93560975222202
119.0,80.0,-89.5998888580161
119.75,80.0,-88.9246605558376
120.5,80.0,-88.4506843340076
121.25,80.0,-87.97535867232652
122.0,80.0,-87.82142857142857
122.75,80.0,-87.84302963965197
123.5,80.0,-86.94645756726253
124.25,80.0,-85.19509366673316
125.0,80.0,-84.65983606557376
125.75,80.0,-84.69235635758862
126.5,80.0,-84.76857029684514
127.25,80.0,-84.86072303111189
128.0,80.0,-84.88888888888887
128.75,80.0,-85.17757692412452
129.5,80.0,-85.52518086347726
130.25,80.0,-85.87254110771242
131.0,80.0,-86.02310754035527
131.75,80.0,-86.61781610489773
132.5,80.0,-85.26434773378794
133.25,80.0,-84.91157598736807
134.0,80.0,-84.51773981603154
134.75,80.0,-82.65419278452178
135.5,80.0,-81.26446280991736
136.25,80.0,
137.0,80.0,
137.75,80.0,
138.5,80.0,-81.96694214876034
139.25,80.0,-82.7966370378758
140.0,80.0,-83.29923413566739
140.75,80.0,-83.31516312865604
141.5,80.0,-83.36534559452824
142.25,80.0,-83.24963861758317
143.0,80.0,-83.41222570532913
143.75,80.0,-83.5919857373111
144.5,80.0,-83.70949564383342
145.25,80.0,-83.76707777305397
146.0,80.0,-82.95454545454545
146.75,80.0,-82.36405784302906
147.5,80.0,-82.22146507666099
148.25,80.0,-81.98511390939336
149.0,80.0,-82.02868852459014
149.75,80.0,-82.18732141546114
150.5,80.0,-82.1868882599624
151.25,80.0,-82.68310000037232
152.0,80.0,-82.4593023255814
152.75,80.0,-82.18960043540878
153.5,80.0,-82.34795625397639
154.25,80.0,-82.30236202867987
155.0,80.0,-82.36722182638641
155.75,80.0,-82.37354945881218
156.5,80.0,-82.60714285714285
157.25,80.0,
158.0,80.0,
158.75,80.0,
159.5,80.0,
160.25,80.0,
161.0,80.0,
161.75,80.0,
162.5,80.0,
163.25,80.0,
164.0,80.0,
164.75,80.0,
165.5,80.0,
166.25,80.0,
167.0,80.0,
167.75,80.0,
168.5,80.0,
169.25,80.0,
170.0,80.0,
170.75,80.0,
171.5,80.0,
172.25,80.0,
173.0,80.0,
173.75,80.0,
174.5,80.0,
175.25,80.0,
176.0,80.0,
176.75,80.0,
177.5,80.0,
178.25,80.0,-94.08118279569894
179.0,80.0,-93.95370370370371
179.75,80.0,-93.802757793765
180.5,80.0,-93.64523809523808
181.25,80.0,-93.50056689342404
182.0,80.0,-93.38333333333331
182.75,80.0,
183.5,80.0,
184.25,80.0,-90.47798165137614
185.0,80.0,
185.75,80.0,
186.5,80.0,
187.25,80.0,
188.0,80.0,-87.39999999999999
188.75,80.0,-86.94557823129252
189.5,80.0,-80.64473684210525
190.25,80.0,-80.47878212063111
191.0,80.0,-80.21496223595459
191.75,80.0,-79.76457323086505
192.5,80.0,-79.39034336081276
193.25,80.0,-78.2949853742176
194.0,80.0,-76.89285714285712
194.75,80.0,-76.59977171461578
195.5,80.0,-78.34097127222981
196.25,80.0,-82.75252488331002
197.0,80.0,-85.38524590163932
197.75,80.0,-84.35270432518494
198.5,80.0,-82.03885753813667
199.25,80.0,-81.10380001351552
200.0,80.0,-84.14285714285714
200.75,80.0,-85.9272270010032
201.5,80.0,-86.29124572017827
202.25,80.0,-84.55353217512292
203.0,80.0,-83.34034416826003
203.75,80.0,-81.6240344143424
204.5,80.0,-79.27152936293838
205.25,80.0,-79.65760976956342
206.0,80.0,-82.11363636363636
206.75,80.0,-84.08974500496745
207.5,80.0,-84.77172061328793
208.25,80.0,-86.10727771284724
209.0,80.0,-86.2415254237288
209.75,80.0,-86.30006912197368
210.5,80.0,-86.36546870729707
211.25,80.0,-86.42172074811512
212.0,80.0,-86.45925110132158
212.75,80.0,-86.48134636514871
213.5,80.0,-86.77599009900992
214.25,80.0,-86.25
215.0,80.0,
215.75,80.0,
216.5,80.0,
217.25,80.0,
218.0,80.0,
218.75,80.0,
219.5,80.0,
220.25,80.0,
221.0,80.0,
221.75,80.0,
222.5,80.0,
223.25,80.0,
224.0,80.0,
224.75,80.0,
225.5,80.0,
226.25,80.0,
227.0,80.0,
227.75,80.0,
228.5,80.0,
229.25,80.0,
230.0,80.0,
230.75,80.0,
77.0,80.75,
77.75,80.75,
78.5,80.75,
79.25,80.75,
80.0,80.75,
80.75,80.75,
81.5,80.75,
82.25,80.75,
83.0,80.75,
83.75,80.75,
84.5,80.75,
85.25,80.75,
86.0,80.75,
86.75,80.75,
87.5,80.75,
88.25,80.75,
89.0,80.75,
89.75,80.75,
90.5,80.75,
91.25,80.75,
92.0,80.75,
92.75,80.75,
93.5,80.75,
94.25,80.75,
95.0,80.75,
95.75,80.75,
96.5,80.75,
97.25,80.75,
98.0,80.75,
98.75,80.75,
99.5,80.75,
100.25,80.75,
101.0,80.75,
101.75,80.75,
102.5,80.75,
103.25,80.75,
104.0,80.75,
104.75,80.75,
105.5,80.75,
106.25,80.75,
107.0,80.75,
107.75,80.75,
108.5,80.75,
109.25,80.75,
110.0,80.75,
110.75,80.75,-96.98356807511738
111.5,80.75,-95.74977680666545
112.25,80.75,-95.63628966639546
113.0,80.75,-94.83415620506317
113.75,80.75,-94.73814314052909
114.5,80.75,-94.34588788910482
115.25,80.75,-94.06550699394906
116.0,80.75,-93.28897020036872
116.75,80.75,-92.73226523816842
117.5,80.75,-92.29378999849142
118.25,80.75,-90.84012384219186
119.0,80.75,-89.57766893649533
119.75,80.75,-89.09381315982341
120.5,80.75,-88.71845808694455
121.25,80.75,-87.51256161502172
122.0,80.75,-87.33979604033435
122.75,80.75,-86.90083327239854
123.5,80.75,-85.67248948302489
124.25,80.75,-83.59676441803028
125.0,80.75,-82.24610690150126
125.75,80.75,-83.74417630936239
126.5,80.75,-84.85713931798743
127.25,80.75,-85.00557523284797
128.0,80.75,-85.12798424168102
128.75,80.75,-85.1158913333581
129.5,80.75,-85.2836356370735
130.25,80.75,-85.97055163301079
131.0,80.75,-86.62531274790392
131.75,80.75,-85.78054439299795
132.5,80.75,-85.61543344272026
133.25,80.75,-84.82817462788815
134.0,80.75,-84.28245061350997
134.75,80.75,-83.35026351530706
135.5,80.75,-80.83879093198993
136.25,80.75,-80.47755102040814
137.0,80.75,-78.0
137.75,80.75,-82.06530612244897
138.5,80.75,-82.02015113350127
139.25,80.75,-82.4469374545476
140.0,80.75,-83.17568320508886
140.75,80.75,-83.1414121665791
141.5,80.75,-83.12364903323366
142.25,80.75,-83.16552997069547
143.0,80.75,-82.7293724936096
143.75,80.75,-83.1713274490757
144.5,80.75,-83.07268121266551
145.25,80.75,-83.01014703393359
146.0,80.75,-81.43856937851862
146.75,80.75,-76.806732735022
147.5,80.75,-78.15283145496836
148.25,80.75,-82.7189676677892
149.0,80.75,-84.76988889304518
149.75,80.75,-83.8246533335372
150.5,80.75,-82.82730265123332
151.25,80.75,-82.23818447257351
152.0,80.75,-82.37700126362913
152.75,80.75,-82.20604766475155
153.5,80.75,-82.40632444956238
154.25,80.75,-82.35277610517164
155.0,80.75,-82.08619158559779
155.75,80.75,-82.68650793650794
156.5,80.75,-82.66194968553458
157.25,80.75,
158.0,80.75,
158.75,80.75,
159.5,80.75,
160.25,80.75,
161.0,80.75,
161.75,80.75,
162.5,80.75,
163.25,80.75,
164.0,80.75,
164.75,80.75,
165.5,80.75,
166.25,80.75,
167.0,80.75,
167.75,80.75,
168.5,80.75,
169.25,80.75,
170.0,80.75,
170.75,80.75,
171.5,80.75,
172.25,80.75,
173.0,80.75,
173.75,80.75,
174.5,80.75,
175.25,80.75,
176.0,80.75,
176.75,80.75,
177.5,80.75,
178.25,80.75,
179.0,80.75,
179.75,80.75,-93.79029304029304
180.5,80.75,-93.66985428051002
181.25,80.75,
182.0,80.75,
182.75,80.75,
183.5,80.75,
184.25,80.75,
185.0,80.75,
185.75,80.75,
186.5,80.75,
187.25,80.75,
188.0,80.75,
188.75,80.75,
189.5,80.75,-80.8437228953841
190.25,80.75,-80.67618762073094
191.0,80.75,-81.17028123408812
191.75,80.75,-80.37784749437883
192.5,80.75,-79.80284170140048
193.25,80.75,-78.77616233982663
194.0,80.75,-77.72404020609281
194.75,80.75,-74.18972215906355
195.5,80.75,-76.4870229649746
196.25,80.75,-83.92462872571203
197.0,80.75,-86.61417908962964
197.75,80.75,-84.07578302349799
198.5,80.75,-78.77698865085601
199.25,80.75,-77.135004692318
200.0,80.75,-83.20432917102153
200.75,80.75,-89.00098624321414
201.5,80.75,-88.10870289027966
202.25,80.75,-84.67472928975182
203.0,80.75,-84.76719318091376
203.75,80.75,-81.44890607039584
204.5,80.75,-74.5975776961705
205.25,80.75,-72.99462894953886
206.0,80.75,-78.6764763584518
206.75,80.75,-80.25702553796043
207.5,80.75,-81.23117179947491
208.25,80.75,-83.74404408800494
209.0,80.75,-82.76869624986819
209.75,80.75,-84.15981614631885
210.5,80.75,-85.54866937613441
211.25,80.75,-86.1011031862435
212.0,80.75,-85.574140454871
212.75,80.75,-85.58637277429128
213.5,80.75,-86.7971005956681
214.25,80.75,-87.271520899352
215.0,80.75,
215.75,80.75,
216.5,80.75,
217.25,80.75,
218.0,80.75,
218.75,80.75,
219.5,80.75,
220.25,80.75,
221.0,80.75,
221.75,80.75,
222.5,80.75,
223.25,80.75,
224.0,80.75,
224.75,80.75,
225.5,80.75,
226.25,80.75,
227.0,80.75,
227.75,80.75,
228.5,80.75,
229.25,80.75,
230.0,80.75,
230.75,80.75,
77.0,81.5,
77.75,81.5,
78.5,81.5,
79.25,81.5,
80.0,81.5,
80.75,81.5,
81.5,81.5,
82.25,81.5,
83.0,81.5,
83.75,81.5,
84.5,81.5,
85.25,81.5,
86.0,81.5,
86.75,81.5,
87.5,81.5,
88.25,81.5,
89.0,81.5,
89.75,81.5,
90.5,81.5,
91.25,81.5,
92.0,81.5,
92.75,81.5,
93.5,81.5,
94.25,81.5,
95.0,81.5,
95.75,81.5,
96.5,81.5,
97.25,81.5,
98.0,81.5,
98.75,81.5,
99.5,81.5,
100.25,81.5,
101.0,81.5,
101.75,81.5,
102.5,81.5,
103.25,81.5,
104.0,81.5,
104.75,81.5,
105.5,81.5,
106.25,81.5,
107.0,81.5,
107.75,81.5,
108.5,81.5,
109.25,81.5,
110.0,81.5,
110.75,81.5,
111.5,81.5,-96.81372549019606
112.25,81.5,-95.52882421288153
113.0,81.5,-95.38833876622179
113.75,81.5,-94.58053861499926
114.5,81.5,-94.42322584067043
115.25,81.5,-93.8730922176988
116.0,81.5,-93.14582056102344
116.75,81.5,-92.73721154893326
117.5,81.5,-92.33237927456993
118.25,81.5,-90.77166041781231
119.0,81.5,-90.47859744415828
119.75,81.5,-89.20913951025636
120.5,81.5,-88.1015145828135
121.25,81.5,-87.17821199466664
122.0,81.5,-86.87967390758115
122.75,81.5,-85.96269917448996
123.5,81.5,-84.96644625578752
124.25,81.5,-83.47538442561306
125.0,81.5,-82.67393930607905
125.75,81.5,-83.7780028740586
126.5,81.5,-84.94893378226712
127.25,81.5,-85.15139817296948
128.0,81.5,-85.36826040356028
128.75,81.5,-85.4095423135712
129.5,81.5,-85.64706359726242
130.25,81.5,-86.6479521161841
131.0,81.5,-86.7127031181724
131.75,81.5,-86.45326940261874
132.5,81.5,-85.70621557126609
133.25,81.5,-84.86209298604845
134.0,81.5,-84.25080260126707
134.75,81.5,-83.31796311603081
135.5,81.5,-82.0570178718313
136.25,81.5,-81.04757734342866
137.0,81.5,-77.322
137.75,81.5,-77.68111488298345
138.5,81.5,-80.11858315262096
139.25,81.5,-81.06133447403863
140.0,81.5,-83.06206474011897
140.75,81.5,-82.96513231435614
141.5,81.5,-82.8346293678045
142.25,81.5,-82.72590041760358
143.0,81.5,-82.41276602809523
143.75,81.5,-82.91300296292579
144.5,81.5,-83.0860828824073
145.25,81.5,-82.91877707250782
146.0,81.5,-81.74787052810903
146.75,81.5,-78.32573778935176
147.5,81.5,-79.34118967452302
148.25,81.5,-82.6796670346719
149.0,81.5,-84.40212138784186
149.75,81.5,-83.93054677392803
150.5,81.5,-83.35508765148342
151.25,81.5,-82.47719848834315
152.0,81.5,-81.9617280397678
152.75,81.5,-81.83385026607061
153.5,81.5,-82.30692565109852
154.25,81.5,-82.21371985894505
155.0,81.5,-82.78225806451611
155.75,81.5,-82.7367549668874
156.5,81.5,
157.25,81.5,
158.0,81.5,
158.75,81.5,
159.5,81.5,
160.25,81.5,
161.0,81.5,
161.75,81.5,
162.5,81.5,
163.25,81.5,
164.0,81.5,
164.75,81.5,
165.5,81.5,
166.25,81.5,
167.0,81.5,
167.75,81.5,
168.5,81.5,
169.25,81.5,
170.0,81.5,
170.75,81.5,
171.5,81.5,
172.25,81.5,
173.0,81.5,
173.75,81.5,
174.5,81.5,
175.25,81.5,
176.0,81.5,
176.75,81.5,
177.5,81.5,
178.25,81.5,
179.0,81.5,
179.75,81.5,
180.5,81.5,
181.25,81.5,
182.0,81.5,
182.75,81.5,
183.5,81.5,
184.25,81.5,
185.0,81.5,
185.75,81.5,
186.5,81.5,
187.25,81.5,
188.0,81.5,
188.75,81.5,
189.5,81.5,-83.11229946524065
190.25,81.5,-82.55352041488942
191.0,81.5,-82.37997769167882
191.75,81.5,-82.6082291286452
192.5,81.5,-82.19370019284929
193.25,81.5,-81.82463787758039
194.0,81.5,-79.97322904679272
194.75,81.5,-76.59950398688866
195.5,81.5,-78.8624984735621
196.25,81.5,-84.50932407360916
197.0,81.5,-85.98501797842587
197.75,81.5,-83.70751020636806
198.5,81.5,-79.58841128342898
199.25,81.5,-78.53048346091651
200.0,81.5,-83.14021887824896
200.75,81.5,-87.56853032574203
201.5,81.5,-86.9493527903285
202.25,81.5,-84.02257039662831
203.0,81.5,-83.87621179696052
203.75,81.5,-80.9997002166642
204.5,81.5,-75.09007522766267
205.25,81.5,-73.84273476489771
206.0,81.5,-78.51402722859002
206.75,81.5,-80.52333378184844
207.5,81.5,-81.4435318275154
208.25,81.5,-83.84850166253234
209.0,81.5,-83.45234080241785
209.75,81.5,-84.23318800145226
210.5,81.5,-85.02451903166295
211.25,81.5,-85.29242290530628
212.0,81.5,-85.35371906697355
212.75,81.5,-85.5472188470382
213.5,81.5,-86.40611988793339
214.25,81.5,-87.27813623751348
215.0,81.5,
215.75,81.5,
216.5,81.5,
217.25,81.5,
218.0,81.5,
218.75,81.5,
219.5,81.5,
220.25,81.5,
221.0,81.5,
221.75,81.5,
222.5,81.5,
223.25,81.5,
224.0,81.5,
224.75,81.5,
225.5,81.5,
226.25,81.5,
227.0,81.5,
227.75,81.5,
228.5,81.5,
229.25,81.5,
230.0,81.5,
230.75,81.5,
77.0,82.25,
77.75,82.25,
78.5,82.25,
79.25,82.25,
80.0,82.25,
80.75,82.25,
81.5,82.25,
82.25,82.25,
83.0,82.25,
83.75,82.25,
84.5,82.25,
85.25,82.25,
86.0,82.25,
86.75,82.25,
87.5,82.25,
88.25,82.25,
89.0,82.25,
89.75,82.25,
90.5,82.25,
91.25,82.25,
92.0,82.25,
92.75,82.25,
93.5,82.25,
94.25,82.25,
95.0,82.25,
95.75,82.25,
96.5,82.25,
97.25,82.25,
98.0,82.25,
98.75,82.25,
99.5,82.25,
100.25,82.25,
101.0,82.25,
101.75,82.25,
102.5,82.25,
103.25,82.25,
104.0,82.25,
104.75,82.25,
105.5,82.25,
106.25,82.25,
107.0,82.25,
107.75,82.25,
108.5,82.25,
109.25,82.25,
110.0,82.25,
110.75,82.25,
111.5,82.25,
112.25,82.25,-95.45490936310085
113.0,82.25,-95.32952714373485
113.75,82.25,-95.18070459736381
114.5,82.25,-94.32624808026895
115.25,82.25,-94.14346913495287
116.0,82.25,-93.31696111470286
116.75,82.25,-92.68875316444843
117.5,82.25,-92.34149891985425
118.25,82.25,-90.91594283690823
119.0,82.25,-90.53666987082835
119.75,82.25,-88.34160311751694
120.5,82.25,-87.97069294231736
121.25,82.25,-87.21929640188512
122.0,82.25,-86.20419570452793
122.75,82.25,-85.71279993450715
123.5,82.25,-85.05393391504391
124.25,82.25,-84.24700132574576
125.0,82.25,-84.16209161168244
125.75,82.25,-84.89761137334939
126.5,82.25,-85.81599494081922
127.25,82.25,-86.11731319101457
128.0,82.25,-86.45875659491753
128.75,82.25,-86.60996447369607
129.5,82.25,-86.79521040611743
130.25,82.25,-87.68452682680272
131.0,82.25,-87.88798119761695
131.75,82.25,-87.1503486975346
132.5,82.25,-85.63514798394857
133.25,82.25,-84.28292073009489
134.0,82.25,-83.21613539322762
134.75,82.25,-82.907292306456
135.5,82.25,-81.21396811284372
136.25,82.25,-80.25806356414401
137.0,82.25,-77.2948877805486
137.75,82.25,-78.91853469609813
138.5,82.25,-80.59975439067479
139.25,82.25,-81.27541519685396
140.0,82.25,-81.59298011712973
140.75,82.25,-82.71157564730167
141.5,82.25,-82.65082083272479
142.25,82.25,-82.1912751494963
143.0,82.25,-81.96353224023923
143.75,82.25,-83.14682863257269
144.5,82.25,-84.11993116002535
145.25,82.25,-84.34062705415666
146.0,82.25,-83.52533028707659
146.75,82.25,-83.41762573321026
147.5,82.25,-83.18603447903925
148.25,82.25,-82.87633928404594
149.0,82.25,-83.42284867224626
149.75,82.25,-83.14560210927256
150.5,82.25,-82.88096424176571
151.25,82.25,-82.6738504927635
152.0,82.25,-82.29689906632058
152.75,82.25,-82.84570161761265
153.5,82.25,-82.34549530712579
154.25,82.25,-83.49999999999999
155.0,82.25,-82.81451612903226
155.75,82.25,-82.77197802197801
156.5,82.25,
157.25,82.25,
158.0,82.25,
158.75,82.25,
159.5,82.25,
160.25,82.25,
161.0,82.25,
161.75,82.25,
162.5,82.25,
163.25,82.25,
164.0,82.25,
164.75,82.25,
165.5,82.25,
166.25,82.25,
167.0,82.25,
167.75,82.25,
168.5,82.25,
169.25,82.25,
170.0,82.25,
170.75,82.25,
171.5,82.25,
172.25,82.25,
173.0,82.25,
173.75,82.25,
174.5,82.25,
175.25,82.25,
176.0,82.25,
176.75,82.25,
177.5,82.25,
178.25,82.25,
179.0,82.25,
179.75,82.25,
180.5,82.25,
181.25,82.25,
182.0,82.25,
182.75,82.25,
183.5,82.25,
184.25,82.25,
185.0,82.25,
185.75,82.25,
186.5,82.25,
187.25,82.25,
188.0,82.25,
188.75,82.25,
189.5,82.25,-83.15968063872256
190.25,82.25,-83.22802062111863
191.0,82.25,-83.29142043941063
191.75,82.25,-83.97790986182791
192.5,82.25,-84.4052835689456
193.25,82.25,-84.71106437241758
194.0,82.25,-85.55424274847533
194.75,82.25,-87.23154416564856
195.5,82.25,-86.87098536339704
196.25,82.25,-86.0233651134685
197.0,82.25,-86.5717295556811
197.75,82.25,-84.39364844903987
198.5,82.25,-81.4052137745594
199.25,82.25,-80.79454994451973
200.0,82.25,-81.8555676964339
200.75,82.25,-84.85662714010886
201.5,82.25,-84.41028492845312
202.25,82.25,-81.6868945059946
203.0,82.25,-79.4137619947151
203.75,82.25,-79.01089378880776
204.5,82.25,-77.09754675194749
205.25,82.25,-77.39375884675877
206.0,82.25,-79.38863754015775
206.75,82.25,-81.63372144559793
207.5,82.25,-82.42122290550994
208.25,82.25,-84.8337753042616
209.0,82.25,-87.02408042898062
209.75,82.25,-86.48310221713244
210.5,82.25,-85.83350149541243
211.25,82.25,-85.5393132090888
212.0,82.25,-85.39882842383157
212.75,82.25,-85.31872244288006
213.5,82.25,-86.33077701572066
214.25,82.25,-85.35584933995129
215.0,82.25,
215.75,82.25,
216.5,82.25,
217.25,82.25,
218.0,82.25,
218.75,82.25,
219.5,82.25,
220.25,82.25,
221.0,82.25,
221.75,82.25,
222.5,82.25,
223.25,82.25,
224.0,82.25,
224.75,82.25,
225.5,82.25,
226.25,82.25,
227.0,82.25,
227.75,82.25,
228.5,82.25,
229.25,82.25,
230.0,82.25,
230.75,82.25,
77.0,83.0,
77.75,83.0,
78.5,83.0,
79.25,83.0,
80.0,83.0,
80.75,83.0,
81.5,83.0,
82.25,83.0,
83.0,83.0,
83.75,83.0,
84.5,83.0,
85.25,83.0,
86.0,83.0,
86.75,83.0,
87.5,83.0,
88.25,83.0,
89.0,83.0,
89.75,83.0,
90.5,83.0,
91.25,83.0,
92.0,83.0,
92.75,83.0,
93.5,83.0,
94.25,83.0,
95.0,83.0,
95.75,83.0,
96.5,83.0,
97.25,83.0,
98.0,83.0,
98.75,83.0,
99.5,83.0,
100.25,83.0,
101.0,83.0,
101.75,83.0,
102.5,83.0,
103.25,83.0,
104.0,83.0,
104.75,83.0,
105.5,83.0,
106.25,83.0,
107.0,83.0,
107.75,83.0,
108.5,83.0,
109.25,83.0,
110.0,83.0,
110.75,83.0,
111.5,83.0,
112.25,83.0,
113.0,83.0,-93.84615384615384
113.75,83.0,-93.80594900849859
114.5,83.0,-93.73376623376622
115.25,83.0,-93.62811387900356
116.0,83.0,-93.5
116.75,83.0,-92.27726002469618
117.5,83.0,-91.95234398585416
118.25,83.0,-91.58533612388385
119.0,83.0,-90.76923076923076
119.75,83.0,-88.1025980516104
120.5,83.0,-87.66750366192603
121.25,83.0,-87.07802039470786
122.0,83.0,-86.03864251383335
122.75,83.0,-85.68942686511873
123.5,83.0,-85.31530423205773
124.25,83.0,-85.02317677343503
125.0,83.0,-84.9609375
125.75,83.0,-85.80082603992402
126.5,83.0,-86.71199381463225
127.25,83.0,-86.93011848890639
128.0,83.0,-86.8606557377049
128.75,83.0,-86.99217401473615
129.5,83.0,-87.15541350379543
130.25,83.0,-88.1629724634231
131.0,83.0,-88.99999999999663
131.75,83.0,-87.47196762760495
132.5,83.0,-84.79140089845112
133.25,83.0,-82.66254952353233
134.0,83.0,-81.91250829217954
134.75,83.0,-82.00824823891003
135.5,83.0,-80.77397114833148
136.25,83.0,-79.97095285665945
137.0,83.0,-79.21428571428571
137.75,83.0,-78.79884209720645
138.5,83.0,-80.41864132423412
139.25,83.0,-81.16888528238496
140.0,83.0,-81.58957396624162
140.75,83.0,-81.89062572781431
141.5,83.0,-82.63676937972919
142.25,83.0,-81.87595273165157
143.0,83.0,-81.000000000003
143.75,83.0,-82.77270272813885
144.5,83.0,-85.36426288453855
145.25,83.0,-85.87051544529878
146.0,83.0,-84.78571428571425
146.75,83.0,-85.77365646461864
147.5,83.0,-85.29336902413824
148.25,83.0,-84.02034150652962
149.0,83.0,-83.21428571428571
149.75,83.0,-82.89109978227492
150.5,83.0,-82.75923422456833
151.25,83.0,-82.63231003487068
152.0,83.0,-82.5342518304178
152.75,83.0,-83.55236145935409
153.5,83.0,-84.21774193548386
154.25,83.0,-84.18548387096774
155.0,83.0,
155.75,83.0,
156.5,83.0,
157.25,83.0,
158.0,83.0,
158.75,83.0,
159.5,83.0,
160.25,83.0,
161.0,83.0,
161.75,83.0,
162.5,83.0,
163.25,83.0,
164.0,83.0,
164.75,83.0,
165.5,83.0,
166.25,83.0,
167.0,83.0,
167.75,83.0,
168.5,83.0,
169.25,83.0,
170.0,83.0,
170.75,83.0,
171.5,83.0,
172.25,83.0,
173.0,83.0,
173.75,83.0,
174.5,83.0,
175.25,83.0,
176.0,83.0,
176.75,83.0,
177.5,83.0,
178.25,83.0,
179.0,83.0,
179.75,83.0,
180.5,83.0,
181.25,83.0,
182.0,83.0,
182.75,83.0,
183.5,83.0,
184.25,83.0,
185.0,83.0,
185.75,83.0,
186.5,83.0,
187.25,83.0,
188.0,83.0,
188.75,83.0,
189.5,83.0,-85.97625329815304
190.25,83.0,-86.07585004359197
191.0,83.0,-84.25806451612902
191.75,83.0,-84.28783319265686
192.5,83.0,-84.97026987152894
193.25,83.0,-87.02667768089118
194.0,83.0,-88.98151950718685
194.75,83.0,-92.47643362623471
195.5,83.0,-90.938074310827
196.25,83.0,-87.92287217748247
197.0,83.0,-88.9999999999925
197.75,83.0,-84.52156583775246
198.5,83.0,-80.08270075908908
199.25,83.0,-79.11884297469904
200.0,83.0,-81.4285714285714
200.75,83.0,-85.53142890053506
201.5,83.0,-84.49950059928085
202.25,83.0,-79.50731625130192
203.0,83.0,-76.50000000000344
203.75,83.0,-77.62295723901197
204.5,83.0,-77.80835395788534
205.25,83.0,-77.80030423810422
206.0,83.0,-80.78048780487805
206.75,83.0,-82.85473854064365
207.5,83.0,-83.17449061126646
208.25,83.0,-86.33268946691264
209.0,83.0,-89.99999999999174
209.75,83.0,-87.58346939515201
210.5,83.0,-85.55611069515636
211.25,83.0,-84.5834329897369
212.0,83.0,-83.98534635879221
212.75,83.0,-83.61275207906988
213.5,83.0,-85.46525096525096
214.25,83.0,-85.3896899783706
215.0,83.0,
215.75,83.0,
216.5,83.0,
217.25,83.0,
218.0,83.0,
218.75,83.0,
219.5,83.0,
220.25,83.0,
221.0,83.0,
221.75,83.0,
222.5,83.0,
223.25,83.0,
224.0,83.0,
224.75,83.0,
225.5,83.0,
226.25,83.0,
227.0,83.0,
227.75,83.0,
228.5,83.0,
229.25,83.0,
230.0,83.0,
230.75,83.0,
77.0,83.75,
77.75,83.75,
78.5,83.75,
79.25,83.75,
80.0,83.75,
80.75,83.75,
81.5,83.75,
82.25,83.75,
83.0,83.75,
83.75,83.75,
84.5,83.75,
85.25,83.75,
86.0,83.75,
86.75,83.75,
87.5,83.75,
88.25,83.75,
89.0,83.75,
89.75,83.75,
90.5,83.75,
91.25,83.75,
92.0,83.75,
92.75,83.75,
93.5,83.75,
94.25,83.75,
95.0,83.75,
95.75,83.75,
96.5,83.75,
97.25,83.75,
98.0,83.75,
98.75,83.75,
99.5,83.75,
100.25,83.75,
101.0,83.75,
101.75,83.75,
102.5,83.75,
103.25,83.75,
104.0,83.75,
104.75,83.75,
105.5,83.75,
106.25,83.75,
107.0,83.75,
107.75,83.75,
108.5,83.75,
109.25,83.75,
110.0,83.75,
110.75,83.75,
111.5,83.75,
112.25,83.75,
113.0,83.75,
113.75,83.75,-93.73580786026201
114.5,83.75,-93.67433414043583
115.25,83.75,-93.59326424870466
116.0,83.75,-93.5
116.75,83.75,-93.40673575129533
117.5,83.75,-91.8995061645874
118.25,83.75,-91.59732669650764
119.0,83.75,-90.0
119.75,83.75,-87.94111407253865
120.5,83.75,-87.53832935365115
121.25,83.75,-86.31556405522433
122.0,83.75,-85.97950884117073
122.75,83.75,-85.74799793508393
123.5,83.75,-85.5447881267188
124.25,83.75,-85.44087808650463
125.0,83.75,-85.6667129091058
125.75,83.75,-86.07343793309238
126.5,83.75,-86.56725222790001
127.25,83.75,-86.73697465224281
128.0,83.75,-87.06584406849042
128.75,83.75,-87.29127579537969
129.5,83.75,-87.47441765789195
130.25,83.75,-87.34396691416548
131.0,83.75,-87.57059174478019
131.75,83.75,-85.8951555266079
132.5,83.75,-82.24996825960618
133.25,83.75,-79.81591385711323
134.0,83.75,-80.17016017538451
134.75,83.75,-81.13688119424076
135.5,83.75,-80.40575535083114
136.25,83.75,-79.7507078171524
137.0,83.75,-79.09857250029057
137.75,83.75,-78.55692352871623
138.5,83.75,-80.06283655179126
139.25,83.75,-81.00195906480347
140.0,83.75,-81.71396780474407
140.75,83.75,-82.1759076004708
141.5,83.75,-82.92125637890001
142.25,83.75,-82.71288010818544
143.0,83.75,-82.43236199687313
143.75,83.75,-83.35001934844125
144.5,83.75,-84.92285150462621
145.25,83.75,-85.33370174978675
146.0,83.75,-84.71734379656303
146.75,83.75,-84.69976071420946
147.5,83.75,-84.52354172390687
148.25,83.75,-83.9978841693306
149.0,83.75,-83.72846259336573
149.75,83.75,-83.04225295769223
150.5,83.75,-82.70005015193514
151.25,83.75,-82.59981171265892
152.0,83.75,-82.51835180798534
152.75,83.75,-84.29807135329234
153.5,83.75,-84.26324503311257
154.25,83.75,-84.22802197802199
155.0,83.75,
155.75,83.75,
156.5,83.75,
157.25,83.75,
158.0,83.75,
158.75,83.75,
159.5,83.75,
160.25,83.75,
161.0,83.75,
161.75,83.75,
162.5,83.75,
163.25,83.75,
164.0,83.75,
164.75,83.75,
165.5,83.75,
166.25,83.75,
167.0,83.75,
167.75,83.75,
168.5,83.75,
169.25,83.75,
170.0,83.75,
170.75,83.75,
171.5,83.75,
172.25,83.75,
173.0,83.75,
173.75,83.75,
174.5,83.75,
175.25,83.75,
176.0,83.75,
176.75,83.75,
177.5,83.75,
178.25,83.75,
179.0,83.75,
179.75,83.75,
180.5,83.75,
181.25,83.75,
182.0,83.75,
182.75,83.75,
183.5,83.75,
184.25,83.75,
185.0,83.75,
185.75,83.75,
186.5,83.75,
187.25,83.75,
188.0,83.75,
188.75,83.75,
189.5,83.75,-92.01596806387225
190.25,83.75,-86.66521296814744
191.0,83.75,-86.97407128612556
191.75,83.75,-85.05700815899088
192.5,83.75,-86.84301403760763
193.25,83.75,-87.74677212721191
194.0,83.75,-89.01825329146675
194.75,83.75,-90.18381958900275
195.5,83.75,-89.03899713214531
196.25,83.75,-86.68685376661745
197.0,83.75,-85.24564496695007
197.75,83.75,-82.7868940512958
198.5,83.75,-79.57359760778148
199.25,83.75,-79.11881886028239
200.0,83.75,-79.82914473030695
200.75,83.75,-80.88181740060874
201.5,83.75,-80.15277879658551
202.25,83.75,-78.93060902268157
203.0,83.75,-77.25268518831031
203.75,83.75,-77.27245498134037
204.5,83.75,-77.72535072856354
205.25,83.75,-78.07768195173962
206.0,83.75,-80.29620825046032
206.75,83.75,-81.58319494066845
207.5,83.75,-82.52232333675417
208.25,83.75,-84.64177832329149
209.0,83.75,-86.21486557993555
209.75,83.75,-85.25191404107056
210.5,83.75,-83.79594843425565
211.25,83.75,-82.78339013968534
212.0,83.75,-82.11761151162456
212.75,83.75,-80.5710921360666
213.5,83.75,-79.64091122159273
214.25,83.75,-85.38566333375661
215.0,83.75,
215.75,83.75,
216.5,83.75,
217.25,83.75,
218.0,83.75,
218.75,83.75,
219.5,83.75,
220.25,83.75,
221.0,83.75,
221.75,83.75,
222.5,83.75,
223.25,83.75,
224.0,83.75,
224.75,83.75,
225.5,83.75,
226.25,83.75,-99.58798283261801
227.0,83.75,-99.3766233766234
227.75,83.75,-99.1055900621118
228.5,83.75,-98.39878926767351
229.25,83.75,-98.23059755538806
230.0,83.75,-98.09861932938857
230.75,83.75,-98.03488269145639
77.0,84.5,
77.75,84.5,
78.5,84.5,
79.25,84.5,
80.0,84.5,
80.75,84.5,
81.5,84.5,
82.25,84.5,
83.0,84.5,
83.75,84.5,
84.5,84.5,
85.25,84.5,
86.0,84.5,
86.75,84.5,
87.5,84.5,
88.25,84.5,
89.0,84.5,
89.75,84.5,
90.5,84.5,
91.25,84.5,
92.0,84.5,
92.75,84.5,
93.5,84.5,
94.25,84.5,
95.0,84.5,
95.75,84.5,
96.5,84.5,
97.25,84.5,
98.0,84.5,
98.75,84.5,
99.5,84.5,
100.25,84.5,
101.0,84.5,
101.75,84.5,
102.5,84.5,
103.25,84.5,
104.0,84.5,
104.75,84.5,
105.5,84.5,
106.25,84.5,
107.0,84.5,
107.75,84.5,
108.5,84.5,
109.25,84.5,
110.0,84.5,
110.75,84.5,
111.5,84.5,
112.25,84.5,
113.0,84.5,
113.75,84.5,
114.5,84.5,
115.25,84.5,-93.57072691552062
116.0,84.5,-93.5
116.75,84.5,-93.42927308447936
117.5,84.5,
118.25,84.5,
119.0,84.5,-90.0
119.75,84.5,
120.5,84.5,-85.09523809523809
121.25,84.5,-86.25001779561698
122.0,84.5,-86.05726975222065
122.75,84.5,-85.8199813930114
123.5,84.5,-85.80730251391675
124.25,84.5,-85.66412567827493
125.0,84.5,-85.81183683791225
125.75,84.5,-86.15449558054806
126.5,84.5,-86.47503392873537
127.25,84.5,-87.06910499961498
128.0,84.5,-87.55392401925342
128.75,84.5,-87.84395302134743
129.5,84.5,-87.83707865168539
130.25,84.5,-87.20739734794411
131.0,84.5,-87.31901717938473
131.75,84.5,-84.76725365033847
132.5,84.5,-77.90721454270025
133.25,84.5,-75.44984934867013
134.0,84.5,-78.38439247120897
134.75,84.5,-80.62659137445466
135.5,84.5,-79.94372151098942
136.25,84.5,-78.44018592487666
137.0,84.5,-77.84130202618609
137.75,84.5,-78.57840927591158
138.5,84.5,-79.70270260105607
139.25,84.5,-80.53910025960249
140.0,84.5,-81.81789001065397
140.75,84.5,-82.68993892005425
141.5,84.5,-82.71365677496146
142.25,84.5,-83.2867717269274
143.0,84.5,-83.53046344386735
143.75,84.5,-84.23309687409355
144.5,84.5,-85.25051334702258
145.25,84.5,-85.69373166664326
146.0,84.5,-84.80868167202571
146.75,84.5,-83.22918605890985
147.5,84.5,-83.25939657376631
148.25,84.5,-83.56012071378213
149.0,84.5,-83.63084889814546
149.75,84.5,-83.61390149175263
150.5,84.5,-83.34983608703324
151.25,84.5,-82.57682294388309
152.0,84.5,-84.28995474495612
152.75,84.5,-84.27385375344065
153.5,84.5,
154.25,84.5,
155.0,84.5,
155.75,84.5,
156.5,84.5,
157.25,84.5,
158.0,84.5,
158.75,84.5,
159.5,84.5,
160.25,84.5,
161.0,84.5,
161.75,84.5,
162.5,84.5,
163.25,84.5,
164.0,84.5,
164.75,84.5,
165.5,84.5,
166.25,84.5,
167.0,84.5,
167.75,84.5,
168.5,84.5,
169.25,84.5,
170.0,84.5,
170.75,84.5,
171.5,84.5,
172.25,84.5,
173.0,84.5,
173.75,84.5,
174.5,84.5,
175.25,84.5,
176.0,84.5,
176.75,84.5,
177.5,84.5,
178.25,84.5,
179.0,84.5,
179.75,84.5,
180.5,84.5,
181.25,84.5,
182.0,84.5,
182.75,84.5,
183.5,84.5,
184.25,84.5,
185.0,84.5,
185.75,84.5,
186.5,84.5,
187.25,84.5,
188.0,84.5,
188.75,84.5,
189.5,84.5,-91.96825396825396
190.25,84.5,-87.13291905174246
191.0,84.5,-87.52293623088647
191.75,84.5,-86.14752807222585
192.5,84.5,-86.8183818449973
193.25,84.5,-87.73375228860145
194.0,84.5,-89.01092396566943
194.75,84.5,-89.99585487007819
195.5,84.5,-88.29608938547487
196.25,84.5,-82.29599220665207
197.0,84.5,-77.66999600479424
197.75,84.5,-78.72030367992892
198.5,84.5,-77.73151950718686
199.25,84.5,-77.27466478426128
200.0,84.5,-76.94611817885269
200.75,84.5,-74.34684602838053
201.5,84.5,-75.09460862132127
202.25,84.5,-76.83676972850031
203.0,84.5,-77.23554279020881
203.75,84.5,-77.3630441356965
204.5,84.5,-77.85494399657559
205.25,84.5,-80.20457749387286
206.0,84.5,-80.28386032838603
206.75,84.5,-78.99254076014508
207.5,84.5,-79.67786054463305
208.25,84.5,-82.24561515478493
209.0,84.5,-83.00341262772334
209.75,84.5,-82.67332906339907
210.5,84.5,-82.12165392869244
211.25,84.5,-81.58496261015246
212.0,84.5,-79.48241116693977
212.75,84.5,-78.87699321622985
213.5,84.5,-78.6178725518808
214.25,84.5,-77.48621993862561
215.0,84.5,
215.75,84.5,
216.5,84.5,
217.25,84.5,
218.0,84.5,
218.75,84.5,
219.5,84.5,
220.25,84.5,
221.0,84.5,
221.75,84.5,
222.5,84.5,
223.25,84.5,
224.0,84.5,
224.75,84.5,
225.5,84.5,-100.0
226.25,84.5,-99.88598574821853
227.0,84.5,-99.71764705882354
227.75,84.5,-98.75774588225738
228.5,84.5,-98.58605144523999
229.25,84.5,-98.39638891196589
230.0,84.5,-98.23423423423424
230.75,84.5,-98.13939381575099
77.0,85.25,
77.75,85.25,
78.5,85.25,
79.25,85.25,
80.0,85.25,
80.75,85.25,
81.5,85.25,
82.25,85.25,
83.0,85.25,
83.75,85.25,
84.5,85.25,
85.25,85.25,
86.0,85.25,
86.75,85.25,
87.5,85.25,
88.25,85.25,
89.0,85.25,
89.75,85.25,
90.5,85.25,
91.25,85.25,
92.0,85.25,
92.75,85.25,
93.5,85.25,
94.25,85.25,
95.0,85.25,
95.75,85.25,
96.5,85.25,
97.25,85.25,
98.0,85.25,
98.75,85.25,
99.5,85.25,
100.25,85.25,
101.0,85.25,
101.75,85.25,
102.5,85.25,
103.25,85.25,
104.0,85.25,
104.75,85.25,
105.5,85.25,
106.25,85.25,
107.0,85.25,
107.75,85.25,
108.5,85.25,
109.25,85.25,
110.0,85.25,
110.75,85.25,
111.5,85.25,
112.25,85.25,
113.0,85.25,
113.75,85.25,
114.5,85.25,
115.25,85.25,
116.0,85.25,
116.75,85.25,
117.5,85.25,
118.25,85.25,
119.0,85.25,
119.75,85.25,
120.5,85.25,
121.25,85.25,
122.0,85.25,-84.3687089715536
122.75,85.25,-84.5
123.5,85.25,-85.61323022293053
124.25,85.25,-85.8019008687756
125.0,85.25,-85.9605837262489
125.75,85.25,-86.46644405659937
126.5,85.25,-86.74882207439985
127.25,85.25,-87.26995836984133
128.0,85.25,-87.72347247084912
128.75,85.25,-87.94669964616338
129.5,85.25,-87.87804792664106
130.25,85.25,-87.1555386577926
131.0,85.25,-87.75825578637722
131.75,85.25,-84.815822469608
132.5,85.25,-76.80524547400496
133.25,85.25,-74.39057804975819
134.0,85.25,-78.7592901387337
134.75,85.25,-80.90310767887823
135.5,85.25,-79.53828769105789
136.25,85.25,-78.89427401881451
137.0,85.25,-77.22759454137096
137.75,85.25,-77.73915312578455
138.5,85.25,-77.59462810471958
139.25,85.25,-79.5234806188447
140.0,85.25,-81.35544658172344
140.75,85.25,-82.81012593310517
141.5,85.25,-82.8211063938619
142.25,85.25,-83.55214155247663
143.0,85.25,-83.57637167379553
143.75,85.25,-84.46100481462621
144.5,85.25,-85.70159132579434
145.25,85.25,-85.85930735930735
146.0,85.25,-84.706052444904
146.75,85.25,-82.84254926910728
147.5,85.25,-82.92760692305431
148.25,85.25,-83.97044303742565
149.0,85.25,-84.49414792221319
149.75,85.25,-83.71304127775477
150.5,85.25,-83.71341546589186
151.25,85.25,-84.33157894736841
152.0,85.25,-84.39621198809297
152.75,85.25,-83.7691570881226
153.5,85.25,
154.25,85.25,
155.0,85.25,
155.75,85.25,
156.5,85.25,
157.25,85.25,
158.0,85.25,
158.75,85.25,
159.5,85.25,
160.25,85.25,
161.0,85.25,
161.75,85.25,
162.5,85.25,
163.25,85.25,
164.0,85.25,
164.75,85.25,
165.5,85.25,
166.25,85.25,
167.0,85.25,
167.75,85.25,
168.5,85.25,
169.25,85.25,
170.0,85.25,
170.75,85.25,
171.5,85.25,
172.25,85.25,
173.0,85.25,
173.75,85.25,
174.5,85.25,
175.25,85.25,
176.0,85.25,
176.75,85.25,
177.5,85.25,
178.25,85.25,
179.0,85.25,
179.75,85.25,
180.5,85.25,
181.25,85.25,
182.0,85.25,
182.75,85.25,
183.5,85.25,
184.25,85.25,
185.0,85.25,
185.75,85.25,
186.5,85.25,
187.25,85.25,
188.0,85.25,
188.75,85.25,
189.5,85.25,-91.92380952380952
190.25,85.25,-91.9004975124378
191.0,85.25,-86.94098506337714
191.75,85.25,-86.12104795945618
192.5,85.25,-86.71715940355018
193.25,85.25,-87.56137060318581
194.0,85.25,-88.8290954008418
194.75,85.25,-90.50458102707964
195.5,85.25,-88.92821087291044
196.25,85.25,-80.71680938990487
197.0,85.25,-75.49678035824485
197.75,85.25,-77.63221916290634
198.5,85.25,-77.32078880710903
199.25,85.25,-77.0685753640299
200.0,85.25,-76.20976659092096
200.75,85.25,-72.83994200980031
201.5,85.25,-73.68536678684934
202.25,85.25,-76.5107736832165
203.0,85.25,-77.02217066856994
203.75,85.25,-77.45653286623573
204.5,85.25,-79.92359240879917
205.25,85.25,-80.8829236445697
206.0,85.25,-80.61429064588603
206.75,85.25,-77.74773037417162
207.5,85.25,-78.83196317753168
208.25,85.25,-81.38095771381685
209.0,85.25,-82.76240605265892
209.75,85.25,-81.68149866442076
210.5,85.25,-79.91718180174578
211.25,85.25,-77.94183737718531
212.0,85.25,-77.33406891409987
212.75,85.25,-77.48427224850107
213.5,85.25,-76.91187995716993
214.25,85.25,-76.90067089048713
215.0,85.25,-73.23861386138614
215.75,85.25,-79.492673992674
216.5,85.25,-79.51457194899818
217.25,85.25,
218.0,85.25,-83.5
218.75,85.25,
219.5,85.25,
220.25,85.25,
221.0,85.25,
221.75,85.25,
222.5,85.25,
223.25,85.25,
224.0,85.25,
224.75,85.25,
225.5,85.25,-100.2920892494929
226.25,85.25,-100.24365482233502
227.0,85.25,-99.13827638212393
227.75,85.25,-99.03660886319847
228.5,85.25,-98.872369046188
229.25,85.25,-98.65960732406795
230.0,85.25,-98.13668161503848
230.75,85.25,-98.00399909518242
77.0,86.0,
77.75,86.0,
78.5,86.0,
79.25,86.0,
80.0,86.0,
80.75,86.0,
81.5,86.0,
82.25,86.0,
83.0,86.0,
83.75,86.0,
84.5,86.0,
85.25,86.0,
86.0,86.0,
86.75,86.0,
87.5,86.0,
88.25,86.0,
89.0,86.0,
89.75,86.0,
90.5,86.0,
91.25,86.0,
92.0,86.0,
92.75,86.0,
93.5,86.0,
94.25,86.0,
95.0,86.0,
95.75,86.0,
96.5,86.0,
97.25,86.0,
98.0,86.0,
98.75,86.0,
99.5,86.0,
100.25,86.0,
101.0,86.0,
101.75,86.0,
102.5,86.0,
103.25,86.0,
104.0,86.0,
104.75,86.0,
105.5,86.0,
106.25,86.0,
107.0,86.0,
107.75,86.0,
108.5,86.0,
109.25,86.0,
110.0,86.0,
110.75,86.0,
111.5,86.0,
112.25,86.0,
113.0,86.0,
113.75,86.0,
114.5,86.0,
115.25,86.0,
116.0,86.0,
116.75,86.0,
117.5,86.0,
118.25,86.0,
119.0,86.0,
119.75,86.0,
120.5,86.0,
121.25,86.0,
122.0,86.0,-84.5
122.75,86.0,-84.63129102844638
123.5,86.0,-85.69133223929582
124.25,86.0,-85.94984492881038
125.0,86.0,-86.1602025291198
125.75,86.0,-86.56578216054433
126.5,86.0,-87.1318629277151
127.25,86.0,-87.54078420674693
128.0,86.0,-87.63953488372093
128.75,86.0,-87.70559913398839
129.5,86.0,-87.62401718759683
130.25,86.0,-86.54249357225437
131.0,86.0,-86.19672131147539
131.75,86.0,-84.91956990987897
132.5,86.0,-82.40677571182255
133.25,86.0,-81.67182058280133
134.0,86.0,-81.88888888888889
134.75,86.0,-81.48551641347969
135.5,86.0,-80.67738601718001
136.25,86.0,-79.44821356417626
137.0,86.0,-78.26819949986107
137.75,86.0,-76.62661500424679
138.5,86.0,-75.35818079593801
139.25,86.0,-75.7626680570218
140.0,86.0,-79.97222222222221
140.75,86.0,-81.79561275894822
141.5,86.0,-82.47958898364323
142.25,86.0,-84.33279527167974
143.0,86.0,-84.74999999999997
143.75,86.0,-85.16720472832027
144.5,86.0,-85.81637075352998
145.25,86.0,-85.87046878193647
146.0,86.0,-85.16666666666664
146.75,86.0,-84.10176609363015
147.5,86.0,-83.8561544936437
148.25,86.0,-84.23762186886975
149.0,86.0,-84.56464530892447
149.75,86.0,-84.78191534845283
150.5,86.0,-84.79563285568528
151.25,86.0,-84.23214685356324
152.0,86.0,-84.31395348837208
152.75,86.0,
153.5,86.0,
154.25,86.0,
155.0,86.0,
155.75,86.0,
156.5,86.0,
157.25,86.0,
158.0,86.0,
158.75,86.0,
159.5,86.0,
160.25,86.0,
161.0,86.0,
161.75,86.0,
162.5,86.0,
163.25,86.0,
164.0,86.0,
164.75,86.0,
165.5,86.0,
166.25,86.0,
167.0,86.0,
167.75,86.0,
168.5,86.0,
169.25,86.0,
170.0,86.0,
170.75,86.0,
171.5,86.0,
172.25,86.0,
173.0,86.0,
173.75,86.0,
174.5,86.0,
175.25,86.0,
176.0,86.0,
176.75,86.0,
177.5,86.0,
178.25,86.0,
179.0,86.0,
179.75,86.0,
180.5,86.0,
181.25,86.0,
182.0,86.0,
182.75,86.0,
183.5,86.0,
184.25,86.0,
185.0,86.0,
185.75,86.0,
186.5,86.0,
187.25,86.0,
188.0,86.0,
188.75,86.0,
189.5,86.0,
190.25,86.0,-89.20333598093724
191.0,86.0,-89.27118644067797
191.75,86.0,-85.54827412913674
192.5,86.0,-86.90720648218559
193.25,86.0,-87.28070264560823
194.0,86.0,-87.82317073170731
194.75,86.0,-88.14770037918741
195.5,86.0,-86.5497784888014
196.25,86.0,-81.21806629772802
197.0,86.0,-78.76829268292683
197.75,86.0,-78.9135104041318
198.5,86.0,-78.23865954774581
199.25,86.0,-78.08587822880912
200.0,86.0,-77.19444444444443
200.75,86.0,-75.50116157159009
201.5,86.0,-75.36214570818045
202.25,86.0,-76.6039175135547
203.0,86.0,-77.38664672121138
203.75,86.0,-78.8337242989879
204.5,86.0,-80.6482382526225
205.25,86.0,-82.05581766633438
206.0,86.0,-82.66666666666667
206.75,86.0,-82.97594171185364
207.5,86.0,-81.91891514050049
208.25,86.0,-79.02712847253439
209.0,86.0,-77.14830508474576
209.75,86.0,-77.28966537875294
210.5,86.0,-77.0403836130884
211.25,86.0,-77.03603094082185
212.0,86.0,-76.08079847908745
212.75,86.0,-76.13768373900719
213.5,86.0,-75.95131688435004
214.25,86.0,-75.68026586283408
215.0,86.0,-75.45783132530121
215.75,86.0,-78.37093051833708
216.5,86.0,-81.72946133820018
217.25,86.0,-81.98695871448245
218.0,86.0,-82.25531914893617
218.75,86.0,-83.69764705882353
219.5,86.0,-83.87168141592922
220.25,86.0,-86.23301860342056
221.0,86.0,-89.0
221.75,86.0,-89.2029598308668
222.5,86.0,
223.25,86.0,
224.0,86.0,-95.76666666666665
224.75,86.0,-96.5997732426304
225.5,86.0,-97.54761904761905
226.25,86.0,-97.87690594127902
227.0,86.0,-99.45098039215685
227.75,86.0,-98.85367668597455
228.5,86.0,-98.75679489859921
229.25,86.0,-98.54099210951922
230.0,86.0,-98.25000000000001
230.75,86.0,-97.97442677115674
77.0,86.75,
77.75,86.75,
78.5,86.75,
79.25,86.75,
80.0,86.75,
80.75,86.75,
81.5,86.75,
82.25,86.75,
83.0,86.75,
83.75,86.75,
84.5,86.75,
85.25,86.75,
86.0,86.75,
86.75,86.75,
87.5,86.75,
88.25,86.75,
89.0,86.75,
89.75,86.75,
90.5,86.75,
91.25,86.75,
92.0,86.75,
92.75,86.75,
93.5,86.75,
94.25,86.75,
95.0,86.75,
95.75,86.75,
96.5,86.75,
97.25,86.75,
98.0,86.75,
98.75,86.75,
99.5,86.75,
100.25,86.75,
101.0,86.75,
101.75,86.75,
102.5,86.75,
103.25,86.75,
104.0,86.75,
104.75,86.75,
105.5,86.75,
106.25,86.75,
107.0,86.75,
107.75,86.75,
108.5,86.75,
109.25,86.75,
110.0,86.75,
110.75,86.75,
111.5,86.75,
112.25,86.75,
113.0,86.75,
113.75,86.75,
114.5,86.75,
115.25,86.75,
116.0,86.75,
116.75,86.75,
117.5,86.75,
118.25,86.75,
119.0,86.75,
119.75,86.75,
120.5,86.75,
121.25,86.75,
122.0,86.75,
122.75,86.75,
123.5,86.75,-85.84189608895956
124.25,86.75,-86.04636630768447
125.0,86.75,-86.42351896344258
125.75,86.75,-86.71492520874882
126.5,86.75,-87.11763192774296
127.25,86.75,-87.48550546046695
128.0,86.75,-87.49620019924336
128.75,86.75,-87.36851619603215
129.5,86.75,-86.319215761833
130.25,86.75,-85.97651388559133
131.0,86.75,-85.96920361843931
131.75,86.75,-85.66434631418211
132.5,86.75,-86.45422918136629
133.25,86.75,-87.15925488652762
134.0,86.75,-83.82882666249867
134.75,86.75,-82.0416372116071
135.5,86.75,-81.86165204819635
136.25,86.75,-80.51870183984322
137.0,86.75,-78.12172923657808
137.75,86.75,-75.93312011455698
138.5,86.75,-72.7150368922571
139.25,86.75,-72.06230154269447
140.0,86.75,-78.44316965842283
140.75,86.75,-82.53276269185359
141.5,86.75,-82.61221194540599
142.25,86.75,-83.98117278401661
143.0,86.75,-85.8258740430196
143.75,86.75,-85.3439755935885
144.5,86.75,-86.27278783076129
145.25,86.75,-86.70575403349203
146.0,86.75,-85.56882886056005
146.75,86.75,-85.05708133500518
147.5,86.75,-84.77966202424159
148.25,86.75,-84.73671518562733
149.0,86.75,-84.76442807332046
149.75,86.75,-84.75671753030883
150.5,86.75,-84.84965717919394
151.25,86.75,-83.88849765258217
152.0,86.75,
152.75,86.75,
153.5,86.75,
154.25,86.75,
155.0,86.75,
155.75,86.75,
156.5,86.75,
157.25,86.75,
158.0,86.75,
158.75,86.75,
159.5,86.75,
160.25,86.75,
161.0,86.75,
161.75,86.75,
162.5,86.75,
163.25,86.75,
164.0,86.75,
164.75,86.75,
165.5,86.75,
166.25,86.75,
167.0,86.75,
167.75,86.75,
168.5,86.75,
169.25,86.75,
170.0,86.75,
170.75,86.75,
171.5,86.75,
172.25,86.75,
173.0,86.75,
173.75,86.75,
174.5,86.75,
175.25,86.75,
176.0,86.75,
176.75,86.75,
177.5,86.75,
178.25,86.75,
179.0,86.75,
179.75,86.75,
180.5,86.75,
181.25,86.75,
182.0,86.75,
182.75,86.75,
183.5,86.75,
184.25,86.75,
185.0,86.75,
185.75,86.75,
186.5,86.75,
187.25,86.75,
188.0,86.75,
188.75,86.75,
189.5,86.75,-87.11657559198544
190.25,86.75,-87.15023474178405
191.0,86.75,-88.64795778292316
191.75,86.75,-85.71600774677289
192.5,86.75,-86.04103876526524
193.25,86.75,-86.06640699326246
194.0,86.75,-86.0410559646406
194.75,86.75,-85.20005980256919
195.5,86.75,-84.10016502844174
196.25,86.75,-81.26570374397258
197.0,86.75,-80.04551434759499
197.75,86.75,-79.75423816517977
198.5,86.75,-79.72343771357504
199.25,86.75,-80.1250103893938
200.0,86.75,-78.28498340183528
200.75,86.75,-77.03825538961345
201.5,86.75,-77.08812914188772
202.25,86.75,-76.84854205607256
203.0,86.75,-78.80129272239482
203.75,86.75,-80.26215207377305
204.5,86.75,-81.76613583958311
205.25,86.75,-82.08754315564569
206.0,86.75,-84.57592775486229
206.75,86.75,-90.28677636779969
207.5,86.75,-87.30594171710608
208.25,86.75,-75.41161804248826
209.0,86.75,-67.86834803620415
209.75,86.75,-71.31034720111299
210.5,86.75,-73.57644922050528
211.25,86.75,-74.34951884806569
212.0,86.75,-74.52411542691465
212.75,86.75,-74.04338783657388
213.5,86.75,-74.5961008932245
214.25,86.75,-75.68352660575273
215.0,86.75,-78.25564667278677
215.75,86.75,-78.61452645356567
216.5,86.75,-79.41637009247468
217.25,86.75,-81.97675404080151
218.0,86.75,-82.32792485055508
218.75,86.75,-82.6570154843493
219.5,86.75,-85.78846400312987
220.25,86.75,-86.29196319178331
221.0,86.75,-86.79833679833679
221.75,86.75,-89.26519337016573
222.5,86.75,-89.49357326478149
223.25,86.75,
224.0,86.75,-95.26844783715012
224.75,86.75,-96.25141242937852
225.5,86.75,-97.10772183463038
226.25,86.75,-97.99928169146045
227.0,86.75,-98.21155073357531
227.75,86.75,-99.2770624907163
228.5,86.75,-99.23367438518093
229.25,86.75,-98.92544013104533
230.0,86.75,-98.3844488228352
230.75,86.75,-97.8571407947599
77.0,87.5,
77.75,87.5,
78.5,87.5,
79.25,87.5,
80.0,87.5,
80.75,87.5,
81.5,87.5,
82.25,87.5,
83.0,87.5,
83.75,87.5,
84.5,87.5,
85.25,87.5,
86.0,87.5,
86.75,87.5,
87.5,87.5,
88.25,87.5,
89.0,87.5,
89.75,87.5,
90.5,87.5,
91.25,87.5,
92.0,87.5,
92.75,87.5,
93.5,87.5,
94.25,87.5,
95.0,87.5,
95.75,87.5,
96.5,87.5,
97.25,87.5,
98.0,87.5,
98.75,87.5,
99.5,87.5,
100.25,87.5,
101.0,87.5,
101.75,87.5,
102.5,87.5,
103.25,87.5,
104.0,87.5,
104.75,87.5,
105.5,87.5,
106.25,87.5,
107.0,87.5,
107.75,87.5,
108.5,87.5,
109.25,87.5,
110.0,87.5,
110.75,87.5,
111.5,87.5,
112.25,87.5,
113.0,87.5,
113.75,87.5,
114.5,87.5,
115.25,87.5,
116.0,87.5,
116.75,87.5,
117.5,87.5,
118.25,87.5,
119.0,87.5,
119.75,87.5,
120.5,87.5,
121.25,87.5,
122.0,87.5,
122.75,87.5,
123.5,87.5,
124.25,87.5,-87.49116997792494
125.0,87.5,-87.52150537634407
125.75,87.5,-87.26117550990456
126.5,87.5,-87.27251564091374
127.25,87.5,-87.33492239278337
128.0,87.5,-87.30314438031785
128.75,87.5,-87.02503631630874
129.5,87.5,-85.92146278949372
130.25,87.5,-85.86862458052715
131.0,87.5,-85.90683289842465
131.75,87.5,-85.62720251316816
132.5,87.5,-86.37822671156007
133.25,87.5,-86.52003511328242
134.0,87.5,-84.24647001258212
134.75,87.5,-82.25466785796671
135.5,87.5,-81.82080639489276
136.25,87.5,-79.95908501710483
137.0,87.5,-78.02064220183485
137.75,87.5,-76.63260715573676
138.5,87.5,-74.23123326209863
139.25,87.5,-73.82650311128785
140.0,87.5,-78.6690549419824
140.75,87.5,-81.77108455640773
141.5,87.5,-81.65811088295688
142.25,87.5,-83.03933583844024
143.0,87.5,-84.82171394326808
143.75,87.5,-84.73212276067122
144.5,87.5,-85.85775150810181
145.25,87.5,-86.37141150821618
146.0,87.5,-85.55003449850336
146.75,87.5,-84.9658411424932
147.5,87.5,-84.56070146716203
148.25,87.5,-84.37941783857957
149.0,87.5,-84.85875517795729
149.75,87.5,-84.87874526390569
150.5,87.5,-84.67016344036166
151.25,87.5,
152.0,87.5,
152.75,87.5,
153.5,87.5,
154.25,87.5,
155.0,87.5,
155.75,87.5,
156.5,87.5,
157.25,87.5,
158.0,87.5,
158.75,87.5,
159.5,87.5,
160.25,87.5,
161.0,87.5,
161.75,87.5,
162.5,87.5,
163.25,87.5,
164.0,87.5,
164.75,87.5,
165.5,87.5,
166.25,87.5,
167.0,87.5,
167.75,87.5,
168.5,87.5,
169.25,87.5,
170.0,87.5,
170.75,87.5,
171.5,87.5,
172.25,87.5,
173.0,87.5,
173.75,87.5,
174.5,87.5,
175.25,87.5,
176.0,87.5,
176.75,87.5,
177.5,87.5,
178.25,87.5,
179.0,87.5,
179.75,87.5,
180.5,87.5,
181.25,87.5,
182.0,87.5,
182.75,87.5,
183.5,87.5,
184.25,87.5,
185.0,87.5,
185.75,87.5,
186.5,87.5,
187.25,87.5,
188.0,87.5,
188.75,87.5,
189.5,87.5,
190.25,87.5,-86.7016317016317
191.0,87.5,-86.60493827160492
191.75,87.5,-85.05887005386421
192.5,87.5,-85.22084217497964
193.25,87.5,-84.95038536559922
194.0,87.5,-84.56445108950192
194.75,87.5,-83.43025510325484
195.5,87.5,-82.91689456840112
196.25,87.5,-82.1535975847816
197.0,87.5,-80.66983307005933
197.75,87.5,-80.22381474191349
198.5,87.5,-79.87238170299189
199.25,87.5,-80.03598303777343
200.0,87.5,-79.1007398479645
200.75,87.5,-78.11272497149457
201.5,87.5,-77.77191143617834
202.25,87.5,-77.4971372480392
203.0,87.5,-79.70914772045877
203.75,87.5,-80.87248346191066
204.5,87.5,-81.70581695458664
205.25,87.5,-82.17100916740817
206.0,87.5,-84.4353716951493
206.75,87.5,-88.80480522936172
207.5,87.5,-85.9789824468787
208.25,87.5,-75.31153249984979
209.0,87.5,-69.70735216116408
209.75,87.5,-72.20205846393421
210.5,87.5,-72.84171359613836
211.25,87.5,-73.13253562653173
212.0,87.5,-73.78138258724702
212.75,87.5,-73.57107776721183
213.5,87.5,-74.22930747898391
214.25,87.5,-75.27427856913852
215.0,87.5,-80.08514401777602
215.75,87.5,-80.81401861743751
216.5,87.5,-81.34400268811376
217.25,87.5,-84.11947037729325
218.0,87.5,-83.48363187152563
218.75,87.5,-84.88329351575375
219.5,87.5,-85.47791135696963
220.25,87.5,-86.94623017432427
221.0,87.5,-87.45801914767432
221.75,87.5,-87.58388847867187
222.5,87.5,-89.64864864864865
223.25,87.5,-92.25973485833116
224.0,87.5,-94.59876543209876
224.75,87.5,-95.72807017543859
225.5,87.5,-96.93324631735969
226.25,87.5,-97.69276322254775
227.0,87.5,-98.61776691116543
227.75,87.5,-99.25853193562315
228.5,87.5,-99.97320444164434
229.25,87.5,-99.58785777898626
230.0,87.5,-98.52711958533875
230.75,87.5,-97.52660022385045
77.0,88.25,
77.75,88.25,
78.5,88.25,
79.25,88.25,
80.0,88.25,
80.75,88.25,
81.5,88.25,
82.25,88.25,
83.0,88.25,
83.75,88.25,
84.5,88.25,
85.25,88.25,
86.0,88.25,
86.75,88.25,
87.5,88.25,
88.25,88.25,
89.0,88.25,
89.75,88.25,
90.5,88.25,
91.25,88.25,
92.0,88.25,
92.75,88.25,
93.5,88.25,
94.25,88.25,
95.0,88.25,
95.75,88.25,
96.5,88.25,
97.25,88.25,
98.0,88.25,
98.75,88.25,
99.5,88.25,
100.25,88.25,
101.0,88.25,
101.75,88.25,
102.5,88.25,
103.25,88.25,
104.0,88.25,
104.75,88.25,
105.5,88.25,
106.25,88.25,
107.0,88.25,
107.75,88.25,
108.5,88.25,
109.25,88.25,
110.0,88.25,
110.75,88.25,
111.5,88.25,
112.25,88.25,
113.0,88.25,
113.75,88.25,
114.5,88.25,
115.25,88.25,
116.0,88.25,
116.75,88.25,
117.5,88.25,
118.25,88.25,
119.0,88.25,
119.75,88.25,
120.5,88.25,
121.25,88.25,
122.0,88.25,
122.75,88.25,
123.5,88.25,
124.25,88.25,-87.51465201465201
125.0,88.25,-87.54301075268818
125.75,88.25,-87.11208406304728
126.5,88.25,-87.22669246818576
127.25,88.25,-86.96574087725595
128.0,88.25,-87.00679419621049
128.75,88.25,-86.89052647685882
129.5,88.25,-85.74159838238353
130.25,88.25,-85.70302975222059
131.0,88.25,-85.66510285225763
131.75,88.25,-85.89465510973456
132.5,88.25,-85.11477806193918
133.25,88.25,-84.98075367346024
134.0,88.25,-84.22648546394049
134.75,88.25,-83.39338023180926
135.5,88.25,-82.41965485688694
136.25,88.25,-78.58104773125478
137.0,88.25,-76.2894005241155
137.75,88.25,-77.61456291650333
138.5,88.25,-79.75892060532536
139.25,88.25,-80.54530514594599
140.0,88.25,-80.21235223999206
140.75,88.25,-78.7289091414537
141.5,88.25,-79.10819636276463
142.25,88.25,-80.85733742653602
143.0,88.25,-80.45319253085098
143.75,88.25,-81.79950176617989
144.5,88.25,-83.87860404237914
145.25,88.25,-85.13186689205598
146.0,88.25,-85.1361890084006
146.75,88.25,-84.88853724883066
147.5,88.25,-84.52589565586182
148.25,88.25,-84.39371116287514
149.0,88.25,-85.05917438665233
149.75,88.25,-85.02337011959264
150.5,88.25,-84.37929061784897
151.25,88.25,
152.0,88.25,
152.75,88.25,
153.5,88.25,
154.25,88.25,
155.0,88.25,
155.75,88.25,
156.5,88.25,
157.25,88.25,
158.0,88.25,
158.75,88.25,
159.5,88.25,
160.25,88.25,
161.0,88.25,
161.75,88.25,
162.5,88.25,
163.25,88.25,
164.0,88.25,
164.75,88.25,
165.5,88.25,
166.25,88.25,
167.0,88.25,
167.75,88.25,
168.5,88.25,
169.25,88.25,
170.0,88.25,
170.75,88.25,
171.5,88.25,
172.25,88.25,
173.0,88.25,
173.75,88.25,
174.5,88.25,
175.25,88.25,
176.0,88.25,
176.75,88.25,
177.5,88.25,
178.25,88.25,
179.0,88.25,
179.75,88.25,
180.5,88.25,
181.25,88.25,
182.0,88.25,
182.75,88.25,
183.5,88.25,
184.25,88.25,
185.0,88.25,
185.75,88.25,
186.5,88.25,
187.25,88.25,
188.0,88.25,
188.75,88.25,
189.5,88.25,
190.25,88.25,-86.28888888888888
191.0,88.25,-86.07246376811594
191.75,88.25,-85.21809921382099
192.5,88.25,-84.67352082618216
193.25,88.25,-84.25146435711565
194.0,88.25,-83.26470617088769
194.75,88.25,-83.0507012498371
195.5,88.25,-82.79604020294101
196.25,88.25,-81.93535064822044
197.0,88.25,-81.02258554884155
197.75,88.25,-81.14786079983634
198.5,88.25,-80.79235424349733
199.25,88.25,-80.50705980470089
200.0,88.25,-80.1889215149489
200.75,88.25,-78.78654737244472
201.5,88.25,-78.55516384890736
202.25,88.25,-78.61750270974295
203.0,88.25,-80.73129176159907
203.75,88.25,-81.25307882292017
204.5,88.25,-81.60534853780345
205.25,88.25,-82.12631643568363
206.0,88.25,-84.0592979307629
206.75,88.25,-84.66205267353149
207.5,88.25,-82.39651131317302
208.25,88.25,-77.7044183410077
209.0,88.25,-75.85517942290058
209.75,88.25,-74.7648883500563
210.5,88.25,-71.97674285808841
211.25,88.25,-70.89325163151987
212.0,88.25,-72.44279344904486
212.75,88.25,-74.37286900595603
213.5,88.25,-74.66610458318226
214.25,88.25,-79.13468162732467
215.0,88.25,-80.30257641521597
215.75,88.25,-81.08995272889948
216.5,88.25,-82.21238781044508
217.25,88.25,-83.84134942615793
218.0,88.25,-84.88249497050296
218.75,88.25,-84.91371218547252
219.5,88.25,-85.60574206306154
220.25,88.25,-86.25149104189009
221.0,88.25,-87.63939251738408
221.75,88.25,-88.26221670288732
222.5,88.25,-89.88697042533911
223.25,88.25,-91.85557762999797
224.0,88.25,-92.64762598421729
224.75,88.25,-94.9957264957265
225.5,88.25,-96.58119715027631
226.25,88.25,-97.68600452985895
227.0,88.25,-98.90977389294228
227.75,88.25,-100.0108017652211
228.5,88.25,-100.9822312321383
229.25,88.25,-100.77930281783306
230.0,88.25,-98.64927749378874
230.75,88.25,-96.78133137303604
77.0,89.0,
77.75,89.0,
78.5,89.0,
79.25,89.0,
80.0,89.0,
80.75,89.0,
81.5,89.0,
82.25,89.0,
83.0,89.0,
83.75,89.0,
84.5,89.0,
85.25,89.0,
86.0,89.0,
86.75,89.0,
87.5,89.0,
88.25,89.0,
89.0,89.0,
89.75,89.0,
90.5,89.0,
91.25,89.0,
92.0,89.0,
92.75,89.0,
93.5,89.0,
94.25,89.0,
95.0,89.0,
95.75,89.0,
96.5,89.0,
97.25,89.0,
98.0,89.0,
98.75,89.0,
99.5,89.0,
100.25,89.0,
101.0,89.0,
101.75,89.0,
102.5,89.0,
103.25,89.0,
104.0,89.0,
104.75,89.0,
105.5,89.0,
106.25,89.0,
107.0,89.0,
107.75,89.0,
108.5,89.0,
109.25,89.0,
110.0,89.0,
110.75,89.0,
111.5,89.0,
112.25,89.0,
113.0,89.0,
113.75,89.0,
114.5,89.0,
115.25,89.0,
116.0,89.0,
116.75,89.0,
117.5,89.0,
118.25,89.0,
119.0,89.0,
119.75,89.0,
120.5,89.0,
121.25,89.0,
122.0,89.0,
122.75,89.0,
123.5,89.0,
124.25,89.0,
125.0,89.0,
125.75,89.0,-87.08602150537635
126.5,89.0,-87.04301075268816
127.25,89.0,-86.8241324169037
128.0,89.0,-86.90561943481404
128.75,89.0,-85.63757638725244
129.5,89.0,-85.5909742685178
130.25,89.0,-86.3114628667192
131.0,89.0,-85.1875
131.75,89.0,-85.50603121055093
132.5,89.0,-84.93100658471357
133.25,89.0,-84.95736907232708
134.0,89.0,-84.14960369881108
134.75,89.0,-83.91465299298342
135.5,89.0,-83.16288792370125
136.25,89.0,-77.96742959579447
137.0,89.0,-73.50000000001113
137.75,89.0,-77.68895223358103
138.5,89.0,-83.16520175789053
139.25,89.0,-84.48849083686993
140.0,89.0,-81.24999999999997
140.75,89.0,-77.04469240647488
141.5,89.0,-78.12475029964043
142.25,89.0,-79.62412780209532
143.0,89.0,-77.50000000000675
143.75,89.0,-80.0999867491553
144.5,89.0,-82.70113777719043
145.25,89.0,-83.70677054263815
146.0,89.0,-84.56687953054883
146.75,89.0,-84.63583214064042
147.5,89.0,-84.58374286240134
148.25,89.0,-84.5109219038077
149.0,89.0,-85.04761904761905
149.75,89.0,-84.61533665835411
150.5,89.0,-84.53399999999999
151.25,89.0,
152.0,89.0,
152.75,89.0,
153.5,89.0,
154.25,89.0,
155.0,89.0,
155.75,89.0,
156.5,89.0,
157.25,89.0,
158.0,89.0,
158.75,89.0,
159.5,89.0,
160.25,89.0,
161.0,89.0,
161.75,89.0,
162.5,89.0,
163.25,89.0,
164.0,89.0,
164.75,89.0,
165.5,89.0,
166.25,89.0,
167.0,89.0,
167.75,89.0,
168.5,89.0,
169.25,89.0,
170.0,89.0,
170.75,89.0,
171.5,89.0,
172.25,89.0,
173.0,89.0,
173.75,89.0,
174.5,89.0,
175.25,89.0,
176.0,89.0,
176.75,89.0,
177.5,89.0,
178.25,89.0,
179.0,89.0,
179.75,89.0,
180.5,89.0,
181.25,89.0,
182.0,89.0,
182.75,89.0,
183.5,89.0,
184.25,89.0,
185.0,89.0,
185.75,89.0,
186.5,89.0,
187.25,89.0,
188.0,89.0,
188.75,89.0,
189.5,89.0,
190.25,89.0,
191.0,89.0,-85.66666666666667
191.75,89.0,-84.92090820394338
192.5,89.0,-84.56615299578556
193.25,89.0,-83.31554325401021
194.0,89.0,-83.13255933796114
194.75,89.0,-83.00539740043358
195.5,89.0,-83.02241576242149
196.25,89.0,-81.73312704584245
197.0,89.0,-80.50000000000291
197.75,89.0,-81.48200846609457
198.5,89.0,-82.37793007441584
199.25,89.0,-82.12014501138097
200.0,89.0,-81.66379310344828
200.75,89.0,-81.36066575848551
201.5,89.0,-79.60352975962249
202.25,89.0,-79.1122431327815
203.0,89.0,-81.12903225806451
203.75,89.0,-81.33349858681599
204.5,89.0,-81.2101813621486
205.25,89.0,-83.13683310878541
206.0,89.0,-83.40629341483746
206.75,89.0,-83.09820706362186
207.5,89.0,-80.81726835372169
208.25,89.0,-78.15607033804378
209.0,89.0,-76.500000000003
209.75,89.0,-76.20570207043642
210.5,89.0,-70.5426030706634
211.25,89.0,-68.56640971173839
212.0,89.0,-72.32427937915743
212.75,89.0,-76.23213667986653
213.5,89.0,-78.43850053177532
214.25,89.0,-79.65283600905936
215.0,89.0,-80.19791666666666
215.75,89.0,-81.1277343537368
216.5,89.0,-82.92358158416188
217.25,89.0,-83.42547825681036
218.0,89.0,-84.63862069670876
218.75,89.0,-85.5448112128533
219.5,89.0,-85.82926257705327
220.25,89.0,-86.48675349943825
221.0,89.0,-87.85714285714286
221.75,89.0,-88.68296262882492
222.5,89.0,-89.33239222303018
223.25,89.0,-91.34761649008
224.0,89.0,-92.10050251256281
224.75,89.0,-94.09203980099502
225.5,89.0,-95.88732158953206
226.25,89.0,-97.4578948665075
227.0,89.0,-98.9090909090909
227.75,89.0,-100.26056232350653
228.5,89.0,-101.54182282114662
229.25,89.0,-101.82084576241445
230.0,89.0,-98.63636363636363
230.75,89.0,-96.10336465595636
77.0,89.75,
77.75,89.75,
78.5,89.75,
79.25,89.75,
80.0,89.75,
80.75,89.75,
81.5,89.75,
82.25,89.75,
83.0,89.75,
83.75,89.75,
84.5,89.75,
85.25,89.75,
86.0,89.75,
86.75,89.75,
87.5,89.75,
88.25,89.75,
89.0,89.75,
89.75,89.75,
90.5,89.75,
91.25,89.75,
92.0,89.75,
92.75,89.75,
93.5,89.75,
94.25,89.75,
95.0,89.75,
95.75,89.75,
96.5,89.75,
97.25,89.75,
98.0,89.75,
98.75,89.75,
99.5,89.75,
100.25,89.75,
101.0,89.75,
101.75,89.75,
102.5,89.75,
103.25,89.75,
104.0,89.75,
104.75,89.75,
105.5,89.75,
106.25,89.75,
107.0,89.75,
107.75,89.75,
108.5,89.75,
109.25,89.75,
110.0,89.75,
110.75,89.75,
111.5,89.75,
112.25,89.75,
113.0,89.75,
113.75,89.75,
114.5,89.75,
115.25,89.75,
116.0,89.75,
116.75,89.75,
117.5,89.75,
118.25,89.75,
119.0,89.75,
119.75,89.75,
120.5,89.75,
121.25,89.75,
122.0,89.75,
122.75,89.75,
123.5,89.75,
124.25,89.75,
125.0,89.75,
125.75,89.75,-87.02930402930403
126.5,89.75,-86.98233995584987
127.25,89.75,-86.4200529359009
128.0,89.75,-86.83466367161026
128.75,89.75,-86.73379965427182
129.5,89.75,-86.3638487782932
130.25,89.75,-86.20911997204308
131.0,89.75,-85.57595964586577
131.75,89.75,-85.36584168197834
132.5,89.75,-84.75078333495256
133.25,89.75,-84.61227158257579
134.0,89.75,-83.97949969611363
134.75,89.75,-83.5165367995851
135.5,89.75,-82.52829082885917
136.25,89.75,-80.14298649649476
137.0,89.75,-78.50400017394327
137.75,89.75,-80.21181537670353
138.5,89.75,-83.39024817319705
139.25,89.75,-84.03133958123286
140.0,89.75,-82.83478196086224
140.75,89.75,-81.42193395273762
141.5,89.75,-81.5750777229361
142.25,89.75,-81.78255909029527
143.0,89.75,-80.8627416303503
143.75,89.75,-81.9659506757328
144.5,89.75,-83.11457851930567
145.25,89.75,-83.81142229092784
146.0,89.75,-84.31208207548757
146.75,89.75,-84.46675072677517
147.5,89.75,-84.50184139580735
148.25,89.75,-84.4872654125809
149.0,89.75,-84.88466334164588
149.75,89.75,-84.75
150.5,89.75,
151.25,89.75,
152.0,89.75,
152.75,89.75,
153.5,89.75,
154.25,89.75,
155.0,89.75,
155.75,89.75,
156.5,89.75,
157.25,89.75,
158.0,89.75,
158.75,89.75,
159.5,89.75,
160.25,89.75,
161.0,89.75,
161.75,89.75,
162.5,89.75,
163.25,89.75,
164.0,89.75,
164.75,89.75,
165.5,89.75,
166.25,89.75,
167.0,89.75,
167.75,89.75,
168.5,89.75,
169.25,89.75,
170.0,89.75,
170.75,89.75,
171.5,89.75,
172.25,89.75,
173.0,89.75,
173.75,89.75,
174.5,89.75,
175.25,89.75,
176.0,89.75,
176.75,89.75,
177.5,89.75,
178.25,89.75,
179.0,89.75,
179.75,89.75,
180.5,89.75,
181.25,89.75,
182.0,89.75,
182.75,89.75,
183.5,89.75,
184.25,89.75,
185.0,89.75,
185.75,89.75,
186.5,89.75,
187.25,89.75,
188.0,89.75,
188.75,89.75,
189.5,89.75,
190.25,89.75,
191.0,89.75,
191.75,89.75,-84.79748269606864
192.5,89.75,-84.01455033277178
193.25,89.75,-83.71877256039052
194.0,89.75,-83.45900111114607
194.75,89.75,-83.26214944304232
195.5,89.75,-83.09436495643597
196.25,89.75,-82.96710383369374
197.0,89.75,-82.52477132529692
197.75,89.75,-82.91127885819284
198.5,89.75,-83.22220392880621
199.25,89.75,-82.9675629057831
200.0,89.75,-82.88201401283087
200.75,89.75,-82.16647355090656
201.5,89.75,-82.90114830258392
202.25,89.75,-80.40278742828909
203.0,89.75,-81.41859633765971
203.75,89.75,-84.07326931915738
204.5,89.75,-82.9734594654577
205.25,89.75,-83.54388920067288
206.0,89.75,-83.67229492059865
206.75,89.75,-83.62190998288567
207.5,89.75,-82.21829029575717
208.25,89.75,-81.57584934600659
209.0,89.75,-80.00925967448369
209.75,89.75,-79.07374927899659
210.5,89.75,-75.71691604658483
211.25,89.75,-74.01461048566816
212.0,89.75,-76.07082841773982
212.75,89.75,-77.49142052980763
213.5,89.75,-79.49949139915849
214.25,89.75,-80.12742063357506
215.0,89.75,-80.24335854458016
215.75,89.75,-81.8646322818532
216.5,89.75,-82.16807916893399
217.25,89.75,-82.66937163107212
218.0,89.75,-84.38504304514491
218.75,89.75,-85.82049427360042
219.5,89.75,-86.47474755837656
220.25,89.75,-86.73568741165806
221.0,89.75,-88.08527833744596
221.75,89.75,-89.1956194297757
222.5,89.75,-90.02886466718348
223.25,89.75,-91.12090241202837
224.0,89.75,-91.5081695033365
224.75,89.75,-92.59002366967653
225.5,89.75,-95.24744938169594
226.25,89.75,-96.98068686868687
227.0,89.75,-98.47418978364306
227.75,89.75,-99.70221806242662
228.5,89.75,-100.6190497963889
229.25,89.75,-100.48538845331431
230.0,89.75,-98.06542056074767
230.75,89.75,-96.41737649063032
77.0,90.5,
77.75,90.5,
78.5,90.5,
79.25,90.5,
80.0,90.5,
80.75,90.5,
81.5,90.5,
82.25,90.5,
83.0,90.5,
83.75,90.5,
84.5,90.5,
85.25,90.5,
86.0,90.5,
86.75,90.5,
87.5,90.5,
88.25,90.5,
89.0,90.5,
89.75,90.5,
90.5,90.5,
91.25,90.5,
92.0,90.5,
92.75,90.5,
93.5,90.5,
94.25,90.5,
95.0,90.5,
95.75,90.5,
96.5,90.5,
97.25,90.5,
98.0,90.5,
98.75,90.5,
99.5,90.5,
100.25,90.5,
101.0,90.5,
101.75,90.5,
102.5,90.5,
103.25,90.5,
104.0,90.5,
104.75,90.5,
105.5,90.5,
106.25,90.5,
107.0,90.5,
107.75,90.5,
108.5,90.5,
109.25,90.5,
110.0,90.5,
110.75,90.5,
111.5,90.5,
112.25,90.5,
113.0,90.5,
113.75,90.5,
114.5,90.5,
115.25,90.5,
116.0,90.5,
116.75,90.5,
117.5,90.5,
118.25,90.5,
119.0,90.5,
119.75,90.5,
120.5,90.5,
121.25,90.5,
122.0,90.5,
122.75,90.5,
123.5,90.5,
124.25,90.5,
125.0,90.5,
125.75,90.5,
126.5,90.5,
127.25,90.5,-86.32923239756721
128.0,90.5,-86.23586453826644
128.75,90.5,-86.69235847808028
129.5,90.5,-86.28652041774018
130.25,90.5,-86.13808978402369
131.0,90.5,-85.47941362431476
131.75,90.5,-85.21319088649958
132.5,90.5,-85.10128933131995
133.25,90.5,-84.13664076204698
134.0,90.5,-83.73167787518369
134.75,90.5,-83.29278696972777
135.5,90.5,-82.84935639581656
136.25,90.5,-83.55307222680733
137.0,90.5,-84.73149074787587
137.75,90.5,-83.82595768062626
138.5,90.5,-84.58367556468174
139.25,90.5,-85.05395594337811
140.0,90.5,-84.76959114139694
140.75,90.5,-87.9054406023697
141.5,90.5,-86.5046201232033
142.25,90.5,-84.64098887813752
143.0,90.5,-85.98554937604634
143.75,90.5,-85.27196027296387
144.5,90.5,-84.40889407061957
145.25,90.5,-84.25032280435697
146.0,90.5,-84.31107319568898
146.75,90.5,-84.93666266670901
147.5,90.5,-84.26733268625644
148.25,90.5,-83.94590593127423
149.0,90.5,-84.966
149.75,90.5,
150.5,90.5,
151.25,90.5,
152.0,90.5,
152.75,90.5,
153.5,90.5,
154.25,90.5,
155.0,90.5,
155.75,90.5,
156.5,90.5,
157.25,90.5,
158.0,90.5,
158.75,90.5,
159.5,90.5,
160.25,90.5,
161.0,90.5,
161.75,90.5,
162.5,90.5,
163.25,90.5,
164.0,90.5,
164.75,90.5,
165.5,90.5,
166.25,90.5,
167.0,90.5,
167.75,90.5,
168.5,90.5,
169.25,90.5,
170.0,90.5,
170.75,90.5,
171.5,90.5,
172.25,90.5,
173.0,90.5,
173.75,90.5,
174.5,90.5,
175.25,90.5,
176.0,90.5,
176.75,90.5,
177.5,90.5,
178.25,90.5,
179.0,90.5,
179.75,90.5,
180.5,90.5,
181.25,90.5,
182.0,90.5,
182.75,90.5,
183.5,90.5,
184.25,90.5,
185.0,90.5,
185.75,90.5,
186.5,90.5,
187.25,90.5,
188.0,90.5,
188.75,90.5,
189.5,90.5,
190.25,90.5,
191.0,90.5,
191.75,90.5,-83.1421101202936
192.5,90.5,-83.17688108558043
193.25,90.5,-83.7546051381133
194.0,90.5,-83.32351102235722
194.75,90.5,-83.49848482486463
195.5,90.5,-84.0562310030395
196.25,90.5,-85.51040869005837
197.0,90.5,-87.0230027120883
197.75,90.5,-85.21412772275036
198.5,90.5,-83.41878567370898
199.25,90.5,-83.09955583618805
200.0,90.5,-83.09788827909702
200.75,90.5,-83.0419063101453
201.5,90.5,-83.14511517588384
202.25,90.5,-83.04215920319766
203.0,90.5,-83.05571216101146
203.75,90.5,-85.29388622088244
204.5,90.5,-85.14416622775748
205.25,90.5,-83.71410101315918
206.0,90.5,-84.04595522952678
206.75,90.5,-84.67475338273918
207.5,90.5,-86.10489634123645
208.25,90.5,-88.0674704206489
209.0,90.5,-92.15754380873271
209.75,90.5,-86.6104266814502
210.5,90.5,-81.93115765050679
211.25,90.5,-81.35061463447309
212.0,90.5,-80.8697390119739
212.75,90.5,-80.94752070149177
213.5,90.5,-80.60863411181882
214.25,90.5,-80.2479184770695
215.0,90.5,-79.79534134641133
215.75,90.5,-81.04310112054884
216.5,90.5,-81.15996889406547
217.25,90.5,-81.10417360975339
218.0,90.5,-84.19845267538615
218.75,90.5,-86.56742888166832
219.5,90.5,-86.82202572126447
220.25,90.5,-87.15863210413092
221.0,90.5,-88.27537857543466
221.75,90.5,-89.65999205315859
222.5,90.5,-90.66093044559315
223.25,90.5,-91.01562647155465
224.0,90.5,-91.23478322090091
224.75,90.5,-92.10580752541162
225.5,90.5,-94.64431486880467
226.25,90.5,-96.37769718462431
227.0,90.5,-97.74850299401197
227.75,90.5,-98.64778573268617
228.5,90.5,-98.95652173913042
229.25,90.5,-98.48517323899699
230.0,90.5,-96.73913043478261
230.75,90.5,-95.45805592543276
77.0,91.25,
77.75,91.25,
78.5,91.25,
79.25,91.25,
80.0,91.25,
80.75,91.25,
81.5,91.25,
82.25,91.25,
83.0,91.25,
83.75,91.25,
84.5,91.25,
85.25,91.25,
86.0,91.25,
86.75,91.25,
87.5,91.25,
88.25,91.25,
89.0,91.25,
89.75,91.25,
90.5,91.25,
91.25,91.25,
92.0,91.25,
92.75,91.25,
93.5,91.25,
94.25,91.25,
95.0,91.25,
95.75,91.25,
96.5,91.25,
97.25,91.25,
98.0,91.25,
98.75,91.25,
99.5,91.25,
100.25,91.25,
101.0,91.25,
101.75,91.25,
102.5,91.25,
103.25,91.25,
104.0,91.25,
104.75,91.25,
105.5,91.25,
106.25,91.25,
107.0,91.25,
107.75,91.25,
108.5,91.25,
109.25,91.25,
110.0,91.25,
110.75,91.25,
111.5,91.25,
112.25,91.25,
113.0,91.25,
113.75,91.25,
114.5,91.25,
115.25,91.25,
116.0,91.25,
116.75,91.25,
117.5,91.25,
118.25,91.25,
119.0,91.25,
119.75,91.25,
120.5,91.25,
121.25,91.25,
122.0,91.25,
122.75,91.25,
123.5,91.25,
124.25,91.25,
125.0,91.25,
125.75,91.25,
126.5,91.25,
127.25,91.25,
128.0,91.25,-85.52625820568927
128.75,91.25,-85.49999999999999
129.5,91.25,-85.71230364797316
130.25,91.25,-85.64656744802593
131.0,91.25,-85.19380144527648
131.75,91.25,-85.18927217083643
132.5,91.25,-85.10724170234143
133.25,91.25,-83.8413188483453
134.0,91.25,-83.5844189074144
134.75,91.25,-83.19869363711946
135.5,91.25,-83.59548574314798
136.25,91.25,-84.69124697612371
137.0,91.25,-85.80188525209809
137.75,91.25,-84.96638402279125
138.5,91.25,-84.88871893074743
139.25,91.25,-84.8578433071139
140.0,91.25,-84.74928248151011
140.75,91.25,-89.4146366817977
141.5,91.25,-87.69813031624675
142.25,91.25,-85.33906738299353
143.0,91.25,-87.17015795933565
143.75,91.25,-85.48959217416929
144.5,91.25,-83.69598507809962
145.25,91.25,-82.8203220458276
146.0,91.25,-83.40283472081316
146.75,91.25,-85.39600395319886
147.5,91.25,-84.29961861908829
148.25,91.25,-84.31700771752777
149.0,91.25,
149.75,91.25,
150.5,91.25,
151.25,91.25,
152.0,91.25,
152.75,91.25,
153.5,91.25,
154.25,91.25,
155.0,91.25,
155.75,91.25,
156.5,91.25,
157.25,91.25,
158.0,91.25,
158.75,91.25,
159.5,91.25,
160.25,91.25,
161.0,91.25,
161.75,91.25,
162.5,91.25,
163.25,91.25,
164.0,91.25,
164.75,91.25,
165.5,91.25,
166.25,91.25,
167.0,91.25,
167.75,91.25,
168.5,91.25,
169.25,91.25,
170.0,91.25,
170.75,91.25,
171.5,91.25,
172.25,91.25,
173.0,91.25,
173.75,91.25,
174.5,91.25,
175.25,91.25,
176.0,91.25,
176.75,91.25,
177.5,91.25,
178.25,91.25,
179.0,91.25,
179.75,91.25,
180.5,91.25,
181.25,91.25,
182.0,91.25,
182.75,91.25,
183.5,91.25,
184.25,91.25,
185.0,91.25,
185.75,91.25,
186.5,91.25,
187.25,91.25,
188.0,91.25,
188.75,91.25,
189.5,91.25,
190.25,91.25,
191.0,91.25,
191.75,91.25,-83.14988967743044
192.5,91.25,-83.19687059601779
193.25,91.25,-83.24938204615172
194.0,91.25,-83.42795430700541
194.75,91.25,-83.70580257371864
195.5,91.25,-84.40736774552502
196.25,91.25,-86.13685697364376
197.0,91.25,-88.091493042272
197.75,91.25,-85.61235278868784
198.5,91.25,-83.41085264048138
199.25,91.25,-83.0726894232979
200.0,91.25,-83.19640397516459
200.75,91.25,-83.18031831251399
201.5,91.25,-83.10915736279078
202.25,91.25,-83.15522430044093
203.0,91.25,-83.90492529816362
203.75,91.25,-85.83700336499808
204.5,91.25,-85.18963927130905
205.25,91.25,-85.98533137418083
206.0,91.25,-86.29595649886487
206.75,91.25,-86.84439118880337
207.5,91.25,-88.0251025235574
208.25,91.25,-90.69955288661988
209.0,91.25,-95.0329244414471
209.75,91.25,-88.747621278446
210.5,91.25,-83.05794323891475
211.25,91.25,-82.28441278453738
212.0,91.25,-82.68328353225466
212.75,91.25,-82.71758520881328
213.5,91.25,-82.73759905902122
214.25,91.25,-81.59075356058594
215.0,91.25,-79.37430482800004
215.75,91.25,-81.39719969848794
216.5,91.25,-81.08870419639682
217.25,91.25,-80.62208990344253
218.0,91.25,-84.4449801874226
218.75,91.25,-86.85878641012745
219.5,91.25,-87.0017207645876
220.25,91.25,-87.3882565195359
221.0,91.25,-88.39852919690254
221.75,91.25,-89.75131685425232
222.5,91.25,-90.77716742780636
223.25,91.25,-90.96692050445222
224.0,91.25,-91.16254534033752
224.75,91.25,-91.90211530485276
225.5,91.25,-94.27559314155748
226.25,91.25,-95.8441626552286
227.0,91.25,-97.0219310120756
227.75,91.25,-97.67171023689227
228.5,91.25,-97.72218154898795
229.25,91.25,-97.33301975540923
230.0,91.25,-96.03816793893128
230.75,91.25,-95.12702995308554
77.0,92.0,
77.75,92.0,
78.5,92.0,
79.25,92.0,
80.0,92.0,
80.75,92.0,
81.5,92.0,
82.25,92.0,
83.0,92.0,
83.75,92.0,
84.5,92.0,
85.25,92.0,
86.0,92.0,
86.75,92.0,
87.5,92.0,
88.25,92.0,
89.0,92.0,
89.75,92.0,
90.5,92.0,
91.25,92.0,
92.0,92.0,
92.75,92.0,
93.5,92.0,
94.25,92.0,
95.0,92.0,
95.75,92.0,
96.5,92.0,
97.25,92.0,
98.0,92.0,
98.75,92.0,
99.5,92.0,
100.25,92.0,
101.0,92.0,
101.75,92.0,
102.5,92.0,
103.25,92.0,
104.0,92.0,
104.75,92.0,
105.5,92.0,
106.25,92.0,
107.0,92.0,
107.75,92.0,
108.5,92.0,
109.25,92.0,
110.0,92.0,
110.75,92.0,
111.5,92.0,
112.25,92.0,
113.0,92.0,
113.75,92.0,
114.5,92.0,
115.25,92.0,
116.0,92.0,
116.75,92.0,
117.5,92.0,
118.25,92.0,
119.0,92.0,
119.75,92.0,
120.5,92.0,
121.25,92.0,
122.0,92.0,
122.75,92.0,
123.5,92.0,
124.25,92.0,
125.0,92.0,
125.75,92.0,
126.5,92.0,
127.25,92.0,
128.0,92.0,-85.5
128.75,92.0,-85.47374179431073
129.5,92.0,-85.4381443298969
130.25,92.0,-85.61502776189491
131.0,92.0,-85.54046563192902
131.75,92.0,-85.18059845606003
132.5,92.0,-84.22661517913502
133.25,92.0,-83.6728726198211
134.0,92.0,-83.78952569169961
134.75,92.0,-83.4732374444933
135.5,92.0,-83.75471206047493
136.25,92.0,-84.31691253522655
137.0,92.0,-84.66683778234088
137.75,92.0,-84.74567269021331
138.5,92.0,-84.00272786425748
139.25,92.0,-83.49951050282239
140.0,92.0,-81.43181818181819
140.75,92.0,-80.09160978528168
141.5,92.0,-80.33630311827417
142.25,92.0,-81.98239818548286
143.0,92.0,-84.00051898888753
143.75,92.0,-83.83603581185007
144.5,92.0,-83.10882383327484
145.25,92.0,-82.51760694082117
146.0,92.0,-82.20413458319383
146.75,92.0,-82.69912709071929
147.5,92.0,-84.33982099730075
148.25,92.0,-87.27729044834308
149.0,92.0,
149.75,92.0,
150.5,92.0,
151.25,92.0,
152.0,92.0,
152.75,92.0,
153.5,92.0,
154.25,92.0,
155.0,92.0,
155.75,92.0,
156.5,92.0,
157.25,92.0,
158.0,92.0,
158.75,92.0,
159.5,92.0,
160.25,92.0,
161.0,92.0,
161.75,92.0,
162.5,92.0,
163.25,92.0,
164.0,92.0,
164.75,92.0,
165.5,92.0,
166.25,92.0,
167.0,92.0,
167.75,92.0,
168.5,92.0,
169.25,92.0,
170.0,92.0,
170.75,92.0,
171.5,92.0,
172.25,92.0,
173.0,92.0,
173.75,92.0,
174.5,92.0,
175.25,92.0,
176.0,92.0,
176.75,92.0,
177.5,92.0,
178.25,92.0,
179.0,92.0,
179.75,92.0,
180.5,92.0,
181.25,92.0,
182.0,92.0,
182.75,92.0,
183.5,92.0,
184.25,92.0,
185.0,92.0,
185.75,92.0,
186.5,92.0,
187.25,92.0,
188.0,92.0,
188.75,92.0,
189.5,92.0,
190.25,92.0,
191.0,92.0,
191.75,92.0,-83.72253000923361
192.5,92.0,-83.16596381444701
193.25,92.0,-83.27357897803128
194.0,92.0,-83.34584980237156
194.75,92.0,-83.46578928610336
195.5,92.0,-83.64617884884068
196.25,92.0,-83.8496777285798
197.0,92.0,-83.93593130779391
197.75,92.0,-83.77683772202222
198.5,92.0,-83.57287033869312
199.25,92.0,-83.46315033336616
200.0,92.0,-83.39795244385732
200.75,92.0,-83.30485187198941
201.5,92.0,-83.20659025751522
202.25,92.0,-83.2418786006098
203.0,92.0,-83.16
203.75,92.0,-85.75515820154241
204.5,92.0,-84.62198203065566
205.25,92.0,-85.98157641320424
206.0,92.0,-86.15528634361235
206.75,92.0,-86.21915482984129
207.5,92.0,-86.5974993167532
208.25,92.0,-87.03074155471268
209.0,92.0,-87.20762711864406
209.75,92.0,-86.7823653690551
210.5,92.0,-86.20620718579617
211.25,92.0,-85.86693999254568
212.0,92.0,-84.47222222222221
212.75,92.0,-85.14160444378514
213.5,92.0,-85.3344807802639
214.25,92.0,-85.42371599822548
215.0,92.0,-85.731977159172
215.75,92.0,-85.04030775612038
216.5,92.0,-83.65374155826497
217.25,92.0,-83.54110345942885
218.0,92.0,-85.68584070796459
218.75,92.0,-87.52326554051352
219.5,92.0,-87.87327052101057
220.25,92.0,-87.94384559520911
221.0,92.0,-88.74868344060853
221.75,92.0,-89.60251054169666
222.5,92.0,-90.25798525798525
223.25,92.0,-90.74926253687315
224.0,92.0,-91.21641791044777
224.75,92.0,-91.75968873970095
225.5,92.0,-93.97547113371223
226.25,92.0,-95.49042961432218
227.0,92.0,-96.46296296296295
227.75,92.0,-96.98048805715428
228.5,92.0,-97.02067646707303
229.25,92.0,-96.94655189670704
230.0,92.0,-96.14285714285714
230.75,92.0,-95.60881681539236
77.0,92.75,
77.75,92.75,
78.5,92.75,
79.25,92.75,
80.0,92.75,
80.75,92.75,
81.5,92.75,
82.25,92.75,
83.0,92.75,
83.75,92.75,
84.5,92.75,
85.25,92.75,
86.0,92.75,
86.75,92.75,
87.5,92.75,
88.25,92.75,
89.0,92.75,
89.75,92.75,
90.5,92.75,
91.25,92.75,
92.0,92.75,
92.75,92.75,
93.5,92.75,
94.25,92.75,
95.0,92.75,
95.75,92.75,
96.5,92.75,
97.25,92.75,
98.0,92.75,
98.75,92.75,
99.5,92.75,
100.25,92.75,
101.0,92.75,
101.75,92.75,
102.5,92.75,
103.25,92.75,
104.0,92.75,
104.75,92.75,
105.5,92.75,
106.25,92.75,
107.0,92.75,
107.75,92.75,
108.5,92.75,
109.25,92.75,
110.0,92.75,
110.75,92.75,
111.5,92.75,
112.25,92.75,
113.0,92.75,
113.75,92.75,
114.5,92.75,
115.25,92.75,
116.0,92.75,
116.75,92.75,
117.5,92.75,
118.25,92.75,
119.0,92.75,
119.75,92.75,
120.5,92.75,
121.25,92.75,
122.0,92.75,
122.75,92.75,
123.5,92.75,
124.25,92.75,
125.0,92.75,
125.75,92.75,
126.5,92.75,
127.25,92.75,
128.0,92.75,
128.75,92.75,
129.5,92.75,-85.42697768762679
130.25,92.75,-85.39140271493213
131.0,92.75,-84.97460917122886
131.75,92.75,-85.55352627867025
132.5,92.75,-84.10566595094824
133.25,92.75,-83.7707591587266
134.0,92.75,-83.43972053467088
134.75,92.75,-83.51571760920005
135.5,92.75,-83.70364537709402
136.25,92.75,-83.96195026585033
137.0,92.75,-82.81215409801243
137.75,92.75,-83.15854869708598
138.5,92.75,-83.66426934927121
139.25,92.75,-83.55761573893358
140.0,92.75,-78.28608764987302
140.75,92.75,-68.25088866510987
141.5,92.75,-70.27732418810571
142.25,92.75,-77.32345639583338
143.0,92.75,-80.48485218487698
143.75,92.75,-81.68529160425332
144.5,92.75,-81.7958450042225
145.25,92.75,-81.895760917415
146.0,92.75,-82.38906525707613
146.75,92.75,-79.40732121020866
147.5,92.75,-83.45444685466377
148.25,92.75,
149.0,92.75,
149.75,92.75,
150.5,92.75,
151.25,92.75,
152.0,92.75,
152.75,92.75,
153.5,92.75,
154.25,92.75,
155.0,92.75,
155.75,92.75,
156.5,92.75,
157.25,92.75,
158.0,92.75,
158.75,92.75,
159.5,92.75,
160.25,92.75,
161.0,92.75,
161.75,92.75,
162.5,92.75,
163.25,92.75,
164.0,92.75,
164.75,92.75,
165.5,92.75,
166.25,92.75,
167.0,92.75,
167.75,92.75,
168.5,92.75,
169.25,92.75,
170.0,92.75,
170.75,92.75,
171.5,92.75,
172.25,92.75,
173.0,92.75,
173.75,92.75,
174.5,92.75,
175.25,92.75,
176.0,92.75,
176.75,92.75,
177.5,92.75,
178.25,92.75,
179.0,92.75,
179.75,92.75,
180.5,92.75,
181.25,92.75,
182.0,92.75,
182.75,92.75,
183.5,92.75,
184.25,92.75,
185.0,92.75,
185.75,92.75,
186.5,92.75,
187.25,92.75,
188.0,92.75,
188.75,92.75,
189.5,92.75,
190.25,92.75,
191.0,92.75,
191.75,92.75,-83.64858133432
192.5,92.75,-83.09016305604592
193.25,92.75,-83.19768084129888
194.0,92.75,-83.14905808264
194.75,92.75,-83.02944262678749
195.5,92.75,-82.62816666227465
196.25,92.75,-81.51240371443147
197.0,92.75,-80.26047233043803
197.75,92.75,-81.61738161994403
198.5,92.75,-83.3864565469912
199.25,92.75,-83.7777821752068
200.0,92.75,-82.90250591526907
200.75,92.75,-82.05918689503135
201.5,92.75,-81.38868490216863
202.25,92.75,-80.90447925798779
203.0,92.75,-79.15296029115488
203.75,92.75,-85.28945998340778
204.5,92.75,-85.7172230341641
205.25,92.75,-85.73310453260115
206.0,92.75,-85.77640536568093
206.75,92.75,-85.63652140504115
207.5,92.75,-85.00806290010097
208.25,92.75,-83.19481974507808
209.0,92.75,-80.5772080088809
209.75,92.75,-84.21570368862619
210.5,92.75,-88.19845511764605
211.25,92.75,-89.14692378328742
212.0,92.75,-86.64899566766462
212.75,92.75,-84.09153340360798
213.5,92.75,-84.89094969956966
214.25,92.75,-89.26732834742897
215.0,92.75,-92.93795695882461
215.75,92.75,-89.87870567002321
216.5,92.75,-86.51377635912405
217.25,92.75,-85.98913041136461
218.0,92.75,-87.89058738441813
218.75,92.75,-89.67763987345418
219.5,92.75,-89.58957756043347
220.25,92.75,-89.09466573437247
221.0,92.75,-88.9649012335781
221.75,92.75,-89.38445297129041
222.5,92.75,-89.84600655069856
223.25,92.75,-90.42126410137536
224.0,92.75,-90.43287051793675
224.75,92.75,-92.39024155930105
225.5,92.75,-94.06789454873831
226.25,92.75,-95.18984700066521
227.0,92.75,-96.0900348627717
227.75,92.75,-96.53211355807531
228.5,92.75,-96.63055335584447
229.25,92.75,-96.89419782914428
230.0,92.75,-96.40161725067385
230.75,92.75,-96.06759928213152
77.0,93.5,
77.75,93.5,
78.5,93.5,
79.25,93.5,
80.0,93.5,
80.75,93.5,
81.5,93.5,
82.25,93.5,
83.0,93.5,
83.75,93.5,
84.5,93.5,
85.25,93.5,
86.0,93.5,
86.75,93.5,
87.5,93.5,
88.25,93.5,
89.0,93.5,
89.75,93.5,
90.5,93.5,
91.25,93.5,
92.0,93.5,
92.75,93.5,
93.5,93.5,
94.25,93.5,
95.0,93.5,
95.75,93.5,
96.5,93.5,
97.25,93.5,
98.0,93.5,
98.75,93.5,
99.5,93.5,
100.25,93.5,
101.0,93.5,
101.75,93.5,
102.5,93.5,
103.25,93.5,
104.0,93.5,
104.75,93.5,
105.5,93.5,
106.25,93.5,
107.0,93.5,
107.75,93.5,
108.5,93.5,
109.25,93.5,
110.0,93.5,
110.75,93.5,
111.5,93.5,
112.25,93.5,
113.0,93.5,
113.75,93.5,
114.5,93.5,
115.25,93.5,
116.0,93.5,
116.75,93.5,
117.5,93.5,
118.25,93.5,
119.0,93.5,
119.75,93.5,
120.5,93.5,
121.25,93.5,
122.0,93.5,
122.75,93.5,
123.5,93.5,
124.25,93.5,
125.0,93.5,
125.75,93.5,
126.5,93.5,
127.25,93.5,
128.0,93.5,
128.75,93.5,
129.5,93.5,
130.25,93.5,
131.0,93.5,
131.75,93.5,-84.97330694621714
132.5,93.5,-85.0
133.25,93.5,-83.21045828308615
134.0,93.5,-83.43963356028489
134.75,93.5,-83.51232454695963
135.5,93.5,-83.63523243879095
136.25,93.5,-82.08715488080978
137.0,93.5,-82.62183533185436
137.75,93.5,-82.70309259873123
138.5,93.5,-83.30648908001079
139.25,93.5,-82.89948861910126
140.0,93.5,-77.55464173050923
140.75,93.5,-69.54698834267404
141.5,93.5,-70.3760638261098
142.25,93.5,-75.45262430628063
143.0,93.5,-78.96175443389268
143.75,93.5,-80.07300058919371
144.5,93.5,-80.74865278065816
145.25,93.5,-81.12749118179451
146.0,93.5,-81.18972274061632
146.75,93.5,-78.8570189067576
147.5,93.5,
148.25,93.5,
149.0,93.5,
149.75,93.5,
150.5,93.5,
151.25,93.5,
152.0,93.5,
152.75,93.5,
153.5,93.5,
154.25,93.5,
155.0,93.5,
155.75,93.5,
156.5,93.5,
157.25,93.5,
158.0,93.5,
158.75,93.5,
159.5,93.5,
160.25,93.5,
161.0,93.5,
161.75,93.5,
162.5,93.5,
163.25,93.5,
164.0,93.5,
164.75,93.5,
165.5,93.5,
166.25,93.5,
167.0,93.5,
167.75,93.5,
168.5,93.5,
169.25,93.5,
170.0,93.5,
170.75,93.5,
171.5,93.5,
172.25,93.5,
173.0,93.5,
173.75,93.5,
174.5,93.5,
175.25,93.5,
176.0,93.5,
176.75,93.5,
177.5,93.5,
178.25,93.5,
179.0,93.5,
179.75,93.5,
180.5,93.5,
181.25,93.5,
182.0,93.5,
182.75,93.5,
183.5,93.5,
184.25,93.5,
185.0,93.5,
185.75,93.5,
186.5,93.5,
187.25,93.5,
188.0,93.5,
188.75,93.5,
189.5,93.5,
190.25,93.5,
191.0,93.5,
191.75,93.5,-83.55923837747629
192.5,93.5,-83.49259259259259
193.25,93.5,-83.08284245483954
194.0,93.5,-82.97080013184157
194.75,93.5,-82.73395432241499
195.5,93.5,-82.21595936750714
196.25,93.5,-80.65160884712772
197.0,93.5,-80.32817807792226
197.75,93.5,-81.17528859186129
198.5,93.5,-82.87694565123574
199.25,93.5,-83.35069548766657
200.0,93.5,-82.31706950481586
200.75,93.5,-81.02237634662866
201.5,93.5,-80.17686201319037
202.25,93.5,-79.60715685013582
203.0,93.5,-77.81987137380547
203.75,93.5,-82.44231598813165
204.5,93.5,-86.65949447957279
205.25,93.5,-85.77524594472457
206.0,93.5,-85.70529133853687
206.75,93.5,-85.83821809695883
207.5,93.5,-85.02779580901272
208.25,93.5,-83.37651802070084
209.0,93.5,-81.77812165367331
209.75,93.5,-84.34447460918975
210.5,93.5,-87.09445585215609
211.25,93.5,-88.21473498956085
212.0,93.5,-86.90529614613915
212.75,93.5,-85.12306561588399
213.5,93.5,-85.9310442678774
214.25,93.5,-89.59613715602619
215.0,93.5,-92.13282543392438
215.75,93.5,-90.42935150861842
216.5,93.5,-87.77479794268918
217.25,93.5,-87.81086916843127
218.0,93.5,-88.58727283106732
218.75,93.5,-89.57398896762312
219.5,93.5,-89.6868627694539
220.25,93.5,-89.42697097815335
221.0,93.5,-89.13100122616984
221.75,93.5,-89.27243320490034
222.5,93.5,-90.20307528160969
223.25,93.5,-90.297497186693
224.0,93.5,-90.20011470879608
224.75,93.5,-90.78152492668622
225.5,93.5,-94.05555555555556
226.25,93.5,-95.10578600406811
227.0,93.5,-95.8303886925795
227.75,93.5,-96.243823865893
228.5,93.5,-97.27724961308867
229.25,93.5,-96.94232485448013
230.0,93.5,-96.62237762237763
230.75,93.5,-96.39497086943145
77.0,94.25,
77.75,94.25,
78.5,94.25,
79.25,94.25,
80.0,94.25,
80.75,94.25,
81.5,94.25,
82.25,94.25,
83.0,94.25,
83.75,94.25,
84.5,94.25,
85.25,94.25,
86.0,94.25,
86.75,94.25,
87.5,94.25,
88.25,94.25,
89.0,94.25,
89.75,94.25,
90.5,94.25,
91.25,94.25,
92.0,94.25,
92.75,94.25,
93.5,94.25,
94.25,94.25,
95.0,94.25,
95.75,94.25,
96.5,94.25,
97.25,94.25,
98.0,94.25,
98.75,94.25,
99.5,94.25,
100.25,94.25,
101.0,94.25,
101.75,94.25,
102.5,94.25,
103.25,94.25,
104.0,94.25,
104.75,94.25,
105.5,94.25,
106.25,94.25,
107.0,94.25,
107.75,94.25,
108.5,94.25,
109.25,94.25,
110.0,94.25,
110.75,94.25,
111.5,94.25,
112.25,94.25,
113.0,94.25,
113.75,94.25,
114.5,94.25,
115.25,94.25,
116.0,94.25,
116.75,94.25,
117.5,94.25,
118.25,94.25,
119.0,94.25,
119.75,94.25,
120.5,94.25,
121.25,94.25,
122.0,94.25,
122.75,94.25,
123.5,94.25,
124.25,94.25,
125.0,94.25,
125.75,94.25,
126.5,94.25,
127.25,94.25,
128.0,94.25,
128.75,94.25,
129.5,94.25,
130.25,94.25,
131.0,94.25,
131.75,94.25,
132.5,94.25,-85.02938736425885
133.25,94.25,-84.84874610432826
134.0,94.25,-84.88475643968327
134.75,94.25,-83.49376560556206
135.5,94.25,-81.56759013091727
136.25,94.25,-81.58326958616699
137.0,94.25,-82.13430502216013
137.75,94.25,-82.07784193749544
138.5,94.25,-82.3048358983472
139.25,94.25,-81.26934817481674
140.0,94.25,-78.26791300128953
140.75,94.25,-74.90397240685573
141.5,94.25,-74.24985114871981
142.25,94.25,-76.31925601734332
143.0,94.25,-78.46801823624875
143.75,94.25,-79.92998337243108
144.5,94.25,-80.36975377290523
145.25,94.25,-80.41140363297222
146.0,94.25,-81.41714214924758
146.75,94.25,-78.56434599156118
147.5,94.25,
148.25,94.25,
149.0,94.25,
149.75,94.25,
150.5,94.25,
151.25,94.25,
152.0,94.25,
152.75,94.25,
153.5,94.25,
154.25,94.25,
155.0,94.25,
155.75,94.25,
156.5,94.25,
157.25,94.25,
158.0,94.25,
158.75,94.25,
159.5,94.25,
160.25,94.25,
161.0,94.25,
161.75,94.25,
162.5,94.25,
163.25,94.25,
164.0,94.25,
164.75,94.25,
165.5,94.25,
166.25,94.25,
167.0,94.25,
167.75,94.25,
168.5,94.25,
169.25,94.25,
170.0,94.25,
170.75,94.25,
171.5,94.25,
172.25,94.25,
173.0,94.25,
173.75,94.25,
174.5,94.25,
175.25,94.25,
176.0,94.25,
176.75,94.25,
177.5,94.25,
178.25,94.25,
179.0,94.25,
179.75,94.25,
180.5,94.25,
181.25,94.25,
182.0,94.25,
182.75,94.25,
183.5,94.25,
184.25,94.25,
185.0,94.25,
185.75,94.25,
186.5,94.25,
187.25,94.25,
188.0,94.25,
188.75,94.25,
189.5,94.25,
190.25,94.25,
191.0,94.25,
191.75,94.25,
192.5,94.25,-83.3797298826124
193.25,94.25,-83.36252563620134
194.0,94.25,-81.10951292186087
194.75,94.25,-80.93574058671486
195.5,94.25,-80.72651337129707
196.25,94.25,-80.49805343561822
197.0,94.25,-80.37422014510405
197.75,94.25,-80.49893485404239
198.5,94.25,-80.48325973891095
199.25,94.25,-80.5818762022617
200.0,94.25,-79.97823964999868
200.75,94.25,-79.17247493555699
201.5,94.25,-77.36206610624883
202.25,94.25,-76.96442851409576
203.0,94.25,-76.71493762257793
203.75,94.25,-79.08870223256663
204.5,94.25,-84.90324094979813
205.25,94.25,-86.73520489469
206.0,94.25,-87.32195724362101
206.75,94.25,-86.92477337327134
207.5,94.25,-86.48948788168795
208.25,94.25,-86.29852689658938
209.0,94.25,-86.49339460124094
209.75,94.25,-86.09465921113821
210.5,94.25,-85.1018311260199
211.25,94.25,-85.15224689156044
212.0,94.25,-87.56118823720621
212.75,94.25,-89.39849505647726
213.5,94.25,-89.09656907952196
214.25,94.25,-89.2420464987133
215.0,94.25,-89.46848646664479
215.75,94.25,-89.33970481206129
216.5,94.25,-88.34122150856425
217.25,94.25,-88.54552292159987
218.0,94.25,-88.85383033788295
218.75,94.25,-89.23430090942496
219.5,94.25,-89.76127062273605
220.25,94.25,-89.43974032772311
221.0,94.25,-89.38268408824305
221.75,94.25,-89.37946821720725
222.5,94.25,-90.19042172207436
223.25,94.25,-90.20961920833199
224.0,94.25,-90.21545775734366
224.75,94.25,-90.71761658031089
225.5,94.25,
226.25,94.25,-95.093769304122
227.0,94.25,-95.66550522648085
227.75,94.25,-96.0690851021541
228.5,94.25,-97.24991155759429
229.25,94.25,-97.01092063008035
230.0,94.25,-96.78960096735189
230.75,94.25,-96.62466001813237
77.0,95.0,
77.75,95.0,
78.5,95.0,
79.25,95.0,
80.0,95.0,
80.75,95.0,
81.5,95.0,
82.25,95.0,
83.0,95.0,
83.75,95.0,
84.5,95.0,
85.25,95.0,
86.0,95.0,
86.75,95.0,
87.5,95.0,
88.25,95.0,
89.0,95.0,
89.75,95.0,
90.5,95.0,
91.25,95.0,
92.0,95.0,
92.75,95.0,
93.5,95.0,
94.25,95.0,
95.0,95.0,
95.75,95.0,
96.5,95.0,
97.25,95.0,
98.0,95.0,
98.75,95.0,
99.5,95.0,
100.25,95.0,
101.0,95.0,
101.75,95.0,
102.5,95.0,
103.25,95.0,
104.0,95.0,
104.75,95.0,
105.5,95.0,
106.25,95.0,
107.0,95.0,
107.75,95.0,
108.5,95.0,
109.25,95.0,
110.0,95.0,
110.75,95.0,
111.5,95.0,
112.25,95.0,
113.0,95.0,
113.75,95.0,
114.5,95.0,
115.25,95.0,
116.0,95.0,
116.75,95.0,
117.5,95.0,
118.25,95.0,
119.0,95.0,
119.75,95.0,
120.5,95.0,
121.25,95.0,
122.0,95.0,
122.75,95.0,
123.5,95.0,
124.25,95.0,
125.0,95.0,
125.75,95.0,
126.5,95.0,
127.25,95.0,
128.0,95.0,
128.75,95.0,
129.5,95.0,
130.25,95.0,
131.0,95.0,
131.75,95.0,
132.5,95.0,
133.25,95.0,
134.0,95.0,-85.07407407407408
134.75,95.0,-85.01761577015462
135.5,95.0,-81.89662429859739
136.25,95.0,-81.73320443585627
137.0,95.0,-82.41176470588235
137.75,95.0,-82.0297206860661
138.5,95.0,-81.42910075596699
139.25,95.0,-80.7287230114145
140.0,95.0,-79.13188976377951
140.75,95.0,-77.63891533653086
141.5,95.0,-76.77966009331462
142.25,95.0,-77.58365213433393
143.0,95.0,-78.8235294117647
143.75,95.0,-79.38070884038942
144.5,95.0,-80.3072448977135
145.25,95.0,-80.36392827634134
146.0,95.0,-77.54629629629629
146.75,95.0,
147.5,95.0,
148.25,95.0,
149.0,95.0,
149.75,95.0,
150.5,95.0,
151.25,95.0,
152.0,95.0,
152.75,95.0,
153.5,95.0,
154.25,95.0,
155.0,95.0,
155.75,95.0,
156.5,95.0,
157.25,95.0,
158.0,95.0,
158.75,95.0,
159.5,95.0,
160.25,95.0,
161.0,95.0,
161.75,95.0,
162.5,95.0,
163.25,95.0,
164.0,95.0,
164.75,95.0,
165.5,95.0,
166.25,95.0,
167.0,95.0,
167.75,95.0,
168.5,95.0,
169.25,95.0,
170.0,95.0,
170.75,95.0,
171.5,95.0,
172.25,95.0,
173.0,95.0,
173.75,95.0,
174.5,95.0,
175.25,95.0,
176.0,95.0,
176.75,95.0,
177.5,95.0,
178.25,95.0,
179.0,95.0,
179.75,95.0,
180.5,95.0,
181.25,95.0,
182.0,95.0,
182.75,95.0,
183.5,95.0,
184.25,95.0,
185.0,95.0,
185.75,95.0,
186.5,95.0,
187.25,95.0,
188.0,95.0,
188.75,95.0,
189.5,95.0,
190.25,95.0,
191.0,95.0,
191.75,95.0,
192.5,95.0,
193.25,95.0,-83.82058545797923
194.0,95.0,-80.34194457491779
194.75,95.0,-80.36334891007048
195.5,95.0,-80.02751810722825
196.25,95.0,-79.57106596925269
197.0,95.0,-78.92592592592592
197.75,95.0,-78.01598750872999
198.5,95.0,-76.03179665840673
199.25,95.0,-75.03108805591398
200.0,95.0,-75.03947368421052
200.75,95.0,-75.22479720645073
201.5,95.0,-75.43739413514297
202.25,95.0,-75.61536769528442
203.0,95.0,-75.25
203.75,95.0,-77.81059059096499
204.5,95.0,-79.15791743116486
205.25,95.0,-84.8294286634885
206.0,95.0,-87.49389561323724
206.75,95.0,-87.29357893163524
207.5,95.0,-87.21842704753578
208.25,95.0,-87.52050978839546
209.0,95.0,-87.99999999999812
209.75,95.0,-86.99812607357694
210.5,95.0,-84.12475029964043
211.25,95.0,-83.0536370933603
212.0,95.0,-87.85245901639341
212.75,95.0,-91.7202885032926
213.5,95.0,-91.35060887213683
214.25,95.0,-90.4567718666083
215.0,95.0,-89.2578125
215.75,95.0,-90.07176754345342
216.5,95.0,-90.0881409905671
217.25,95.0,-90.37714676511163
218.0,95.0,-89.62892184826012
218.75,95.0,-90.3507626829925
219.5,95.0,-90.33310944019108
220.25,95.0,-90.00648165865375
221.0,95.0,-89.77464788732394
221.75,95.0,-90.33530634983221
222.5,95.0,-90.22248011510166
223.25,95.0,-90.16482766308972
224.0,95.0,-90.59308510638297
224.75,95.0,-89.83587786259542
225.5,95.0,
226.25,95.0,
227.0,95.0,-93.0
227.75,95.0,
228.5,95.0,
229.25,95.0,
230.0,95.0,
230.75,95.0,
77.0,95.75,
77.75,95.75,
78.5,95.75,
79.25,95.75,
80.0,95.75,
80.75,95.75,
81.5,95.75,
82.25,95.75,
83.0,95.75,
83.75,95.75,
84.5,95.75,
85.25,95.75,
86.0,95.75,
86.75,95.75,
87.5,95.75,
88.25,95.75,
89.0,95.75,
89.75,95.75,
90.5,95.75,
91.25,95.75,
92.0,95.75,
92.75,95.75,
93.5,95.75,
94.25,95.75,
95.0,95.75,
95.75,95.75,
96.5,95.75,
97.25,95.75,
98.0,95.75,
98.75,95.75,
99.5,95.75,
100.25,95.75,
101.0,95.75,
101.75,95.75,
102.5,95.75,
103.25,95.75,
104.0,95.75,
104.75,95.75,
105.5,95.75,
106.25,95.75,
107.0,95.75,
107.75,95.75,
108.5,95.75,
109.25,95.75,
110.0,95.75,
110.75,95.75,
111.5,95.75,
112.25,95.75,
113.0,95.75,
113.75,95.75,
114.5,95.75,
115.25,95.75,
116.0,95.75,
116.75,95.75,
117.5,95.75,
118.25,95.75,
119.0,95.75,
119.75,95.75,
120.5,95.75,
121.25,95.75,
122.0,95.75,
122.75,95.75,
123.5,95.75,
124.25,95.75,
125.0,95.75,
125.75,95.75,
126.5,95.75,
127.25,95.75,
128.0,95.75,
128.75,95.75,
129.5,95.75,
130.25,95.75,
131.0,95.75,
131.75,95.75,
132.5,95.75,
133.25,95.75,
134.0,95.75,-85.01559454191035
134.75,95.75,-84.96244131455398
135.5,95.75,-84.9148882526306
136.25,95.75,-81.28118566269534
137.0,95.75,-80.97652657935707
137.75,95.75,-81.66186627125
138.5,95.75,-81.0687642882044
139.25,95.75,-80.21584893074834
140.0,95.75,-79.83993827497679
140.75,95.75,-78.52970625315022
141.5,95.75,-78.29467750471152
142.25,95.75,-78.63279584380622
143.0,95.75,-78.60346784722147
143.75,95.75,-79.41183047014749
144.5,95.75,-79.26043029565636
145.25,95.75,-76.3462441314554
146.0,95.75,-76.91764132553605
146.75,95.75,
147.5,95.75,
148.25,95.75,
149.0,95.75,
149.75,95.75,
150.5,95.75,
151.25,95.75,
152.0,95.75,
152.75,95.75,
153.5,95.75,
154.25,95.75,
155.0,95.75,
155.75,95.75,
156.5,95.75,
157.25,95.75,
158.0,95.75,
158.75,95.75,
159.5,95.75,
160.25,95.75,
161.0,95.75,
161.75,95.75,
162.5,95.75,
163.25,95.75,
164.0,95.75,
164.75,95.75,
165.5,95.75,
166.25,95.75,
167.0,95.75,
167.75,95.75,
168.5,95.75,
169.25,95.75,
170.0,95.75,
170.75,95.75,
171.5,95.75,
172.25,95.75,
173.0,95.75,
173.75,95.75,
174.5,95.75,
175.25,95.75,
176.0,95.75,
176.75,95.75,
177.5,95.75,
178.25,95.75,
179.0,95.75,
179.75,95.75,
180.5,95.75,
181.25,95.75,
182.0,95.75,
182.75,95.75,
183.5,95.75,
184.25,95.75,
185.0,95.75,
185.75,95.75,
186.5,95.75,
187.25,95.75,
188.0,95.75,
188.75,95.75,
189.5,95.75,
190.25,95.75,
191.0,95.75,
191.75,95.75,
192.5,95.75,-82.60927505330491
193.25,95.75,-77.43801758792131
194.0,95.75,-79.2191871388007
194.75,95.75,-78.92060858026974
195.5,95.75,-78.41235646690164
196.25,95.75,-77.52648692090774
197.0,95.75,-75.9764330054781
197.75,95.75,-72.81079203182084
198.5,95.75,-70.28433583441581
199.25,95.75,-69.49571786721971
200.0,95.75,-70.92332538790981
200.75,95.75,-72.65871941305709
201.5,95.75,-73.8926380428447
202.25,95.75,-75.06238948026282
203.0,95.75,-74.87690585609352
203.75,95.75,-77.30638370314936
204.5,95.75,-77.75998683035289
205.25,95.75,-84.53329394088493
206.0,95.75,-87.72998292261458
206.75,95.75,-87.64821229041189
207.5,95.75,-86.94653638736773
208.25,95.75,-87.36066207993827
209.0,95.75,-87.62386810516576
209.75,95.75,-87.7831591551032
210.5,95.75,-87.074433049002
211.25,95.75,-86.98603474925676
212.0,95.75,-88.93108166333073
212.75,95.75,-90.6339782662362
213.5,95.75,-90.8791608691838
214.25,95.75,-90.45827400742245
215.0,95.75,-90.31011612039451
215.75,95.75,-91.00624839816787
216.5,95.75,-90.40945283372535
217.25,95.75,-91.17066610087734
218.0,95.75,-91.31248619549301
218.75,95.75,-91.77112599641538
219.5,95.75,-91.63045841738962
220.25,95.75,-90.87645496661257
221.0,95.75,-90.83572859342902
221.75,95.75,-90.42808857328491
222.5,95.75,-90.20094909896495
223.25,95.75,-90.47705855580674
224.0,95.75,-90.4444817609699
224.75,95.75,-90.54268513697863
225.5,95.75,-89.55031446540882
226.25,95.75,
227.0,95.75,
227.75,95.75,
228.5,95.75,
229.25,95.75,
230.0,95.75,
230.75,95.75,
77.0,96.5,
77.75,96.5,
78.5,96.5,
79.25,96.5,
80.0,96.5,
80.75,96.5,
81.5,96.5,
82.25,96.5,
83.0,96.5,
83.75,96.5,
84.5,96.5,
85.25,96.5,
86.0,96.5,
86.75,96.5,
87.5,96.5,
88.25,96.5,
89.0,96.5,
89.75,96.5,
90.5,96.5,
91.25,96.5,
92.0,96.5,
92.75,96.5,
93.5,96.5,
94.25,96.5,
95.0,96.5,
95.75,96.5,
96.5,96.5,
97.25,96.5,
98.0,96.5,
98.75,96.5,
99.5,96.5,
100.25,96.5,
101.0,96.5,
101.75,96.5,
102.5,96.5,
103.25,96.5,
104.0,96.5,
104.75,96.5,
105.5,96.5,
106.25,96.5,
107.0,96.5,
107.75,96.5,
108.5,96.5,
109.25,96.5,
110.0,96.5,
110.75,96.5,
111.5,96.5,
112.25,96.5,
113.0,96.5,
113.75,96.5,
114.5,96.5,
115.25,96.5,
116.0,96.5,
116.75,96.5,
117.5,96.5,
118.25,96.5,
119.0,96.5,
119.75,96.5,
120.5,96.5,
121.25,96.5,
122.0,96.5,
122.75,96.5,
123.5,96.5,
124.25,96.5,
125.0,96.5,
125.75,96.5,
126.5,96.5,
127.25,96.5,
128.0,96.5,
128.75,96.5,
129.5,96.5,
130.25,96.5,
131.0,96.5,
131.75,96.5,
132.5,96.5,
133.25,96.5,
134.0,96.5,
134.75,96.5,-84.92380952380952
135.5,96.5,-84.85964912280703
136.25,96.5,-79.95042233859192
137.0,96.5,-80.59620683506834
137.75,96.5,-80.15429078851209
138.5,96.5,-79.55363154699486
139.25,96.5,-80.31807131956904
140.0,96.5,-78.87078651685393
140.75,96.5,-79.3674136887881
141.5,96.5,-78.4193181191015
142.25,96.5,-78.61733731281196
143.0,96.5,-79.05243899972677
143.75,96.5,-76.88036977468141
144.5,96.5,-75.24122807017544
145.25,96.5,-75.93095238095238
146.0,96.5,
146.75,96.5,
147.5,96.5,
148.25,96.5,
149.0,96.5,
149.75,96.5,
150.5,96.5,
151.25,96.5,
152.0,96.5,
152.75,96.5,
153.5,96.5,
154.25,96.5,
155.0,96.5,
155.75,96.5,
156.5,96.5,
157.25,96.5,
158.0,96.5,
158.75,96.5,
159.5,96.5,
160.25,96.5,
161.0,96.5,
161.75,96.5,
162.5,96.5,
163.25,96.5,
164.0,96.5,
164.75,96.5,
165.5,96.5,
166.25,96.5,
167.0,96.5,
167.75,96.5,
168.5,96.5,
169.25,96.5,
170.0,96.5,
170.75,96.5,
171.5,96.5,
172.25,96.5,
173.0,96.5,
173.75,96.5,
174.5,96.5,
175.25,96.5,
176.0,96.5,
176.75,96.5,
177.5,96.5,
178.25,96.5,
179.0,96.5,
179.75,96.5,
180.5,96.5,
181.25,96.5,
182.0,96.5,
182.75,96.5,
183.5,96.5,
184.25,96.5,
185.0,96.5,
185.75,96.5,
186.5,96.5,
187.25,96.5,
188.0,96.5,
188.75,96.5,
189.5,96.5,
190.25,96.5,
191.0,96.5,
191.75,96.5,
192.5,96.5,-83.02966101694915
193.25,96.5,-77.7009924351147
194.0,96.5,-76.95925951722354
194.75,96.5,-78.70902213519716
195.5,96.5,-78.28341323361884
196.25,96.5,-77.25248420854129
197.0,96.5,-74.23900945404371
197.75,96.5,-70.44418991676275
198.5,96.5,-65.46149122894599
199.25,96.5,-64.22816317175804
200.0,96.5,-67.98565072673598
200.75,96.5,-71.81428484479734
201.5,96.5,-74.19391479487058
202.25,96.5,-75.43834136191929
203.0,96.5,-74.86140892183953
203.75,96.5,-77.02521590731388
204.5,96.5,-78.4598458722515
205.25,96.5,-84.41197224459664
206.0,96.5,-85.20008401844898
206.75,96.5,-86.94073362273738
207.5,96.5,-87.20448739784707
208.25,96.5,-87.55550334587387
209.0,96.5,-88.07600829985493
209.75,96.5,-89.47693188958308
210.5,96.5,-92.63232071847865
211.25,96.5,-93.5649440395838
212.0,96.5,-91.14225165562914
212.75,96.5,-90.01023881868251
213.5,96.5,-89.7602865540044
214.25,96.5,-90.32718660050655
215.0,96.5,-91.41568618277935
215.75,96.5,-91.59268422835736
216.5,96.5,-91.41918863289291
217.25,96.5,-92.19326937576506
218.0,96.5,-92.73556834258358
218.75,96.5,-93.09945647585528
219.5,96.5,-92.99576685973426
220.25,96.5,-91.92330353992249
221.0,96.5,-90.86395991671537
221.75,96.5,-90.52104877711574
222.5,96.5,-90.28568733748143
223.25,96.5,-90.22642994916002
224.0,96.5,-90.28770209382455
224.75,96.5,-90.33516483516483
225.5,96.5,
226.25,96.5,
227.0,96.5,
227.75,96.5,
228.5,96.5,
229.25,96.5,
230.0,96.5,
230.75,96.5,
77.0,97.25,
77.75,97.25,
78.5,97.25,
79.25,97.25,
80.0,97.25,
80.75,97.25,
81.5,97.25,
82.25,97.25,
83.0,97.25,
83.75,97.25,
84.5,97.25,
85.25,97.25,
86.0,97.25,
86.75,97.25,
87.5,97.25,
88.25,97.25,
89.0,97.25,
89.75,97.25,
90.5,97.25,
91.25,97.25,
92.0,97.25,
92.75,97.25,
93.5,97.25,
94.25,97.25,
95.0,97.25,
95.75,97.25,
96.5,97.25,
97.25,97.25,
98.0,97.25,
98.75,97.25,
99.5,97.25,
100.25,97.25,
101.0,97.25,
101.75,97.25,
102.5,97.25,
103.25,97.25,
104.0,97.25,
104.75,97.25,
105.5,97.25,
106.25,97.25,
107.0,97.25,
107.75,97.25,
108.5,97.25,
109.25,97.25,
110.0,97.25,
110.75,97.25,
111.5,97.25,
112.25,97.25,
113.0,97.25,
113.75,97.25,
114.5,97.25,
115.25,97.25,
116.0,97.25,
116.75,97.25,
117.5,97.25,
118.25,97.25,
119.0,97.25,
119.75,97.25,
120.5,97.25,
121.25,97.25,
122.0,97.25,
122.75,97.25,
123.5,97.25,
124.25,97.25,
125.0,97.25,
125.75,97.25,
126.5,97.25,
127.25,97.25,
128.0,97.25,
128.75,97.25,
129.5,97.25,
130.25,97.25,
131.0,97.25,
131.75,97.25,
132.5,97.25,
133.25,97.25,
134.0,97.25,
134.75,97.25,
135.5,97.25,
136.25,97.25,
137.0,97.25,-76.92427616926503
137.75,97.25,-76.67875647668393
138.5,97.25,-76.26686217008798
139.25,97.25,-75.68789808917198
140.0,97.25,-75.0
140.75,97.25,-74.31210191082802
141.5,97.25,-73.73313782991202
142.25,97.25,-73.32124352331606
143.0,97.25,-73.07572383073496
143.75,97.25,
144.5,97.25,
145.25,97.25,
146.0,97.25,
146.75,97.25,
147.5,97.25,
148.25,97.25,
149.0,97.25,
149.75,97.25,
150.5,97.25,
151.25,97.25,
152.0,97.25,
152.75,97.25,
153.5,97.25,
154.25,97.25,
155.0,97.25,
155.75,97.25,
156.5,97.25,
157.25,97.25,
158.0,97.25,
158.75,97.25,
159.5,97.25,
160.25,97.25,
161.0,97.25,
161.75,97.25,
162.5,97.25,
163.25,97.25,
164.0,97.25,
164.75,97.25,
165.5,97.25,
166.25,97.25,
167.0,97.25,
167.75,97.25,
168.5,97.25,
169.25,97.25,
170.0,97.25,
170.75,97.25,
171.5,97.25,
172.25,97.25,
173.0,97.25,
173.75,97.25,
174.5,97.25,
175.25,97.25,
176.0,97.25,
176.75,97.25,
177.5,97.25,
178.25,97.25,
179.0,97.25,
179.75,97.25,
180.5,97.25,
181.25,97.25,
182.0,97.25,
182.75,97.25,
183.5,97.25,
184.25,97.25,
185.0,97.25,
185.75,97.25,
186.5,97.25,
187.25,97.25,
188.0,97.25,
188.75,97.25,
189.5,97.25,
190.25,97.25,
191.0,97.25,
191.75,97.25,
192.5,97.25,
193.25,97.25,-78.14363016494889
194.0,97.25,-77.47235423174214
194.75,97.25,-78.95789291036094
195.5,97.25,-79.25466022599008
196.25,97.25,-78.69290352592469
197.0,97.25,-76.34012197494063
197.75,97.25,-71.8226668583086
198.5,97.25,-65.20151470480602
199.25,97.25,-63.394693233448685
200.0,97.25,-69.04053026055841
200.75,97.25,-73.09468426515579
201.5,97.25,-74.95746174018576
202.25,97.25,-75.8526017119388
203.0,97.25,-76.52388210400329
203.75,97.25,-76.26611420265024
204.5,97.25,-77.35655813913048
205.25,97.25,-84.51715967463866
206.0,97.25,-85.11077801786546
206.75,97.25,-86.61800940366726
207.5,97.25,-86.9351890696287
208.25,97.25,-87.39140689679937
209.0,97.25,-88.19753768563181
209.75,97.25,-90.39968831377536
210.5,97.25,-93.9343459201302
211.25,97.25,-95.00926129276984
212.0,97.25,-91.6340326424627
212.75,97.25,-89.93762578266666
213.5,97.25,-89.45912632191369
214.25,97.25,-90.03991191423671
215.0,97.25,-91.28099131851833
215.75,97.25,-91.58330844232098
216.5,97.25,-91.74528834477373
217.25,97.25,-92.1756224774127
218.0,97.25,-92.79633875621883
218.75,97.25,-93.3940204053717
219.5,97.25,-93.11812912334491
220.25,97.25,-91.64837225003465
221.0,97.25,-90.32159708842374
221.75,97.25,-89.80514322364554
222.5,97.25,-89.72122954690887
223.25,97.25,-89.70238095238095
224.0,97.25,-89.78703703703704
224.75,97.25,-89.87437810945272
225.5,97.25,
226.25,97.25,
227.0,97.25,
227.75,97.25,
228.5,97.25,
229.25,97.25,
230.0,97.25,
230.75,97.25,
77.0,98.0,
77.75,98.0,
78.5,98.0,
79.25,98.0,
80.0,98.0,
80.75,98.0,
81.5,98.0,
82.25,98.0,
83.0,98.0,
83.75,98.0,
84.5,98.0,
85.25,98.0,
86.0,98.0,
86.75,98.0,
87.5,98.0,
88.25,98.0,
89.0,98.0,
89.75,98.0,
90.5,98.0,
91.25,98.0,
92.0,98.0,
92.75,98.0,
93.5,98.0,
94.25,98.0,
95.0,98.0,
95.75,98.0,
96.5,98.0,
97.25,98.0,
98.0,98.0,
98.75,98.0,
99.5,98.0,
100.25,98.0,
101.0,98.0,
101.75,98.0,
102.5,98.0,
103.25,98.0,
104.0,98.0,
104.75,98.0,
105.5,98.0,
106.25,98.0,
107.0,98.0,
107.75,98.0,
108.5,98.0,
109.25,98.0,
110.0,98.0,
110.75,98.0,
111.5,98.0,
112.25,98.0,
113.0,98.0,
113.75,98.0,
114.5,98.0,
115.25,98.0,
116.0,98.0,
116.75,98.0,
117.5,98.0,
118.25,98.0,
119.0,98.0,
119.75,98.0,
120.5,98.0,
121.25,98.0,
122.0,98.0,
122.75,98.0,
123.5,98.0,
124.25,98.0,
125.0,98.0,
125.75,98.0,
126.5,98.0,
127.25,98.0,
128.0,98.0,
128.75,98.0,
129.5,98.0,
130.25,98.0,
131.0,98.0,
131.75,98.0,
132.5,98.0,
133.25,98.0,
134.0,98.0,
134.75,98.0,
135.5,98.0,
136.25,98.0,
137.0,98.0,
137.75,98.0,-76.30382293762575
138.5,98.0,-75.95575221238938
139.25,98.0,-75.50823529411765
140.0,98.0,-75.0
140.75,98.0,-74.49176470588236
141.5,98.0,-74.04424778761062
142.25,98.0,-73.69617706237423
143.0,98.0,
143.75,98.0,
144.5,98.0,
145.25,98.0,
146.0,98.0,
146.75,98.0,
147.5,98.0,
148.25,98.0,
149.0,98.0,
149.75,98.0,
150.5,98.0,
151.25,98.0,
152.0,98.0,
152.75,98.0,
153.5,98.0,
154.25,98.0,
155.0,98.0,
155.75,98.0,
156.5,98.0,
157.25,98.0,
158.0,98.0,
158.75,98.0,
159.5,98.0,
160.25,98.0,
161.0,98.0,
161.75,98.0,
162.5,98.0,
163.25,98.0,
164.0,98.0,
164.75,98.0,
165.5,98.0,
166.25,98.0,
167.0,98.0,
167.75,98.0,
168.5,98.0,
169.25,98.0,
170.0,98.0,
170.75,98.0,
171.5,98.0,
172.25,98.0,
173.0,98.0,
173.75,98.0,
174.5,98.0,
175.25,98.0,
176.0,98.0,
176.75,98.0,
177.5,98.0,
178.25,98.0,
179.0,98.0,
179.75,98.0,
180.5,98.0,
181.25,98.0,
182.0,98.0,
182.75,98.0,
183.5,98.0,
184.25,98.0,
185.0,98.0,
185.75,98.0,
186.5,98.0,
187.25,98.0,
188.0,98.0,
188.75,98.0,
189.5,98.0,
190.25,98.0,
191.0,98.0,
191.75,98.0,
192.5,98.0,
193.25,98.0,-77.16942551119766
194.0,98.0,-79.5834932821497
194.75,98.0,-79.97496370073824
195.5,98.0,-80.32354106006865
196.25,98.0,-81.07600516601877
197.0,98.0,-80.84654261428899
197.75,98.0,-76.86308792713244
198.5,98.0,-72.31720524402262
199.25,98.0,-71.3064494059258
200.0,98.0,-73.2222222222222
200.75,98.0,-75.24570767865731
201.5,98.0,-76.04797345479183
202.25,98.0,-76.74306783432246
203.0,98.0,-77.40928626553476
203.75,98.0,-77.9248794558679
204.5,98.0,-77.38541057805637
205.25,98.0,-84.74686542885757
206.0,98.0,-84.93271334792121
206.75,98.0,-86.62695989876431
207.5,98.0,-86.87974164245074
208.25,98.0,-87.97490267563185
209.0,98.0,-88.27070019449847
209.75,98.0,-88.72240104111691
210.5,98.0,-89.19132673749088
211.25,98.0,-89.42775473082938
212.0,98.0,-89.24999999999999
212.75,98.0,-89.22344767162092
213.5,98.0,-89.21205319801481
214.25,98.0,-89.11816206043082
215.0,98.0,-90.81016140865736
215.75,98.0,-91.2949289266825
216.5,98.0,-92.0346285844565
217.25,98.0,-91.8962513636625
218.0,98.0,-92.30043050430504
218.75,98.0,-92.44036664845281
219.5,98.0,-91.84512444998394
220.25,98.0,-90.07755449287356
221.0,98.0,-88.97997835497833
221.75,98.0,-88.94601791698798
222.5,98.0,-89.16345300012685
223.25,98.0,-89.4164061413699
224.0,98.0,-89.61051212938004
224.75,98.0,-89.68638676844785
225.5,98.0,
226.25,98.0,
227.0,98.0,
227.75,98.0,
228.5,98.0,
229.25,98.0,
230.0,98.0,
230.75,98.0,
77.0,98.75,
77.75,98.75,
78.5,98.75,
79.25,98.75,
80.0,98.75,
80.75,98.75,
81.5,98.75,
82.25,98.75,
83.0,98.75,
83.75,98.75,
84.5,98.75,
85.25,98.75,
86.0,98.75,
86.75,98.75,
87.5,98.75,
88.25,98.75,
89.0,98.75,
89.75,98.75,
90.5,98.75,
91.25,98.75,
92.0,98.75,
92.75,98.75,
93.5,98.75,
94.25,98.75,
95.0,98.75,
95.75,98.75,
96.5,98.75,
97.25,98.75,
98.0,98.75,
98.75,98.75,
99.5,98.75,
100.25,98.75,
101.0,98.75,
101.75,98.75,
102.5,98.75,
103.25,98.75,
104.0,98.75,
104.75,98.75,
105.5,98.75,
106.25,98.75,
107.0,98.75,
107.75,98.75,
108.5,98.75,
109.25,98.75,
110.0,98.75,
110.75,98.75,
111.5,98.75,
112.25,98.75,
113.0,98.75,
113.75,98.75,
114.5,98.75,
115.25,98.75,
116.0,98.75,
116.75,98.75,
117.5,98.75,
118.25,98.75,
119.0,98.75,
119.75,98.75,
120.5,98.75,
121.25,98.75,
122.0,98.75,
122.75,98.75,
123.5,98.75,
124.25,98.75,
125.0,98.75,
125.75,98.75,
126.5,98.75,
127.25,98.75,
128.0,98.75,
128.75,98.75,
129.5,98.75,
130.25,98.75,
131.0,98.75,
131.75,98.75,
132.5,98.75,
133.25,98.75,
134.0,98.75,
134.75,98.75,
135.5,98.75,
136.25,98.75,
137.0,98.75,
137.75,98.75,
138.5,98.75,
139.25,98.75,
140.0,98.75,-75.0
140.75,98.75,
141.5,98.75,
142.25,98.75,
143.0,98.75,
143.75,98.75,
144.5,98.75,
145.25,98.75,
146.0,98.75,
146.75,98.75,
147.5,98.75,
148.25,98.75,
149.0,98.75,
149.75,98.75,
150.5,98.75,
151.25,98.75,
152.0,98.75,
152.75,98.75,
153.5,98.75,
154.25,98.75,
155.0,98.75,
155.75,98.75,
156.5,98.75,
157.25,98.75,
158.0,98.75,
158.75,98.75,
159.5,98.75,
160.25,98.75,
161.0,98.75,
161.75,98.75,
162.5,98.75,
163.25,98.75,
164.0,98.75,
164.75,98.75,
165.5,98.75,
166.25,98.75,
167.0,98.75,
167.75,98.75,
168.5,98.75,
169.25,98.75,
170.0,98.75,
170.75,98.75,
171.5,98.75,
172.25,98.75,
173.0,98.75,
173.75,98.75,
174.5,98.75,
175.25,98.75,
176.0,98.75,
176.75,98.75,
177.5,98.75,
178.25,98.75,
179.0,98.75,
179.75,98.75,
180.5,98.75,
181.25,98.75,
182.0,98.75,
182.75,98.75,
183.5,98.75,
184.25,98.75,
185.0,98.75,
185.75,98.75,
186.5,98.75,
187.25,98.75,
188.0,98.75,
188.75,98.75,
189.5,98.75,
190.25,98.75,
191.0,98.75,
191.75,98.75,
192.5,98.75,
193.25,98.75,-81.91269841269842
194.0,98.75,-80.17686954453112
194.75,98.75,-80.86516044556568
195.5,98.75,-81.94682601775465
196.25,98.75,-83.60285902435724
197.0,98.75,-85.11464513404576
197.75,98.75,-80.86149681716397
198.5,98.75,-74.92720581180643
199.25,98.75,-73.94752722025449
200.0,98.75,-75.62744320071819
200.75,98.75,-76.12015275623689
201.5,98.75,-76.43006511116762
202.25,98.75,-77.47996722523314
203.0,98.75,-78.24515377129497
203.75,98.75,-78.69002766854383
204.5,98.75,-78.76285938171876
205.25,98.75,-82.44106960588655
206.0,98.75,-85.47233803122315
206.75,98.75,-85.96877686731023
207.5,98.75,-87.51235905918142
208.25,98.75,-87.48862873194173
209.0,98.75,-87.34598567424548
209.75,98.75,-86.7833846272482
210.5,98.75,-85.18814033889747
211.25,98.75,-84.67584876379173
212.0,98.75,-87.56285565268543
212.75,98.75,-89.32302990260737
213.5,98.75,-89.35795738841017
214.25,98.75,-89.21199736533228
215.0,98.75,-89.711997700749
215.75,98.75,-90.46831498523147
216.5,98.75,-90.14294317784633
217.25,98.75,-91.32153104200033
218.0,98.75,-91.3418795075832
218.75,98.75,-91.15502280314678
219.5,98.75,-90.23567634246423
220.25,98.75,-88.71326194244145
221.0,98.75,-88.05491696663542
221.75,98.75,-88.35760751716661
222.5,98.75,-88.83669264756988
223.25,98.75,-89.21399550012013
224.0,98.75,-89.47538682063995
224.75,98.75,-88.6108108108108
225.5,98.75,
226.25,98.75,
227.0,98.75,
227.75,98.75,
228.5,98.75,
229.25,98.75,
230.0,98.75,
230.75,98.75,
77.0,99.5,
77.75,99.5,
78.5,99.5,
79.25,99.5,
80.0,99.5,
80.75,99.5,
81.5,99.5,
82.25,99.5,
83.0,99.5,
83.75,99.5,
84.5,99.5,
85.25,99.5,
86.0,99.5,
86.75,99.5,
87.5,99.5,
88.25,99.5,
89.0,99.5,
89.75,99.5,
90.5,99.5,
91.25,99.5,
92.0,99.5,
92.75,99.5,
93.5,99.5,
94.25,99.5,
95.0,99.5,
95.75,99.5,
96.5,99.5,
97.25,99.5,
98.0,99.5,
98.75,99.5,
99.5,99.5,
100.25,99.5,
101.0,99.5,
101.75,99.5,
102.5,99.5,
103.25,99.5,
104.0,99.5,
104.75,99.5,
105.5,99.5,
106.25,99.5,
107.0,99.5,
107.75,99.5,
108.5,99.5,
109.25,99.5,
110.0,99.5,
110.75,99.5,
111.5,99.5,
112.25,99.5,
113.0,99.5,
113.75,99.5,
114.5,99.5,
115.25,99.5,
116.0,99.5,
116.75,99.5,
117.5,99.5,
118.25,99.5,
119.0,99.5,
119.75,99.5,
120.5,99.5,
121.25,99.5,
122.0,99.5,
122.75,99.5,
123.5,99.5,
124.25,99.5,
125.0,99.5,
125.75,99.5,
126.5,99.5,
127.25,99.5,
128.0,99.5,
128.75,99.5,
129.5,99.5,
130.25,99.5,
131.0,99.5,
131.75,99.5,
132.5,99.5,
133.25,99.5,
134.0,99.5,
134.75,99.5,
135.5,99.5,
136.25,99.5,
137.0,99.5,
137.75,99.5,
138.5,99.5,
139.25,99.5,
140.0,99.5,
140.75,99.5,
141.5,99.5,
142.25,99.5,
143.0,99.5,
143.75,99.5,
144.5,99.5,
145.25,99.5,
146.0,99.5,
146.75,99.5,
147.5,99.5,
148.25,99.5,
149.0,99.5,
149.75,99.5,
150.5,99.5,
151.25,99.5,
152.0,99.5,
152.75,99.5,
153.5,99.5,
154.25,99.5,
155.0,99.5,
155.75,99.5,
156.5,99.5,
157.25,99.5,
158.0,99.5,
158.75,99.5,
159.5,99.5,
160.25,99.5,
161.0,99.5,
161.75,99.5,
162.5,99.5,
163.25,99.5,
164.0,99.5,
164.75,99.5,
165.5,99.5,
166.25,99.5,
167.0,99.5,
167.75,99.5,
168.5,99.5,
169.25,99.5,
170.0,99.5,
170.75,99.5,
171.5,99.5,
172.25,99.5,
173.0,99.5,
173.75,99.5,
174.5,99.5,
175.25,99.5,
176.0,99.5,
176.75,99.5,
177.5,99.5,
178.25,99.5,
179.0,99.5,
179.75,99.5,
180.5,99.5,
181.25,99.5,
182.0,99.5,
182.75,99.5,
183.5,99.5,
184.25,99.5,
185.0,99.5,
185.75,99.5,
186.5,99.5,
187.25,99.5,
188.0,99.5,
188.75,99.5,
189.5,99.5,
190.25,99.5,
191.0,99.5,
191.75,99.5,
192.5,99.5,
193.25,99.5,-83.68424338610934
194.0,99.5,-80.59212482774944
194.75,99.5,-81.85616122783291
195.5,99.5,-82.32279661098802
196.25,99.5,-83.59863872198392
197.0,99.5,-84.44761214356211
197.75,99.5,-81.50311191778076
198.5,99.5,-77.02469135802471
199.25,99.5,-75.84753111859366
200.0,99.5,-77.6953259704553
200.75,99.5,-77.1974781532242
201.5,99.5,-77.632510866786
202.25,99.5,-78.85354875503157
203.0,99.5,-79.39905329136877
203.75,99.5,-79.60981987190999
204.5,99.5,-81.5991264232788
205.25,99.5,-83.29594802978015
206.0,99.5,-85.18362718609673
206.75,99.5,-86.29518672092378
207.5,99.5,-87.75155810619299
208.25,99.5,-87.4968155443651
209.0,99.5,-87.05551321379633
209.75,99.5,-86.30105259633888
210.5,99.5,-85.20648484139062
211.25,99.5,-85.02934988953007
212.0,99.5,-87.10156392402754
212.75,99.5,-88.96162824139452
213.5,99.5,-89.05121745770585
214.25,99.5,-88.93745350763729
215.0,99.5,-89.0371628282005
215.75,99.5,-88.56623262821607
216.5,99.5,-89.56597902502715
217.25,99.5,-90.47157388364793
218.0,99.5,-90.74162607610666
218.75,99.5,-90.37514643291794
219.5,99.5,-89.5800681431005
220.25,99.5,-88.59861273608558
221.0,99.5,-88.1674606955693
221.75,99.5,-88.4013040143186
222.5,99.5,-88.83214540270846
223.25,99.5,-89.19021616787232
224.0,99.5,-89.44319108453385
224.75,99.5,-88.7046153846154
225.5,99.5,-88.77358490566039
226.25,99.5,
227.0,99.5,
227.75,99.5,
228.5,99.5,
229.25,99.5,
230.0,99.5,
230.75,99.5,
77.0,100.25,
77.75,100.25,
78.5,100.25,
79.25,100.25,
80.0,100.25,
80.75,100.25,
81.5,100.25,
82.25,100.25,
83.0,100.25,
83.75,100.25,
84.5,100.25,
85.25,100.25,
86.0,100.25,
86.75,100.25,
87.5,100.25,
88.25,100.25,
89.0,100.25,
89.75,100.25,
90.5,100.25,
91.25,100.25,
92.0,100.25,
92.75,100.25,
93.5,100.25,
94.25,100.25,
95.0,100.25,
95.75,100.25,
96.5,100.25,
97.25,100.25,
98.0,100.25,
98.75,100.25,
99.5,100.25,
100.25,100.25,
101.0,100.25,
101.75,100.25,
102.5,100.25,
103.25,100.25,
104.0,100.25,
104.75,100.25,
105.5,100.25,
106.25,100.25,
107.0,100.25,
107.75,100.25,
108.5,100.25,
109.25,100.25,
110.0,100.25,
110.75,100.25,
111.5,100.25,
112.25,100.25,
113.0,100.25,
113.75,100.25,
114.5,100.25,
115.25,100.25,
116.0,100.25,
116.75,100.25,
117.5,100.25,
118.25,100.25,
119.0,100.25,
119.75,100.25,
120.5,100.25,
121.25,100.25,
122.0,100.25,
122.75,100.25,
123.5,100.25,
124.25,100.25,
125.0,100.25,
125.75,100.25,
126.5,100.25,
127.25,100.25,
128.0,100.25,
128.75,100.25,
129.5,100.25,
130.25,100.25,
131.0,100.25,
131.75,100.25,
132.5,100.25,
133.25,100.25,
134.0,100.25,
134.75,100.25,
135.5,100.25,
136.25,100.25,
137.0,100.25,
137.75,100.25,
138.5,100.25,
139.25,100.25,
140.0,100.25,
140.75,100.25,
141.5,100.25,
142.25,100.25,
143.0,100.25,
143.75,100.25,
144.5,100.25,
145.25,100.25,
146.0,100.25,
146.75,100.25,
147.5,100.25,
148.25,100.25,
149.0,100.25,
149.75,100.25,
150.5,100.25,
151.25,100.25,
152.0,100.25,
152.75,100.25,
153.5,100.25,
154.25,100.25,
155.0,100.25,
155.75,100.25,
156.5,100.25,
157.25,100.25,
158.0,100.25,
158.75,100.25,
159.5,100.25,
160.25,100.25,
161.0,100.25,
161.75,100.25,
162.5,100.25,
163.25,100.25,
164.0,100.25,
164.75,100.25,
165.5,100.25,
166.25,100.25,
167.0,100.25,
167.75,100.25,
168.5,100.25,
169.25,100.25,
170.0,100.25,
170.75,100.25,
171.5,100.25,
172.25,100.25,
173.0,100.25,
173.75,100.25,
174.5,100.25,
175.25,100.25,
176.0,100.25,
176.75,100.25,
177.5,100.25,
178.25,100.25,
179.0,100.25,
179.75,100.25,
180.5,100.25,
181.25,100.25,
182.0,100.25,
182.75,100.25,
183.5,100.25,
184.25,100.25,
185.0,100.25,
185.75,100.25,
186.5,100.25,
187.25,100.25,
188.0,100.25,
188.75,100.25,
189.5,100.25,
190.25,100.25,
191.0,100.25,
191.75,100.25,
192.5,100.25,
193.25,100.25,-83.76504416410415
194.0,100.25,-81.69963740089145
194.75,100.25,-82.12336636527274
195.5,100.25,-82.78829950250243
196.25,100.25,-83.2561688369322
197.0,100.25,-83.39399796982026
197.75,100.25,-83.989026981393
198.5,100.25,-84.63562587387098
199.25,100.25,-84.79276891940583
200.0,100.25,-83.13673388298402
200.75,100.25,-82.90364183287694
201.5,100.25,-82.6672621761577
202.25,100.25,-82.3203198376413
203.0,100.25,-82.37782233401909
203.75,100.25,-82.5243036882015
204.5,100.25,-82.16830055086437
205.25,100.25,-82.90253058972769
206.0,100.25,-83.8719468092626
206.75,100.25,-87.1569570980835
207.5,100.25,-87.46751777132098
208.25,100.25,-87.15173202037757
209.0,100.25,-86.6970573674266
209.75,100.25,-86.08662213646456
210.5,100.25,-85.46629641998587
211.25,100.25,-85.4611725088443
212.0,100.25,-86.55004653104841
212.75,100.25,-87.77231770294961
213.5,100.25,-88.2555812803747
214.25,100.25,-88.30405472781133
215.0,100.25,-87.39103360167643
215.75,100.25,-88.31450836832369
216.5,100.25,-89.32854758738571
217.25,100.25,-90.09266324669825
218.0,100.25,-90.10684150364028
218.75,100.25,-90.03705095659086
219.5,100.25,-89.56011714702585
220.25,100.25,-89.0349376310851
221.0,100.25,-88.7636395540318
221.75,100.25,-88.84705656021546
222.5,100.25,-89.09037320380943
223.25,100.25,-89.32242300401288
224.0,100.25,-89.50357521141049
224.75,100.25,-88.83892617449663
225.5,100.25,-88.87909319899244
226.25,100.25,-88.90661478599222
227.0,100.25,
227.75,100.25,
228.5,100.25,
229.25,100.25,
230.0,100.25,
230.75,100.25,
77.0,101.0,
77.75,101.0,
78.5,101.0,
79.25,101.0,
80.0,101.0,
80.75,101.0,
81.5,101.0,
82.25,101.0,
83.0,101.0,
83.75,101.0,
84.5,101.0,
85.25,101.0,
86.0,101.0,
86.75,101.0,
87.5,101.0,
88.25,101.0,
89.0,101.0,
89.75,101.0,
90.5,101.0,
91.25,101.0,
92.0,101.0,
92.75,101.0,
93.5,101.0,
94.25,101.0,
95.0,101.0,
95.75,101.0,
96.5,101.0,
97.25,101.0,
98.0,101.0,
98.75,101.0,
99.5,101.0,
100.25,101.0,
101.0,101.0,
101.75,101.0,
102.5,101.0,
103.25,101.0,
104.0,101.0,
104.75,101.0,
105.5,101.0,
106.25,101.0,
107.0,101.0,
107.75,101.0,
108.5,101.0,
109.25,101.0,
110.0,101.0,
110.75,101.0,
111.5,101.0,
112.25,101.0,
113.0,101.0,
113.75,101.0,
114.5,101.0,
115.25,101.0,
116.0,101.0,
116.75,101.0,
117.5,101.0,
118.25,101.0,
119.0,101.0,
119.75,101.0,
120.5,101.0,
121.25,101.0,
122.0,101.0,
122.75,101.0,
123.5,101.0,
124.25,101.0,
125.0,101.0,
125.75,101.0,
126.5,101.0,
127.25,101.0,
128.0,101.0,
128.75,101.0,
129.5,101.0,
130.25,101.0,
131.0,101.0,
131.75,101.0,
132.5,101.0,
133.25,101.0,
134.0,101.0,
134.75,101.0,
135.5,101.0,
136.25,101.0,
137.0,101.0,
137.75,101.0,
138.5,101.0,
139.25,101.0,
140.0,101.0,
140.75,101.0,
141.5,101.0,
142.25,101.0,
143.0,101.0,
143.75,101.0,
144.5,101.0,
145.25,101.0,
146.0,101.0,
146.75,101.0,
147.5,101.0,
148.25,101.0,
149.0,101.0,
149.75,101.0,
150.5,101.0,
151.25,101.0,
152.0,101.0,
152.75,101.0,
153.5,101.0,
154.25,101.0,
155.0,101.0,
155.75,101.0,
156.5,101.0,
157.25,101.0,
158.0,101.0,
158.75,101.0,
159.5,101.0,
160.25,101.0,
161.0,101.0,
161.75,101.0,
162.5,101.0,
163.25,101.0,
164.0,101.0,
164.75,101.0,
165.5,101.0,
166.25,101.0,
167.0,101.0,
167.75,101.0,
168.5,101.0,
169.25,101.0,
170.0,101.0,
170.75,101.0,
171.5,101.0,
172.25,101.0,
173.0,101.0,
173.75,101.0,
174.5,101.0,
175.25,101.0,
176.0,101.0,
176.75,101.0,
177.5,101.0,
178.25,101.0,
179.0,101.0,
179.75,101.0,
180.5,101.0,
181.25,101.0,
182.0,101.0,
182.75,101.0,
183.5,101.0,
184.25,101.0,
185.0,101.0,
185.75,101.0,
186.5,101.0,
187.25,101.0,
188.0,101.0,
188.75,101.0,
189.5,101.0,
190.25,101.0,
191.0,101.0,
191.75,101.0,
192.5,101.0,
193.25,101.0,-87.08985330073351
194.0,101.0,-84.61329908675799
194.75,101.0,-82.70907291211502
195.5,101.0,-83.06100517542338
196.25,101.0,-83.3902984247731
197.0,101.0,-84.76811594202898
197.75,101.0,-85.77679397046586
198.5,101.0,-88.49504555273786
199.25,101.0,-89.49031437974078
200.0,101.0,-85.64285714285711
200.75,101.0,-84.92019891134254
201.5,101.0,-84.64251736276282
202.25,101.0,-83.86073339405013
203.0,101.0,-83.47169811320754
203.75,101.0,-83.29899113995943
204.5,101.0,-83.21633284439697
205.25,101.0,-83.11413738234127
206.0,101.0,-84.11708860759491
206.75,101.0,-87.26701519520972
207.5,101.0,-87.41619950276863
208.25,101.0,-87.10141720900597
209.0,101.0,-86.15384615384613
209.75,101.0,-85.70300641549447
210.5,101.0,-84.89634305778641
211.25,101.0,-84.63567215134947
212.0,101.0,-85.91139240506328
212.75,101.0,-86.68865974571952
213.5,101.0,-87.11871591768498
214.25,101.0,-87.21790012698621
215.0,101.0,-87.17567567567568
215.75,101.0,-87.09469224785695
216.5,101.0,-89.10453218148496
217.25,101.0,-89.33888834933907
218.0,101.0,-89.8786703601108
218.75,101.0,-89.99013657056145
219.5,101.0,-89.72580645161291
220.25,101.0,-89.51732283464567
221.0,101.0,-89.40909090909089
221.75,101.0,-89.39721886336154
222.5,101.0,-89.44820717131473
223.25,101.0,-89.52834008097166
224.0,101.0,-89.0
224.75,101.0,-89.0
225.5,101.0,-89.0
226.25,101.0,-89.0
227.0,101.0,
227.75,101.0,
228.5,101.0,
229.25,101.0,
230.0,101.0,
230.75,101.0,
77.0,101.75,-84.00000000000001
77.75,101.75,-83.99999999999999
78.5,101.75,-84.0
79.25,101.75,-84.0
80.0,101.75,-84.0
80.75,101.75,-84.0
81.5,101.75,-84.0
82.25,101.75,
83.0,101.75,
83.75,101.75,
84.5,101.75,
85.25,101.75,
86.0,101.75,
86.75,101.75,
87.5,101.75,
88.25,101.75,
89.0,101.75,
89.75,101.75,
90.5,101.75,
91.25,101.75,
92.0,101.75,
92.75,101.75,
93.5,101.75,
94.25,101.75,
95.0,101.75,
95.75,101.75,
96.5,101.75,
97.25,101.75,
98.0,101.75,
98.75,101.75,
99.5,101.75,
100.25,101.75,
101.0,101.75,
101.75,101.75,
102.5,101.75,
103.25,101.75,
104.0,101.75,
104.75,101.75,
105.5,101.75,
106.25,101.75,
107.0,101.75,
107.75,101.75,
108.5,101.75,
109.25,101.75,
110.0,101.75,
110.75,101.75,
111.5,101.75,
112.25,101.75,
113.0,101.75,
113.75,101.75,
114.5,101.75,
115.25,101.75,
116.0,101.75,
116.75,101.75,
117.5,101.75,
118.25,101.75,
119.0,101.75,
119.75,101.75,
120.5,101.75,
121.25,101.75,
122.0,101.75,
122.75,101.75,
123.5,101.75,
124.25,101.75,
125.0,101.75,
125.75,101.75,
126.5,101.75,
127.25,101.75,
128.0,101.75,
128.75,101.75,
129.5,101.75,
130.25,101.75,
131.0,101.75,
131.75,101.75,
132.5,101.75,
133.25,101.75,
134.0,101.75,
134.75,101.75,
135.5,101.75,
136.25,101.75,
137.0,101.75,
137.75,101.75,
138.5,101.75,
139.25,101.75,
140.0,101.75,
140.75,101.75,
141.5,101.75,
142.25,101.75,
143.0,101.75,
143.75,101.75,
144.5,101.75,
145.25,101.75,
146.0,101.75,
146.75,101.75,
147.5,101.75,
148.25,101.75,
149.0,101.75,
149.75,101.75,
150.5,101.75,
151.25,101.75,
152.0,101.75,
152.75,101.75,
153.5,101.75,
154.25,101.75,
155.0,101.75,
155.75,101.75,
156.5,101.75,
157.25,101.75,
158.0,101.75,
158.75,101.75,
159.5,101.75,
160.25,101.75,
161.0,101.75,
161.75,101.75,
162.5,101.75,
163.25,101.75,
164.0,101.75,
164.75,101.75,
165.5,101.75,
166.25,101.75,
167.0,101.75,
167.75,101.75,
168.5,101.75,
169.25,101.75,
170.0,101.75,
170.75,101.75,
171.5,101.75,
172.25,101.75,
173.0,101.75,
173.75,101.75,
174.5,101.75,
175.25,101.75,
176.0,101.75,
176.75,101.75,
177.5,101.75,
178.25,101.75,
179.0,101.75,
179.75,101.75,
180.5,101.75,
181.25,101.75,
182.0,101.75,
182.75,101.75,
183.5,101.75,
184.25,101.75,
185.0,101.75,
185.75,101.75,
186.5,101.75,
187.25,101.75,
188.0,101.75,
188.75,101.75,
189.5,101.75,
190.25,101.75,
191.0,101.75,
191.75,101.75,
192.5,101.75,
193.25,101.75,-87.32705020388116
194.0,101.75,-84.97376114735407
194.75,101.75,-85.08379266967533
195.5,101.75,-85.22575583036732
196.25,101.75,-85.47232304207112
197.0,101.75,-85.9180428483231
197.75,101.75,-86.7724369703623
198.5,101.75,-87.78424749922583
199.25,101.75,-87.59677617425001
200.0,101.75,-86.11676765670012
200.75,101.75,-85.3027690530047
201.5,101.75,-85.07654494986146
202.25,101.75,-84.71166353924289
203.0,101.75,-84.28292302975443
203.75,101.75,-83.94937942301043
204.5,101.75,-84.74092608208328
205.25,101.75,-84.12237648229835
206.0,101.75,-84.35601901242563
206.75,101.75,-86.34652246835236
207.5,101.75,-87.48316878706284
208.25,101.75,-86.75152861922214
209.0,101.75,-86.60430791544702
209.75,101.75,-86.3596260300889
210.5,101.75,-85.94582420404807
211.25,101.75,-85.89341591904983
212.0,101.75,-86.64468325271488
212.75,101.75,-86.9994577384025
213.5,101.75,-87.20599127893806
214.25,101.75,-87.16395678109723
215.0,101.75,-87.07545676509505
215.75,101.75,-87.57409836950993
216.5,101.75,-88.80074594257263
217.25,101.75,-89.0809163785798
218.0,101.75,-89.30788496225689
218.75,101.75,-89.17323940190609
219.5,101.75,-89.35414890034761
220.25,101.75,-89.49943588819738
221.0,101.75,-89.55952665664798
221.75,101.75,-89.45624701643138
222.5,101.75,-89.26889596700211
223.25,101.75,-88.74419856198453
224.0,101.75,-89.36465904089701
224.75,101.75,-89.35277645691339
225.5,101.75,-89.3543435255335
226.25,101.75,-89.09338521400777
227.0,101.75,
227.75,101.75,
228.5,101.75,
229.25,101.75,
230.0,101.75,
230.75,101.75,
77.0,102.5,-84.0
77.75,102.5,-83.99999999999999
78.5,102.5,-84.0
79.25,102.5,-84.00000000000001
80.0,102.5,-84.00000000000001
80.75,102.5,-84.0
81.5,102.5,-84.0
82.25,102.5,-84.0
83.0,102.5,
83.75,102.5,
84.5,102.5,
85.25,102.5,
86.0,102.5,
86.75,102.5,
87.5,102.5,
88.25,102.5,
89.0,102.5,
89.75,102.5,
90.5,102.5,
91.25,102.5,
92.0,102.5,
92.75,102.5,
93.5,102.5,
94.25,102.5,
95.0,102.5,
95.75,102.5,
96.5,102.5,
97.25,102.5,
98.0,102.5,
98.75,102.5,
99.5,102.5,
100.25,102.5,
101.0,102.5,
101.75,102.5,
102.5,102.5,
103.25,102.5,
104.0,102.5,
104.75,102.5,
105.5,102.5,
106.25,102.5,
107.0,102.5,
107.75,102.5,
108.5,102.5,
109.25,102.5,
110.0,102.5,
110.75,102.5,
111.5,102.5,
112.25,102.5,
113.0,102.5,
113.75,102.5,
114.5,102.5,
115.25,102.5,
116.0,102.5,
116.75,102.5,
117.5,102.5,
118.25,102.5,
119.0,102.5,
119.75,102.5,
120.5,102.5,
121.25,102.5,
122.0,102.5,
122.75,102.5,
123.5,102.5,
124.25,102.5,
125.0,102.5,
125.75,102.5,
126.5,102.5,
127.25,102.5,
128.0,102.5,
128.75,102.5,
129.5,102.5,
130.25,102.5,
131.0,102.5,
131.75,102.5,
132.5,102.5,
133.25,102.5,
134.0,102.5,
134.75,102.5,
135.5,102.5,
136.25,102.5,
137.0,102.5,
137.75,102.5,
138.5,102.5,
139.25,102.5,
140.0,102.5,
140.75,102.5,
141.5,102.5,
142.25,102.5,
143.0,102.5,
143.75,102.5,
144.5,102.5,
145.25,102.5,
146.0,102.5,
146.75,102.5,
147.5,102.5,
148.25,102.5,
149.0,102.5,
149.75,102.5,
150.5,102.5,
151.25,102.5,
152.0,102.5,
152.75,102.5,
153.5,102.5,
154.25,102.5,
155.0,102.5,
155.75,102.5,
156.5,102.5,
157.25,102.5,
158.0,102.5,
158.75,102.5,
159.5,102.5,
160.25,102.5,
161.0,102.5,
161.75,102.5,
162.5,102.5,
163.25,102.5,
164.0,102.5,
164.75,102.5,
165.5,102.5,
166.25,102.5,
167.0,102.5,
167.75,102.5,
168.5,102.5,
169.25,102.5,
170.0,102.5,
170.75,102.5,
171.5,102.5,
172.25,102.5,
173.0,102.5,
173.75,102.5,
174.5,102.5,
175.25,102.5,
176.0,102.5,
176.75,102.5,
177.5,102.5,
178.25,102.5,
179.0,102.5,
179.75,102.5,
180.5,102.5,
181.25,102.5,
182.0,102.5,
182.75,102.5,
183.5,102.5,
184.25,102.5,
185.0,102.5,
185.75,102.5,
186.5,102.5,
187.25,102.5,
188.0,102.5,
188.75,102.5,
189.5,102.5,
190.25,102.5,
191.0,102.5,
191.75,102.5,
192.5,102.5,
193.25,102.5,-87.44589030957437
194.0,102.5,-87.1757561950545
194.75,102.5,-85.31097444059196
195.5,102.5,-85.66423086100798
196.25,102.5,-85.94425500311206
197.0,102.5,-86.35040843232454
197.75,102.5,-87.55566545309554
198.5,102.5,-87.25155743832545
199.25,102.5,-87.29021307260766
200.0,102.5,-86.81509017177144
200.75,102.5,-86.73325035628865
201.5,102.5,-86.53023523395552
202.25,102.5,-86.01466333061225
203.0,102.5,-85.63015490448544
203.75,102.5,-85.10220710152021
204.5,102.5,-84.88359311396414
205.25,102.5,-84.42717686952412
206.0,102.5,-86.84001480105182
206.75,102.5,-86.57391509024157
207.5,102.5,-86.8351194768429
208.25,102.5,-86.87719641966254
209.0,102.5,-86.87140168493283
209.75,102.5,-87.03113755890486
210.5,102.5,-87.42381974248927
211.25,102.5,-87.56936278190406
212.0,102.5,-87.32858636701995
212.75,102.5,-87.80246442067128
213.5,102.5,-87.77051246149537
214.25,102.5,-87.56257153152268
215.0,102.5,-87.45602925885056
215.75,102.5,-87.43220249457407
216.5,102.5,-87.61327888777141
217.25,102.5,-88.86614543849772
218.0,102.5,-88.42762324019884
218.75,102.5,-89.03406305262132
219.5,102.5,-89.42061056940253
220.25,102.5,-89.73149880439034
221.0,102.5,-89.9031870949857
221.75,102.5,-89.64894138498093
222.5,102.5,-89.20126329787236
223.25,102.5,-88.82872157640574
224.0,102.5,-88.58961743608609
224.75,102.5,-88.44359967092466
225.5,102.5,-89.47531087770132
226.25,102.5,-90.0
227.0,102.5,
227.75,102.5,
228.5,102.5,
229.25,102.5,
230.0,102.5,
230.75,102.5,
77.0,103.25,-84.15920136855345
77.75,103.25,-84.00370850101625
78.5,103.25,-83.9928785325798
79.25,103.25,-83.85737646342201
80.0,103.25,-84.0
80.75,103.25,-84.15486547625505
81.5,103.25,-84.16839646266301
82.25,103.25,-84.2163522786178
83.0,103.25,-84.0
83.75,103.25,
84.5,103.25,
85.25,103.25,
86.0,103.25,
86.75,103.25,
87.5,103.25,
88.25,103.25,
89.0,103.25,
89.75,103.25,
90.5,103.25,
91.25,103.25,
92.0,103.25,
92.75,103.25,
93.5,103.25,
94.25,103.25,
95.0,103.25,
95.75,103.25,
96.5,103.25,
97.25,103.25,
98.0,103.25,
98.75,103.25,
99.5,103.25,
100.25,103.25,
101.0,103.25,
101.75,103.25,
102.5,103.25,
103.25,103.25,
104.0,103.25,
104.75,103.25,
105.5,103.25,
106.25,103.25,
107.0,103.25,
107.75,103.25,
108.5,103.25,
109.25,103.25,
110.0,103.25,
110.75,103.25,
111.5,103.25,
112.25,103.25,
113.0,103.25,
113.75,103.25,
114.5,103.25,
115.25,103.25,
116.0,103.25,
116.75,103.25,
117.5,103.25,
118.25,103.25,
119.0,103.25,
119.75,103.25,
120.5,103.25,
121.25,103.25,
122.0,103.25,
122.75,103.25,
123.5,103.25,
124.25,103.25,
125.0,103.25,
125.75,103.25,
126.5,103.25,
127.25,103.25,
128.0,103.25,
128.75,103.25,
129.5,103.25,
130.25,103.25,
131.0,103.25,
131.75,103.25,
132.5,103.25,
133.25,103.25,
134.0,103.25,
134.75,103.25,
135.5,103.25,
136.25,103.25,
137.0,103.25,
137.75,103.25,
138.5,103.25,
139.25,103.25,
140.0,103.25,
140.75,103.25,
141.5,103.25,
142.25,103.25,
143.0,103.25,
143.75,103.25,
144.5,103.25,
145.25,103.25,
146.0,103.25,
146.75,103.25,
147.5,103.25,
148.25,103.25,
149.0,103.25,
149.75,103.25,
150.5,103.25,
151.25,103.25,
152.0,103.25,
152.75,103.25,
153.5,103.25,
154.25,103.25,
155.0,103.25,
155.75,103.25,
156.5,103.25,
157.25,103.25,
158.0,103.25,
158.75,103.25,
159.5,103.25,
160.25,103.25,
161.0,103.25,
161.75,103.25,
162.5,103.25,
163.25,103.25,
164.0,103.25,
164.75,103.25,
165.5,103.25,
166.25,103.25,
167.0,103.25,
167.75,103.25,
168.5,103.25,
169.25,103.25,
170.0,103.25,
170.75,103.25,
171.5,103.25,
172.25,103.25,
173.0,103.25,
173.75,103.25,
174.5,103.25,
175.25,103.25,
176.0,103.25,
176.75,103.25,
177.5,103.25,
178.25,103.25,
179.0,103.25,
179.75,103.25,
180.5,103.25,
181.25,103.25,
182.0,103.25,
182.75,103.25,
183.5,103.25,
184.25,103.25,
185.0,103.25,
185.75,103.25,
186.5,103.25,
187.25,103.25,
188.0,103.25,
188.75,103.25,
189.5,103.25,
190.25,103.25,
191.0,103.25,
191.75,103.25,
192.5,103.25,
193.25,103.25,-86.48467432950191
194.0,103.25,-87.19677615807893
194.75,103.25,-86.7807086347065
195.5,103.25,-86.87898052354721
196.25,103.25,-86.9772955568472
197.0,103.25,-87.09445074387
197.75,103.25,-87.18619853822182
198.5,103.25,-87.36847728510182
199.25,103.25,-87.42162195083199
200.0,103.25,-87.07533792386761
200.75,103.25,-86.96534544097682
201.5,103.25,-86.89011153940965
202.25,103.25,-86.63062004876326
203.0,103.25,-86.44075044535222
203.75,103.25,-84.91582764773274
204.5,103.25,-84.64105011461146
205.25,103.25,-85.01476926287125
206.0,103.25,-86.01387864902401
206.75,103.25,-86.35356208021486
207.5,103.25,-87.09325640805028
208.25,103.25,-87.31199769444045
209.0,103.25,-87.44456599862491
209.75,103.25,-87.63424026143925
210.5,103.25,-87.87159398421056
211.25,103.25,-87.92564758979498
212.0,103.25,-87.63305685474693
212.75,103.25,-87.88958243363298
213.5,103.25,-87.76300816888673
214.25,103.25,-87.41278321424026
215.0,103.25,-87.28850667428381
215.75,103.25,-87.74724222050402
216.5,103.25,-87.96674596130268
217.25,103.25,-87.45754982464011
218.0,103.25,-87.61299798994895
218.75,103.25,-88.54283853520643
219.5,103.25,-89.09189848624698
220.25,103.25,-89.66860166496458
221.0,103.25,-89.96239583966911
221.75,103.25,-89.67189645391237
222.5,103.25,-89.1391150695923
223.25,103.25,-88.7480965156684
224.0,103.25,-88.5316836004071
224.75,103.25,-88.41150548140777
225.5,103.25,-88.40126493323963
226.25,103.25,-90.0
227.0,103.25,
227.75,103.25,
228.5,103.25,
229.25,103.25,
230.0,103.25,
230.75,103.25,
77.0,104.0,-84.01823779275944
77.75,104.0,-84.0832987900559
78.5,104.0,-84.07844563414099
79.25,104.0,-84.0777114327052
80.0,104.0,-84.08127257571549
80.75,104.0,-84.01366528090882
81.5,104.0,-84.02720812614578
82.25,104.0,-84.0450348880545
83.0,104.0,-84.22775052557812
83.75,104.0,-84.25014252469649
84.5,104.0,
85.25,104.0,
86.0,104.0,
86.75,104.0,
87.5,104.0,
88.25,104.0,
89.0,104.0,
89.75,104.0,
90.5,104.0,
91.25,104.0,
92.0,104.0,
92.75,104.0,
93.5,104.0,
94.25,104.0,
95.0,104.0,
95.75,104.0,
96.5,104.0,
97.25,104.0,
98.0,104.0,
98.75,104.0,
99.5,104.0,
100.25,104.0,
101.0,104.0,
101.75,104.0,
102.5,104.0,
103.25,104.0,
104.0,104.0,
104.75,104.0,
105.5,104.0,
106.25,104.0,
107.0,104.0,
107.75,104.0,
108.5,104.0,
109.25,104.0,
110.0,104.0,
110.75,104.0,
111.5,104.0,
112.25,104.0,
113.0,104.0,
113.75,104.0,
114.5,104.0,
115.25,104.0,
116.0,104.0,
116.75,104.0,
117.5,104.0,
118.25,104.0,
119.0,104.0,
119.75,104.0,
120.5,104.0,
121.25,104.0,
122.0,104.0,
122.75,104.0,
123.5,104.0,
124.25,104.0,
125.0,104.0,
125.75,104.0,
126.5,104.0,
127.25,104.0,
128.0,104.0,
128.75,104.0,
129.5,104.0,
130.25,104.0,
131.0,104.0,
131.75,104.0,
132.5,104.0,
133.25,104.0,
134.0,104.0,
134.75,104.0,
135.5,104.0,
136.25,104.0,
137.0,104.0,
137.75,104.0,
138.5,104.0,
139.25,104.0,
140.0,104.0,
140.75,104.0,
141.5,104.0,
142.25,104.0,
143.0,104.0,
143.75,104.0,
144.5,104.0,
145.25,104.0,
146.0,104.0,
146.75,104.0,
147.5,104.0,
148.25,104.0,
149.0,104.0,
149.75,104.0,
150.5,104.0,
151.25,104.0,
152.0,104.0,
152.75,104.0,
153.5,104.0,
154.25,104.0,
155.0,104.0,
155.75,104.0,
156.5,104.0,
157.25,104.0,
158.0,104.0,
158.75,104.0,
159.5,104.0,
160.25,104.0,
161.0,104.0,
161.75,104.0,
162.5,104.0,
163.25,104.0,
164.0,104.0,
164.75,104.0,
165.5,104.0,
166.25,104.0,
167.0,104.0,
167.75,104.0,
168.5,104.0,
169.25,104.0,
170.0,104.0,
170.75,104.0,
171.5,104.0,
172.25,104.0,
173.0,104.0,
173.75,104.0,
174.5,104.0,
175.25,104.0,
176.0,104.0,
176.75,104.0,
177.5,104.0,
178.25,104.0,
179.0,104.0,
179.75,104.0,
180.5,104.0,
181.25,104.0,
182.0,104.0,
182.75,104.0,
183.5,104.0,
184.25,104.0,
185.0,104.0,
185.75,104.0,
186.5,104.0,
187.25,104.0,
188.0,104.0,
188.75,104.0,
189.5,104.0,
190.25,104.0,
191.0,104.0,
191.75,104.0,
192.5,104.0,
193.25,104.0,-86.75000000000001
194.0,104.0,-84.70930232558138
194.75,104.0,-84.92720663267924
195.5,104.0,-85.2105949762112
196.25,104.0,-85.69932852284941
197.0,104.0,-86.72420965058235
197.75,104.0,-86.73149069981636
198.5,104.0,-86.73701935296468
199.25,104.0,-86.73833647126402
200.0,104.0,-86.75
200.75,104.0,-86.4048326467636
201.5,104.0,-86.32653180647831
202.25,104.0,-86.04857503190254
203.0,104.0,-85.41454352441612
203.75,104.0,-85.07369573659413
204.5,104.0,-83.88598027099061
205.25,104.0,-82.76198472758084
206.0,104.0,-84.29081632653062
206.75,104.0,-85.30779804163396
207.5,104.0,-85.65066667770937
208.25,104.0,-87.48585242123083
209.0,104.0,-87.70283018867924
209.75,104.0,-88.00027851198148
210.5,104.0,-88.2827868852459
211.25,104.0,-88.20690650250097
212.0,104.0,-87.52272727272727
212.75,104.0,-87.07057382284613
213.5,104.0,-86.90437186169389
214.25,104.0,-87.01569758756389
215.0,104.0,-87.14047347404451
215.75,104.0,-87.04126873575808
216.5,104.0,-86.60841858827253
217.25,104.0,-86.6985308254488
218.0,104.0,-87.6397997928892
218.75,104.0,-87.89087655926711
219.5,104.0,-88.55181605875303
220.25,104.0,-89.04005174988502
221.0,104.0,-89.30150334075724
221.75,104.0,-89.07753430595902
222.5,104.0,-88.71512006613973
223.25,104.0,-88.51368771722525
224.0,104.0,-88.4288990825688
224.75,104.0,-88.42450123149727
225.5,104.0,-88.37000943099655
226.25,104.0,-89.99999999999999
227.0,104.0,
227.75,104.0,
228.5,104.0,
229.25,104.0,
230.0,104.0,
230.75,104.0,
77.0,104.75,-84.08116051440211
77.75,104.75,-84.07076872419049
78.5,104.75,-84.06403523107916
79.25,104.75,-84.0629234452811
80.0,104.75,-84.06806599573011
80.75,104.75,-84.0772895114067
81.5,104.75,-84.03271941535266
82.25,104.75,-84.04833079372445
83.0,104.75,-84.06867767110454
83.75,104.75,-84.25269724105921
84.5,104.75,-84.27706129674705
85.25,104.75,
86.0,104.75,
86.75,104.75,
87.5,104.75,
88.25,104.75,
89.0,104.75,
89.75,104.75,
90.5,104.75,
91.25,104.75,
92.0,104.75,
92.75,104.75,
93.5,104.75,
94.25,104.75,
95.0,104.75,
95.75,104.75,
96.5,104.75,
97.25,104.75,
98.0,104.75,
98.75,104.75,
99.5,104.75,
100.25,104.75,
101.0,104.75,
101.75,104.75,
102.5,104.75,
103.25,104.75,
104.0,104.75,
104.75,104.75,
105.5,104.75,
106.25,104.75,
107.0,104.75,
107.75,104.75,
108.5,104.75,
109.25,104.75,
110.0,104.75,
110.75,104.75,
111.5,104.75,
112.25,104.75,
113.0,104.75,
113.75,104.75,
114.5,104.75,
115.25,104.75,
116.0,104.75,
116.75,104.75,
117.5,104.75,
118.25,104.75,
119.0,104.75,
119.75,104.75,
120.5,104.75,
121.25,104.75,
122.0,104.75,
122.75,104.75,
123.5,104.75,
124.25,104.75,
125.0,104.75,
125.75,104.75,
126.5,104.75,
127.25,104.75,
128.0,104.75,
128.75,104.75,
129.5,104.75,
130.25,104.75,
131.0,104.75,
131.75,104.75,
132.5,104.75,
133.25,104.75,
134.0,104.75,
134.75,104.75,
135.5,104.75,
136.25,104.75,
137.0,104.75,
137.75,104.75,
138.5,104.75,
139.25,104.75,
140.0,104.75,
140.75,104.75,
141.5,104.75,
142.25,104.75,
143.0,104.75,
143.75,104.75,
144.5,104.75,
145.25,104.75,
146.0,104.75,
146.75,104.75,
147.5,104.75,
148.25,104.75,
149.0,104.75,
149.75,104.75,
150.5,104.75,
151.25,104.75,
152.0,104.75,
152.75,104.75,
153.5,104.75,
154.25,104.75,
155.0,104.75,
155.75,104.75,
156.5,104.75,
157.25,104.75,
158.0,104.75,
158.75,104.75,
159.5,104.75,
160.25,104.75,
161.0,104.75,
161.75,104.75,
162.5,104.75,
163.25,104.75,
164.0,104.75,
164.75,104.75,
165.5,104.75,
166.25,104.75,
167.0,104.75,
167.75,104.75,
168.5,104.75,
169.25,104.75,
170.0,104.75,
170.75,104.75,
171.5,104.75,
172.25,104.75,
173.0,104.75,
173.75,104.75,
174.5,104.75,
175.25,104.75,
176.0,104.75,
176.75,104.75,
177.5,104.75,
178.25,104.75,
179.0,104.75,
179.75,104.75,
180.5,104.75,
181.25,104.75,
182.0,104.75,
182.75,104.75,
183.5,104.75,
184.25,104.75,
185.0,104.75,
185.75,104.75,
186.5,104.75,
187.25,104.75,
188.0,104.75,
188.75,104.75,
189.5,104.75,
190.25,104.75,
191.0,104.75,
191.75,104.75,
192.5,104.75,
193.25,104.75,-79.9080459770115
194.0,104.75,-82.86797727687383
194.75,104.75,-84.13793687247772
195.5,104.75,-84.67420786264094
196.25,104.75,-85.013288103494
197.0,104.75,-85.39700355610516
197.75,104.75,-86.13500025309327
198.5,104.75,-86.05005970820646
199.25,104.75,-86.018820059726
200.0,104.75,-86.03071559768433
200.75,104.75,-85.71699292141605
201.5,104.75,-85.61888569903293
202.25,104.75,-85.51933634264378
203.0,104.75,-84.84021249272902
203.75,104.75,-83.70409712554594
204.5,104.75,-82.60920011716469
205.25,104.75,-82.24733223968383
206.0,104.75,-82.36193421748742
206.75,104.75,-84.01469519946728
207.5,104.75,-84.73159861989996
208.25,104.75,-85.91630819847026
209.0,104.75,-87.09519223511907
209.75,104.75,-88.3480312014144
210.5,104.75,-89.3937280161422
211.25,104.75,-89.61956816673697
212.0,104.75,-87.59101446075726
212.75,104.75,-85.43341294425176
213.5,104.75,-85.70746811027831
214.25,104.75,-86.65329551756544
215.0,104.75,-86.83200557495758
215.75,104.75,-86.5264861386181
216.5,104.75,-86.38119397202554
217.25,104.75,-86.38780314344831
218.0,104.75,-86.46229731379736
218.75,104.75,-86.75186415128958
219.5,104.75,-87.53349142361277
220.25,104.75,-87.68227361034687
221.0,104.75,-87.82862696172838
221.75,104.75,-87.94438486796618
222.5,104.75,-88.12774739720264
223.25,104.75,-88.34192516220781
224.0,104.75,-88.43937788045872
224.75,104.75,-88.43422672125794
225.5,104.75,-88.3808889178198
226.25,104.75,-88.31459569951647
227.0,104.75,
227.75,104.75,
228.5,104.75,
229.25,104.75,
230.0,104.75,
230.75,104.75,
77.0,105.5,-84.06623522465709
77.75,105.5,-84.05559111126037
78.5,105.5,-84.04562528360432
79.25,105.5,-84.04351598254176
80.0,105.5,-84.05215570171751
80.75,105.5,-84.06222380831247
81.5,105.5,-83.99061512576411
82.25,105.5,-83.99449413388446
83.0,105.5,-83.99103374841704
83.75,105.5,-84.09822372628787
84.5,105.5,-84.29040209520875
85.25,105.5,-84.40123456790123
86.0,105.5,
86.75,105.5,
87.5,105.5,
88.25,105.5,
89.0,105.5,
89.75,105.5,
90.5,105.5,
91.25,105.5,
92.0,105.5,
92.75,105.5,
93.5,105.5,
94.25,105.5,
95.0,105.5,
95.75,105.5,
96.5,105.5,
97.25,105.5,
98.0,105.5,
98.75,105.5,
99.5,105.5,
100.25,105.5,
101.0,105.5,
101.75,105.5,
102.5,105.5,
103.25,105.5,
104.0,105.5,
104.75,105.5,
105.5,105.5,
106.25,105.5,
107.0,105.5,
107.75,105.5,
108.5,105.5,
109.25,105.5,
110.0,105.5,
110.75,105.5,
111.5,105.5,
112.25,105.5,
113.0,105.5,
113.75,105.5,
114.5,105.5,
115.25,105.5,
116.0,105.5,
116.75,105.5,
117.5,105.5,
118.25,105.5,
119.0,105.5,
119.75,105.5,
120.5,105.5,
121.25,105.5,
122.0,105.5,
122.75,105.5,
123.5,105.5,
124.25,105.5,
125.0,105.5,
125.75,105.5,
126.5,105.5,
127.25,105.5,
128.0,105.5,
128.75,105.5,
129.5,105.5,
130.25,105.5,
131.0,105.5,
131.75,105.5,
132.5,105.5,
133.25,105.5,
134.0,105.5,
134.75,105.5,
135.5,105.5,
136.25,105.5,
137.0,105.5,
137.75,105.5,
138.5,105.5,
139.25,105.5,
140.0,105.5,
140.75,105.5,
141.5,105.5,
142.25,105.5,
143.0,105.5,
143.75,105.5,
144.5,105.5,
145.25,105.5,
146.0,105.5,
146.75,105.5,
147.5,105.5,
148.25,105.5,
149.0,105.5,
149.75,105.5,
150.5,105.5,
151.25,105.5,
152.0,105.5,
152.75,105.5,
153.5,105.5,
154.25,105.5,
155.0,105.5,
155.75,105.5,
156.5,105.5,
157.25,105.5,
158.0,105.5,
158.75,105.5,
159.5,105.5,
160.25,105.5,
161.0,105.5,
161.75,105.5,
162.5,105.5,
163.25,105.5,
164.0,105.5,
164.75,105.5,
165.5,105.5,
166.25,105.5,
167.0,105.5,
167.75,105.5,
168.5,105.5,
169.25,105.5,
170.0,105.5,
170.75,105.5,
171.5,105.5,
172.25,105.5,
173.0,105.5,
173.75,105.5,
174.5,105.5,
175.25,105.5,
176.0,105.5,
176.75,105.5,
177.5,105.5,
178.25,105.5,
179.0,105.5,
179.75,105.5,
180.5,105.5,
181.25,105.5,
182.0,105.5,
182.75,105.5,
183.5,105.5,
184.25,105.5,
185.0,105.5,
185.75,105.5,
186.5,105.5,
187.25,105.5,
188.0,105.5,
188.75,105.5,
189.5,105.5,
190.25,105.5,
191.0,105.5,
191.75,105.5,
192.5,105.5,
193.25,105.5,-80.67839922033316
194.0,105.5,-82.20172336753873
194.75,105.5,-83.08604466398332
195.5,105.5,-83.44045981359838
196.25,105.5,-83.79048860826417
197.0,105.5,-84.11236892326303
197.75,105.5,-84.7527238347502
198.5,105.5,-85.40798348336386
199.25,105.5,-85.75450042706787
200.0,105.5,-85.36709649639668
200.75,105.5,-84.99725201757869
201.5,105.5,-84.9024614254225
202.25,105.5,-84.18786886132355
203.0,105.5,-83.65030642558071
203.75,105.5,-83.30974149976021
204.5,105.5,-82.295246410233
205.25,105.5,-81.14369321699498
206.0,105.5,-81.39950957878638
206.75,105.5,-83.27954701080166
207.5,105.5,-83.95106500183623
208.25,105.5,-84.75449721161523
209.0,105.5,-85.7511461005717
209.75,105.5,-87.72871816959085
210.5,105.5,-88.76277099426864
211.25,105.5,-89.09784015772821
212.0,105.5,-87.55536626916526
212.75,105.5,-85.96272889797793
213.5,105.5,-85.9872913032644
214.25,105.5,-86.52658805315407
215.0,105.5,-86.4558814564699
215.75,105.5,-86.3429325253435
216.5,105.5,-85.47694879223579
217.25,105.5,-86.04812814446235
218.0,105.5,-86.22805777768295
218.75,105.5,-86.21897915976687
219.5,105.5,-85.97151060070671
220.25,105.5,-85.88106453942164
221.0,105.5,-85.93023255813952
221.75,105.5,-86.74501713406532
222.5,105.5,-87.89752650176679
223.25,105.5,-88.5442660621681
224.0,105.5,-88.65365025466892
224.75,105.5,-88.56370928807516
225.5,105.5,-88.44310046902
226.25,105.5,-88.33671132326506
227.0,105.5,
227.75,105.5,
228.5,105.5,
229.25,105.5,
230.0,105.5,
230.75,105.5,
77.0,106.25,-84.0380356104412
77.75,106.25,-84.03952346970284
78.5,106.25,-84.02275154733428
79.25,106.25,-84.01788634711815
80.0,106.25,-84.03597039585452
80.75,106.25,-84.03758222500905
81.5,106.25,-84.00704629963349
82.25,106.25,-84.01616198505815
83.0,106.25,-84.01434362033376
83.75,106.25,-83.99908194368365
84.5,106.25,-84.11464250770405
85.25,106.25,-84.42090395480226
86.0,106.25,-84.43978494623656
86.75,106.25,
87.5,106.25,
88.25,106.25,
89.0,106.25,
89.75,106.25,
90.5,106.25,
91.25,106.25,
92.0,106.25,
92.75,106.25,
93.5,106.25,
94.25,106.25,
95.0,106.25,
95.75,106.25,
96.5,106.25,
97.25,106.25,
98.0,106.25,
98.75,106.25,
99.5,106.25,
100.25,106.25,
101.0,106.25,
101.75,106.25,
102.5,106.25,
103.25,106.25,
104.0,106.25,
104.75,106.25,
105.5,106.25,
106.25,106.25,
107.0,106.25,
107.75,106.25,
108.5,106.25,
109.25,106.25,
110.0,106.25,
110.75,106.25,
111.5,106.25,
112.25,106.25,
113.0,106.25,
113.75,106.25,
114.5,106.25,
115.25,106.25,
116.0,106.25,
116.75,106.25,
117.5,106.25,
118.25,106.25,
119.0,106.25,
119.75,106.25,
120.5,106.25,
121.25,106.25,
122.0,106.25,
122.75,106.25,
123.5,106.25,
124.25,106.25,
125.0,106.25,
125.75,106.25,
126.5,106.25,
127.25,106.25,
128.0,106.25,
128.75,106.25,
129.5,106.25,
130.25,106.25,
131.0,106.25,
131.75,106.25,
132.5,106.25,
133.25,106.25,
134.0,106.25,
134.75,106.25,
135.5,106.25,
136.25,106.25,
137.0,106.25,
137.75,106.25,
138.5,106.25,
139.25,106.25,
140.0,106.25,
140.75,106.25,
141.5,106.25,
142.25,106.25,
143.0,106.25,
143.75,106.25,
144.5,106.25,
145.25,106.25,
146.0,106.25,
146.75,106.25,
147.5,106.25,
148.25,106.25,
149.0,106.25,
149.75,106.25,
150.5,106.25,
151.25,106.25,
152.0,106.25,
152.75,106.25,
153.5,106.25,
154.25,106.25,
155.0,106.25,
155.75,106.25,
156.5,106.25,
157.25,106.25,
158.0,106.25,
158.75,106.25,
159.5,106.25,
160.25,106.25,
161.0,106.25,
161.75,106.25,
162.5,106.25,
163.25,106.25,
164.0,106.25,
164.75,106.25,
165.5,106.25,
166.25,106.25,
167.0,106.25,
167.75,106.25,
168.5,106.25,
169.25,106.25,
170.0,106.25,
170.75,106.25,
171.5,106.25,
172.25,106.25,
173.0,106.25,
173.75,106.25,
174.5,106.25,
175.25,106.25,
176.0,106.25,
176.75,106.25,
177.5,106.25,
178.25,106.25,
179.0,106.25,
179.75,106.25,
180.5,106.25,
181.25,106.25,
182.0,106.25,
182.75,106.25,
183.5,106.25,
184.25,106.25,
185.0,106.25,
185.75,106.25,
186.5,106.25,
187.25,106.25,
188.0,106.25,
188.75,106.25,
189.5,106.25,
190.25,106.25,
191.0,106.25,
191.75,106.25,
192.5,106.25,
193.25,106.25,-80.14101828124353
194.0,106.25,-82.45984618451442
194.75,106.25,-82.34070261768548
195.5,106.25,-82.39508750080894
196.25,106.25,-82.61528850953066
197.0,106.25,-83.1405725420722
197.75,106.25,-83.80154228244234
198.5,106.25,-84.21786349606394
199.25,106.25,-84.2807827947509
200.0,106.25,-84.53725109116102
200.75,106.25,-83.62954618473135
201.5,106.25,-83.54984290963303
202.25,106.25,-83.64008132041306
203.0,106.25,-82.9018403131587
203.75,106.25,-82.1607624889181
204.5,106.25,-81.80420768878761
205.25,106.25,-80.6196806273979
206.0,106.25,-80.48610127808624
206.75,106.25,-81.65430793979039
207.5,106.25,-82.2386676030759
208.25,106.25,-82.96420357468726
209.0,106.25,-84.56757449215384
209.75,106.25,-85.95660478726093
210.5,106.25,-86.45378227500491
211.25,106.25,-86.84367129364811
212.0,106.25,-86.9400019866892
212.75,106.25,-87.43977864895177
213.5,106.25,-87.35137297851483
214.25,106.25,-86.5589623012521
215.0,106.25,-86.06084067217822
215.75,106.25,-85.16548181296618
216.5,106.25,-85.236401241243
217.25,106.25,-85.25196576173906
218.0,106.25,-85.83674667239718
218.75,106.25,-85.6478974298055
219.5,106.25,-84.99537366548044
220.25,106.25,-84.318872283897
221.0,106.25,-84.05036169479848
221.75,106.25,-85.70693149574382
222.5,106.25,-88.50460921843687
223.25,106.25,-89.32432432432432
224.0,106.25,-89.0800147802281
224.75,106.25,-88.75630539573939
225.5,106.25,-88.52024169659683
226.25,106.25,-88.01592356687898
227.0,106.25,
227.75,106.25,
228.5,106.25,
229.25,106.25,
230.0,106.25,
230.75,106.25,
77.0,107.0,-84.00000000000017
77.75,107.0,-84.03626496683172
78.5,107.0,-84.00436836364
79.25,107.0,-84.00033978673335
80.0,107.0,-84.02972258916775
80.75,107.0,-84.0025109809537
81.5,107.0,-84.01655047422295
82.25,107.0,-84.01532810760934
83.0,107.0,-83.98901098901099
83.75,107.0,-84.01864941218177
84.5,107.0,-83.98730672467914
85.25,107.0,-84.12278632550502
86.0,107.0,-84.46296296296296
86.75,107.0,
87.5,107.0,
88.25,107.0,
89.0,107.0,
89.75,107.0,
90.5,107.0,
91.25,107.0,
92.0,107.0,
92.75,107.0,
93.5,107.0,
94.25,107.0,
95.0,107.0,
95.75,107.0,
96.5,107.0,
97.25,107.0,
98.0,107.0,
98.75,107.0,
99.5,107.0,
100.25,107.0,
101.0,107.0,
101.75,107.0,
102.5,107.0,
103.25,107.0,
104.0,107.0,
104.75,107.0,
105.5,107.0,
106.25,107.0,
107.0,107.0,
107.75,107.0,
108.5,107.0,
109.25,107.0,
110.0,107.0,
110.75,107.0,
111.5,107.0,
112.25,107.0,
113.0,107.0,
113.75,107.0,
114.5,107.0,
115.25,107.0,
116.0,107.0,
116.75,107.0,
117.5,107.0,
118.25,107.0,
119.0,107.0,
119.75,107.0,
120.5,107.0,
121.25,107.0,
122.0,107.0,
122.75,107.0,
123.5,107.0,
124.25,107.0,
125.0,107.0,
125.75,107.0,
126.5,107.0,
127.25,107.0,
128.0,107.0,
128.75,107.0,
129.5,107.0,
130.25,107.0,
131.0,107.0,
131.75,107.0,
132.5,107.0,
133.25,107.0,
134.0,107.0,
134.75,107.0,
135.5,107.0,
136.25,107.0,
137.0,107.0,
137.75,107.0,
138.5,107.0,
139.25,107.0,
140.0,107.0,
140.75,107.0,
141.5,107.0,
142.25,107.0,
143.0,107.0,
143.75,107.0,
144.5,107.0,
145.25,107.0,
146.0,107.0,
146.75,107.0,
147.5,107.0,
148.25,107.0,
149.0,107.0,
149.75,107.0,
150.5,107.0,
151.25,107.0,
152.0,107.0,
152.75,107.0,
153.5,107.0,
154.25,107.0,
155.0,107.0,
155.75,107.0,
156.5,107.0,
157.25,107.0,
158.0,107.0,
158.75,107.0,
159.5,107.0,
160.25,107.0,
161.0,107.0,
161.75,107.0,
162.5,107.0,
163.25,107.0,
164.0,107.0,
164.75,107.0,
165.5,107.0,
166.25,107.0,
167.0,107.0,
167.75,107.0,
168.5,107.0,
169.25,107.0,
170.0,107.0,
170.75,107.0,
171.5,107.0,
172.25,107.0,
173.0,107.0,
173.75,107.0,
174.5,107.0,
175.25,107.0,
176.0,107.0,
176.75,107.0,
177.5,107.0,
178.25,107.0,
179.0,107.0,
179.75,107.0,
180.5,107.0,
181.25,107.0,
182.0,107.0,
182.75,107.0,
183.5,107.0,
184.25,107.0,
185.0,107.0,
185.75,107.0,
186.5,107.0,
187.25,107.0,
188.0,107.0,
188.75,107.0,
189.5,107.0,
190.25,107.0,
191.0,107.0,
191.75,107.0,
192.5,107.0,
193.25,107.0,-80.46196592225706
194.0,107.0,-81.17738359201773
194.75,107.0,-80.89700816126461
195.5,107.0,-80.61249145841971
196.25,107.0,-80.23341734355597
197.0,107.0,-81.60937499999999
197.75,107.0,-82.82837070003154
198.5,107.0,-83.83426410769265
199.25,107.0,-83.98253119467614
200.0,107.0,-83.5481927710843
200.75,107.0,-83.09140662898682
201.5,107.0,-83.21211916908256
202.25,107.0,-82.94324550487329
203.0,107.0,-82.42857142857143
203.75,107.0,-81.73485900097607
204.5,107.0,-81.26076926415024
205.25,107.0,-80.55505860051169
206.0,107.0,-80.48921832884098
206.75,107.0,-80.58549377848551
207.5,107.0,-80.76325906884045
208.25,107.0,-81.90651913516717
209.0,107.0,-82.9
209.75,107.0,-84.47938562040929
210.5,107.0,-85.75284117591809
211.25,107.0,-86.00365485294806
212.0,107.0,-86.7142857142857
212.75,107.0,-88.74694692404873
213.5,107.0,-88.29214802291723
214.25,107.0,-86.72197215242652
215.0,107.0,-85.07142857142857
215.75,107.0,-84.50108208899597
216.5,107.0,-83.97088083611294
217.25,107.0,-83.74209189167573
218.0,107.0,-84.83889980353635
218.75,107.0,-84.83259371888124
219.5,107.0,-84.53508569640167
220.25,107.0,-83.6734337659261
221.0,107.0,-83.00000000000219
221.75,107.0,-84.97834325933947
222.5,107.0,-89.3085250338295
223.25,107.0,-89.91488363701966
224.0,107.0,-89.32432432432432
224.75,107.0,-88.84481056442068
225.5,107.0,-88.34905660377358
226.25,107.0,-88.0606557377049
227.0,107.0,
227.75,107.0,
228.5,107.0,
229.25,107.0,
230.0,107.0,
230.75,107.0,
77.0,107.75,-84.13292080651742
77.75,107.75,-84.10035296667888
78.5,107.75,-83.9396556895893
79.25,107.75,-83.9182444157385
80.0,107.75,-84.04189626236983
80.75,107.75,-84.08057678874732
81.5,107.75,-84.12300977572676
82.25,107.75,-84.09857069240908
83.0,107.75,-84.02653315510624
83.75,107.75,-83.9446450079321
84.5,107.75,-83.87517028897597
85.25,107.75,-83.91405623253976
86.0,107.75,-84.09083688197036
86.75,107.75,-84.492673992674
87.5,107.75,
88.25,107.75,
89.0,107.75,
89.75,107.75,
90.5,107.75,
91.25,107.75,
92.0,107.75,
92.75,107.75,
93.5,107.75,
94.25,107.75,
95.0,107.75,
95.75,107.75,
96.5,107.75,
97.25,107.75,
98.0,107.75,
98.75,107.75,
99.5,107.75,
100.25,107.75,
101.0,107.75,
101.75,107.75,
102.5,107.75,
103.25,107.75,
104.0,107.75,
104.75,107.75,
105.5,107.75,
106.25,107.75,
107.0,107.75,
107.75,107.75,
108.5,107.75,
109.25,107.75,
110.0,107.75,
110.75,107.75,
111.5,107.75,
112.25,107.75,
113.0,107.75,
113.75,107.75,
114.5,107.75,
115.25,107.75,
116.0,107.75,
116.75,107.75,
117.5,107.75,
118.25,107.75,
119.0,107.75,
119.75,107.75,
120.5,107.75,
121.25,107.75,
122.0,107.75,
122.75,107.75,
123.5,107.75,
124.25,107.75,
125.0,107.75,
125.75,107.75,
126.5,107.75,
127.25,107.75,
128.0,107.75,
128.75,107.75,
129.5,107.75,
130.25,107.75,
131.0,107.75,
131.75,107.75,
132.5,107.75,
133.25,107.75,
134.0,107.75,
134.75,107.75,
135.5,107.75,
136.25,107.75,
137.0,107.75,
137.75,107.75,
138.5,107.75,
139.25,107.75,
140.0,107.75,
140.75,107.75,
141.5,107.75,
142.25,107.75,
143.0,107.75,
143.75,107.75,
144.5,107.75,
145.25,107.75,
146.0,107.75,
146.75,107.75,
147.5,107.75,
148.25,107.75,
149.0,107.75,
149.75,107.75,
150.5,107.75,
151.25,107.75,
152.0,107.75,
152.75,107.75,
153.5,107.75,
154.25,107.75,
155.0,107.75,
155.75,107.75,
156.5,107.75,
157.25,107.75,
158.0,107.75,
158.75,107.75,
159.5,107.75,
160.25,107.75,
161.0,107.75,
161.75,107.75,
162.5,107.75,
163.25,107.75,
164.0,107.75,
164.75,107.75,
165.5,107.75,
166.25,107.75,
167.0,107.75,
167.75,107.75,
168.5,107.75,
169.25,107.75,
170.0,107.75,
170.75,107.75,
171.5,107.75,
172.25,107.75,
173.0,107.75,
173.75,107.75,
174.5,107.75,
175.25,107.75,
176.0,107.75,
176.75,107.75,
177.5,107.75,
178.25,107.75,
179.0,107.75,
179.75,107.75,
180.5,107.75,
181.25,107.75,
182.0,107.75,
182.75,107.75,
183.5,107.75,
184.25,107.75,
185.0,107.75,
185.75,107.75,
186.5,107.75,
187.25,107.75,
188.0,107.75,
188.75,107.75,
189.5,107.75,
190.25,107.75,
191.0,107.75,
191.75,107.75,
192.5,107.75,-76.29282209889114
193.25,107.75,-77.81644743328101
194.0,107.75,-78.5144522892598
194.75,107.75,-78.44239413666786
195.5,107.75,-78.13920035827233
196.25,107.75,-78.39454763205048
197.0,107.75,-78.41866770357477
197.75,107.75,-80.22296065360088
198.5,107.75,-82.51025907949273
199.25,107.75,-83.30258871225676
200.0,107.75,-83.6681763880351
200.75,107.75,-83.83694877965165
201.5,107.75,-83.66485319673299
202.25,107.75,-82.7246848688464
203.0,107.75,-81.59198899002662
203.75,107.75,-81.49285064131521
204.5,107.75,-80.97765388078948
205.25,107.75,-80.53762391450785
206.0,107.75,-80.49696367329997
206.75,107.75,-80.58484665831894
207.5,107.75,-80.65041213676683
208.25,107.75,-80.65963115895059
209.0,107.75,-81.33674411816479
209.75,107.75,-82.3967247506338
210.5,107.75,-84.18185796557889
211.25,107.75,-84.71915083812566
212.0,107.75,-85.62878712625412
212.75,107.75,-86.56461794430372
213.5,107.75,-86.37015138119237
214.25,107.75,-85.11076023872609
215.0,107.75,-84.05354203647069
215.75,107.75,-83.73915320898772
216.5,107.75,-83.55902830032053
217.25,107.75,-83.4570402043727
218.0,107.75,-83.93304404738866
218.75,107.75,-84.07214237190954
219.5,107.75,-84.15002881585433
220.25,107.75,-84.06855836706168
221.0,107.75,-83.9035989292442
221.75,107.75,-85.56417489421722
222.5,107.75,-88.46990809368515
223.25,107.75,-89.3139689578714
224.0,107.75,-89.0569812730086
224.75,107.75,-88.6095890410959
225.5,107.75,-88.2737556561086
226.25,107.75,-88.01592356687898
227.0,107.75,
227.75,107.75,
228.5,107.75,
229.25,107.75,
230.0,107.75,
230.75,107.75,
77.0,108.5,-84.74591002325914
77.75,108.5,-84.24554463706197
78.5,108.5,-83.51950718685833
79.25,108.5,-83.35820949479148
80.0,108.5,-83.8892674616695
80.75,108.5,-84.59984118621718
81.5,108.5,-84.55494642412161
82.25,108.5,-84.23186976041991
83.0,108.5,-84.04071234983375
83.75,108.5,-83.91649648731608
84.5,108.5,-83.83510590309699
85.25,108.5,-83.85889854314695
86.0,108.5,-83.81343101160017
86.75,108.5,-84.01000058631757
87.5,108.5,
88.25,108.5,
89.0,108.5,
89.75,108.5,
90.5,108.5,
91.25,108.5,
92.0,108.5,
92.75,108.5,
93.5,108.5,
94.25,108.5,
95.0,108.5,
95.75,108.5,
96.5,108.5,
97.25,108.5,
98.0,108.5,
98.75,108.5,
99.5,108.5,
100.25,108.5,
101.0,108.5,
101.75,108.5,
102.5,108.5,
103.25,108.5,
104.0,108.5,
104.75,108.5,
105.5,108.5,
106.25,108.5,
107.0,108.5,
107.75,108.5,
108.5,108.5,
109.25,108.5,
110.0,108.5,
110.75,108.5,
111.5,108.5,
112.25,108.5,
113.0,108.5,
113.75,108.5,
114.5,108.5,
115.25,108.5,
116.0,108.5,
116.75,108.5,
117.5,108.5,
118.25,108.5,
119.0,108.5,
119.75,108.5,
120.5,108.5,
121.25,108.5,
122.0,108.5,
122.75,108.5,
123.5,108.5,
124.25,108.5,
125.0,108.5,
125.75,108.5,
126.5,108.5,
127.25,108.5,
128.0,108.5,
128.75,108.5,
129.5,108.5,
130.25,108.5,
131.0,108.5,
131.75,108.5,
132.5,108.5,
133.25,108.5,
134.0,108.5,
134.75,108.5,
135.5,108.5,
136.25,108.5,
137.0,108.5,
137.75,108.5,
138.5,108.5,
139.25,108.5,
140.0,108.5,
140.75,108.5,
141.5,108.5,
142.25,108.5,
143.0,108.5,
143.75,108.5,
144.5,108.5,
145.25,108.5,
146.0,108.5,
146.75,108.5,
147.5,108.5,
148.25,108.5,
149.0,108.5,
149.75,108.5,
150.5,108.5,
151.25,108.5,
152.0,108.5,
152.75,108.5,
153.5,108.5,
154.25,108.5,
155.0,108.5,
155.75,108.5,
156.5,108.5,
157.25,108.5,
158.0,108.5,
158.75,108.5,
159.5,108.5,
160.25,108.5,
161.0,108.5,
161.75,108.5,
162.5,108.5,
163.25,108.5,
164.0,108.5,
164.75,108.5,
165.5,108.5,
166.25,108.5,
167.0,108.5,
167.75,108.5,
168.5,108.5,
169.25,108.5,
170.0,108.5,
170.75,108.5,
171.5,108.5,
172.25,108.5,
173.0,108.5,
173.75,108.5,
174.5,108.5,
175.25,108.5,
176.0,108.5,
176.75,108.5,
177.5,108.5,
178.25,108.5,
179.0,108.5,
179.75,108.5,
180.5,108.5,
181.25,108.5,
182.0,108.5,
182.75,108.5,
183.5,108.5,
184.25,108.5,
185.0,108.5,
185.75,108.5,
186.5,108.5,
187.25,108.5,
188.0,108.5,
188.75,108.5,
189.5,108.5,
190.25,108.5,
191.0,108.5,
191.75,108.5,-75.9071174930487
192.5,108.5,-76.12592592592593
193.25,108.5,-79.18756433209064
194.0,108.5,-78.7418999771643
194.75,108.5,-78.51689081970304
195.5,108.5,-77.76134007804409
196.25,108.5,-76.73935465240217
197.0,108.5,-75.20600290889858
197.75,108.5,-77.4620257266763
198.5,108.5,-80.59703504043127
199.25,108.5,-82.00104036368968
200.0,108.5,-83.7571077962644
200.75,108.5,-85.64276371699431
201.5,108.5,-85.16713961407491
202.25,108.5,-81.97326051243677
203.0,108.5,-79.91993049685357
203.75,108.5,-80.781022026375
204.5,108.5,-80.89453027660106
205.25,108.5,-80.72513308392503
206.0,108.5,-80.51639344262296
206.75,108.5,-80.27141043303688
207.5,108.5,-80.16290804884127
208.25,108.5,-80.09376435993285
209.0,108.5,-79.54254719639334
209.75,108.5,-80.40234180632226
210.5,108.5,-81.18686868686869
211.25,108.5,-81.22313457497235
212.0,108.5,-83.41396933560479
212.75,108.5,-84.25571664737903
213.5,108.5,-84.37822671156005
214.25,108.5,-83.5758066951113
215.0,108.5,-83.16458787483799
215.75,108.5,-83.18820202214675
216.5,108.5,-83.03701155510228
217.25,108.5,-82.8924047094471
218.0,108.5,-82.87156645964772
218.75,108.5,-83.35665804666591
219.5,108.5,-84.14176050349566
220.25,108.5,-84.34341855540774
221.0,108.5,-85.11984328186217
221.75,108.5,-86.17273603258005
222.5,108.5,-87.61780104712041
223.25,108.5,-88.3978913717032
224.0,108.5,-88.43103448275862
224.75,108.5,-88.28034682080924
225.5,108.5,-88.0806451612903
226.25,108.5,-87.89589442815249
227.0,108.5,
227.75,108.5,
228.5,108.5,
229.25,108.5,
230.0,108.5,
230.75,108.5,
77.0,109.25,-84.93535165115482
77.75,109.25,-84.30216677191022
78.5,109.25,-83.34105446410689
79.25,109.25,-83.13328597664506
80.0,109.25,-83.81797107848551
80.75,109.25,-84.7889889771564
81.5,109.25,-84.65086737512728
82.25,109.25,-84.13400840550358
83.0,109.25,-84.03866546909089
83.75,109.25,-83.93675183717845
84.5,109.25,-83.88004313901202
85.25,109.25,-84.00682570425539
86.0,109.25,-83.86548921435279
86.75,109.25,-83.91836734693875
87.5,109.25,
88.25,109.25,
89.0,109.25,
89.75,109.25,
90.5,109.25,
91.25,109.25,
92.0,109.25,
92.75,109.25,
93.5,109.25,
94.25,109.25,
95.0,109.25,
95.75,109.25,
96.5,109.25,
97.25,109.25,
98.0,109.25,
98.75,109.25,
99.5,109.25,
100.25,109.25,
101.0,109.25,
101.75,109.25,
102.5,109.25,
103.25,109.25,
104.0,109.25,
104.75,109.25,
105.5,109.25,
106.25,109.25,
107.0,109.25,
107.75,109.25,
108.5,109.25,
109.25,109.25,
110.0,109.25,
110.75,109.25,
111.5,109.25,
112.25,109.25,
113.0,109.25,
113.75,109.25,
114.5,109.25,
115.25,109.25,
116.0,109.25,
116.75,109.25,
117.5,109.25,
118.25,109.25,
119.0,109.25,
119.75,109.25,
120.5,109.25,
121.25,109.25,
122.0,109.25,
122.75,109.25,
123.5,109.25,
124.25,109.25,
125.0,109.25,
125.75,109.25,
126.5,109.25,
127.25,109.25,
128.0,109.25,
128.75,109.25,
129.5,109.25,
130.25,109.25,
131.0,109.25,
131.75,109.25,
132.5,109.25,
133.25,109.25,
134.0,109.25,-91.24999999999999
134.75,109.25,
135.5,109.25,
136.25,109.25,
137.0,109.25,
137.75,109.25,
138.5,109.25,
139.25,109.25,
140.0,109.25,
140.75,109.25,
141.5,109.25,
142.25,109.25,
143.0,109.25,
143.75,109.25,
144.5,109.25,
145.25,109.25,
146.0,109.25,
146.75,109.25,
147.5,109.25,
148.25,109.25,
149.0,109.25,
149.75,109.25,
150.5,109.25,
151.25,109.25,
152.0,109.25,
152.75,109.25,
153.5,109.25,
154.25,109.25,
155.0,109.25,
155.75,109.25,
156.5,109.25,
157.25,109.25,
158.0,109.25,
158.75,109.25,
159.5,109.25,
160.25,109.25,
161.0,109.25,
161.75,109.25,
162.5,109.25,
163.25,109.25,
164.0,109.25,
164.75,109.25,
165.5,109.25,
166.25,109.25,
167.0,109.25,
167.75,109.25,
168.5,109.25,
169.25,109.25,
170.0,109.25,
170.75,109.25,
171.5,109.25,
172.25,109.25,
173.0,109.25,
173.75,109.25,
174.5,109.25,
175.25,109.25,
176.0,109.25,
176.75,109.25,
177.5,109.25,
178.25,109.25,
179.0,109.25,
179.75,109.25,
180.5,109.25,
181.25,109.25,
182.0,109.25,
182.75,109.25,
183.5,109.25,
184.25,109.25,
185.0,109.25,
185.75,109.25,
186.5,109.25,
187.25,109.25,
188.0,109.25,
188.75,109.25,
189.5,109.25,
190.25,109.25,
191.0,109.25,
191.75,109.25,-79.00739973105198
192.5,109.25,-80.29644499663404
193.25,109.25,-80.00422431876767
194.0,109.25,-78.72695381067555
194.75,109.25,-78.78294340256983
195.5,109.25,-78.30900243451684
196.25,109.25,-76.47266806908947
197.0,109.25,-74.46455613473304
197.75,109.25,-77.08442125686688
198.5,109.25,-79.66014690609292
199.25,109.25,-80.78016174362983
200.0,109.25,-83.745022169477
200.75,109.25,-86.3208670746954
201.5,109.25,-85.44743906717375
202.25,109.25,-81.905860071214
203.0,109.25,-79.35985484566955
203.75,109.25,-80.90595461958031
204.5,109.25,-80.90266627421462
205.25,109.25,-80.69666225179796
206.0,109.25,-80.71277414390151
206.75,109.25,-80.20267672683602
207.5,109.25,-80.33950008818515
208.25,109.25,-80.00005981767602
209.0,109.25,-79.16024164660743
209.75,109.25,-80.16303229893212
210.5,109.25,-80.51269804916284
211.25,109.25,-80.3511902699331
212.0,109.25,-82.76189424881336
212.75,109.25,-83.89239058872448
213.5,109.25,-83.76145743088667
214.25,109.25,-83.11903713521195
215.0,109.25,-82.99324773346093
215.75,109.25,-82.88162845417895
216.5,109.25,-82.38367907176954
217.25,109.25,-82.26494435423528
218.0,109.25,-82.34451749746917
218.75,109.25,-83.22413592300714
219.5,109.25,-83.662459224825
220.25,109.25,-84.04581036845781
221.0,109.25,-85.16670679363392
221.75,109.25,-86.21428571428571
222.5,109.25,-87.05445544554456
223.25,109.25,-87.64754098360656
224.0,109.25,-87.89130434782608
224.75,109.25,-87.91284403669724
225.5,109.25,-87.83788395904438
226.25,109.25,-87.73316062176166
227.0,109.25,
227.75,109.25,
228.5,109.25,
229.25,109.25,
230.0,109.25,
230.75,109.25,
77.0,110.0,-84.36036960985626
77.75,110.0,-83.9180548209737
78.5,110.0,-83.43608288703139
79.25,110.0,-83.35191156417658
80.0,110.0,-83.5909090909091
80.75,110.0,-83.8528280107734
81.5,110.0,-83.91981468282252
82.25,110.0,-83.91697199359497
83.0,110.0,-83.87149208113365
83.75,110.0,-83.82718925078974
84.5,110.0,-83.94103103835997
85.25,110.0,-83.95097344022065
86.0,110.0,-83.96991247264769
86.75,110.0,-83.81451660636256
87.5,110.0,-83.72520661157026
88.25,110.0,
89.0,110.0,
89.75,110.0,
90.5,110.0,
91.25,110.0,
92.0,110.0,
92.75,110.0,
93.5,110.0,
94.25,110.0,
95.0,110.0,
95.75,110.0,
96.5,110.0,
97.25,110.0,
98.0,110.0,
98.75,110.0,
99.5,110.0,
100.25,110.0,
101.0,110.0,
101.75,110.0,
102.5,110.0,
103.25,110.0,
104.0,110.0,
104.75,110.0,
105.5,110.0,
106.25,110.0,
107.0,110.0,
107.75,110.0,
108.5,110.0,
109.25,110.0,
110.0,110.0,
110.75,110.0,
111.5,110.0,
112.25,110.0,
113.0,110.0,
113.75,110.0,
114.5,110.0,
115.25,110.0,
116.0,110.0,
116.75,110.0,
117.5,110.0,
118.25,110.0,
119.0,110.0,
119.75,110.0,
120.5,110.0,
121.25,110.0,
122.0,110.0,
122.75,110.0,
123.5,110.0,
124.25,110.0,
125.0,110.0,
125.75,110.0,
126.5,110.0,
127.25,110.0,
128.0,110.0,
128.75,110.0,
129.5,110.0,
130.25,110.0,
131.0,110.0,
131.75,110.0,-91.21378269617706
132.5,110.0,-91.22345132743364
133.25,110.0,-91.23588235294118
134.0,110.0,-91.25
134.75,110.0,-91.26411764705881
135.5,110.0,-91.27654867256638
136.25,110.0,-91.28621730382294
137.0,110.0,
137.75,110.0,
138.5,110.0,
139.25,110.0,
140.0,110.0,
140.75,110.0,
141.5,110.0,
142.25,110.0,
143.0,110.0,
143.75,110.0,
144.5,110.0,
145.25,110.0,
146.0,110.0,
146.75,110.0,
147.5,110.0,
148.25,110.0,
149.0,110.0,
149.75,110.0,
150.5,110.0,
151.25,110.0,
152.0,110.0,
152.75,110.0,
153.5,110.0,
154.25,110.0,
155.0,110.0,
155.75,110.0,
156.5,110.0,
157.25,110.0,
158.0,110.0,
158.75,110.0,
159.5,110.0,
160.25,110.0,
161.0,110.0,
161.75,110.0,
162.5,110.0,
163.25,110.0,
164.0,110.0,
164.75,110.0,
165.5,110.0,
166.25,110.0,
167.0,110.0,
167.75,110.0,
168.5,110.0,
169.25,110.0,
170.0,110.0,
170.75,110.0,
171.5,110.0,
172.25,110.0,
173.0,110.0,
173.75,110.0,
174.5,110.0,
175.25,110.0,
176.0,110.0,
176.75,110.0,
177.5,110.0,
178.25,110.0,
179.0,110.0,
179.75,110.0,
180.5,110.0,
181.25,110.0,
182.0,110.0,
182.75,110.0,
183.5,110.0,
184.25,110.0,
185.0,110.0,
185.75,110.0,
186.5,110.0,
187.25,110.0,
188.0,110.0,
188.75,110.0,
189.5,110.0,
190.25,110.0,-79.30506822612085
191.0,110.0,-78.57407407407408
191.75,110.0,-79.83803615156869
192.5,110.0,-80.70357125440073
193.25,110.0,-80.3287917539839
194.0,110.0,-80.16403162055337
194.75,110.0,-79.17813670597033
195.5,110.0,-79.85312638898091
196.25,110.0,-80.41787396637037
197.0,110.0,-81.07489597780858
197.75,110.0,-80.52808818855817
198.5,110.0,-79.08754063874547
199.25,110.0,-79.1481440274275
200.0,110.0,-81.58333333333334
200.75,110.0,-83.515771344066
201.5,110.0,-83.68925625611631
202.25,110.0,-83.51902254892224
203.0,110.0,-83.14285714285712
203.75,110.0,-82.92301579417901
204.5,110.0,-82.32453151618401
205.25,110.0,-82.1594546859477
206.0,110.0,-81.5
206.75,110.0,-81.43202892151454
207.5,110.0,-81.36073253833051
208.25,110.0,-81.17363663454852
209.0,110.0,-81.14285714285712
209.75,110.0,-80.99483460812556
210.5,110.0,-81.07282793867121
211.25,110.0,-81.22858483276302
212.0,110.0,-82.77272727272727
212.75,110.0,-82.99696434485045
213.5,110.0,-82.87137989778537
214.25,110.0,-82.55644648098111
215.0,110.0,-81.87318361955086
215.75,110.0,-81.70859788463034
216.5,110.0,-81.9513859228748
217.25,110.0,-82.15134982832105
218.0,110.0,-82.22053231939165
218.75,110.0,-82.9916090825645
219.5,110.0,-83.43652792771182
220.25,110.0,-84.00517464478943
221.0,110.0,-85.18590704647676
221.75,110.0,-85.73256326041162
222.5,110.0,-86.84146341463415
223.25,110.0,-87.25675675675676
224.0,110.0,-87.5
224.75,110.0,-87.59608540925267
225.5,110.0,-87.60112359550561
226.25,110.0,
227.0,110.0,
227.75,110.0,
228.5,110.0,
229.25,110.0,
230.0,110.0,
230.75,110.0,
77.0,110.75,-83.87111248837671
77.75,110.75,-83.59572588557123
78.5,110.75,-83.18808920942989
79.25,110.75,-83.08417578520633
80.0,110.75,-83.36499613643892
80.75,110.75,-83.12644031733323
81.5,110.75,-83.23951199260118
82.25,110.75,-83.55302028943065
83.0,110.75,-83.68766543335128
83.75,110.75,-83.62939939912708
84.5,110.75,-83.62672714031635
85.25,110.75,-83.64349526300443
86.0,110.75,-83.66662015803166
86.75,110.75,-83.24777576043061
87.5,110.75,-83.76511335012596
88.25,110.75,-83.79897959183671
89.0,110.75,
89.75,110.75,
90.5,110.75,
91.25,110.75,
92.0,110.75,
92.75,110.75,
93.5,110.75,
94.25,110.75,
95.0,110.75,
95.75,110.75,
96.5,110.75,
97.25,110.75,
98.0,110.75,
98.75,110.75,
99.5,110.75,
100.25,110.75,
101.0,110.75,
101.75,110.75,
102.5,110.75,
103.25,110.75,
104.0,110.75,
104.75,110.75,
105.5,110.75,
106.25,110.75,
107.0,110.75,
107.75,110.75,
108.5,110.75,
109.25,110.75,
110.0,110.75,
110.75,110.75,
111.5,110.75,
112.25,110.75,
113.0,110.75,
113.75,110.75,
114.5,110.75,
115.25,110.75,
116.0,110.75,
116.75,110.75,
117.5,110.75,
118.25,110.75,
119.0,110.75,
119.75,110.75,
120.5,110.75,
121.25,110.75,
122.0,110.75,
122.75,110.75,
123.5,110.75,
124.25,110.75,
125.0,110.75,
125.75,110.75,
126.5,110.75,
127.25,110.75,
128.0,110.75,
128.75,110.75,
129.5,110.75,
130.25,110.75,
131.0,110.75,-91.1965478841871
131.75,110.75,-91.20336787564767
132.5,110.75,-91.21480938416423
133.25,110.75,-91.23089171974523
134.0,110.75,-91.25
134.75,110.75,-91.26910828025478
135.5,110.75,-91.28519061583577
136.25,110.75,-91.29663212435233
137.0,110.75,-91.30345211581293
137.75,110.75,
138.5,110.75,
139.25,110.75,
140.0,110.75,
140.75,110.75,
141.5,110.75,
142.25,110.75,
143.0,110.75,
143.75,110.75,
144.5,110.75,
145.25,110.75,
146.0,110.75,
146.75,110.75,
147.5,110.75,
148.25,110.75,
149.0,110.75,
149.75,110.75,
150.5,110.75,
151.25,110.75,
152.0,110.75,
152.75,110.75,
153.5,110.75,
154.25,110.75,
155.0,110.75,
155.75,110.75,
156.5,110.75,
157.25,110.75,
158.0,110.75,
158.75,110.75,
159.5,110.75,
160.25,110.75,
161.0,110.75,
161.75,110.75,
162.5,110.75,
163.25,110.75,
164.0,110.75,
164.75,110.75,
165.5,110.75,
166.25,110.75,
167.0,110.75,
167.75,110.75,
168.5,110.75,
169.25,110.75,
170.0,110.75,
170.75,110.75,
171.5,110.75,
172.25,110.75,
173.0,110.75,
173.75,110.75,
174.5,110.75,
175.25,110.75,
176.0,110.75,
176.75,110.75,
177.5,110.75,
178.25,110.75,
179.0,110.75,
179.75,110.75,
180.5,110.75,
181.25,110.75,
182.0,110.75,
182.75,110.75,
183.5,110.75,
184.25,110.75,
185.0,110.75,
185.75,110.75,
186.5,110.75,
187.25,110.75,
188.0,110.75,
188.75,110.75,
189.5,110.75,-80.45238095238095
190.25,110.75,-79.96948356807513
191.0,110.75,-80.3612424774399
191.75,110.75,-81.28067042109355
192.5,110.75,-80.64027379768852
193.25,110.75,-79.97617237664495
194.0,110.75,-79.60966703622564
194.75,110.75,-78.91811218623411
195.5,110.75,-80.93829160270823
196.25,110.75,-84.36542229820732
197.0,110.75,-87.39701079055648
197.75,110.75,-83.61478981101293
198.5,110.75,-77.36489350337476
199.25,110.75,-75.92631444906586
200.0,110.75,-80.53709537149479
200.75,110.75,-82.54040404040406
201.5,110.75,-82.91035586648275
202.25,110.75,-85.17821862790677
203.0,110.75,-86.72864320458739
203.75,110.75,-84.74592693236477
204.5,110.75,-83.5795039823549
205.25,110.75,-83.712481374961
206.0,110.75,-82.67341869963575
206.75,110.75,-82.54640666689767
207.5,110.75,-82.52317514918678
208.25,110.75,-82.72538113480717
209.0,110.75,-83.3179971655166
209.75,110.75,-82.57050029660758
210.5,110.75,-81.57551365296797
211.25,110.75,-81.36696524481096
212.0,110.75,-82.95788718401593
212.75,110.75,-83.71842406181779
213.5,110.75,-83.36775230335222
214.25,110.75,-81.33280852138941
215.0,110.75,-79.27969880952976
215.75,110.75,-80.54300614950637
216.5,110.75,-81.62848892535744
217.25,110.75,-82.22845341494049
218.0,110.75,-82.41589476632876
218.75,110.75,-82.60493895824371
219.5,110.75,-82.74286985552843
220.25,110.75,-83.77798250265552
221.0,110.75,-85.10584306266658
221.75,110.75,-85.44283260164156
222.5,110.75,-85.88898131121535
223.25,110.75,-87.02631578947368
224.0,110.75,-87.23442622950819
224.75,110.75,-87.35082872928176
225.5,110.75,-87.39702517162472
226.25,110.75,
227.0,110.75,
227.75,110.75,
228.5,110.75,
229.25,110.75,
230.0,110.75,
230.75,110.75,
77.0,111.5,-83.69791998543535
77.75,111.5,-83.56535104769775
78.5,111.5,-83.2958179581796
79.25,111.5,-83.23326932498775
80.0,111.5,-83.48126064735948
80.75,111.5,-83.31009911622469
81.5,111.5,-83.40207206018214
82.25,111.5,-83.58486044494535
83.0,111.5,-83.4866369941157
83.75,111.5,-83.46908465363546
84.5,111.5,-83.51736301468678
85.25,111.5,-83.58186008829315
86.0,111.5,-83.63662837862286
86.75,111.5,-83.63888982645592
87.5,111.5,-83.3892065761258
88.25,111.5,-83.84976247030878
89.0,111.5,
89.75,111.5,
90.5,111.5,
91.25,111.5,
92.0,111.5,
92.75,111.5,
93.5,111.5,
94.25,111.5,
95.0,111.5,
95.75,111.5,
96.5,111.5,
97.25,111.5,
98.0,111.5,
98.75,111.5,
99.5,111.5,
100.25,111.5,
101.0,111.5,
101.75,111.5,
102.5,111.5,
103.25,111.5,
104.0,111.5,
104.75,111.5,
105.5,111.5,
106.25,111.5,
107.0,111.5,
107.75,111.5,
108.5,111.5,
109.25,111.5,
110.0,111.5,
110.75,111.5,
111.5,111.5,
112.25,111.5,
113.0,111.5,
113.75,111.5,
114.5,111.5,
115.25,111.5,
116.0,111.5,
116.75,111.5,
117.5,111.5,
118.25,111.5,
119.0,111.5,
119.75,111.5,
120.5,111.5,
121.25,111.5,
122.0,111.5,
122.75,111.5,
123.5,111.5,
124.25,111.5,
125.0,111.5,
125.75,111.5,
126.5,111.5,
127.25,111.5,
128.0,111.5,
128.75,111.5,
129.5,111.5,
130.25,111.5,-91.18135011441646
131.0,111.5,-91.18258426966291
131.75,111.5,-91.18856655290102
132.5,111.5,-91.20161290322581
133.25,111.5,-90.24975779546311
134.0,111.5,-90.24422442244223
134.75,111.5,-89.7092126156814
135.5,111.5,-89.58919504387659
136.25,111.5,-89.43032504314245
137.0,111.5,-89.25006469632146
137.75,111.5,-89.91800326281461
138.5,111.5,-89.35087719298245
139.25,111.5,-89.19047619047619
140.0,111.5,
140.75,111.5,
141.5,111.5,
142.25,111.5,
143.0,111.5,
143.75,111.5,
144.5,111.5,
145.25,111.5,
146.0,111.5,
146.75,111.5,
147.5,111.5,
148.25,111.5,
149.0,111.5,
149.75,111.5,
150.5,111.5,
151.25,111.5,
152.0,111.5,
152.75,111.5,
153.5,111.5,
154.25,111.5,
155.0,111.5,
155.75,111.5,
156.5,111.5,
157.25,111.5,
158.0,111.5,
158.75,111.5,
159.5,111.5,
160.25,111.5,
161.0,111.5,
161.75,111.5,
162.5,111.5,
163.25,111.5,
164.0,111.5,
164.75,111.5,
165.5,111.5,
166.25,111.5,
167.0,111.5,
167.75,111.5,
168.5,111.5,
169.25,111.5,
170.0,111.5,
170.75,111.5,
171.5,111.5,
172.25,111.5,
173.0,111.5,
173.75,111.5,
174.5,111.5,
175.25,111.5,
176.0,111.5,
176.75,111.5,
177.5,111.5,
178.25,111.5,
179.0,111.5,
179.75,111.5,
180.5,111.5,
181.25,111.5,
182.0,111.5,
182.75,111.5,
183.5,111.5,
184.25,111.5,
185.0,111.5,
185.75,111.5,
186.5,111.5,
187.25,111.5,
188.0,111.5,
188.75,111.5,-83.4547619047619
189.5,111.5,-78.9233128834356
190.25,111.5,-79.90587137221303
191.0,111.5,-81.00765113818687
191.75,111.5,-81.49072020536568
192.5,111.5,-80.66658767944074
193.25,111.5,-79.35045522485305
194.0,111.5,-78.01424175161554
194.75,111.5,-77.81319548452555
195.5,111.5,-79.56637168141592
196.25,111.5,-83.94409483094338
197.0,111.5,-86.33907580056749
197.75,111.5,-83.48216181301272
198.5,111.5,-79.25198436927586
199.25,111.5,-77.70040995838805
200.0,111.5,-80.868633207512
200.75,111.5,-82.55700379415688
201.5,111.5,-83.37577002053388
202.25,111.5,-85.11135976665734
203.0,111.5,-86.25709149021174
203.75,111.5,-84.80967878675335
204.5,111.5,-83.66221765913757
205.25,111.5,-83.5435349837767
206.0,111.5,-82.85604770017038
206.75,111.5,-82.8428234039214
207.5,111.5,-83.0811088295688
208.25,111.5,-83.07102127469521
209.0,111.5,-83.27646823811425
209.75,111.5,-83.12757885114917
210.5,111.5,-82.54055441478441
211.25,111.5,-82.26967317767975
212.0,111.5,-83.55621805792164
212.75,111.5,-83.8394736920451
213.5,111.5,-83.32751540041068
214.25,111.5,-81.77765083243523
215.0,111.5,-80.11694365626265
215.75,111.5,-81.09270097665997
216.5,111.5,-82.04947707160093
217.25,111.5,-82.2334901444673
218.0,111.5,-82.41321613657337
218.75,111.5,-82.68489273652503
219.5,111.5,-82.82219293592867
220.25,111.5,-83.82941608333935
221.0,111.5,-83.36801278933763
221.75,111.5,-85.25134146539247
222.5,111.5,-85.50571620712844
223.25,111.5,-86.88356164383562
224.0,111.5,-87.05445544554456
224.75,111.5,-87.16811279826464
225.5,111.5,
226.25,111.5,
227.0,111.5,
227.75,111.5,
228.5,111.5,
229.25,111.5,
230.0,111.5,
230.75,111.5,
77.0,112.25,-83.8683051442282
77.75,112.25,-83.80841894822737
78.5,112.25,-83.72542387050902
79.25,112.25,-83.77841232120417
80.0,112.25,-83.8926034446634
80.75,112.25,-84.22982768868111
81.5,112.25,-83.99668669930101
82.25,112.25,-83.54328168287272
83.0,112.25,-83.23261605760545
83.75,112.25,-83.28225288978928
84.5,112.25,-83.42816082923497
85.25,112.25,-83.54228262023534
86.0,112.25,-83.64024560236481
86.75,112.25,-83.69504790227832
87.5,112.25,-83.65252459900478
88.25,112.25,-83.66653918303197
89.0,112.25,
89.75,112.25,
90.5,112.25,
91.25,112.25,
92.0,112.25,
92.75,112.25,
93.5,112.25,
94.25,112.25,
95.0,112.25,
95.75,112.25,
96.5,112.25,
97.25,112.25,
98.0,112.25,
98.75,112.25,
99.5,112.25,
100.25,112.25,
101.0,112.25,
101.75,112.25,
102.5,112.25,
103.25,112.25,
104.0,112.25,
104.75,112.25,
105.5,112.25,
106.25,112.25,
107.0,112.25,
107.75,112.25,
108.5,112.25,
109.25,112.25,
110.0,112.25,
110.75,112.25,
111.5,112.25,
112.25,112.25,
113.0,112.25,
113.75,112.25,
114.5,112.25,
115.25,112.25,
116.0,112.25,
116.75,112.25,
117.5,112.25,
118.25,112.25,
119.0,112.25,
119.75,112.25,
120.5,112.25,
121.25,112.25,
122.0,112.25,
122.75,112.25,
123.5,112.25,
124.25,112.25,
125.0,112.25,
125.75,112.25,
126.5,112.25,
127.25,112.25,
128.0,112.25,
128.75,112.25,
129.5,112.25,
130.25,112.25,-91.1671270718232
131.0,112.25,-91.16459074733096
131.75,112.25,-90.28981054787505
132.5,112.25,-90.34203846503253
133.25,112.25,-90.3659404812758
134.0,112.25,-89.96782023269354
134.75,112.25,-89.88630327707081
135.5,112.25,-89.74020862265193
136.25,112.25,-89.52567137215503
137.0,112.25,-89.27752563695891
137.75,112.25,-89.04204073711568
138.5,112.25,-88.37145757687466
139.25,112.25,-89.09389671361502
140.0,112.25,-88.96101364522417
140.75,112.25,
141.5,112.25,
142.25,112.25,
143.0,112.25,
143.75,112.25,
144.5,112.25,
145.25,112.25,
146.0,112.25,
146.75,112.25,
147.5,112.25,
148.25,112.25,
149.0,112.25,
149.75,112.25,
150.5,112.25,
151.25,112.25,
152.0,112.25,
152.75,112.25,
153.5,112.25,
154.25,112.25,
155.0,112.25,
155.75,112.25,
156.5,112.25,
157.25,112.25,
158.0,112.25,
158.75,112.25,
159.5,112.25,
160.25,112.25,
161.0,112.25,
161.75,112.25,
162.5,112.25,
163.25,112.25,
164.0,112.25,
164.75,112.25,
165.5,112.25,
166.25,112.25,
167.0,112.25,
167.75,112.25,
168.5,112.25,
169.25,112.25,
170.0,112.25,
170.75,112.25,
171.5,112.25,
172.25,112.25,
173.0,112.25,
173.75,112.25,
174.5,112.25,
175.25,112.25,
176.0,112.25,
176.75,112.25,
177.5,112.25,
178.25,112.25,
179.0,112.25,
179.75,112.25,
180.5,112.25,
181.25,112.25,
182.0,112.25,
182.75,112.25,
183.5,112.25,
184.25,112.25,
185.0,112.25,
185.75,112.25,
186.5,112.25,
187.25,112.25,
188.0,112.25,-82.60575048732943
188.75,112.25,-83.0974178403756
189.5,112.25,-81.18676239363697
190.25,112.25,-81.74289496671791
191.0,112.25,-81.74521282887214
191.75,112.25,-82.17325467935878
192.5,112.25,-82.39030843385203
193.25,112.25,-79.7265598542597
194.0,112.25,-76.19118501988659
194.75,112.25,-72.9585035747873
195.5,112.25,-75.80844203038878
196.25,112.25,-83.66933272164471
197.0,112.25,-86.48152834411233
197.75,112.25,-84.81687256613401
198.5,112.25,-82.58983522699793
199.25,112.25,-82.13765752080411
200.0,112.25,-81.82302433143543
200.75,112.25,-83.49393740431535
201.5,112.25,-83.99514258717633
202.25,112.25,-84.97763938502065
203.0,112.25,-85.31219068884064
203.75,112.25,-84.30794752215714
204.5,112.25,-82.35242478440557
205.25,112.25,-81.79711894637381
206.0,112.25,-83.17812190955676
206.75,112.25,-84.68065223572422
207.5,112.25,-84.48166497912796
208.25,112.25,-83.65147039076138
209.0,112.25,-83.15665184922975
209.75,112.25,-83.88622935410231
210.5,112.25,-85.77904587322499
211.25,112.25,-86.41184945323619
212.0,112.25,-85.01082745604451
212.75,112.25,-84.14148831271072
213.5,112.25,-83.82835025031167
214.25,112.25,-83.1578823687391
215.0,112.25,-83.30837763967169
215.75,112.25,-82.85912088244487
216.5,112.25,-82.37970999726528
217.25,112.25,-82.28573193413658
218.0,112.25,-82.4850288861458
218.75,112.25,-82.02173802497369
219.5,112.25,-81.81555945884226
220.25,112.25,-81.7544203285277
221.0,112.25,-82.7596412456503
221.75,112.25,-82.98846937095634
222.5,112.25,-82.69928462980741
223.25,112.25,-86.79045643153528
224.0,112.25,
224.75,112.25,
225.5,112.25,
226.25,112.25,
227.0,112.25,
227.75,112.25,
228.5,112.25,
229.25,112.25,
230.0,112.25,
230.75,112.25,
77.0,113.0,-83.92592592592592
77.75,113.0,-83.92365320733535
78.5,113.0,-83.95106287281656
79.25,113.0,-83.99223045906453
80.0,113.0,-84.18032786885244
80.75,113.0,-84.90390897520574
81.5,113.0,-84.58859822062988
82.25,113.0,-83.4287099485417
83.0,113.0,-83.0000000000005
83.75,113.0,-83.05448902011284
84.5,113.0,-83.42942694661791
85.25,113.0,-83.44576880068982
86.0,113.0,-83.51496297427285
86.75,113.0,-83.51144658415886
87.5,113.0,-83.74003370574026
88.25,113.0,-83.73325124385173
89.0,113.0,-84.49999999999999
89.75,113.0,
90.5,113.0,
91.25,113.0,
92.0,113.0,
92.75,113.0,
93.5,113.0,
94.25,113.0,
95.0,113.0,
95.75,113.0,
96.5,113.0,
97.25,113.0,
98.0,113.0,
98.75,113.0,
99.5,113.0,
100.25,113.0,
101.0,113.0,
101.75,113.0,
102.5,113.0,
103.25,113.0,
104.0,113.0,
104.75,113.0,
105.5,113.0,
106.25,113.0,
107.0,113.0,
107.75,113.0,
108.5,113.0,
109.25,113.0,
110.0,113.0,
110.75,113.0,
111.5,113.0,
112.25,113.0,
113.0,113.0,
113.75,113.0,
114.5,113.0,
115.25,113.0,
116.0,113.0,
116.75,113.0,
117.5,113.0,
118.25,113.0,
119.0,113.0,
119.75,113.0,
120.5,113.0,
121.25,113.0,
122.0,113.0,
122.75,113.0,
123.5,113.0,
124.25,113.0,
125.0,113.0,
125.75,113.0,
126.5,113.0,
127.25,113.0,
128.0,113.0,
128.75,113.0,
129.5,113.0,-91.16089108910892
130.25,113.0,-91.15163934426229
131.0,113.0,-90.28787878787878
131.75,113.0,-90.39626365118949
132.5,113.0,-90.4748250554702
133.25,113.0,-90.22399218042905
134.0,113.0,-90.19103773584906
134.75,113.0,-90.12964494958679
135.5,113.0,-89.95947856196621
136.25,113.0,-89.64672059866518
137.0,113.0,-89.28260869565217
137.75,113.0,-88.96486391944663
138.5,113.0,-88.73116536067234
139.25,113.0,-88.11484088232385
140.0,113.0,-88.81481481481481
140.75,113.0,
141.5,113.0,
142.25,113.0,
143.0,113.0,
143.75,113.0,
144.5,113.0,
145.25,113.0,
146.0,113.0,
146.75,113.0,
147.5,113.0,
148.25,113.0,
149.0,113.0,
149.75,113.0,
150.5,113.0,
151.25,113.0,
152.0,113.0,
152.75,113.0,
153.5,113.0,
154.25,113.0,
155.0,113.0,
155.75,113.0,
156.5,113.0,
157.25,113.0,
158.0,113.0,
158.75,113.0,
159.5,113.0,
160.25,113.0,
161.0,113.0,
161.75,113.0,
162.5,113.0,
163.25,113.0,
164.0,113.0,
164.75,113.0,
165.5,113.0,
166.25,113.0,
167.0,113.0,
167.75,113.0,
168.5,113.0,
169.25,113.0,
170.0,113.0,
170.75,113.0,
171.5,113.0,
172.25,113.0,
173.0,113.0,
173.75,113.0,
174.5,113.0,
175.25,113.0,
176.0,113.0,
176.75,113.0,
177.5,113.0,
178.25,113.0,
179.0,113.0,
179.75,113.0,
180.5,113.0,
181.25,113.0,
182.0,113.0,
182.75,113.0,
183.5,113.0,
184.25,113.0,
185.0,113.0,
185.75,113.0,
186.5,113.0,
187.25,113.0,
188.0,113.0,-82.06481481481481
188.75,113.0,-84.08905357658719
189.5,113.0,-81.81281588624972
190.25,113.0,-82.21828127645077
191.0,113.0,-82.44262295081968
191.75,113.0,-82.65259843002349
192.5,113.0,-82.77158092772738
193.25,113.0,-80.94267155521523
194.0,113.0,-75.40503080082136
194.75,113.0,-67.9893074689985
195.5,113.0,-71.50851405582297
196.25,113.0,-84.27142567667536
197.0,113.0,-89.99999999998931
197.75,113.0,-86.62638615647485
198.5,113.0,-83.10976827806631
199.25,113.0,-82.91133204470304
200.0,113.0,-82.6434426229508
200.75,113.0,-84.32278664113511
201.5,113.0,-84.38802878216225
202.25,113.0,-85.15243545211914
203.0,113.0,-85.99999999999744
203.75,113.0,-84.4478947809959
204.5,113.0,-80.4103634798795
205.25,113.0,-79.38796878354187
206.0,113.0,-83.1228813559322
206.75,113.0,-86.65311179753017
207.5,113.0,-85.79043372517228
208.25,113.0,-83.3377404404151
209.0,113.0,-82.00000000000325
209.75,113.0,-83.55811646096979
210.5,113.0,-88.09738314023171
211.25,113.0,-89.51465974779585
212.0,113.0,-85.7142857142857
212.75,113.0,-84.07224797897673
213.5,113.0,-83.76578106272473
214.25,113.0,-83.9298412514721
215.0,113.0,-84.99999999999675
215.75,113.0,-83.75174483420749
216.5,113.0,-82.3695410216133
217.25,113.0,-82.07492589971602
218.0,113.0,-82.25824864722186
218.75,113.0,-82.12338764510088
219.5,113.0,-82.15486109130819
220.25,113.0,-81.84599674197837
221.0,113.0,-81.12903225806451
221.75,113.0,-80.4813417321294
222.5,113.0,-80.29603551201592
223.25,113.0,
224.0,113.0,
224.75,113.0,
225.5,113.0,
226.25,113.0,
227.0,113.0,
227.75,113.0,
228.5,113.0,
229.25,113.0,
230.0,113.0,
230.75,113.0,
77.0,113.75,-83.35012979949843
77.75,113.75,-83.4582335486079
78.5,113.75,-83.70534818753396
79.25,113.75,-83.80034087699012
80.0,113.75,-84.15029318825822
80.75,113.75,-84.38762085917931
81.5,113.75,-84.09888186695973
82.25,113.75,-83.33885695151957
83.0,113.75,-82.92794784812772
83.75,113.75,-83.05550313758273
84.5,113.75,-83.44139702251329
85.25,113.75,-83.71691495873101
86.0,113.75,-83.71168507563404
86.75,113.75,-83.43601421612045
87.5,113.75,-83.31577009924055
88.25,113.75,-83.80310980576928
89.0,113.75,-84.5
89.75,113.75,-84.5
90.5,113.75,
91.25,113.75,
92.0,113.75,
92.75,113.75,
93.5,113.75,
94.25,113.75,
95.0,113.75,
95.75,113.75,
96.5,113.75,
97.25,113.75,
98.0,113.75,
98.75,113.75,
99.5,113.75,
100.25,113.75,
101.0,113.75,
101.75,113.75,
102.5,113.75,
103.25,113.75,
104.0,113.75,
104.75,113.75,
105.5,113.75,
106.25,113.75,
107.0,113.75,
107.75,113.75,
108.5,113.75,
109.25,113.75,
110.0,113.75,
110.75,113.75,
111.5,113.75,
112.25,113.75,
113.0,113.75,
113.75,113.75,
114.5,113.75,
115.25,113.75,
116.0,113.75,
116.75,113.75,
117.5,113.75,
118.25,113.75,
119.0,113.75,
119.75,113.75,
120.5,113.75,
121.25,113.75,
122.0,113.75,
122.75,113.75,
123.5,113.75,
124.25,113.75,
125.0,113.75,
125.75,113.75,
126.5,113.75,
127.25,113.75,
128.0,113.75,
128.75,113.75,
129.5,113.75,-91.1513698630137
130.25,113.75,-90.1981815817165
131.0,113.75,-90.34907466846632
131.75,113.75,-90.51286724818817
132.5,113.75,-90.46973640761883
133.25,113.75,-90.49418308437825
134.0,113.75,-90.44386249522859
134.75,113.75,-90.24163101927324
135.5,113.75,-89.99760883913935
136.25,113.75,-89.33205020073547
137.0,113.75,-88.61571075609552
137.75,113.75,-88.06578558679661
138.5,113.75,-87.690565717531
139.25,113.75,-86.95369984135155
140.0,113.75,-87.86986004083573
140.75,113.75,-88.57805907172995
141.5,113.75,
142.25,113.75,
143.0,113.75,
143.75,113.75,
144.5,113.75,
145.25,113.75,
146.0,113.75,
146.75,113.75,
147.5,113.75,
148.25,113.75,
149.0,113.75,
149.75,113.75,
150.5,113.75,
151.25,113.75,
152.0,113.75,
152.75,113.75,
153.5,113.75,
154.25,113.75,
155.0,113.75,
155.75,113.75,
156.5,113.75,
157.25,113.75,
158.0,113.75,
158.75,113.75,
159.5,113.75,
160.25,113.75,
161.0,113.75,
161.75,113.75,
162.5,113.75,
163.25,113.75,
164.0,113.75,
164.75,113.75,
165.5,113.75,
166.25,113.75,
167.0,113.75,
167.75,113.75,
168.5,113.75,
169.25,113.75,
170.0,113.75,
170.75,113.75,
171.5,113.75,
172.25,113.75,
173.0,113.75,
173.75,113.75,
174.5,113.75,
175.25,113.75,
176.0,113.75,
176.75,113.75,
177.5,113.75,
178.25,113.75,
179.0,113.75,
179.75,113.75,
180.5,113.75,
181.25,113.75,
182.0,113.75,
182.75,113.75,
183.5,113.75,
184.25,113.75,
185.0,113.75,
185.75,113.75,
186.5,113.75,
187.25,113.75,-81.18881856540084
188.0,113.75,-83.18751435490202
188.75,113.75,-82.65437455432541
189.5,113.75,-81.461255418512
190.25,113.75,-82.12173583495559
191.0,113.75,-83.2179294193812
191.75,113.75,-84.4369174884229
192.5,113.75,-85.2525733643895
193.25,113.75,-84.61092621846153
194.0,113.75,-80.1575071671905
194.75,113.75,-75.39808085464864
195.5,113.75,-77.55018478293651
196.25,113.75,-83.33580636497918
197.0,113.75,-86.02536096229382
197.75,113.75,-84.7881697327783
198.5,113.75,-82.7406960030247
199.25,113.75,-82.18735821900984
200.0,113.75,-82.07124044551857
200.75,113.75,-83.37097563768096
201.5,113.75,-84.22067613102413
202.25,113.75,-84.8379815162827
203.0,113.75,-85.12488619565114
203.75,113.75,-84.0693968325347
204.5,113.75,-81.71805794507335
205.25,113.75,-81.1500894688426
206.0,113.75,-83.15530289603345
206.75,113.75,-84.93200842255516
207.5,113.75,-84.42920389852512
208.25,113.75,-83.23093346373727
209.0,113.75,-82.61469413308457
209.75,113.75,-83.64572982409025
210.5,113.75,-85.7526604519764
211.25,113.75,-86.50078836632976
212.0,113.75,-85.01082745604451
212.75,113.75,-84.00283456266419
213.5,113.75,-83.75668631018027
214.25,113.75,-83.25335705653282
215.0,113.75,-83.91896643271909
215.75,113.75,-83.49748220760038
216.5,113.75,-83.12888702130826
217.25,113.75,-83.02151392860236
218.0,113.75,-82.87129235075977
218.75,113.75,-82.45260297087366
219.5,113.75,-81.90937565454091
220.25,113.75,-81.61953234979714
221.0,113.75,-81.01194057184821
221.75,113.75,-80.90735212394554
222.5,113.75,-79.9118130206416
223.25,113.75,
224.0,113.75,
224.75,113.75,
225.5,113.75,
226.25,113.75,
227.0,113.75,
227.75,113.75,
228.5,113.75,
229.25,113.75,
230.0,113.75,
230.75,113.75,
77.0,114.5,-82.95081774644675
77.75,114.5,-83.23419550973608
78.5,114.5,-83.63771524818492
79.25,114.5,-83.74276513411657
80.0,114.5,-83.48925437798086
80.75,114.5,-83.42522489657802
81.5,114.5,-83.22570532915358
82.25,114.5,-82.61096499590904
83.0,114.5,-82.2818320106482
83.75,114.5,-82.82195901617366
84.5,114.5,-83.88290272595769
85.25,114.5,-84.22549532240404
86.0,114.5,-83.84565694608033
86.75,114.5,-83.55875051791438
87.5,114.5,-83.37522805690048
88.25,114.5,-83.24979034204524
89.0,114.5,-84.5
89.75,114.5,-84.5
90.5,114.5,
91.25,114.5,
92.0,114.5,
92.75,114.5,
93.5,114.5,
94.25,114.5,
95.0,114.5,
95.75,114.5,
96.5,114.5,
97.25,114.5,
98.0,114.5,
98.75,114.5,
99.5,114.5,
100.25,114.5,
101.0,114.5,
101.75,114.5,
102.5,114.5,
103.25,114.5,
104.0,114.5,
104.75,114.5,
105.5,114.5,
106.25,114.5,
107.0,114.5,
107.75,114.5,
108.5,114.5,
109.25,114.5,
110.0,114.5,
110.75,114.5,
111.5,114.5,
112.25,114.5,
113.0,114.5,
113.75,114.5,
114.5,114.5,
115.25,114.5,
116.0,114.5,
116.75,114.5,
117.5,114.5,
118.25,114.5,
119.0,114.5,
119.75,114.5,
120.5,114.5,
121.25,114.5,
122.0,114.5,
122.75,114.5,
123.5,114.5,
124.25,114.5,
125.0,114.5,
125.75,114.5,
126.5,114.5,
127.25,114.5,
128.0,114.5,
128.75,114.5,
129.5,114.5,-91.1453488372093
130.25,114.5,-90.18190523543818
131.0,114.5,-90.36677377127216
131.75,114.5,-90.43542627173645
132.5,114.5,-90.76541095890411
133.25,114.5,-90.74957068208948
134.0,114.5,-90.47684675911417
134.75,114.5,-90.99349751950251
135.5,114.5,-90.68597834052603
136.25,114.5,-89.42704516608799
137.0,114.5,-88.37753398413707
137.75,114.5,-87.74956114374804
138.5,114.5,-87.39224075090097
139.25,114.5,-86.74203199701138
140.0,114.5,-86.57103897402526
140.75,114.5,-86.67479166246291
141.5,114.5,
142.25,114.5,
143.0,114.5,
143.75,114.5,
144.5,114.5,
145.25,114.5,
146.0,114.5,
146.75,114.5,
147.5,114.5,
148.25,114.5,
149.0,114.5,
149.75,114.5,
150.5,114.5,
151.25,114.5,
152.0,114.5,
152.75,114.5,
153.5,114.5,
154.25,114.5,
155.0,114.5,
155.75,114.5,
156.5,114.5,
157.25,114.5,
158.0,114.5,
158.75,114.5,
159.5,114.5,
160.25,114.5,
161.0,114.5,
161.75,114.5,
162.5,114.5,
163.25,114.5,
164.0,114.5,
164.75,114.5,
165.5,114.5,
166.25,114.5,
167.0,114.5,
167.75,114.5,
168.5,114.5,
169.25,114.5,
170.0,114.5,
170.75,114.5,
171.5,114.5,
172.25,114.5,
173.0,114.5,
173.75,114.5,
174.5,114.5,
175.25,114.5,
176.0,114.5,
176.75,114.5,
177.5,114.5,
178.25,114.5,
179.0,114.5,
179.75,114.5,
180.5,114.5,
181.25,114.5,
182.0,114.5,
182.75,114.5,
183.5,114.5,
184.25,114.5,
185.0,114.5,
185.75,114.5,
186.5,114.5,
187.25,114.5,-80.10223168344801
188.0,114.5,-81.76715566398944
188.75,114.5,-81.83944510305525
189.5,114.5,-81.02441475251997
190.25,114.5,-81.74565530509919
191.0,114.5,-83.25860269432198
191.75,114.5,-85.84355079731249
192.5,114.5,-89.03774496273807
193.25,114.5,-89.3987769411756
194.0,114.5,-84.64116071875469
194.75,114.5,-82.98883313312083
195.5,114.5,-82.72330595482546
196.25,114.5,-83.0158881318084
197.0,114.5,-84.56871753895325
197.75,114.5,-83.55511904724891
198.5,114.5,-80.17295345104334
199.25,114.5,-79.08012077491763
200.0,114.5,-81.36633717140995
200.75,114.5,-82.61383733203607
201.5,114.5,-83.10036699273464
202.25,114.5,-83.88397312357021
203.0,114.5,-84.33171110983126
203.75,114.5,-83.91445759613742
204.5,114.5,-82.99641391513873
205.25,114.5,-82.25286094340082
206.0,114.5,-82.8113295445621
206.75,114.5,-83.2747053068827
207.5,114.5,-82.74396621078036
208.25,114.5,-81.95840484538982
209.0,114.5,-80.90536300788763
209.75,114.5,-82.26904443956273
210.5,114.5,-83.4073146904384
211.25,114.5,-83.49733482775807
212.0,114.5,-83.49707581900367
212.75,114.5,-82.54150574142145
213.5,114.5,-82.38039014373717
214.25,114.5,-82.8305445642501
215.0,114.5,-82.11356372353175
215.75,114.5,-83.26802052865293
216.5,114.5,-84.79585419465137
217.25,114.5,-84.93981827407228
218.0,114.5,-83.54825424343828
218.75,114.5,-82.22159652103652
219.5,114.5,-81.15243973874585
220.25,114.5,-80.71147750549683
221.0,114.5,-80.50652940963623
221.75,114.5,-80.53352398477581
222.5,114.5,-80.17686512311651
223.25,114.5,
224.0,114.5,
224.75,114.5,
225.5,114.5,
226.25,114.5,
227.0,114.5,
227.75,114.5,
228.5,114.5,
229.25,114.5,
230.0,114.5,
230.75,114.5,
77.0,115.25,-82.63548591995752
77.75,115.25,-82.84796377146083
78.5,115.25,-83.4779112778169
79.25,115.25,-83.77396605030192
80.0,115.25,-82.83813032117604
80.75,115.25,-82.43823181808233
81.5,115.25,-82.13091516188507
82.25,115.25,-82.24486629186775
83.0,115.25,-82.04963361774712
83.75,115.25,-82.65532574313858
84.5,115.25,-83.96688681987722
85.25,115.25,-84.34481977125526
86.0,115.25,-83.89294230966254
86.75,115.25,-83.58152807494528
87.5,115.25,-83.38407094597216
88.25,115.25,-83.2486821729986
89.0,115.25,-83.93803106906373
89.75,115.25,-84.5
90.5,115.25,-84.49999999999999
91.25,115.25,
92.0,115.25,
92.75,115.25,
93.5,115.25,
94.25,115.25,
95.0,115.25,
95.75,115.25,
96.5,115.25,
97.25,115.25,
98.0,115.25,
98.75,115.25,
99.5,115.25,
100.25,115.25,
101.0,115.25,
101.75,115.25,
102.5,115.25,
103.25,115.25,
104.0,115.25,
104.75,115.25,
105.5,115.25,
106.25,115.25,
107.0,115.25,
107.75,115.25,
108.5,115.25,
109.25,115.25,
110.0,115.25,
110.75,115.25,
111.5,115.25,
112.25,115.25,
113.0,115.25,
113.75,115.25,
114.5,115.25,
115.25,115.25,
116.0,115.25,
116.75,115.25,
117.5,115.25,
118.25,115.25,
119.0,115.25,
119.75,115.25,
120.5,115.25,
121.25,115.25,
122.0,115.25,
122.75,115.25,
123.5,115.25,
124.25,115.25,
125.0,115.25,
125.75,115.25,
126.5,115.25,
127.25,115.25,
128.0,115.25,
128.75,115.25,
129.5,115.25,-89.96961993329715
130.25,115.25,-90.1018614697202
131.0,115.25,-90.2867336727146
131.75,115.25,-90.38256417330948
132.5,115.25,-90.72674815754884
133.25,115.25,-90.84601844504617
134.0,115.25,-90.26974382747416
134.75,115.25,-91.13789170149474
135.5,115.25,-90.5647642738504
136.25,115.25,-88.68721463251742
137.0,115.25,-87.5402499223522
137.75,115.25,-86.99576151823452
138.5,115.25,-86.68790702802949
139.25,115.25,-86.47563887950365
140.0,115.25,-86.34511439161878
140.75,115.25,-86.4270442980553
141.5,115.25,-84.6795010845987
142.25,115.25,
143.0,115.25,
143.75,115.25,
144.5,115.25,
145.25,115.25,
146.0,115.25,
146.75,115.25,
147.5,115.25,
148.25,115.25,
149.0,115.25,
149.75,115.25,
150.5,115.25,
151.25,115.25,
152.0,115.25,
152.75,115.25,
153.5,115.25,
154.25,115.25,
155.0,115.25,
155.75,115.25,
156.5,115.25,
157.25,115.25,
158.0,115.25,
158.75,115.25,
159.5,115.25,
160.25,115.25,
161.0,115.25,
161.75,115.25,
162.5,115.25,
163.25,115.25,
164.0,115.25,
164.75,115.25,
165.5,115.25,
166.25,115.25,
167.0,115.25,
167.75,115.25,
168.5,115.25,
169.25,115.25,
170.0,115.25,
170.75,115.25,
171.5,115.25,
172.25,115.25,
173.0,115.25,
173.75,115.25,
174.5,115.25,
175.25,115.25,
176.0,115.25,
176.75,115.25,
177.5,115.25,
178.25,115.25,
179.0,115.25,
179.75,115.25,
180.5,115.25,
181.25,115.25,
182.0,115.25,
182.75,115.25,
183.5,115.25,-74.0
184.25,115.25,-74.0
185.0,115.25,
185.75,115.25,-75.5614380434313
186.5,115.25,-76.2195299392497
187.25,115.25,-79.55971569996193
188.0,115.25,-80.5523750756412
188.75,115.25,-81.25140824640637
189.5,115.25,-81.52773505041354
190.25,115.25,-81.67602994755606
191.0,115.25,-83.0194132089826
191.75,115.25,-85.8402842975922
192.5,115.25,-89.73660854591732
193.25,115.25,-90.80290329743534
194.0,115.25,-85.93850885951042
194.75,115.25,-83.89905228871407
195.5,115.25,-83.06343772049469
196.25,115.25,-83.19405592854807
197.0,115.25,-85.17030436885723
197.75,115.25,-82.92683446029935
198.5,115.25,-79.00030045925357
199.25,115.25,-78.0062939644127
200.0,115.25,-79.67646063560943
200.75,115.25,-81.31302361125967
201.5,115.25,-82.36122854139235
202.25,115.25,-83.22595803792211
203.0,115.25,-83.33561663927426
203.75,115.25,-83.98875492197676
204.5,115.25,-83.60711051274346
205.25,115.25,-82.661657694848
206.0,115.25,-82.66131046168428
206.75,115.25,-82.41373317294935
207.5,115.25,-82.3599017206942
208.25,115.25,-81.15006492232857
209.0,115.25,-80.1873598408273
209.75,115.25,-81.63898679235079
210.5,115.25,-82.88407340376598
211.25,115.25,-83.02857018339502
212.0,115.25,-82.82679074539416
212.75,115.25,-82.09920634920634
213.5,115.25,-82.21434679129838
214.25,115.25,-82.39467773526447
215.0,115.25,-81.72907353349582
215.75,115.25,-83.24840861516334
216.5,115.25,-85.20111729524861
217.25,115.25,-85.5048518103892
218.0,115.25,-83.34006388394408
218.75,115.25,-80.98745119098169
219.5,115.25,-79.89882471658133
220.25,115.25,-80.01925952276521
221.0,115.25,-80.2770697454747
221.75,115.25,-80.50996464825495
222.5,115.25,-80.80770668791394
223.25,115.25,-77.57042253521128
224.0,115.25,
224.75,115.25,
225.5,115.25,
226.25,115.25,
227.0,115.25,
227.75,115.25,
228.5,115.25,
229.25,115.25,
230.0,115.25,
230.75,115.25,
77.0,116.0,-81.94644779332616
77.75,116.0,-81.61500644327715
78.5,116.0,-81.24780037581519
79.25,116.0,-81.24278502419125
80.0,116.0,-81.39285714285712
80.75,116.0,-81.83424232253734
81.5,116.0,-81.81628689798033
82.25,116.0,-81.8994718372266
83.0,116.0,-81.83050847457626
83.75,116.0,-82.52611705475141
84.5,116.0,-83.55040600582196
85.25,116.0,-83.94695184149354
86.0,116.0,-83.86065573770493
86.75,116.0,-83.69219575794963
87.5,116.0,-83.55892044844012
88.25,116.0,-83.69190639524567
89.0,116.0,-83.86567164179105
89.75,116.0,-83.82047584715212
90.5,116.0,-84.5
91.25,116.0,
92.0,116.0,
92.75,116.0,
93.5,116.0,
94.25,116.0,
95.0,116.0,
95.75,116.0,
96.5,116.0,
97.25,116.0,
98.0,116.0,
98.75,116.0,
99.5,116.0,
100.25,116.0,
101.0,116.0,
101.75,116.0,
102.5,116.0,
103.25,116.0,
104.0,116.0,
104.75,116.0,
105.5,116.0,
106.25,116.0,
107.0,116.0,
107.75,116.0,
108.5,116.0,
109.25,116.0,
110.0,116.0,
110.75,116.0,
111.5,116.0,
112.25,116.0,
113.0,116.0,
113.75,116.0,
114.5,116.0,
115.25,116.0,
116.0,116.0,
116.75,116.0,
117.5,116.0,
118.25,116.0,
119.0,116.0,
119.75,116.0,
120.5,116.0,
121.25,116.0,
122.0,116.0,
122.75,116.0,
123.5,116.0,
124.25,116.0,
125.0,116.0,
125.75,116.0,
126.5,116.0,
127.25,116.0,
128.0,116.0,
128.75,116.0,
129.5,116.0,-89.85281385281384
130.25,116.0,-89.94777265745007
131.0,116.0,-90.07407407407408
131.75,116.0,-90.01378429678095
132.5,116.0,-89.9550575938822
133.25,116.0,-89.75601008902596
134.0,116.0,-88.79538401861909
134.75,116.0,-88.33612238268518
135.5,116.0,-87.99941867531697
136.25,116.0,-87.2897023807827
137.0,116.0,-86.73895745371873
137.75,116.0,-86.51085895291442
138.5,116.0,-86.30648069512337
139.25,116.0,-85.8056569265703
140.0,116.0,-85.62747168362449
140.75,116.0,-86.0388343902114
141.5,116.0,-84.60643564356437
142.25,116.0,
143.0,116.0,
143.75,116.0,
144.5,116.0,
145.25,116.0,
146.0,116.0,
146.75,116.0,
147.5,116.0,
148.25,116.0,
149.0,116.0,
149.75,116.0,
150.5,116.0,
151.25,116.0,
152.0,116.0,
152.75,116.0,
153.5,116.0,
154.25,116.0,
155.0,116.0,
155.75,116.0,
156.5,116.0,
157.25,116.0,
158.0,116.0,
158.75,116.0,
159.5,116.0,
160.25,116.0,
161.0,116.0,
161.75,116.0,
162.5,116.0,
163.25,116.0,
164.0,116.0,
164.75,116.0,
165.5,116.0,
166.25,116.0,
167.0,116.0,
167.75,116.0,
168.5,116.0,
169.25,116.0,
170.0,116.0,
170.75,116.0,
171.5,116.0,
172.25,116.0,
173.0,116.0,
173.75,116.0,
174.5,116.0,
175.25,116.0,
176.0,116.0,
176.75,116.0,
177.5,116.0,
178.25,116.0,
179.0,116.0,
179.75,116.0,
180.5,116.0,
181.25,116.0,
182.0,116.0,-73.99999999999999
182.75,116.0,-74.0
183.5,116.0,-74.0
184.25,116.0,-75.5715538540189
185.0,116.0,-75.74050632911394
185.75,116.0,-75.77032903957252
186.5,116.0,-76.60215022094876
187.25,116.0,-78.33241724740013
188.0,116.0,-80.0193370165746
188.75,116.0,-80.41685629791299
189.5,116.0,-79.67403866955978
190.25,116.0,-78.7705466505481
191.0,116.0,-78.90960434729516
191.75,116.0,-82.74755436998137
192.5,116.0,-87.07634265979277
193.25,116.0,-87.75859339489604
194.0,116.0,-85.75
194.75,116.0,-83.3337840821283
195.5,116.0,-82.50894378194211
196.25,116.0,-80.83385376857558
197.0,116.0,-80.41803278688523
197.75,116.0,-80.06237267798383
198.5,116.0,-79.78470562676516
199.25,116.0,-79.11878667780248
200.0,116.0,-79.87790697674417
200.75,116.0,-80.91674385665392
201.5,116.0,-82.19052900789619
202.25,116.0,-82.75944038622723
203.0,116.0,-82.94426735730653
203.75,116.0,-83.39031736223055
204.5,116.0,-83.16539566604754
205.25,116.0,-82.7607050684065
206.0,116.0,-82.53707224334602
206.75,116.0,-82.37900151004077
207.5,116.0,-82.26036167316786
208.25,116.0,-81.66261047051665
209.0,116.0,-81.47499010162333
209.75,116.0,-81.84395625883721
210.5,116.0,-82.57672862153771
211.25,116.0,-82.78902942318557
212.0,116.0,-82.69444444444443
212.75,116.0,-82.1043056841363
213.5,116.0,-82.38139009273499
214.25,116.0,-83.33984801827754
215.0,116.0,-83.89285714285711
215.75,116.0,-84.05505612396942
216.5,116.0,-83.87106808332169
217.25,116.0,-83.48319466653844
218.0,116.0,-81.47222222222221
218.75,116.0,-78.52580631493569
219.5,116.0,-77.88970984590792
220.25,116.0,-78.78805402601938
221.0,116.0,-79.83180778032037
221.75,116.0,-80.53255355574471
222.5,116.0,-80.55161270075742
223.25,116.0,-79.42250889551846
224.0,116.0,-79.74418604651163
224.75,116.0,
225.5,116.0,
226.25,116.0,
227.0,116.0,
227.75,116.0,
228.5,116.0,
229.25,116.0,
230.0,116.0,
230.75,116.0,
77.0,116.75,-81.55183365138979
77.75,116.75,-80.16349626573215
78.5,116.75,-78.47378992442422
79.25,116.75,-77.96581810669275
80.0,116.75,-80.13227137736764
80.75,116.75,-81.70040326066511
81.5,116.75,-81.94797875009104
82.25,116.75,-81.45595275943754
83.0,116.75,-80.22346153852398
83.75,116.75,-81.8649993545122
84.5,116.75,-83.8969715762922
85.25,116.75,-84.32922267272326
86.0,116.75,-83.87554903330773
86.75,116.75,-83.61930386733185
87.5,116.75,-83.70967410881224
88.25,116.75,-83.71028470089148
89.0,116.75,-84.49340558427852
89.75,116.75,-83.74220454044163
90.5,116.75,-83.72480283083935
91.25,116.75,
92.0,116.75,
92.75,116.75,
93.5,116.75,
94.25,116.75,
95.0,116.75,
95.75,116.75,
96.5,116.75,
97.25,116.75,
98.0,116.75,
98.75,116.75,
99.5,116.75,
100.25,116.75,
101.0,116.75,
101.75,116.75,
102.5,116.75,
103.25,116.75,
104.0,116.75,
104.75,116.75,
105.5,116.75,
106.25,116.75,
107.0,116.75,
107.75,116.75,
108.5,116.75,
109.25,116.75,
110.0,116.75,
110.75,116.75,
111.5,116.75,
112.25,116.75,
113.0,116.75,
113.75,116.75,
114.5,116.75,
115.25,116.75,
116.0,116.75,
116.75,116.75,
117.5,116.75,
118.25,116.75,
119.0,116.75,
119.75,116.75,
120.5,116.75,
121.25,116.75,
122.0,116.75,
122.75,116.75,
123.5,116.75,
124.25,116.75,
125.0,116.75,
125.75,116.75,
126.5,116.75,
127.25,116.75,
128.0,116.75,
128.75,116.75,
129.5,116.75,-89.70292273313446
130.25,116.75,-89.73925480941142
131.0,116.75,-89.76639815069315
131.75,116.75,-88.95883024569955
132.5,116.75,-88.87531557140377
133.25,116.75,-88.13027766191314
134.0,116.75,-87.05149097626112
134.75,116.75,-85.78525372221361
135.5,116.75,-86.0164569280113
136.25,116.75,-86.41023488374279
137.0,116.75,-86.47363296760821
137.75,116.75,-86.24874955541162
138.5,116.75,-85.92572308753674
139.25,116.75,-85.45931960039273
140.0,116.75,-85.31606652866796
140.75,116.75,-84.3006608356397
141.5,116.75,-84.49657534246575
142.25,116.75,-84.43672199170125
143.0,116.75,
143.75,116.75,
144.5,116.75,
145.25,116.75,
146.0,116.75,
146.75,116.75,
147.5,116.75,
148.25,116.75,
149.0,116.75,
149.75,116.75,
150.5,116.75,
151.25,116.75,
152.0,116.75,
152.75,116.75,
153.5,116.75,
154.25,116.75,
155.0,116.75,
155.75,116.75,
156.5,116.75,
157.25,116.75,
158.0,116.75,
158.75,116.75,
159.5,116.75,
160.25,116.75,
161.0,116.75,
161.75,116.75,
162.5,116.75,
163.25,116.75,
164.0,116.75,
164.75,116.75,
165.5,116.75,
166.25,116.75,
167.0,116.75,
167.75,116.75,
168.5,116.75,
169.25,116.75,
170.0,116.75,
170.75,116.75,
171.5,116.75,
172.25,116.75,
173.0,116.75,
173.75,116.75,
174.5,116.75,
175.25,116.75,
176.0,116.75,
176.75,116.75,
177.5,116.75,
178.25,116.75,
179.0,116.75,
179.75,116.75,
180.5,116.75,
181.25,116.75,-74.0
182.0,116.75,-74.00000000000001
182.75,116.75,-74.0
183.5,116.75,-75.32606879264728
184.25,116.75,-75.49392729003867
185.0,116.75,-76.09110667331788
185.75,116.75,-76.26170839505303
186.5,116.75,-76.39141629403014
187.25,116.75,-77.01904002926736
188.0,116.75,-78.45716381563935
188.75,116.75,-79.12514211268208
189.5,116.75,-78.69571961184336
190.25,116.75,-76.42575772205349
191.0,116.75,-74.06844559526816
191.75,116.75,-79.5665788646974
192.5,116.75,-87.01288071703735
193.25,116.75,-88.3521691673308
194.0,116.75,-85.13710122530082
194.75,116.75,-80.58070272705221
195.5,116.75,-80.37918527913061
196.25,116.75,-78.37505997492497
197.0,116.75,-75.46136873704243
197.75,116.75,-77.54982037958811
198.5,116.75,-78.95759421630434
199.25,116.75,-79.62220698692569
200.0,116.75,-80.00016857125723
200.75,116.75,-80.77334451577173
201.5,116.75,-81.45095374455049
202.25,116.75,-81.2449284658306
203.0,116.75,-82.73225805120697
203.75,116.75,-82.54739788064526
204.5,116.75,-82.53512769882568
205.25,116.75,-82.81474241675386
206.0,116.75,-82.52081080787926
206.75,116.75,-82.31541132275048
207.5,116.75,-82.41217667275744
208.25,116.75,-82.3173711515868
209.0,116.75,-82.20499067715912
209.75,116.75,-82.10401252027624
210.5,116.75,-82.36743908223256
211.25,116.75,-82.6313118698537
212.0,116.75,-81.79495449771959
212.75,116.75,-81.16670795218795
213.5,116.75,-81.60878058004698
214.25,116.75,-84.15122939436274
215.0,116.75,-86.59548051006372
215.75,116.75,-84.93337278861026
216.5,116.75,-83.29172190331342
217.25,116.75,-82.91814246359701
218.0,116.75,-80.2901783030551
218.75,116.75,-74.99968674612747
219.5,116.75,-75.58969045163386
220.25,116.75,-78.11513718547003
221.0,116.75,-79.6768221274767
221.75,116.75,-80.6896112823889
222.5,116.75,-81.26638677795886
223.25,116.75,-79.8
224.0,116.75,-80.07443626943545
224.75,116.75,-79.07662835249042
225.5,116.75,
226.25,116.75,
227.0,116.75,
227.75,116.75,
228.5,116.75,
229.25,116.75,
230.0,116.75,
230.75,116.75,
77.0,117.5,-81.24688516573461
77.75,117.5,-80.15287186267919
78.5,117.5,-78.74079969077901
79.25,117.5,-78.5716068323725
80.0,117.5,-81.0111276949116
80.75,117.5,-82.6027807040146
81.5,117.5,-83.07488141945305
82.25,117.5,-82.148232224996
83.0,117.5,-81.03212403729225
83.75,117.5,-82.24671450213485
84.5,117.5,-83.66180241787762
85.25,117.5,-84.03760746710205
86.0,117.5,-83.95952082628776
86.75,117.5,-83.95613381008627
87.5,117.5,-84.03737004633982
88.25,117.5,-84.11769705555116
89.0,117.5,-84.39113104307202
89.75,117.5,-84.5958565772421
90.5,117.5,-83.28968253968253
91.25,117.5,
92.0,117.5,
92.75,117.5,
93.5,117.5,
94.25,117.5,
95.0,117.5,
95.75,117.5,
96.5,117.5,
97.25,117.5,
98.0,117.5,
98.75,117.5,
99.5,117.5,
100.25,117.5,
101.0,117.5,
101.75,117.5,
102.5,117.5,
103.25,117.5,
104.0,117.5,
104.75,117.5,
105.5,117.5,
106.25,117.5,
107.0,117.5,
107.75,117.5,
108.5,117.5,
109.25,117.5,
110.0,117.5,
110.75,117.5,
111.5,117.5,
112.25,117.5,
113.0,117.5,
113.75,117.5,
114.5,117.5,
115.25,117.5,
116.0,117.5,
116.75,117.5,
117.5,117.5,
118.25,117.5,
119.0,117.5,
119.75,117.5,
120.5,117.5,
121.25,117.5,
122.0,117.5,
122.75,117.5,
123.5,117.5,
124.25,117.5,
125.0,117.5,
125.75,117.5,
126.5,117.5,
127.25,117.5,
128.0,117.5,
128.75,117.5,
129.5,117.5,-88.92346938775509
130.25,117.5,-89.51768331095661
131.0,117.5,-89.45135961649723
131.75,117.5,-88.30267604499912
132.5,117.5,-87.67259305130044
133.25,117.5,-87.17992929900866
134.0,117.5,-86.42316197916283
134.75,117.5,-85.77244975193742
135.5,117.5,-85.75432862048396
136.25,117.5,-85.83628692324243
137.0,117.5,-86.10998422817433
137.75,117.5,-85.67817126745227
138.5,117.5,-84.92193178620508
139.25,117.5,-84.65185079345792
140.0,117.5,-84.94335992110724
140.75,117.5,-84.10585479752571
141.5,117.5,-83.7703429724277
142.25,117.5,-84.32809110629066
143.0,117.5,
143.75,117.5,
144.5,117.5,
145.25,117.5,
146.0,117.5,
146.75,117.5,
147.5,117.5,
148.25,117.5,
149.0,117.5,
149.75,117.5,
150.5,117.5,
151.25,117.5,
152.0,117.5,
152.75,117.5,
153.5,117.5,
154.25,117.5,
155.0,117.5,
155.75,117.5,
156.5,117.5,
157.25,117.5,
158.0,117.5,
158.75,117.5,
159.5,117.5,
160.25,117.5,
161.0,117.5,
161.75,117.5,
162.5,117.5,
163.25,117.5,
164.0,117.5,
164.75,117.5,
165.5,117.5,
166.25,117.5,
167.0,117.5,
167.75,117.5,
168.5,117.5,
169.25,117.5,
170.0,117.5,
170.75,117.5,
171.5,117.5,
172.25,117.5,
173.0,117.5,
173.75,117.5,
174.5,117.5,
175.25,117.5,-77.90569744597249
176.0,117.5,-78.0
176.75,117.5,-76.35962755270339
177.5,117.5,-76.36904761904762
178.25,117.5,-75.51082750036771
179.0,117.5,-76.37112820685476
179.75,117.5,-75.29890605464537
180.5,117.5,-75.01474641675854
181.25,117.5,-76.03254526789746
182.0,117.5,-76.40175171363289
182.75,117.5,-76.69820721270756
183.5,117.5,-76.28584997952882
184.25,117.5,-76.52556875565544
185.0,117.5,-76.68817732269665
185.75,117.5,-76.30154688126353
186.5,117.5,-76.5338102749733
187.25,117.5,-77.23334264290042
188.0,117.5,-77.14376017853913
188.75,117.5,-78.17787621829841
189.5,117.5,-78.1410726182545
190.25,117.5,-77.19350204591545
191.0,117.5,-75.64129084697188
191.75,117.5,-80.09322328537625
192.5,117.5,-86.07340862422998
193.25,117.5,-87.41186644788914
194.0,117.5,-84.88756388415675
194.75,117.5,-80.972831225303
195.5,117.5,-80.32032854209447
196.25,117.5,-78.68958105651629
197.0,117.5,-76.49411046505809
197.75,117.5,-77.84893530258853
198.5,117.5,-78.97294575850044
199.25,117.5,-79.35575716092919
200.0,117.5,-79.90643106213427
200.75,117.5,-80.49248536771918
201.5,117.5,-80.94947688335441
202.25,117.5,-80.89168690464889
203.0,117.5,-81.85670376601526
203.75,117.5,-82.40375128100737
204.5,117.5,-83.11080130303438
205.25,117.5,-82.60163721172084
206.0,117.5,-82.50649254503304
206.75,117.5,-82.33888006086578
207.5,117.5,-81.7515803839678
208.25,117.5,-82.6410534018709
209.0,117.5,-82.1009965898233
209.75,117.5,-82.20877592766035
210.5,117.5,-82.66155580938991
211.25,117.5,-81.64759184077057
212.0,117.5,-81.47915174268175
212.75,117.5,-81.25773027388281
213.5,117.5,-81.63347715530067
214.25,117.5,-83.52664194740655
215.0,117.5,-85.47233320015981
215.75,117.5,-84.06093800591245
216.5,117.5,-83.04312114989733
217.25,117.5,-82.86039408024763
218.0,117.5,-80.66867048790718
218.75,117.5,-76.53822242087689
219.5,117.5,-76.89555100997187
220.25,117.5,-79.02275395470913
221.0,117.5,-80.33992863461779
221.75,117.5,-81.09764367849353
222.5,117.5,-81.55090908129726
223.25,117.5,-81.3077585151612
224.0,117.5,-80.49208219273017
224.75,117.5,-80.59021119906522
225.5,117.5,
226.25,117.5,
227.0,117.5,
227.75,117.5,
228.5,117.5,
229.25,117.5,
230.0,117.5,
230.75,117.5,
77.0,118.25,-81.70718553221046
77.75,118.25,-81.17250817823839
78.5,118.25,-80.77180317360835
79.25,118.25,-81.36680946634608
80.0,118.25,-83.3306804090915
80.75,118.25,-85.01380106950336
81.5,118.25,-85.00207649980703
82.25,118.25,-84.69590336664011
83.0,118.25,-84.50956349650717
83.75,118.25,-83.93853229488384
84.5,118.25,-83.41446650827321
85.25,118.25,-83.09607525170782
86.0,118.25,-83.52146121863001
86.75,118.25,-83.87040205095262
87.5,118.25,-84.07725078616707
88.25,118.25,-84.52231771407244
89.0,118.25,-84.41989330778749
89.75,118.25,-84.45298219792036
90.5,118.25,-83.31377131973139
91.25,118.25,
92.0,118.25,
92.75,118.25,
93.5,118.25,
94.25,118.25,
95.0,118.25,
95.75,118.25,
96.5,118.25,
97.25,118.25,
98.0,118.25,
98.75,118.25,
99.5,118.25,
100.25,118.25,
101.0,118.25,
101.75,118.25,
102.5,118.25,
103.25,118.25,
104.0,118.25,
104.75,118.25,
105.5,118.25,
106.25,118.25,
107.0,118.25,
107.75,118.25,
108.5,118.25,
109.25,118.25,
110.0,118.25,
110.75,118.25,
111.5,118.25,
112.25,118.25,
113.0,118.25,
113.75,118.25,
114.5,118.25,
115.25,118.25,
116.0,118.25,
116.75,118.25,
117.5,118.25,
118.25,118.25,
119.0,118.25,
119.75,118.25,
120.5,118.25,
121.25,118.25,
122.0,118.25,
122.75,118.25,
123.5,118.25,
124.25,118.25,
125.0,118.25,
125.75,118.25,
126.5,118.25,
127.25,118.25,
128.0,118.25,
128.75,118.25,
129.5,118.25,-88.70308924485126
130.25,118.25,-89.32125388116201
131.0,118.25,-89.19704286021211
131.75,118.25,-87.71793687592188
132.5,118.25,-87.00649571570466
133.25,118.25,-86.60402982214843
134.0,118.25,-86.12215359547676
134.75,118.25,-85.68463577849417
135.5,118.25,-85.17909923595566
136.25,118.25,-84.30142154595227
137.0,118.25,-83.41713978563268
137.75,118.25,-83.71281649446153
138.5,118.25,-83.97336294139681
139.25,118.25,-84.03930709704436
140.0,118.25,-84.04405887512243
140.75,118.25,-83.87510157809395
141.5,118.25,-83.58880480906917
142.25,118.25,-83.5708247986175
143.0,118.25,
143.75,118.25,
144.5,118.25,
145.25,118.25,
146.0,118.25,
146.75,118.25,
147.5,118.25,
148.25,118.25,
149.0,118.25,
149.75,118.25,
150.5,118.25,
151.25,118.25,
152.0,118.25,
152.75,118.25,
153.5,118.25,
154.25,118.25,
155.0,118.25,
155.75,118.25,
156.5,118.25,
157.25,118.25,
158.0,118.25,
158.75,118.25,
159.5,118.25,
160.25,118.25,
161.0,118.25,
161.75,118.25,
162.5,118.25,
163.25,118.25,
164.0,118.25,
164.75,118.25,
165.5,118.25,
166.25,118.25,
167.0,118.25,
167.75,118.25,
168.5,118.25,
169.25,118.25,
170.0,118.25,
170.75,118.25,
171.5,118.25,
172.25,118.25,
173.0,118.25,
173.75,118.25,-77.68558951965065
174.5,118.25,-77.76755447941889
175.25,118.25,-77.87564766839378
176.0,118.25,-76.50504686373468
176.75,118.25,-76.41950886766712
177.5,118.25,-77.01094685982844
178.25,118.25,-76.44596776339633
179.0,118.25,-76.37746994080337
179.75,118.25,-76.69514787851296
180.5,118.25,-76.5498603662405
181.25,118.25,-76.01356612415485
182.0,118.25,-75.97192457944159
182.75,118.25,-76.47007434683526
183.5,118.25,-76.3982152402047
184.25,118.25,-76.6172525604203
185.0,118.25,-76.51290625645954
185.75,118.25,-76.92892030294377
186.5,118.25,-76.7109395927229
187.25,118.25,-77.48819525294431
188.0,118.25,-77.51762698373649
188.75,118.25,-78.48776328851858
189.5,118.25,-78.26861567485105
190.25,118.25,-78.79660080435755
191.0,118.25,-79.18302396802986
191.75,118.25,-81.17788458870344
192.5,118.25,-84.82143747777992
193.25,118.25,-85.74912894787072
194.0,118.25,-83.9145475315387
194.75,118.25,-81.82184568327062
195.5,118.25,-81.23817111816854
196.25,118.25,-80.16819020998166
197.0,118.25,-80.94400921606942
197.75,118.25,-80.5158608877282
198.5,118.25,-80.03231748073537
199.25,118.25,-79.91772896146836
200.0,118.25,-79.59152744398153
200.75,118.25,-79.53849538188081
201.5,118.25,-79.45614221027108
202.25,118.25,-80.57113804342764
203.0,118.25,-81.70771873230072
203.75,118.25,-81.80196813213406
204.5,118.25,-82.8307960467752
205.25,118.25,-82.68555638403393
206.0,118.25,-81.97256436462487
206.75,118.25,-81.94945922155318
207.5,118.25,-81.79141358799613
208.25,118.25,-82.01961051943414
209.0,118.25,-82.23273220530847
209.75,118.25,-81.04214325883738
210.5,118.25,-81.55162057750529
211.25,118.25,-81.53115525696936
212.0,118.25,-81.5343822124363
212.75,118.25,-81.39762570088746
213.5,118.25,-81.4197369961195
214.25,118.25,-81.01218934883576
215.0,118.25,-80.35703831105408
215.75,118.25,-81.68627107166179
216.5,118.25,-83.34741654231745
217.25,118.25,-83.26057740665969
218.0,118.25,-82.00151485050165
218.75,118.25,-81.32145824858218
219.5,118.25,-81.16979673842775
220.25,118.25,-81.11947937526159
221.0,118.25,-81.49585057986576
221.75,118.25,-81.73460814745124
222.5,118.25,-81.95151493536207
223.25,118.25,-81.77791182294837
224.0,118.25,-81.8280882962169
224.75,118.25,-80.96225387788438
225.5,118.25,
226.25,118.25,
227.0,118.25,
227.75,118.25,
228.5,118.25,
229.25,118.25,
230.0,118.25,
230.75,118.25,
77.0,119.0,-83.2549019607843
77.75,119.0,-83.30214710558805
78.5,119.0,-83.44374796874952
79.25,119.0,-83.49081531629314
80.0,119.0,-85.03439425051334
80.75,119.0,-85.93141653667179
81.5,119.0,-85.80407663901202
82.25,119.0,-85.66981030527731
83.0,119.0,-85.99999999999831
83.75,119.0,-84.98717145794049
84.5,119.0,-82.86636036755891
85.25,119.0,-82.2038308525537
86.0,119.0,-83.53285420944559
86.75,119.0,-83.93054511560693
87.5,119.0,-85.03316906985398
88.25,119.0,-85.0681157037293
89.0,119.0,-85.1590909090909
89.75,119.0,-84.48361423860277
90.5,119.0,-84.49011009359639
91.25,119.0,
92.0,119.0,
92.75,119.0,
93.5,119.0,
94.25,119.0,
95.0,119.0,
95.75,119.0,
96.5,119.0,
97.25,119.0,
98.0,119.0,
98.75,119.0,
99.5,119.0,
100.25,119.0,
101.0,119.0,
101.75,119.0,
102.5,119.0,
103.25,119.0,
104.0,119.0,
104.75,119.0,
105.5,119.0,
106.25,119.0,
107.0,119.0,
107.75,119.0,
108.5,119.0,
109.25,119.0,
110.0,119.0,
110.75,119.0,
111.5,119.0,
112.25,119.0,
113.0,119.0,
113.75,119.0,
114.5,119.0,
115.25,119.0,
116.0,119.0,
116.75,119.0,
117.5,119.0,
118.25,119.0,
119.0,119.0,
119.75,119.0,
120.5,119.0,
121.25,119.0,
122.0,119.0,
122.75,119.0,
123.5,119.0,
124.25,119.0,
125.0,119.0,
125.75,119.0,
126.5,119.0,
127.25,119.0,
128.0,119.0,
128.75,119.0,
129.5,119.0,-88.51400000000001
130.25,119.0,-88.4145885286783
131.0,119.0,-88.63461538461539
131.75,119.0,-87.3604675240033
132.5,119.0,-87.10166882971409
133.25,119.0,-86.11593406736166
134.0,119.0,-85.66353123921299
134.75,119.0,-84.86582374983848
135.5,119.0,-84.16940106032382
136.25,119.0,-82.78596512169887
137.0,119.0,-82.00000000000185
137.75,119.0,-82.62818287344368
138.5,119.0,-83.20859382322746
139.25,119.0,-83.4649970415253
140.0,119.0,-83.02181085680547
140.75,119.0,-82.6942892000647
141.5,119.0,-83.4073359073359
142.25,119.0,-83.43078586878154
143.0,119.0,
143.75,119.0,
144.5,119.0,
145.25,119.0,
146.0,119.0,
146.75,119.0,
147.5,119.0,
148.25,119.0,
149.0,119.0,
149.75,119.0,
150.5,119.0,
151.25,119.0,
152.0,119.0,
152.75,119.0,
153.5,119.0,
154.25,119.0,
155.0,119.0,
155.75,119.0,
156.5,119.0,
157.25,119.0,
158.0,119.0,
158.75,119.0,
159.5,119.0,
160.25,119.0,
161.0,119.0,
161.75,119.0,
162.5,119.0,
163.25,119.0,
164.0,119.0,
164.75,119.0,
165.5,119.0,
166.25,119.0,
167.0,119.0,
167.75,119.0,
168.5,119.0,
169.25,119.0,
170.0,119.0,
170.75,119.0,
171.5,119.0,
172.25,119.0,
173.0,119.0,-77.53846153846153
173.75,119.0,-77.59206798866856
174.5,119.0,-77.68831168831169
175.25,119.0,-76.63124772373368
176.0,119.0,-76.6044776119403
176.75,119.0,-77.04560110713162
177.5,119.0,-76.60906936392773
178.25,119.0,-76.47183065886793
179.0,119.0,-76.97727272727273
179.75,119.0,-76.70989274224802
180.5,119.0,-76.5605000100264
181.25,119.0,-76.09418826126581
182.0,119.0,-75.86174675819984
182.75,119.0,-76.13562961181819
183.5,119.0,-76.0462651945176
184.25,119.0,-76.2502371344851
185.0,119.0,-76.22641509433961
185.75,119.0,-76.82993147932751
186.5,119.0,-77.49032381264252
187.25,119.0,-78.5222838146439
188.0,119.0,-77.88018433179725
188.75,119.0,-78.79975833846986
189.5,119.0,-78.8542581552718
190.25,119.0,-79.33996085093733
191.0,119.0,-79.00000000000263
191.75,119.0,-81.15537376020258
192.5,119.0,-86.30912904514581
193.25,119.0,-87.61107511086735
194.0,119.0,-83.67857142857142
194.75,119.0,-81.07733609932068
195.5,119.0,-80.95315621254494
196.25,119.0,-81.32109646764104
197.0,119.0,-82.99999999999557
197.75,119.0,-81.61302098660063
198.5,119.0,-80.25355641306226
199.25,119.0,-79.69248512506682
200.0,119.0,-79.34693537641571
200.75,119.0,-79.63565798454488
201.5,119.0,-78.82619631110536
202.25,119.0,-78.74824497407924
203.0,119.0,-77.75
203.75,119.0,
204.5,119.0,
205.25,119.0,
206.0,119.0,
206.75,119.0,-81.14625850340137
207.5,119.0,-81.13403101005011
208.25,119.0,-81.17444434011617
209.0,119.0,-81.35483870967741
209.75,119.0,-81.46681765031242
210.5,119.0,-81.4667748978054
211.25,119.0,-81.41191371749045
212.0,119.0,-81.3913724478514
212.75,119.0,-81.35985431921873
213.5,119.0,-80.50019883496854
214.25,119.0,-78.89524195318015
215.0,119.0,-77.00000000000607
215.75,119.0,-80.04347047741707
216.5,119.0,-83.98371953655611
217.25,119.0,-84.67146540604043
218.0,119.0,-83.03571428571425
218.75,119.0,-82.92284906965018
219.5,119.0,-82.73952756645065
220.25,119.0,-82.34123015388134
221.0,119.0,-82.46428571428571
221.75,119.0,-82.52046851821817
222.5,119.0,-82.12592832149834
223.25,119.0,-82.03690146265487
224.0,119.0,-82.15899483325504
224.75,119.0,-83.04599250648408
225.5,119.0,
226.25,119.0,
227.0,119.0,
227.75,119.0,
228.5,119.0,
229.25,119.0,
230.0,119.0,
230.75,119.0,
77.0,119.75,-84.31360740847902
77.75,119.75,-84.6083093550798
78.5,119.75,-85.31057457134575
79.25,119.75,-85.86253897504012
80.0,119.75,-86.34622141025126
80.75,119.75,-86.47481696681517
81.5,119.75,-86.60564316048968
82.25,119.75,-86.14623338257016
83.0,119.75,-86.37698861122269
83.75,119.75,-85.63290586813481
84.5,119.75,-84.5466650102898
85.25,119.75,-84.43544125936666
86.0,119.75,-85.17569762178377
86.75,119.75,-85.25907451284631
87.5,119.75,-85.37991790424267
88.25,119.75,-85.4164147413566
89.0,119.75,-85.6583895658204
89.75,119.75,-85.72259162326797
90.5,119.75,-84.50710350967377
91.25,119.75,
92.0,119.75,
92.75,119.75,
93.5,119.75,
94.25,119.75,
95.0,119.75,
95.75,119.75,
96.5,119.75,
97.25,119.75,
98.0,119.75,
98.75,119.75,
99.5,119.75,
100.25,119.75,
101.0,119.75,
101.75,119.75,
102.5,119.75,
103.25,119.75,
104.0,119.75,
104.75,119.75,
105.5,119.75,
106.25,119.75,
107.0,119.75,
107.75,119.75,
108.5,119.75,
109.25,119.75,
110.0,119.75,
110.75,119.75,
111.5,119.75,
112.25,119.75,
113.0,119.75,
113.75,119.75,
114.5,119.75,
115.25,119.75,
116.0,119.75,
116.75,119.75,
117.5,119.75,
118.25,119.75,
119.0,119.75,
119.75,119.75,
120.5,119.75,
121.25,119.75,
122.0,119.75,
122.75,119.75,
123.5,119.75,
124.25,119.75,
125.0,119.75,
125.75,119.75,
126.5,119.75,
127.25,119.75,
128.0,119.75,
128.75,119.75,
129.5,119.75,
130.25,119.75,-87.85927367055771
131.0,119.75,-87.73833757421544
131.75,119.75,-86.46501254920962
132.5,119.75,-85.62319492927075
133.25,119.75,-85.33632357608329
134.0,119.75,-83.86672669697278
134.75,119.75,-83.56920430822609
135.5,119.75,-83.11448965585451
136.25,119.75,-82.61213543601585
137.0,119.75,-82.3418295617538
137.75,119.75,-82.46728247816176
138.5,119.75,-82.69529578954733
139.25,119.75,-82.871412292338
140.0,119.75,-82.99148117403024
140.75,119.75,-82.39349481933037
141.5,119.75,-82.39700297506748
142.25,119.75,-83.30249885436967
143.0,119.75,
143.75,119.75,
144.5,119.75,
145.25,119.75,
146.0,119.75,
146.75,119.75,
147.5,119.75,
148.25,119.75,
149.0,119.75,
149.75,119.75,
150.5,119.75,
151.25,119.75,
152.0,119.75,
152.75,119.75,
153.5,119.75,
154.25,119.75,
155.0,119.75,
155.75,119.75,
156.5,119.75,
157.25,119.75,
158.0,119.75,
158.75,119.75,
159.5,119.75,
160.25,119.75,
161.0,119.75,
161.75,119.75,
162.5,119.75,
163.25,119.75,
164.0,119.75,
164.75,119.75,
165.5,119.75,
166.25,119.75,-86.4990118577075
167.0,119.75,-86.40221987315012
167.75,119.75,-86.28930131004365
168.5,119.75,-83.73246191990346
169.25,119.75,-83.41723321822144
170.0,119.75,-79.56739811912226
170.75,119.75,-76.65764110683472
171.5,119.75,-76.28105525366263
172.25,119.75,-75.17287862483072
173.0,119.75,-75.32191485738377
173.75,119.75,-75.53182004378264
174.5,119.75,-76.22940726645761
175.25,119.75,-76.46823655456507
176.0,119.75,-77.68230135900762
176.75,119.75,-77.70234389644581
177.5,119.75,-76.90811828188956
178.25,119.75,-75.52562597018574
179.0,119.75,-76.90597428706378
179.75,119.75,-76.08922096247292
180.5,119.75,-76.62833145945098
181.25,119.75,-76.1321913972859
182.0,119.75,-75.69377838403126
182.75,119.75,-75.58807204824701
183.5,119.75,-75.54877251588447
184.25,119.75,-75.75007142485934
185.0,119.75,-75.92560015172279
185.75,119.75,-76.61412873673272
186.5,119.75,-77.81493468654685
187.25,119.75,-79.16928966126966
188.0,119.75,-79.10170717680026
188.75,119.75,-78.97073027408975
189.5,119.75,-78.9691319654809
190.25,119.75,-79.39334103623106
191.0,119.75,-79.660044211986
191.75,119.75,-81.41942917766585
192.5,119.75,-83.64135593635967
193.25,119.75,-84.20156085286759
194.0,119.75,-82.54373199562927
194.75,119.75,-80.7913222283031
195.5,119.75,-80.57593896938303
196.25,119.75,-80.58834593420661
197.0,119.75,-81.40412204659457
197.75,119.75,-80.9044079033761
198.5,119.75,-80.20442274141666
199.25,119.75,-79.71057171606132
200.0,119.75,-79.46661374463073
200.75,119.75,-79.17357823258894
201.5,119.75,-79.07166427188278
202.25,119.75,-79.0208944583962
203.0,119.75,-78.91397849462365
203.75,119.75,-78.97069597069599
204.5,119.75,
205.25,119.75,
206.0,119.75,
206.75,119.75,
207.5,119.75,-81.24842767295598
208.25,119.75,-81.21112929623568
209.0,119.75,-81.24895997082805
209.75,119.75,-81.42055321650538
210.5,119.75,-81.38370817436414
211.25,119.75,-81.29002860439331
212.0,119.75,-81.56135197182545
212.75,119.75,-80.90068004673746
213.5,119.75,-80.35627961689725
214.25,119.75,-79.340577427421
215.0,119.75,-78.76879767462916
215.75,119.75,-80.49262131783907
216.5,119.75,-82.52030416921954
217.25,119.75,-83.2082410427514
218.0,119.75,-83.01472633356512
218.75,119.75,-83.2046247660678
219.5,119.75,-83.2496531742174
220.25,119.75,-83.31552261507471
221.0,119.75,-83.04106743180473
221.75,119.75,-82.89497865294571
222.5,119.75,-82.6182717789353
223.25,119.75,-82.36929484228268
224.0,119.75,-82.18329640433053
224.75,119.75,-83.54970908774074
225.5,119.75,-82.96377672209026
226.25,119.75,
227.0,119.75,
227.75,119.75,
228.5,119.75,
229.25,119.75,
230.0,119.75,
230.75,119.75,
77.0,120.5,-85.25110319544659
77.75,120.5,-85.99562775705782
78.5,120.5,-86.39116864032546
79.25,120.5,-86.86116336374663
80.0,120.5,-87.31895362071137
80.75,120.5,-87.94303066131913
81.5,120.5,-87.91616803028454
82.25,120.5,-87.72661759120938
83.0,120.5,-87.60817019576507
83.75,120.5,-87.41361698158471
84.5,120.5,-87.66393943094394
85.25,120.5,-87.67908816008436
86.0,120.5,-86.79801838487279
86.75,120.5,-86.14671432033435
87.5,120.5,-85.8452608053888
88.25,120.5,-85.76013537911442
89.0,120.5,-85.76865420883534
89.75,120.5,-85.81396343302556
90.5,120.5,-85.22693862550534
91.25,120.5,
92.0,120.5,
92.75,120.5,
93.5,120.5,
94.25,120.5,
95.0,120.5,
95.75,120.5,
96.5,120.5,
97.25,120.5,
98.0,120.5,
98.75,120.5,
99.5,120.5,
100.25,120.5,
101.0,120.5,
101.75,120.5,
102.5,120.5,
103.25,120.5,
104.0,120.5,
104.75,120.5,
105.5,120.5,
106.25,120.5,
107.0,120.5,
107.75,120.5,
108.5,120.5,
109.25,120.5,
110.0,120.5,
110.75,120.5,
111.5,120.5,
112.25,120.5,
113.0,120.5,
113.75,120.5,
114.5,120.5,
115.25,120.5,
116.0,120.5,
116.75,120.5,
117.5,120.5,
118.25,120.5,
119.0,120.5,
119.75,120.5,
120.5,120.5,
121.25,120.5,
122.0,120.5,
122.75,120.5,
123.5,120.5,
124.25,120.5,
125.0,120.5,
125.75,120.5,
126.5,120.5,
127.25,120.5,
128.0,120.5,
128.75,120.5,
129.5,120.5,
130.25,120.5,-86.32072691552064
131.0,120.5,-87.5814449656781
131.75,120.5,-86.12813931617633
132.5,120.5,-84.50701500941788
133.25,120.5,-84.3725746790648
134.0,120.5,-83.85237023884521
134.75,120.5,-83.50690225300204
135.5,120.5,-82.96542899176094
136.25,120.5,-82.39981203938413
137.0,120.5,-82.12188130359858
137.75,120.5,-82.23241559184015
138.5,120.5,-81.56515615349498
139.25,120.5,-81.36080727822785
140.0,120.5,-81.19219040336671
140.75,120.5,-80.4460359536067
141.5,120.5,-82.15614907194833
142.25,120.5,-81.10445147925581
143.0,120.5,
143.75,120.5,
144.5,120.5,
145.25,120.5,
146.0,120.5,
146.75,120.5,
147.5,120.5,
148.25,120.5,
149.0,120.5,
149.75,120.5,
150.5,120.5,
151.25,120.5,
152.0,120.5,
152.75,120.5,
153.5,120.5,
154.25,120.5,
155.0,120.5,
155.75,120.5,
156.5,120.5,
157.25,120.5,
158.0,120.5,
158.75,120.5,
159.5,120.5,
160.25,120.5,
161.0,120.5,
161.75,120.5,
162.5,120.5,
163.25,120.5,
164.0,120.5,
164.75,120.5,
165.5,120.5,-86.65909090909089
166.25,120.5,-86.57390745501286
167.0,120.5,-86.45224719101124
167.75,120.5,-84.17008661864588
168.5,120.5,-83.7982976729658
169.25,120.5,-80.60461582963214
170.0,120.5,-79.21056332202829
170.75,120.5,-78.42623325898376
171.5,120.5,-75.91822265031904
172.25,120.5,-76.12568134100782
173.0,120.5,-75.21531898534504
173.75,120.5,-76.40616644322027
174.5,120.5,-76.23177303589658
175.25,120.5,-76.56019662481788
176.0,120.5,-76.78227023542043
176.75,120.5,-77.78621539810956
177.5,120.5,-76.96888070517923
178.25,120.5,-76.58120687596994
179.0,120.5,-75.84858587593763
179.75,120.5,-76.04989961339253
180.5,120.5,-77.61530724507804
181.25,120.5,-76.35383346701711
182.0,120.5,-75.54312812505808
182.75,120.5,-74.65239169569006
183.5,120.5,-74.88423676809
184.25,120.5,-75.21698018497827
185.0,120.5,-74.69110931405194
185.75,120.5,-76.13752766869744
186.5,120.5,-78.54304759531523
187.25,120.5,-79.37446337892446
188.0,120.5,-79.32733428367783
188.75,120.5,-78.68936021873796
189.5,120.5,-79.11640490959483
190.25,120.5,-80.08876860108201
191.0,120.5,-80.25219736316419
191.75,120.5,-81.15249585730133
192.5,120.5,-81.37936344969201
193.25,120.5,-81.33122243218172
194.0,120.5,-80.80706984667805
194.75,120.5,-78.27878323715032
195.5,120.5,-78.63398357289529
196.25,120.5,-80.19627862252887
197.0,120.5,-80.2492958388636
197.75,120.5,-80.03675723970518
198.5,120.5,-79.80192371554628
199.25,120.5,-79.47708878906838
200.0,120.5,-80.07952754293667
200.75,120.5,-80.09897833563072
201.5,120.5,-80.1580055586485
202.25,120.5,-80.85101483461784
203.0,120.5,-78.95698924731182
203.75,120.5,-79.0176600441501
204.5,120.5,
205.25,120.5,
206.0,120.5,
206.75,120.5,
207.5,120.5,
208.25,120.5,-80.4695238095238
209.0,120.5,-81.25945201285779
209.75,120.5,-80.26551992122903
210.5,120.5,-81.21595952771865
211.25,120.5,-81.13114297196674
212.0,120.5,-81.14443996777516
212.75,120.5,-79.72149621336669
213.5,120.5,-79.40853940040972
214.25,120.5,-79.10139255243806
215.0,120.5,-79.36515554019505
215.75,120.5,-79.64444489327754
216.5,120.5,-80.02326118516564
217.25,120.5,-80.21363360276759
218.0,120.5,-82.2005962521295
218.75,120.5,-84.93163064110234
219.5,120.5,-84.61952861952862
220.25,120.5,-83.81177761276054
221.0,120.5,-83.83951727082726
221.75,120.5,-83.41791342821331
222.5,120.5,-83.27770916900518
223.25,120.5,-83.03698797045143
224.0,120.5,-82.8867172475567
224.75,120.5,-83.13452994132037
225.5,120.5,-82.90957446808511
226.25,120.5,-82.87170385395537
227.0,120.5,
227.75,120.5,
228.5,120.5,
229.25,120.5,
230.0,120.5,
230.75,120.5,
77.0,121.25,-85.25721768872044
77.75,121.25,-85.95439569717536
78.5,121.25,-86.49443427654619
79.25,121.25,-88.07121865622575
80.0,121.25,-88.47085478384841
80.75,121.25,-88.11883629109485
81.5,121.25,-88.25233672960785
82.25,121.25,-88.340891295894
83.0,121.25,-88.06187152802812
83.75,121.25,-88.13655401386492
84.5,121.25,-88.34097639603337
85.25,121.25,-88.36278263072309
86.0,121.25,-87.57430682834844
86.75,121.25,-86.49213852186726
87.5,121.25,-86.0118068532507
88.25,121.25,-85.51948266448638
89.0,121.25,-85.55527773993595
89.75,121.25,-85.99423381791667
90.5,121.25,-86.08748816400603
91.25,121.25,-85.28521126760565
92.0,121.25,
92.75,121.25,
93.5,121.25,
94.25,121.25,
95.0,121.25,
95.75,121.25,
96.5,121.25,
97.25,121.25,
98.0,121.25,
98.75,121.25,
99.5,121.25,
100.25,121.25,
101.0,121.25,
101.75,121.25,
102.5,121.25,
103.25,121.25,
104.0,121.25,
104.75,121.25,
105.5,121.25,
106.25,121.25,
107.0,121.25,
107.75,121.25,-80.02930402930403
108.5,121.25,-79.94171220400729
109.25,121.25,
110.0,121.25,
110.75,121.25,
111.5,121.25,
112.25,121.25,
113.0,121.25,
113.75,121.25,
114.5,121.25,
115.25,121.25,
116.0,121.25,
116.75,121.25,
117.5,121.25,
118.25,121.25,
119.0,121.25,
119.75,121.25,
120.5,121.25,
121.25,121.25,
122.0,121.25,
122.75,121.25,
123.5,121.25,
124.25,121.25,
125.0,121.25,
125.75,121.25,
126.5,121.25,
127.25,121.25,
128.0,121.25,
128.75,121.25,
129.5,121.25,
130.25,121.25,
131.0,121.25,-87.33996435247576
131.75,121.25,-84.80086944603366
132.5,121.25,-84.79745275455133
133.25,121.25,-84.7632629386999
134.0,121.25,-84.64331286761983
134.75,121.25,-84.2653505217461
135.5,121.25,-82.51282579627782
136.25,121.25,-81.9068491008169
137.0,121.25,-81.93937350929428
137.75,121.25,-81.52742952981932
138.5,121.25,-81.06256039660452
139.25,121.25,-80.80325626635387
140.0,121.25,-80.65556231800785
140.75,121.25,-79.85268458030758
141.5,121.25,-78.6618154684963
142.25,121.25,-81.01552019388863
143.0,121.25,
143.75,121.25,
144.5,121.25,
145.25,121.25,
146.0,121.25,
146.75,121.25,
147.5,121.25,
148.25,121.25,
149.0,121.25,
149.75,121.25,
150.5,121.25,
151.25,121.25,
152.0,121.25,
152.75,121.25,
153.5,121.25,-86.4271402550091
154.25,121.25,-86.53663003663004
155.0,121.25,
155.75,121.25,-89.0
156.5,121.25,-89.0
157.25,121.25,
158.0,121.25,-85.75000000000001
158.75,121.25,
159.5,121.25,-86.14071038251366
160.25,121.25,-86.30494505494505
161.0,121.25,
161.75,121.25,-84.33424908424908
162.5,121.25,-85.55411434519945
163.25,121.25,-83.90816326530611
164.0,121.25,-84.04208885424787
164.75,121.25,-85.80543146967987
165.5,121.25,-85.73911178107082
166.25,121.25,-85.7810674966311
167.0,121.25,-84.79302140338197
167.75,121.25,-84.77899527371298
168.5,121.25,-82.62832244762329
169.25,121.25,-81.59975792009978
170.0,121.25,-80.15460521322098
170.75,121.25,-77.9378486301113
171.5,121.25,-76.94781370598976
172.25,121.25,-75.91337674257029
173.0,121.25,-75.77284685049321
173.75,121.25,-76.19031922571868
174.5,121.25,-76.18484835706984
175.25,121.25,-76.61334464093926
176.0,121.25,-77.06760046005486
176.75,121.25,-77.1860832074153
177.5,121.25,-77.16120887293923
178.25,121.25,-76.33894564692072
179.0,121.25,-75.58454282440627
179.75,121.25,-75.8936426081935
180.5,121.25,-77.90368319698942
181.25,121.25,-77.51095445046664
182.0,121.25,-76.08846463472578
182.75,121.25,-74.50709210451059
183.5,121.25,-74.94424712340461
184.25,121.25,-75.37468202530128
185.0,121.25,-74.26891113456408
185.75,121.25,-76.1544451850203
186.5,121.25,-79.15214642067632
187.25,121.25,-79.5179386503397
188.0,121.25,-79.69190073105042
188.75,121.25,-78.57044625994352
189.5,121.25,-79.17249358938982
190.25,121.25,-80.48982201522594
191.0,121.25,-80.06803231986659
191.75,121.25,-81.02192405261795
192.5,121.25,-81.18597642017191
193.25,121.25,-81.09502235004678
194.0,121.25,-80.49804062258531
194.75,121.25,-77.3066201185072
195.5,121.25,-78.18277446823461
196.25,121.25,-80.12411471098068
197.0,121.25,-80.04103745573278
197.75,121.25,-80.20623902084029
198.5,121.25,-80.4265718201133
199.25,121.25,-79.85965758562806
200.0,121.25,-80.70043679350204
200.75,121.25,-80.9523171082173
201.5,121.25,-80.2290100799374
202.25,121.25,-80.26776410112593
203.0,121.25,-80.67098023586433
203.75,121.25,-79.08465608465609
204.5,121.25,-79.11740041928721
205.25,121.25,
206.0,121.25,
206.75,121.25,
207.5,121.25,
208.25,121.25,
209.0,121.25,
209.75,121.25,-79.13061224489796
210.5,121.25,-79.04030226700252
211.25,121.25,-80.57958182879105
212.0,121.25,-79.58342888366776
212.75,121.25,-79.34925106362432
213.5,121.25,-79.06514465626302
214.25,121.25,-78.7778964169398
215.0,121.25,-78.99317807097816
215.75,121.25,-78.73194634876529
216.5,121.25,-79.23339755957838
217.25,121.25,-79.56858247789656
218.0,121.25,-81.49174853736616
218.75,121.25,-85.1746508888042
219.5,121.25,-84.85490762986618
220.25,121.25,-83.69577770355731
221.0,121.25,-83.92814347517039
221.75,121.25,-83.51609313714575
222.5,121.25,-83.08486321853594
223.25,121.25,-82.86331304633855
224.0,121.25,-82.7454245296271
224.75,121.25,-83.01364633286413
225.5,121.25,-82.39473798983798
226.25,121.25,-82.81437768240343
227.0,121.25,
227.75,121.25,
228.5,121.25,
229.25,121.25,
230.0,121.25,
230.75,121.25,
77.0,122.0,-85.5583711988815
77.75,122.0,-86.5436529076051
78.5,122.0,-87.94330608344833
79.25,122.0,-88.34374958178873
80.0,122.0,-88.85714285714285
80.75,122.0,-89.25188404202653
81.5,122.0,-89.2065663474692
82.25,122.0,-89.67011026124963
83.0,122.0,-89.57142857142854
83.75,122.0,-89.55090891030099
84.5,122.0,-88.83437019432405
85.25,122.0,-88.60286691594631
86.0,122.0,-87.41666666666664
86.75,122.0,-85.37273812658319
87.5,122.0,-84.97890760051303
88.25,122.0,-85.22407668319542
89.0,122.0,-85.46395881006865
89.75,122.0,-85.60788493249845
90.5,122.0,-86.69392612338156
91.25,122.0,-85.35975609756099
92.0,122.0,-85.44999999999999
92.75,122.0,
93.5,122.0,
94.25,122.0,
95.0,122.0,
95.75,122.0,
96.5,122.0,
97.25,122.0,
98.0,122.0,
98.75,122.0,
99.5,122.0,
100.25,122.0,
101.0,122.0,
101.75,122.0,
102.5,122.0,
103.25,122.0,
104.0,122.0,
104.75,122.0,
105.5,122.0,
106.25,122.0,-80.24086021505376
107.0,122.0,-80.14814814814815
107.75,122.0,-80.03836930455635
108.5,122.0,-79.92380952380952
109.25,122.0,-79.8185941043084
110.0,122.0,-79.73333333333333
110.75,122.0,
111.5,122.0,
112.25,122.0,
113.0,122.0,
113.75,122.0,
114.5,122.0,
115.25,122.0,
116.0,122.0,
116.75,122.0,
117.5,122.0,
118.25,122.0,
119.0,122.0,
119.75,122.0,
120.5,122.0,
121.25,122.0,
122.0,122.0,
122.75,122.0,
123.5,122.0,
124.25,122.0,
125.0,122.0,
125.75,122.0,
126.5,122.0,
127.25,122.0,
128.0,122.0,
128.75,122.0,
129.5,122.0,
130.25,122.0,-88.0685941043084
131.0,122.0,-88.01190476190476
131.75,122.0,-85.59956745536422
132.5,122.0,-83.53456768418974
133.25,122.0,-83.90739691996947
134.0,122.0,-84.38414634146342
134.75,122.0,-84.6535576046581
135.5,122.0,-83.55371496849881
136.25,122.0,-81.63386604908784
137.0,122.0,-80.80813953488371
137.75,122.0,-80.59133532657133
138.5,122.0,-80.4304544927152
139.25,122.0,-80.30646595267876
140.0,122.0,-79.04271690103475
140.75,122.0,-79.35019480545321
141.5,122.0,-78.18564356435645
142.25,122.0,-80.5
143.0,122.0,
143.75,122.0,
144.5,122.0,
145.25,122.0,
146.0,122.0,
146.75,122.0,
147.5,122.0,
148.25,122.0,
149.0,122.0,
149.75,122.0,
150.5,122.0,
151.25,122.0,
152.0,122.0,-86.16666666666666
152.75,122.0,-86.27324263038551
153.5,122.0,-86.4047619047619
154.25,122.0,-87.24859987605595
155.0,122.0,-87.41772151898735
155.75,122.0,-86.51964426591447
156.5,122.0,-87.07943047317427
157.25,122.0,-86.87106702507559
158.0,122.0,-87.37499999999999
158.75,122.0,-86.92197049069534
159.5,122.0,-86.9619018223785
160.25,122.0,-85.10577912481858
161.0,122.0,-83.9873417721519
161.75,122.0,-83.65688827444488
162.5,122.0,-84.87169989754905
163.25,122.0,-84.9175902388656
164.0,122.0,-84.93280182232346
164.75,122.0,-84.5412330794548
165.5,122.0,-84.90519657912505
166.25,122.0,-85.23011126140467
167.0,122.0,-85.09485412439655
167.75,122.0,-84.79707640177251
168.5,122.0,-82.96814981243215
169.25,122.0,-82.31815688603237
170.0,122.0,-80.31167400881058
170.75,122.0,-79.23917831129904
171.5,122.0,-76.8740678076152
172.25,122.0,-75.5972118022282
173.0,122.0,-75.40828993365199
173.75,122.0,-75.90650282216862
174.5,122.0,-76.27370635971903
175.25,122.0,-76.49420157306447
176.0,122.0,-77.4016393442623
176.75,122.0,-78.12160219681168
177.5,122.0,-77.74692355761195
178.25,122.0,-75.82297258448867
179.0,122.0,-75.06673511293636
179.75,122.0,-75.60312909773809
180.5,122.0,-77.73336088376405
181.25,122.0,-78.48035770954735
182.0,122.0,-78.52777777777777
182.75,122.0,-78.06491732969091
183.5,122.0,-77.60444759486995
184.25,122.0,-76.88509486440846
185.0,122.0,-76.60714285714285
185.75,122.0,-77.54070229462602
186.5,122.0,-79.64693356047701
187.25,122.0,-80.42816536041508
188.0,122.0,-81.06818181818181
188.75,122.0,-82.15095485152888
189.5,122.0,-82.24446337308349
190.25,122.0,-82.20778285487236
191.0,122.0,-82.10714285714283
191.75,122.0,-81.85017880202643
192.5,122.0,-81.44718909710393
193.25,122.0,-81.38000883099683
194.0,122.0,-81.88636363636364
194.75,122.0,-82.28371508933324
195.5,122.0,-82.25738275188948
196.25,122.0,-81.47058729466988
197.0,122.0,-80.88414634146342
197.75,122.0,-80.53688181458759
198.5,122.0,-80.36847701735984
199.25,122.0,-79.64679859161822
200.0,122.0,-80.17073170731707
200.75,122.0,-80.74041809997924
201.5,122.0,-80.14273755349267
202.25,122.0,-79.94940218889421
203.0,122.0,-79.9258995368721
203.75,122.0,-79.89333448875553
204.5,122.0,-79.19047619047619
205.25,122.0,
206.0,122.0,
206.75,122.0,
207.5,122.0,
208.25,122.0,
209.0,122.0,
209.75,122.0,
210.5,122.0,-78.93388429752066
211.25,122.0,-77.0757303402593
212.0,122.0,-79.22045951859955
212.75,122.0,-78.92835067901443
213.5,122.0,-78.54804008633701
214.25,122.0,-77.96554774333596
215.0,122.0,-77.59696494727842
215.75,122.0,-77.03395191303672
216.5,122.0,-76.47899848133642
217.25,122.0,-77.03844375311051
218.0,122.0,-79.3409090909091
218.75,122.0,-81.46776686168454
219.5,122.0,-82.02470187393526
220.25,122.0,-82.80773175385382
221.0,122.0,-82.75066050198149
221.75,122.0,-82.72072396578034
222.5,122.0,-82.68461402593907
223.25,122.0,-82.65416704542885
224.0,122.0,-82.63607946651848
224.75,122.0,-82.48940699706075
225.5,122.0,-82.28369905956114
226.25,122.0,-82.75
227.0,122.0,
227.75,122.0,
228.5,122.0,
229.25,122.0,
230.0,122.0,
230.75,122.0,
77.0,122.75,-86.64993178353856
77.75,122.75,-87.2949280085291
78.5,122.75,-87.77260567908782
79.25,122.75,-88.3374475841137
80.0,122.75,-89.57122120105278
80.75,122.75,-91.44046194520187
81.5,122.75,-90.75802401680268
82.25,122.75,-89.885679516494
83.0,122.75,-90.87927370857025
83.75,122.75,-89.76640525070667
84.5,122.75,-89.70185894974027
85.25,122.75,-89.98120818575364
86.0,122.75,-87.05871196181455
86.75,122.75,-83.9824850791945
87.5,122.75,-84.1000398014454
88.25,122.75,-84.96130305571265
89.0,122.75,-85.37128627468987
89.75,122.75,-85.52849811234611
90.5,122.75,-85.58505065961889
91.25,122.75,-85.47727272727272
92.0,122.75,-85.54591836734694
92.75,122.75,
93.5,122.75,
94.25,122.75,
95.0,122.75,
95.75,122.75,
96.5,122.75,
97.25,122.75,
98.0,122.75,
98.75,122.75,
99.5,122.75,
100.25,122.75,
101.0,122.75,
101.75,122.75,
102.5,122.75,
103.25,122.75,
104.0,122.75,
104.75,122.75,
105.5,122.75,-80.39506172839506
106.25,122.75,-80.31638418079096
107.0,122.75,-80.19937694704049
107.75,122.75,-80.05228758169936
108.5,122.75,-79.89644012944984
109.25,122.75,-79.75757575757576
110.0,122.75,-79.65311653116532
110.75,122.75,-79.58685446009389
111.5,122.75,
112.25,122.75,
113.0,122.75,
113.75,122.75,
114.5,122.75,
115.25,122.75,
116.0,122.75,
116.75,122.75,
117.5,122.75,
118.25,122.75,
119.0,122.75,
119.75,122.75,
120.5,122.75,
121.25,122.75,
122.0,122.75,
122.75,122.75,
123.5,122.75,
124.25,122.75,
125.0,122.75,
125.75,122.75,
126.5,122.75,
127.25,122.75,
128.0,122.75,
128.75,122.75,
129.5,122.75,-88.1547619047619
130.25,122.75,-88.12562189054725
131.0,122.75,-87.85334930386828
131.75,122.75,-84.00831766944515
132.5,122.75,-84.2878736322058
133.25,122.75,-84.70184300260414
134.0,122.75,-85.42860266989327
134.75,122.75,-86.58867057138501
135.5,122.75,-85.37534580475834
136.25,122.75,-80.93368296214152
137.0,122.75,-79.12670946065865
137.75,122.75,-79.41075034711248
138.5,122.75,-79.52269340904998
139.25,122.75,-78.40957846277487
140.0,122.75,-78.30053827724917
140.75,122.75,-78.25472889458607
141.5,122.75,-77.64128043719101
142.25,122.75,-76.59600844280342
143.0,122.75,
143.75,122.75,
144.5,122.75,
145.25,122.75,
146.0,122.75,
146.75,122.75,
147.5,122.75,
148.25,122.75,
149.0,122.75,
149.75,122.75,
150.5,122.75,
151.25,122.75,-85.98356807511738
152.0,122.75,-86.06639566395664
152.75,122.75,-86.1969696969697
153.5,122.75,-87.00451950222178
154.25,122.75,-87.2266641895893
155.0,122.75,-86.61961448084382
155.75,122.75,-86.63615339705974
156.5,122.75,-86.57078619670887
157.25,122.75,-87.43644387069426
158.0,122.75,-87.29979674796749
158.75,122.75,-87.2170112079266
159.5,122.75,-85.33561933888835
160.25,122.75,-85.15199578819119
161.0,122.75,-84.64636527327393
161.75,122.75,-84.41266413538156
162.5,122.75,-84.37801651524539
163.25,122.75,-84.76404962179153
164.0,122.75,-84.83926591795594
164.75,122.75,-85.12556259295505
165.5,122.75,-85.29608304978183
166.25,122.75,-85.60834386155503
167.0,122.75,-85.49598064993249
167.75,122.75,-85.08788507520784
168.5,122.75,-84.75479718980004
169.25,122.75,-82.56043260983677
170.0,122.75,-81.41313991752406
170.75,122.75,-79.18363976763219
171.5,122.75,-76.78223438108999
172.25,122.75,-75.48654453972226
173.0,122.75,-74.86404174757757
173.75,122.75,-75.50803524784244
174.5,122.75,-76.03093777583608
175.25,122.75,-76.11592910235
176.0,122.75,-77.66086091670262
176.75,122.75,-79.58658526667983
177.5,122.75,-78.77509728795079
178.25,122.75,-74.99619475576556
179.0,122.75,-72.81396631427616
179.75,122.75,-75.11834913333728
180.5,122.75,-78.91183851137382
181.25,122.75,-79.74293371796327
182.0,122.75,-79.9628513809553
182.75,122.75,-81.45887875181806
183.5,122.75,-80.57572657115904
184.25,122.75,-77.86567141268003
185.0,122.75,-77.08251363421319
185.75,122.75,-78.07860738491074
186.5,122.75,-81.07477530361083
187.25,122.75,-81.80120665615335
188.0,122.75,-83.09041939207387
188.75,122.75,-86.22667753816891
189.5,122.75,-85.47023296811236
190.25,122.75,-83.85324677974594
191.0,122.75,-84.31689472671788
191.75,122.75,-83.30837858192277
192.5,122.75,-81.44457856366084
193.25,122.75,-81.2264061983682
194.0,122.75,-83.89860998341148
194.75,122.75,-87.20330940528225
195.5,122.75,-86.68928499363469
196.25,122.75,-84.44053460955271
197.0,122.75,-82.3859626016082
197.75,122.75,-81.13414522196491
198.5,122.75,-79.05646943278487
199.25,122.75,-78.40649325006846
200.0,122.75,-79.73274287700856
200.75,122.75,-80.3031951201919
201.5,122.75,-79.99150231553126
202.25,122.75,-79.98115791746396
203.0,122.75,-79.92892503841934
203.75,122.75,-79.86255480283816
204.5,122.75,-79.81568660068201
205.25,122.75,
206.0,122.75,
206.75,122.75,
207.5,122.75,
208.25,122.75,
209.0,122.75,
209.75,122.75,
210.5,122.75,
211.25,122.75,-73.78571428571428
212.0,122.75,-76.50905828000231
212.75,122.75,-77.47159408667885
213.5,122.75,-76.99276634172496
214.25,122.75,-77.40419940284825
215.0,122.75,-76.57501870369752
215.75,122.75,-74.95645536057869
216.5,122.75,-72.15382353357026
217.25,122.75,-71.26590036080246
218.0,122.75,-77.27066668738613
218.75,122.75,-79.96862330642085
219.5,122.75,-80.53291200371545
220.25,122.75,-81.83858975567296
221.0,122.75,-81.57410111603474
221.75,122.75,-81.93492156869266
222.5,122.75,-82.24728310351081
223.25,122.75,-82.38264015011005
224.0,122.75,-82.4674641729763
224.75,122.75,-82.1276052788775
225.5,122.75,-82.16462003144225
226.25,122.75,-82.16637841282122
227.0,122.75,
227.75,122.75,
228.5,122.75,
229.25,122.75,
230.0,122.75,
230.75,122.75,
77.0,123.5,-86.38417060326738
77.75,123.5,-86.9927235939889
78.5,123.5,-87.09848623461598
79.25,123.5,-87.4094599635965
80.0,123.5,-88.33941372283309
80.75,123.5,-90.2206335268823
81.5,123.5,-89.63273904017585
82.25,123.5,-89.30946497039061
83.0,123.5,-90.22443068318017
83.75,123.5,-89.19855423760751
84.5,123.5,-88.88963039014376
85.25,123.5,-89.04958889899699
86.0,123.5,-86.75971620299174
86.75,123.5,-84.47233468954401
87.5,123.5,-84.5526080286372
88.25,123.5,-85.20136222230087
89.0,123.5,-85.44300377039293
89.75,123.5,-85.51092741451667
90.5,123.5,-85.20710575202057
91.25,123.5,-84.75744705092987
92.0,123.5,-85.66428571428571
92.75,123.5,-85.68442622950819
93.5,123.5,
94.25,123.5,
95.0,123.5,
95.75,123.5,
96.5,123.5,
97.25,123.5,
98.0,123.5,
98.75,123.5,
99.5,123.5,
100.25,123.5,
101.0,123.5,
101.75,123.5,
102.5,123.5,
103.25,123.5,
104.0,123.5,
104.75,123.5,-80.89175481301172
105.5,123.5,-80.838391619165
106.25,123.5,-80.74582339272364
107.0,123.5,-82.79155141714499
107.75,123.5,-82.70210400919082
108.5,123.5,-82.65412820009166
109.25,123.5,-82.68392704982709
110.0,123.5,-82.94552976327282
110.75,123.5,-83.1928193956645
111.5,123.5,-79.45098039215686
112.25,123.5,
113.0,123.5,
113.75,123.5,
114.5,123.5,
115.25,123.5,
116.0,123.5,
116.75,123.5,
117.5,123.5,
118.25,123.5,
119.0,123.5,
119.75,123.5,
120.5,123.5,
121.25,123.5,
122.0,123.5,
122.75,123.5,
123.5,123.5,
124.25,123.5,
125.0,123.5,
125.75,123.5,
126.5,123.5,
127.25,123.5,
128.0,123.5,
128.75,123.5,
129.5,123.5,-88.21031746031746
130.25,123.5,-87.89272384291257
131.0,123.5,-87.90282216431486
131.75,123.5,-84.19977854535125
132.5,123.5,-84.52633069672785
133.25,123.5,-84.96248155495061
134.0,123.5,-85.53888010719378
134.75,123.5,-86.16039480117831
135.5,123.5,-84.82275089314712
136.25,123.5,-80.25968550114429
137.0,123.5,-78.75307861600879
137.75,123.5,-78.13431611072086
138.5,123.5,-77.88056737321635
139.25,123.5,-78.00152974077723
140.0,123.5,-78.18587010785465
140.75,123.5,-77.42396411563023
141.5,123.5,-78.02427399654117
142.25,123.5,-79.26555528647314
143.0,123.5,-82.09366754617415
143.75,123.5,-82.83383233532935
144.5,123.5,-82.58333333333333
145.25,123.5,-80.92017572795153
146.0,123.5,-77.75
146.75,123.5,-78.30077068401954
147.5,123.5,-78.72619047619048
148.25,123.5,-80.38661283404878
149.0,123.5,-80.06523971449735
149.75,123.5,-80.89345708461778
150.5,123.5,-82.7778849687615
151.25,123.5,-83.76730260511326
152.0,123.5,-84.74676313785226
152.75,123.5,-85.41518511729123
153.5,123.5,-86.55496600328492
154.25,123.5,-86.36369339372176
155.0,123.5,-86.77130944054151
155.75,123.5,-86.83525884877132
156.5,123.5,-86.79925234832486
157.25,123.5,-87.3182166006771
158.0,123.5,-86.9437485635486
158.75,123.5,-85.60208340701892
159.5,123.5,-85.09156469178865
160.25,123.5,-84.98272117985859
161.0,123.5,-84.86444111313595
161.75,123.5,-84.53550344134797
162.5,123.5,-82.95682886745139
163.25,123.5,-84.29397199571235
164.0,123.5,-84.64440184610875
164.75,123.5,-85.0758839772414
165.5,123.5,-85.52164716246952
166.25,123.5,-86.15882430365784
167.0,123.5,-86.17135901450295
167.75,123.5,-85.534843262195
168.5,123.5,-84.81159653607342
169.25,123.5,-82.90670788400698
170.0,123.5,-81.44144575020496
170.75,123.5,-79.78636994574246
171.5,123.5,-77.44000074440763
172.25,123.5,-74.73000549372875
173.0,123.5,-74.05271466369426
173.75,123.5,-74.49455582265998
174.5,123.5,-75.76142720714564
175.25,123.5,-76.18302769028942
176.0,123.5,-77.79462233798068
176.75,123.5,-79.29216563322373
177.5,123.5,-78.47887409940162
178.25,123.5,-75.43666832818533
179.0,123.5,-73.45605273671593
179.75,123.5,-75.34520328161265
180.5,123.5,-78.62988240235195
181.25,123.5,-79.65641372668667
182.0,123.5,-80.38377960342814
182.75,123.5,-81.23809497570367
183.5,123.5,-80.55781057810579
184.25,123.5,-78.25197582850133
185.0,123.5,-77.37800875273523
185.75,123.5,-78.84527545257333
186.5,123.5,-81.00990530774982
187.25,123.5,-81.76151861203157
188.0,123.5,-83.35424091233071
188.75,123.5,-85.80575214189155
189.5,123.5,-85.42449538998257
190.25,123.5,-84.15209186427295
191.0,123.5,-84.09987156312434
191.75,123.5,-83.44814326323545
192.5,123.5,-82.24138991389914
193.25,123.5,-82.05193869983857
194.0,123.5,-84.8148305721007
194.75,123.5,-87.28665370173461
195.5,123.5,-87.20935066649072
196.25,123.5,-85.94405898709984
197.0,123.5,-85.30659670164918
197.75,123.5,-83.36689295698864
198.5,123.5,-80.20274118903524
199.25,123.5,-79.30988232276256
200.0,123.5,-80.34224473889323
200.75,123.5,-80.55723116747637
201.5,123.5,-80.45800582669793
202.25,123.5,-80.3922540903468
203.0,123.5,-80.14448912310999
203.75,123.5,-81.0022493955456
204.5,123.5,-81.3102019593564
205.25,123.5,-81.51129678307673
206.0,123.5,-83.72649572649573
206.75,123.5,-84.11657559198542
207.5,123.5,
208.25,123.5,
209.0,123.5,
209.75,123.5,
210.5,123.5,
211.25,123.5,-73.4482439926063
212.0,123.5,-75.13570276704124
212.75,123.5,-75.3390753168057
213.5,123.5,-76.71594691672219
214.25,123.5,-76.21322005733312
215.0,123.5,-75.5092562715496
215.75,123.5,-74.77734000232127
216.5,123.5,-72.50917110053206
217.25,123.5,-72.33971677473012
218.0,123.5,-77.44794534260973
218.75,123.5,-80.01821344203566
219.5,123.5,-80.54260780287476
220.25,123.5,-81.72180063494507
221.0,123.5,-81.63023778309297
221.75,123.5,-81.71904833197571
222.5,123.5,-81.92580286886786
223.25,123.5,-82.08816884437955
224.0,123.5,-82.19824491824589
224.75,123.5,-82.27040643205349
225.5,123.5,-82.42153877582786
226.25,123.5,-82.07700610490994
227.0,123.5,
227.75,123.5,
228.5,123.5,
229.25,123.5,
230.0,123.5,
230.75,123.5,
77.0,124.25,-85.97107265180283
77.75,124.25,-86.48594644466566
78.5,124.25,-86.27311524308232
79.25,124.25,-85.87553497937887
80.0,124.25,-85.0315143472175
80.75,124.25,-83.69371373257147
81.5,124.25,-84.68246383398562
82.25,124.25,-86.57723869759938
83.0,124.25,-87.38522896684117
83.75,124.25,-87.08928475630398
84.5,124.25,-85.67713405042025
85.25,124.25,-85.1149776138494
86.0,124.25,-85.42589649349361
86.75,124.25,-86.24691005495909
87.5,124.25,-86.15142867902074
88.25,124.25,-85.5999744142206
89.0,124.25,-85.27211286757027
89.75,124.25,-84.69372577002628
90.5,124.25,-84.48413894081412
91.25,124.25,-84.77425890877002
92.0,124.25,-84.70931750224791
92.75,124.25,-85.78296703296704
93.5,124.25,
94.25,124.25,
95.0,124.25,
95.75,124.25,
96.5,124.25,
97.25,124.25,
98.0,124.25,
98.75,124.25,
99.5,124.25,
100.25,124.25,
101.0,124.25,
101.75,124.25,
102.5,124.25,
103.25,124.25,
104.0,124.25,-80.99942990121403
104.75,124.25,-80.98921103576323
105.5,124.25,-82.90447681290071
106.25,124.25,-82.75393144555237
107.0,124.25,-82.60233169813576
107.75,124.25,-82.44729872487314
108.5,124.25,-82.32383075116641
109.25,124.25,-82.32396645976436
110.0,124.25,-82.50543831014801
110.75,124.25,-82.94696353280568
111.5,124.25,-83.37219978735527
112.25,124.25,-83.77414000715983
113.0,124.25,
113.75,124.25,
114.5,124.25,
115.25,124.25,
116.0,124.25,
116.75,124.25,
117.5,124.25,
118.25,124.25,
119.0,124.25,
119.75,124.25,
120.5,124.25,
121.25,124.25,
122.0,124.25,
122.75,124.25,
123.5,124.25,
124.25,124.25,
125.0,124.25,
125.75,124.25,
126.5,124.25,
127.25,124.25,
128.0,124.25,
128.75,124.25,
129.5,124.25,-88.26996007984032
130.25,124.25,-87.91703272004607
131.0,124.25,-87.94483013267596
131.75,124.25,-84.18649689143177
132.5,124.25,-84.10688580190337
133.25,124.25,-84.74762955424958
134.0,124.25,-85.62850214525115
134.75,124.25,-86.41366831092527
135.5,124.25,-84.29994455053232
136.25,124.25,-78.1542170223708
137.0,124.25,-73.67968215046037
137.75,124.25,-74.59334899364859
138.5,124.25,-76.06005802478597
139.25,124.25,-76.93922413814015
140.0,124.25,-76.84438178116943
140.75,124.25,-77.35951315071058
141.5,124.25,-78.17065333616277
142.25,124.25,-78.29427487970081
143.0,124.25,-82.17741935483872
143.75,124.25,-81.22869020344629
144.5,124.25,-80.97184002351624
145.25,124.25,-80.8461290243524
146.0,124.25,-80.31462585034014
146.75,124.25,-78.2912891815278
147.5,124.25,-78.29206286752644
148.25,124.25,-79.37329334844864
149.0,124.25,-79.98156420480538
149.75,124.25,-82.23254447976471
150.5,124.25,-82.69949849710834
151.25,124.25,-83.69281163489714
152.0,124.25,-84.09831080578806
152.75,124.25,-85.3275730348152
153.5,124.25,-85.71626779099064
154.25,124.25,-87.04673585152297
155.0,124.25,-86.9231217051915
155.75,124.25,-87.03039238215794
156.5,124.25,-86.98446006627532
157.25,124.25,-87.1691125730225
158.0,124.25,-86.82932012839417
158.75,124.25,-85.5608095187139
159.5,124.25,-85.13701958301161
160.25,124.25,-85.11681462483158
161.0,124.25,-85.02757927645459
161.75,124.25,-83.02074807996601
162.5,124.25,-82.76209482019839
163.25,124.25,-82.88486194071797
164.0,124.25,-83.75957512281771
164.75,124.25,-84.8723516131676
165.5,124.25,-85.6876437645301
166.25,124.25,-86.86135866039558
167.0,124.25,-87.36203759852084
167.75,124.25,-86.20027477810434
168.5,124.25,-84.6988088452908
169.25,124.25,-83.95752157307103
170.0,124.25,-81.47964446492502
170.75,124.25,-79.00929382857593
171.5,124.25,-77.40053514342314
172.25,124.25,-73.68414473604754
173.0,124.25,-71.32896313839694
173.75,124.25,-73.03918101538521
174.5,124.25,-74.9723820815028
175.25,124.25,-75.83032111401936
176.0,124.25,-78.01935179358087
176.75,124.25,-80.93432284369455
177.5,124.25,-79.54658758497698
178.25,124.25,-74.96190602159568
179.0,124.25,-71.96783163942573
179.75,124.25,-74.74313734921039
180.5,124.25,-79.62358316589167
181.25,124.25,-81.04064004853235
182.0,124.25,-80.57566547247718
182.75,124.25,-80.30107153425917
183.5,124.25,-79.9051195519619
184.25,124.25,-79.3699715847817
185.0,124.25,-78.201232065586
185.75,124.25,-79.51876748236695
186.5,124.25,-80.71127280919268
187.25,124.25,-81.41147049113255
188.0,124.25,-83.00836628148278
188.75,124.25,-84.12043262874845
189.5,124.25,-84.37640095625841
190.25,124.25,-83.86769211008172
191.0,124.25,-83.76168807776816
191.75,124.25,-84.1536641384988
192.5,124.25,-84.10756211532893
193.25,124.25,-84.8634131089211
194.0,124.25,-87.51557296330674
194.75,124.25,-89.22894745022458
195.5,124.25,-88.72858800285388
196.25,124.25,-87.34493785342548
197.0,124.25,-86.45082868037473
197.75,124.25,-84.8558262278253
198.5,124.25,-83.48744820796958
199.25,124.25,-83.19152736661869
200.0,124.25,-81.65524405410353
200.75,124.25,-80.4932609535777
201.5,124.25,-80.25602573517419
202.25,124.25,-80.07726727010883
203.0,124.25,-80.06945300870854
203.75,124.25,-81.04141432438207
204.5,124.25,-81.45203078788607
205.25,124.25,-81.76814985216785
206.0,124.25,-82.16550093507841
206.75,124.25,-84.54008438818566
207.5,124.25,
208.25,124.25,
209.0,124.25,
209.75,124.25,
210.5,124.25,
211.25,124.25,
212.0,124.25,-74.99712715167455
212.75,124.25,-75.26856593632618
213.5,124.25,-76.71335036947701
214.25,124.25,-76.42431834528813
215.0,124.25,-75.27358856636958
215.75,124.25,-74.80131263416358
216.5,124.25,-74.46763917830214
217.25,124.25,-75.39315841837295
218.0,124.25,-78.33320340322315
218.75,124.25,-81.08382050654521
219.5,124.25,-81.09928348690622
220.25,124.25,-81.13699680523003
221.0,124.25,-81.48575989831394
221.75,124.25,-81.62812294611837
222.5,124.25,-81.87821585049963
223.25,124.25,-82.06701302600112
224.0,124.25,-82.19102417288809
224.75,124.25,-82.27009518711327
225.5,124.25,-82.40571188962473
226.25,124.25,-82.04286865831507
227.0,124.25,
227.75,124.25,
228.5,124.25,
229.25,124.25,
230.0,124.25,
230.75,124.25,
77.0,125.0,-85.61290322580645
77.75,125.0,-86.05712376517093
78.5,125.0,-85.61446143419124
79.25,125.0,-84.75317170789967
80.0,125.0,-82.85059225790695
80.75,125.0,-79.4974234426051
81.5,125.0,-81.02191439521235
82.25,125.0,-85.66229009772596
83.0,125.0,-86.9999999999988
83.75,125.0,-85.89059846379523
84.5,125.0,-83.30992808629644
85.25,125.0,-82.30803772064954
86.0,125.0,-84.9285714285714
86.75,125.0,-87.71361393731121
87.5,125.0,-87.23855960422414
88.25,125.0,-85.8666466089689
89.0,125.0,-84.88679245283018
89.75,125.0,-84.4984268973747
90.5,125.0,-84.27768103275132
91.25,125.0,-83.6122089817726
92.0,125.0,-84.67721518987342
92.75,125.0,
93.5,125.0,
94.25,125.0,
95.0,125.0,
95.75,125.0,
96.5,125.0,
97.25,125.0,
98.0,125.0,
98.75,125.0,
99.5,125.0,
100.25,125.0,
101.0,125.0,
101.75,125.0,
102.5,125.0,
103.25,125.0,-82.0
104.0,125.0,-81.08899789768745
104.75,125.0,-82.98795691453518
105.5,125.0,-82.80011678440832
106.25,125.0,-82.60766046269927
107.0,125.0,-82.41025641025641
107.75,125.0,-82.15118420118722
108.5,125.0,-81.84434364580912
109.25,125.0,-81.75758901958015
110.0,125.0,-82.0626204238921
110.75,125.0,-82.5945060461124
111.5,125.0,-83.30057199089737
112.25,125.0,-83.82884898508051
113.0,125.0,-84.92307692307692
113.75,125.0,
114.5,125.0,
115.25,125.0,
116.0,125.0,
116.75,125.0,
117.5,125.0,
118.25,125.0,
119.0,125.0,
119.75,125.0,
120.5,125.0,
121.25,125.0,
122.0,125.0,
122.75,125.0,
123.5,125.0,
124.25,125.0,
125.0,125.0,
125.75,125.0,
126.5,125.0,
127.25,125.0,
128.0,125.0,
128.75,125.0,
129.5,125.0,-87.90369393139844
130.25,125.0,-87.9263295553618
131.0,125.0,-86.75806451612902
131.75,125.0,-84.18377729585607
132.5,125.0,-84.63534258698958
133.25,125.0,-84.85559305749042
134.0,125.0,-86.26334702258724
134.75,125.0,-89.00642296776434
135.5,125.0,-86.65531362365161
136.25,125.0,-75.56214984445094
137.0,125.0,-68.00000000001438
137.75,125.0,-71.90883246877983
138.5,125.0,-75.03042388988077
139.25,125.0,-75.85116232527166
140.0,125.0,-76.80075206693894
140.75,125.0,-77.5540712108764
141.5,125.0,-78.12618479360863
142.25,125.0,-78.91968703026949
143.0,125.0,-81.61290322580646
143.75,125.0,-81.34432775775187
144.5,125.0,-80.98956317796618
145.25,125.0,-80.45650736023086
146.0,125.0,-80.17857142857142
146.75,125.0,-79.67972228925674
147.5,125.0,-79.03997943642614
148.25,125.0,-79.26621238024354
149.0,125.0,-80.39772727272727
149.75,125.0,-81.99628506241473
150.5,125.0,-82.54778689126175
151.25,125.0,-83.61011301955104
152.0,125.0,-84.0593058733791
152.75,125.0,-85.15310031928847
153.5,125.0,-85.65447217203406
154.25,125.0,-87.02819630795192
155.0,125.0,-87.50943396226414
155.75,125.0,-87.32635129331254
156.5,125.0,-87.27907093742947
157.25,125.0,-87.24902993646312
158.0,125.0,-86.65296495956875
158.75,125.0,-86.19683352666117
159.5,125.0,-85.107626193813
160.25,125.0,-85.37014789908275
161.0,125.0,-84.15094339622641
161.75,125.0,-83.3527001338951
162.5,125.0,-82.2811790663573
163.25,125.0,-82.2454157969435
164.0,125.0,-83.15101417060295
164.75,125.0,-83.91756197015214
165.5,125.0,-84.94300548108242
166.25,125.0,-87.21460987520094
167.0,125.0,-88.49999999999682
167.75,125.0,-86.70322266609297
168.5,125.0,-84.43131961610439
169.25,125.0,-84.01194269265979
170.0,125.0,-81.68220338983049
170.75,125.0,-78.24295780201508
171.5,125.0,-78.0924511874143
172.25,125.0,-73.13555343731034
173.0,125.0,-68.00000000001137
173.75,125.0,-71.86516853066635
174.5,125.0,-74.35887383285129
175.25,125.0,-74.29462961149173
176.0,125.0,-78.44491525423727
176.75,125.0,-84.82189044262091
177.5,125.0,-82.68220029422655
178.25,125.0,-73.01031373591385
179.0,125.0,-67.0000000000135
179.75,125.0,-72.92767766095079
180.5,125.0,-81.9259721785183
181.25,125.0,-83.65305048147486
182.0,125.0,-81.2900410677618
182.75,125.0,-80.1768393570203
183.5,125.0,-80.49544854581039
184.25,125.0,-79.8468942973995
185.0,125.0,-79.0
185.75,125.0,-79.94778589755961
186.5,125.0,-80.65161524041433
187.25,125.0,-81.89399517792317
188.0,125.0,-82.63342318059298
188.75,125.0,-83.2715910162929
189.5,125.0,-84.23615962049732
190.25,125.0,-84.9509618258217
191.0,125.0,-85.5
191.75,125.0,-85.47406215445785
192.5,125.0,-86.01639953887918
193.25,125.0,-86.80322660799969
194.0,125.0,-89.01768642447418
194.75,125.0,-91.66125709302923
195.5,125.0,-90.66094894578464
196.25,125.0,-87.30800020434104
197.0,125.0,-86.99999999999724
197.75,125.0,-85.59703999247377
198.5,125.0,-85.08889332800639
199.25,125.0,-85.61395556042335
200.0,125.0,-82.0573770491803
200.75,125.0,-80.0702523502038
201.5,125.0,-79.99743502260347
202.25,125.0,-79.90355689492914
203.0,125.0,-79.93749999999999
203.75,125.0,-81.3316410048074
204.5,125.0,-81.8923618666068
205.25,125.0,-82.18219093771559
206.0,125.0,-82.61189138576779
206.75,125.0,-84.47934485216862
207.5,125.0,
208.25,125.0,
209.0,125.0,
209.75,125.0,
210.5,125.0,
211.25,125.0,
212.0,125.0,-73.50000000000001
212.75,125.0,-75.3672048997773
213.5,125.0,-75.59818747625512
214.25,125.0,-75.50199426433674
215.0,125.0,-75.72972972972973
215.75,125.0,-75.71852889494025
216.5,125.0,-75.97458504159536
217.25,125.0,-77.05823773922388
218.0,125.0,-79.58720930232559
218.75,125.0,-83.50709763185164
219.5,125.0,-82.79244906112665
220.25,125.0,-81.08090252486403
221.0,125.0,-80.99999999999994
221.75,125.0,-80.99851266885113
222.5,125.0,-80.97330530438288
223.25,125.0,-82.8482682297042
224.0,125.0,-83.10213143872114
224.75,125.0,-83.27478428248729
225.5,125.0,-82.0945945945946
226.25,125.0,-82.11283345349676
227.0,125.0,
227.75,125.0,
228.5,125.0,
229.25,125.0,
230.0,125.0,
230.75,125.0,
77.0,125.75,-84.94840656851238
77.75,125.75,-85.81383790346305
78.5,125.75,-85.36488994730826
79.25,125.75,-84.47907203130833
80.0,125.75,-83.46938746090784
80.75,125.75,-82.27545234459515
81.5,125.75,-83.09757836273927
82.25,125.75,-85.2017484206172
83.0,125.75,-85.81116476233584
83.75,125.75,-85.16153182264132
84.5,125.75,-83.69166078447985
85.25,125.75,-83.4169926765527
86.0,125.75,-84.3530843349558
86.75,125.75,-85.68698945179774
87.5,125.75,-85.22011437609639
88.25,125.75,-84.37269140177483
89.0,125.75,-83.82754194592484
89.75,125.75,-83.50096674959605
90.5,125.75,-83.29629530378602
91.25,125.75,-83.34904099204608
92.0,125.75,-83.24122672359653
92.75,125.75,-85.04395604395603
93.5,125.75,
94.25,125.75,
95.0,125.75,
95.75,125.75,
96.5,125.75,
97.25,125.75,
98.0,125.75,
98.75,125.75,
99.5,125.75,
100.25,125.75,
101.0,125.75,
101.75,125.75,
102.5,125.75,-82.0
103.25,125.75,-81.13459088552878
104.0,125.75,-83.14901512994606
104.75,125.75,-83.36912430231185
105.5,125.75,-83.0376878578757
106.25,125.75,-82.7792367306548
107.0,125.75,-82.51077592660543
107.75,125.75,-82.16769194830188
108.5,125.75,-81.41203321320683
109.25,125.75,-81.1256782440565
110.0,125.75,-81.62719503469654
110.75,125.75,-82.61052657251955
111.5,125.75,-83.38626282857821
112.25,125.75,-84.02761225453293
113.0,125.75,-85.1643059490085
113.75,125.75,-85.58515283842796
114.5,125.75,
115.25,125.75,
116.0,125.75,
116.75,125.75,
117.5,125.75,
118.25,125.75,
119.0,125.75,
119.75,125.75,
120.5,125.75,
121.25,125.75,
122.0,125.75,
122.75,125.75,
123.5,125.75,
124.25,125.75,
125.0,125.75,
125.75,125.75,
126.5,125.75,
127.25,125.75,
128.0,125.75,
128.75,125.75,-64.62655601659752
129.5,125.75,-76.0643032069356
130.25,125.75,-79.56674614187385
131.0,125.75,-81.0901554631126
131.75,125.75,-83.00919033519284
132.5,125.75,-83.94632829857957
133.25,125.75,-84.57748041548011
134.0,125.75,-85.47856816753337
134.75,125.75,-86.29521662120762
135.5,125.75,-83.99506106195665
136.25,125.75,-77.42498811441975
137.0,125.75,-72.93885161417332
137.75,125.75,-73.780160019458
138.5,125.75,-75.4613017819392
139.25,125.75,-76.18017072756575
140.0,125.75,-77.28161045490621
140.75,125.75,-78.58032034456598
141.5,125.75,-78.91696043229962
142.25,125.75,-79.73854082531969
143.0,125.75,-82.24893241585922
143.75,125.75,-82.00630743470569
144.5,125.75,-81.64343627833296
145.25,125.75,-81.2684573862007
146.0,125.75,-81.40297417431721
146.75,125.75,-80.09403520787431
147.5,125.75,-80.2574138811834
148.25,125.75,-80.33629257749433
149.0,125.75,-80.20632794333966
149.75,125.75,-81.86339873728846
150.5,125.75,-82.29910570723764
151.25,125.75,-83.43418218295392
152.0,125.75,-83.97879484720221
152.75,125.75,-84.81186462433419
153.5,125.75,-85.42780455310427
154.25,125.75,-87.08531336951951
155.0,125.75,-87.83000923207686
155.75,125.75,-87.7437447112955
156.5,125.75,-87.74108855768178
157.25,125.75,-87.54945019908516
158.0,125.75,-86.40916686690404
158.75,125.75,-85.18923325888616
159.5,125.75,-84.80941752338393
160.25,125.75,-85.87702385315959
161.0,125.75,-85.46930934990225
161.75,125.75,-84.0058494410013
162.5,125.75,-81.76274552626089
163.25,125.75,-80.75217309769988
164.0,125.75,-82.34421868515066
164.75,125.75,-82.26855617549485
165.5,125.75,-84.00860512270576
166.25,125.75,-86.21495678090983
167.0,125.75,-86.89604955111372
167.75,125.75,-86.24556755395514
168.5,125.75,-85.12919004555613
169.25,125.75,-84.58974470363398
170.0,125.75,-82.80987593275194
170.75,125.75,-80.72297801935828
171.5,125.75,-79.87522120511969
172.25,125.75,-76.74797774796016
173.0,125.75,-74.02658257826958
173.75,125.75,-74.69450728945793
174.5,125.75,-75.24730358349184
175.25,125.75,-75.82817248859044
176.0,125.75,-78.02549537414482
176.75,125.75,-81.638253363471
177.5,125.75,-80.39887762955168
178.25,125.75,-74.49483507283233
179.0,125.75,-71.26628319095744
179.75,125.75,-74.43150643471436
180.5,125.75,-80.05623081441159
181.25,125.75,-81.86258170360436
182.0,125.75,-80.72812130737431
182.75,125.75,-79.84518385465353
183.5,125.75,-80.02509997049141
184.25,125.75,-80.16890240166536
185.0,125.75,-80.49059060656171
185.75,125.75,-80.6400389726785
186.5,125.75,-80.6735094507579
187.25,125.75,-82.74235453214146
188.0,125.75,-83.27251410723062
188.75,125.75,-84.59918379517705
189.5,125.75,-85.1838164548617
190.25,125.75,-85.1931795974194
191.0,125.75,-85.92915412103663
191.75,125.75,-86.43891000534803
192.5,125.75,-86.60070545275248
193.25,125.75,-87.15703536508262
194.0,125.75,-88.06836468232498
194.75,125.75,-89.65530960372267
195.5,125.75,-89.04940174587475
196.25,125.75,-86.20739699899562
197.0,125.75,-85.38654254091752
197.75,125.75,-84.32423770420537
198.5,125.75,-83.59514995483012
199.25,125.75,-83.28688226223278
200.0,125.75,-81.21720197304137
200.75,125.75,-79.80722115458774
201.5,125.75,-79.43978067032154
202.25,125.75,-79.97325662997888
203.0,125.75,-80.70119612539723
203.75,125.75,-81.53262515852335
204.5,125.75,-82.28058163027097
205.25,125.75,-83.33938536404519
206.0,125.75,-83.79677755625585
206.75,125.75,-84.71150231399197
207.5,125.75,-85.26818499862777
208.25,125.75,-86.45401374581694
209.0,125.75,-86.28232349971681
209.75,125.75,-86.15652719427149
210.5,125.75,-84.98861429373042
211.25,125.75,-83.31016148063468
212.0,125.75,-79.80928535632391
212.75,125.75,-79.0433047941893
213.5,125.75,-78.0516186146319
214.25,125.75,-75.74310991497441
215.0,125.75,-75.90955877345283
215.75,125.75,-76.08947306282992
216.5,125.75,-76.339570696273
217.25,125.75,-76.61980248654271
218.0,125.75,-77.63348635585633
218.75,125.75,-79.81185333128266
219.5,125.75,-79.84903507272924
220.25,125.75,-80.48608508410551
221.0,125.75,-81.36355126196702
221.75,125.75,-81.63532400692444
222.5,125.75,-81.79342974282116
223.25,125.75,-81.86123162508571
224.0,125.75,-81.88866918190088
224.75,125.75,-81.89220674452153
225.5,125.75,-83.45788246576461
226.25,125.75,-82.19193862734164
227.0,125.75,
227.75,125.75,
228.5,125.75,
229.25,125.75,
230.0,125.75,
230.75,125.75,
77.0,126.5,-84.87187177344018
77.75,126.5,-84.93996385978231
78.5,126.5,-85.18467302366285
79.25,126.5,-84.9369804702397
80.0,126.5,-84.93463632977262
80.75,126.5,-85.43782854849779
81.5,126.5,-85.13297872340425
82.25,126.5,-84.388166742353
83.0,126.5,-84.37893553223388
83.75,126.5,-83.87772985875854
84.5,126.5,-83.01639831067706
85.25,126.5,-83.06306830456799
86.0,126.5,-82.72998296422487
86.75,126.5,-82.4667019634957
87.5,126.5,-82.61213555943186
88.25,126.5,-83.06574241282475
89.0,126.5,-83.07883349117404
89.75,126.5,-83.0102936808947
90.5,126.5,-82.9485876312471
91.25,126.5,-83.01340564399389
92.0,126.5,-82.85117689685715
92.75,126.5,-84.91256830601093
93.5,126.5,
94.25,126.5,
95.0,126.5,
95.75,126.5,
96.5,126.5,
97.25,126.5,
98.0,126.5,
98.75,126.5,
99.5,126.5,
100.25,126.5,
101.0,126.5,
101.75,126.5,-82.0
102.5,126.5,-82.0
103.25,126.5,-82.22560218267512
104.0,126.5,-83.70899104452458
104.75,126.5,-83.39529077090216
105.5,126.5,-83.06409844204708
106.25,126.5,-82.52570720591878
107.0,126.5,-82.17890213871655
107.75,126.5,-81.99391194733
108.5,126.5,-80.02679056151868
109.25,126.5,-79.2562326830373
110.0,126.5,-81.21218329126094
110.75,126.5,-82.97398080071089
111.5,126.5,-83.72528845621555
112.25,126.5,-84.2409923065506
113.0,126.5,-85.59740259740259
113.75,126.5,-85.953995157385
114.5,126.5,
115.25,126.5,
116.0,126.5,
116.75,126.5,
117.5,126.5,
118.25,126.5,
119.0,126.5,
119.75,126.5,
120.5,126.5,
121.25,126.5,
122.0,126.5,
122.75,126.5,
123.5,126.5,
124.25,126.5,
125.0,126.5,
125.75,126.5,
126.5,126.5,
127.25,126.5,-64.1409978308026
128.0,126.5,-64.28712871287128
128.75,126.5,-64.5068493150685
129.5,126.5,-72.84339035429771
130.25,126.5,-75.12346886775292
131.0,126.5,-76.77010476030385
131.75,126.5,-81.51244393775283
132.5,126.5,-83.20596718241761
133.25,126.5,-84.10264845187089
134.0,126.5,-84.8778524818808
134.75,126.5,-85.7701047295856
135.5,126.5,-84.06789595799242
136.25,126.5,-78.31804068885107
137.0,126.5,-75.0331555297579
137.75,126.5,-75.52625933220432
138.5,126.5,-76.63176945695463
139.25,126.5,-76.83487525044774
140.0,126.5,-78.22675086769254
140.75,126.5,-79.06041179745156
141.5,126.5,-80.48125383837622
142.25,126.5,-82.17937118546058
143.0,126.5,-82.5840603897503
143.75,126.5,-82.19736315264822
144.5,126.5,-81.58617708324807
145.25,126.5,-81.47172174616674
146.0,126.5,-81.05749017942455
146.75,126.5,-80.80026131800075
147.5,126.5,-80.11662114051437
148.25,126.5,-80.26942846905878
149.0,126.5,-81.24020107173283
149.75,126.5,-81.53625039640711
150.5,126.5,-81.8741104225635
151.25,126.5,-83.4444682426488
152.0,126.5,-83.87200040892952
152.75,126.5,-84.27525823153819
153.5,126.5,-84.84108923548965
154.25,126.5,-87.37170610588083
155.0,126.5,-88.57021215869088
155.75,126.5,-88.18907408587553
156.5,126.5,-88.36861450286568
157.25,126.5,-88.25883303119402
158.0,126.5,-86.17052744119745
158.75,126.5,-83.59031535995553
159.5,126.5,-83.88188387739847
160.25,126.5,-86.78914936016261
161.0,126.5,-88.41532680049471
161.75,126.5,-85.2394700301908
162.5,126.5,-80.39122850735112
163.25,126.5,-79.26719620522253
164.0,126.5,-80.6894155381326
164.75,126.5,-82.46167927552462
165.5,126.5,-83.2032796621354
166.25,126.5,-84.7169487619075
167.0,126.5,-85.22073511785855
167.75,126.5,-85.60162023864844
168.5,126.5,-85.99127310061601
169.25,126.5,-85.85651720129785
170.0,126.5,-84.63202725724021
170.75,126.5,-85.69923576723328
171.5,126.5,-84.05954825462013
172.25,126.5,-81.91789455275959
173.0,126.5,-82.3244831779489
173.75,126.5,-80.29458781014591
174.5,126.5,-78.83835027365129
175.25,126.5,-77.9898420633251
176.0,126.5,-77.70100776079333
176.75,126.5,-79.4757109040292
177.5,126.5,-78.29176235834494
178.25,126.5,-75.96563629673447
179.0,126.5,-74.97497552266313
179.75,126.5,-76.09213640512353
180.5,126.5,-78.5252728317059
181.25,126.5,-79.90290576607133
182.0,126.5,-79.58238320520402
182.75,126.5,-79.30895073562822
183.5,126.5,-79.82151133194927
184.25,126.5,-79.68495034263798
185.0,126.5,-81.41756218708257
185.75,126.5,-80.89737794991974
186.5,126.5,-82.22232748887792
187.25,126.5,-83.31927112287782
188.0,126.5,-84.31719031735882
188.75,126.5,-86.24518850286051
189.5,126.5,-86.5253177986536
190.25,126.5,-86.5880762826955
191.0,126.5,-86.55969228607415
191.75,126.5,-86.8140277869522
192.5,126.5,-86.57803180914513
193.25,126.5,-86.50609627942258
194.0,126.5,-87.46839696810869
194.75,126.5,-87.9322271637228
195.5,126.5,-86.39108085579328
196.25,126.5,-83.34118558526586
197.0,126.5,-81.3161734900689
197.75,126.5,-82.08012249894104
198.5,126.5,-81.28028747433267
199.25,126.5,-80.52303309690559
200.0,126.5,-79.78619693368749
200.75,126.5,-77.50804420835817
201.5,126.5,-77.7480444107999
202.25,126.5,-79.40265261629445
203.0,126.5,-80.84254875803725
203.75,126.5,-82.06525873472121
204.5,126.5,-82.99610299878844
205.25,126.5,-84.06210357542506
206.0,126.5,-84.43780637998138
206.75,126.5,-84.63389692965511
207.5,126.5,-85.54541764529708
208.25,126.5,-85.43384040449706
209.0,126.5,-86.18446680471075
209.75,126.5,-86.11743431293608
210.5,126.5,-85.75240281723023
211.25,126.5,-82.95340394473962
212.0,126.5,-81.86920375010035
212.75,126.5,-79.86038281945687
213.5,126.5,-79.10556610355273
214.25,126.5,-76.50002906822093
215.0,126.5,-76.15816588380873
215.75,126.5,-76.4820934072457
216.5,126.5,-76.71989638756651
217.25,126.5,-76.65634364348492
218.0,126.5,-75.54355823614796
218.75,126.5,-72.09370404912057
219.5,126.5,-74.02823408624229
220.25,126.5,-80.50789685739427
221.0,126.5,-83.10676721075227
221.75,126.5,-82.73339284254601
222.5,126.5,-82.3820545160197
223.25,126.5,-82.25510810651119
224.0,126.5,-82.17818856121963
224.75,126.5,-81.64448555285854
225.5,126.5,-83.74992217596017
226.25,126.5,-84.32761680685505
227.0,126.5,
227.75,126.5,
228.5,126.5,
229.25,126.5,
230.0,126.5,
230.75,126.5,
77.0,127.25,-84.87702363168015
77.75,127.25,-84.99857730629836
78.5,127.25,-84.860741446324
79.25,127.25,-84.925739491327
80.0,127.25,-85.27737595225672
80.75,127.25,-85.84916855370606
81.5,127.25,-85.45624950179767
82.25,127.25,-84.44262652990759
83.0,127.25,-84.1694782275898
83.75,127.25,-83.4585850151316
84.5,127.25,-82.89865881036022
85.25,127.25,-82.81625056753002
86.0,127.25,-82.16784413290652
86.75,127.25,-81.9873047898191
87.5,127.25,-81.96674725991811
88.25,127.25,-81.99021805612675
89.0,127.25,-82.16223305765915
89.75,127.25,-82.57094452255843
90.5,127.25,-82.66767674489901
91.25,127.25,-82.57235405278036
92.0,127.25,-82.5243174126633
92.75,127.25,
93.5,127.25,
94.25,127.25,
95.0,127.25,
95.75,127.25,
96.5,127.25,
97.25,127.25,
98.0,127.25,
98.75,127.25,
99.5,127.25,
100.25,127.25,
101.0,127.25,
101.75,127.25,-82.0
102.5,127.25,-83.32177203044246
103.25,127.25,-82.38372223560974
104.0,127.25,-83.8509785783153
104.75,127.25,-83.63253138036228
105.5,127.25,-83.20091419982488
106.25,127.25,-82.59025426906364
107.0,127.25,-82.0923288101528
107.75,127.25,-82.39916240109173
108.5,127.25,-80.11299251602863
109.25,127.25,-78.91597347344585
110.0,127.25,-82.07991565556705
110.75,127.25,-83.94852962545923
111.5,127.25,-84.69923917829297
112.25,127.25,-84.79044723747785
113.0,127.25,-85.95453202832176
113.75,127.25,-86.44041450777202
114.5,127.25,-86.57563850687622
115.25,127.25,
116.0,127.25,
116.75,127.25,
117.5,127.25,
118.25,127.25,
119.0,127.25,
119.75,127.25,-76.02930402930404
120.5,127.25,-75.94171220400729
121.25,127.25,
122.0,127.25,-72.24999999999999
122.75,127.25,
123.5,127.25,-70.01457194899818
124.25,127.25,-69.992673992674
125.0,127.25,-64.7861386138614
125.75,127.25,-65.38023342029385
126.5,127.25,-65.9296841596477
127.25,127.25,-64.90166068399668
128.0,127.25,-64.9076381322652
128.75,127.25,-64.63272593632874
129.5,127.25,-69.46796984149819
130.25,127.25,-73.41140441980787
131.0,127.25,-75.012216235344
131.75,127.25,-76.96642758259233
132.5,127.25,-80.09393581668206
133.25,127.25,-82.09488977260717
134.0,127.25,-84.43972967940111
134.75,127.25,-86.30011003437122
135.5,127.25,-84.73176760613003
136.25,127.25,-78.5164732447286
137.0,127.25,-74.48391941520335
137.75,127.25,-76.33755621835758
138.5,127.25,-76.83528746450357
139.25,127.25,-76.43641641063326
140.0,127.25,-78.83354217136542
140.75,127.25,-80.1269726492549
141.5,127.25,-80.86512401487025
142.25,127.25,-82.61424256130594
143.0,127.25,-83.0428803862629
143.75,127.25,-82.55969281799823
144.5,127.25,-81.39035638375381
145.25,127.25,-80.95478126644349
146.0,127.25,-80.56079788017077
146.75,127.25,-80.29849255765328
147.5,127.25,-79.90769900037283
148.25,127.25,-80.16421370502897
149.0,127.25,-80.72444204487093
149.75,127.25,-81.07503599802946
150.5,127.25,-81.33056285664809
151.25,127.25,-82.80509070776199
152.0,127.25,-83.67256440986249
152.75,127.25,-84.1408587670648
153.5,127.25,-84.6563480975847
154.25,127.25,-87.36515760675285
155.0,127.25,-88.8242889153457
155.75,127.25,-88.31563136199264
156.5,127.25,-88.44838745882166
157.25,127.25,-88.61428980165329
158.0,127.25,-86.11629472874183
158.75,127.25,-83.05239746176392
159.5,127.25,-83.77295948790679
160.25,127.25,-86.36826986084507
161.0,127.25,-89.43489370772615
161.75,127.25,-85.32357146073784
162.5,127.25,-79.65798652547396
163.25,127.25,-78.76808708127028
164.0,127.25,-80.23326279338207
164.75,127.25,-82.51936049776077
165.5,127.25,-82.88428743868806
166.25,127.25,-84.24626461243496
167.0,127.25,-84.95398122853675
167.75,127.25,-84.78338237192612
168.5,127.25,-85.78968447381324
169.25,127.25,-86.42220797671438
170.0,127.25,-84.81189976818635
170.75,127.25,-86.37593125194914
171.5,127.25,-85.9508014257966
172.25,127.25,-83.41220320431235
173.0,127.25,-83.8405474407857
173.75,127.25,-82.51968258841309
174.5,127.25,-81.02523926974719
175.25,127.25,-79.51826271008302
176.0,127.25,-78.61510199734717
176.75,127.25,-79.4750103673513
177.5,127.25,-78.53057027244343
178.25,127.25,-76.61661941644358
179.0,127.25,-76.08092112933214
179.75,127.25,-76.96450689492082
180.5,127.25,-78.11620107929477
181.25,127.25,-78.97433919487491
182.0,127.25,-78.679804841218
182.75,127.25,-78.75008090596138
183.5,127.25,-79.56684208306974
184.25,127.25,-79.54774557680916
185.0,127.25,-81.62813375190086
185.75,127.25,-82.70530295487654
186.5,127.25,-82.86447762292586
187.25,127.25,-83.13145786104256
188.0,127.25,-84.72128560231819
188.75,127.25,-85.75470634430917
189.5,127.25,-86.32143994584487
190.25,127.25,-86.5913572577845
191.0,127.25,-86.40338442238067
191.75,127.25,-87.20456270196452
192.5,127.25,-86.56579370452538
193.25,127.25,-86.28290585726079
194.0,127.25,-87.16699143632246
194.75,127.25,-87.19370614402442
195.5,127.25,-85.56541681862113
196.25,127.25,-82.50045219963856
197.0,127.25,-80.30136292852687
197.75,127.25,-81.58972985345447
198.5,127.25,-80.72680603101247
199.25,127.25,-80.19782237964056
200.0,127.25,-79.49465972531152
200.75,127.25,-76.64826286206964
201.5,127.25,-77.1860723073428
202.25,127.25,-79.66203605590236
203.0,127.25,-81.47409061941958
203.75,127.25,-82.915909709595
204.5,127.25,-83.99839631469573
205.25,127.25,-85.27392462279387
206.0,127.25,-85.80926329504189
206.75,127.25,-85.59825146563071
207.5,127.25,-85.62272790304614
208.25,127.25,-85.43722704728954
209.0,127.25,-85.63416319840283
209.75,127.25,-86.49337543112074
210.5,127.25,-85.75807249382504
211.25,127.25,-83.97916053939063
212.0,127.25,-82.34324262031598
212.75,127.25,-81.76017624933952
213.5,127.25,-81.23285293549787
214.25,127.25,-78.54605522943577
215.0,127.25,-77.83333287499566
215.75,127.25,-77.06922746528238
216.5,127.25,-77.04861573680765
217.25,127.25,-76.92110546283219
218.0,127.25,-75.07984145730303
218.75,127.25,-70.03984025780517
219.5,127.25,-72.64059603265842
220.25,127.25,-80.87796787767572
221.0,127.25,-83.80241229179411
221.75,127.25,-83.31848309233469
222.5,127.25,-82.65955413514845
223.25,127.25,-82.29486880139831
224.0,127.25,-82.05956904007897
224.75,127.25,-81.84504132164484
225.5,127.25,-83.64773057299908
226.25,127.25,-84.55259115553761
227.0,127.25,
227.75,127.25,
228.5,127.25,
229.25,127.25,
230.0,127.25,
230.75,127.25,
77.0,128.0,-83.16666666666667
77.75,128.0,-84.79629031304532
78.5,128.0,-84.94057963168568
79.25,128.0,-85.01613194809624
80.0,128.0,-85.20573440643864
80.75,128.0,-85.11538549573999
81.5,128.0,-84.95606050536651
82.25,128.0,-84.56367149226006
83.0,128.0,-84.1280487804878
83.75,128.0,-83.37935125873834
84.5,128.0,-81.91093147805196
85.25,128.0,-81.5746288950961
86.0,128.0,-81.13636363636364
86.75,128.0,-80.75221238938053
87.5,128.0,-80.76621525302923
88.25,128.0,-81.13831669542803
89.0,128.0,-81.52291105121293
89.75,128.0,-81.80202705220404
90.5,128.0,-81.9855205699839
91.25,128.0,-82.2730352303523
92.0,128.0,-82.38333333333331
92.75,128.0,-80.0
93.5,128.0,
94.25,128.0,
95.0,128.0,
95.75,128.0,
96.5,128.0,
97.25,128.0,
98.0,128.0,
98.75,128.0,
99.5,128.0,
100.25,128.0,
101.0,128.0,
101.75,128.0,-82.0
102.5,128.0,-83.46551724137932
103.25,128.0,-84.26547378245829
104.0,128.0,-84.15094470686302
104.75,128.0,-83.89095270972014
105.5,128.0,-83.534766262385
106.25,128.0,-83.14634808072086
107.0,128.0,-83.09808454425361
107.75,128.0,-84.10715892448493
108.5,128.0,-85.6533246514478
109.25,128.0,-86.2335655260585
110.0,128.0,-86.13524590163934
110.75,128.0,-85.92457102349915
111.5,128.0,-85.75539688655307
112.25,128.0,-85.2471546676027
113.0,128.0,-86.49253731343283
113.75,128.0,-86.45638067772171
114.5,128.0,-87.0
115.25,128.0,
116.0,128.0,
116.75,128.0,
117.5,128.0,
118.25,128.0,-76.24086021505377
119.0,128.0,-76.14814814814814
119.75,128.0,-74.55356038440954
120.5,128.0,-74.32122440215787
121.25,128.0,-74.07660481678522
122.0,128.0,-72.89999999999999
122.75,128.0,-71.34061018952316
123.5,128.0,-71.19530851606324
124.25,128.0,-68.50149918143147
125.0,128.0,-66.9675925925926
125.75,128.0,-66.22033364640032
126.5,128.0,-65.68591567809979
127.25,128.0,-65.38906432188996
128.0,128.0,-67.38513979979288
128.75,128.0,-67.08014529000374
129.5,128.0,-67.38503082538098
130.25,128.0,-71.58682946055883
131.0,128.0,-72.75711430474921
131.75,128.0,-73.16494817743143
132.5,128.0,-77.95215825235299
133.25,128.0,-79.74944531491911
134.0,128.0,-82.85714285714285
134.75,128.0,-82.99229880631499
135.5,128.0,-82.49658002735977
136.25,128.0,-80.27036321136383
137.0,128.0,-79.51271186440677
137.75,128.0,-79.16568891567117
138.5,128.0,-77.60713278308538
139.25,128.0,-78.0529528713617
140.0,128.0,-79.5
140.75,128.0,-79.80381087531953
141.5,128.0,-80.81924666630557
142.25,128.0,-83.40770325352216
143.0,128.0,-84.62268993839837
143.75,128.0,-83.29356301800925
144.5,128.0,-80.70467432170321
145.25,128.0,-79.88299091452832
146.0,128.0,-79.92857142857142
146.75,128.0,-79.69062216103778
147.5,128.0,-79.5182776801406
148.25,128.0,-80.05124269456145
149.0,128.0,-80.60010266940452
149.75,128.0,-80.88900532360036
150.5,128.0,-81.08452404951014
151.25,128.0,-81.41480251830976
152.0,128.0,-83.47222222222221
152.75,128.0,-85.01753080468042
153.5,128.0,-85.43620388381524
154.25,128.0,-86.46523293930667
155.0,128.0,-86.78571428571428
155.75,128.0,-87.4188437468958
156.5,128.0,-87.95613287904602
157.25,128.0,-87.81435588917101
158.0,128.0,-86.06818181818181
158.75,128.0,-84.27108400485706
159.5,128.0,-84.47316865417378
160.25,128.0,-84.7455547829542
161.0,128.0,-85.35714285714283
161.75,128.0,-83.0767358696732
162.5,128.0,-78.98083475298127
163.25,128.0,-77.76087316480849
164.0,128.0,-78.79545454545453
164.75,128.0,-80.00176619935976
165.5,128.0,-80.84497444633732
166.25,128.0,-82.6941740339724
167.0,128.0,-83.32142857142854
167.75,128.0,-82.93257673586969
168.5,128.0,-82.51149914821126
169.25,128.0,-82.3815266585716
170.0,128.0,-83.15909090909092
170.75,128.0,-84.01490230709794
171.5,128.0,-84.29131175468484
172.25,128.0,-83.99869639485749
173.0,128.0,-84.16101694915253
173.75,128.0,-83.83954840310516
174.5,128.0,-81.91258933479932
175.25,128.0,-81.31429299517035
176.0,128.0,-80.98913043478261
176.75,128.0,-78.4758568876921
177.5,128.0,-79.26790816970588
178.25,128.0,-76.91012159885256
179.0,128.0,-76.69598583234948
179.75,128.0,-76.92401146151853
180.5,128.0,-78.08282822074469
181.25,128.0,-78.60014184755374
182.0,128.0,-78.95598895409044
182.75,128.0,-78.9276357851648
183.5,128.0,-78.97611217892283
184.25,128.0,-81.3119389858963
185.0,128.0,-81.34586466165412
185.75,128.0,-82.36745170463477
186.5,128.0,-82.25360703482262
187.25,128.0,-83.95527782757381
188.0,128.0,-85.396408839779
188.75,128.0,-85.99304524658503
189.5,128.0,-86.07601221705207
190.25,128.0,-86.7348776384167
191.0,128.0,-87.09479179386982
191.75,128.0,-87.16372933413612
192.5,128.0,-87.50606235401759
193.25,128.0,-87.84426039469268
194.0,128.0,-88.02777777777777
194.75,128.0,-87.83519452548529
195.5,128.0,-86.84224198380824
196.25,128.0,-84.05545140312844
197.0,128.0,-83.23770491803276
197.75,128.0,-83.2099306746316
198.5,128.0,-82.61449741367257
199.25,128.0,-82.39387180936123
200.0,128.0,-81.1111111111111
200.75,128.0,-78.95373592978048
201.5,128.0,-79.02645730264574
202.25,128.0,-81.12214147866815
203.0,128.0,-82.50308008213551
203.75,128.0,-83.64130129886266
204.5,128.0,-85.6601846949947
205.25,128.0,-86.37107679526409
206.0,128.0,-86.26219512195122
206.75,128.0,-85.8159566950623
207.5,128.0,-85.6841484174501
208.25,128.0,-86.08688393743347
209.0,128.0,-85.9141597768702
209.75,128.0,-86.28359833212205
210.5,128.0,-85.9646303991575
211.25,128.0,-84.854112916814
212.0,128.0,-83.64977973568281
212.75,128.0,-82.3670445549024
213.5,128.0,-81.75484740763912
214.25,128.0,-80.75215862421881
215.0,128.0,-79.38573214781884
215.75,128.0,-77.41873742987659
216.5,128.0,-77.15140676204939
217.25,128.0,-77.09542104319338
218.0,128.0,-76.81818181818181
218.75,128.0,-76.56231372116127
219.5,128.0,-77.83986371379898
220.25,128.0,-81.7424480805538
221.0,128.0,-83.9872881355932
221.75,128.0,-83.96232852433447
222.5,128.0,-83.28156600163979
223.25,128.0,-82.6802286833007
224.0,128.0,-82.25220264317181
224.75,128.0,-81.95279131138476
225.5,128.0,-83.72524752475248
226.25,128.0,-86.25
227.0,128.0,
227.75,128.0,
228.5,128.0,
229.25,128.0,
230.0,128.0,
230.75,128.0,
77.0,128.75,-83.28371501272264
77.75,128.75,-83.7890169280608
78.5,128.75,-84.29384353105945
79.25,128.75,-84.50495683079146
80.0,128.75,-84.32222921702358
80.75,128.75,-84.4036536660552
81.5,128.75,-84.07399375821312
82.25,128.75,-84.31870654216709
83.0,128.75,-84.43489939473038
83.75,128.75,-83.48742854383626
84.5,128.75,-80.93194565916521
85.25,128.75,-80.28256349838871
86.0,128.75,-80.27748647753617
86.75,128.75,-78.50814355218725
87.5,128.75,-78.90632122826929
88.25,128.75,-80.31849993628038
89.0,128.75,-81.08085584977421
89.75,128.75,-81.49924088157427
90.5,128.75,-81.75419703952267
91.25,128.75,-82.05271339586356
92.0,128.75,-80.83880427713412
92.75,128.75,
93.5,128.75,
94.25,128.75,
95.0,128.75,
95.75,128.75,
96.5,128.75,
97.25,128.75,
98.0,128.75,
98.75,128.75,
99.5,128.75,
100.25,128.75,
101.0,128.75,
101.75,128.75,-83.69423568165398
102.5,128.75,-83.65068764467772
103.25,128.75,-85.30981887987544
104.0,128.75,-84.43610130658234
104.75,128.75,-84.2320344823936
105.5,128.75,-83.87297709705997
106.25,128.75,-83.13438014890754
107.0,128.75,-82.25244963917173
107.75,128.75,-85.02390352214577
108.5,128.75,-92.09755410310719
109.25,128.75,-94.52211101688023
110.0,128.75,-90.0895201791604
110.75,128.75,-87.69133658369552
111.5,128.75,-86.29705820320142
112.25,128.75,-85.73101122913442
113.0,128.75,-86.35157578560103
113.75,128.75,-86.78372858648325
114.5,128.75,-86.67261822652712
115.25,128.75,
116.0,128.75,
116.75,128.75,
117.5,128.75,-76.39506172839505
118.25,128.75,-76.31638418079096
119.0,128.75,-74.91275527929419
119.75,128.75,-74.66265633860078
120.5,128.75,-74.36534754355282
121.25,128.75,-73.24929717542548
122.0,128.75,-72.869918699187
122.75,128.75,-72.51208485602287
123.5,128.75,-69.1865665892496
124.25,128.75,-68.67986985792452
125.0,128.75,-67.71590830394057
125.75,128.75,-66.67989218380565
126.5,128.75,-66.1338147044084
127.25,128.75,-67.06215265178602
128.0,128.75,-66.721757510139
128.75,128.75,-66.41106578332084
129.5,128.75,-66.90191704172796
130.25,128.75,-68.63998163066704
131.0,128.75,-71.43308466154059
131.75,128.75,-71.51903293077181
132.5,128.75,-73.22722643198384
133.25,128.75,-76.96411094682682
134.0,128.75,-79.33733948004239
134.75,128.75,-80.39321624882693
135.5,128.75,-80.69016496471708
136.25,128.75,-82.15707011106352
137.0,128.75,-84.56480745695286
137.75,128.75,-81.91068974210413
138.5,128.75,-78.93171698048633
139.25,128.75,-77.97268154933337
140.0,128.75,-79.33807617224915
140.75,128.75,-79.99758654587711
141.5,128.75,-80.37792271835386
142.25,128.75,-84.4482410745767
143.0,128.75,-87.54727837198061
143.75,128.75,-84.42483728454722
144.5,128.75,-79.32020479676864
145.25,128.75,-78.11843424243077
146.0,128.75,-79.54851752021564
146.75,128.75,-78.46308703668973
147.5,128.75,-79.1029932711028
148.25,128.75,-80.06568787922839
149.0,128.75,-79.6885402853
149.75,128.75,-80.60656566128483
150.5,128.75,-79.55498772289862
151.25,128.75,-78.84511087187413
152.0,128.75,-83.0074800892656
152.75,128.75,-86.56690466746001
153.5,128.75,-86.29613757080291
154.25,128.75,-85.52858960555861
155.0,128.75,-84.26640134756457
155.75,128.75,-86.23209978674582
156.5,128.75,-88.82474982162024
157.25,128.75,-89.40817632788594
158.0,128.75,-85.86754520969605
158.75,128.75,-82.61700185639407
159.5,128.75,-83.23179702581922
160.25,128.75,-84.41212866367233
161.0,128.75,-85.72622136035393
161.75,128.75,-82.450032533876
162.5,128.75,-75.08458705967323
163.25,128.75,-73.17777256888941
164.0,128.75,-76.91977683724511
164.75,128.75,-78.18597253826293
165.5,128.75,-78.9818389068948
166.25,128.75,-82.22708104223963
167.0,128.75,-83.36636521495006
167.75,128.75,-82.13167724869645
168.5,128.75,-78.39740433480615
169.25,128.75,-77.11603832426624
170.0,128.75,-81.15760569599296
170.75,128.75,-82.21316573685851
171.5,128.75,-82.74374799840254
172.25,128.75,-84.93679910122752
173.0,128.75,-85.88565971514448
173.75,128.75,-85.41590746639159
174.5,128.75,-84.20502568282959
175.25,128.75,-83.43379543410795
176.0,128.75,-83.70242294050274
176.75,128.75,-80.6248208669111
177.5,128.75,-80.28047978366247
178.25,128.75,-79.65938309493579
179.0,128.75,-77.85203368379217
179.75,128.75,-77.46415756819323
180.5,128.75,-77.71081053055087
181.25,128.75,-78.77795488104472
182.0,128.75,-78.57888373296126
182.75,128.75,-78.64451106465229
183.5,128.75,-79.16979947026545
184.25,128.75,-81.51190904175944
185.0,128.75,-82.02440585881612
185.75,128.75,-82.23984470619905
186.5,128.75,-82.49074954001867
187.25,128.75,-84.6291161457509
188.0,128.75,-84.86443217560948
188.75,128.75,-85.20601353878214
189.5,128.75,-85.74991955269554
190.25,128.75,-86.93576866527216
191.0,128.75,-87.85957251430919
191.75,128.75,-87.42747614343513
192.5,128.75,-89.10225887508018
193.25,128.75,-89.94703528794436
194.0,128.75,-88.25551060239904
194.75,128.75,-88.68059153272266
195.5,128.75,-88.02516102677033
196.25,128.75,-85.57085347596649
197.0,128.75,-84.97560955051885
197.75,128.75,-84.76853296936592
198.5,128.75,-85.05990329982612
199.25,128.75,-85.40077871226913
200.0,128.75,-82.95760966140926
200.75,128.75,-81.10294328000266
201.5,128.75,-81.05577926243414
202.25,128.75,-82.57749658880176
203.0,128.75,-82.993182511694
203.75,128.75,-83.7831300835713
204.5,128.75,-86.89717303577905
205.25,128.75,-87.69233615472925
206.0,128.75,-86.60653928961119
206.75,128.75,-85.8965239638067
207.5,128.75,-85.7171771388959
208.25,128.75,-85.89145377768615
209.0,128.75,-85.59526335532159
209.75,128.75,-85.63077309262702
210.5,128.75,-85.87351605814368
211.25,128.75,-84.92122053204781
212.0,128.75,-84.92066897154996
212.75,128.75,-84.02035877196282
213.5,128.75,-82.42367651714275
214.25,128.75,-81.27997380170918
215.0,128.75,-79.83887378212825
215.75,128.75,-78.90537981358574
216.5,128.75,-77.32058831579286
217.25,128.75,-77.16491348021502
218.0,128.75,-78.16726459874158
218.75,128.75,-80.47137807962852
219.5,128.75,-80.78166819564255
220.25,128.75,-84.1474804591438
221.0,128.75,-87.97283674333097
221.75,128.75,-85.76060024345173
222.5,128.75,-83.88682022084431
223.25,128.75,-82.91125342648725
224.0,128.75,-82.36773884217054
224.75,128.75,-83.53910837335219
225.5,128.75,-83.72837405138709
226.25,128.75,-84.25089462994464
227.0,128.75,
227.75,128.75,
228.5,128.75,
229.25,128.75,
230.0,128.75,
230.75,128.75,
77.0,129.5,
77.75,129.5,-83.84305975564914
78.5,129.5,-84.1095446492611
79.25,129.5,-83.86594705417718
80.0,129.5,-83.96429099418434
80.75,129.5,-84.00639870044684
81.5,129.5,-84.36227999430713
82.25,129.5,-84.29189744005217
83.0,129.5,-84.27734323549376
83.75,129.5,-83.28229494957334
84.5,129.5,-81.51437371663245
85.25,129.5,-80.81929929097198
86.0,129.5,-80.68441226575811
86.75,129.5,-79.21874349659818
87.5,129.5,-79.4474831796661
88.25,129.5,-80.46683316608963
89.0,129.5,-80.97951964115272
89.75,129.5,-81.66626070098197
90.5,129.5,-81.91827484021029
91.25,129.5,-80.83286207605468
92.0,129.5,-80.87611046995356
92.75,129.5,-80.4271402550091
93.5,129.5,
94.25,129.5,
95.0,129.5,
95.75,129.5,
96.5,129.5,
97.25,129.5,
98.0,129.5,
98.75,129.5,
99.5,129.5,
100.25,129.5,
101.0,129.5,
101.75,129.5,-83.8621276194789
102.5,129.5,-84.08218705007977
103.25,129.5,-85.4558853731878
104.0,129.5,-85.35451990639424
104.75,129.5,-85.1959418730052
105.5,129.5,-84.87744249087005
106.25,129.5,-84.1005782600517
107.0,129.5,-83.14341292795453
107.75,129.5,-85.7211528336998
108.5,129.5,-91.04960923189644
109.25,129.5,-92.99267458353644
110.0,129.5,-89.99405640375382
110.75,129.5,-88.00021036595525
111.5,129.5,-86.98280744983839
112.25,129.5,-86.42510184849624
113.0,129.5,-85.85561129497098
113.75,129.5,-85.54791803311463
114.5,129.5,-85.54313099041534
115.25,129.5,-81.38067999577493
116.0,129.5,-80.88135593220338
116.75,129.5,-78.95656955950294
117.5,129.5,-77.43641002957101
118.25,129.5,-76.39707460759668
119.0,129.5,-75.67266966915633
119.75,129.5,-74.87430200627777
120.5,129.5,-74.01921840109733
121.25,129.5,-72.24856193021643
122.0,129.5,-71.82670650425189
122.75,129.5,-71.01558041288449
123.5,129.5,-69.51551051249578
124.25,129.5,-68.71292012558399
125.0,129.5,-67.9138085606743
125.75,129.5,-66.812108783474
126.5,129.5,-66.09729685061474
127.25,129.5,-66.56251584085021
128.0,129.5,-65.76188645771734
128.75,129.5,-65.19536922009999
129.5,129.5,-66.02200718904596
130.25,129.5,-67.43099660951287
131.0,129.5,-68.31986119910154
131.75,129.5,-70.29314373251388
132.5,129.5,-71.15293152149017
133.25,129.5,-72.7318217065328
134.0,129.5,-77.28209123675684
134.75,129.5,-79.48399374797822
135.5,129.5,-80.02494199535963
136.25,129.5,-81.28927480152839
137.0,129.5,-82.96524118362382
137.75,129.5,-80.65939264961531
138.5,129.5,-77.88643488173268
139.25,129.5,-76.92768903289871
140.0,129.5,-78.4641245972073
140.75,129.5,-79.58217911636086
141.5,129.5,-79.98579084118221
142.25,129.5,-83.33668062071976
143.0,129.5,-86.03765481422292
143.75,129.5,-83.78761381354691
144.5,129.5,-80.56420197826353
145.25,129.5,-79.4600219552049
146.0,129.5,-80.62448700410395
146.75,129.5,-79.57543260165302
147.5,129.5,-80.27891073391135
148.25,129.5,-81.58347815873125
149.0,129.5,-80.79994007191371
149.75,129.5,-81.82738494959177
150.5,129.5,-80.84806803863923
151.25,129.5,-80.33086520002465
152.0,129.5,-83.40401389522795
152.75,129.5,-86.2233853187513
153.5,129.5,-86.12484624846249
154.25,129.5,-85.14243600642172
155.0,129.5,-84.70568927789934
155.75,129.5,-86.14390529644608
156.5,129.5,-88.45034886618491
157.25,129.5,-88.86342059198572
158.0,129.5,-85.8636849607983
158.75,129.5,-83.16363334861101
159.5,129.5,-83.04940194368304
160.25,129.5,-84.4678867506109
161.0,129.5,-85.03258491104557
161.75,129.5,-81.89560186300994
162.5,129.5,-75.62116870171941
163.25,129.5,-74.03957393301626
164.0,129.5,-76.76585887384175
164.75,129.5,-78.17024584384478
165.5,129.5,-79.00149514079243
166.25,129.5,-81.84410845617111
167.0,129.5,-83.0095566826336
167.75,129.5,-81.84832600647177
168.5,129.5,-79.07968574635241
169.25,129.5,-78.28527287860439
170.0,129.5,-81.30621805792165
170.75,129.5,-82.36330476976684
171.5,129.5,-82.9881930184805
172.25,129.5,-84.79829033210056
173.0,129.5,-85.58164036307956
173.75,129.5,-85.0789945908216
174.5,129.5,-84.84851304574384
175.25,129.5,-84.78521681998991
176.0,129.5,-83.89216294535615
176.75,129.5,-84.13572969365214
177.5,129.5,-81.31898093145416
178.25,129.5,-81.94065236378954
179.0,129.5,-82.31363478682779
179.75,129.5,-82.23597569037005
180.5,129.5,-81.57303882624764
181.25,129.5,-81.79882083867052
182.0,129.5,-81.10013291980505
182.75,129.5,-81.55975266871413
183.5,129.5,-83.11497884240049
184.25,129.5,-83.305447198812
185.0,129.5,-83.32836896091891
185.75,129.5,-83.1033696604205
186.5,129.5,-83.71057777697379
187.25,129.5,-83.7878812010592
188.0,129.5,-84.45719914816829
188.75,129.5,-84.65490652666364
189.5,129.5,-84.90439706862091
190.25,129.5,-85.85893212513196
191.0,129.5,-86.94523777570026
191.75,129.5,-86.40667805854382
192.5,129.5,-87.94712525667352
193.25,129.5,-88.94090252959386
194.0,129.5,-87.65041474439629
194.75,129.5,-88.09241292903683
195.5,129.5,-87.62187080229577
196.25,129.5,-85.96559721065184
197.0,129.5,-85.33849380743108
197.75,129.5,-85.36768328381034
198.5,129.5,-85.23724455723254
199.25,129.5,-85.1987168526515
200.0,129.5,-83.0038359503836
200.75,129.5,-81.40135258602166
201.5,129.5,-81.87002909796314
202.25,129.5,-82.52344392847392
203.0,129.5,-83.0270708445503
203.75,129.5,-84.12875497187026
204.5,129.5,-86.28215329652485
205.25,129.5,-86.99215658557517
206.0,129.5,-86.22936128611775
206.75,129.5,-86.06566728355013
207.5,129.5,-86.13612184850477
208.25,129.5,-85.53716470501716
209.0,129.5,-85.017868455912
209.75,129.5,-85.21171122317587
210.5,129.5,-85.84396295320207
211.25,129.5,-85.36277059378
212.0,129.5,-85.32618201694451
212.75,129.5,-85.09031622001801
213.5,129.5,-83.91931551717718
214.25,129.5,-82.06746640602546
215.0,129.5,-80.3395068732907
215.75,129.5,-79.60411988586567
216.5,129.5,-78.34373762702917
217.25,129.5,-78.10567131854023
218.0,129.5,-78.92546848381602
218.75,129.5,-80.5354567172228
219.5,129.5,-80.79825462012322
220.25,129.5,-83.62163141560276
221.0,129.5,-86.54682355413667
221.75,129.5,-84.94463688681635
222.5,129.5,-83.33961948696428
223.25,129.5,-82.53885990853988
224.0,129.5,-83.14658304977208
224.75,129.5,-82.95278250252089
225.5,129.5,-84.14899265969076
226.25,129.5,-84.10955929610007
227.0,129.5,
227.75,129.5,
228.5,129.5,
229.25,129.5,
230.0,129.5,
230.75,129.5,
77.0,130.25,
77.75,130.25,-84.96303529557171
78.5,130.25,-84.13687579320947
79.25,130.25,-84.33833980575935
80.0,130.25,-84.44641243354198
80.75,130.25,-84.3620117813848
81.5,130.25,-84.25502379945904
82.25,130.25,-84.14995804560651
83.0,130.25,-84.21983660504674
83.75,130.25,-84.23140531031076
84.5,130.25,-83.57221410798084
85.25,130.25,-83.4864520426323
86.0,130.25,-82.78829931249024
86.75,130.25,-82.17909503548742
87.5,130.25,-81.96994727680496
88.25,130.25,-81.85171521393312
89.0,130.25,-81.96729506320088
89.75,130.25,-82.1279818417752
90.5,130.25,-81.3770717753375
91.25,130.25,-80.92442252345747
92.0,130.25,-80.93724580525655
92.75,130.25,-80.53663003663004
93.5,130.25,
94.25,130.25,
95.0,130.25,
95.75,130.25,
96.5,130.25,
97.25,130.25,
98.0,130.25,
98.75,130.25,
99.5,130.25,
100.25,130.25,
101.0,130.25,
101.75,130.25,-84.85649254926209
102.5,130.25,-84.29281057461556
103.25,130.25,-85.629127790286
104.0,130.25,-85.61463170376197
104.75,130.25,-85.6245905914075
105.5,130.25,-85.70048229574765
106.25,130.25,-85.96740714894514
107.0,130.25,-86.3858251572981
107.75,130.25,-86.72544818349486
108.5,130.25,-87.24881980377334
109.25,130.25,-87.1086833296107
110.0,130.25,-87.3947450598503
110.75,130.25,-87.09014118098428
111.5,130.25,-86.65700606301843
112.25,130.25,-86.20075055803919
113.0,130.25,-85.65363433709975
113.75,130.25,-85.3865108373687
114.5,130.25,-84.28429599497952
115.25,130.25,-81.47952664689358
116.0,130.25,-79.78952536014016
116.75,130.25,-79.02878402973002
117.5,130.25,-77.97027504587895
118.25,130.25,-76.14946465997674
119.0,130.25,-75.86005004953863
119.75,130.25,-75.45034759618417
120.5,130.25,-74.15622496076624
121.25,130.25,-72.38845093951697
122.0,130.25,-71.84106164729931
122.75,130.25,-71.34866370089442
123.5,130.25,-69.58292252778524
124.25,130.25,-68.95825619671308
125.0,130.25,-67.53595176401889
125.75,130.25,-66.90570806651164
126.5,130.25,-66.23419148584442
127.25,130.25,-66.19940640595827
128.0,130.25,-64.5822694726865
128.75,130.25,-62.964258002103335
129.5,130.25,-64.26769862478503
130.25,130.25,-67.64840556220916
131.0,130.25,-69.01329126923238
131.75,130.25,-69.04835582465917
132.5,130.25,-68.7735202779751
133.25,130.25,-68.08860099705305
134.0,130.25,-71.75717341601583
134.75,130.25,-74.9106722058599
135.5,130.25,-75.85966734841678
136.25,130.25,-77.69316503289916
137.0,130.25,-77.62319809771357
137.75,130.25,-77.08850916020528
138.5,130.25,-75.62759276617707
139.25,130.25,-74.93361457079692
140.0,130.25,-75.71520110785217
140.75,130.25,-76.84854201606568
141.5,130.25,-78.19588685035822
142.25,130.25,-80.56934472992448
143.0,130.25,-81.1722220709467
143.75,130.25,-82.39041911238303
144.5,130.25,-84.45524121587775
145.25,130.25,-84.88711665746615
146.0,130.25,-83.6347882765441
146.75,130.25,-83.4884356306099
147.5,130.25,-83.67513031179725
148.25,130.25,-85.09664641647443
149.0,130.25,-86.7123959318988
149.75,130.25,-85.68002954283526
150.5,130.25,-85.77030536238054
151.25,130.25,-85.94851535634677
152.0,130.25,-85.36213396989008
152.75,130.25,-85.69385555042913
153.5,130.25,-85.59715185179884
154.25,130.25,-86.16479066510257
155.0,130.25,-85.97691521109961
155.75,130.25,-86.55029775525932
156.5,130.25,-87.48048862086343
157.25,130.25,-87.24562503722947
158.0,130.25,-85.79647327377181
158.75,130.25,-84.80573759949553
159.5,130.25,-83.70456853089057
160.25,130.25,-83.91044938362302
161.0,130.25,-83.06663955071548
161.75,130.25,-80.94624368219462
162.5,130.25,-78.05100353603838
163.25,130.25,-76.92696150378752
164.0,130.25,-77.48575766181
164.75,130.25,-77.58163709437976
165.5,130.25,-78.79871948626601
166.25,130.25,-80.32579690429002
167.0,130.25,-80.9140281887922
167.75,130.25,-80.43866127316362
168.5,130.25,-81.81467296293992
169.25,130.25,-82.0585486962185
170.0,130.25,-82.56464189927486
170.75,130.25,-83.91482329078396
171.5,130.25,-84.09094715458806
172.25,130.25,-84.4573205924846
173.0,130.25,-84.32354506091166
173.75,130.25,-84.60215401152189
174.5,130.25,-84.94619030513107
175.25,130.25,-85.13982125965106
176.0,130.25,-84.5078270039242
176.75,130.25,-84.28693705978422
177.5,130.25,-84.57172428608199
178.25,130.25,-82.16790640438347
179.0,130.25,-82.3363427441715
179.75,130.25,-82.34707796207668
180.5,130.25,-82.15703651368851
181.25,130.25,-83.13859440327354
182.0,130.25,-84.92680175519999
182.75,130.25,-84.16614320204279
183.5,130.25,-83.97946065546829
184.25,130.25,-83.88543730117897
185.0,130.25,-83.25620135413186
185.75,130.25,-82.97483332883468
186.5,130.25,-83.02928558198398
187.25,130.25,-83.58773822765653
188.0,130.25,-83.63898128730212
188.75,130.25,-83.29677534665296
189.5,130.25,-83.53423150439875
190.25,130.25,-82.52554378676071
191.0,130.25,-81.54960272144436
191.75,130.25,-82.86926786675572
192.5,130.25,-83.45937125263828
193.25,130.25,-83.94011825494947
194.0,130.25,-85.01750769842059
194.75,130.25,-85.51693229347758
195.5,130.25,-85.87375685794885
196.25,130.25,-86.69138327805227
197.0,130.25,-87.20597599631643
197.75,130.25,-86.35616246255937
198.5,130.25,-85.17812789425356
199.25,130.25,-84.19222651940203
200.0,130.25,-82.35972503521363
200.75,130.25,-80.42585312413532
201.5,130.25,-81.1620371861177
202.25,130.25,-82.53932284052067
203.0,130.25,-83.4989563144177
203.75,130.25,-83.63683362427824
204.5,130.25,-84.05719639454027
205.25,130.25,-84.14378686775278
206.0,130.25,-85.51581444190406
206.75,130.25,-87.08221090052764
207.5,130.25,-86.90228774183821
208.25,130.25,-84.59393901627138
209.0,130.25,-83.26551449921341
209.75,130.25,-84.49370166969132
210.5,130.25,-86.0940016214608
211.25,130.25,-86.49437547119074
212.0,130.25,-85.7913757045124
212.75,130.25,-85.7699423980102
213.5,130.25,-84.9405299334434
214.25,130.25,-81.83402879261828
215.0,130.25,-80.3266754380093
215.75,130.25,-80.5035442714481
216.5,130.25,-81.11363261155198
217.25,130.25,-81.40925121162775
218.0,130.25,-80.45087532986827
218.75,130.25,-80.21879906004304
219.5,130.25,-80.58907025973907
220.25,130.25,-81.77010752254341
221.0,130.25,-81.37604142656647
221.75,130.25,-81.88068706338218
222.5,130.25,-82.0829059125371
223.25,130.25,-81.96438616395164
224.0,130.25,-81.7792097102704
224.75,130.25,-82.8988456334782
225.5,130.25,-83.92154591849138
226.25,130.25,-83.92139737991265
227.0,130.25,
227.75,130.25,
228.5,130.25,
229.25,130.25,
230.0,130.25,
230.75,130.25,
77.0,131.0,
77.75,131.0,-84.89456462853063
78.5,131.0,-84.8582729390449
79.25,131.0,-84.22501677335566
80.0,131.0,-84.23040143440583
80.75,131.0,-84.23261244598065
81.5,131.0,-84.24699072740886
82.25,131.0,-84.31196673763168
83.0,131.0,-84.00000000000112
83.75,131.0,-84.56849263779876
84.5,131.0,-85.32680783060327
85.25,131.0,-85.3732617709335
86.0,131.0,-83.96311475409834
86.75,131.0,-83.02154152615209
87.5,131.0,-82.92471891772888
88.25,131.0,-82.66106949361308
89.0,131.0,-82.54255319148938
89.75,131.0,-82.53821875734035
90.5,131.0,-82.5761057210422
91.25,131.0,-81.03158171924755
92.0,131.0,-80.68518518518519
92.75,131.0,
93.5,131.0,
94.25,131.0,
95.0,131.0,
95.75,131.0,
96.5,131.0,
97.25,131.0,
98.0,131.0,
98.75,131.0,
99.5,131.0,
100.25,131.0,
101.0,131.0,
101.75,131.0,-84.95638067772171
102.5,131.0,-84.9980694980695
103.25,131.0,-84.64090005007665
104.0,131.0,-85.80729199030635
104.75,131.0,-85.9162333850912
105.5,131.0,-86.22267177331106
106.25,131.0,-86.81066084621246
107.0,131.0,-87.49999999999787
107.75,131.0,-86.68078918168266
108.5,131.0,-85.52506991610068
109.25,131.0,-85.14063293963093
110.0,131.0,-86.1093429158111
110.75,131.0,-86.62468228090563
111.5,131.0,-86.03623701084881
112.25,131.0,-85.57937483753307
113.0,131.0,-85.3061224489796
113.75,131.0,-85.09613126415772
114.5,131.0,-83.8856086548623
115.25,131.0,-81.16115365900663
116.0,131.0,-79.97475665414596
116.75,131.0,-79.41241504387102
117.5,131.0,-78.05758842920889
118.25,131.0,-76.47125923115829
119.0,131.0,-76.17021276595746
119.75,131.0,-75.62364310052112
120.5,131.0,-73.91622414663192
121.25,131.0,-72.5745639815271
122.0,131.0,-71.84905660377358
122.75,131.0,-71.21010976907365
123.5,131.0,-69.65887693402934
124.25,131.0,-69.343538689134
125.0,131.0,-68.37962962962962
125.75,131.0,-67.39158865686204
126.5,131.0,-66.74246734331619
127.25,131.0,-65.41431486931977
128.0,131.0,-64.18223819301849
128.75,131.0,-60.945342426012765
129.5,131.0,-62.579863547669326
130.25,131.0,-68.32554422417398
131.0,131.0,-69.50000000000013
131.75,131.0,-69.46134749889184
132.5,131.0,-67.10061997738258
133.25,131.0,-65.84915013448607
134.0,131.0,-70.28278688524588
134.75,131.0,-73.7808978907198
135.5,131.0,-73.84978026368357
136.25,131.0,-75.76545619779577
137.0,131.0,-76.0000000000005
137.75,131.0,-75.81691785091793
138.5,131.0,-73.89045399270368
139.25,131.0,-73.26703775699667
140.0,131.0,-74.98305084745762
140.75,131.0,-75.1812637948685
141.5,131.0,-75.96313161134071
142.25,131.0,-79.11389161102721
143.0,131.0,-79.00000000000368
143.75,131.0,-81.6751091746002
144.5,131.0,-87.22974940704341
145.25,131.0,-88.5429445828054
146.0,131.0,-85.41949152542371
146.75,131.0,-84.9470917257318
147.5,131.0,-85.00939723587163
148.25,131.0,-87.99325569625232
149.0,131.0,-90.99999999999187
149.75,131.0,-88.34624457033706
150.5,131.0,-88.25462253194443
151.25,131.0,-88.76923474116576
152.0,131.0,-86.90195071868581
152.75,131.0,-86.10788691748759
153.5,131.0,-85.66219107004687
154.25,131.0,-86.0044624310872
155.0,131.0,-86.5925925925926
155.75,131.0,-86.66202940834381
156.5,131.0,-86.95638079108842
157.25,131.0,-86.30039914375378
158.0,131.0,-85.72708894878704
158.75,131.0,-85.11775225465776
159.5,131.0,-83.8997736254336
160.25,131.0,-83.59763239145461
161.0,131.0,-82.1509433962264
161.75,131.0,-80.64171530862859
162.5,131.0,-79.19675094614257
163.25,131.0,-77.0372447357097
164.0,131.0,-77.0275590551181
164.75,131.0,-77.64068344069955
165.5,131.0,-77.96497900782192
166.25,131.0,-78.31586376934472
167.0,131.0,-78.77777777777777
167.75,131.0,-80.51976291950992
168.5,131.0,-82.9467680608365
169.25,131.0,-83.835413341513
170.0,131.0,-83.60714285714283
170.75,131.0,-85.3470953230512
171.5,131.0,-85.25219736316419
172.25,131.0,-84.35444250811783
173.0,131.0,-84.00000000000063
173.75,131.0,-84.28473477305057
174.5,131.0,-84.82294213294799
175.25,131.0,-84.90708397120714
176.0,131.0,-84.54672897196262
176.75,131.0,-84.73986777715224
177.5,131.0,-84.51670943901391
178.25,131.0,-84.7557784444051
179.0,131.0,-85.35897435897435
179.75,131.0,-85.53336957880147
180.5,131.0,-85.6791646148749
181.25,131.0,-84.90177345895809
182.0,131.0,-85.22841663753931
182.75,131.0,-84.77915550001083
183.5,131.0,-84.09793207296624
184.25,131.0,-83.82110527208614
185.0,131.0,-83.57627118644068
185.75,131.0,-83.25251090036365
186.5,131.0,-82.65579178417569
187.25,131.0,-83.38846760480904
188.0,131.0,-83.57467352042235
188.75,131.0,-83.49008672584681
189.5,131.0,-82.44656675441328
190.25,131.0,-80.59730985926146
191.0,131.0,-78.00000000000743
191.75,131.0,-80.78046140545544
192.5,131.0,-81.59928086296443
193.25,131.0,-81.19794853096082
194.0,131.0,-83.60714285714283
194.75,131.0,-84.12008537229096
195.5,131.0,-84.5456452257291
196.25,131.0,-86.9036531902872
197.0,131.0,-88.4999999999955
197.75,131.0,-86.9834034269604
198.5,131.0,-84.75224887556222
199.25,131.0,-83.11241748961308
200.0,131.0,-81.31097560975611
200.75,131.0,-79.22524782986049
201.5,131.0,-79.93701650270707
202.25,131.0,-82.76810425023922
203.0,131.0,-83.99999999999775
203.75,131.0,-83.66130300410487
204.5,131.0,-82.75139832201356
205.25,131.0,-82.27209075042668
206.0,131.0,-85.18852459016391
206.75,131.0,-88.6385194503203
207.5,131.0,-87.89301011779068
208.25,131.0,-84.10427391367926
209.0,131.0,-81.50000000000612
209.75,131.0,-83.96965654883293
210.5,131.0,-86.49182370425225
211.25,131.0,-86.90913210092071
212.0,131.0,-86.00847457627115
212.75,131.0,-86.37982288322586
213.5,131.0,-85.69573321457521
214.25,131.0,-81.73169556340696
215.0,131.0,-79.00000000000462
215.75,131.0,-80.46372342971586
216.5,131.0,-82.84468637634836
217.25,131.0,-83.65754351574336
218.0,131.0,-80.90163934426228
218.75,131.0,-79.11794344048083
219.5,131.0,-79.6006299850885
220.25,131.0,-80.28800063312157
221.0,131.0,-79.50000000000287
221.75,131.0,-80.5805855218893
222.5,131.0,-81.1097789454769
223.25,131.0,-81.40383990282919
224.0,131.0,-82.48836756166943
224.75,131.0,-82.83098820680043
225.5,131.0,-83.59550561797752
226.25,131.0,-83.6955602536998
227.0,131.0,
227.75,131.0,
228.5,131.0,
229.25,131.0,
230.0,131.0,
230.75,131.0,
77.0,131.75,
77.75,131.75,-84.84751503371167
78.5,131.75,-83.85262319869273
79.25,131.75,-84.02338309563291
80.0,131.75,-84.03271054634926
80.75,131.75,-84.53379308673097
81.5,131.75,-84.57670754836754
82.25,131.75,-84.57305566556843
83.0,131.75,-84.59794809630036
83.75,131.75,-85.27570106424506
84.5,131.75,-85.98559432696344
85.25,131.75,-86.05284533176096
86.0,131.75,-84.93797457230555
86.75,131.75,-83.61959707650165
87.5,131.75,-83.30234906127801
88.25,131.75,-83.20004760147897
89.0,131.75,-83.09284221672615
89.75,131.75,-82.93051457672993
90.5,131.75,-83.2329705505956
91.25,131.75,-80.8954802259887
92.0,131.75,-80.8010752688172
92.75,131.75,
93.5,131.75,
94.25,131.75,
95.0,131.75,
95.75,131.75,
96.5,131.75,
97.25,131.75,
98.0,131.75,
98.75,131.75,
99.5,131.75,
100.25,131.75,
101.0,131.75,
101.75,131.75,-85.6730973856958
102.5,131.75,-85.97691085454755
103.25,131.75,-85.7960324325858
104.0,131.75,-85.24915953478047
104.75,131.75,-85.96841547862152
105.5,131.75,-86.0791624901398
106.25,131.75,-86.32545823879941
107.0,131.75,-86.528456241476
107.75,131.75,-86.01499941728284
108.5,131.75,-85.33749890595831
109.25,131.75,-85.23698456069746
110.0,131.75,-85.53436523348226
110.75,131.75,-85.9770638783765
111.5,131.75,-85.80026844648579
112.25,131.75,-85.54165388673974
113.0,131.75,-85.38145806597537
113.75,131.75,-83.50925563875617
114.5,131.75,-82.07068248985847
115.25,131.75,-81.10412818179164
116.0,131.75,-80.25442837741156
116.75,131.75,-79.54847055101422
117.5,131.75,-78.17780355903396
118.25,131.75,-77.73598704623875
119.0,131.75,-76.71850896455841
119.75,131.75,-75.92561876228551
120.5,131.75,-74.11399747339097
121.25,131.75,-72.87718276231149
122.0,131.75,-71.85526114594026
122.75,131.75,-70.40127344564466
123.5,131.75,-69.76611580107759
124.25,131.75,-69.36876611695604
125.0,131.75,-68.95603998174346
125.75,131.75,-67.97280459381676
126.5,131.75,-67.21820119711491
127.25,131.75,-66.48786948311059
128.0,131.75,-65.74089286732946
128.75,131.75,-64.31334740349233
129.5,131.75,-66.02198863142708
130.25,131.75,-70.20680678393774
131.0,131.75,-71.64961470125732
131.75,131.75,-71.0243423158105
132.5,131.75,-68.75708478236922
133.25,131.75,-67.74793032058172
134.0,131.75,-69.38948654450799
134.75,131.75,-71.2301224605203
135.5,131.75,-71.82079100635181
136.25,131.75,-74.15576742312341
137.0,131.75,-74.68644442780413
137.75,131.75,-75.41295152410366
138.5,131.75,-74.85773396074097
139.25,131.75,-74.4690341626475
140.0,131.75,-75.30423331152149
140.75,131.75,-75.9181717196765
141.5,131.75,-76.60183911591045
142.25,131.75,-79.01460954179484
143.0,131.75,-79.97642901585883
143.75,131.75,-82.1556063946874
144.5,131.75,-85.66386063257657
145.25,131.75,-86.66596218371488
146.0,131.75,-85.50302187090139
146.75,131.75,-85.04688335140364
147.5,131.75,-85.77222841447939
148.25,131.75,-87.62651660575528
149.0,131.75,-88.80960198034671
149.75,131.75,-87.98025237528142
150.5,131.75,-87.9210087720899
151.25,131.75,-87.95009187153796
152.0,131.75,-87.01205152454656
152.75,131.75,-86.1276041786605
153.5,131.75,-86.4154214514283
154.25,131.75,-86.17637856209473
155.0,131.75,-86.31512153247826
155.75,131.75,-86.67452420894314
156.5,131.75,-86.73576937593609
157.25,131.75,-86.37176825944354
158.0,131.75,-85.67675091424951
158.75,131.75,-83.8300121564872
159.5,131.75,-83.89149672651709
160.25,131.75,-83.4572075226323
161.0,131.75,-82.43367843914831
161.75,131.75,-80.57880577433423
162.5,131.75,-77.88740365163027
163.25,131.75,-77.29227127300692
164.0,131.75,-76.92737539646205
164.75,131.75,-76.45817677459728
165.5,131.75,-76.26354713939031
166.25,131.75,-75.99312129971813
167.0,131.75,-76.0577936109165
167.75,131.75,-78.4175674082088
168.5,131.75,-81.0828308490351
169.25,131.75,-82.11299253161499
170.0,131.75,-83.39905135591538
170.75,131.75,-84.87180806281587
171.5,131.75,-84.82565468649568
172.25,131.75,-84.3154705857325
173.0,131.75,-84.18271166558412
173.75,131.75,-84.53967624006187
174.5,131.75,-85.29386763558679
175.25,131.75,-85.44420969430678
176.0,131.75,-84.99652523781155
176.75,131.75,-84.7713623241012
177.5,131.75,-84.596997775133
178.25,131.75,-85.05984742734874
179.0,131.75,-85.407228734457
179.75,131.75,-85.66959074154438
180.5,131.75,-85.46164880432457
181.25,131.75,-85.04820291059987
182.0,131.75,-86.05222785992706
182.75,131.75,-85.60827455532245
183.5,131.75,-84.78503803043456
184.25,131.75,-83.75807910884369
185.0,131.75,-83.43578441365666
185.75,131.75,-83.05735285838473
186.5,131.75,-82.5872250286518
187.25,131.75,-82.9886282032473
188.0,131.75,-83.43500231497633
188.75,131.75,-83.92846186292374
189.5,131.75,-83.54305910804256
190.25,131.75,-82.06754852933851
191.0,131.75,-81.00356786234258
191.75,131.75,-81.89989289103558
192.5,131.75,-81.65493842604984
193.25,131.75,-81.78666996406652
194.0,131.75,-83.4082894606139
194.75,131.75,-83.89820273227463
195.5,131.75,-84.43583930622381
196.25,131.75,-85.74392679222527
197.0,131.75,-86.57392300900783
197.75,131.75,-85.6281606606444
198.5,131.75,-83.47687269223223
199.25,131.75,-82.3235134785159
200.0,131.75,-81.67707897144972
200.75,131.75,-80.90742350824075
201.5,131.75,-81.32723537951509
202.25,131.75,-82.66758426211898
203.0,131.75,-83.29590909400336
203.75,131.75,-83.03588693433598
204.5,131.75,-83.34442487148209
205.25,131.75,-83.17806644326716
206.0,131.75,-84.67504378117961
206.75,131.75,-86.41650120266655
207.5,131.75,-86.31454687523058
208.25,131.75,-85.4580189281334
209.0,131.75,-84.50042376054296
209.75,131.75,-85.25463398887472
210.5,131.75,-86.01502387365429
211.25,131.75,-86.22333790850864
212.0,131.75,-85.72116335520992
212.75,131.75,-85.80587350339893
213.5,131.75,-85.07287918942625
214.25,131.75,-82.42940705291258
215.0,131.75,-80.9242608867317
215.75,131.75,-81.40249291952398
216.5,131.75,-81.60196165065152
217.25,131.75,-81.87966624968676
218.0,131.75,-80.71649915347311
218.75,131.75,-79.66143764717302
219.5,131.75,-80.05205629465233
220.25,131.75,-80.31681614388769
221.0,131.75,-80.13520249033468
221.75,131.75,-80.6917234017317
222.5,131.75,-81.44504354452097
223.25,131.75,-81.85153429165184
224.0,131.75,-82.17379977254936
224.75,131.75,-82.27998697214277
225.5,131.75,-83.3521850899743
226.25,131.75,-83.50197628458498
227.0,131.75,
227.75,131.75,
228.5,131.75,
229.25,131.75,
230.0,131.75,
230.75,131.75,
77.0,132.5,
77.75,132.5,-82.87033430042456
78.5,132.5,-83.23011109381687
79.25,132.5,-84.405417563476
80.0,132.5,-84.3525042884778
80.75,132.5,-84.40214237019816
81.5,132.5,-84.53215240390045
82.25,132.5,-84.7764125092482
83.0,132.5,-84.97885121543588
83.75,132.5,-85.72863774257598
84.5,132.5,-88.3288252533887
85.25,132.5,-89.31827491051178
86.0,132.5,-87.27028616157571
86.75,132.5,-85.21784522887799
87.5,132.5,-84.0871522637382
88.25,132.5,-83.72551768762109
89.0,132.5,-83.51506467113576
89.75,132.5,-83.37638633442464
90.5,132.5,-83.77961299650225
91.25,132.5,-80.99382716049382
92.0,132.5,
92.75,132.5,
93.5,132.5,
94.25,132.5,
95.0,132.5,
95.75,132.5,
96.5,132.5,
97.25,132.5,
98.0,132.5,
98.75,132.5,
99.5,132.5,
100.25,132.5,
101.0,132.5,
101.75,132.5,-87.00161283512661
102.5,132.5,-86.2064110133706
103.25,132.5,-85.79282942717057
104.0,132.5,-85.68998659249328
104.75,132.5,-85.38646023933238
105.5,132.5,-85.21097904430155
106.25,132.5,-85.20274880679291
107.0,132.5,-85.07882651161566
107.75,132.5,-84.8278441642701
108.5,132.5,-84.21241075178497
109.25,132.5,-83.76944193028362
110.0,132.5,-84.6392912385525
110.75,132.5,-84.81658296583345
111.5,132.5,-84.97923799193246
112.25,132.5,-83.88800227720665
113.0,132.5,-83.9203463881287
113.75,132.5,-82.84246119863359
114.5,132.5,-82.40217749983103
115.25,132.5,-81.51308925861797
116.0,132.5,-81.33863013768706
116.75,132.5,-79.8624048095953
117.5,132.5,-78.34257683894204
118.25,132.5,-77.87847041001079
119.0,132.5,-77.61457945840894
119.75,132.5,-76.41427614606053
120.5,132.5,-74.1460877149265
121.25,132.5,-73.66849082233593
122.0,132.5,-71.84461867426941
122.75,132.5,-70.42343507361227
123.5,132.5,-70.10304011961125
124.25,132.5,-69.37045942349383
125.0,132.5,-69.29164684616116
125.75,132.5,-68.87713423318253
126.5,132.5,-67.81180811808119
127.25,132.5,-67.63720587721083
128.0,132.5,-67.08279943941139
128.75,132.5,-66.02051560006802
129.5,132.5,-67.77207392197126
130.25,132.5,-76.45064865406742
131.0,132.5,-82.6188573711546
131.75,132.5,-76.66865633757718
132.5,132.5,-68.44199178644764
133.25,132.5,-66.99414884952537
134.0,132.5,-67.09323593830095
134.75,132.5,-67.74132767562224
135.5,132.5,-68.84280742459397
136.25,132.5,-72.57043685736402
137.0,132.5,-73.55493407910505
137.75,132.5,-74.20097057542463
138.5,132.5,-75.66531341344592
139.25,132.5,-76.35742519654175
140.0,132.5,-75.74467738431458
140.75,132.5,-75.88863583840546
141.5,132.5,-77.1654167542359
142.25,132.5,-79.01972768378498
143.0,132.5,-80.52639232851466
143.75,132.5,-82.45627944881618
144.5,132.5,-84.1479518843417
145.25,132.5,-85.21834110946308
146.0,132.5,-85.14450669581855
146.75,132.5,-85.15261801047221
147.5,132.5,-86.19072135838258
148.25,132.5,-87.02172586813855
149.0,132.5,-87.05968150665207
149.75,132.5,-87.05624364569942
150.5,132.5,-87.35083192825778
151.25,132.5,-87.1813955801135
152.0,132.5,-86.68452395032526
152.75,132.5,-86.13710916192089
153.5,132.5,-86.61110739810002
154.25,132.5,-86.47529350899494
155.0,132.5,-85.64890099202489
155.75,132.5,-86.71460454118616
156.5,132.5,-86.64197316453054
157.25,132.5,-86.25978472090297
158.0,132.5,-85.64370259710412
158.75,132.5,-83.67419117207277
159.5,132.5,-83.83049168336348
160.25,132.5,-83.40452989606314
161.0,132.5,-82.37982969446094
161.75,132.5,-79.69131437296124
162.5,132.5,-77.72317264139667
163.25,132.5,-77.49785867628057
164.0,132.5,-76.53785096140469
164.75,132.5,-75.7910985831652
165.5,132.5,-75.76249256395003
166.25,132.5,-73.75874353878908
167.0,132.5,-72.39052900295647
167.75,132.5,-75.92778085521408
168.5,132.5,-78.86503928170596
169.25,132.5,-79.42221882686081
170.0,132.5,-83.44335604770018
170.75,132.5,-85.94542863850543
171.5,132.5,-85.6493839835729
172.25,132.5,-83.92729280874615
173.0,132.5,-82.77117459049138
173.75,132.5,-83.99548517542415
174.5,132.5,-86.29138117562208
175.25,132.5,-87.07277723579294
176.0,132.5,-85.69769809175453
176.75,132.5,-84.02346010826973
177.5,132.5,-83.7140538081353
178.25,132.5,-84.32182591600554
179.0,132.5,-85.44265949070606
179.75,132.5,-85.49421488085514
180.5,132.5,-85.75728190743963
181.25,132.5,-86.65304268319667
182.0,132.5,-86.32373394203205
182.75,132.5,-85.67270637338453
183.5,132.5,-84.8178490309546
184.25,132.5,-83.86835579850485
185.0,132.5,-83.2663156494337
185.75,132.5,-82.87516987223198
186.5,132.5,-82.4647556211344
187.25,132.5,-82.48244584551499
188.0,132.5,-83.58696347214452
188.75,132.5,-84.60068546344793
189.5,132.5,-84.41919625181471
190.25,132.5,-84.42259126152678
191.0,132.5,-85.20305633240112
191.75,132.5,-83.58419945436263
192.5,132.5,-82.3151950718686
193.25,132.5,-82.36527617047463
194.0,132.5,-83.23637137989779
194.75,132.5,-83.9578974476097
195.5,132.5,-84.55903490759755
196.25,132.5,-85.16858065889035
197.0,132.5,-85.13443867359167
197.75,132.5,-84.56912728657659
198.5,132.5,-81.82783491385068
199.25,132.5,-80.9656764853231
200.0,132.5,-81.85861032236512
200.75,132.5,-83.19428641585854
201.5,132.5,-83.06163376732466
202.25,132.5,-82.93163724667798
203.0,132.5,-82.99950059928084
203.75,132.5,-83.03401922478646
204.5,132.5,-83.46394553669558
205.25,132.5,-83.5472082099406
206.0,132.5,-84.15287277701778
206.75,132.5,-83.86745822479016
207.5,132.5,-84.58664061545977
208.25,132.5,-87.34263409309126
209.0,132.5,-89.33589692369156
209.75,132.5,-87.38177692773486
210.5,132.5,-85.27518622542435
211.25,132.5,-84.82052348646144
212.0,132.5,-85.90526675786592
212.75,132.5,-86.29015393361935
213.5,132.5,-85.65218585907925
214.25,132.5,-83.04784658581545
215.0,132.5,-82.05633240111864
215.75,132.5,-81.68718311597353
216.5,132.5,-80.25470932120818
217.25,132.5,-79.98522739413629
218.0,132.5,-80.3561807516837
218.75,132.5,-80.26614934033205
219.5,132.5,-80.52629804226203
220.25,132.5,-80.59828845748626
221.0,132.5,-80.65004177334949
221.75,132.5,-80.85579469281134
222.5,132.5,-81.19181796847154
223.25,132.5,-81.70341568766223
224.0,132.5,-81.84690191719922
224.75,132.5,-82.06909579956827
225.5,132.5,-83.18181818181819
226.25,132.5,
227.0,132.5,
227.75,132.5,
228.5,132.5,
229.25,132.5,
230.0,132.5,
230.75,132.5,
77.0,133.25,
77.75,133.25,-82.72299753656748
78.5,133.25,-82.42838674497258
79.25,133.25,-83.63730645951121
80.0,133.25,-83.64514428174711
80.75,133.25,-83.58329520703302
81.5,133.25,-83.80374940381995
82.25,133.25,-84.49336766223816
83.0,133.25,-84.94666920900683
83.75,133.25,-85.49483059311221
84.5,133.25,-88.91771013226618
85.25,133.25,-90.18879876659071
86.0,133.25,-87.5781860117847
86.75,133.25,-85.98253292433638
87.5,133.25,-85.0709008587222
88.25,133.25,-84.60264715662252
89.0,133.25,-84.3478837947185
89.75,133.25,-84.25915487097257
90.5,133.25,-84.22501282804559
91.25,133.25,-84.23333333333332
92.0,133.25,-85.87259455872595
92.75,133.25,
93.5,133.25,-84.6311475409836
94.25,133.25,-84.43406593406593
95.0,133.25,
95.75,133.25,-82.95604395604396
96.5,133.25,-83.08743169398907
97.25,133.25,
98.0,133.25,-86.5
98.75,133.25,-87.25383141762453
99.5,133.25,-84.25786052713966
100.25,133.25,-84.38444170893231
101.0,133.25,-84.96832278127683
101.75,133.25,-84.64521714123855
102.5,133.25,-85.68110648003513
103.25,133.25,-86.10971076343147
104.0,133.25,-86.05601397120775
104.75,133.25,-85.8343529649329
105.5,133.25,-85.3870062459566
106.25,133.25,-85.0529023845057
107.0,133.25,-84.99584942155629
107.75,133.25,-84.6978465596726
108.5,133.25,-83.5522124418746
109.25,133.25,-83.20204673735245
110.0,133.25,-83.79176295201955
110.75,133.25,-83.71939150495595
111.5,133.25,-83.64075269567924
112.25,133.25,-83.62405137344128
113.0,133.25,-82.98783437671915
113.75,133.25,-82.98988917186803
114.5,133.25,-83.21665546126377
115.25,133.25,-82.55249370365472
116.0,133.25,-81.743320470106
116.75,133.25,-80.47149076859502
117.5,133.25,-79.25933549385091
118.25,133.25,-77.9708426220411
119.0,133.25,-77.88072479163117
119.75,133.25,-76.52316003597674
120.5,133.25,-74.05710943889008
121.25,133.25,-73.76759678905614
122.0,133.25,-71.57137360523278
122.75,133.25,-70.35298487213447
123.5,133.25,-69.96722816300384
124.25,133.25,-69.14652309569522
125.0,133.25,-69.4036740890162
125.75,133.25,-68.8551657541768
126.5,133.25,-68.18314491374541
127.25,133.25,-68.01931012527301
128.0,133.25,-67.63038009844331
128.75,133.25,-65.73866904605148
129.5,133.25,-68.0992389357647
130.25,133.25,-78.533926126099
131.0,133.25,-85.86367231040595
131.75,133.25,-78.27305242865775
132.5,133.25,-68.29719017185349
133.25,133.25,-66.3522891250164
134.0,133.25,-66.4120157182419
134.75,133.25,-66.66505892991876
135.5,133.25,-67.67463560590255
136.25,133.25,-72.04311966236622
137.0,133.25,-73.47825548105644
137.75,133.25,-74.09699154344358
138.5,133.25,-76.16821797887171
139.25,133.25,-76.72452140316257
140.0,133.25,-76.14363882485442
140.75,133.25,-76.11083370387433
141.5,133.25,-77.58524294695395
142.25,133.25,-79.16021577292372
143.0,133.25,-81.26410091381354
143.75,133.25,-82.43994786063821
144.5,133.25,-83.42247604093548
145.25,133.25,-84.57406486159006
146.0,133.25,-84.82520723122421
146.75,133.25,-85.05236153215115
147.5,133.25,-86.30808424353934
148.25,133.25,-86.7127123021225
149.0,133.25,-87.1093280419076
149.75,133.25,-86.35112286613388
150.5,133.25,-86.90005529122638
151.25,133.25,-86.7472332591239
152.0,133.25,-86.40758724771916
152.75,133.25,-86.05201409786186
153.5,133.25,-86.72509619491562
154.25,133.25,-86.60547834678152
155.0,133.25,-85.62745825017771
155.75,133.25,-86.48566350378424
156.5,133.25,-86.35578025141577
157.25,133.25,-85.6882319876213
158.0,133.25,-85.58672086720868
158.75,133.25,-85.47084665807982
159.5,133.25,-82.67597163035312
160.25,133.25,-82.21367228001805
161.0,133.25,-81.25581915591395
161.75,133.25,-78.35159729555231
162.5,133.25,-78.13085507500894
163.25,133.25,-76.88630851327108
164.0,133.25,-76.21214459856172
164.75,133.25,-75.45589748493181
165.5,133.25,-75.27522513259159
166.25,133.25,-73.09001673806715
167.0,133.25,-71.402415390251
167.75,133.25,-75.30331398738554
168.5,133.25,-78.54992695870068
169.25,133.25,-78.67847118749783
170.0,133.25,-83.4115520476874
170.75,133.25,-86.53031116809312
171.5,133.25,-85.99097340687729
172.25,133.25,-83.73180468885508
173.0,133.25,-82.23034854242518
173.75,133.25,-83.82024174215739
174.5,133.25,-86.66536092054194
175.25,133.25,-87.4401200351636
176.0,133.25,-85.29464106763561
176.75,133.25,-82.80500952638828
177.5,133.25,-83.09825687389514
178.25,133.25,-84.11766862767948
179.0,133.25,-85.59383407972932
179.75,133.25,-85.9188138022238
180.5,133.25,-86.18308784014293
181.25,133.25,-86.84250422478358
182.0,133.25,-86.38495844652918
182.75,133.25,-85.84565737289209
183.5,133.25,-84.84776865393165
184.25,133.25,-83.77887798397956
185.0,133.25,-83.17041751572722
185.75,133.25,-82.86736192752974
186.5,133.25,-82.60513856086017
187.25,133.25,-82.35337989210514
188.0,133.25,-83.8039891961161
188.75,133.25,-84.87741217053036
189.5,133.25,-84.69473643567834
190.25,133.25,-84.97829414865359
191.0,133.25,-86.2180485343707
191.75,133.25,-84.19429048218335
192.5,133.25,-82.56550821755434
193.25,133.25,-82.32041997297203
194.0,133.25,-83.53060492328075
194.75,133.25,-84.1167660002079
195.5,133.25,-84.59525764413522
196.25,133.25,-85.64625145828764
197.0,133.25,-85.07286380385932
197.75,133.25,-84.66554885166818
198.5,133.25,-81.3457997044555
199.25,133.25,-80.4674097634349
200.0,133.25,-82.24173609908718
200.75,133.25,-83.73198341245744
201.5,133.25,-83.51206693631754
202.25,133.25,-82.99010953655139
203.0,133.25,-83.00088923866298
203.75,133.25,-83.16815162505213
204.5,133.25,-83.4944786214817
205.25,133.25,-83.51971117222287
206.0,133.25,-83.89525001375215
206.75,133.25,-83.29337851989665
207.5,133.25,-84.04051146422701
208.25,133.25,-87.91707329432462
209.0,133.25,-90.63153605909254
209.75,133.25,-88.10186689937956
210.5,133.25,-84.93860024000521
211.25,133.25,-84.33273281895447
212.0,133.25,-85.76020408163268
212.75,133.25,-86.68391548098961
213.5,133.25,-86.09007327195474
214.25,133.25,-83.11332193967277
215.0,133.25,-82.04376169643189
215.75,133.25,-81.7249063748712
216.5,133.25,-80.08751657113179
217.25,133.25,-79.62887597899332
218.0,133.25,-80.09075639601726
218.75,133.25,-80.32976870708043
219.5,133.25,-80.72648363508743
220.25,133.25,-80.8054975752458
221.0,133.25,-80.8982961914012
221.75,133.25,-81.04627069965917
222.5,133.25,-81.24863822916753
223.25,133.25,-81.48414985590779
224.0,133.25,-81.73547012367034
224.75,133.25,-82.85853658536585
225.5,133.25,
226.25,133.25,
227.0,133.25,
227.75,133.25,
228.5,133.25,
229.25,133.25,
230.0,133.25,
230.75,133.25,
77.0,134.0,
77.75,134.0,-81.99999999999999
78.5,134.0,-82.21039603960396
79.25,134.0,-83.21106533548182
80.0,134.0,-83.13436123348018
80.75,134.0,-83.03234473278626
81.5,134.0,-82.8935501503143
82.25,134.0,-82.7386303215058
83.0,134.0,-82.8050847457627
83.75,134.0,-83.76548593005484
84.5,134.0,-85.60123119015049
85.25,134.0,-86.1859563232301
86.0,134.0,-86.07142857142856
86.75,134.0,-85.53720951176422
87.5,134.0,-85.21119478001529
88.25,134.0,-85.14017782137755
89.0,134.0,-85.50454380225369
89.75,134.0,-85.48051372554187
90.5,134.0,-86.10305070911129
91.25,134.0,-85.96488225667261
92.0,134.0,-84.9
92.75,134.0,-85.26577053110975
93.5,134.0,-85.0639845406479
94.25,134.0,-85.10191184485505
95.0,134.0,-84.74683544303797
95.75,134.0,-85.15581329000379
96.5,134.0,-84.26240639845406
97.25,134.0,-84.4930981373716
98.0,134.0,-83.82876712328766
98.75,134.0,-84.60001331364789
99.5,134.0,-84.58339991723784
100.25,134.0,-84.21582441014922
101.0,134.0,-84.20267731329261
101.75,134.0,-84.56630305360132
102.5,134.0,-84.58336448986299
103.25,134.0,-85.80336460718105
104.0,134.0,-85.93821292775665
104.75,134.0,-86.16654538967389
105.5,134.0,-85.41196154098331
106.25,134.0,-85.17607397896003
107.0,134.0,-84.72686116700201
107.75,134.0,-84.4736170911492
108.5,134.0,-84.0901954234174
109.25,134.0,-84.0055948318505
110.0,134.0,-83.96428571428571
110.75,134.0,-83.49864063776602
111.5,134.0,-83.4981369095157
112.25,134.0,-83.12384780987722
113.0,134.0,-82.5403523822093
113.75,134.0,-83.02705581487896
114.5,134.0,-83.87240217798616
115.25,134.0,-83.93442015259552
116.0,134.0,-82.21428571428571
116.75,134.0,-80.57432083899091
117.5,134.0,-79.69388549761946
118.25,134.0,-78.04302105830621
119.0,134.0,-77.54597701149424
119.75,134.0,-75.84444130058031
120.5,134.0,-73.59838160136287
121.25,134.0,-72.56322441770617
122.0,134.0,-70.3409090909091
122.75,134.0,-68.41864444199139
123.5,134.0,-68.13373083475298
124.25,134.0,-67.98614284295223
125.0,134.0,-68.2142857142857
125.75,134.0,-68.40334757127249
126.5,134.0,-68.64863713798978
127.25,134.0,-68.63547301026603
128.0,134.0,-68.24999999999999
128.75,134.0,-69.84667181808148
129.5,134.0,-71.86541737649064
130.25,134.0,-76.52716797457039
131.0,134.0,-78.99999999999997
131.75,134.0,-75.45435581603257
132.5,134.0,-68.83490610000466
133.25,134.0,-66.35431470148568
134.0,134.0,-65.5
134.75,134.0,-66.76031579623337
135.5,134.0,-68.29910897875257
136.25,134.0,-71.27930577755347
137.0,134.0,-73.24640657084188
137.75,134.0,-74.06348023933998
138.5,134.0,-75.25566568917044
139.25,134.0,-75.73049392810356
140.0,134.0,-76.01829268292684
140.75,134.0,-75.89433911047027
141.5,134.0,-77.20069263307163
142.25,134.0,-79.22337804196029
143.0,134.0,-81.33763323040145
143.75,134.0,-82.26057953396096
144.5,134.0,-83.03481065057753
145.25,134.0,-83.9757600250825
146.0,134.0,-84.59361233480178
146.75,134.0,-85.95331109897734
147.5,134.0,-86.30800942917942
148.25,134.0,-86.53477747336328
149.0,134.0,-86.77361275088549
149.75,134.0,-86.77732742787205
150.5,134.0,-86.56291243217461
151.25,134.0,-86.45798321613098
152.0,134.0,-86.30195029340697
152.75,134.0,-86.65430272813038
153.5,134.0,-86.37426617233623
154.25,134.0,-86.05702125862642
155.0,134.0,-87.42592592592592
155.75,134.0,-86.5118987319471
156.5,134.0,-85.60315628438768
157.25,134.0,-85.5453447874763
158.0,134.0,-84.57534246575341
158.75,134.0,-84.47499960985658
159.5,134.0,-84.27171036805389
160.25,134.0,-82.27997499946214
161.0,134.0,-80.93233082706766
161.75,134.0,-79.22671019904082
162.5,134.0,-78.85280003070385
163.25,134.0,-77.12242764637375
164.0,134.0,-76.26315789473685
164.75,134.0,-76.9170853492045
165.5,134.0,-75.922828491777
166.25,134.0,-75.34648103873707
167.0,134.0,-75.24523007856341
167.75,134.0,-77.80727368517095
168.5,134.0,-80.48696130937483
169.25,134.0,-81.62675063226719
170.0,134.0,-83.54545454545453
170.75,134.0,-85.64593222209959
171.5,134.0,-85.42163543441225
172.25,134.0,-84.1883165116566
173.0,134.0,-83.25409836065572
173.75,134.0,-83.80548829731298
174.5,134.0,-84.07040630574872
175.25,134.0,-84.09774160707676
176.0,134.0,-81.75
176.75,134.0,-80.28702319891376
177.5,134.0,-81.37401250266313
178.25,134.0,-84.19716717454594
179.0,134.0,-85.89835728952771
179.75,134.0,-86.5119859568692
180.5,134.0,-86.77860370296158
181.25,134.0,-87.38733475438858
182.0,134.0,-86.46428571428571
182.75,134.0,-85.61416190778391
183.5,134.0,-85.02963553303434
184.25,134.0,-83.78550815565636
185.0,134.0,-83.24856596558317
185.75,134.0,-83.64368087622442
186.5,134.0,-83.82716852695329
187.25,134.0,-83.99709798101838
188.0,134.0,-84.54545454545455
188.75,134.0,-84.58996577988742
189.5,134.0,-84.62095400340718
190.25,134.0,-84.3524386609715
191.0,134.0,-84.14285714285712
191.75,134.0,-83.81603258170261
192.5,134.0,-83.53577512776832
193.25,134.0,-83.61557567060383
194.0,134.0,-84.68181818181819
194.75,134.0,-85.90887515178278
195.5,134.0,-86.27001703577515
196.25,134.0,-86.67969016697225
197.0,134.0,-86.65573770491802
197.75,134.0,-85.8191406287659
198.5,134.0,-84.05134840642877
199.25,134.0,-82.56637122540002
200.0,134.0,-82.60714285714285
200.75,134.0,-82.97826845431415
201.5,134.0,-83.05296069018884
202.25,134.0,-82.94071305862919
203.0,134.0,-83.0159137577002
203.75,134.0,-83.22460774044225
204.5,134.0,-83.30054335816813
205.25,134.0,-83.5745039043358
206.0,134.0,-84.10714285714285
206.75,134.0,-84.18466060652389
207.5,134.0,-85.05606176407461
208.25,134.0,-86.97218143462482
209.0,134.0,-88.28696098562628
209.75,134.0,-87.24215470003759
210.5,134.0,-85.70890143520054
211.25,134.0,-85.39401259000502
212.0,134.0,-85.82142857142857
212.75,134.0,-85.64702706562169
213.5,134.0,-84.83711562785372
214.25,134.0,-83.35718491187798
215.0,134.0,-82.40041067761805
215.75,134.0,-81.82629310841384
216.5,134.0,-80.70666922737206
217.25,134.0,-80.3611451738902
218.0,134.0,-80.1829268292683
218.75,134.0,-80.24513609779382
219.5,134.0,-80.3581923331041
220.25,134.0,-80.92943201170517
221.0,134.0,-81.03113928860672
221.75,134.0,-81.15270049987922
222.5,134.0,-80.99891703859281
223.25,134.0,-81.4875979348816
224.0,134.0,-81.6857142857143
224.75,134.0,
225.5,134.0,
226.25,134.0,
227.0,134.0,
227.75,134.0,
228.5,134.0,
229.25,134.0,
230.0,134.0,
230.75,134.0,
77.0,134.75,
77.75,134.75,-81.58504531464234
78.5,134.75,-81.99860453632857
79.25,134.75,-82.04775177370101
80.0,134.75,-82.76683794304273
80.75,134.75,-82.47376839071035
81.5,134.75,-81.91943531941178
82.25,134.75,-80.77242628401291
83.0,134.75,-79.33810160125982
83.75,134.75,-81.65069340438188
84.5,134.75,-83.2830595358306
85.25,134.75,-83.25928321652208
86.0,134.75,-84.21474664640985
86.75,134.75,-84.8312794770816
87.5,134.75,-85.07219099004615
88.25,134.75,-84.92925068953868
89.0,134.75,-84.89382306494784
89.75,134.75,-84.86786519361469
90.5,134.75,-85.5453818781934
91.25,134.75,-85.16157831436766
92.0,134.75,-85.5465414175918
92.75,134.75,-85.35546945941037
93.5,134.75,-85.26071715863381
94.25,134.75,-85.05220535896224
95.0,134.75,-85.18505149494891
95.75,134.75,-85.04739826669123
96.5,134.75,-85.12741489134159
97.25,134.75,-83.21690358124155
98.0,134.75,-83.86916893996705
98.75,134.75,-83.92879862749304
99.5,134.75,-84.07185143343999
100.25,134.75,-84.11827409341502
101.0,134.75,-84.33407703819522
101.75,134.75,-84.15906128923938
102.5,134.75,-84.42618000588963
103.25,134.75,-85.29768352361442
104.0,134.75,-85.30631661478805
104.75,134.75,-85.7546970727049
105.5,134.75,-85.69282831146995
106.25,134.75,-84.83410638373176
107.0,134.75,-84.57552530057463
107.75,134.75,-84.45531147119746
108.5,134.75,-84.64960991138794
109.25,134.75,-84.82971335783924
110.0,134.75,-84.08469197603615
110.75,134.75,-83.56319175133699
111.5,134.75,-83.14719415209856
112.25,134.75,-82.55967358470342
113.0,134.75,-82.07035680270955
113.75,134.75,-82.85436373244582
114.5,134.75,-84.90870651104085
115.25,134.75,-85.47050896290531
116.0,134.75,-82.38888277683044
116.75,134.75,-80.18119050811103
117.5,134.75,-80.0228092954907
118.25,134.75,-78.28671079432752
119.0,134.75,-77.9414635324705
119.75,134.75,-76.08624449166327
120.5,134.75,-72.66069877352227
121.25,134.75,-71.97196670311396
122.0,134.75,-69.18882262408619
122.75,134.75,-64.82606715794394
123.5,134.75,-65.51218644822289
124.25,134.75,-67.1583129861459
125.0,134.75,-67.08498962812001
125.75,134.75,-67.91655083435097
126.5,134.75,-69.42299506618137
127.25,134.75,-69.76941960147974
128.0,134.75,-69.71873797614467
128.75,134.75,-70.27487259118763
129.5,134.75,-71.58826349276198
130.25,134.75,-77.18570518224114
131.0,134.75,-81.34045215851228
131.75,134.75,-75.56546576895022
132.5,134.75,-64.40818289781403
133.25,134.75,-61.37308549264432
134.0,134.75,-65.15013422770437
134.75,134.75,-66.08808962544943
135.5,134.75,-67.57118617171457
136.25,134.75,-70.05241065943599
137.0,134.75,-72.08402408144494
137.75,134.75,-73.8399447735645
138.5,134.75,-74.57583079222258
139.25,134.75,-74.94599196690042
140.0,134.75,-75.82393986527396
140.75,134.75,-75.83624936944565
141.5,134.75,-77.24917533201598
142.25,134.75,-77.882154163847
143.0,134.75,-79.75546254690428
143.75,134.75,-82.08443457504465
144.5,134.75,-81.64680867682378
145.25,134.75,-83.7249707788713
146.0,134.75,-84.4244486554859
146.75,134.75,-85.88795011879431
147.5,134.75,-86.19524308068313
148.25,134.75,-86.41058542514017
149.0,134.75,-87.50593298584656
149.75,134.75,-86.26674347808459
150.5,134.75,-86.23688568409389
151.25,134.75,-87.09104241925475
152.0,134.75,-87.24931805889776
152.75,134.75,-89.08646601711965
153.5,134.75,-87.95149925275213
154.25,134.75,-86.91936839214611
155.0,134.75,-86.61881188118812
155.75,134.75,-86.95604395604397
156.5,134.75,-87.08743169398907
157.25,134.75,-84.92337164750957
158.0,134.75,-83.68249468462083
158.75,134.75,-80.82222222222222
159.5,134.75,-82.57479681640056
160.25,134.75,-82.59222627190991
161.0,134.75,-82.8126742112488
161.75,134.75,-79.83599796844115
162.5,134.75,-79.53503976151259
163.25,134.75,-78.76994938264812
164.0,134.75,-79.57920585535675
164.75,134.75,-78.54493180630138
165.5,134.75,-77.7890350923492
166.25,134.75,-77.5168780936805
167.0,134.75,-78.62333871274295
167.75,134.75,-80.78190786690777
168.5,134.75,-83.11223434855994
169.25,134.75,-83.76533942997149
170.0,134.75,-84.9342267304308
170.75,134.75,-87.43629156401873
171.5,134.75,-86.75952612643654
172.25,134.75,-83.66533311055674
173.0,134.75,-82.1779378302169
173.75,134.75,-82.55053543826997
174.5,134.75,-82.12246649530523
175.25,134.75,-81.17709313264348
176.0,134.75,-79.7162589224891
176.75,134.75,-77.579784079926
177.5,134.75,-78.78203984093554
178.25,134.75,-84.75034384076574
179.0,134.75,-87.72516638368015
179.75,134.75,-87.03071670269787
180.5,134.75,-87.72691768525993
181.25,134.75,-87.83814408693877
182.0,134.75,-86.54465317124155
182.75,134.75,-85.19227095673475
183.5,134.75,-85.1104809126492
184.25,134.75,-83.36216692545287
185.0,134.75,-81.757187684158
185.75,134.75,-83.42972302867528
186.5,134.75,-84.62082693444809
187.25,134.75,-84.61966804116567
188.0,134.75,-85.08270948342509
188.75,134.75,-84.88482700072805
189.5,134.75,-84.67725933700673
190.25,134.75,-83.34103912732272
191.0,134.75,-82.17552652237882
191.75,134.75,-82.96846748547232
192.5,134.75,-83.58846267763458
193.25,134.75,-83.6576699164757
194.0,134.75,-85.59099653712968
194.75,134.75,-88.46306823524355
195.5,134.75,-88.49438078810607
196.25,134.75,-88.6598973952753
197.0,134.75,-89.33419908043423
197.75,134.75,-88.2661304265362
198.5,134.75,-86.51034575115825
199.25,134.75,-84.63834341482303
200.0,134.75,-84.39710038810495
200.75,134.75,-83.1537629250038
201.5,134.75,-82.74082411866394
202.25,134.75,-82.81750190337414
203.0,134.75,-83.00844399863061
203.75,134.75,-83.26087192397509
204.5,134.75,-83.26157153529032
205.25,134.75,-84.1420719738161
206.0,134.75,-84.41389866573878
206.75,134.75,-84.8044891018036
207.5,134.75,-85.4586686184047
208.25,134.75,-86.30714412422294
209.0,134.75,-87.04369573006424
209.75,134.75,-86.62405058978763
210.5,134.75,-86.05399866967075
211.25,134.75,-86.00638197160816
212.0,134.75,-85.9194993509361
212.75,134.75,-85.85757492885531
213.5,134.75,-84.1303194030558
214.25,134.75,-83.35794601731673
215.0,134.75,-82.63231368667107
215.75,134.75,-82.07977353099632
216.5,134.75,-81.15734860142221
217.25,134.75,-80.87814490553006
218.0,134.75,-80.32240199126858
218.75,134.75,-80.31055073610145
219.5,134.75,-80.43948284612001
220.25,134.75,-81.11941785355363
221.0,134.75,-81.12602276095303
221.75,134.75,-80.83347470465037
222.5,134.75,-80.9961794723525
223.25,134.75,-79.31341463414634
224.0,134.75,
224.75,134.75,
225.5,134.75,
226.25,134.75,
227.0,134.75,
227.75,134.75,
228.5,134.75,
229.25,134.75,
230.0,134.75,
230.75,134.75,
77.0,135.5,
77.75,135.5,-81.4682343576625
78.5,135.5,-81.40762142745588
79.25,135.5,-82.2396720778757
80.0,135.5,-82.05341900360365
80.75,135.5,-82.28804365417562
81.5,135.5,-81.72275072690569
82.25,135.5,-80.78589122972792
83.0,135.5,-79.98106792230016
83.75,135.5,-81.63151762859736
84.5,135.5,-83.12800708267187
85.25,135.5,-83.35648779871367
86.0,135.5,-83.48361161909726
86.75,135.5,-83.52905061160538
87.5,135.5,-83.74063019434499
88.25,135.5,-84.69934706904496
89.0,135.5,-84.71403878186462
89.75,135.5,-84.67370180428532
90.5,135.5,-84.1976186656173
91.25,135.5,-85.13758124477341
92.0,135.5,-85.66436220685917
92.75,135.5,-85.59687991821943
93.5,135.5,-85.91131536978011
94.25,135.5,-85.64640789768323
95.0,135.5,-85.17925140219577
95.75,135.5,-84.55686494617281
96.5,135.5,-84.63813389078653
97.25,135.5,-83.65700363448778
98.0,135.5,-83.55428045951228
98.75,135.5,-83.35991599814436
99.5,135.5,-83.31557342380039
100.25,135.5,-83.93173143061723
101.0,135.5,-84.20648517450067
101.75,135.5,-84.34807163970834
102.5,135.5,-84.86861423583557
103.25,135.5,-85.21966419206778
104.0,135.5,-85.71679980889994
104.75,135.5,-85.73290256231934
105.5,135.5,-85.81757451181912
106.25,135.5,-85.04433009473415
107.0,135.5,-84.49131740171217
107.75,135.5,-84.29332841566092
108.5,135.5,-84.36693602243889
109.25,135.5,-84.5163841254677
110.0,135.5,-83.86603014526523
110.75,135.5,-83.5291981112458
111.5,135.5,-83.31628798969373
112.25,135.5,-82.8484149433586
113.0,135.5,-82.34604564671477
113.75,135.5,-82.84489301832862
114.5,135.5,-84.08780070826718
115.25,135.5,-84.48788848187375
116.0,135.5,-82.10054719562241
116.75,135.5,-80.4952917429255
117.5,135.5,-80.26730987514189
118.25,135.5,-78.98952974612912
119.0,135.5,-77.89128392974546
119.75,135.5,-76.66351880370398
120.5,135.5,-72.97159232494394
121.25,135.5,-71.85175796336722
122.0,135.5,-69.02548111190306
122.75,135.5,-65.37712122813107
123.5,135.5,-65.6789185148268
124.25,135.5,-67.00273417186719
125.0,135.5,-67.17386547426504
125.75,135.5,-67.89719480658563
126.5,135.5,-69.32313730376276
127.25,135.5,-69.63834468132679
128.0,135.5,-70.00356379187456
128.75,135.5,-70.33932138925549
129.5,135.5,-72.05180150455325
130.25,135.5,-76.17914235128191
131.0,135.5,-79.29344786256492
131.75,135.5,-74.42619590151531
132.5,135.5,-65.75155696666259
133.25,135.5,-62.648649162190154
134.0,135.5,-64.96632060637826
134.75,135.5,-66.67106645215036
135.5,135.5,-66.73444409121123
136.25,135.5,-68.84221681066298
137.0,135.5,-71.01294630995078
137.75,135.5,-72.3588321811247
138.5,135.5,-74.16462749602397
139.25,135.5,-74.46533127774242
140.0,135.5,-75.69487695421456
140.75,135.5,-75.76340450329815
141.5,135.5,-77.2774571973527
142.25,135.5,-77.80577284000198
143.0,135.5,-79.89103144816876
143.75,135.5,-81.23310786036014
144.5,135.5,-82.65512276742285
145.25,135.5,-85.83811757450171
146.0,135.5,-86.15841584158416
146.75,135.5,-84.73859458414785
147.5,135.5,-86.21036672578524
148.25,135.5,-86.21886364324519
149.0,135.5,-84.31942604985738
149.75,135.5,-84.29914290988256
150.5,135.5,-84.24827807377497
151.25,135.5,-84.02172713082699
152.0,135.5,-85.50509525919362
152.75,135.5,-85.61165449838778
153.5,135.5,-86.77402987879358
154.25,135.5,-86.69490403706155
155.0,135.5,-84.44591029023748
155.75,135.5,-84.53992015968062
156.5,135.5,-82.97860962566845
157.25,135.5,-82.04288114962301
158.0,135.5,-80.57627118644066
158.75,135.5,-81.05447006879109
159.5,135.5,-80.94189008756624
160.25,135.5,-81.30267759666245
161.0,135.5,-82.06179283614856
161.75,135.5,-81.30311162498877
162.5,135.5,-81.4753656718272
163.25,135.5,-81.24388334874203
164.0,135.5,-80.61158520577753
164.75,135.5,-80.4302283895988
165.5,135.5,-80.05906221400424
166.25,135.5,-79.43664089984225
167.0,135.5,-80.40506686984307
167.75,135.5,-81.65911344655966
168.5,135.5,-83.17493147271368
169.25,135.5,-83.66542352582557
170.0,135.5,-84.85292056659492
170.75,135.5,-86.93488143022587
171.5,135.5,-86.2909462848093
172.25,135.5,-83.38850694767918
173.0,135.5,-82.23141068622839
173.75,135.5,-82.15797758355046
174.5,135.5,-80.86280911364268
175.25,135.5,-79.68284221975117
176.0,135.5,-79.0957574382576
176.75,135.5,-78.17777361581152
177.5,135.5,-79.4034589152322
178.25,135.5,-84.27006834760574
179.0,135.5,-86.90791050739112
179.75,135.5,-86.40798706470922
180.5,135.5,-87.38203687873977
181.25,135.5,-87.51524837125287
182.0,135.5,-86.72400820793432
182.75,135.5,-85.75527850939247
183.5,135.5,-85.6643973623153
184.25,135.5,-84.73253674686946
185.0,135.5,-83.02317219336796
185.75,135.5,-84.48380279034076
186.5,135.5,-85.59548254620124
187.25,135.5,-85.51976781644382
188.0,135.5,-85.95670453976676
188.75,135.5,-85.24921633316357
189.5,135.5,-85.06580565805658
190.25,135.5,-83.37105134086279
191.0,135.5,-82.42926457996383
191.75,135.5,-83.10614233345056
192.5,135.5,-83.64054323448792
193.25,135.5,-83.86082355625197
194.0,135.5,-85.76977904490379
194.75,135.5,-88.40717073755064
195.5,135.5,-88.74574369803352
196.25,135.5,-89.26237566486628
197.0,135.5,-89.44020456134307
197.75,135.5,-89.27862233051951
198.5,135.5,-88.10403465913427
199.25,135.5,-86.83412718798068
200.0,135.5,-85.5426310487951
200.75,135.5,-84.43626086146983
201.5,135.5,-83.1248725325866
202.25,135.5,-82.70118948573308
203.0,135.5,-83.12316680061406
203.75,135.5,-83.27689178250361
204.5,135.5,-83.25390566650957
205.25,135.5,-84.37461731798834
206.0,135.5,-84.65397069752626
206.75,135.5,-85.04491232165293
207.5,135.5,-85.52870305803275
208.25,135.5,-85.95558832532798
209.0,135.5,-86.04562605250882
209.75,135.5,-86.29938264625919
210.5,135.5,-86.09455481312943
211.25,135.5,-86.21449813846635
212.0,135.5,-85.9964699012634
212.75,135.5,-85.80572065036102
213.5,135.5,-83.76488284169943
214.25,135.5,-83.27881401451654
215.0,135.5,-82.75651076974212
215.75,135.5,-82.31724071924246
216.5,135.5,-81.42317551601765
217.25,135.5,-81.19174004789201
218.0,135.5,-80.41551108698005
218.75,135.5,-80.37248945252708
219.5,135.5,-80.46406895077061
220.25,135.5,-80.41484319415353
221.0,135.5,-79.34790497489344
221.75,135.5,-79.34855961313464
222.5,135.5,-79.29545454545453
223.25,135.5,
224.0,135.5,
224.75,135.5,
225.5,135.5,
226.25,135.5,
227.0,135.5,
227.75,135.5,
228.5,135.5,
229.25,135.5,
230.0,135.5,
230.75,135.5,
77.0,136.25,
77.75,136.25,-80.0174672489083
78.5,136.25,-81.30176176888581
79.25,136.25,-81.97591351220022
80.0,136.25,-81.31551681688977
80.75,136.25,-81.19111540473024
81.5,136.25,-81.03485084468053
82.25,136.25,-80.92038413793118
83.0,136.25,-81.00404208134863
83.75,136.25,-81.69293331046127
84.5,136.25,-83.44280484728014
85.25,136.25,-84.03835104525844
86.0,136.25,-82.97338238421736
86.75,136.25,-83.25484438404315
87.5,136.25,-83.395531270504
88.25,136.25,-83.43584061896073
89.0,136.25,-83.519735906959
89.75,136.25,-84.5482990528334
90.5,136.25,-85.09337968318079
91.25,136.25,-85.35207893702888
92.0,136.25,-85.9062210675282
92.75,136.25,-85.76534709209629
93.5,136.25,-85.92682559167399
94.25,136.25,-85.49328474398341
95.0,136.25,-84.91961065149687
95.75,136.25,-84.3767738709557
96.5,136.25,-84.55692195729696
97.25,136.25,-83.82127285002139
98.0,136.25,-83.14098073555168
98.75,136.25,-83.77167974458554
99.5,136.25,-83.27158420330947
100.25,136.25,-83.58602886239818
101.0,136.25,-83.64906291852907
101.75,136.25,-84.47855816579576
102.5,136.25,-85.8719438843962
103.25,136.25,-86.19618156001538
104.0,136.25,-85.87728708291945
104.75,136.25,-86.63373618719564
105.5,136.25,-86.41974992479192
106.25,136.25,-84.68644850783221
107.0,136.25,-84.27177134164114
107.75,136.25,-83.90975752115409
108.5,136.25,-83.1859191401798
109.25,136.25,-83.21553354874735
110.0,136.25,-83.6884008021055
110.75,136.25,-83.78906087746168
111.5,136.25,-83.89073632520427
112.25,136.25,-83.90603345947427
113.0,136.25,-83.97064641143493
113.75,136.25,-82.9897533365055
114.5,136.25,-81.34256550392047
115.25,136.25,-80.82691612856216
116.0,136.25,-81.46698016175577
116.75,136.25,-81.9084325419159
117.5,136.25,-81.45395556396026
118.25,136.25,-79.50618864145117
119.0,136.25,-78.07388263562355
119.75,136.25,-76.81623018539533
120.5,136.25,-73.73153605230226
121.25,136.25,-71.12201292505847
122.0,136.25,-69.3888627973525
122.75,136.25,-67.19611977940069
123.5,136.25,-66.76441532498598
124.25,136.25,-67.25499025360386
125.0,136.25,-67.44309446285949
125.75,136.25,-68.0266971061926
126.5,136.25,-68.7803133018612
127.25,136.25,-69.22879442334373
128.0,136.25,-70.45155860442881
128.75,136.25,-71.76222977666231
129.5,136.25,-72.75523590423822
130.25,136.25,-73.24745631114222
131.0,136.25,-72.8219931255482
131.75,136.25,-71.74491648645599
132.5,136.25,-69.07581183959903
133.25,136.25,-67.68773727184303
134.0,136.25,-67.29105437121062
134.75,136.25,-66.1307206446325
135.5,136.25,-66.77749680046576
136.25,136.25,-68.65334381934107
137.0,136.25,-69.63512155081163
137.75,136.25,-71.3065735795014
138.5,136.25,-73.29984150488737
139.25,136.25,-74.15757978691629
140.0,136.25,-74.09757975199909
140.75,136.25,-75.67058428901544
141.5,136.25,-75.76070456162232
142.25,136.25,-79.36159818577411
143.0,136.25,-79.83619394715456
143.75,136.25,-80.31538640329468
144.5,136.25,-84.4202487248037
145.25,136.25,-84.60693174642006
146.0,136.25,-83.26175869120654
146.75,136.25,-84.65018605349664
147.5,136.25,-82.96554299326849
148.25,136.25,-82.68890656946864
149.0,136.25,-82.59042535643698
149.75,136.25,-82.72557016973077
150.5,136.25,-82.41337827155571
151.25,136.25,-82.47627711355652
152.0,136.25,-82.06520305900557
152.75,136.25,-83.7347860354168
153.5,136.25,-83.62557957631866
154.25,136.25,-82.79678222220117
155.0,136.25,-84.4821272885789
155.75,136.25,-82.93623202981914
156.5,136.25,-82.64098771355435
157.25,136.25,-82.0631463236863
158.0,136.25,-81.79457411185204
158.75,136.25,-80.98523761577319
159.5,136.25,-81.57485373616662
160.25,136.25,-81.7527295853742
161.0,136.25,-81.93499812554272
161.75,136.25,-82.2035208959564
162.5,136.25,-82.66554523517699
163.25,136.25,-81.98946611750155
164.0,136.25,-81.56149803106577
164.75,136.25,-81.48617162609308
165.5,136.25,-81.26528841886719
166.25,136.25,-81.30284143851857
167.0,136.25,-81.60811405291594
167.75,136.25,-82.40279851832379
168.5,136.25,-82.83858215427601
169.25,136.25,-82.74734554240018
170.0,136.25,-83.64239140284714
170.75,136.25,-84.2551552940277
171.5,136.25,-83.90181489278524
172.25,136.25,-82.36847428481086
173.0,136.25,-81.98689689733322
173.75,136.25,-80.51447999837673
174.5,136.25,-78.14214119013099
175.25,136.25,-77.55173266884339
176.0,136.25,-77.1277628923854
176.75,136.25,-78.67148144175866
177.5,136.25,-79.7383347429466
178.25,136.25,-83.59498474760947
179.0,136.25,-85.32511793817521
179.75,136.25,-85.44143230028988
180.5,136.25,-85.96980857517104
181.25,136.25,-85.92477801951671
182.0,136.25,-87.28756451319181
182.75,136.25,-88.75472631713171
183.5,136.25,-88.08832269569375
184.25,136.25,-86.98255178320703
185.0,136.25,-86.60801639221505
185.75,136.25,-87.52178159760697
186.5,136.25,-89.87563989814187
187.25,136.25,-90.89860374318349
188.0,136.25,-88.75559868754185
188.75,136.25,-86.58028742286076
189.5,136.25,-85.6994656304325
190.25,136.25,-84.61068278183102
191.0,136.25,-83.17008344457003
191.75,136.25,-83.55026871441756
192.5,136.25,-83.9342562339883
193.25,136.25,-84.79366515523061
194.0,136.25,-86.54995333132538
194.75,136.25,-88.41916832175838
195.5,136.25,-89.42935598583766
196.25,136.25,-90.89552517263316
197.0,136.25,-91.79280141710328
197.75,136.25,-90.95796731825362
198.5,136.25,-89.68812045859075
199.25,136.25,-88.08532856454087
200.0,136.25,-86.91679492244072
200.75,136.25,-86.10458080728397
201.5,136.25,-85.07342591505133
202.25,136.25,-84.14085270729399
203.0,136.25,-83.07667387927572
203.75,136.25,-83.28318188537104
204.5,136.25,-83.25532821213969
205.25,136.25,-84.07986033880407
206.0,136.25,-84.816879516342
206.75,136.25,-85.33303699416443
207.5,136.25,-85.5145994241279
208.25,136.25,-85.75731594949524
209.0,136.25,-85.73890090604803
209.75,136.25,-86.11789165749109
210.5,136.25,-86.05317402036039
211.25,136.25,-85.9245990445034
212.0,136.25,-86.04967144323288
212.75,136.25,-85.0834788604308
213.5,136.25,-83.55226580364132
214.25,136.25,-83.20939829100709
215.0,136.25,-82.8313917577127
215.75,136.25,-82.28099203345305
216.5,136.25,-81.58691290259922
217.25,136.25,-81.39110165884773
218.0,136.25,-81.53072554053784
218.75,136.25,-80.57894322287626
219.5,136.25,-80.5274254162592
220.25,136.25,-79.35355511565392
221.0,136.25,-79.35000120047057
221.75,136.25,-79.34890910473102
222.5,136.25,
223.25,136.25,
224.0,136.25,
224.75,136.25,
225.5,136.25,
226.25,136.25,
227.0,136.25,
227.75,136.25,
228.5,136.25,
229.25,136.25,
230.0,136.25,
230.75,136.25,
77.0,137.0,
77.75,137.0,-80.06765327695561
78.5,137.0,-80.08988764044945
79.25,137.0,-81.83393955308495
80.0,137.0,-81.24541733715803
80.75,137.0,-81.16430821880309
81.5,137.0,-81.0948084665375
82.25,137.0,-81.05872293107427
83.0,137.0,-81.0000000000005
83.75,137.0,-81.62062277146867
84.5,137.0,-84.28154863460189
85.25,137.0,-85.19323496720503
86.0,137.0,-83.09512428298278
86.75,137.0,-82.59091292906511
87.5,137.0,-82.76327773103006
88.25,137.0,-83.04685637104359
89.0,137.0,-83.5
89.75,137.0,-85.19616625990196
90.5,137.0,-85.27994878540115
91.25,137.0,-85.60958735797293
92.0,137.0,-86.15701654306903
92.75,137.0,-86.13155467574833
93.5,137.0,-86.02897374458949
94.25,137.0,-85.22881184114715
95.0,137.0,-84.72641509433961
95.75,137.0,-84.06622415950324
96.5,137.0,-84.4797721684426
97.25,137.0,-83.52371396070015
98.0,137.0,-83.61590296495956
98.75,137.0,-84.051829519373
99.5,137.0,-83.30167397326233
100.25,137.0,-82.69553452163163
101.0,137.0,-82.78571428571429
101.75,137.0,-83.96605059171128
102.5,137.0,-86.51439048325355
103.25,137.0,-87.22090887769608
104.0,137.0,-85.8784676354029
104.75,137.0,-87.71196328990888
105.5,137.0,-86.92621818800475
106.25,137.0,-84.59728190708567
107.0,137.0,-84.00000000000057
107.75,137.0,-83.78867301246275
108.5,137.0,-82.47902516979623
109.25,137.0,-82.17802212414544
110.0,137.0,-83.52049180327867
110.75,137.0,-83.58771346085504
111.5,137.0,-83.81358395964892
112.25,137.0,-84.33691536861362
113.0,137.0,-84.99999999999781
113.75,137.0,-83.24372781434504
114.5,137.0,-79.30041131671386
115.25,137.0,-78.33539617504513
116.0,137.0,-81.00528401585203
116.75,137.0,-82.86056611393718
117.5,137.0,-82.42938100695926
118.25,137.0,-80.78556224376881
119.0,137.0,-78.85714285714286
119.75,137.0,-76.3850732798675
120.5,137.0,-74.42680867947104
121.25,137.0,-71.97916649128355
122.0,137.0,-69.7756064690027
122.75,137.0,-68.74148833232242
123.5,137.0,-67.47546773378033
124.25,137.0,-67.61617030351988
125.0,137.0,-67.87735849056602
125.75,137.0,-68.03325998588451
126.5,137.0,-68.50951930837647
127.25,137.0,-70.28665017840186
128.0,137.0,-72.17165898617512
128.75,137.0,-72.72856449302343
129.5,137.0,-73.3613568468431
130.25,137.0,-72.18470478087654
131.0,137.0,-71.00000000000313
131.75,137.0,-71.21653142635418
132.5,137.0,-69.46913703555732
133.25,137.0,-69.03766715827828
134.0,137.0,-69.0641683778234
134.75,137.0,-68.0072351529908
135.5,137.0,-67.4945114156978
136.25,137.0,-68.44400302669423
137.0,137.0,-69.17307692307692
137.75,137.0,-69.87568616538115
138.5,137.0,-70.47385436684026
139.25,137.0,-73.58910803018968
140.0,137.0,-75.58333333333333
140.75,137.0,-75.6418575063613
141.5,137.0,
142.25,137.0,
143.0,137.0,
143.75,137.0,
144.5,137.0,
145.25,137.0,
146.0,137.0,
146.75,137.0,-75.38208616780045
147.5,137.0,-75.39247311827957
148.25,137.0,-75.41277258566977
149.0,137.0,-77.30434782608695
149.75,137.0,-77.55390437662105
150.5,137.0,-77.88964585658073
151.25,137.0,-79.77626010901199
152.0,137.0,-80.4047619047619
152.75,137.0,-81.173989028908
153.5,137.0,-82.64770094563656
154.25,137.0,-82.96190155578884
155.0,137.0,-82.72222222222221
155.75,137.0,-83.08302319808914
156.5,137.0,-82.72466748211698
157.25,137.0,-82.04972389503736
158.0,137.0,-81.73296579021769
158.75,137.0,-81.4782901697145
159.5,137.0,-81.39600731608432
160.25,137.0,-81.5027156154498
161.0,137.0,-81.70212765957449
161.75,137.0,-82.1098633571041
162.5,137.0,-82.85397460641647
163.25,137.0,-83.32200372006183
164.0,137.0,-83.37870619946091
164.75,137.0,-82.93793903258242
165.5,137.0,-83.12869699446298
166.25,137.0,-83.05572435108152
167.0,137.0,-83.2
167.75,137.0,-82.50663016858718
168.5,137.0,-82.26631624012937
169.25,137.0,-82.08144422993088
170.0,137.0,-82.62790697674417
170.75,137.0,-82.77441809196162
171.5,137.0,-82.13830584707647
172.25,137.0,-81.79890199641571
173.0,137.0,-81.99999999999619
173.75,137.0,-80.02768238901423
174.5,137.0,-77.67237535468179
175.25,137.0,-77.3976831335036
176.0,137.0,-76.98360655737704
176.75,137.0,-77.95594318673191
177.5,137.0,-78.8571713943268
178.25,137.0,-83.35613854522957
179.0,137.0,-85.9999999999957
179.75,137.0,-85.68067902196404
180.5,137.0,-84.7548362238924
181.25,137.0,-84.25068945547805
182.0,137.0,-87.51639344262293
182.75,137.0,-91.55633281464407
183.5,137.0,-90.3808429884139
184.25,137.0,-87.78801811002418
185.0,137.0,-87.00000000000162
185.75,137.0,-88.51320821025858
186.5,137.0,-93.92274864440647
187.25,137.0,-95.48456100409646
188.0,137.0,-91.3798767967146
188.75,137.0,-88.47835319049787
189.5,137.0,-86.4677984616085
190.25,137.0,-85.43768239926395
191.0,137.0,-84.76851851851852
191.75,137.0,-83.90863436257723
192.5,137.0,-84.187268062541
193.25,137.0,-85.70677027775251
194.0,137.0,-87.48847926267283
194.75,137.0,-88.81852242720157
195.5,137.0,-90.12003968589894
196.25,137.0,-92.26765048202664
197.0,137.0,-93.99999999999572
197.75,137.0,-92.46081250883987
198.5,137.0,-90.540236968709
199.25,137.0,-88.98480598422663
200.0,137.0,-87.70698106024555
200.75,137.0,-86.84784781477401
201.5,137.0,-86.22086316265283
202.25,137.0,-84.96981604608237
203.0,137.0,-82.91666666666666
203.75,137.0,-83.35921249780407
204.5,137.0,-83.33643040527525
205.25,137.0,-84.45274063114583
206.0,137.0,-84.76785714285714
206.75,137.0,-84.93674125974835
207.5,137.0,-85.52307727386636
208.25,137.0,-85.75719874516811
209.0,137.0,-86.06944444444444
209.75,137.0,-86.49813466067243
210.5,137.0,-86.45580167715386
211.25,137.0,-85.7518168003124
212.0,137.0,-85.90476190476191
212.75,137.0,-84.85649416285823
213.5,137.0,-83.57154860558244
214.25,137.0,-83.2861468129419
215.0,137.0,-82.96774193548386
215.75,137.0,-82.4372438076823
216.5,137.0,-82.15253945621711
217.25,137.0,-81.9363514070074
218.0,137.0,-80.51190476190477
218.75,137.0,-80.47010178117047
219.5,137.0,
220.25,137.0,
221.0,137.0,
221.75,137.0,
222.5,137.0,
223.25,137.0,
224.0,137.0,
224.75,137.0,
225.5,137.0,
226.25,137.0,
227.0,137.0,
227.75,137.0,
228.5,137.0,
229.25,137.0,
230.0,137.0,
230.75,137.0,
77.0,137.75,
77.75,137.75,-80.11067193675889
78.5,137.75,-80.1439588688946
79.25,137.75,-80.40509587525624
80.0,137.75,-81.18151863671291
80.75,137.75,-81.11734530849148
81.5,137.75,-80.806949227145
82.25,137.75,-80.90072060559451
83.0,137.75,-80.98441648216757
83.75,137.75,-81.22532351345971
84.5,137.75,-82.13464136998479
85.25,137.75,-82.53046149412555
86.0,137.75,-81.64750878125922
86.75,137.75,-81.81209715289353
87.5,137.75,-82.23469736657385
88.25,137.75,-82.82726972368587
89.0,137.75,-83.39262861740863
89.75,137.75,-85.52594156502398
90.5,137.75,-85.49725689841274
91.25,137.75,-85.84997449272836
92.0,137.75,-86.49284079317655
92.75,137.75,-86.80885171725977
93.5,137.75,-86.41382994124794
94.25,137.75,-84.71110696861766
95.0,137.75,-83.24685403561571
95.75,137.75,-83.52194245061986
96.5,137.75,-84.52781782753209
97.25,137.75,-84.69106364462453
98.0,137.75,-84.26635575263766
98.75,137.75,-84.47942714721741
99.5,137.75,-83.99392924406867
100.25,137.75,-81.92088621180494
101.0,137.75,-80.70575534676097
101.75,137.75,-82.0854236192341
102.5,137.75,-83.62228853582472
103.25,137.75,-84.33537301873822
104.0,137.75,-84.01757599299417
104.75,137.75,-85.08655769670943
105.5,137.75,-84.81718545309297
106.25,137.75,-84.05934558087652
107.0,137.75,-83.856789358675
107.75,137.75,-83.7904590701314
108.5,137.75,-83.21245223013544
109.25,137.75,-83.19094689496607
110.0,137.75,-84.20510005867952
110.75,137.75,-84.73729921798372
111.5,137.75,-84.88010942133121
112.25,137.75,-84.61979289054554
113.0,137.75,-84.47823050736135
113.75,137.75,-83.22160895662992
114.5,137.75,-80.49072154069019
115.25,137.75,-79.77175655837193
116.0,137.75,-81.03832037248176
116.75,137.75,-82.22191544299629
117.5,137.75,-81.86409082158131
118.25,137.75,-80.86167829085298
119.0,137.75,-79.19212675041138
119.75,137.75,-76.68851471396557
120.5,137.75,-74.91209188036467
121.25,137.75,-72.37916183026685
122.0,137.75,-70.05854790028692
122.75,137.75,-69.33600253228934
123.5,137.75,-67.8779427737137
124.25,137.75,-67.90876463530083
125.0,137.75,-68.03664662488457
125.75,137.75,-68.01561169792977
126.5,137.75,-69.82280606335037
127.25,137.75,-72.18936704887528
128.0,137.75,-72.96623980217763
128.75,137.75,-74.12105858923803
129.5,137.75,-74.43255168871362
130.25,137.75,-73.81669162671047
131.0,137.75,-73.20094415240719
131.75,137.75,-72.14061473885945
132.5,137.75,-70.27311663361736
133.25,137.75,-69.5825652106177
134.0,137.75,-69.74497714981591
134.75,137.75,-70.05686293168037
135.5,137.75,-70.35137984725826
136.25,137.75,-69.48576283173023
137.0,137.75,-68.88403459540001
137.75,137.75,-73.66487856201681
138.5,137.75,-74.15468042594128
139.25,137.75,-77.51318865062247
140.0,137.75,-77.20224496200774
140.75,137.75,-79.84096689119285
141.5,137.75,-80.12859971397076
142.25,137.75,-80.54821237443213
143.0,137.75,-81.50252343186735
143.75,137.75,-81.33909001065572
144.5,137.75,-79.67100076555775
145.25,137.75,-79.33567630511801
146.0,137.75,-77.29947001585738
146.75,137.75,-77.55440491752518
147.5,137.75,-77.36419270795693
148.25,137.75,-78.65930992066485
149.0,137.75,-78.64500577134037
149.75,137.75,-78.75586865632405
150.5,137.75,-79.54432982680052
151.25,137.75,-80.4598011497266
152.0,137.75,-81.10744296667846
152.75,137.75,-81.58049408967693
153.5,137.75,-82.64995904809095
154.25,137.75,-82.9511533156724
155.0,137.75,-82.6896992362969
155.75,137.75,-82.94363053096055
156.5,137.75,-82.56669914165049
157.25,137.75,-82.09125779131696
158.0,137.75,-81.67199223624456
158.75,137.75,-81.33934113758772
159.5,137.75,-81.17559720697113
160.25,137.75,-81.07507031053302
161.0,137.75,-81.23619664724258
161.75,137.75,-81.9123646159692
162.5,137.75,-82.99134331443577
163.25,137.75,-83.5083098060002
164.0,137.75,-83.46775814237968
164.75,137.75,-83.31588234263637
165.5,137.75,-83.31053788058446
166.25,137.75,-83.2074556510453
167.0,137.75,-83.13977497823981
167.75,137.75,-83.15491702553996
168.5,137.75,-82.61334996884287
169.25,137.75,-82.52281369940032
170.0,137.75,-82.08746463092086
170.75,137.75,-80.9837834168541
171.5,137.75,-80.94613845841936
172.25,137.75,-79.98141233748653
173.0,137.75,-80.35974772205145
173.75,137.75,-78.69228926449995
174.5,137.75,-76.25532312985891
175.25,137.75,-75.78352905209918
176.0,137.75,-75.85413866770755
176.75,137.75,-77.28778675074581
177.5,137.75,-78.16036589336
178.25,137.75,-82.17190907693006
179.0,137.75,-84.3119728490412
179.75,137.75,-84.62914105242818
180.5,137.75,-85.40269336982371
181.25,137.75,-85.36160763054096
182.0,137.75,-87.13849298194742
182.75,137.75,-88.89722344683994
183.5,137.75,-88.50850909529831
184.25,137.75,-87.94561389640289
185.0,137.75,-87.75555070503178
185.75,137.75,-89.0169808814116
186.5,137.75,-92.36758066926133
187.25,137.75,-93.26592742393414
188.0,137.75,-91.18642550162045
188.75,137.75,-88.92069477571069
189.5,137.75,-87.36137362460777
190.25,137.75,-86.14484827292769
191.0,137.75,-85.82673977201023
191.75,137.75,-85.51679132652107
192.5,137.75,-85.81004779835546
193.25,137.75,-86.98223673939268
194.0,137.75,-87.90424843095148
194.75,137.75,-89.14329204454779
195.5,137.75,-89.97487266003796
196.25,137.75,-91.01889301700051
197.0,137.75,-91.84671479825857
197.75,137.75,-91.16298086959868
198.5,137.75,-90.09491621347816
199.25,137.75,-89.04437961085094
200.0,137.75,-88.33378975863445
200.75,137.75,-87.76761930396744
201.5,137.75,-86.74427639763655
202.25,137.75,-85.43277491890778
203.0,137.75,-83.47210113339145
203.75,137.75,-83.36413586857375
204.5,137.75,-83.34317950964855
205.25,137.75,-83.18505281388111
206.0,137.75,-84.8528911564626
206.75,137.75,-85.58833356479401
207.5,137.75,-85.49709385698296
208.25,137.75,-85.66235396621944
209.0,137.75,-86.27898866608543
209.75,137.75,-86.43165358453552
210.5,137.75,-86.4226547908329
211.25,137.75,-87.10215585200676
212.0,137.75,-85.92743764172336
212.75,137.75,-84.50408051563993
213.5,137.75,-83.46898821246265
214.25,137.75,-83.24693770331007
215.0,137.75,-82.78683522231908
215.75,137.75,-82.52887155666664
216.5,137.75,-82.30158218565741
217.25,137.75,-80.62562189054727
218.0,137.75,-80.5685941043084
218.75,137.75,
219.5,137.75,
220.25,137.75,
221.0,137.75,
221.75,137.75,
222.5,137.75,
223.25,137.75,
224.0,137.75,
224.75,137.75,
225.5,137.75,
226.25,137.75,
227.0,137.75,
227.75,137.75,
228.5,137.75,
229.25,137.75,
230.0,137.75,
230.75,137.75,
77.0,138.5,
77.75,138.5,
78.5,138.5,-80.18181818181817
79.25,138.5,-80.3741011753671
80.0,138.5,-80.41453237928245
80.75,138.5,-80.6735099281442
81.5,138.5,-80.67668609607857
82.25,138.5,-80.65315841041392
83.0,138.5,-80.4951834573904
83.75,138.5,-79.77502947460638
84.5,138.5,-78.47603362108133
85.25,138.5,-77.95160079775273
86.0,138.5,-80.33466486822992
86.75,138.5,-81.18926575395751
87.5,138.5,-81.55229627555308
88.25,138.5,-82.53883931048242
89.0,138.5,-83.77686366689053
89.75,138.5,-85.50466263180064
90.5,138.5,-85.9212834718375
91.25,138.5,-85.96168192443791
92.0,138.5,-86.80320658850472
92.75,138.5,-88.12929279378342
93.5,138.5,-87.47115624221281
94.25,138.5,-83.74162746965816
95.0,138.5,-81.14905812957853
95.75,138.5,-82.662199291171
96.5,138.5,-85.01202342387244
97.25,138.5,-85.43853729414205
98.0,138.5,-84.88203848895225
98.75,138.5,-85.95161470632004
99.5,138.5,-84.89783204585098
100.25,138.5,-80.54497340349813
101.0,138.5,-78.14940828402366
101.75,138.5,-79.36219797680087
102.5,138.5,-79.69182746878546
103.25,138.5,-79.52233673537536
104.0,138.5,-81.18331053351574
104.75,138.5,-80.89204336881609
105.5,138.5,-81.59805837098548
106.25,138.5,-83.35314254470028
107.0,138.5,-83.83639632441069
107.75,138.5,-83.28907843695099
108.5,138.5,-83.5287474332649
109.25,138.5,-83.65714969545947
110.0,138.5,-84.8539182282794
110.75,138.5,-87.7031430968312
111.5,138.5,-87.31235977299723
112.25,138.5,-85.40028379691888
113.0,138.5,-84.12303751146872
113.75,138.5,-83.20375603485708
114.5,138.5,-82.21444523020806
115.25,138.5,-81.0257134915403
116.0,138.5,-81.23116389388869
116.75,138.5,-81.69663446600136
117.5,138.5,-81.79493074936916
118.25,138.5,-80.57070336970862
119.0,138.5,-78.12809548155178
119.75,138.5,-76.8691926041284
120.5,138.5,-75.27582196035374
121.25,138.5,-72.74455181616557
122.0,138.5,-71.71619861797382
122.75,138.5,-69.32056453570445
123.5,138.5,-68.12038182398514
124.25,138.5,-68.11636145040089
125.0,138.5,-68.1855906785014
125.75,138.5,-69.59932262118231
126.5,138.5,-70.31105677709394
127.25,138.5,-71.93590063912151
128.0,138.5,-74.23964146114662
128.75,138.5,-74.90124399115219
129.5,138.5,-74.63172293147727
130.25,138.5,-76.96901914131773
131.0,138.5,-78.53042842989102
131.75,138.5,-75.21239938846055
132.5,138.5,-70.70326047136402
133.25,138.5,-69.4199158313526
134.0,138.5,-70.23366052568845
134.75,138.5,-70.93935350739804
135.5,138.5,-71.94105171643469
136.25,138.5,-72.49930322282097
137.0,138.5,-75.04051475407357
137.75,138.5,-75.49436382993301
138.5,138.5,-76.43009226405731
139.25,138.5,-78.88127038655972
140.0,138.5,-79.90139796509223
140.75,138.5,-80.1800589118891
141.5,138.5,-80.47320907428305
142.25,138.5,-80.58069366760313
143.0,138.5,-81.55984555984556
143.75,138.5,-80.47764278788823
144.5,138.5,-80.12138254154802
145.25,138.5,-79.47371098228253
146.0,138.5,-78.72345632186473
146.75,138.5,-78.30861208163445
147.5,138.5,-77.90954980907742
148.25,138.5,-78.30824590204533
149.0,138.5,-78.24329384205753
149.75,138.5,-78.37813382144353
150.5,138.5,-78.88579104169774
151.25,138.5,-80.13519864413111
152.0,138.5,-81.01295254273276
152.75,138.5,-81.90750209372975
153.5,138.5,-82.85128980605784
154.25,138.5,-83.25591739234747
155.0,138.5,-83.08578946100599
155.75,138.5,-83.20605745639494
156.5,138.5,-82.70150970412448
157.25,138.5,-82.31113670757597
158.0,138.5,-81.80945188625917
158.75,138.5,-81.20353848338962
159.5,138.5,-80.96931966325653
160.25,138.5,-80.64445636110806
161.0,138.5,-80.38880833263744
161.75,138.5,-81.52119735833166
162.5,138.5,-83.4069897832046
163.25,138.5,-83.78253928824934
164.0,138.5,-83.56414825374199
164.75,138.5,-83.30376300472894
165.5,138.5,-83.33565910789935
166.25,138.5,-83.11099216335302
167.0,138.5,-82.79118531041607
167.75,138.5,-83.32401935865352
168.5,138.5,-83.72306397306399
169.25,138.5,-83.7514806013599
170.0,138.5,-81.45165829910238
170.75,138.5,-78.72252355132643
171.5,138.5,-79.04901669056187
172.25,138.5,-79.61794635248653
173.0,138.5,-80.19491188716259
173.75,138.5,-77.508433707655
174.5,138.5,-71.82403223836856
175.25,138.5,-70.18504684896139
176.0,138.5,-74.07277462846636
176.75,138.5,-76.34073674025512
177.5,138.5,-76.97321935780562
178.25,138.5,-79.0901082148116
179.0,138.5,-83.13355364186829
179.75,138.5,-83.88030080482186
180.5,138.5,-86.11846329457087
181.25,138.5,-86.24943311655562
182.0,138.5,-86.44688741721853
182.75,138.5,-85.83865573449265
183.5,138.5,-86.11646854547882
184.25,138.5,-87.56214115487941
185.0,138.5,-88.25211993346046
185.75,138.5,-89.037053085682
186.5,138.5,-90.70014329847024
187.25,138.5,-90.7599059180078
188.0,138.5,-90.28828442925433
188.75,138.5,-89.14610211059447
189.5,138.5,-87.67993356562954
190.25,138.5,-86.66648723373535
191.0,138.5,-86.17901066696412
191.75,138.5,-86.19555541267417
192.5,138.5,-86.29252968317113
193.25,138.5,-87.08295542987223
194.0,138.5,-88.5241513857288
194.75,138.5,-88.90970620135126
195.5,138.5,-89.16351760336634
196.25,138.5,-88.98856725547847
197.0,138.5,-88.51251411358427
197.75,138.5,-89.04711656311513
198.5,138.5,-89.17722973588656
199.25,138.5,-89.01210993393835
200.0,138.5,-88.32535140634464
200.75,138.5,-87.9249089640029
201.5,138.5,-87.87226485785837
202.25,138.5,-87.19543559372829
203.0,138.5,-83.47889182058049
203.75,138.5,-83.24600798403192
204.5,138.5,-83.2579365079365
205.25,138.5,-83.18061294869104
206.0,138.5,-83.25
206.75,138.5,-85.6449785587909
207.5,138.5,-86.87301587301587
208.25,138.5,-87.06387225548902
209.0,138.5,-86.21108179419525
209.75,138.5,-87.55588822355288
210.5,138.5,-87.3888888888889
211.25,138.5,-87.1566377785108
212.0,138.5,-85.5
212.75,138.5,-84.4635199568177
213.5,138.5,-84.57936507936509
214.25,138.5,-84.46007984031935
215.0,138.5,-82.7981530343008
215.75,138.5,-80.76996007984032
216.5,138.5,-80.71031746031746
217.25,138.5,-80.6547619047619
218.0,138.5,
218.75,138.5,
219.5,138.5,
220.25,138.5,
221.0,138.5,
221.75,138.5,
222.5,138.5,
223.25,138.5,
224.0,138.5,
224.75,138.5,
225.5,138.5,
226.25,138.5,
227.0,138.5,
227.75,138.5,
228.5,138.5,
229.25,138.5,
230.0,138.5,
230.75,138.5,
77.0,139.25,
77.75,139.25,
78.5,139.25,
79.25,139.25,-79.12331470355679
80.0,139.25,-80.34735588905046
80.75,139.25,-81.3758708052493
81.5,139.25,-81.23996176485647
82.25,139.25,-81.01491675566287
83.0,139.25,-80.6908908214072
83.75,139.25,-79.58270500594594
84.5,139.25,-77.48368334148014
85.25,139.25,-76.8344992756408
86.0,139.25,-80.23607916932437
86.75,139.25,-81.24220578236428
87.5,139.25,-81.64108599246852
88.25,139.25,-82.6222847819536
89.0,139.25,-83.91228739334349
89.75,139.25,-85.3208992742658
90.5,139.25,-85.75990476045476
91.25,139.25,-85.96188636334267
92.0,139.25,-86.76200476321925
92.75,139.25,-88.56038720995521
93.5,139.25,-87.7706318585403
94.25,139.25,-83.69803062182245
95.0,139.25,-80.4227970802768
95.75,139.25,-82.5938018289424
96.5,139.25,-84.93119475403351
97.25,139.25,-85.61349190144725
98.0,139.25,-84.6816083108888
98.75,139.25,-86.36124461686013
99.5,139.25,-85.22286855507129
100.25,139.25,-80.2911642352755
101.0,139.25,-77.37443337857505
101.75,139.25,-78.88398133918929
102.5,139.25,-78.8032914957693
103.25,139.25,-78.44489877999732
104.0,139.25,-80.12910501127676
104.75,139.25,-79.89023864015441
105.5,139.25,-80.60148238078786
106.25,139.25,-82.99047947712552
107.0,139.25,-83.88089616276966
107.75,139.25,-83.28596588476192
108.5,139.25,-83.47648802505664
109.25,139.25,-83.50363837970824
110.0,139.25,-84.85939397284471
110.75,139.25,-88.55663949686617
111.5,139.25,-87.89143004950678
112.25,139.25,-85.57444162380325
113.0,139.25,-84.27255123873198
113.75,139.25,-83.30199417180992
114.5,139.25,-82.5033104318157
115.25,139.25,-82.31096272967855
116.0,139.25,-82.22471961411408
116.75,139.25,-81.54615690289242
117.5,139.25,-81.5913088509732
118.25,139.25,-80.29185568006957
119.0,139.25,-77.87818508074275
119.75,139.25,-76.9091383272833
120.5,139.25,-75.92192945380374
121.25,139.25,-72.91218747197475
122.0,139.25,-71.92070981602598
122.75,139.25,-69.33818672424356
123.5,139.25,-69.46727479615645
124.25,139.25,-69.52223775367791
125.0,139.25,-69.67285380868424
125.75,139.25,-70.26874481914383
126.5,139.25,-71.8654094384929
127.25,139.25,-72.48113945156575
128.0,139.25,-74.42818796370088
128.75,139.25,-74.85765629640773
129.5,139.25,-76.61607700290355
130.25,139.25,-77.86623020552119
131.0,139.25,-80.00178485847395
131.75,139.25,-76.28964867247316
132.5,139.25,-70.55854985705689
133.25,139.25,-68.92747523396825
134.0,139.25,-71.60189669781532
134.75,139.25,-73.96197183319649
135.5,139.25,-74.87430990031042
136.25,139.25,-75.30345317657995
137.0,139.25,-75.80230147498438
137.75,139.25,-77.74978344357824
138.5,139.25,-77.99995505244739
139.25,139.25,-80.03413249021938
140.0,139.25,-80.72408805374732
140.75,139.25,-80.49019550309772
141.5,139.25,-80.70379254421069
142.25,139.25,-81.4573254299395
143.0,139.25,-81.49002660034637
143.75,139.25,-81.20288522314641
144.5,139.25,-80.81357847388597
145.25,139.25,-79.79162998901353
146.0,139.25,-78.79707155697302
146.75,139.25,-78.29513746105192
147.5,139.25,-77.75751799453901
148.25,139.25,-77.34450643376498
149.0,139.25,-77.6410010679679
149.75,139.25,-77.84688924289685
150.5,139.25,-78.4023871159642
151.25,139.25,-79.60096862865727
152.0,139.25,-80.88118785380674
152.75,139.25,-82.15796779101673
153.5,139.25,-83.1559290709911
154.25,139.25,-83.72055721405181
155.0,139.25,-84.25629304642038
155.75,139.25,-83.77793022220054
156.5,139.25,-82.8223462510871
157.25,139.25,-82.33258649780993
158.0,139.25,-81.76195298677668
158.75,139.25,-81.24650783074863
159.5,139.25,-80.8118818039442
160.25,139.25,-80.55639835967895
161.0,139.25,-80.12782362026523
161.75,139.25,-81.47025160427432
162.5,139.25,-83.61677305143978
163.25,139.25,-83.93957517858726
164.0,139.25,-83.73547518276261
164.75,139.25,-83.20257799676004
165.5,139.25,-83.35947455090351
166.25,139.25,-83.34531984390678
167.0,139.25,-82.65915896790696
167.75,139.25,-83.50442785678904
168.5,139.25,-84.09213504578634
169.25,139.25,-84.21044864226683
170.0,139.25,-81.52307290706958
170.75,139.25,-78.07815443505413
171.5,139.25,-78.57702113162937
172.25,139.25,-79.60620535831396
173.0,139.25,-80.74627222049223
173.75,139.25,-77.44379369543994
174.5,139.25,-69.9872586511523
175.25,139.25,-68.19298169910992
176.0,139.25,-73.30781884618877
176.75,139.25,-76.34475231439657
177.5,139.25,-76.7557322531376
178.25,139.25,-78.80425374495022
179.0,139.25,-81.16252721637811
179.75,139.25,-84.08464717783208
180.5,139.25,-86.80909395824064
181.25,139.25,-86.67606319453105
182.0,139.25,-86.15914496873604
182.75,139.25,-85.24001142257774
183.5,139.25,-85.58148131821602
184.25,139.25,-86.8709156472124
185.0,139.25,-87.6793249280785
185.75,139.25,-88.434454301238
186.5,139.25,-88.30545592603052
187.25,139.25,-88.92489847850702
188.0,139.25,-88.97600392880692
188.75,139.25,-88.74642373973562
189.5,139.25,-88.06845101909911
190.25,139.25,-86.9335577100813
191.0,139.25,-86.55002422576503
191.75,139.25,-86.62953082132098
192.5,139.25,-86.81673415273454
193.25,139.25,-87.28410298659945
194.0,139.25,-88.42866431286718
194.75,139.25,-88.55977800554842
195.5,139.25,-88.5336096028502
196.25,139.25,-88.28595414696463
197.0,139.25,-88.04153028917659
197.75,139.25,-88.40821233989163
198.5,139.25,-88.87973642088205
199.25,139.25,-89.2104432188934
200.0,139.25,-89.43701390748558
200.75,139.25,-89.28324730829192
201.5,139.25,-89.31194063107337
202.25,139.25,-89.35601720420318
203.0,139.25,
203.75,139.25,
204.5,139.25,
205.25,139.25,
206.0,139.25,
206.75,139.25,
207.5,139.25,
208.25,139.25,
209.0,139.25,
209.75,139.25,
210.5,139.25,
211.25,139.25,
212.0,139.25,
212.75,139.25,
213.5,139.25,
214.25,139.25,
215.0,139.25,
215.75,139.25,
216.5,139.25,
217.25,139.25,
218.0,139.25,
218.75,139.25,
219.5,139.25,
220.25,139.25,
221.0,139.25,
221.75,139.25,
222.5,139.25,
223.25,139.25,
224.0,139.25,
224.75,139.25,
225.5,139.25,
226.25,139.25,
227.0,139.25,
227.75,139.25,
228.5,139.25,
229.25,139.25,
230.0,139.25,
230.75,139.25,
77.0,140.0,
77.75,140.0,
78.5,140.0,
79.25,140.0,-79.41816056118472
80.0,140.0,-81.70728929384964
80.75,140.0,-81.63822933765898
81.5,140.0,-81.52304217235232
82.25,140.0,-82.18456642920954
83.0,140.0,-81.71207279799945
83.75,140.0,-80.96690041294151
84.5,140.0,-80.20652173913044
85.25,140.0,-80.42814544055409
86.0,140.0,-82.3409090909091
86.75,140.0,-84.08928887838877
87.5,140.0,-84.16692347200822
88.25,140.0,-83.8856201520222
89.0,140.0,-84.34719535783366
89.75,140.0,-84.51721035634623
90.5,140.0,-84.70730815994754
91.25,140.0,-85.10738601217403
92.0,140.0,-86.8181818181818
92.75,140.0,-87.64546307539466
93.5,140.0,-87.29173764906305
94.25,140.0,-85.35092381046987
95.0,140.0,-84.10714285714283
95.75,140.0,-83.8013062481375
96.5,140.0,-83.17248722316866
97.25,140.0,-83.21252345733528
98.0,140.0,-83.04545454545453
98.75,140.0,-83.33005850535382
99.5,140.0,-82.90119250425896
100.25,140.0,-81.50514611259689
101.0,140.0,-80.66379310344824
101.75,140.0,-80.43226422503395
102.5,140.0,-79.81009057368318
103.25,140.0,-79.6991293988204
104.0,140.0,-80.21428571428571
104.75,140.0,-80.91910755906453
105.5,140.0,-81.34344853640592
106.25,140.0,-82.69934696391564
107.0,140.0,-82.9072657743786
107.75,140.0,-82.57704731269268
108.5,140.0,-82.5193703388558
109.25,140.0,-82.54108279883609
110.0,140.0,-83.29545454545455
110.75,140.0,-84.07464409388227
111.5,140.0,-84.22523164647185
112.25,140.0,-84.21476511552761
113.0,140.0,-83.82834101382488
113.75,140.0,-83.37016082397007
114.5,140.0,-82.83698043593262
115.25,140.0,-82.74046701534728
116.0,140.0,-82.15898617511523
116.75,140.0,-82.22561215971116
117.5,140.0,-81.52677593547631
118.25,140.0,-80.09447161839829
119.0,140.0,-79.0920620009394
119.75,140.0,-76.87441086302232
120.5,140.0,-75.10138032286038
121.25,140.0,-74.20220651282612
122.0,140.0,-73.44186046511626
122.75,140.0,-70.45554575862087
123.5,140.0,-70.57419212573168
124.25,140.0,-71.40418252090328
125.0,140.0,-71.52631578947368
125.75,140.0,-74.27125592156595
126.5,140.0,-74.48390450119545
127.25,140.0,-75.13220492955844
128.0,140.0,-75.37665198237886
128.75,140.0,-75.9484733619361
129.5,140.0,-76.05766602896966
130.25,140.0,-76.18230477473325
131.0,140.0,-76.22033898305082
131.75,140.0,-76.01789085678324
132.5,140.0,-75.61969904240766
133.25,140.0,-75.49953242752629
134.0,140.0,-75.82142857142856
134.75,140.0,-75.91349590126721
135.5,140.0,-76.28401287891396
136.25,140.0,-77.39444376034086
137.0,140.0,-77.56048348719901
137.75,140.0,-78.03051485135235
138.5,140.0,-79.08560844009848
139.25,140.0,-79.86250466378134
140.0,140.0,-80.59691629955947
140.75,140.0,-80.55538697157505
141.5,140.0,-81.44217698199773
142.25,140.0,-81.64287223240184
143.0,140.0,-81.65896980461814
143.75,140.0,-82.38042719743397
144.5,140.0,-80.87742024544671
145.25,140.0,-80.23616794605704
146.0,140.0,-80.0532319391635
146.75,140.0,-78.38935389730449
147.5,140.0,-77.64342779791697
148.25,140.0,-76.82478440144897
149.0,140.0,-76.65098323874884
149.75,140.0,-77.15511644628735
150.5,140.0,-77.68464160962071
151.25,140.0,-78.24830897225395
152.0,140.0,-80.71428571428572
152.75,140.0,-82.91204354831491
153.5,140.0,-83.54754370110827
154.25,140.0,-84.40218000357264
155.0,140.0,-85.16601538649408
155.75,140.0,-84.26833987499992
156.5,140.0,-83.0152501459265
157.25,140.0,-82.24737271579846
158.0,140.0,-81.64285714285714
158.75,140.0,-80.95581061402449
159.5,140.0,-80.8364421700303
160.25,140.0,-80.92705699864315
161.0,140.0,-80.9942528735632
161.75,140.0,-82.01087444464699
162.5,140.0,-83.94761499148211
163.25,140.0,-84.51056959929355
164.0,140.0,-84.31818181818181
164.75,140.0,-84.19052875593334
165.5,140.0,-84.19080068143101
166.25,140.0,-84.40977947750076
167.0,140.0,-84.60714285714283
167.75,140.0,-84.64818217939805
168.5,140.0,-84.22294841325319
169.25,140.0,-83.93712803433809
170.0,140.0,-82.58333333333331
170.75,140.0,-80.26163107706357
171.5,140.0,-79.23424917373187
172.25,140.0,-79.42222565607081
173.0,140.0,-78.92160214922457
173.75,140.0,-76.47159987877077
174.5,140.0,-72.8487616138304
175.25,140.0,-71.8155200521868
176.0,140.0,-73.73770491803278
176.75,140.0,-75.76503637516504
177.5,140.0,-77.05270095803749
178.25,140.0,-79.10979834756284
179.0,140.0,-83.0598082800778
179.75,140.0,-85.65757435797921
180.5,140.0,-86.88327034765776
181.25,140.0,-87.91336710822188
182.0,140.0,-86.66666666666666
182.75,140.0,-86.22508035951927
183.5,140.0,-86.28074445965818
184.25,140.0,-85.91439843403721
185.0,140.0,-86.26509054325955
185.75,140.0,-86.66078181856682
186.5,140.0,-87.00593604525912
187.25,140.0,-87.47840353279193
188.0,140.0,-87.84911894273128
188.75,140.0,-87.80894057717333
189.5,140.0,-87.27616320568572
190.25,140.0,-87.05135346942856
191.0,140.0,-86.80092592592594
191.75,140.0,-86.5882530399158
192.5,140.0,-87.0200566905543
193.25,140.0,-87.35802859609097
194.0,140.0,-88.2565295915532
194.75,140.0,-88.21318641864103
195.5,140.0,-88.02762171085155
196.25,140.0,-87.92400965378292
197.0,140.0,-87.72932486538728
197.75,140.0,-87.93795732816402
198.5,140.0,-88.36544430714437
199.25,140.0,-88.81983075110634
200.0,140.0,-89.1789211876263
200.75,140.0,-89.43131220435193
201.5,140.0,-89.63774588518666
202.25,140.0,-88.61097178683386
203.0,140.0,
203.75,140.0,
204.5,140.0,
205.25,140.0,
206.0,140.0,
206.75,140.0,
207.5,140.0,
208.25,140.0,
209.0,140.0,
209.75,140.0,
210.5,140.0,
211.25,140.0,
212.0,140.0,
212.75,140.0,
213.5,140.0,
214.25,140.0,
215.0,140.0,
215.75,140.0,
216.5,140.0,
217.25,140.0,
218.0,140.0,
218.75,140.0,
219.5,140.0,
220.25,140.0,
221.0,140.0,
221.75,140.0,
222.5,140.0,
223.25,140.0,
224.0,140.0,
224.75,140.0,
225.5,140.0,
226.25,140.0,
227.0,140.0,
227.75,140.0,
228.5,140.0,
229.25,140.0,
230.0,140.0,
230.75,140.0,
77.0,140.75,
77.75,140.75,
78.5,140.75,
79.25,140.75,-80.7704081632653
80.0,140.75,-81.88404946014786
80.75,140.75,-82.34502381030578
81.5,140.75,-82.4764931718984
82.25,140.75,-82.81246899482309
83.0,140.75,-82.52983349255567
83.75,140.75,-81.75561068818223
84.5,140.75,-81.10777118761817
85.25,140.75,-80.93271760325797
86.0,140.75,-84.16457598403547
86.75,140.75,-88.62595734035077
87.5,140.75,-87.97631588090233
88.25,140.75,-85.98259476783774
89.0,140.75,-84.61905952452149
89.75,140.75,-84.03285375407127
90.5,140.75,-82.47971098889982
91.25,140.75,-81.92460783339199
92.0,140.75,-86.4129594878022
92.75,140.75,-89.57028136803076
93.5,140.75,-88.9799552110008
94.25,140.75,-87.26637638195771
95.0,140.75,-86.3579155376917
95.75,140.75,-84.37960840670642
96.5,140.75,-81.06966377841204
97.25,140.75,-80.50591669843028
98.0,140.75,-81.68765612434784
98.75,140.75,-81.29419547749089
99.5,140.75,-81.52451145109042
100.25,140.75,-82.04202103614918
101.0,140.75,-82.83568779828123
101.75,140.75,-81.79578658961424
102.5,140.75,-80.57607813295328
103.25,140.75,-80.52933608330498
104.0,140.75,-80.3948894574143
104.75,140.75,-81.51612291779534
105.5,140.75,-81.44337009208532
106.25,140.75,-81.71826161025194
107.0,140.75,-82.36832432777523
107.75,140.75,-81.67071084446984
108.5,140.75,-80.86449944241828
109.25,140.75,-80.4256199845793
110.0,140.75,-81.64060602715534
110.75,140.75,-80.52476915967944
111.5,140.75,-81.05238457052488
112.25,140.75,-82.61082758115928
113.0,140.75,-82.87726098682697
113.75,140.75,-83.20696319166211
114.5,140.75,-83.23634821967717
115.25,140.75,-83.00917783224662
116.0,140.75,-82.20924769984643
116.75,140.75,-82.26413103565874
117.5,140.75,-81.63852825211175
118.25,140.75,-81.14034004041208
119.0,140.75,-81.25385055620436
119.75,140.75,-78.5524202377923
120.5,140.75,-78.1028748904576
121.25,140.75,-78.3977128335451
122.0,140.75,-72.63501063075833
122.75,140.75,-73.42222222222222
123.5,140.75,-73.02492993400233
124.25,140.75,-73.36042664049745
125.0,140.75,-75.68333897784193
125.75,140.75,-77.36755337394136
126.5,140.75,-77.21533349796732
127.25,140.75,-77.05375616943117
128.0,140.75,-75.9597254285791
128.75,140.75,-76.50377202118236
129.5,140.75,-75.46476623950083
130.25,140.75,-74.54859709945815
131.0,140.75,-72.8854320960685
131.75,140.75,-75.73832463046813
132.5,140.75,-80.562837965718
133.25,140.75,-82.04511328596327
134.0,140.75,-79.17490832498538
134.75,140.75,-77.89554780476489
135.5,140.75,-77.95200770615367
136.25,140.75,-77.9965329028944
137.0,140.75,-78.02792671610146
137.75,140.75,-78.98370710335675
138.5,140.75,-78.9013894973652
139.25,140.75,-79.8812850166866
140.0,140.75,-80.40811013454409
140.75,140.75,-81.04376155255216
141.5,140.75,-81.63126719473473
142.25,140.75,-81.94460195720391
143.0,140.75,-81.96034623153888
143.75,140.75,-82.34202461220828
144.5,140.75,-81.79900883894098
145.25,140.75,-80.22120756407436
146.0,140.75,-79.9269786421911
146.75,140.75,-79.0604853973926
147.5,140.75,-77.82218094584829
148.25,140.75,-76.32428960627296
149.0,140.75,-75.21281252963341
149.75,140.75,-76.56923129926518
150.5,140.75,-76.85508274575088
151.25,140.75,-76.59398561752849
152.0,140.75,-80.63309312943508
152.75,140.75,-83.73469850084393
153.5,140.75,-83.87701967956664
154.25,140.75,-85.10987392281481
155.0,140.75,-86.75574241216012
155.75,140.75,-84.91993490894058
156.5,140.75,-82.50957861921773
157.25,140.75,-82.05549579249575
158.0,140.75,-81.55024412819553
158.75,140.75,-80.25901578500788
159.5,140.75,-80.47422708146088
160.25,140.75,-80.70164249129867
161.0,140.75,-80.17289885128446
161.75,140.75,-81.9081505053462
162.5,140.75,-85.61544766525299
163.25,140.75,-86.49126003755772
164.0,140.75,-85.13187764524817
164.75,140.75,-84.55262514540858
165.5,140.75,-84.63538761467437
166.25,140.75,-85.66779303174611
167.0,140.75,-86.7954959006379
167.75,140.75,-85.73256967231755
168.5,140.75,-84.86021263832586
169.25,140.75,-84.82931885761181
170.0,140.75,-83.66205061391003
170.75,140.75,-82.17836083776378
171.5,140.75,-79.98010804765897
172.25,140.75,-79.33024826404352
173.0,140.75,-78.05489865127264
173.75,140.75,-76.14835795203683
174.5,140.75,-74.54967243151957
175.25,140.75,-73.9103433171229
176.0,140.75,-74.4224761471661
176.75,140.75,-75.90221871702481
177.5,140.75,-77.59034844803043
178.25,140.75,-79.89434060757644
179.0,140.75,-84.06508189143479
179.75,140.75,-87.28446234725789
180.5,140.75,-88.51566920733806
181.25,140.75,-88.79272230539608
182.0,140.75,-87.05212233500666
182.75,140.75,-85.31582086086425
183.5,140.75,-85.55243604087704
184.25,140.75,-86.38632581452626
185.0,140.75,-86.91145793453158
185.75,140.75,-86.42834890029529
186.5,140.75,-86.18540013464253
187.25,140.75,-86.40596111621305
188.0,140.75,-86.45557255934618
188.75,140.75,-86.7031487357701
189.5,140.75,-86.75670848861294
190.25,140.75,-86.5733179839669
191.0,140.75,-89.33267326732674
191.75,140.75,-85.15467767062023
192.5,140.75,-86.86430829040538
193.25,140.75,-87.852717906948
194.0,140.75,-87.97254887199914
194.75,140.75,-88.1278622956757
195.5,140.75,-87.90123185268027
196.25,140.75,-87.13797443362826
197.0,140.75,-86.58274999272255
197.75,140.75,-87.14006439425744
198.5,140.75,-87.97395118629919
199.25,140.75,-88.56790128362441
200.0,140.75,-89.05332900718953
200.75,140.75,-89.39797683086842
201.5,140.75,-89.63509648465757
202.25,140.75,-88.8232209574845
203.0,140.75,
203.75,140.75,
204.5,140.75,
205.25,140.75,
206.0,140.75,
206.75,140.75,
207.5,140.75,
208.25,140.75,
209.0,140.75,
209.75,140.75,
210.5,140.75,
211.25,140.75,
212.0,140.75,
212.75,140.75,
213.5,140.75,
214.25,140.75,
215.0,140.75,
215.75,140.75,
216.5,140.75,
217.25,140.75,
218.0,140.75,
218.75,140.75,
219.5,140.75,
220.25,140.75,
221.0,140.75,
221.75,140.75,
222.5,140.75,
223.25,140.75,
224.0,140.75,
224.75,140.75,
225.5,140.75,
226.25,140.75,
227.0,140.75,
227.75,140.75,
228.5,140.75,
229.25,140.75,
230.0,140.75,
230.75,140.75,
77.0,141.5,
77.75,141.5,
78.5,141.5,
79.25,141.5,-84.06553094373896
80.0,141.5,-82.3135763364129
80.75,141.5,-82.72355047173457
81.5,141.5,-83.49458836327337
82.25,141.5,-83.56906657705252
83.0,141.5,-83.60479667327024
83.75,141.5,-83.35481032416905
84.5,141.5,-82.33154506437768
85.25,141.5,-82.11706881531772
86.0,141.5,-85.09030165538266
86.75,141.5,-88.15402868413385
87.5,141.5,-88.18650238028565
88.25,141.5,-86.58742522638805
89.0,141.5,-85.30210365004179
89.75,141.5,-85.08747030857278
90.5,141.5,-83.2736107650137
91.25,141.5,-83.10136674371259
92.0,141.5,-86.83304940374788
92.75,141.5,-89.37312594125584
93.5,141.5,-89.4111909650924
94.25,141.5,-87.95439982548896
95.0,141.5,-86.57740711146623
95.75,141.5,-84.66518861446076
96.5,141.5,-81.70482546201232
97.25,141.5,-80.83904783216332
98.0,141.5,-81.43817258121025
98.75,141.5,-81.33149243856322
99.5,141.5,-81.33333333333334
100.25,141.5,-82.10953840172627
101.0,141.5,-82.63181828534121
101.75,141.5,-82.03971616273668
102.5,141.5,-81.0815288242703
103.25,141.5,-80.54594514056897
104.0,141.5,-80.70798344583447
104.75,141.5,-81.25604648493359
105.5,141.5,-81.2600546583065
106.25,141.5,-81.67337634093055
107.0,141.5,-81.93691009525467
107.75,141.5,-81.87201412431733
108.5,141.5,-81.02644526445265
109.25,141.5,-80.90310488087903
110.0,141.5,-81.64608177172062
110.75,141.5,-80.94505710807479
111.5,141.5,-81.3809494144032
112.25,141.5,-82.28405284619949
113.0,141.5,-82.9821405139449
113.75,141.5,-84.19024685647345
114.5,141.5,-83.24057562640095
115.25,141.5,-82.4206694702551
116.0,141.5,-82.44944560473051
116.75,141.5,-82.58689528743356
117.5,141.5,-81.57470550758494
118.25,141.5,-81.1379697417409
119.0,141.5,-80.79915227632804
119.75,141.5,-80.84396483335348
120.5,141.5,-79.58266129032259
121.25,141.5,-79.60264476166047
122.0,141.5,-79.99999999999999
122.75,141.5,-79.79080324126085
123.5,141.5,-80.15809025303287
124.25,141.5,-79.43415607507599
125.0,141.5,-78.82316607402528
125.75,141.5,-77.73565553107669
126.5,141.5,-77.22245219683269
127.25,141.5,-77.01888118958138
128.0,141.5,-76.70465862106076
128.75,141.5,-76.52213549239885
129.5,141.5,-76.58108460192801
130.25,141.5,-75.43921842065568
131.0,141.5,-73.92044874553403
131.75,141.5,-76.39044003803217
132.5,141.5,-80.08996825009159
133.25,141.5,-81.24105527973956
134.0,141.5,-79.4349237266538
134.75,141.5,-78.42620611020106
135.5,141.5,-78.1625887472326
136.25,141.5,-79.16261792548063
137.0,141.5,-79.24269999424061
137.75,141.5,-78.91363144372502
138.5,141.5,-78.52620383268702
139.25,141.5,-79.21916671710679
140.0,141.5,-80.13869909811423
140.75,141.5,-81.12793226071634
141.5,141.5,-81.88705244531455
142.25,141.5,-82.42289682436017
143.0,141.5,-83.14121983528192
143.75,141.5,-82.37645813047902
144.5,141.5,-81.23003651970933
145.25,141.5,-80.50179409705684
146.0,141.5,-80.05020954856029
146.75,141.5,-80.44112134480704
147.5,141.5,-79.1130329847144
148.25,141.5,-77.23276647883445
149.0,141.5,-76.16157538383291
149.75,141.5,-77.40328605964886
150.5,141.5,-77.77939919404079
151.25,141.5,-77.74010936650876
152.0,141.5,-81.10123119015046
152.75,141.5,-83.46096135094422
153.5,141.5,-83.72078397850775
154.25,141.5,-84.48618235185035
155.0,141.5,-85.85054969148369
155.75,141.5,-84.32380114170134
156.5,141.5,-82.63168501636595
157.25,141.5,-82.16575406583301
158.0,141.5,-81.89936529146483
158.75,141.5,-80.86138871176227
159.5,141.5,-81.03687112336321
160.25,141.5,-81.1006103905189
161.0,141.5,-80.61317742086972
161.75,141.5,-82.17976074815411
162.5,141.5,-85.35142038375281
163.25,141.5,-86.11086960578639
164.0,141.5,-85.22077690662866
164.75,141.5,-84.6872242856505
165.5,141.5,-84.8023922252679
166.25,141.5,-85.76727528170487
167.0,141.5,-86.49997621539339
167.75,141.5,-85.80692089265229
168.5,141.5,-84.92546663257478
169.25,141.5,-84.80079090772028
170.0,141.5,-84.00125931708766
170.75,141.5,-82.96339611415638
171.5,141.5,-80.82381560351584
172.25,141.5,-79.47330871601115
173.0,141.5,-78.54499181915068
173.75,141.5,-76.15450336471875
174.5,141.5,-75.32742520185894
175.25,141.5,-74.54605894991391
176.0,141.5,-75.65277283516201
176.75,141.5,-76.50160187455776
177.5,141.5,-78.23812218715028
178.25,141.5,-80.76464062901427
179.0,141.5,-84.71565219801752
179.75,141.5,-87.59592093742586
180.5,141.5,-88.4838800834038
181.25,141.5,-88.63906052389353
182.0,141.5,-87.54013485789626
182.75,141.5,-86.06927786900305
183.5,141.5,-86.13911704312115
184.25,141.5,-86.23494518504847
185.0,141.5,-86.34503861375069
185.75,141.5,-85.60458867429251
186.5,141.5,-84.99057364139999
187.25,141.5,-85.8130817755821
188.0,141.5,-86.18142192932225
188.75,141.5,-85.80630091688097
189.5,141.5,-86.08763473286898
190.25,141.5,-87.3974102106894
191.0,141.5,
191.75,141.5,-87.17697768762676
192.5,141.5,-87.15425531914894
193.25,141.5,-88.47259959162218
194.0,141.5,-88.20669678641697
194.75,141.5,-88.24816864745677
195.5,141.5,-87.7179203539823
196.25,141.5,-87.08136868371675
197.0,141.5,-86.72216095061903
197.75,141.5,-87.15335846333292
198.5,141.5,-87.97923452768731
199.25,141.5,-88.7035406917202
200.0,141.5,-89.21709209714058
200.75,141.5,-89.55132155176116
201.5,141.5,-89.0176075030968
202.25,141.5,-89.11012927984551
203.0,141.5,
203.75,141.5,
204.5,141.5,
205.25,141.5,
206.0,141.5,
206.75,141.5,
207.5,141.5,
208.25,141.5,
209.0,141.5,
209.75,141.5,
210.5,141.5,
211.25,141.5,
212.0,141.5,
212.75,141.5,
213.5,141.5,
214.25,141.5,
215.0,141.5,
215.75,141.5,
216.5,141.5,
217.25,141.5,
218.0,141.5,
218.75,141.5,
219.5,141.5,
220.25,141.5,
221.0,141.5,
221.75,141.5,
222.5,141.5,
223.25,141.5,
224.0,141.5,
224.75,141.5,
225.5,141.5,
226.25,141.5,
227.0,141.5,
227.75,141.5,
228.5,141.5,
229.25,141.5,
230.0,141.5,
230.75,141.5,
77.0,142.25,
77.75,142.25,
78.5,142.25,
79.25,142.25,-85.82692307692308
80.0,142.25,-83.50200019822869
80.75,142.25,-83.26204192162307
81.5,142.25,-84.12836395569792
82.25,142.25,-84.4431218290403
83.0,142.25,-85.28450222298513
83.75,142.25,-85.95326918472813
84.5,142.25,-87.14501783871687
85.25,142.25,-87.57338674508577
86.0,142.25,-86.85964342709133
86.75,142.25,-87.30592263620846
87.5,142.25,-87.51513650292446
88.25,142.25,-86.95918347672335
89.0,142.25,-85.61704019814104
89.75,142.25,-86.18463878856194
90.5,142.25,-86.1192823264682
91.25,142.25,-86.37423863959398
92.0,142.25,-88.08230519088464
92.75,142.25,-90.43488410127901
93.5,142.25,-90.42852163935568
94.25,142.25,-88.71270378914149
95.0,142.25,-87.71439730699322
95.75,142.25,-85.77266677272736
96.5,142.25,-82.30426406310603
97.25,142.25,-81.35298066502692
98.0,142.25,-81.50193259611727
98.75,142.25,-81.74683096998844
99.5,142.25,-81.39109243925043
100.25,142.25,-81.79635327241373
101.0,142.25,-81.94134577365013
101.75,142.25,-81.69496825125721
102.5,142.25,-81.1786772719469
103.25,142.25,-80.52590515565277
104.0,142.25,-80.67335538442462
104.75,142.25,-81.17182790738359
105.5,142.25,-81.12412784654981
106.25,142.25,-81.96988604421352
107.0,142.25,-82.09722645595868
107.75,142.25,-82.24642515195717
108.5,142.25,-82.55712524124614
109.25,142.25,-82.80663285622764
110.0,142.25,-82.55053640607927
110.75,142.25,-82.68189240874463
111.5,142.25,-82.7717536951354
112.25,142.25,-82.81769838929326
113.0,142.25,-83.94636862630436
113.75,142.25,-84.25421035646949
114.5,142.25,-84.13320508717013
115.25,142.25,-84.31360084450786
116.0,142.25,-83.37762323532397
116.75,142.25,-82.96195153927972
117.5,142.25,-82.65872641936525
118.25,142.25,-81.49040504968542
119.0,142.25,-80.4654762204491
119.75,142.25,-80.56992827604601
120.5,142.25,-79.3648613149596
121.25,142.25,-79.57853444229812
122.0,142.25,-79.68531098903081
122.75,142.25,-79.86544864156646
123.5,142.25,-79.43824180365915
124.25,142.25,-79.18906899973781
125.0,142.25,-78.89595752938006
125.75,142.25,-78.20951648514095
126.5,142.25,-76.88930738652844
127.25,142.25,-76.90394429132918
128.0,142.25,-76.73161108336348
128.75,142.25,-76.76112960473012
129.5,142.25,-77.03573528756996
130.25,142.25,-77.3838120025604
131.0,142.25,-77.91613653944691
131.75,142.25,-78.11547280560741
132.5,142.25,-78.98923026559044
133.25,142.25,-79.2748458072268
134.0,142.25,-79.0163563600012
134.75,142.25,-78.37437037445902
135.5,142.25,-78.48962165601878
136.25,142.25,-78.69327599875493
137.0,142.25,-79.27162131608313
137.75,142.25,-78.97367320703292
138.5,142.25,-77.73084722824876
139.25,142.25,-77.6773998913745
140.0,142.25,-79.83167913225336
140.75,142.25,-81.65862220663037
141.5,142.25,-82.09962019631612
142.25,142.25,-83.11032929188644
143.0,142.25,-84.02761939856074
143.75,142.25,-82.68937126580224
144.5,142.25,-79.958164461724
145.25,142.25,-79.4698322758291
146.0,142.25,-80.94890291021233
146.75,142.25,-81.38392605903243
147.5,142.25,-80.98747809726927
148.25,142.25,-79.82897927298183
149.0,142.25,-79.41530336898538
149.75,142.25,-79.51550176483279
150.5,142.25,-80.93597624027733
151.25,142.25,-81.69688581835577
152.0,142.25,-82.25586622314124
152.75,142.25,-83.34522723150677
153.5,142.25,-83.37971795116309
154.25,142.25,-82.994285315773
155.0,142.25,-82.18420912539875
155.75,142.25,-82.69931288700631
156.5,142.25,-82.71440413790124
157.25,142.25,-82.62804110840591
158.0,142.25,-83.08164516444813
158.75,142.25,-83.86030943416232
159.5,142.25,-83.5069208400421
160.25,142.25,-82.43375965218738
161.0,142.25,-82.0607986201618
161.75,142.25,-82.80156452586647
162.5,142.25,-84.43162566710726
163.25,142.25,-84.84105968958595
164.0,142.25,-85.03664890015072
164.75,142.25,-85.0041160590107
165.5,142.25,-85.105181537207
166.25,142.25,-85.48177569515838
167.0,142.25,-85.63476363303133
167.75,142.25,-85.45231504861745
168.5,142.25,-84.82169049513925
169.25,142.25,-84.54127527964964
170.0,142.25,-83.9017490328851
170.75,142.25,-83.24002090971885
171.5,142.25,-81.12922201328593
172.25,142.25,-79.65121190797534
173.0,142.25,-78.22274954315361
173.75,142.25,-77.13672315908487
174.5,142.25,-75.73367395005653
175.25,142.25,-75.05053323362706
176.0,142.25,-76.39910154151632
176.75,142.25,-77.13851591399381
177.5,142.25,-80.42400318815378
178.25,142.25,-83.081465895875
179.0,142.25,-85.00262847489486
179.75,142.25,-87.62612245528817
180.5,142.25,-88.42430011177198
181.25,142.25,-88.57608059315285
182.0,142.25,-89.06462532403424
182.75,142.25,-90.11097646290229
183.5,142.25,-88.74573028930118
184.25,142.25,-84.96533855593218
185.0,142.25,-82.70619178090013
185.75,142.25,-83.18726580948304
186.5,142.25,-83.8684803008605
187.25,142.25,-84.94150019038631
188.0,142.25,-85.45840061915787
188.75,142.25,-85.88940939070163
189.5,142.25,-85.28154356462754
190.25,142.25,-82.841651805679
191.0,142.25,
191.75,142.25,
192.5,142.25,-87.12173396674584
193.25,142.25,-87.08229813664596
194.0,142.25,-87.89138343327225
194.75,142.25,-88.39909655273037
195.5,142.25,-88.02287676166512
196.25,142.25,-87.65553545721937
197.0,142.25,-87.53773330828689
197.75,142.25,-87.92319829519636
198.5,142.25,-88.63722579191442
199.25,142.25,-89.27960981142651
200.0,142.25,-89.2382515912588
200.75,142.25,-89.41133762861813
201.5,142.25,-89.46534864954668
202.25,142.25,-89.89021164021165
203.0,142.25,
203.75,142.25,
204.5,142.25,
205.25,142.25,
206.0,142.25,
206.75,142.25,
207.5,142.25,
208.25,142.25,
209.0,142.25,
209.75,142.25,
210.5,142.25,
211.25,142.25,
212.0,142.25,
212.75,142.25,
213.5,142.25,
214.25,142.25,
215.0,142.25,
215.75,142.25,
216.5,142.25,
217.25,142.25,
218.0,142.25,
218.75,142.25,
219.5,142.25,
220.25,142.25,
221.0,142.25,
221.75,142.25,
222.5,142.25,
223.25,142.25,
224.0,142.25,
224.75,142.25,
225.5,142.25,
226.25,142.25,
227.0,142.25,
227.75,142.25,
228.5,142.25,
229.25,142.25,
230.0,142.25,
230.75,142.25,
77.0,143.0,
77.75,143.0,
78.5,143.0,
79.25,143.0,
80.0,143.0,-85.62025316455697
80.75,143.0,-84.22498520583221
81.5,143.0,-84.98328340430426
82.25,143.0,-85.3469576086223
83.0,143.0,-86.84615384615384
83.75,143.0,-87.83748777096389
84.5,143.0,-89.96222591610325
85.25,143.0,-90.6830385773586
86.0,143.0,-88.38924050632912
86.75,143.0,-87.55585447706754
87.5,143.0,-87.38594729396215
88.25,143.0,-87.18546570009293
89.0,143.0,-86.5
89.75,143.0,-86.92355320997783
90.5,143.0,-86.87917258185739
91.25,143.0,-87.0327102833738
92.0,143.0,-88.81557377049178
92.75,143.0,-92.56140798001825
93.5,143.0,-91.7165401518178
94.25,143.0,-89.00414971997226
95.0,143.0,-88.99999999999756
95.75,143.0,-86.60705908618154
96.5,143.0,-81.37988047219397
97.25,143.0,-80.27912774226093
98.0,143.0,-81.75095602294455
98.75,143.0,-82.33362279261911
99.5,143.0,-82.43281066504284
100.25,143.0,-81.79341665055932
101.0,143.0,-80.97916666666666
101.75,143.0,-81.46366260960212
102.5,143.0,-81.14628935764513
103.25,143.0,-80.6158435213565
104.0,143.0,-80.90189873417721
104.75,143.0,-81.45821375237678
105.5,143.0,-81.24545906850032
106.25,143.0,-82.0142404841914
107.0,143.0,-82.23148148148148
107.75,143.0,-82.8946437791431
108.5,143.0,-83.627842260489
109.25,143.0,-83.88664367003383
110.0,143.0,-83.32142857142854
110.75,143.0,-83.47732093560076
111.5,143.0,-83.52869352869352
112.25,143.0,-83.81911795153027
113.0,143.0,-83.66666666666667
113.75,143.0,-83.74599511059843
114.5,143.0,-84.40560369857508
115.25,143.0,-83.71362934048253
116.0,143.0,-83.1678108314264
116.75,143.0,-82.75988452252334
117.5,143.0,-81.94314453848288
118.25,143.0,-81.3611591918259
119.0,143.0,-80.86363636363636
119.75,143.0,-79.99007105889865
120.5,143.0,-79.91992589060071
121.25,143.0,-79.89229840862582
122.0,143.0,-79.74783916959488
122.75,143.0,-79.83090919207346
123.5,143.0,-79.58495054932766
124.25,143.0,-79.37514536809996
125.0,143.0,-79.04255319148936
125.75,143.0,-78.54460755732566
126.5,143.0,-77.77917060291438
127.25,143.0,-77.19507180839601
128.0,143.0,-76.81221198156683
128.75,143.0,-76.61898786472356
129.5,143.0,-77.27083754626123
130.25,143.0,-78.14961379231956
131.0,143.0,-78.99999999999763
131.75,143.0,-78.61287176903858
132.5,143.0,-78.8462844586496
133.25,143.0,-78.94992774645519
134.0,143.0,-78.3401639344262
134.75,143.0,-78.00226809852411
135.5,143.0,-78.12513885691982
136.25,143.0,-78.91862351727937
137.0,143.0,-79.99999999999768
137.75,143.0,-79.18034209261901
138.5,143.0,-77.02307276602983
139.25,143.0,-76.3176344490418
140.0,143.0,-79.75423728813558
140.75,143.0,-81.94564660729473
141.5,143.0,-82.19879807451737
142.25,143.0,-83.63647673262044
143.0,143.0,-84.99999999999724
143.75,143.0,-83.22522714130287
144.5,143.0,-78.78210722256136
145.25,143.0,-77.4770549911673
146.0,143.0,-80.97457627118644
146.75,143.0,-81.96999909611235
147.5,143.0,-81.84862844390179
148.25,143.0,-80.6725470217703
149.0,143.0,-80.00000000000088
149.75,143.0,-80.4560890321926
150.5,143.0,-82.99944457232067
151.25,143.0,-83.77955446301372
152.0,143.0,-83.0508474576271
152.75,143.0,-83.90648466558446
153.5,143.0,-83.59228105641343
154.25,143.0,-81.78959701291787
155.0,143.0,-80.00000000000388
155.75,143.0,-81.33998009398937
156.5,143.0,-82.44044472623843
157.25,143.0,-82.9919778314388
158.0,143.0,-84.16735112936344
158.75,143.0,-85.81493248823902
159.5,143.0,-85.34278288918705
160.25,143.0,-83.6530832330206
161.0,143.0,-83.01449275362317
161.75,143.0,-83.16160562091245
162.5,143.0,-84.04555032975254
163.25,143.0,-84.960690313464
164.0,143.0,-84.84029649595686
164.75,143.0,-84.89076044981255
165.5,143.0,-85.20486988421251
166.25,143.0,-85.32912800769518
167.0,143.0,-85.42452830188678
167.75,143.0,-85.20275843147427
168.5,143.0,-84.6511888978749
169.25,143.0,-84.38789434076207
170.0,143.0,-83.784706331045
170.75,143.0,-83.32956965259987
171.5,143.0,-81.2504227959036
172.25,143.0,-80.33868581093067
173.0,143.0,-78.43181818181819
173.75,143.0,-76.8965652013211
174.5,143.0,-76.25886076005428
175.25,143.0,-74.68099948188423
176.0,143.0,-76.7717483108108
176.75,143.0,-77.62722905616332
177.5,143.0,-81.57631584238422
178.25,143.0,-83.41547811519801
179.0,143.0,-85.21428571428572
179.75,143.0,-87.20002070104627
180.5,143.0,-88.16009064726806
181.25,143.0,-88.87998855512548
182.0,143.0,-90.47279260780287
182.75,143.0,-93.5308750553869
183.5,143.0,-91.62817619567066
184.25,143.0,-83.72373095797299
185.0,143.0,-79.50000000000708
185.75,143.0,-81.4449597886324
186.5,143.0,-83.01726062922877
187.25,143.0,-83.72599636404817
188.0,143.0,-84.03360191713264
188.75,143.0,-84.17832970725244
189.5,143.0,-82.62741312741313
190.25,143.0,-82.67952415284789
191.0,143.0,
191.75,143.0,
192.5,143.0,
193.25,143.0,-87.06298701298702
194.0,143.0,-88.1489138051857
194.75,143.0,-88.07770614261385
195.5,143.0,-88.02226967663209
196.25,143.0,-88.04693129770993
197.0,143.0,-88.28571428571429
197.75,143.0,-88.84978857709349
198.5,143.0,-89.55786307648238
199.25,143.0,-90.02758900180811
200.0,143.0,-90.16019417475728
200.75,143.0,-90.0994097841332
201.5,143.0,-90.36594202898553
202.25,143.0,-90.26355013550136
203.0,143.0,
203.75,143.0,
204.5,143.0,
205.25,143.0,
206.0,143.0,
206.75,143.0,
207.5,143.0,
208.25,143.0,
209.0,143.0,
209.75,143.0,
210.5,143.0,
211.25,143.0,
212.0,143.0,
212.75,143.0,
213.5,143.0,
214.25,143.0,
215.0,143.0,
215.75,143.0,
216.5,143.0,
217.25,143.0,
218.0,143.0,
218.75,143.0,
219.5,143.0,
220.25,143.0,
221.0,143.0,
221.75,143.0,
222.5,143.0,
223.25,143.0,
224.0,143.0,
224.75,143.0,
225.5,143.0,
226.25,143.0,
227.0,143.0,
227.75,143.0,
228.5,143.0,
229.25,143.0,
230.0,143.0,
230.75,143.0,
77.0,143.75,
77.75,143.75,
78.5,143.75,
79.25,143.75,-87.79761904761905
80.0,143.75,-85.57301991201822
80.75,143.75,-85.67780743341189
81.5,143.75,-85.03051599222567
82.25,143.75,-86.4428970601641
83.0,143.75,-86.74578570494876
83.75,143.75,-87.30617452758325
84.5,143.75,-88.2289276063614
85.25,143.75,-88.47443197056016
86.0,143.75,-87.542508678129
86.75,143.75,-87.19554453219688
87.5,143.75,-87.31377309393547
88.25,143.75,-87.19348592782991
89.0,143.75,-86.20202641743266
89.75,143.75,-86.50594775886437
90.5,143.75,-86.6331130876871
91.25,143.75,-87.12430874490613
92.0,143.75,-88.16158966844178
92.75,143.75,-89.76645315373716
93.5,143.75,-89.58385121645478
94.25,143.75,-88.41851857466794
95.0,143.75,-88.07488980713954
95.75,143.75,-86.44647749447189
96.5,143.75,-83.7953303480642
97.25,143.75,-82.84783707837856
98.0,143.75,-83.51243084586466
98.75,143.75,-83.25360736409064
99.5,143.75,-83.18470020108546
100.25,143.75,-83.11743965588688
101.0,143.75,-81.97305955832037
101.75,143.75,-81.60367484251695
102.5,143.75,-80.42897981861022
103.25,143.75,-80.6697969158921
104.0,143.75,-80.61205994875078
104.75,143.75,-81.0208165177692
105.5,143.75,-81.4161649496576
106.25,143.75,-81.91590056329709
107.0,143.75,-82.42405142012039
107.75,143.75,-82.61187755429462
108.5,143.75,-82.96538451511626
109.25,143.75,-83.22702558076891
110.0,143.75,-83.62334856461706
110.75,143.75,-84.20485068463657
111.5,143.75,-84.31714071684199
112.25,143.75,-84.17901319989521
113.0,143.75,-83.88179842417337
113.75,143.75,-84.269079687461
114.5,143.75,-84.51111874221453
115.25,143.75,-84.07449144605862
116.0,143.75,-83.4709102731215
116.75,143.75,-82.81590588812927
117.5,143.75,-81.82327393060272
118.25,143.75,-81.06957776944877
119.0,143.75,-80.56783161147747
119.75,143.75,-80.05259163062628
120.5,143.75,-79.72408528775188
121.25,143.75,-80.33990587806079
122.0,143.75,-79.81863731290461
122.75,143.75,-79.97771000232929
123.5,143.75,-79.78346485267656
124.25,143.75,-79.66788791433834
125.0,143.75,-79.34023067012859
125.75,143.75,-78.63291104477925
126.5,143.75,-77.36132826506739
127.25,143.75,-76.66388727381023
128.0,143.75,-76.84111343685379
128.75,143.75,-76.53157656741594
129.5,143.75,-77.00327946144154
130.25,143.75,-77.9736897674187
131.0,143.75,-78.38053108794583
131.75,143.75,-78.12337278544355
132.5,143.75,-78.5177954120255
133.25,143.75,-77.90941885505514
134.0,143.75,-77.51640431682759
134.75,143.75,-77.20317671080008
135.5,143.75,-77.3949596380549
136.25,143.75,-78.41992494972908
137.0,143.75,-79.14044513577356
137.75,143.75,-78.87883968988349
138.5,143.75,-78.6795625670097
139.25,143.75,-78.57188579855554
140.0,143.75,-80.35417603164613
140.75,143.75,-81.82936953661897
141.5,143.75,-82.46170154939736
142.25,143.75,-83.83486535533721
143.0,143.75,-84.33746315495681
143.75,143.75,-83.45886294307316
144.5,143.75,-81.65044631103645
145.25,143.75,-81.04885835779983
146.0,143.75,-82.52751056369684
146.75,143.75,-82.97260442548055
147.5,143.75,-82.88105704801423
148.25,143.75,-81.70101958265991
149.0,143.75,-80.73660333430206
149.75,143.75,-81.12947016268313
150.5,143.75,-82.27565375152713
151.25,143.75,-82.95121108585627
152.0,143.75,-82.97203218602671
152.75,143.75,-83.47991103551486
153.5,143.75,-83.16691742743134
154.25,143.75,-82.10167150079936
155.0,143.75,-81.13586138795786
155.75,143.75,-81.69695365787666
156.5,143.75,-82.44964214208723
157.25,143.75,-83.30952702661881
158.0,143.75,-84.09153832362263
158.75,143.75,-85.00815958737451
159.5,143.75,-84.83128620083471
160.25,143.75,-83.91419760509558
161.0,143.75,-83.45492217473824
161.75,143.75,-83.37103114195178
162.5,143.75,-83.92997316325823
163.25,143.75,-84.82428811288312
164.0,143.75,-84.69656896928015
164.75,143.75,-84.82126829398972
165.5,143.75,-85.22015727470874
166.25,143.75,-85.25235374427729
167.0,143.75,-85.27932752936658
167.75,143.75,-85.36156258854434
168.5,143.75,-84.48803300428624
169.25,143.75,-84.27772545256498
170.0,143.75,-83.69486198610736
170.75,143.75,-83.44749253681644
171.5,143.75,-81.27828263895655
172.25,143.75,-80.51389811566567
173.0,143.75,-77.98213602938667
173.75,143.75,-77.1408294347587
174.5,143.75,-75.10166468322194
175.25,143.75,-74.34802836346407
176.0,143.75,-77.33700049944578
176.75,143.75,-77.45767195767195
177.5,143.75,-81.88271138649264
178.25,143.75,-83.86982601879347
179.0,143.75,-87.50865435790746
179.75,143.75,-86.86347004470124
180.5,143.75,-88.15115073895059
181.25,143.75,-88.72457592308814
182.0,143.75,-89.84354298819204
182.75,143.75,-91.04706834830178
183.5,143.75,-89.10422527107626
184.25,143.75,-84.24523671801634
185.0,143.75,-81.79413897057829
185.75,143.75,-82.09854744030162
186.5,143.75,-82.90631492709639
187.25,143.75,-83.42409087027082
188.0,143.75,-83.82730054012312
188.75,143.75,-84.00208191782065
189.5,143.75,-82.45942169179928
190.25,143.75,-82.54351186762585
191.0,143.75,
191.75,143.75,
192.5,143.75,
193.25,143.75,-88.61444444444446
194.0,143.75,-88.46275009488696
194.75,143.75,-88.51099142367069
195.5,143.75,-88.63708913581182
196.25,143.75,-89.11423612960971
197.0,143.75,-89.5870767307644
197.75,143.75,-90.30169511044815
198.5,143.75,-90.96193768641679
199.25,143.75,-91.19602803738319
200.0,143.75,-91.04541965237466
200.75,143.75,-91.02752761404298
201.5,143.75,-90.82536161211006
202.25,143.75,-90.58862433862434
203.0,143.75,
203.75,143.75,
204.5,143.75,
205.25,143.75,
206.0,143.75,
206.75,143.75,
207.5,143.75,
208.25,143.75,
209.0,143.75,
209.75,143.75,
210.5,143.75,
211.25,143.75,
212.0,143.75,
212.75,143.75,
213.5,143.75,
214.25,143.75,
215.0,143.75,
215.75,143.75,
216.5,143.75,
217.25,143.75,
218.0,143.75,
218.75,143.75,
219.5,143.75,
220.25,143.75,
221.0,143.75,
221.75,143.75,
222.5,143.75,
223.25,143.75,
224.0,143.75,
224.75,143.75,
225.5,143.75,
226.25,143.75,
227.0,143.75,
227.75,143.75,
228.5,143.75,
229.25,143.75,
230.0,143.75,
230.75,143.75,
77.0,144.5,
77.75,144.5,
78.5,144.5,
79.25,144.5,-87.65528233151184
80.0,144.5,-86.85022410692719
80.75,144.5,-85.67221777603446
81.5,144.5,-85.924339643007
82.25,144.5,-86.10687116086245
83.0,144.5,-86.17782249663308
83.75,144.5,-86.09402083750963
84.5,144.5,-85.52575107296138
85.25,144.5,-85.33813068713907
86.0,144.5,-86.62089255963986
86.75,144.5,-86.88088616090256
87.5,144.5,-86.97446867237097
88.25,144.5,-86.6729760102774
89.0,144.5,-86.09920186159802
89.75,144.5,-86.49286216017802
90.5,144.5,-86.19904458598725
91.25,144.5,-86.55702681747744
92.0,144.5,-86.3315894039735
92.75,144.5,-84.92667230622565
93.5,144.5,-85.5394541077177
94.25,144.5,-86.72272820440476
95.0,144.5,-87.30365004019446
95.75,144.5,-87.03803421273348
96.5,144.5,-87.01199347927341
97.25,144.5,-87.32491305936344
98.0,144.5,-85.95634452397353
98.75,144.5,-85.1056375240362
99.5,144.5,-84.10195927883159
100.25,144.5,-83.7668187657811
101.0,144.5,-83.56495380749938
101.75,144.5,-83.05505627321398
102.5,144.5,-81.55563172610968
103.25,144.5,-81.27484414869325
104.0,144.5,-81.72248669400842
104.75,144.5,-81.9393796267796
105.5,144.5,-82.39053849396532
106.25,144.5,-82.30344455280317
107.0,144.5,-82.122659888533
107.75,144.5,-81.95817282569246
108.5,144.5,-81.46025417393471
109.25,144.5,-81.62240333007196
110.0,144.5,-84.12095400340718
110.75,144.5,-86.98708430037335
111.5,144.5,-86.59483726150393
112.25,144.5,-84.62636240840796
113.0,144.5,-83.74821545975391
113.75,144.5,-84.05693797355627
114.5,144.5,-84.5640501150601
115.25,144.5,-84.73160795131548
116.0,144.5,-83.77888064833918
116.75,144.5,-83.35348787178809
117.5,144.5,-82.04638299324905
118.25,144.5,-80.72746877808402
119.0,144.5,-80.18642252004713
119.75,144.5,-79.70494020843753
120.5,144.5,-79.53777161823618
121.25,144.5,-80.15986591275266
122.0,144.5,-80.55165119616125
122.75,144.5,-80.65205228746369
123.5,144.5,-80.04320878538127
124.25,144.5,-79.91182662387529
125.0,144.5,-79.82697782467754
125.75,144.5,-78.9058976252671
126.5,144.5,-76.8341639671069
127.25,144.5,-76.33917353080885
128.0,144.5,-76.36172487526727
128.75,144.5,-76.23822142259273
129.5,144.5,-76.6897188861027
130.25,144.5,-77.98853784046418
131.0,144.5,-78.6997602876548
131.75,144.5,-78.18285879355142
132.5,144.5,-76.88573085846869
133.25,144.5,-76.42585617367006
134.0,144.5,-76.07694938440491
134.75,144.5,-74.77264455626394
135.5,144.5,-75.46620466479423
136.25,144.5,-77.91152950967707
137.0,144.5,-78.85027966440272
137.75,144.5,-79.15889406987476
138.5,144.5,-80.77207229209915
139.25,144.5,-81.22815685852042
140.0,144.5,-81.28522571819423
140.75,144.5,-82.00759651564883
141.5,144.5,-82.47386738307486
142.25,144.5,-84.27817828584212
143.0,144.5,-85.33799440671194
143.75,144.5,-84.61767971756198
144.5,144.5,-84.8367932592502
145.25,144.5,-85.12852427892959
146.0,144.5,-85.2999080741535
146.75,144.5,-87.23710383545681
147.5,144.5,-86.63115540720835
148.25,144.5,-84.31236595834112
149.0,144.5,-82.65875302722563
149.75,144.5,-82.31800794927327
150.5,144.5,-82.19414151189193
151.25,144.5,-82.50611754842772
152.0,144.5,-82.6072697458322
152.75,144.5,-82.63799801111732
153.5,144.5,-82.81807408494642
154.25,144.5,-82.562673820448
155.0,144.5,-82.21011596529625
155.75,144.5,-82.40206645884346
156.5,144.5,-82.65504852683273
157.25,144.5,-83.27241028845755
158.0,144.5,-83.62586635127144
158.75,144.5,-84.06404137392023
159.5,144.5,-84.0591343704604
160.25,144.5,-83.72692751612392
161.0,144.5,-83.72178016189784
161.75,144.5,-83.46990196719068
162.5,144.5,-83.90112711122687
163.25,144.5,-84.79423031080282
164.0,144.5,-84.92582928840399
164.75,144.5,-84.83625874053196
165.5,144.5,-84.95646997597665
166.25,144.5,-85.20595041918718
167.0,144.5,-85.20589093520135
167.75,144.5,-85.31157752132731
168.5,144.5,-85.09554964321876
169.25,144.5,-84.18949470153682
170.0,144.5,-84.13214013709063
170.75,144.5,-83.46023368702224
171.5,144.5,-82.92801359794194
172.25,144.5,-81.6063896722218
173.0,144.5,-78.08825163288667
173.75,144.5,-77.4888913059869
174.5,144.5,-73.77777777777777
175.25,144.5,-74.46370887935946
176.0,144.5,-71.75
176.75,144.5,-77.82495164410058
177.5,144.5,-86.54734194693756
178.25,144.5,-86.97053481551653
179.0,144.5,-87.71449722930161
179.75,144.5,-87.65250814342063
180.5,144.5,-87.79368986098541
181.25,144.5,-88.07227136293082
182.0,144.5,-88.34716146944628
182.75,144.5,-88.06933432386055
183.5,144.5,-86.25030425552053
184.25,144.5,-83.55315290467543
185.0,144.5,-82.34485686685191
185.75,144.5,-82.58346880934651
186.5,144.5,-82.92301534616735
187.25,144.5,-83.36926498613572
188.0,144.5,-83.61508072113341
188.75,144.5,-83.90683325351316
189.5,144.5,-82.34465366509751
190.25,144.5,-80.79338394793928
191.0,144.5,
191.75,144.5,
192.5,144.5,
193.25,144.5,-88.92714884696016
194.0,144.5,-89.01344086021504
194.75,144.5,-88.93673659696785
195.5,144.5,-89.4672379032258
196.25,144.5,-89.83194381505145
197.0,144.5,-90.40896337305854
197.75,144.5,-91.14566521795953
198.5,144.5,-91.74346574484485
199.25,144.5,-91.85602703202306
200.0,144.5,-91.6578947368421
200.75,144.5,-91.34187529819451
201.5,144.5,-91.0691906005222
202.25,144.5,-91.74024024024024
203.0,144.5,
203.75,144.5,
204.5,144.5,
205.25,144.5,
206.0,144.5,
206.75,144.5,
207.5,144.5,
208.25,144.5,
209.0,144.5,
209.75,144.5,
210.5,144.5,
211.25,144.5,
212.0,144.5,
212.75,144.5,
213.5,144.5,
214.25,144.5,
215.0,144.5,
215.75,144.5,
216.5,144.5,
217.25,144.5,
218.0,144.5,
218.75,144.5,
219.5,144.5,
220.25,144.5,
221.0,144.5,
221.75,144.5,
222.5,144.5,
223.25,144.5,
224.0,144.5,
224.75,144.5,
225.5,144.5,
226.25,144.5,
227.0,144.5,
227.75,144.5,
228.5,144.5,
229.25,144.5,
230.0,144.5,
230.75,144.5,
77.0,145.25,
77.75,145.25,
78.5,145.25,
79.25,145.25,
80.0,145.25,-86.651063255329
80.75,145.25,-86.59086506447122
81.5,145.25,-85.9441871672672
82.25,145.25,-85.93857759779924
83.0,145.25,-85.85766481498554
83.75,145.25,-85.58591680843126
84.5,145.25,-84.95393992001843
85.25,145.25,-84.80399809185538
86.0,145.25,-86.07182084257678
86.75,145.25,-86.88911402242701
87.5,145.25,-86.79677182353427
88.25,145.25,-86.15848947169617
89.0,145.25,-86.26192052834418
89.75,145.25,-85.57314241126046
90.5,145.25,-85.92942456385612
91.25,145.25,-85.8772569752102
92.0,145.25,-85.21717808347724
92.75,145.25,-83.91749494911657
93.5,145.25,-84.38773490723732
94.25,145.25,-86.28754763624639
95.0,145.25,-87.45600939192185
95.75,145.25,-86.92717985656121
96.5,145.25,-88.01288736566224
97.25,145.25,-88.28431957199409
98.0,145.25,-87.32482027057088
98.75,145.25,-86.64321436089031
99.5,145.25,-85.67759728349193
100.25,145.25,-85.2580375192008
101.0,145.25,-84.96120511518255
101.75,145.25,-84.73550796672448
102.5,145.25,-85.0271835814418
103.25,145.25,-83.49166232412715
104.0,145.25,-82.82563113858221
104.75,145.25,-82.42062990194027
105.5,145.25,-82.81444915056692
106.25,145.25,-82.5981533028888
107.0,145.25,-82.27758288898576
107.75,145.25,-81.92987070109224
108.5,145.25,-81.11322099349405
109.25,145.25,-80.95936887974273
110.0,145.25,-84.08996577988742
110.75,145.25,-87.76245711909628
111.5,145.25,-86.99517277427678
112.25,145.25,-84.45287385413955
113.0,145.25,-83.56812687486678
113.75,145.25,-83.97366547556824
114.5,145.25,-84.61774291619754
115.25,145.25,-84.83926684343903
116.0,145.25,-83.62563744049292
116.75,145.25,-82.83793324508163
117.5,145.25,-81.5204949620462
118.25,145.25,-80.2478105845627
119.0,145.25,-80.0276574137147
119.75,145.25,-79.44032012716292
120.5,145.25,-79.45483269718537
121.25,145.25,-79.90889370893471
122.0,145.25,-80.50680926239802
122.75,145.25,-81.150187673697
123.5,145.25,-80.96336371313943
124.25,145.25,-80.14848579049392
125.0,145.25,-80.0270472309926
125.75,145.25,-79.10455627892237
126.5,145.25,-76.69442381923484
127.25,145.25,-76.18001783857702
128.0,145.25,-76.29761446710272
128.75,145.25,-76.0911607701752
129.5,145.25,-76.47174178483239
130.25,145.25,-77.95102786622606
131.0,145.25,-78.87013420133121
131.75,145.25,-78.14762447492413
132.5,145.25,-76.52338601633264
133.25,145.25,-76.09636010189034
134.0,145.25,-75.64399856977832
134.75,145.25,-73.95567382360314
135.5,145.25,-74.68845766917386
136.25,145.25,-77.82764304683327
137.0,145.25,-78.9491894605079
137.75,145.25,-79.4088086826378
138.5,145.25,-81.35773944554785
139.25,145.25,-81.78127971799336
140.0,145.25,-81.63856647780408
140.75,145.25,-82.03787721624657
141.5,145.25,-82.38285204701195
142.25,145.25,-84.69300269196343
143.0,145.25,-85.84526627585609
143.75,145.25,-85.35779439408181
144.5,145.25,-85.5934542119661
145.25,145.25,-85.84469801954728
146.0,145.25,-86.25403640122607
146.75,145.25,-88.44321205640692
147.5,145.25,-87.85802996504835
148.25,145.25,-85.52709715754627
149.0,145.25,-83.80332322111394
149.75,145.25,-82.93872597508366
150.5,145.25,-82.85777289684964
151.25,145.25,-82.67195711130336
152.0,145.25,-82.2868330070396
152.75,145.25,-82.28090883606667
153.5,145.25,-82.69551522066287
154.25,145.25,-82.82905455460842
155.0,145.25,-82.76920636225044
155.75,145.25,-82.87239756644706
156.5,145.25,-82.84019143593608
157.25,145.25,-83.22385057273169
158.0,145.25,-83.26182825401001
158.75,145.25,-83.49596277352732
159.5,145.25,-83.55582915311338
160.25,145.25,-83.46668243907148
161.0,145.25,-83.713953752562
161.75,145.25,-83.83665196183532
162.5,145.25,-83.87709911479415
163.25,145.25,-84.8907892304993
164.0,145.25,-85.00517742431603
164.75,145.25,-84.98831313950049
165.5,145.25,-85.86210830189447
166.25,145.25,-85.84977099431546
167.0,145.25,-85.83695677144526
167.75,145.25,-85.61160781672723
168.5,145.25,-85.59904925877632
169.25,145.25,-85.87878787878789
170.0,145.25,-85.82655826558266
170.75,145.25,-85.79342723004696
171.5,145.25,
172.25,145.25,
173.0,145.25,
173.75,145.25,
174.5,145.25,
175.25,145.25,
176.0,145.25,
176.75,145.25,
177.5,145.25,-91.30952380952381
178.25,145.25,-91.40610328638499
179.0,145.25,-89.98195999684854
179.75,145.25,-87.31909748459186
180.5,145.25,-87.3785169775548
181.25,145.25,-87.34510240429847
182.0,145.25,-87.14250546722442
182.75,145.25,-86.4231429195388
183.5,145.25,-84.89768224446196
184.25,145.25,-82.98280621402073
185.0,145.25,-82.0881260570369
185.75,145.25,-82.45729062311901
186.5,145.25,-82.98197406870726
187.25,145.25,-83.28353074079146
188.0,145.25,-83.61380279669979
188.75,145.25,-82.16161515919255
189.5,145.25,-80.88698630136986
190.25,145.25,-80.85373443983403
191.0,145.25,
191.75,145.25,
192.5,145.25,
193.25,145.25,-89.20785440613028
194.0,145.25,-89.35551558752998
194.75,145.25,-89.92374703274064
195.5,145.25,-90.1670108214964
196.25,145.25,-90.52197318302913
197.0,145.25,-90.99164677804298
197.75,145.25,-91.60425538876166
198.5,145.25,-91.91621655049752
199.25,145.25,-91.96951743887087
200.0,145.25,-91.80360140411469
200.75,145.25,-91.43934619055015
201.5,145.25,-91.76291079812208
202.25,145.25,-91.6985815602837
203.0,145.25,-91.65176151761517
203.75,145.25,
204.5,145.25,
205.25,145.25,
206.0,145.25,
206.75,145.25,
207.5,145.25,
208.25,145.25,
209.0,145.25,
209.75,145.25,
210.5,145.25,
211.25,145.25,
212.0,145.25,
212.75,145.25,
213.5,145.25,
214.25,145.25,
215.0,145.25,
215.75,145.25,
216.5,145.25,
217.25,145.25,
218.0,145.25,
218.75,145.25,
219.5,145.25,
220.25,145.25,
221.0,145.25,
221.75,145.25,
222.5,145.25,
223.25,145.25,
224.0,145.25,
224.75,145.25,
225.5,145.25,
226.25,145.25,
227.0,145.25,
227.75,145.25,
228.5,145.25,
229.25,145.25,
230.0,145.25,
230.75,145.25,
77.0,146.0,
77.75,146.0,
78.5,146.0,
79.25,146.0,-84.75000000000001
80.0,146.0,-86.4787234042553
80.75,146.0,-86.37788215200683
81.5,146.0,-86.42219059238172
82.25,146.0,-86.26950891958204
83.0,146.0,-86.03508271534513
83.75,146.0,-85.7237171551278
84.5,146.0,-85.43850410887016
85.25,146.0,-85.50642349532446
86.0,146.0,-86.02272727272727
86.75,146.0,-86.37443814659275
87.5,146.0,-86.30276790630161
88.25,146.0,-86.10093490045945
89.0,146.0,-85.49952198852773
89.75,146.0,-85.84305383655489
90.5,146.0,-85.51629382662938
91.25,146.0,-85.52702415918236
92.0,146.0,-85.08333333333333
92.75,146.0,-84.9859596217464
93.5,146.0,-84.90347498175329
94.25,146.0,-85.53175702413928
95.0,146.0,-86.51086956521738
95.75,146.0,-87.43197315150223
96.5,146.0,-87.90542168674699
97.25,146.0,-87.98724784787358
98.0,146.0,-87.72457627118645
98.75,146.0,-87.37928434202344
99.5,146.0,-86.13184915738098
100.25,146.0,-86.60659073271988
101.0,146.0,-86.41101694915254
101.75,146.0,-85.92679204906075
102.5,146.0,-86.34102892193803
103.25,146.0,-83.99019111892338
104.0,146.0,-82.8278947368421
104.75,146.0,-82.3993608671305
105.5,146.0,-82.29064273200325
106.25,146.0,-82.62163775904156
107.0,146.0,-82.23186996387885
107.75,146.0,-81.69103475154287
108.5,146.0,-81.36938702779759
109.25,146.0,-81.71537129665258
110.0,146.0,-83.6590909090909
110.75,146.0,-85.25941053096372
111.5,146.0,-85.0885860306644
112.25,146.0,-84.0030297010033
113.0,146.0,-83.07142857142854
113.75,146.0,-83.58582497268303
114.5,146.0,-84.26409664942449
115.25,146.0,-84.45996196682418
116.0,146.0,-83.3611111111111
116.75,146.0,-81.78762619647495
117.5,146.0,-81.01448816675402
118.25,146.0,-79.9946220331044
119.0,146.0,-79.48870636550309
119.75,146.0,-79.1287499431239
120.5,146.0,-78.83402069204213
121.25,146.0,-79.2270688653503
122.0,146.0,-80.53571428571428
122.75,146.0,-82.01670574809646
123.5,146.0,-82.37176247861069
124.25,146.0,-81.51629184152777
125.0,146.0,-81.08606557377047
125.75,146.0,-80.01634753020625
126.5,146.0,-77.35860306643953
127.25,146.0,-76.67087978805608
128.0,146.0,-76.31818181818181
128.75,146.0,-76.30494535820732
129.5,146.0,-76.61754684838161
130.25,146.0,-77.53985735461809
131.0,146.0,-77.96721311475406
131.75,146.0,-77.7495185216222
132.5,146.0,-77.01960352422908
133.25,146.0,-76.4128653267536
134.0,146.0,-75.82142857142856
134.75,146.0,-75.31694155464581
135.5,146.0,-75.9655349509865
136.25,146.0,-77.57231963674283
137.0,146.0,-78.58162217659137
137.75,146.0,-79.42463728436424
138.5,146.0,-80.42498825845807
139.25,146.0,-81.19639526965061
140.0,146.0,-81.64285714285712
140.75,146.0,-82.2324071467624
141.5,146.0,-83.18525270253467
142.25,146.0,-84.33176464919401
143.0,146.0,-84.8521560574949
143.75,146.0,-85.18734949040746
144.5,146.0,-85.3742437694587
145.25,146.0,-85.59337839104361
146.0,146.0,-86.10655737704919
146.75,146.0,-86.79664520765553
147.5,146.0,-86.67657657876872
148.25,146.0,-85.47142988112734
149.0,146.0,-84.92120282514091
149.75,146.0,-84.2761150438714
150.5,146.0,-83.0837259590042
151.25,146.0,-82.7132655857702
152.0,146.0,-82.55726872246697
152.75,146.0,-82.0614260422435
153.5,146.0,-82.97545719409983
154.25,146.0,-83.3378957329126
155.0,146.0,-83.08497969298548
155.75,146.0,-83.15568134165342
156.5,146.0,-82.96223161965978
157.25,146.0,-83.19540251911867
158.0,146.0,-83.03054884363132
158.75,146.0,-82.79362466676342
159.5,146.0,-82.8437996152597
160.25,146.0,-83.64464998854494
161.0,146.0,-83.78139269406391
161.75,146.0,-83.83893640533095
162.5,146.0,-84.52871086957477
163.25,146.0,-84.53766521859704
164.0,146.0,-84.99315068493149
164.75,146.0,-86.08316621356124
165.5,146.0,-86.0857913524249
166.25,146.0,-85.85293542077008
167.0,146.0,-85.57594936708861
167.75,146.0,-85.5850972895047
168.5,146.0,-85.96190476190475
169.25,146.0,-85.9092970521542
170.0,146.0,-85.86666666666666
170.75,146.0,
171.5,146.0,
172.25,146.0,
173.0,146.0,
173.75,146.0,
174.5,146.0,
175.25,146.0,
176.0,146.0,
176.75,146.0,
177.5,146.0,
178.25,146.0,-91.53898635477583
179.0,146.0,-91.68518518518519
179.75,146.0,-88.32872654507808
180.5,146.0,-86.91997210600587
181.25,146.0,-86.74528384346002
182.0,146.0,-86.40129202556267
182.75,146.0,-85.69466529752324
183.5,146.0,-84.61239474572307
184.25,146.0,-83.46168919229275
185.0,146.0,-82.75147301877806
185.75,146.0,-82.85829327227903
186.5,146.0,-83.09500122914298
187.25,146.0,-83.41036735802147
188.0,146.0,-83.68445121951218
188.75,146.0,-81.01229508196721
189.5,146.0,-80.94801980198021
190.25,146.0,
191.0,146.0,
191.75,146.0,
192.5,146.0,
193.25,146.0,
194.0,146.0,-90.03488372093022
194.75,146.0,-90.20742213726508
195.5,146.0,-90.43687010794496
196.25,146.0,-91.13311861440428
197.0,146.0,-91.35129830917874
197.75,146.0,-91.5824363684852
198.5,146.0,-91.76561066021848
199.25,146.0,-91.81017226909715
200.0,146.0,-91.72323848238484
200.75,146.0,-91.96810424731477
201.5,146.0,-91.99331745909825
202.25,146.0,-92.0308995595824
203.0,146.0,-91.59523809523812
203.75,146.0,-91.57256235827664
204.5,146.0,
205.25,146.0,
206.0,146.0,
206.75,146.0,
207.5,146.0,
208.25,146.0,
209.0,146.0,
209.75,146.0,
210.5,146.0,
211.25,146.0,
212.0,146.0,
212.75,146.0,
213.5,146.0,
214.25,146.0,
215.0,146.0,
215.75,146.0,
216.5,146.0,
217.25,146.0,
218.0,146.0,
218.75,146.0,
219.5,146.0,
220.25,146.0,
221.0,146.0,
221.75,146.0,
222.5,146.0,
223.25,146.0,
224.0,146.0,
224.75,146.0,
225.5,146.0,
226.25,146.0,
227.0,146.0,
227.75,146.0,
228.5,146.0,
229.25,146.0,
230.0,146.0,
230.75,146.0,
77.0,146.75,
77.75,146.75,
78.5,146.75,
79.25,146.75,
80.0,146.75,-84.76411764705882
80.75,146.75,-86.22047375074857
81.5,146.75,-86.31905770062936
82.25,146.75,-86.15402409952688
83.0,146.75,-85.92851204693652
83.75,146.75,-85.62719194357331
84.5,146.75,-85.23751285130484
85.25,146.75,-85.15737500629996
86.0,146.75,-85.90139739789517
86.75,146.75,-86.81170518728993
87.5,146.75,-86.76809635635082
88.25,146.75,-85.57590395338383
89.0,146.75,-84.20727796845338
89.75,146.75,-85.4200194318755
90.5,146.75,-85.97756363327358
91.25,146.75,-85.90538186641825
92.0,146.75,-85.37233938096901
92.75,146.75,-85.02310164445309
93.5,146.75,-84.9928268983855
94.25,146.75,-85.33495101279226
95.0,146.75,-86.41312044292346
95.75,146.75,-87.3800222331199
96.5,146.75,-88.15892507927241
97.25,146.75,-88.36949987064435
98.0,146.75,-87.71760057164268
98.75,146.75,-87.08436270202286
99.5,146.75,-86.81915694516822
100.25,146.75,-86.49826691679701
101.0,146.75,-86.93956435774246
101.75,146.75,-86.80129908997714
102.5,146.75,-85.17032432534194
103.25,146.75,-84.78444432195349
104.0,146.75,-84.52311765319888
104.75,146.75,-83.40272576717426
105.5,146.75,-83.01552567826418
106.25,146.75,-82.77690321581602
107.0,146.75,-82.57541254477205
107.75,146.75,-81.80199348100015
108.5,146.75,-80.43553835916418
109.25,146.75,-80.09468079961958
110.0,146.75,-83.28201236339554
110.75,146.75,-85.61453099553
111.5,146.75,-85.21050755195007
112.25,146.75,-82.56364992860034
113.0,146.75,-80.3434461319883
113.75,146.75,-82.41383359562052
114.5,146.75,-85.04060239098655
115.25,146.75,-85.58011937557391
116.0,146.75,-83.4027368657297
116.75,146.75,-79.69504005382275
117.5,146.75,-79.98374900564323
118.25,146.75,-79.71063679553386
119.0,146.75,-78.6521992390348
119.75,146.75,-78.95919692482573
120.5,146.75,-78.06901880101822
121.25,146.75,-77.58124909756879
122.0,146.75,-80.67821387315036
122.75,146.75,-82.79769406086608
123.5,146.75,-82.88831242824388
124.25,146.75,-82.816535089822
125.0,146.75,-82.84803559795374
125.75,146.75,-80.93333089130383
126.5,146.75,-76.97213563696198
127.25,146.75,-76.21223881631381
128.0,146.75,-76.27001790938085
128.75,146.75,-76.08326236409505
129.5,146.75,-76.32576476328045
130.25,146.75,-77.39088604409483
131.0,146.75,-77.96094769443246
131.75,146.75,-77.60791354752942
132.5,146.75,-77.16062075345741
133.25,146.75,-76.79393913587484
134.0,146.75,-76.28208141649095
134.75,146.75,-76.03422806456813
135.5,146.75,-76.73902686989139
136.25,146.75,-77.58246065773798
137.0,146.75,-78.36286804859479
137.75,146.75,-79.28733683253093
138.5,146.75,-79.90722416068535
139.25,146.75,-81.29410023778789
140.0,146.75,-81.60116028532045
140.75,146.75,-81.95813248257545
141.5,146.75,-83.50894233479484
142.25,146.75,-84.12767469037335
143.0,146.75,-84.28539099056047
143.75,146.75,-84.9890188860426
144.5,146.75,-85.20753853967726
145.25,146.75,-85.45008223974591
146.0,146.75,-85.77644308580957
146.75,146.75,-85.77534184279635
147.5,146.75,-85.70800159910267
148.25,146.75,-85.065370711645
149.0,146.75,-85.02091590831387
149.75,146.75,-84.51833920077436
150.5,146.75,-84.20829207584235
151.25,146.75,-83.4012070975445
152.0,146.75,-82.5814363217711
152.75,146.75,-82.57871901550553
153.5,146.75,-82.96660163569057
154.25,146.75,-83.20431654210608
155.0,146.75,-83.43032413447717
155.75,146.75,-83.24793342668963
156.5,146.75,-83.41109057037997
157.25,146.75,-83.11197438089265
158.0,146.75,-82.71304388722105
158.75,146.75,-83.11100482629679
159.5,146.75,-82.66420931628235
160.25,146.75,-83.1316097308126
161.0,146.75,-83.880195599022
161.75,146.75,-84.57378485065486
162.5,146.75,-84.54795828677643
163.25,146.75,-86.49233716475096
164.0,146.75,-85.75000000000001
164.75,146.75,
165.5,146.75,-85.71357012750454
166.25,146.75,-85.76831501831501
167.0,146.75,
167.75,146.75,-86.01465201465201
168.5,146.75,-85.97085610200364
169.25,146.75,
170.0,146.75,
170.75,146.75,
171.5,146.75,
172.25,146.75,
173.0,146.75,
173.75,146.75,
174.5,146.75,
175.25,146.75,
176.0,146.75,
176.75,146.75,
177.5,146.75,
178.25,146.75,
179.0,146.75,
179.75,146.75,-88.75009812594098
180.5,146.75,-86.81225625880492
181.25,146.75,-86.50967110204958
182.0,146.75,-85.90606146003854
182.75,146.75,-84.9289149546719
183.5,146.75,-84.42709262741572
184.25,146.75,-83.78298309354653
185.0,146.75,-83.31983398275518
185.75,146.75,-83.26760062685464
186.5,146.75,-83.40692515145086
187.25,146.75,-83.17593336466022
188.0,146.75,-81.14145907473309
188.75,146.75,-81.05386740331491
189.5,146.75,-80.98861171366593
190.25,146.75,
191.0,146.75,
191.75,146.75,
192.5,146.75,
193.25,146.75,
194.0,146.75,-91.51720430107525
194.75,146.75,-91.52259887005648
195.5,146.75,-91.19981743990765
196.25,146.75,-91.3195584541953
197.0,146.75,-91.4319401272712
197.75,146.75,-91.52528958086913
198.5,146.75,-91.59030933528014
199.25,146.75,-91.85134497404437
200.0,146.75,-91.87050166023512
200.75,146.75,-91.91488129704689
201.5,146.75,-91.97410180315312
202.25,146.75,-92.0340569252057
203.0,146.75,-92.08691666206438
203.75,146.75,-91.51877934272302
204.5,146.75,-91.51457194899817
205.25,146.75,
206.0,146.75,
206.75,146.75,
207.5,146.75,
208.25,146.75,
209.0,146.75,
209.75,146.75,
210.5,146.75,
211.25,146.75,
212.0,146.75,
212.75,146.75,
213.5,146.75,
214.25,146.75,
215.0,146.75,
215.75,146.75,
216.5,146.75,
217.25,146.75,
218.0,146.75,
218.75,146.75,
219.5,146.75,
220.25,146.75,
221.0,146.75,
221.75,146.75,
222.5,146.75,
223.25,146.75,
224.0,146.75,
224.75,146.75,
225.5,146.75,
226.25,146.75,
227.0,146.75,
227.75,146.75,
228.5,146.75,
229.25,146.75,
230.0,146.75,
230.75,146.75,
77.0,147.5,
77.75,147.5,
78.5,147.5,
79.25,147.5,
80.0,147.5,-84.77654867256636
80.75,147.5,-84.78519061583577
81.5,147.5,-86.17924809875717
82.25,147.5,-86.11788318112609
83.0,147.5,-85.92235173998172
83.75,147.5,-85.66145464684743
84.5,147.5,-85.13715109211705
85.25,147.5,-85.23642933055638
86.0,147.5,-85.94268982431554
86.75,147.5,-86.84133566557512
87.5,147.5,-86.82084188911705
88.25,147.5,-86.18170332968123
89.0,147.5,-85.10257690771074
89.75,147.5,-86.14270117285014
90.5,147.5,-86.32238368543169
91.25,147.5,-86.18409832212944
92.0,147.5,-85.57205601379374
92.75,147.5,-85.14237402028043
93.5,147.5,-85.09057014649598
94.25,147.5,-85.4011087873389
95.0,147.5,-85.92840600237338
95.75,147.5,-87.15849318784666
96.5,147.5,-88.18060083837914
97.25,147.5,-88.29220052750735
98.0,147.5,-87.98571920577402
98.75,147.5,-87.59883437444954
99.5,147.5,-87.5020037525872
100.25,147.5,-86.85660747386764
101.0,147.5,-86.70703452217094
101.75,147.5,-85.81372055812513
102.5,147.5,-85.1681920636861
103.25,147.5,-85.02967840241206
104.0,147.5,-84.64969798394478
104.75,147.5,-84.04914826003112
105.5,147.5,-83.95660328360795
106.25,147.5,-83.40095233203249
107.0,147.5,-83.2118859426997
107.75,147.5,-82.46345573711281
108.5,147.5,-81.0461594298535
109.25,147.5,-80.80965237028036
110.0,147.5,-83.37606473594549
110.75,147.5,-85.21584737800833
111.5,147.5,-84.77412731006162
112.25,147.5,-82.7251910017265
113.0,147.5,-81.11496204554535
113.75,147.5,-82.75382141524946
114.5,147.5,-84.82956878850104
115.25,147.5,-85.50423817659309
116.0,147.5,-84.03036022181836
116.75,147.5,-80.98508246944587
117.5,147.5,-81.15774209305167
118.25,147.5,-80.51946990480826
119.0,147.5,-79.37195365561325
119.75,147.5,-79.86190560722729
120.5,147.5,-79.04594578092565
121.25,147.5,-78.70188264682888
122.0,147.5,-81.20554035567713
122.75,147.5,-82.9711790435706
123.5,147.5,-83.32656612529003
124.25,147.5,-83.37853490168393
125.0,147.5,-83.10647223331999
125.75,147.5,-81.73050771155891
126.5,147.5,-78.03542094455852
127.25,147.5,-76.9788632192554
128.0,147.5,-76.49714700435456
128.75,147.5,-76.22710933715601
129.5,147.5,-76.51168511685117
130.25,147.5,-77.40767945170573
131.0,147.5,-77.82288970035604
131.75,147.5,-77.55950518908205
132.5,147.5,-77.07610424906645
133.25,147.5,-76.80601000920528
134.0,147.5,-76.63849853820987
134.75,147.5,-76.4881005999922
135.5,147.5,-76.96951714632357
136.25,147.5,-77.67540106512371
137.0,147.5,-78.60654783673165
137.75,147.5,-79.14935440241236
138.5,147.5,-79.60617681958513
139.25,147.5,-81.26616368145922
140.0,147.5,-81.56741692324026
140.75,147.5,-81.89612859831948
141.5,147.5,-83.64431334892419
142.25,147.5,-84.03950126937214
143.0,147.5,-85.01986654899737
143.75,147.5,-84.85766035337551
144.5,147.5,-85.0783667336491
145.25,147.5,-85.06240192331596
146.0,147.5,-85.50577152244475
146.75,147.5,-85.22811449999983
147.5,147.5,-85.15568528069564
148.25,147.5,-84.70871467744071
149.0,147.5,-85.08501800914418
149.75,147.5,-84.62100200826339
150.5,147.5,-84.14344910404783
151.25,147.5,-83.65853277042469
152.0,147.5,-83.41641161386384
152.75,147.5,-82.29203487479539
153.5,147.5,-82.64251132281743
154.25,147.5,-82.47886253074972
155.0,147.5,-81.82022471910112
155.75,147.5,-82.90703897964978
156.5,147.5,-83.09423186750428
157.25,147.5,-83.12339331619536
158.0,147.5,-83.47524752475248
158.75,147.5,-83.76887871853549
159.5,147.5,
160.25,147.5,
161.0,147.5,
161.75,147.5,
162.5,147.5,
163.25,147.5,
164.0,147.5,
164.75,147.5,
165.5,147.5,
166.25,147.5,
167.0,147.5,
167.75,147.5,
168.5,147.5,
169.25,147.5,
170.0,147.5,
170.75,147.5,
171.5,147.5,
172.25,147.5,
173.0,147.5,
173.75,147.5,
174.5,147.5,
175.25,147.5,
176.0,147.5,
176.75,147.5,
177.5,147.5,
178.25,147.5,
179.0,147.5,
179.75,147.5,-88.27852998065765
180.5,147.5,-88.0
181.25,147.5,-85.64381268250906
182.0,147.5,-85.26409035792877
182.75,147.5,-86.18657341490125
183.5,147.5,-85.6179867651835
184.25,147.5,-85.11906062781281
185.0,147.5,-84.82412290901844
185.75,147.5,-84.78540216111229
186.5,147.5,-84.94289568345323
187.25,147.5,-83.72431038959432
188.0,147.5,-81.14325842696628
188.75,147.5,-81.07036613272311
189.5,147.5,
190.25,147.5,
191.0,147.5,
191.75,147.5,
192.5,147.5,
193.25,147.5,
194.0,147.5,-91.46581196581197
194.75,147.5,-92.13577948658283
195.5,147.5,-92.07731599721384
196.25,147.5,-91.99570937659766
197.0,147.5,-91.8842897460019
197.75,147.5,-91.74605487266832
198.5,147.5,-91.62135922330097
199.25,147.5,-91.5982601946771
200.0,147.5,-91.69919323857087
200.75,147.5,-91.84034573898137
201.5,147.5,-91.9621020717534
202.25,147.5,-92.05305603646644
203.0,147.5,-92.11841309519009
203.75,147.5,-92.16530972594386
204.5,147.5,
205.25,147.5,
206.0,147.5,
206.75,147.5,
207.5,147.5,
208.25,147.5,
209.0,147.5,
209.75,147.5,
210.5,147.5,
211.25,147.5,
212.0,147.5,
212.75,147.5,
213.5,147.5,
214.25,147.5,
215.0,147.5,
215.75,147.5,
216.5,147.5,
217.25,147.5,
218.0,147.5,
218.75,147.5,
219.5,147.5,
220.25,147.5,
221.0,147.5,
221.75,147.5,
222.5,147.5,
223.25,147.5,
224.0,147.5,
224.75,147.5,
225.5,147.5,
226.25,147.5,
227.0,147.5,
227.75,147.5,
228.5,147.5,
229.25,147.5,
230.0,147.5,
230.75,147.5,
77.0,148.25,
77.75,148.25,
78.5,148.25,
79.25,148.25,
80.0,148.25,-84.78621730382292
80.75,148.25,-84.79663212435233
81.5,148.25,-85.49761787814123
82.25,148.25,-85.1527222024723
83.0,148.25,-85.16966083572389
83.75,148.25,-85.1956573801277
84.5,148.25,-85.24675314233825
85.25,148.25,-85.41595804218444
86.0,148.25,-86.10029235243587
86.75,148.25,-86.45243795495189
87.5,148.25,-86.75587044374174
88.25,148.25,-88.14173492681617
89.0,148.25,-89.14532944403977
89.75,148.25,-88.22572848126764
90.5,148.25,-87.41880521241335
91.25,148.25,-87.14377175551297
92.0,148.25,-86.3125062084037
92.75,148.25,-85.43300046615721
93.5,148.25,-85.32444689509076
94.25,148.25,-85.13792933547887
95.0,148.25,-85.36915568635247
95.75,148.25,-86.178166508205
96.5,148.25,-87.80302664089938
97.25,148.25,-88.08290713389792
98.0,148.25,-87.76678393424694
98.75,148.25,-87.48610470156517
99.5,148.25,-87.08248518063353
100.25,148.25,-86.66462543175851
101.0,148.25,-87.21783201387859
101.75,148.25,-86.53452437582064
102.5,148.25,-85.07748910879542
103.25,148.25,-85.50758081741583
104.0,148.25,-85.23704197471228
104.75,148.25,-84.17441104780853
105.5,148.25,-84.18362426695383
106.25,148.25,-84.15800718105459
107.0,148.25,-84.17561003031877
107.75,148.25,-83.79352953136481
108.5,148.25,-83.25135253972893
109.25,148.25,-83.34622229117993
110.0,148.25,-83.85370517532535
110.75,148.25,-84.3544728740681
111.5,148.25,-84.3474524908602
112.25,148.25,-83.4580073662849
113.0,148.25,-83.1473155024881
113.75,148.25,-83.84168499605046
114.5,148.25,-85.3575975600862
115.25,148.25,-85.9179697468183
116.0,148.25,-85.92987503371393
116.75,148.25,-86.23146190711152
117.5,148.25,-85.31738615050169
118.25,148.25,-82.7580724826156
119.0,148.25,-82.12468430690475
119.75,148.25,-81.77930743602597
120.5,148.25,-82.09375146330261
121.25,148.25,-82.48693497046992
122.0,148.25,-82.96884176832233
122.75,148.25,-83.82151593008454
123.5,148.25,-84.2163480812123
124.25,148.25,-85.20642540620385
125.0,148.25,-85.47891408382631
125.75,148.25,-83.47398281187057
126.5,148.25,-79.94708580137203
127.25,148.25,-78.97544761275178
128.0,148.25,-78.50906989466445
128.75,148.25,-77.04099287414859
129.5,148.25,-76.95216626093384
130.25,148.25,-77.30404888934983
131.0,148.25,-77.56915006359843
131.75,148.25,-77.27770035026859
132.5,148.25,-77.00245643976626
133.25,148.25,-76.91183469734585
134.0,148.25,-76.68667697598686
134.75,148.25,-76.74917061389061
135.5,148.25,-77.20778020905549
136.25,148.25,-77.75600501300711
137.0,148.25,-78.605945834864
137.75,148.25,-79.05376900326708
138.5,148.25,-79.40914005071497
139.25,148.25,-80.41604213917006
140.0,148.25,-81.53959144071091
140.75,148.25,-82.79798016619621
141.5,148.25,-83.71303551606631
142.25,148.25,-83.99240961997359
143.0,148.25,-84.98539696530052
143.75,148.25,-84.77235193869642
144.5,148.25,-84.9688515207226
145.25,148.25,-84.87873559638692
146.0,148.25,-85.04366960578618
146.75,148.25,-84.89401289622081
147.5,148.25,-84.82256018137322
148.25,148.25,-85.29794405687635
149.0,148.25,-85.02032685017394
149.75,148.25,-84.74611819832694
150.5,148.25,-84.59482933440877
151.25,148.25,-84.38729471586588
152.0,148.25,-85.43260188087774
152.75,148.25,-82.76782859516075
153.5,148.25,-82.6457253676517
154.25,148.25,-81.9650655021834
155.0,148.25,-81.8646934460888
155.75,148.25,-81.77865612648222
156.5,148.25,-82.81139489194499
157.25,148.25,-83.09486166007906
158.0,148.25,
158.75,148.25,
159.5,148.25,
160.25,148.25,
161.0,148.25,
161.75,148.25,
162.5,148.25,
163.25,148.25,
164.0,148.25,
164.75,148.25,
165.5,148.25,
166.25,148.25,
167.0,148.25,
167.75,148.25,
168.5,148.25,
169.25,148.25,
170.0,148.25,
170.75,148.25,
171.5,148.25,
172.25,148.25,
173.0,148.25,
173.75,148.25,
174.5,148.25,
175.25,148.25,
176.0,148.25,
176.75,148.25,
177.5,148.25,
178.25,148.25,
179.0,148.25,
179.75,148.25,
180.5,148.25,-87.72147001934236
181.25,148.25,-87.34841628959276
182.0,148.25,-89.06218567338043
182.75,148.25,-86.95870307393925
183.5,148.25,-86.63953669624127
184.25,148.25,-86.36058119406064
185.0,148.25,-86.18279561941824
185.75,148.25,-86.13332334825184
186.5,148.25,-84.89723068657592
187.25,148.25,-85.01076476922945
188.0,148.25,-86.97432762836186
188.75,148.25,
189.5,148.25,
190.25,148.25,
191.0,148.25,
191.75,148.25,
192.5,148.25,
193.25,148.25,
194.0,148.25,-92.22767389819458
194.75,148.25,-92.19081452545
195.5,148.25,-92.13284934348277
196.25,148.25,-92.03746232237691
197.0,148.25,-91.87656719053506
197.75,148.25,-91.6205997392438
198.5,148.25,-91.32832660104317
199.25,148.25,-91.26711749788673
200.0,148.25,-91.51804162299746
200.75,148.25,-91.80236384393258
201.5,148.25,-91.99284948475533
202.25,148.25,-92.10632781071858
203.0,148.25,-92.17444434011617
203.75,148.25,-92.21708207652007
204.5,148.25,
205.25,148.25,
206.0,148.25,
206.75,148.25,
207.5,148.25,
208.25,148.25,
209.0,148.25,
209.75,148.25,
210.5,148.25,
211.25,148.25,
212.0,148.25,
212.75,148.25,
213.5,148.25,
214.25,148.25,
215.0,148.25,
215.75,148.25,
216.5,148.25,
217.25,148.25,
218.0,148.25,
218.75,148.25,
219.5,148.25,
220.25,148.25,
221.0,148.25,
221.75,148.25,
222.5,148.25,
223.25,148.25,
224.0,148.25,
224.75,148.25,
225.5,148.25,
226.25,148.25,
227.0,148.25,
227.75,148.25,
228.5,148.25,
229.25,148.25,
230.0,148.25,
230.75,148.25,
77.0,149.0,
77.75,149.0,
78.5,149.0,
79.25,149.0,
80.0,149.0,
80.75,149.0,-84.80345211581293
81.5,149.0,-84.85929889487434
82.25,149.0,-84.87916629028831
83.0,149.0,-85.08474576271185
83.75,149.0,-85.10169755450444
84.5,149.0,-85.51300259921435
85.25,149.0,-85.68058374358992
86.0,149.0,-86.0717017208413
86.75,149.0,-86.47243006415583
87.5,149.0,-86.6352377147423
88.25,149.0,-89.02256652529972
89.0,149.0,-91.99999999999338
89.75,149.0,-89.71244358368672
90.5,149.0,-88.09598481821814
91.25,149.0,-87.96635875849039
92.0,149.0,-86.57142857142856
92.75,149.0,-85.09403753435387
93.5,149.0,-85.08989212944465
94.25,149.0,-85.05268138198409
95.0,149.0,-85.00000000000057
95.75,149.0,-85.99418865156883
96.5,149.0,-87.92498446730242
97.25,149.0,-88.37596840498512
98.0,149.0,-87.33173996175908
98.75,149.0,-86.63190325503851
99.5,149.0,-86.21882475751381
100.25,149.0,-86.3101498475746
101.0,149.0,-87.26851851851852
101.75,149.0,-86.49896650806265
102.5,149.0,-86.25346991061144
103.25,149.0,-85.50260528445654
104.0,149.0,-85.0895387607669
104.75,149.0,-84.94291736092123
105.5,149.0,-84.54305587745309
106.25,149.0,-84.4097050301938
107.0,149.0,-84.49999999999974
107.75,149.0,-84.3400923521828
108.5,149.0,-83.99300838993207
109.25,149.0,-83.97673322620906
110.0,149.0,-84.1785714285714
110.75,149.0,-84.91255643328763
111.5,149.0,-84.64682381142629
112.25,149.0,-83.59784251683762
113.0,149.0,-83.0000000000015
113.75,149.0,-84.10689158614592
114.5,149.0,-86.32639632517038
115.25,149.0,-86.88474768062447
116.0,149.0,-87.1186440677966
116.75,149.0,-89.59433231719555
117.5,149.0,-88.35018714410094
118.25,149.0,-84.10119660342718
119.0,149.0,-82.99999999999974
119.75,149.0,-82.98773789877873
120.5,149.0,-83.80596309158051
121.25,149.0,-84.37436816140465
122.0,149.0,-83.88524590163932
122.75,149.0,-84.48415759141716
123.5,149.0,-84.7937475029964
124.25,149.0,-86.60914471848004
125.0,149.0,-88.49999999999393
125.75,149.0,-84.78773511051811
126.5,149.0,-80.0069916100679
127.25,149.0,-79.08268531242996
128.0,149.0,-79.20315487571702
128.75,149.0,-78.55998736504881
129.5,149.0,-77.46589969988256
130.25,149.0,-77.70420145626598
131.0,149.0,-77.79166666666666
131.75,149.0,-77.47614016332508
132.5,149.0,-76.88955525461145
133.25,149.0,-76.94486127446045
134.0,149.0,-76.79852780806978
134.75,149.0,-77.33292327995048
135.5,149.0,-77.2836713909821
136.25,149.0,-77.55744732610391
137.0,149.0,-78.44444444444444
137.75,149.0,-79.25499924322597
138.5,149.0,-79.63432850769448
139.25,149.0,-80.8483067285334
140.0,149.0,-82.20238095238095
140.75,149.0,-82.92320219290954
141.5,149.0,-83.83435079757717
142.25,149.0,-84.08339351068295
143.0,149.0,-84.97222222222221
143.75,149.0,-85.71216374334954
144.5,149.0,-85.96562115893752
145.25,149.0,-86.20853861180946
146.0,149.0,-87.11940298507461
146.75,149.0,-87.26213411259309
147.5,149.0,-87.73376623376625
148.25,149.0,-87.80594900849857
149.0,149.0,-87.84615384615385
149.75,149.0,
150.5,149.0,
151.25,149.0,
152.0,149.0,
152.75,149.0,
153.5,149.0,
154.25,149.0,
155.0,149.0,
155.75,149.0,
156.5,149.0,
157.25,149.0,
158.0,149.0,
158.75,149.0,
159.5,149.0,
160.25,149.0,
161.0,149.0,
161.75,149.0,
162.5,149.0,
163.25,149.0,
164.0,149.0,
164.75,149.0,
165.5,149.0,
166.25,149.0,
167.0,149.0,
167.75,149.0,
168.5,149.0,
169.25,149.0,
170.0,149.0,
170.75,149.0,
171.5,149.0,
172.25,149.0,
173.0,149.0,
173.75,149.0,
174.5,149.0,
175.25,149.0,
176.0,149.0,
176.75,149.0,
177.5,149.0,
178.25,149.0,
179.0,149.0,
179.75,149.0,
180.5,149.0,
181.25,149.0,-88.5
182.0,149.0,-88.5
182.75,149.0,-88.5
183.5,149.0,-88.5
184.25,149.0,-88.5
185.0,149.0,-88.5
185.75,149.0,-88.5
186.5,149.0,-88.5
187.25,149.0,-88.5
188.0,149.0,-88.5
188.75,149.0,-88.5
189.5,149.0,
190.25,149.0,
191.0,149.0,
191.75,149.0,
192.5,149.0,
193.25,149.0,
194.0,149.0,-92.38888888888889
194.75,149.0,-92.27135007866661
195.5,149.0,-92.23209062052652
196.25,149.0,-92.15600339753315
197.0,149.0,-92.0
197.75,149.0,-91.68011325491112
198.5,149.0,-91.17860151642797
199.25,149.0,-91.04909849063253
200.0,149.0,-91.5233644859813
200.75,149.0,-91.91673794747665
201.5,149.0,-92.11610378315699
202.25,149.0,-92.21227054564828
203.0,149.0,-92.26086956521739
203.75,149.0,-92.37786259541983
204.5,149.0,-92.40697674418604
205.25,149.0,
206.0,149.0,
206.75,149.0,
207.5,149.0,
208.25,149.0,
209.0,149.0,
209.75,149.0,
210.5,149.0,
211.25,149.0,
212.0,149.0,
212.75,149.0,
213.5,149.0,
214.25,149.0,
215.0,149.0,
215.75,149.0,
216.5,149.0,
217.25,149.0,
218.0,149.0,
218.75,149.0,
219.5,149.0,
220.25,149.0,
221.0,149.0,
221.75,149.0,
222.5,149.0,
223.25,149.0,
224.0,149.0,
224.75,149.0,
225.5,149.0,
226.25,149.0,
227.0,149.0,
227.75,149.0,
228.5,149.0,
229.25,149.0,
230.0,149.0,
230.75,149.0,
77.0,149.75,
77.75,149.75,
78.5,149.75,
79.25,149.75,
80.0,149.75,
80.75,149.75,
81.5,149.75,-84.36110321131875
82.25,149.75,-85.03731639817431
83.0,149.75,-85.01293551079277
83.75,149.75,-84.97470964168974
84.5,149.75,-85.52903293267926
85.25,149.75,-85.42204525422473
86.0,149.75,-85.28157530400617
86.75,149.75,-85.54910402953558
87.5,149.75,-85.91754717636181
88.25,149.75,-87.55800993688733
89.0,149.75,-89.2761489186448
89.75,149.75,-88.84389687122332
90.5,149.75,-88.28030071162271
91.25,149.75,-87.96882099870822
92.0,149.75,-86.90851296314692
92.75,149.75,-85.813649651397
93.5,149.75,-85.47434277242942
94.25,149.75,-84.85688882681461
95.0,149.75,-85.03282357265877
95.75,149.75,-85.9312236505473
96.5,149.75,-87.33984293332675
97.25,149.75,-87.70389996880499
98.0,149.75,-86.58648911836045
98.75,149.75,-85.51413730063871
99.5,149.75,-85.76407245299733
100.25,149.75,-86.6126791522395
101.0,149.75,-87.24547122590295
101.75,149.75,-86.83307326738021
102.5,149.75,-86.36380132978643
103.25,149.75,-85.75495588558312
104.0,149.75,-84.84646241467557
104.75,149.75,-84.52712772653801
105.5,149.75,-84.69947708257217
106.25,149.75,-84.79764497227495
107.0,149.75,-84.96877659128025
107.75,149.75,-84.68142791496362
108.5,149.75,-84.29820838715398
109.25,149.75,-84.31899401319961
110.0,149.75,-84.15170855269693
110.75,149.75,-84.55845507332106
111.5,149.75,-84.44521284435311
112.25,149.75,-83.84168812577019
113.0,149.75,-83.51923618901573
113.75,149.75,-84.20430802304375
114.5,149.75,-86.0302511311932
115.25,149.75,-86.43935295207714
116.0,149.75,-87.01875155081349
116.75,149.75,-87.96361948305048
117.5,149.75,-87.09050212596317
118.25,149.75,-84.57668229497266
119.0,149.75,-83.15987839007515
119.75,149.75,-83.27193495868264
120.5,149.75,-83.58523395815077
121.25,149.75,-84.07231522521033
122.0,149.75,-84.19000542103494
122.75,149.75,-84.98709268469646
123.5,149.75,-85.26923593383543
124.25,149.75,-85.82459379615953
125.0,149.75,-86.16879114221335
125.75,149.75,-84.2256949107023
126.5,149.75,-81.05142410855868
127.25,149.75,-79.88780688446157
128.0,149.75,-79.8227137931722
128.75,149.75,-78.6337659774751
129.5,149.75,-78.37687603266036
130.25,149.75,-78.22591885611597
131.0,149.75,-77.90710441734981
131.75,149.75,-77.8724278167993
132.5,149.75,-77.10418819593522
133.25,149.75,-76.71301832963559
134.0,149.75,-76.8555094535006
134.75,149.75,-76.54679933573219
135.5,149.75,-77.3926123601556
136.25,149.75,-77.59850725056413
137.0,149.75,-78.2131647776809
137.75,149.75,-79.21843769027926
138.5,149.75,-79.52611580319733
139.25,149.75,-81.09064544852994
140.0,149.75,-82.2137188208617
140.75,149.75,-83.2124727352934
141.5,149.75,-83.87104193736974
142.25,149.75,-84.06481471390292
143.0,149.75,-84.74106364428944
143.75,149.75,-85.71491967105528
144.5,149.75,-85.92695157772702
145.25,149.75,-86.98032856524333
146.0,149.75,-87.09228550829128
146.75,149.75,-87.59326424870467
147.5,149.75,-87.67433414043585
148.25,149.75,-87.73580786026201
149.0,149.75,
149.75,149.75,
150.5,149.75,
151.25,149.75,
152.0,149.75,
152.75,149.75,
153.5,149.75,
154.25,149.75,
155.0,149.75,
155.75,149.75,
156.5,149.75,
157.25,149.75,
158.0,149.75,
158.75,149.75,
159.5,149.75,
160.25,149.75,
161.0,149.75,
161.75,149.75,
162.5,149.75,
163.25,149.75,
164.0,149.75,
164.75,149.75,
165.5,149.75,
166.25,149.75,
167.0,149.75,
167.75,149.75,
168.5,149.75,
169.25,149.75,
170.0,149.75,
170.75,149.75,
171.5,149.75,
172.25,149.75,
173.0,149.75,
173.75,149.75,
174.5,149.75,
175.25,149.75,
176.0,149.75,
176.75,149.75,
177.5,149.75,
178.25,149.75,
179.0,149.75,
179.75,149.75,
180.5,149.75,
181.25,149.75,
182.0,149.75,-90.02567237163815
182.75,149.75,-90.30346820809248
183.5,149.75,-90.57308970099668
184.25,149.75,-90.77737226277372
185.0,149.75,-90.85471698113207
185.75,149.75,-90.77737226277372
186.5,149.75,-90.57308970099668
187.25,149.75,-90.30346820809248
188.0,149.75,-90.02567237163815
188.75,149.75,
189.5,149.75,
190.25,149.75,
191.0,149.75,
191.75,149.75,
192.5,149.75,
193.25,149.75,-92.47802197802199
194.0,149.75,-92.47122302158273
194.75,149.75,-92.4607843137255
195.5,149.75,-92.37253306061498
196.25,149.75,-92.36147146277926
197.0,149.75,-92.32151246897686
197.75,149.75,-92.20361036220841
198.5,149.75,-91.93028585980773
199.25,149.75,-91.83659343966296
200.0,149.75,-92.13096846412168
200.75,149.75,-92.29480243785524
201.5,149.75,-92.35286710178686
202.25,149.75,-92.37057818137875
203.0,149.75,-92.45604395604396
203.75,149.75,-92.46825396825398
204.5,149.75,-92.4760479041916
205.25,149.75,
206.0,149.75,
206.75,149.75,
207.5,149.75,
208.25,149.75,
209.0,149.75,
209.75,149.75,
210.5,149.75,
211.25,149.75,
212.0,149.75,
212.75,149.75,
213.5,149.75,
214.25,149.75,
215.0,149.75,
215.75,149.75,
216.5,149.75,
217.25,149.75,
218.0,149.75,
218.75,149.75,
219.5,149.75,
220.25,149.75,
221.0,149.75,
221.75,149.75,
222.5,149.75,
223.25,149.75,
224.0,149.75,
224.75,149.75,
225.5,149.75,
226.25,149.75,
227.0,149.75,
227.75,149.75,
228.5,149.75,
229.25,149.75,
230.0,149.75,
230.75,149.75,
77.0,150.5,
77.75,150.5,
78.5,150.5,
79.25,150.5,
80.0,150.5,
80.75,150.5,
81.5,150.5,-84.18566919814577
82.25,150.5,-85.06047094337295
83.0,150.5,-84.93780150608804
83.75,150.5,-84.92605715864498
84.5,150.5,-84.72598152744668
85.25,150.5,-84.33052745458573
86.0,150.5,-83.82331034657547
86.75,150.5,-82.43517169614078
87.5,150.5,-83.37971669312492
88.25,150.5,-85.6739177369832
89.0,150.5,-86.11386336396323
89.75,150.5,-87.0881411533789
90.5,150.5,-88.61344969199179
91.25,150.5,-88.48770429053178
92.0,150.5,-87.62725429889556
92.75,150.5,-86.71050599534627
93.5,150.5,-86.14409573818538
94.25,150.5,-84.39467024349702
95.0,150.5,-83.1293447862565
95.75,150.5,-85.28322603641328
96.5,150.5,-88.06314168377823
97.25,150.5,-88.70664382779779
98.0,150.5,-86.44205165423695
98.75,150.5,-82.82733961937289
99.5,150.5,-83.73954489544894
100.25,150.5,-86.8450158022488
101.0,150.5,-87.80620302540196
101.75,150.5,-87.28173119050679
102.5,150.5,-86.33079990032394
103.25,150.5,-86.14583769908553
104.0,150.5,-85.00677120456166
104.75,150.5,-83.1078609207858
105.5,150.5,-83.66467599313712
106.25,150.5,-85.86813074773195
107.0,150.5,-86.97832600878945
107.75,150.5,-86.04328746124374
108.5,150.5,-84.69866529774127
109.25,150.5,-84.35237578187234
110.0,150.5,-84.52483806328347
110.75,150.5,-84.16607788253195
111.5,150.5,-84.16739253929181
112.25,150.5,-83.93084484536303
113.0,150.5,-83.88540209313079
113.75,150.5,-84.68668813163359
114.5,150.5,-85.97415044478356
115.25,150.5,-86.13889326110589
116.0,150.5,-86.50505602623669
116.75,150.5,-86.78246572569357
117.5,150.5,-85.86457588193214
118.25,150.5,-84.75091171084469
119.0,150.5,-83.38927604676611
119.75,150.5,-84.18772671833733
120.5,150.5,-84.02305519505303
121.25,150.5,-84.4254923157985
122.0,150.5,-85.58573925073725
122.75,150.5,-85.83432932502687
123.5,150.5,-85.7796128953474
124.25,150.5,-85.43319245677131
125.0,150.5,-84.52137435077906
125.75,150.5,-83.6086223199629
126.5,150.5,-81.23482720722922
127.25,150.5,-80.53456650292698
128.0,150.5,-80.59833329505287
128.75,150.5,-79.69878622312072
129.5,150.5,-78.86063166117692
130.25,150.5,-78.63274266949793
131.0,150.5,-78.48190436383015
131.75,150.5,-78.70870256437641
132.5,150.5,-77.91517647094079
133.25,150.5,-76.68889155552874
134.0,150.5,-76.12711864406779
134.75,150.5,-76.60689663653784
135.5,150.5,-76.7620320855615
136.25,150.5,-76.29391217564869
137.0,150.5,-78.20184696569922
137.75,150.5,-80.4760479041916
138.5,150.5,-80.54761904761905
139.25,150.5,-81.06976339700722
140.0,150.5,-82.0
140.75,150.5,-83.24031547065704
141.5,150.5,-83.93650793650794
142.25,150.5,-84.0319361277445
143.0,150.5,-84.72295514511875
143.75,150.5,-86.0
144.5,150.5,-86.0
145.25,150.5,-86.98608570486098
146.0,150.5,-87.5
146.75,150.5,-87.57072691552062
147.5,150.5,
148.25,150.5,
149.0,150.5,
149.75,150.5,
150.5,150.5,
151.25,150.5,
152.0,150.5,
152.75,150.5,
153.5,150.5,
154.25,150.5,
155.0,150.5,
155.75,150.5,
156.5,150.5,
157.25,150.5,
158.0,150.5,
158.75,150.5,
159.5,150.5,
160.25,150.5,
161.0,150.5,
161.75,150.5,
162.5,150.5,
163.25,150.5,
164.0,150.5,
164.75,150.5,
165.5,150.5,
166.25,150.5,
167.0,150.5,
167.75,150.5,
168.5,150.5,
169.25,150.5,
170.0,150.5,
170.75,150.5,
171.5,150.5,
172.25,150.5,
173.0,150.5,
173.75,150.5,
174.5,150.5,
175.25,150.5,
176.0,150.5,
176.75,150.5,
177.5,150.5,
178.25,150.5,
179.0,150.5,
179.75,150.5,
180.5,150.5,
181.25,150.5,
182.0,150.5,
182.75,150.5,-91.84584450402146
183.5,150.5,-92.30487804878048
184.25,150.5,-92.64617940199335
185.0,150.5,-92.77397260273972
185.75,150.5,-92.64617940199335
186.5,150.5,-92.30487804878048
187.25,150.5,-91.84584450402146
188.0,150.5,
188.75,150.5,
189.5,150.5,
190.25,150.5,
191.0,150.5,
191.75,150.5,
192.5,150.5,
193.25,150.5,-92.54371584699453
194.0,150.5,-92.55714285714286
194.75,150.5,-92.57766990291263
195.5,150.5,-92.61111111111111
196.25,150.5,-92.67021276595744
197.0,150.5,-92.73167179155203
197.75,150.5,-92.99491372244057
198.5,150.5,-93.47978436657684
199.25,150.5,-93.62807102894674
200.0,150.5,-93.13390928725703
200.75,150.5,-92.79889570709335
201.5,150.5,-92.69999999999999
202.25,150.5,-92.62698412698413
203.0,150.5,-92.58695652173911
203.75,150.5,-92.56299212598425
204.5,150.5,-92.54761904761905
205.25,150.5,
206.0,150.5,
206.75,150.5,
207.5,150.5,
208.25,150.5,
209.0,150.5,
209.75,150.5,
210.5,150.5,
211.25,150.5,
212.0,150.5,
212.75,150.5,
213.5,150.5,
214.25,150.5,
215.0,150.5,
215.75,150.5,
216.5,150.5,
217.25,150.5,
218.0,150.5,
218.75,150.5,
219.5,150.5,
220.25,150.5,
221.0,150.5,
221.75,150.5,
222.5,150.5,
223.25,150.5,
224.0,150.5,
224.75,150.5,
225.5,150.5,
226.25,150.5,
227.0,150.5,
227.75,150.5,
228.5,150.5,
229.25,150.5,
230.0,150.5,
230.75,150.5,
77.0,151.25,
77.75,151.25,
78.5,151.25,
79.25,151.25,
80.0,151.25,
80.75,151.25,
81.5,151.25,-84.76315847447172
82.25,151.25,-84.7194757776519
83.0,151.25,-85.31692727649786
83.75,151.25,-85.01738319549504
84.5,151.25,-84.77527754364985
85.25,151.25,-84.29682038287537
86.0,151.25,-83.47088341765648
86.75,151.25,-81.6101538655589
87.5,151.25,-82.58509477336258
88.25,151.25,-85.07962412809646
89.0,151.25,-85.58810484594557
89.75,151.25,-86.98930434631093
90.5,151.25,-88.44741077819558
91.25,151.25,-88.81532861078314
92.0,151.25,-87.89162047779931
92.75,151.25,-86.98744181232313
93.5,151.25,-86.48542614698171
94.25,151.25,-84.08389937760137
95.0,151.25,-82.32469938898541
95.75,151.25,-84.97661566606082
96.5,151.25,-88.60715505448499
97.25,151.25,-89.43254270764751
98.0,151.25,-86.19122537460132
98.75,151.25,-81.99052661413599
99.5,151.25,-83.40419445963342
100.25,151.25,-87.33214424644096
101.0,151.25,-88.01492614909512
101.75,151.25,-87.90445065384942
102.5,151.25,-86.60397767572098
103.25,151.25,-86.12688090869281
104.0,151.25,-85.19372835706041
104.75,151.25,-82.66950543619888
105.5,151.25,-83.4657676512965
106.25,151.25,-86.15349306201551
107.0,151.25,-87.72108869791168
107.75,151.25,-86.3311800309042
108.5,151.25,-84.61510743022745
109.25,151.25,-84.238554374918
110.0,151.25,-84.61934562097478
110.75,151.25,-84.08420206851254
111.5,151.25,-84.123998605561
112.25,151.25,-84.42354418268027
113.0,151.25,-84.02863851222186
113.75,151.25,-84.79707796665497
114.5,151.25,-85.85398316649989
115.25,151.25,-86.21381379706595
116.0,151.25,-86.05348440038321
116.75,151.25,-86.1122824482358
117.5,151.25,-85.29208030113065
118.25,151.25,-84.71006706814227
119.0,151.25,-84.84498248263918
119.75,151.25,-85.27198588085939
120.5,151.25,-85.33946722424575
121.25,151.25,-85.26209603219448
122.0,151.25,-85.66090569135866
122.75,151.25,-85.92227510390133
123.5,151.25,-85.85077036906952
124.25,151.25,-85.17084125672909
125.0,151.25,-84.47286474429416
125.75,151.25,-83.32524253313176
126.5,151.25,-80.96161399348242
127.25,151.25,-80.29721395627503
128.0,151.25,-81.08865653003512
128.75,151.25,-81.46660021755602
129.5,151.25,-80.30376835201822
130.25,151.25,-80.14823113552231
131.0,151.25,-79.99412035018234
131.75,151.25,-79.32961662147812
132.5,151.25,-80.12988081233593
133.25,151.25,-81.90555555555555
134.0,151.25,-82.20603271983639
134.75,151.25,
135.5,151.25,
136.25,151.25,
137.0,151.25,
137.75,151.25,
138.5,151.25,
139.25,151.25,
140.0,151.25,
140.75,151.25,
141.5,151.25,
142.25,151.25,
143.0,151.25,
143.75,151.25,
144.5,151.25,
145.25,151.25,
146.0,151.25,
146.75,151.25,
147.5,151.25,
148.25,151.25,
149.0,151.25,
149.75,151.25,
150.5,151.25,
151.25,151.25,
152.0,151.25,
152.75,151.25,
153.5,151.25,
154.25,151.25,
155.0,151.25,
155.75,151.25,
156.5,151.25,
157.25,151.25,
158.0,151.25,
158.75,151.25,
159.5,151.25,
160.25,151.25,
161.0,151.25,
161.75,151.25,
162.5,151.25,
163.25,151.25,
164.0,151.25,
164.75,151.25,
165.5,151.25,
166.25,151.25,
167.0,151.25,
167.75,151.25,
168.5,151.25,
169.25,151.25,
170.0,151.25,
170.75,151.25,
171.5,151.25,
172.25,151.25,
173.0,151.25,
173.75,151.25,
174.5,151.25,
175.25,151.25,
176.0,151.25,
176.75,151.25,
177.5,151.25,
178.25,151.25,
179.0,151.25,
179.75,151.25,
180.5,151.25,
181.25,151.25,
182.0,151.25,
182.75,151.25,
183.5,151.25,
184.25,151.25,
185.0,151.25,
185.75,151.25,
186.5,151.25,
187.25,151.25,
188.0,151.25,
188.75,151.25,
189.5,151.25,
190.25,151.25,
191.0,151.25,
191.75,151.25,
192.5,151.25,
193.25,151.25,
194.0,151.25,-92.63605442176872
194.75,151.25,-92.68181818181819
195.5,151.25,-92.75316455696203
196.25,151.25,-92.87037037037037
197.0,151.25,-93.07142857142858
197.75,151.25,-93.4090909090909
198.5,151.25,-93.83333333333333
199.25,151.25,-93.92857142857143
200.0,151.25,-93.55263157894737
200.75,151.25,-93.16666666666666
201.5,151.25,-92.92553191489363
202.25,151.25,-92.78571428571428
203.0,151.25,-92.7020202020202
203.75,151.25,-92.64925373134328
204.5,151.25,-92.6142857142857
205.25,151.25,
206.0,151.25,
206.75,151.25,
207.5,151.25,
208.25,151.25,
209.0,151.25,
209.75,151.25,
210.5,151.25,
211.25,151.25,
212.0,151.25,
212.75,151.25,
213.5,151.25,
214.25,151.25,
215.0,151.25,
215.75,151.25,
216.5,151.25,
217.25,151.25,
218.0,151.25,
218.75,151.25,
219.5,151.25,
220.25,151.25,
221.0,151.25,
221.75,151.25,
222.5,151.25,
223.25,151.25,
224.0,151.25,
224.75,151.25,
225.5,151.25,
226.25,151.25,
227.0,151.25,
227.75,151.25,
228.5,151.25,
229.25,151.25,
230.0,151.25,
230.75,151.25,
77.0,152.0,
77.75,152.0,
78.5,152.0,
79.25,152.0,
80.0,152.0,
80.75,152.0,
81.5,152.0,-84.00000000000001
82.25,152.0,-85.32238791306159
83.0,152.0,-85.26861237329605
83.75,152.0,-85.21434732763097
84.5,152.0,-85.0853062957851
85.25,152.0,-84.89119146715201
86.0,152.0,-84.64285714285712
86.75,152.0,-84.46429946641732
87.5,152.0,-84.60533515731873
88.25,152.0,-85.25745008443431
89.0,152.0,-85.6785714285714
89.75,152.0,-86.5686649448694
90.5,152.0,-88.23147630364883
91.25,152.0,-88.65018395392738
92.0,152.0,-88.24999999999999
92.75,152.0,-86.98056626090107
93.5,152.0,-86.1991109199111
94.25,152.0,-84.4430009009437
95.0,152.0,-84.1341463414634
95.75,152.0,-85.6262763706513
96.5,152.0,-87.90413684368589
97.25,152.0,-88.1555076202279
98.0,152.0,-87.04545454545453
98.75,152.0,-86.6729771497958
99.5,152.0,-87.22742759795572
100.25,152.0,-89.00754941889342
101.0,152.0,-90.14285714285711
101.75,152.0,-89.2459521207907
102.5,152.0,-87.53747870528112
103.25,152.0,-86.8228833204548
104.0,152.0,-86.77272727272727
104.75,152.0,-86.28700739595983
105.5,152.0,-86.19761499148214
106.25,152.0,-85.89112943280024
107.0,152.0,-85.7142857142857
107.75,152.0,-85.7719280818516
108.5,152.0,-85.6750780558274
109.25,152.0,-85.65822041608057
110.0,152.0,-85.11111111111111
110.75,152.0,-84.6030297922506
111.5,152.0,-84.42657602354016
112.25,152.0,-84.62852429312163
113.0,152.0,-84.74128408698655
113.75,152.0,-85.16290520779822
114.5,152.0,-85.7780444285724
115.25,152.0,-85.98404902391223
116.0,152.0,-85.73568281938326
116.75,152.0,-85.59990925995311
117.5,152.0,-84.9850362279987
118.25,152.0,-86.17179163874887
119.0,152.0,-85.90013800323592
119.75,152.0,-85.57740127581324
120.5,152.0,-85.65665923239334
121.25,152.0,-85.52636332239885
122.0,152.0,-85.89285714285715
122.75,152.0,-86.03075760794773
123.5,152.0,-85.910104182626
124.25,152.0,-84.68458825866695
125.0,152.0,-84.10714285714283
125.75,152.0,-83.37337339823185
126.5,152.0,-82.000341997264
127.25,152.0,-81.62210517630234
128.0,152.0,-81.75
128.75,152.0,-81.96491374810968
129.5,152.0,-82.13379870474571
130.25,152.0,-81.35714695302136
131.0,152.0,-81.28813559322035
131.75,152.0,-82.53394088445975
132.5,152.0,-82.03973363112345
133.25,152.0,-82.81176929072485
134.0,152.0,-82.96511627906975
134.75,152.0,
135.5,152.0,
136.25,152.0,-90.63211009174313
137.0,152.0,
137.75,152.0,
138.5,152.0,
139.25,152.0,
140.0,152.0,
140.75,152.0,
141.5,152.0,
142.25,152.0,
143.0,152.0,
143.75,152.0,
144.5,152.0,
145.25,152.0,
146.0,152.0,
146.75,152.0,
147.5,152.0,
148.25,152.0,
149.0,152.0,
149.75,152.0,
150.5,152.0,
151.25,152.0,
152.0,152.0,
152.75,152.0,
153.5,152.0,
154.25,152.0,
155.0,152.0,
155.75,152.0,
156.5,152.0,
157.25,152.0,
158.0,152.0,
158.75,152.0,
159.5,152.0,
160.25,152.0,
161.0,152.0,
161.75,152.0,
162.5,152.0,
163.25,152.0,
164.0,152.0,
164.75,152.0,
165.5,152.0,
166.25,152.0,
167.0,152.0,
167.75,152.0,
168.5,152.0,
169.25,152.0,
170.0,152.0,
170.75,152.0,
171.5,152.0,
172.25,152.0,
173.0,152.0,
173.75,152.0,
174.5,152.0,
175.25,152.0,
176.0,152.0,
176.75,152.0,
177.5,152.0,
178.25,152.0,
179.0,152.0,
179.75,152.0,
180.5,152.0,
181.25,152.0,
182.0,152.0,
182.75,152.0,
183.5,152.0,
184.25,152.0,
185.0,152.0,
185.75,152.0,
186.5,152.0,
187.25,152.0,
188.0,152.0,
188.75,152.0,
189.5,152.0,
190.25,152.0,
191.0,152.0,
191.75,152.0,
192.5,152.0,
193.25,152.0,
194.0,152.0,-92.69999999999999
194.75,152.0,-92.76016260162602
195.5,152.0,-92.84782608695652
196.25,152.0,-92.9776119402985
197.0,152.0,-93.16666666666667
197.75,152.0,-93.41428571428573
198.5,152.0,-93.64285714285715
199.25,152.0,-93.68518518518518
200.0,152.0,-93.50000000000001
200.75,152.0,-93.24418604651162
201.5,152.0,-93.03333333333335
202.25,152.0,-92.8855421686747
203.0,152.0,-92.78571428571429
203.75,152.0,-92.71768707482994
204.5,152.0,
205.25,152.0,
206.0,152.0,
206.75,152.0,
207.5,152.0,
208.25,152.0,
209.0,152.0,
209.75,152.0,
210.5,152.0,
211.25,152.0,
212.0,152.0,
212.75,152.0,
213.5,152.0,
214.25,152.0,
215.0,152.0,
215.75,152.0,
216.5,152.0,
217.25,152.0,
218.0,152.0,
218.75,152.0,
219.5,152.0,
220.25,152.0,
221.0,152.0,
221.75,152.0,
222.5,152.0,
223.25,152.0,
224.0,152.0,
224.75,152.0,
225.5,152.0,
226.25,152.0,
227.0,152.0,
227.75,152.0,
228.5,152.0,
229.25,152.0,
230.0,152.0,
230.75,152.0,
77.0,152.75,
77.75,152.75,
78.5,152.75,
79.25,152.75,
80.0,152.75,
80.75,152.75,
81.5,152.75,-85.33790745794224
82.25,152.75,-85.3424610533367
83.0,152.75,-85.47597645216405
83.75,152.75,-85.4299167467967
84.5,152.75,-85.50002450921635
85.25,152.75,-85.59571958080205
86.0,152.75,-86.34891218918868
86.75,152.75,-86.8365184660246
87.5,152.75,-86.63847218927442
88.25,152.75,-85.92989495577022
89.0,152.75,-85.1978116401139
89.75,152.75,-87.00822113857714
90.5,152.75,-89.25533873771036
91.25,152.75,-89.65323072690674
92.0,152.75,-88.38777080002417
92.75,152.75,-87.12681394845137
93.5,152.75,-85.2807012067573
94.25,152.75,-84.38395794047007
95.0,152.75,-84.6678467104936
95.75,152.75,-86.38128806418953
96.5,152.75,-88.17435512414455
97.25,152.75,-88.87742866659265
98.0,152.75,-89.01472764920923
98.75,152.75,-89.01521189230395
99.5,152.75,-89.34751346838507
100.25,152.75,-92.6193317656824
101.0,152.75,-95.49831738933754
101.75,152.75,-92.16848744387624
102.5,152.75,-87.43964075233269
103.25,152.75,-86.4213590214491
104.0,152.75,-88.13190783467427
104.75,152.75,-90.24822353026514
105.5,152.75,-89.16100970061
106.25,152.75,-85.33094449847479
107.0,152.75,-83.28257784108928
107.75,152.75,-84.91886603488238
108.5,152.75,-87.1752594310055
109.25,152.75,-87.64024311834453
110.0,152.75,-86.39342510301714
110.75,152.75,-85.50866986399176
111.5,152.75,-84.85849525265178
112.25,152.75,-84.90837625238929
113.0,152.75,-84.91149743913269
113.75,152.75,-85.65103105256323
114.5,152.75,-85.93762740862326
115.25,152.75,-85.71248923549015
116.0,152.75,-85.27946868853805
116.75,152.75,-85.35346783596697
117.5,152.75,-86.42919173351325
118.25,152.75,-86.21926066352002
119.0,152.75,-85.81030646395854
119.75,152.75,-85.78550669928573
120.5,152.75,-85.38921258704555
121.25,152.75,-85.86116015412144
122.0,152.75,-86.09287657144142
122.75,152.75,-86.77489830197129
123.5,152.75,-86.24055809622621
124.25,152.75,-84.53736083683876
125.0,152.75,-84.00582892070005
125.75,152.75,-83.32869478406255
126.5,152.75,-82.34538265549881
127.25,152.75,-82.10465422155247
128.0,152.75,-82.42635874339074
128.75,152.75,-82.50539890679204
129.5,152.75,-82.354646667614
130.25,152.75,-82.72914146453178
131.0,152.75,-82.9521307235299
131.75,152.75,-83.04110777701109
132.5,152.75,-83.20197633711962
133.25,152.75,-85.08333333333333
134.0,152.75,-85.2269647696477
134.75,152.75,-85.3180751173709
135.5,152.75,-90.17048054919908
136.25,152.75,-90.66589861751152
137.0,152.75,-91.14142538975501
137.75,152.75,
138.5,152.75,
139.25,152.75,
140.0,152.75,
140.75,152.75,
141.5,152.75,
142.25,152.75,
143.0,152.75,
143.75,152.75,
144.5,152.75,
145.25,152.75,
146.0,152.75,
146.75,152.75,
147.5,152.75,
148.25,152.75,
149.0,152.75,
149.75,152.75,
150.5,152.75,
151.25,152.75,
152.0,152.75,
152.75,152.75,
153.5,152.75,
154.25,152.75,
155.0,152.75,
155.75,152.75,
156.5,152.75,
157.25,152.75,
158.0,152.75,
158.75,152.75,
159.5,152.75,
160.25,152.75,
161.0,152.75,
161.75,152.75,
162.5,152.75,
163.25,152.75,
164.0,152.75,
164.75,152.75,
165.5,152.75,
166.25,152.75,
167.0,152.75,
167.75,152.75,
168.5,152.75,
169.25,152.75,
170.0,152.75,
170.75,152.75,
171.5,152.75,
172.25,152.75,
173.0,152.75,
173.75,152.75,
174.5,152.75,
175.25,152.75,
176.0,152.75,
176.75,152.75,
177.5,152.75,
178.25,152.75,
179.0,152.75,
179.75,152.75,
180.5,152.75,
181.25,152.75,
182.0,152.75,
182.75,152.75,
183.5,152.75,
184.25,152.75,
185.0,152.75,
185.75,152.75,
186.5,152.75,
187.25,152.75,
188.0,152.75,
188.75,152.75,
189.5,152.75,
190.25,152.75,
191.0,152.75,
191.75,152.75,
192.5,152.75,
193.25,152.75,
194.0,152.75,
194.75,152.75,-92.80985915492958
195.5,152.75,-92.89639639639638
196.25,152.75,-93.01162790697674
197.0,152.75,-93.15671641791046
197.75,152.75,-93.31481481481482
198.5,152.75,-93.43617021276594
199.25,152.75,-93.45652173913042
200.0,152.75,-93.36274509803923
200.75,152.75,-93.20967741935485
201.5,152.75,-93.05696202531647
202.25,152.75,-92.93137254901961
203.0,152.75,-92.83587786259541
203.75,152.75,
204.5,152.75,
205.25,152.75,
206.0,152.75,
206.75,152.75,
207.5,152.75,
208.25,152.75,
209.0,152.75,
209.75,152.75,
210.5,152.75,
211.25,152.75,
212.0,152.75,
212.75,152.75,
213.5,152.75,
214.25,152.75,
215.0,152.75,
215.75,152.75,
216.5,152.75,
217.25,152.75,
218.0,152.75,
218.75,152.75,
219.5,152.75,
220.25,152.75,
221.0,152.75,
221.75,152.75,
222.5,152.75,
223.25,152.75,
224.0,152.75,
224.75,152.75,
225.5,152.75,
226.25,152.75,
227.0,152.75,
227.75,152.75,
228.5,152.75,
229.25,152.75,
230.0,152.75,
230.75,152.75,
77.0,153.5,
77.75,153.5,
78.5,153.5,
79.25,153.5,
80.0,153.5,
80.75,153.5,
81.5,153.5,-87.48412698412697
82.25,153.5,-85.47265184133767
83.0,153.5,-85.547528593274
83.75,153.5,-86.55352938519891
84.5,153.5,-86.61857487745257
85.25,153.5,-86.74138288511001
86.0,153.5,-86.91337945733089
86.75,153.5,-87.03217311126157
87.5,153.5,-87.11820735132494
88.25,153.5,-86.93824432513455
89.0,153.5,-86.25189772273272
89.75,153.5,-87.74365558963454
90.5,153.5,-89.07064354622055
91.25,153.5,-89.29871933779621
92.0,153.5,-87.85395550455792
92.75,153.5,-86.12199873227887
93.5,153.5,-84.38729720400413
94.25,153.5,-83.4738211388363
95.0,153.5,-83.3537762028775
95.75,153.5,-85.20892857722282
96.5,153.5,-88.12909090909093
97.25,153.5,-88.7372117435774
98.0,153.5,-89.7145002252365
98.75,153.5,-89.75348227656
99.5,153.5,-90.52566735112937
100.25,153.5,-93.2749814333555
101.0,153.5,-94.88274071114661
101.75,153.5,-92.40760297246335
102.5,153.5,-88.56673511293636
103.25,153.5,-87.50484014412943
104.0,153.5,-88.64778016917764
104.75,153.5,-89.79879717021156
105.5,153.5,-89.0608856088561
106.25,153.5,-85.60658457887891
107.0,153.5,-83.79963847397963
107.75,153.5,-85.02516137839197
108.5,153.5,-87.04806954743033
109.25,153.5,-87.51526768091595
110.0,153.5,-86.62319800112452
110.75,153.5,-85.88016639537773
111.5,153.5,-85.0778603362509
112.25,153.5,-84.80959846645116
113.0,153.5,-85.07686623428286
113.75,153.5,-85.07121334857136
114.5,153.5,-85.97218895591247
115.25,153.5,-85.66618415817763
116.0,153.5,-85.82604020183638
116.75,153.5,-86.21065486938566
117.5,153.5,-86.44293070278945
118.25,153.5,-86.25574210339975
119.0,153.5,-86.06915813761657
119.75,153.5,-85.84732160198986
120.5,153.5,-85.11386001111022
121.25,153.5,-85.54287721592227
122.0,153.5,-85.97626604183617
122.75,153.5,-86.4674728209446
123.5,153.5,-85.86293856682987
124.25,153.5,-84.26050470933642
125.0,153.5,-83.89722333200159
125.75,153.5,-83.6539105897779
126.5,153.5,-82.77851386005617
127.25,153.5,-82.5485050743232
128.0,153.5,-82.99014704449749
128.75,153.5,-83.13706024316849
129.5,153.5,-83.15972702793555
130.25,153.5,-83.52754554936126
131.0,153.5,-83.69383661097015
131.75,153.5,-83.92396543365757
132.5,153.5,-84.79428566751785
133.25,153.5,-85.21413502109705
134.0,153.5,-85.3876811594203
134.75,153.5,-87.41865049101852
135.5,153.5,-88.10225584222613
136.25,153.5,-90.71114369501466
137.0,153.5,-91.7004191484668
137.75,153.5,-92.08122920676017
138.5,153.5,-93.35465116279069
139.25,153.5,-93.35557184750732
140.0,153.5,-93.35112359550563
140.75,153.5,-93.34254498714652
141.5,153.5,
142.25,153.5,
143.0,153.5,
143.75,153.5,
144.5,153.5,
145.25,153.5,
146.0,153.5,
146.75,153.5,
147.5,153.5,
148.25,153.5,
149.0,153.5,
149.75,153.5,
150.5,153.5,
151.25,153.5,
152.0,153.5,
152.75,153.5,
153.5,153.5,
154.25,153.5,
155.0,153.5,
155.75,153.5,
156.5,153.5,
157.25,153.5,
158.0,153.5,
158.75,153.5,
159.5,153.5,
160.25,153.5,
161.0,153.5,
161.75,153.5,
162.5,153.5,
163.25,153.5,
164.0,153.5,
164.75,153.5,
165.5,153.5,
166.25,153.5,
167.0,153.5,
167.75,153.5,
168.5,153.5,
169.25,153.5,
170.0,153.5,
170.75,153.5,
171.5,153.5,
172.25,153.5,
173.0,153.5,
173.75,153.5,
174.5,153.5,
175.25,153.5,
176.0,153.5,
176.75,153.5,
177.5,153.5,
178.25,153.5,
179.0,153.5,
179.75,153.5,
180.5,153.5,
181.25,153.5,
182.0,153.5,
182.75,153.5,
183.5,153.5,
184.25,153.5,
185.0,153.5,
185.75,153.5,
186.5,153.5,
187.25,153.5,
188.0,153.5,
188.75,153.5,
189.5,153.5,
190.25,153.5,
191.0,153.5,
191.75,153.5,
192.5,153.5,
193.25,153.5,
194.0,153.5,
194.75,153.5,
195.5,153.5,-92.91176470588235
196.25,153.5,-93.00450450450451
197.0,153.5,-93.10869565217394
197.75,153.5,-93.20886075949369
198.5,153.5,-93.27777777777779
199.25,153.5,-93.28873239436622
200.0,153.5,-93.23684210526315
200.75,153.5,-93.14367816091955
201.5,153.5,-93.03846153846155
202.25,153.5,-92.94094488188975
203.0,153.5,
203.75,153.5,
204.5,153.5,
205.25,153.5,
206.0,153.5,
206.75,153.5,
207.5,153.5,
208.25,153.5,
209.0,153.5,
209.75,153.5,
210.5,153.5,
211.25,153.5,
212.0,153.5,
212.75,153.5,
213.5,153.5,
214.25,153.5,
215.0,153.5,
215.75,153.5,
216.5,153.5,
217.25,153.5,
218.0,153.5,
218.75,153.5,
219.5,153.5,
220.25,153.5,
221.0,153.5,
221.75,153.5,
222.5,153.5,
223.25,153.5,
224.0,153.5,
224.75,153.5,
225.5,153.5,
226.25,153.5,
227.0,153.5,
227.75,153.5,
228.5,153.5,
229.25,153.5,
230.0,153.5,
230.75,153.5,
77.0,154.25,
77.75,154.25,
78.5,154.25,
79.25,154.25,
80.0,154.25,
80.75,154.25,
81.5,154.25,-87.50798403193613
82.25,154.25,-85.62046178777807
83.0,154.25,-85.73160964344802
83.75,154.25,-86.79426912938621
84.5,154.25,-86.9237517090993
85.25,154.25,-87.12684423403141
86.0,154.25,-87.40972721274225
86.75,154.25,-87.71576663816155
87.5,154.25,-88.51390480395109
88.25,154.25,-90.16217940110111
89.0,154.25,-91.46885785471652
89.75,154.25,-90.27276084329259
90.5,154.25,-88.12609625875936
91.25,154.25,-87.43952759357458
92.0,154.25,-86.77397312145261
92.75,154.25,-85.31378908387322
93.5,154.25,-84.50981771724271
94.25,154.25,-81.98165738549089
95.0,154.25,-80.46542052140768
95.75,154.25,-82.73820444377608
96.5,154.25,-86.93966380376673
97.25,154.25,-88.91288871914935
98.0,154.25,-91.24742933246317
98.75,154.25,-92.78097027762745
99.5,154.25,-92.91424704522863
100.25,154.25,-93.39809479235845
101.0,154.25,-93.53495599017013
101.75,154.25,-92.54979179423238
102.5,154.25,-90.67838184780288
103.25,154.25,-90.20843973855142
104.0,154.25,-89.87919729902369
104.75,154.25,-88.54357650827988
105.5,154.25,-87.97867989248087
106.25,154.25,-86.89177819510098
107.0,154.25,-85.28201785382238
107.75,154.25,-85.61897851853064
108.5,154.25,-86.47537303745877
109.25,154.25,-86.78727623602545
110.0,154.25,-86.59061936410876
110.75,154.25,-85.90549243981351
111.5,154.25,-85.18531960647212
112.25,154.25,-84.92995669517754
113.0,154.25,-85.21036568565786
113.75,154.25,-85.16231887175098
114.5,154.25,-86.16532213872864
115.25,154.25,-86.03710499622274
116.0,154.25,-87.21065830721001
116.75,154.25,-86.85922023541995
117.5,154.25,-86.79842672607283
118.25,154.25,-86.1730507169139
119.0,154.25,-86.14057206472759
119.75,154.25,-84.80507685877832
120.5,154.25,-84.97827864235708
121.25,154.25,-85.26046479045382
122.0,154.25,-85.53076215805243
122.75,154.25,-85.46561819433367
123.5,154.25,-84.73803318216899
124.25,154.25,-83.24493158988369
125.0,154.25,-82.56084565755214
125.75,154.25,-83.31584516409899
126.5,154.25,-84.41523133430147
127.25,154.25,-84.9366217449048
128.0,154.25,-84.29414843994203
128.75,154.25,-83.61714956397417
129.5,154.25,-83.79086721014814
130.25,154.25,-83.72639616837014
131.0,154.25,-84.1120482269315
131.75,154.25,-84.35034119280506
132.5,154.25,-84.77497243753838
133.25,154.25,-85.42901234567901
134.0,154.25,-86.7889292646502
134.75,154.25,-87.38745469339447
135.5,154.25,-88.9026824095629
136.25,154.25,-89.81033903821674
137.0,154.25,-91.85829323222993
137.75,154.25,-92.30643903062855
138.5,154.25,-93.37244897959184
139.25,154.25,-93.37396694214877
140.0,154.25,-93.36673151750973
140.75,154.25,-93.35344827586208
141.5,154.25,-93.33797653958943
142.25,154.25,-93.32317073170732
143.0,154.25,
143.75,154.25,
144.5,154.25,
145.25,154.25,
146.0,154.25,
146.75,154.25,
147.5,154.25,
148.25,154.25,
149.0,154.25,
149.75,154.25,
150.5,154.25,
151.25,154.25,
152.0,154.25,
152.75,154.25,
153.5,154.25,
154.25,154.25,
155.0,154.25,
155.75,154.25,
156.5,154.25,
157.25,154.25,
158.0,154.25,
158.75,154.25,
159.5,154.25,
160.25,154.25,
161.0,154.25,
161.75,154.25,
162.5,154.25,
163.25,154.25,
164.0,154.25,
164.75,154.25,
165.5,154.25,
166.25,154.25,
167.0,154.25,
167.75,154.25,
168.5,154.25,
169.25,154.25,
170.0,154.25,
170.75,154.25,
171.5,154.25,
172.25,154.25,
173.0,154.25,
173.75,154.25,
174.5,154.25,
175.25,154.25,
176.0,154.25,
176.75,154.25,
177.5,154.25,
178.25,154.25,
179.0,154.25,
179.75,154.25,
180.5,154.25,
181.25,154.25,
182.0,154.25,
182.75,154.25,
183.5,154.25,
184.25,154.25,
185.0,154.25,
185.75,154.25,
186.5,154.25,
187.25,154.25,
188.0,154.25,
188.75,154.25,
189.5,154.25,
190.25,154.25,
191.0,154.25,
191.75,154.25,
192.5,154.25,
193.25,154.25,
194.0,154.25,
194.75,154.25,
195.5,154.25,
196.25,154.25,-92.97887323943664
197.0,154.25,-93.0528455284553
197.75,154.25,-93.11818181818181
198.5,154.25,-93.16019417475728
199.25,154.25,-93.16666666666667
200.0,154.25,-93.13551401869158
200.75,154.25,-93.07627118644068
201.5,154.25,-93.0037037037037
202.25,154.25,
203.0,154.25,
203.75,154.25,
204.5,154.25,
205.25,154.25,
206.0,154.25,
206.75,154.25,
207.5,154.25,
208.25,154.25,
209.0,154.25,
209.75,154.25,
210.5,154.25,
211.25,154.25,
212.0,154.25,
212.75,154.25,
213.5,154.25,
214.25,154.25,
215.0,154.25,
215.75,154.25,
216.5,154.25,
217.25,154.25,
218.0,154.25,
218.75,154.25,
219.5,154.25,
220.25,154.25,
221.0,154.25,
221.75,154.25,
222.5,154.25,
223.25,154.25,
224.0,154.25,
224.75,154.25,
225.5,154.25,
226.25,154.25,
227.0,154.25,
227.75,154.25,
228.5,154.25,
229.25,154.25,
230.0,154.25,
230.75,154.25,
77.0,155.0,
77.75,155.0,
78.5,155.0,
79.25,155.0,
80.0,155.0,
80.75,155.0,
81.5,155.0,-86.72295514511873
82.25,155.0,-86.74106364428944
83.0,155.0,-85.83870967741936
83.75,155.0,-87.58721658941155
84.5,155.0,-87.65450011224299
85.25,155.0,-88.0282039732726
86.0,155.0,-88.06622176591375
86.75,155.0,-88.03590727130766
87.5,155.0,-88.48751498202158
88.25,155.0,-91.99087978815378
89.0,155.0,-95.49999999999156
89.75,155.0,-92.04007685552658
90.5,155.0,-87.31891729924092
91.25,155.0,-86.24413978847748
92.0,155.0,-86.29237288135592
92.75,155.0,-85.05387692861576
93.5,155.0,-84.76298303899281
94.25,155.0,-81.34036457287557
95.0,155.0,-78.00000000000769
95.75,155.0,-81.19463495253777
96.5,155.0,-85.52616195127808
97.25,155.0,-89.2307260721358
98.0,155.0,-92.45573440643864
98.75,155.0,-94.78394387257646
99.5,155.0,-94.48034651254493
100.25,155.0,-93.70050350468713
101.0,155.0,-93.99999999999838
101.75,155.0,-92.93918590758649
102.5,155.0,-91.25571043970369
103.25,155.0,-90.97626569922207
104.0,155.0,-90.46098562628337
104.75,155.0,-88.97732657259358
105.5,155.0,-87.76999226252788
106.25,155.0,-87.422021534539
107.0,155.0,-86.83333333333333
107.75,155.0,-86.5608768759398
108.5,155.0,-86.31532448202618
109.25,155.0,-86.44932241950991
110.0,155.0,-86.39729089602683
110.75,155.0,-85.867199433538
111.5,155.0,-85.42288919384062
112.25,155.0,-85.24651620837777
113.0,155.0,-85.52380952380952
113.75,155.0,-85.88029925187031
114.5,155.0,-85.808
115.25,155.0,
116.0,155.0,
116.75,155.0,
117.5,155.0,
118.25,155.0,
119.0,155.0,-86.6153846153846
119.75,155.0,-84.98954693316733
120.5,155.0,-85.00556695305376
121.25,155.0,-84.86033241326182
122.0,155.0,-84.76740590884802
122.75,155.0,-84.63995808456642
123.5,155.0,-83.72210651895769
124.25,155.0,-82.14115658645017
125.0,155.0,-81.00000000000344
125.75,155.0,-82.83122920377978
126.5,155.0,-85.94412252952047
127.25,155.0,-86.76015778385403
128.0,155.0,-85.20893223819303
128.75,155.0,-84.15154126183594
129.5,155.0,-84.10959548447791
130.25,155.0,-83.86505091098022
131.0,155.0,-83.91489361702128
131.75,155.0,-84.33379731763291
132.5,155.0,-84.94669611117246
133.25,155.0,-85.58476286579213
134.0,155.0,-86.80579216354344
134.75,155.0,-87.97461485778864
135.5,155.0,-88.9300686139426
136.25,155.0,-90.0213036547592
137.0,155.0,-92.05555555555557
137.75,155.0,-92.5729319265441
138.5,155.0,-92.86830375233001
139.25,155.0,-93.39906832298138
140.0,155.0,-93.38636363636363
140.75,155.0,-93.36483253588516
141.5,155.0,-93.3423076923077
142.25,155.0,-93.32294832826747
143.0,155.0,-93.3076923076923
143.75,155.0,
144.5,155.0,
145.25,155.0,
146.0,155.0,
146.75,155.0,
147.5,155.0,
148.25,155.0,
149.0,155.0,
149.75,155.0,
150.5,155.0,
151.25,155.0,
152.0,155.0,
152.75,155.0,
153.5,155.0,
154.25,155.0,
155.0,155.0,
155.75,155.0,
156.5,155.0,
157.25,155.0,
158.0,155.0,
158.75,155.0,
159.5,155.0,
160.25,155.0,
161.0,155.0,
161.75,155.0,
162.5,155.0,
163.25,155.0,
164.0,155.0,
164.75,155.0,
165.5,155.0,
166.25,155.0,
167.0,155.0,
167.75,155.0,
168.5,155.0,
169.25,155.0,
170.0,155.0,
170.75,155.0,
171.5,155.0,
172.25,155.0,
173.0,155.0,
173.75,155.0,
174.5,155.0,
175.25,155.0,
176.0,155.0,
176.75,155.0,
177.5,155.0,
178.25,155.0,
179.0,155.0,
179.75,155.0,
180.5,155.0,
181.25,155.0,
182.0,155.0,
182.75,155.0,
183.5,155.0,
184.25,155.0,
185.0,155.0,
185.75,155.0,
186.5,155.0,
187.25,155.0,
188.0,155.0,
188.75,155.0,
189.5,155.0,
190.25,155.0,
191.0,155.0,
191.75,155.0,
192.5,155.0,
193.25,155.0,
194.0,155.0,
194.75,155.0,
195.5,155.0,
196.25,155.0,
197.0,155.0,
197.75,155.0,
198.5,155.0,
199.25,155.0,
200.0,155.0,
200.75,155.0,
201.5,155.0,
202.25,155.0,
203.0,155.0,
203.75,155.0,
204.5,155.0,
205.25,155.0,
206.0,155.0,
206.75,155.0,
207.5,155.0,
208.25,155.0,
209.0,155.0,
209.75,155.0,
210.5,155.0,
211.25,155.0,
212.0,155.0,
212.75,155.0,
213.5,155.0,
214.25,155.0,
215.0,155.0,
215.75,155.0,
216.5,155.0,
217.25,155.0,
218.0,155.0,
218.75,155.0,
219.5,155.0,
220.25,155.0,
221.0,155.0,
221.75,155.0,
222.5,155.0,
223.25,155.0,
224.0,155.0,
224.75,155.0,
225.5,155.0,
226.25,155.0,
227.0,155.0,
227.75,155.0,
228.5,155.0,
229.25,155.0,
230.0,155.0,
230.75,155.0,
77.0,155.75,
77.75,155.75,
78.5,155.75,
79.25,155.75,
80.0,155.75,
80.75,155.75,
81.5,155.75,-86.52395209580837
82.25,155.75,-86.66359628715409
83.0,155.75,-86.66510647254617
83.75,155.75,-87.66451260299876
84.5,155.75,-87.95698033598386
85.25,155.75,-87.85267791595764
86.0,155.75,-87.78271913231369
86.75,155.75,-87.89913881302296
87.5,155.75,-88.61854922780925
88.25,155.75,-90.9102658788774
89.0,155.75,-92.75021783674497
89.75,155.75,-91.28793473882101
90.5,155.75,-88.8124417884194
91.25,155.75,-87.79756299057125
92.0,155.75,-86.77397312145261
92.75,155.75,-85.79391382184419
93.5,155.75,-85.32456515016707
94.25,155.75,-83.85973912790865
95.0,155.75,-82.19049358259808
95.75,155.75,-83.66949422032236
96.5,155.75,-86.04695927505547
97.25,155.75,-89.2142455438205
98.0,155.75,-91.80891735285334
98.75,155.75,-93.78521277640752
99.5,155.75,-94.10090779094497
100.25,155.75,-93.59055471273567
101.0,155.75,-93.48510770314131
101.75,155.75,-92.7370012512271
102.5,155.75,-91.63478262244303
103.25,155.75,-91.22865803287473
104.0,155.75,-90.58927517328803
104.75,155.75,-90.03891551996993
105.5,155.75,-88.83690401013469
106.25,155.75,-87.73865052771617
107.0,155.75,-87.32474722296175
107.75,155.75,-86.93815142753714
108.5,155.75,-86.31599010410743
109.25,155.75,-86.34095479716542
110.0,155.75,-86.30699235362614
110.75,155.75,-85.4769761994384
111.5,155.75,-85.35710595990241
112.25,155.75,-85.23787929881051
113.0,155.75,-86.11970074812967
113.75,155.75,-85.99999999999999
114.5,155.75,
115.25,155.75,
116.0,155.75,
116.75,155.75,
117.5,155.75,
118.25,155.75,
119.0,155.75,
119.75,155.75,-84.79811772433997
120.5,155.75,-84.63724704636621
121.25,155.75,-84.76858006829181
122.0,155.75,-84.57642005146039
122.75,155.75,-83.99228673365562
123.5,155.75,-83.40449389520687
124.25,155.75,-82.59881487160501
125.0,155.75,-82.19035999317035
125.75,155.75,-83.18378873038014
126.5,155.75,-84.79459219510075
127.25,155.75,-85.3180071228255
128.0,155.75,-84.62936919786941
128.75,155.75,-84.02779702774792
129.5,155.75,-83.82939403953888
130.25,155.75,-83.41359648464629
131.0,155.75,-83.37829314900469
131.75,155.75,-84.17253719575768
132.5,155.75,-85.56687286430328
133.25,155.75,-86.51931552483103
134.0,155.75,-87.03920851862627
134.75,155.75,-87.89844244849557
135.5,155.75,-88.95938147438866
136.25,155.75,-90.24226692706044
137.0,155.75,-92.26885693991134
137.75,155.75,-92.84686766008241
138.5,155.75,-93.15240877266194
139.25,155.75,-93.43367346938776
140.0,155.75,-93.40929203539824
140.75,155.75,-93.37328767123287
141.5,155.75,-93.34137055837564
142.25,155.75,-93.31766917293233
143.0,155.75,-93.30099150141642
143.75,155.75,-93.28930131004367
144.5,155.75,
145.25,155.75,
146.0,155.75,
146.75,155.75,
147.5,155.75,
148.25,155.75,
149.0,155.75,
149.75,155.75,
150.5,155.75,
151.25,155.75,
152.0,155.75,
152.75,155.75,
153.5,155.75,
154.25,155.75,
155.0,155.75,
155.75,155.75,
156.5,155.75,
157.25,155.75,
158.0,155.75,
158.75,155.75,
159.5,155.75,
160.25,155.75,
161.0,155.75,
161.75,155.75,
162.5,155.75,
163.25,155.75,
164.0,155.75,
164.75,155.75,
165.5,155.75,
166.25,155.75,
167.0,155.75,
167.75,155.75,
168.5,155.75,
169.25,155.75,
170.0,155.75,
170.75,155.75,
171.5,155.75,
172.25,155.75,
173.0,155.75,
173.75,155.75,
174.5,155.75,
175.25,155.75,
176.0,155.75,
176.75,155.75,
177.5,155.75,
178.25,155.75,
179.0,155.75,
179.75,155.75,
180.5,155.75,
181.25,155.75,
182.0,155.75,
182.75,155.75,
183.5,155.75,
184.25,155.75,
185.0,155.75,
185.75,155.75,
186.5,155.75,
187.25,155.75,
188.0,155.75,
188.75,155.75,
189.5,155.75,
190.25,155.75,
191.0,155.75,
191.75,155.75,
192.5,155.75,
193.25,155.75,
194.0,155.75,
194.75,155.75,
195.5,155.75,
196.25,155.75,
197.0,155.75,
197.75,155.75,
198.5,155.75,
199.25,155.75,
200.0,155.75,
200.75,155.75,
201.5,155.75,
202.25,155.75,
203.0,155.75,
203.75,155.75,
204.5,155.75,
205.25,155.75,
206.0,155.75,
206.75,155.75,
207.5,155.75,
208.25,155.75,
209.0,155.75,
209.75,155.75,
210.5,155.75,
211.25,155.75,
212.0,155.75,
212.75,155.75,
213.5,155.75,
214.25,155.75,
215.0,155.75,
215.75,155.75,
216.5,155.75,
217.25,155.75,
218.0,155.75,
218.75,155.75,
219.5,155.75,
220.25,155.75,
221.0,155.75,
221.75,155.75,
222.5,155.75,
223.25,155.75,
224.0,155.75,
224.75,155.75,
225.5,155.75,
226.25,155.75,
227.0,155.75,
227.75,155.75,
228.5,155.75,
229.25,155.75,
230.0,155.75,
230.75,155.75,
77.0,156.5,
77.75,156.5,
78.5,156.5,
79.25,156.5,
80.0,156.5,
80.75,156.5,
81.5,156.5,-86.45238095238096
82.25,156.5,-86.58029750289371
83.0,156.5,-86.54997787501843
83.75,156.5,-88.2610378533728
84.5,156.5,-87.82327563581201
85.25,156.5,-87.52286441964941
86.0,156.5,-86.93670964934493
86.75,156.5,-86.02853199728477
87.5,156.5,-87.16620111731842
88.25,156.5,-90.27611007190107
89.0,156.5,-91.58699560527366
89.75,156.5,-90.95963782684021
90.5,156.5,-89.82421240662552
91.25,156.5,-89.81410439739219
92.0,156.5,-89.10287158877293
92.75,156.5,-87.54813543513475
93.5,156.5,-87.19505418171715
94.25,156.5,-87.67397367021476
95.0,156.5,-88.857647481716
95.75,156.5,-87.93227590590395
96.5,156.5,-87.28778953483203
97.25,156.5,-89.16626724523474
98.0,156.5,-90.90851231231794
98.75,156.5,-92.15734548073992
99.5,156.5,-93.62062959737636
100.25,156.5,-93.29061657736
101.0,156.5,-93.01281460577087
101.75,156.5,-92.52236834638953
102.5,156.5,-91.99233847807155
103.25,156.5,-91.59547332785783
104.0,156.5,-90.6074630396215
104.75,156.5,-90.15683540939601
105.5,156.5,-89.00183468207916
106.25,156.5,-88.49020583267291
107.0,156.5,-87.6037300015789
107.75,156.5,-87.20142405150011
108.5,156.5,-87.08056373096562
109.25,156.5,-86.32176649200743
110.0,156.5,-85.3661462300076
110.75,156.5,-85.34211546700146
111.5,156.5,-85.57679378694796
112.25,156.5,-86.3295194508009
113.0,156.5,-86.19200000000001
113.75,156.5,
114.5,156.5,
115.25,156.5,
116.0,156.5,
116.75,156.5,
117.5,156.5,
118.25,156.5,
119.0,156.5,
119.75,156.5,-84.2887042645884
120.5,156.5,-84.1726240187072
121.25,156.5,-84.2082593805843
122.0,156.5,-84.14163313127622
122.75,156.5,-83.90124749212393
123.5,156.5,-83.5927093345395
124.25,156.5,-82.9424164634775
125.0,156.5,-83.05225943923978
125.75,156.5,-83.5089087440076
126.5,156.5,-83.71166175237373
127.25,156.5,-83.7434228150351
128.0,156.5,-83.80726121840101
128.75,156.5,-83.59105933951969
129.5,156.5,-83.47446730345334
130.25,156.5,-82.81006854710509
131.0,156.5,-82.39616790721789
131.75,156.5,-83.7183140276102
132.5,156.5,-86.47133582061267
133.25,156.5,-87.19929005499633
134.0,156.5,-87.17879118739897
134.75,156.5,-87.86275654675626
135.5,156.5,-89.01183189551304
136.25,156.5,-90.44502123815978
137.0,156.5,-92.44011640922318
137.75,156.5,-93.04804880086904
138.5,156.5,-93.37485582468283
139.25,156.5,-93.47641509433961
140.0,156.5,-93.42647058823529
140.75,156.5,-93.36881188118812
141.5,156.5,-93.32894736842105
142.25,156.5,-93.30429864253394
143.0,156.5,-93.28896103896103
143.75,156.5,-93.27905569007265
144.5,156.5,
145.25,156.5,
146.0,156.5,
146.75,156.5,
147.5,156.5,
148.25,156.5,
149.0,156.5,
149.75,156.5,
150.5,156.5,
151.25,156.5,
152.0,156.5,
152.75,156.5,
153.5,156.5,
154.25,156.5,
155.0,156.5,
155.75,156.5,
156.5,156.5,
157.25,156.5,
158.0,156.5,
158.75,156.5,
159.5,156.5,
160.25,156.5,
161.0,156.5,
161.75,156.5,
162.5,156.5,
163.25,156.5,
164.0,156.5,
164.75,156.5,
165.5,156.5,
166.25,156.5,
167.0,156.5,
167.75,156.5,
168.5,156.5,
169.25,156.5,
170.0,156.5,
170.75,156.5,
171.5,156.5,
172.25,156.5,
173.0,156.5,
173.75,156.5,
174.5,156.5,
175.25,156.5,
176.0,156.5,
176.75,156.5,
177.5,156.5,
178.25,156.5,
179.0,156.5,
179.75,156.5,
180.5,156.5,
181.25,156.5,
182.0,156.5,
182.75,156.5,
183.5,156.5,
184.25,156.5,
185.0,156.5,
185.75,156.5,
186.5,156.5,
187.25,156.5,
188.0,156.5,
188.75,156.5,
189.5,156.5,
190.25,156.5,
191.0,156.5,
191.75,156.5,
192.5,156.5,
193.25,156.5,
194.0,156.5,
194.75,156.5,
195.5,156.5,
196.25,156.5,
197.0,156.5,
197.75,156.5,
198.5,156.5,
199.25,156.5,
200.0,156.5,
200.75,156.5,
201.5,156.5,
202.25,156.5,
203.0,156.5,
203.75,156.5,
204.5,156.5,
205.25,156.5,
206.0,156.5,
206.75,156.5,
207.5,156.5,
208.25,156.5,
209.0,156.5,
209.75,156.5,
210.5,156.5,
211.25,156.5,
212.0,156.5,
212.75,156.5,
213.5,156.5,
214.25,156.5,
215.0,156.5,
215.75,156.5,
216.5,156.5,
217.25,156.5,
218.0,156.5,
218.75,156.5,
219.5,156.5,
220.25,156.5,
221.0,156.5,
221.75,156.5,
222.5,156.5,
223.25,156.5,
224.0,156.5,
224.75,156.5,
225.5,156.5,
226.25,156.5,
227.0,156.5,
227.75,156.5,
228.5,156.5,
229.25,156.5,
230.0,156.5,
230.75,156.5,
77.0,157.25,
77.75,157.25,
78.5,157.25,
79.25,157.25,
80.0,157.25,
80.75,157.25,
81.5,157.25,-86.3857142857143
82.25,157.25,-86.3507462686567
83.0,157.25,-86.44615305881236
83.75,157.25,-88.22082889046821
84.5,157.25,-87.93851769752541
85.25,157.25,-87.34011448307355
86.0,157.25,-86.68003310586336
86.75,157.25,-85.39240893934182
87.5,157.25,-86.34056332941232
88.25,157.25,-90.17503830378071
89.0,157.25,-91.84462490859742
89.75,157.25,-91.00195660592544
90.5,157.25,-90.28261323438251
91.25,157.25,-90.0775397426114
92.0,157.25,-90.26424192163019
92.75,157.25,-89.67006855072637
93.5,157.25,-89.37020676226842
94.25,157.25,-89.29201136118824
95.0,157.25,-89.88344698964643
95.75,157.25,-89.22485030281877
96.5,157.25,-88.70062858873587
97.25,157.25,-89.18994218725308
98.0,157.25,-90.28890822641725
98.75,157.25,-91.2333668946135
99.5,157.25,-93.33457098241266
100.25,157.25,-93.00966309773028
101.0,157.25,-92.76080419627918
101.75,157.25,-92.42457449890993
102.5,157.25,-92.16429420338682
103.25,157.25,-91.8482861066427
104.0,157.25,-90.61478976802225
104.75,157.25,-90.23312773682312
105.5,157.25,-89.1038825724283
106.25,157.25,-88.69695917589836
107.0,157.25,-87.74367724743048
107.75,157.25,-87.76212887894908
108.5,157.25,-87.62318909590593
109.25,157.25,-85.8030303030303
110.0,157.25,-85.93360433604336
110.75,157.25,-86.01643192488264
111.5,157.25,
112.25,157.25,
113.0,157.25,
113.75,157.25,
114.5,157.25,
115.25,157.25,
116.0,157.25,
116.75,157.25,
117.5,157.25,
118.25,157.25,
119.0,157.25,
119.75,157.25,-84.1307981915148
120.5,157.25,-84.03946159085048
121.25,157.25,-83.8634732275558
122.0,157.25,-83.59443421031371
122.75,157.25,-83.76431158701456
123.5,157.25,-83.6373970348752
124.25,157.25,-83.38105790410128
125.0,157.25,-83.44592544699235
125.75,157.25,-83.47938167134143
126.5,157.25,-83.51345855032767
127.25,157.25,-83.51077714414959
128.0,157.25,-83.54689587492595
128.75,157.25,-83.36779605951853
129.5,157.25,-83.26686211741465
130.25,157.25,-82.65878070895965
131.0,157.25,-82.11193046516871
131.75,157.25,-83.54205650457281
132.5,157.25,-86.7165699639276
133.25,157.25,-87.36642047142247
134.0,157.25,-87.21457566841613
134.75,157.25,-87.90950022723334
135.5,157.25,-89.1255539707678
136.25,157.25,-90.60881174899865
137.0,157.25,-92.5125915880281
137.75,157.25,-93.07375931171964
138.5,157.25,-93.40130304631099
139.25,157.25,-93.48076923076923
140.0,157.25,-93.39634146341464
140.75,157.25,-93.3310810810811
141.5,157.25,-92.98045732858175
142.25,157.25,-92.78626059787472
143.0,157.25,-92.58879560693458
143.75,157.25,-92.40582450563718
144.5,157.25,-92.25037634569826
145.25,157.25,
146.0,157.25,
146.75,157.25,
147.5,157.25,
148.25,157.25,
149.0,157.25,
149.75,157.25,
150.5,157.25,
151.25,157.25,
152.0,157.25,
152.75,157.25,
153.5,157.25,
154.25,157.25,
155.0,157.25,
155.75,157.25,
156.5,157.25,
157.25,157.25,
158.0,157.25,
158.75,157.25,
159.5,157.25,
160.25,157.25,
161.0,157.25,
161.75,157.25,
162.5,157.25,
163.25,157.25,
164.0,157.25,
164.75,157.25,
165.5,157.25,
166.25,157.25,
167.0,157.25,
167.75,157.25,
168.5,157.25,
169.25,157.25,
170.0,157.25,
170.75,157.25,
171.5,157.25,
172.25,157.25,
173.0,157.25,
173.75,157.25,
174.5,157.25,
175.25,157.25,
176.0,157.25,
176.75,157.25,
177.5,157.25,
178.25,157.25,
179.0,157.25,
179.75,157.25,
180.5,157.25,
181.25,157.25,
182.0,157.25,
182.75,157.25,
183.5,157.25,
184.25,157.25,
185.0,157.25,
185.75,157.25,
186.5,157.25,
187.25,157.25,
188.0,157.25,
188.75,157.25,
189.5,157.25,
190.25,157.25,
191.0,157.25,
191.75,157.25,
192.5,157.25,
193.25,157.25,
194.0,157.25,
194.75,157.25,
195.5,157.25,
196.25,157.25,
197.0,157.25,
197.75,157.25,
198.5,157.25,
199.25,157.25,
200.0,157.25,
200.75,157.25,
201.5,157.25,
202.25,157.25,
203.0,157.25,
203.75,157.25,
204.5,157.25,
205.25,157.25,
206.0,157.25,
206.75,157.25,
207.5,157.25,
208.25,157.25,
209.0,157.25,
209.75,157.25,
210.5,157.25,
211.25,157.25,
212.0,157.25,
212.75,157.25,
213.5,157.25,
214.25,157.25,
215.0,157.25,
215.75,157.25,
216.5,157.25,
217.25,157.25,
218.0,157.25,
218.75,157.25,
219.5,157.25,
220.25,157.25,
221.0,157.25,
221.75,157.25,
222.5,157.25,
223.25,157.25,
224.0,157.25,
224.75,157.25,
225.5,157.25,
226.25,157.25,
227.0,157.25,
227.75,157.25,
228.5,157.25,
229.25,157.25,
230.0,157.25,
230.75,157.25,
77.0,158.0,
77.75,158.0,
78.5,158.0,
79.25,158.0,
80.0,158.0,
80.75,158.0,
81.5,158.0,
82.25,158.0,-86.28231292517007
83.0,158.0,-86.21428571428572
83.75,158.0,-87.26502554982568
84.5,158.0,-87.99637712108402
85.25,158.0,-87.75264458239329
86.0,158.0,-87.22535934291581
86.75,158.0,-86.86561420450623
87.5,158.0,-87.68768766718853
88.25,158.0,-89.6254141573227
89.0,158.0,-90.69045174537989
89.75,158.0,-91.04547876848112
90.5,158.0,-90.82998908610807
91.25,158.0,-90.73511859205551
92.0,158.0,-91.99999999999997
92.75,158.0,-93.44526140803755
93.5,158.0,-92.57478528867887
94.25,158.0,-90.71132404003457
95.0,158.0,-89.79134221987593
95.75,158.0,-89.53187920504996
96.5,158.0,-89.29435052057998
97.25,158.0,-90.13620332321665
98.0,158.0,-89.94493392070484
98.75,158.0,-90.8501227828324
99.5,158.0,-93.05848111579002
100.25,158.0,-93.09398883984566
101.0,158.0,-92.60366353490132
101.75,158.0,-92.36522116572772
102.5,158.0,-92.2497789502024
103.25,158.0,-92.00229760441493
104.0,158.0,-91.82067656196064
104.75,158.0,-89.66330584290446
105.5,158.0,-89.31294436049262
106.25,158.0,-88.07743239818637
107.0,158.0,-88.15740740740742
107.75,158.0,-87.93950139076452
108.5,158.0,-85.5952380952381
109.25,158.0,-85.72675736961452
110.0,158.0,-85.83333333333333
110.75,158.0,
111.5,158.0,
112.25,158.0,
113.0,158.0,
113.75,158.0,
114.5,158.0,
115.25,158.0,
116.0,158.0,
116.75,158.0,
117.5,158.0,
118.25,158.0,
119.0,158.0,
119.75,158.0,-85.33625730994152
120.5,158.0,-83.9420372211962
121.25,158.0,-83.59876365317011
122.0,158.0,-83.86692333444927
122.75,158.0,-83.79011499565976
123.5,158.0,-83.75145876928566
124.25,158.0,-83.62199638198189
125.0,158.0,-83.6591158871657
125.75,158.0,-83.47446753348142
126.5,158.0,-83.25075441996327
127.25,158.0,-83.18752412027939
128.0,158.0,-83.2222222222222
128.75,158.0,-83.13334358124031
129.5,158.0,-83.19298533756155
130.25,158.0,-83.06565440296424
131.0,158.0,-83.03851963746223
131.75,158.0,-83.98356611304818
132.5,158.0,-85.63983540014152
133.25,158.0,-86.83815189665222
134.0,158.0,-87.10752688172045
134.75,158.0,-87.73728444415565
135.5,158.0,-89.3131607728764
136.25,158.0,-90.74018455984188
137.0,158.0,-92.51282051282051
137.75,158.0,-92.95345911949686
138.5,158.0,-93.13725490196079
139.25,158.0,-93.25
140.0,158.0,-93.15714285714287
140.75,158.0,-93.04430379746836
141.5,158.0,-92.86842105263158
142.25,158.0,-92.6505483549352
143.0,158.0,-92.42537313432835
143.75,158.0,-92.22468619246862
144.5,158.0,-92.06559766763849
145.25,158.0,
146.0,158.0,
146.75,158.0,
147.5,158.0,
148.25,158.0,
149.0,158.0,
149.75,158.0,
150.5,158.0,
151.25,158.0,
152.0,158.0,
152.75,158.0,
153.5,158.0,
154.25,158.0,
155.0,158.0,
155.75,158.0,
156.5,158.0,
157.25,158.0,
158.0,158.0,
158.75,158.0,
159.5,158.0,
160.25,158.0,
161.0,158.0,
161.75,158.0,
162.5,158.0,
163.25,158.0,
164.0,158.0,
164.75,158.0,
165.5,158.0,
166.25,158.0,
167.0,158.0,
167.75,158.0,
168.5,158.0,
169.25,158.0,
170.0,158.0,
170.75,158.0,
171.5,158.0,
172.25,158.0,
173.0,158.0,
173.75,158.0,
174.5,158.0,
175.25,158.0,
176.0,158.0,
176.75,158.0,
177.5,158.0,
178.25,158.0,
179.0,158.0,
179.75,158.0,
180.5,158.0,
181.25,158.0,
182.0,158.0,
182.75,158.0,
183.5,158.0,
184.25,158.0,
185.0,158.0,
185.75,158.0,
186.5,158.0,
187.25,158.0,
188.0,158.0,
188.75,158.0,
189.5,158.0,
190.25,158.0,
191.0,158.0,
191.75,158.0,
192.5,158.0,
193.25,158.0,
194.0,158.0,
194.75,158.0,
195.5,158.0,
196.25,158.0,
197.0,158.0,
197.75,158.0,
198.5,158.0,
199.25,158.0,
200.0,158.0,
200.75,158.0,
201.5,158.0,
202.25,158.0,
203.0,158.0,
203.75,158.0,
204.5,158.0,
205.25,158.0,
206.0,158.0,
206.75,158.0,
207.5,158.0,
208.25,158.0,
209.0,158.0,
209.75,158.0,
210.5,158.0,
211.25,158.0,
212.0,158.0,
212.75,158.0,
213.5,158.0,
214.25,158.0,
215.0,158.0,
215.75,158.0,
216.5,158.0,
217.25,158.0,
218.0,158.0,
218.75,158.0,
219.5,158.0,
220.25,158.0,
221.0,158.0,
221.75,158.0,
222.5,158.0,
223.25,158.0,
224.0,158.0,
224.75,158.0,
225.5,158.0,
226.25,158.0,
227.0,158.0,
227.75,158.0,
228.5,158.0,
229.25,158.0,
230.0,158.0,
230.75,158.0,
77.0,158.75,
77.75,158.75,
78.5,158.75,
79.25,158.75,
80.0,158.75,
80.75,158.75,
81.5,158.75,
82.25,158.75,
83.0,158.75,-86.16412213740458
83.75,158.75,-87.38924546104953
84.5,158.75,-88.29745271026447
85.25,158.75,-88.033102302477
86.0,158.75,-87.92111849138247
86.75,158.75,-87.9331121382825
87.5,158.75,-88.4991048071995
88.25,158.75,-89.39036263357237
89.0,158.75,-90.68952808720209
89.75,158.75,-91.05824875532377
90.5,158.75,-91.00832927186823
91.25,158.75,-91.88211711866903
92.0,158.75,-94.09504147872765
92.75,158.75,-96.47602386901426
93.5,158.75,-95.58712560595536
94.25,158.75,-92.53788410834854
95.0,158.75,-90.52553589726774
95.75,158.75,-89.59066344279034
96.5,158.75,-89.90959097846536
97.25,158.75,-89.8471531588272
98.0,158.75,-90.54972644324968
98.75,158.75,-90.32143353376445
99.5,158.75,-90.93208972606163
100.25,158.75,-92.92451514699223
101.0,158.75,-93.7631350393459
101.75,158.75,-92.66242922769685
102.5,158.75,-92.43914873502362
103.25,158.75,-91.70733281583423
104.0,158.75,-90.90082460004545
104.75,158.75,-91.85925604512641
105.5,158.75,-89.98240852796984
106.25,158.75,-88.60235067966498
107.0,158.75,-87.19009900990099
107.75,158.75,-85.46336996336997
108.5,158.75,-85.5728597449909
109.25,158.75,
110.0,158.75,
110.75,158.75,
111.5,158.75,
112.25,158.75,
113.0,158.75,
113.75,158.75,
114.5,158.75,
115.25,158.75,
116.0,158.75,
116.75,158.75,
117.5,158.75,
118.25,158.75,
119.0,158.75,
119.75,158.75,
120.5,158.75,-82.88443935926773
121.25,158.75,-82.88714726727248
122.0,158.75,-83.53721363671013
122.75,158.75,-83.80707259691695
123.5,158.75,-83.63815461906873
124.25,158.75,-83.82138906251593
125.0,158.75,-83.96684896475648
125.75,158.75,-83.5717116666743
126.5,158.75,-82.79645536587782
127.25,158.75,-82.61847756409713
128.0,158.75,-82.97717562631371
128.75,158.75,-83.01178277665082
129.5,158.75,-83.07351558966143
130.25,158.75,-83.25114866275128
131.0,158.75,-83.50889078887555
131.75,158.75,-83.98311915235195
132.5,158.75,-84.84247181240174
133.25,158.75,-86.0633864710874
134.0,158.75,-87.0449851651663
134.75,158.75,-87.8681448263617
135.5,158.75,-89.53034857921415
136.25,158.75,-90.83951995145105
137.0,158.75,-92.50539466212379
137.75,158.75,-92.87764420836828
138.5,158.75,-92.99599089130504
139.25,158.75,-93.00797674071866
140.0,158.75,-93.00998333834094
140.75,158.75,-92.90864901106269
141.5,158.75,-92.70161164705759
142.25,158.75,-92.43772759424692
143.0,158.75,-92.17767428146658
143.75,158.75,-91.96605861402044
144.5,158.75,-91.8178559611779
145.25,158.75,
146.0,158.75,
146.75,158.75,
147.5,158.75,
148.25,158.75,
149.0,158.75,
149.75,158.75,
150.5,158.75,
151.25,158.75,
152.0,158.75,
152.75,158.75,
153.5,158.75,
154.25,158.75,
155.0,158.75,
155.75,158.75,
156.5,158.75,
157.25,158.75,
158.0,158.75,
158.75,158.75,
159.5,158.75,
160.25,158.75,
161.0,158.75,
161.75,158.75,
162.5,158.75,
163.25,158.75,
164.0,158.75,
164.75,158.75,
165.5,158.75,
166.25,158.75,
167.0,158.75,
167.75,158.75,
168.5,158.75,
169.25,158.75,
170.0,158.75,
170.75,158.75,
171.5,158.75,
172.25,158.75,
173.0,158.75,
173.75,158.75,
174.5,158.75,
175.25,158.75,
176.0,158.75,
176.75,158.75,
177.5,158.75,
178.25,158.75,
179.0,158.75,
179.75,158.75,
180.5,158.75,
181.25,158.75,
182.0,158.75,
182.75,158.75,
183.5,158.75,
184.25,158.75,
185.0,158.75,
185.75,158.75,
186.5,158.75,
187.25,158.75,
188.0,158.75,
188.75,158.75,
189.5,158.75,
190.25,158.75,
191.0,158.75,
191.75,158.75,
192.5,158.75,
193.25,158.75,
194.0,158.75,
194.75,158.75,
195.5,158.75,
196.25,158.75,
197.0,158.75,
197.75,158.75,
198.5,158.75,
199.25,158.75,
200.0,158.75,
200.75,158.75,
201.5,158.75,
202.25,158.75,
203.0,158.75,
203.75,158.75,
204.5,158.75,
205.25,158.75,
206.0,158.75,
206.75,158.75,
207.5,158.75,
208.25,158.75,
209.0,158.75,
209.75,158.75,
210.5,158.75,
211.25,158.75,
212.0,158.75,
212.75,158.75,
213.5,158.75,
214.25,158.75,
215.0,158.75,
215.75,158.75,
216.5,158.75,
217.25,158.75,
218.0,158.75,
218.75,158.75,
219.5,158.75,
220.25,158.75,
221.0,158.75,
221.75,158.75,
222.5,158.75,
223.25,158.75,
224.0,158.75,
224.75,158.75,
225.5,158.75,
226.25,158.75,
227.0,158.75,
227.75,158.75,
228.5,158.75,
229.25,158.75,
230.0,158.75,
230.75,158.75,
77.0,159.5,
77.75,159.5,
78.5,159.5,
79.25,159.5,
80.0,159.5,
80.75,159.5,
81.5,159.5,
82.25,159.5,
83.0,159.5,
83.75,159.5,-87.50506277770947
84.5,159.5,-87.42718446601941
85.25,159.5,-88.40828154337198
86.0,159.5,-88.53326392510033
86.75,159.5,-88.68201390407411
87.5,159.5,-89.65110881048886
88.25,159.5,-90.27427633719364
89.0,159.5,-91.02636453346597
89.75,159.5,-91.49044805767998
90.5,159.5,-91.84936138241922
91.25,159.5,-92.68828191431886
92.0,159.5,-94.10231920765301
92.75,159.5,-95.67132774712643
93.5,159.5,-95.12179487179485
94.25,159.5,-93.31769568953767
95.0,159.5,-91.38397114715262
95.75,159.5,-90.49834820889451
96.5,159.5,-89.94463879450696
97.25,159.5,-89.9345707794824
98.0,159.5,-91.96767199643587
98.75,159.5,-90.72116498797473
99.5,159.5,-91.95079401404135
100.25,159.5,-92.86892686229115
101.0,159.5,-93.37451737451737
101.75,159.5,-93.2176971077442
102.5,159.5,-93.06792199058508
103.25,159.5,-92.33561643835617
104.0,159.5,-92.26237623762377
104.75,159.5,-92.21366594360087
105.5,159.5,
106.25,159.5,
107.0,159.5,
107.75,159.5,
108.5,159.5,
109.25,159.5,
110.0,159.5,
110.75,159.5,
111.5,159.5,
112.25,159.5,
113.0,159.5,
113.75,159.5,
114.5,159.5,
115.25,159.5,
116.0,159.5,
116.75,159.5,
117.5,159.5,
118.25,159.5,
119.0,159.5,
119.75,159.5,
120.5,159.5,
121.25,159.5,-82.9734314714237
122.0,159.5,-83.16797588725672
122.75,159.5,-83.31681934352899
123.5,159.5,-83.65604241709897
124.25,159.5,-83.80223702853858
125.0,159.5,-83.89126076290678
125.75,159.5,-83.5275438982118
126.5,159.5,-82.85117594522181
127.25,159.5,-82.69980627374804
128.0,159.5,-82.9488097728933
128.75,159.5,-83.01464423462777
129.5,159.5,-83.05600458009243
130.25,159.5,-83.20697581117501
131.0,159.5,-83.45171064056869
131.75,159.5,-83.88223302608726
132.5,159.5,-84.45276113410341
133.25,159.5,-85.78983040074355
134.0,159.5,-87.08993784889218
134.75,159.5,-88.00031491642844
135.5,159.5,-89.71127673363578
136.25,159.5,-90.87094012915074
137.0,159.5,-92.4748250554702
137.75,159.5,-92.82239108001983
138.5,159.5,-92.9929577464789
139.25,159.5,-92.9897520551284
140.0,159.5,-92.92668863261943
140.75,159.5,-92.70139778122548
141.5,159.5,-92.40744274809161
142.25,159.5,-92.0975634940274
143.0,159.5,-91.84486737786553
143.75,159.5,-91.68155245996266
144.5,159.5,-91.20658879117995
145.25,159.5,-90.65795724465558
146.0,159.5,
146.75,159.5,
147.5,159.5,
148.25,159.5,
149.0,159.5,
149.75,159.5,
150.5,159.5,
151.25,159.5,
152.0,159.5,
152.75,159.5,
153.5,159.5,
154.25,159.5,
155.0,159.5,
155.75,159.5,
156.5,159.5,
157.25,159.5,
158.0,159.5,
158.75,159.5,
159.5,159.5,
160.25,159.5,
161.0,159.5,
161.75,159.5,
162.5,159.5,
163.25,159.5,
164.0,159.5,
164.75,159.5,
165.5,159.5,
166.25,159.5,
167.0,159.5,
167.75,159.5,
168.5,159.5,
169.25,159.5,
170.0,159.5,
170.75,159.5,
171.5,159.5,
172.25,159.5,
173.0,159.5,
173.75,159.5,
174.5,159.5,
175.25,159.5,
176.0,159.5,
176.75,159.5,
177.5,159.5,
178.25,159.5,
179.0,159.5,
179.75,159.5,
180.5,159.5,
181.25,159.5,
182.0,159.5,
182.75,159.5,
183.5,159.5,
184.25,159.5,
185.0,159.5,
185.75,159.5,
186.5,159.5,
187.25,159.5,
188.0,159.5,
188.75,159.5,
189.5,159.5,
190.25,159.5,
191.0,159.5,
191.75,159.5,
192.5,159.5,
193.25,159.5,
194.0,159.5,
194.75,159.5,
195.5,159.5,
196.25,159.5,
197.0,159.5,
197.75,159.5,
198.5,159.5,
199.25,159.5,
200.0,159.5,
200.75,159.5,
201.5,159.5,
202.25,159.5,
203.0,159.5,
203.75,159.5,
204.5,159.5,
205.25,159.5,
206.0,159.5,
206.75,159.5,
207.5,159.5,
208.25,159.5,
209.0,159.5,
209.75,159.5,
210.5,159.5,
211.25,159.5,
212.0,159.5,
212.75,159.5,
213.5,159.5,
214.25,159.5,
215.0,159.5,
215.75,159.5,
216.5,159.5,
217.25,159.5,
218.0,159.5,
218.75,159.5,
219.5,159.5,
220.25,159.5,
221.0,159.5,
221.75,159.5,
222.5,159.5,
223.25,159.5,
224.0,159.5,
224.75,159.5,
225.5,159.5,
226.25,159.5,
227.0,159.5,
227.75,159.5,
228.5,159.5,
229.25,159.5,
230.0,159.5,
230.75,159.5,
77.0,160.25,
77.75,160.25,
78.5,160.25,
79.25,160.25,
80.0,160.25,
80.75,160.25,
81.5,160.25,
82.25,160.25,
83.0,160.25,
83.75,160.25,
84.5,160.25,-87.59985427422508
85.25,160.25,-87.60624410273425
86.0,160.25,-88.00623906591395
86.75,160.25,-89.05193688722647
87.5,160.25,-89.38747948140357
88.25,160.25,-90.72779439792608
89.0,160.25,-90.94927684566223
89.75,160.25,-91.42121450439572
90.5,160.25,-91.87000395607191
91.25,160.25,-92.28732526078798
92.0,160.25,-92.17925484445892
92.75,160.25,-91.7568781510142
93.5,160.25,-91.85647309284631
94.25,160.25,-91.9483976751323
95.0,160.25,-91.5691284185341
95.75,160.25,-91.18520822270997
96.5,160.25,-90.95785144616771
97.25,160.25,-90.85348177701924
98.0,160.25,-91.12819509586781
98.75,160.25,-91.83757757834651
99.5,160.25,-91.62470952535112
100.25,160.25,-92.13823068491274
101.0,160.25,-93.36409516943044
101.75,160.25,-93.24222765744824
102.5,160.25,-92.4479392624729
103.25,160.25,-92.37551867219919
104.0,160.25,
104.75,160.25,
105.5,160.25,
106.25,160.25,
107.0,160.25,
107.75,160.25,
108.5,160.25,
109.25,160.25,
110.0,160.25,
110.75,160.25,
111.5,160.25,
112.25,160.25,
113.0,160.25,
113.75,160.25,
114.5,160.25,
115.25,160.25,
116.0,160.25,
116.75,160.25,
117.5,160.25,
118.25,160.25,
119.0,160.25,
119.75,160.25,
120.5,160.25,
121.25,160.25,-83.53358208955225
122.0,160.25,-83.56039735390216
122.75,160.25,-83.30517734915009
123.5,160.25,-83.40794898121119
124.25,160.25,-83.65622421797869
125.0,160.25,-83.63020504683058
125.75,160.25,-83.40768703179442
126.5,160.25,-83.09910306223479
127.25,160.25,-82.99522931295004
128.0,160.25,-83.03027492567097
128.75,160.25,-83.08033709498339
129.5,160.25,-83.14421847102786
130.25,160.25,-83.27837373018724
131.0,160.25,-83.46764753654968
131.75,160.25,-83.77947636200186
132.5,160.25,-84.17513930506246
133.25,160.25,-85.72463700365397
134.0,160.25,-87.18970801651975
134.75,160.25,-88.09686575440593
135.5,160.25,-89.8188261596692
136.25,160.25,-91.90254496383916
137.0,160.25,-92.39626365118949
137.75,160.25,-92.54414446265555
138.5,160.25,-92.90940078181801
139.25,160.25,-92.87870313970875
140.0,160.25,-92.70187287480358
140.75,160.25,-92.41453029429344
141.5,160.25,-92.04063686238528
142.25,160.25,-91.68705237840727
143.0,160.25,-91.44289624345866
143.75,160.25,-91.33005419898653
144.5,160.25,-91.0072549845345
145.25,160.25,-90.62732919254658
146.0,160.25,-90.68831168831169
146.75,160.25,
147.5,160.25,
148.25,160.25,
149.0,160.25,
149.75,160.25,
150.5,160.25,
151.25,160.25,
152.0,160.25,
152.75,160.25,
153.5,160.25,
154.25,160.25,
155.0,160.25,
155.75,160.25,
156.5,160.25,
157.25,160.25,
158.0,160.25,
158.75,160.25,
159.5,160.25,
160.25,160.25,
161.0,160.25,
161.75,160.25,
162.5,160.25,
163.25,160.25,
164.0,160.25,
164.75,160.25,
165.5,160.25,
166.25,160.25,
167.0,160.25,
167.75,160.25,
168.5,160.25,
169.25,160.25,
170.0,160.25,
170.75,160.25,
171.5,160.25,
172.25,160.25,
173.0,160.25,
173.75,160.25,
174.5,160.25,
175.25,160.25,
176.0,160.25,
176.75,160.25,
177.5,160.25,
178.25,160.25,
179.0,160.25,
179.75,160.25,
180.5,160.25,
181.25,160.25,
182.0,160.25,
182.75,160.25,
183.5,160.25,
184.25,160.25,
185.0,160.25,
185.75,160.25,
186.5,160.25,
187.25,160.25,
188.0,160.25,
188.75,160.25,
189.5,160.25,
190.25,160.25,
191.0,160.25,
191.75,160.25,
192.5,160.25,
193.25,160.25,
194.0,160.25,
194.75,160.25,
195.5,160.25,
196.25,160.25,
197.0,160.25,
197.75,160.25,
198.5,160.25,
199.25,160.25,
200.0,160.25,
200.75,160.25,
201.5,160.25,
202.25,160.25,
203.0,160.25,
203.75,160.25,
204.5,160.25,
205.25,160.25,
206.0,160.25,
206.75,160.25,
207.5,160.25,
208.25,160.25,
209.0,160.25,
209.75,160.25,
210.5,160.25,
211.25,160.25,
212.0,160.25,
212.75,160.25,
213.5,160.25,
214.25,160.25,
215.0,160.25,
215.75,160.25,
216.5,160.25,
217.25,160.25,
218.0,160.25,
218.75,160.25,
219.5,160.25,
220.25,160.25,
221.0,160.25,
221.75,160.25,
222.5,160.25,
223.25,160.25,
224.0,160.25,
224.75,160.25,
225.5,160.25,
226.25,160.25,
227.0,160.25,
227.75,160.25,
228.5,160.25,
229.25,160.25,
230.0,160.25,
230.75,160.25,
77.0,161.0,
77.75,161.0,
78.5,161.0,
79.25,161.0,
80.0,161.0,
80.75,161.0,
81.5,161.0,
82.25,161.0,
83.0,161.0,
83.75,161.0,
84.5,161.0,
85.25,161.0,-87.71628498727735
86.0,161.0,-87.83333333333334
86.75,161.0,-88.44471278625723
87.5,161.0,-90.38599511421835
88.25,161.0,-90.76073235760289
89.0,161.0,-91.15384615384616
89.75,161.0,-91.51937923590206
90.5,161.0,-91.915586598221
91.25,161.0,-91.77136165074306
92.0,161.0,-91.14719733517114
92.75,161.0,-90.13085853670886
93.5,161.0,-90.41199749768805
94.25,161.0,-90.9330519810292
95.0,161.0,-90.71428571428571
95.75,161.0,-90.49124383252531
96.5,161.0,-90.45411183494625
97.25,161.0,-90.50494747417852
98.0,161.0,-90.57362330407022
98.75,161.0,-89.0902398386774
99.5,161.0,
100.25,161.0,
101.0,161.0,
101.75,161.0,
102.5,161.0,
103.25,161.0,
104.0,161.0,
104.75,161.0,
105.5,161.0,
106.25,161.0,
107.0,161.0,
107.75,161.0,
108.5,161.0,
109.25,161.0,
110.0,161.0,
110.75,161.0,
111.5,161.0,
112.25,161.0,
113.0,161.0,
113.75,161.0,
114.5,161.0,
115.25,161.0,
116.0,161.0,
116.75,161.0,
117.5,161.0,
118.25,161.0,
119.0,161.0,
119.75,161.0,
120.5,161.0,
121.25,161.0,
122.0,161.0,-83.53571428571428
122.75,161.0,-83.55321688184877
123.5,161.0,-83.51350067239406
124.25,161.0,-83.51109268597133
125.0,161.0,-83.44736842105263
125.75,161.0,-83.30074628834876
126.5,161.0,-83.1318957829023
127.25,161.0,-82.97495381975448
128.0,161.0,-82.9415278214398
128.75,161.0,-83.16671548203357
129.5,161.0,-83.23452337305334
130.25,161.0,-83.34897420523019
131.0,161.0,-83.48039215686273
131.75,161.0,-83.73318108403912
132.5,161.0,-84.00222869368834
133.25,161.0,-84.50056363507498
134.0,161.0,-86.39434235976789
134.75,161.0,-89.0116980856014
135.5,161.0,-91.38249881399061
136.25,161.0,-91.88434679758258
137.0,161.0,-92.2878787878788
137.75,161.0,-92.75193642941768
138.5,161.0,-92.72508003090849
139.25,161.0,-92.57629851671571
140.0,161.0,-92.35765895953757
140.75,161.0,-91.99883989826583
141.5,161.0,-91.5661248512235
142.25,161.0,-91.18829035014696
143.0,161.0,-90.97619047619048
143.75,161.0,-90.73674039080953
144.5,161.0,-90.80814372828011
145.25,161.0,-90.60165975103735
146.0,161.0,-90.68421052631578
146.75,161.0,-90.75064935064935
147.5,161.0,
148.25,161.0,
149.0,161.0,
149.75,161.0,
150.5,161.0,
151.25,161.0,
152.0,161.0,
152.75,161.0,
153.5,161.0,
154.25,161.0,
155.0,161.0,
155.75,161.0,
156.5,161.0,
157.25,161.0,
158.0,161.0,
158.75,161.0,
159.5,161.0,
160.25,161.0,
161.0,161.0,
161.75,161.0,
162.5,161.0,
163.25,161.0,
164.0,161.0,
164.75,161.0,
165.5,161.0,
166.25,161.0,
167.0,161.0,
167.75,161.0,
168.5,161.0,
169.25,161.0,
170.0,161.0,
170.75,161.0,
171.5,161.0,
172.25,161.0,
173.0,161.0,
173.75,161.0,
174.5,161.0,
175.25,161.0,
176.0,161.0,
176.75,161.0,
177.5,161.0,
178.25,161.0,
179.0,161.0,
179.75,161.0,
180.5,161.0,
181.25,161.0,
182.0,161.0,
182.75,161.0,
183.5,161.0,
184.25,161.0,
185.0,161.0,
185.75,161.0,
186.5,161.0,
187.25,161.0,
188.0,161.0,
188.75,161.0,
189.5,161.0,
190.25,161.0,
191.0,161.0,
191.75,161.0,
192.5,161.0,
193.25,161.0,
194.0,161.0,
194.75,161.0,
195.5,161.0,
196.25,161.0,
197.0,161.0,
197.75,161.0,
198.5,161.0,
199.25,161.0,
200.0,161.0,
200.75,161.0,
201.5,161.0,
202.25,161.0,
203.0,161.0,
203.75,161.0,
204.5,161.0,
205.25,161.0,
206.0,161.0,
206.75,161.0,
207.5,161.0,
208.25,161.0,
209.0,161.0,
209.75,161.0,
210.5,161.0,
211.25,161.0,
212.0,161.0,
212.75,161.0,
213.5,161.0,
214.25,161.0,
215.0,161.0,
215.75,161.0,
216.5,161.0,
217.25,161.0,
218.0,161.0,
218.75,161.0,
219.5,161.0,
220.25,161.0,
221.0,161.0,
221.75,161.0,
222.5,161.0,
223.25,161.0,
224.0,161.0,
224.75,161.0,
225.5,161.0,
226.25,161.0,
227.0,161.0,
227.75,161.0,
228.5,161.0,
229.25,161.0,
230.0,161.0,
230.75,161.0,
77.0,161.75,
77.75,161.75,
78.5,161.75,
79.25,161.75,
80.0,161.75,
80.75,161.75,
81.5,161.75,
82.25,161.75,
83.0,161.75,
83.75,161.75,
84.5,161.75,
85.25,161.75,
86.0,161.75,-87.99206349206351
86.75,161.75,-88.15174129353234
87.5,161.75,-89.74953008485794
88.25,161.75,-91.00072947800919
89.0,161.75,-91.31833996793394
89.75,161.75,-91.83019835876964
90.5,161.75,-91.79554054021439
91.25,161.75,-91.56117821638655
92.0,161.75,-91.31177194013318
92.75,161.75,-90.91783433760344
93.5,161.75,-90.82728908929339
94.25,161.75,-90.36615068772605
95.0,161.75,-89.639943146859
95.75,161.75,-89.57352552627447
96.5,161.75,-89.85344605769154
97.25,161.75,-90.35251123840213
98.0,161.75,-89.8747886135458
98.75,161.75,-90.0422459275614
99.5,161.75,-89.62293193366891
100.25,161.75,
101.0,161.75,
101.75,161.75,
102.5,161.75,
103.25,161.75,
104.0,161.75,
104.75,161.75,
105.5,161.75,
106.25,161.75,
107.0,161.75,
107.75,161.75,
108.5,161.75,
109.25,161.75,
110.0,161.75,
110.75,161.75,
111.5,161.75,
112.25,161.75,
113.0,161.75,
113.75,161.75,
114.5,161.75,
115.25,161.75,
116.0,161.75,
116.75,161.75,
117.5,161.75,
118.25,161.75,
119.0,161.75,
119.75,161.75,
120.5,161.75,
121.25,161.75,
122.0,161.75,-83.4942748091603
122.75,161.75,-83.50490196078432
123.5,161.75,-83.50266263420728
124.25,161.75,-83.41715106678117
125.0,161.75,-83.36080920407717
125.75,161.75,-83.27030283182148
126.5,161.75,-83.1728428820788
127.25,161.75,-83.10248484942375
128.0,161.75,-82.9769618856131
128.75,161.75,-82.94952015754309
129.5,161.75,-83.31189336758459
130.25,161.75,-83.40723333394479
131.0,161.75,-83.49252083138065
131.75,161.75,-83.68850259653513
132.5,161.75,-84.16601114219102
133.25,161.75,-84.3623571411066
134.0,161.75,-86.44095326386542
134.75,161.75,-90.25
135.5,161.75,-91.45023753932385
136.25,161.75,-91.84601610027902
137.0,161.75,-93.15163934426229
137.75,161.75,-92.55614786964125
138.5,161.75,-92.40803077682001
139.25,161.75,-92.24806037173764
140.0,161.75,-91.97082069122506
140.75,161.75,-91.72736856973208
141.5,161.75,-91.27271839370219
142.25,161.75,-90.8444432886031
143.0,161.75,-90.54543440716789
143.75,161.75,-90.64174795301592
144.5,161.75,-90.73149935072853
145.25,161.75,-90.95799973626208
146.0,161.75,-90.701244813278
146.75,161.75,-90.77639751552793
147.5,161.75,-90.82897862232778
148.25,161.75,
149.0,161.75,
149.75,161.75,
150.5,161.75,
151.25,161.75,
152.0,161.75,
152.75,161.75,
153.5,161.75,
154.25,161.75,
155.0,161.75,
155.75,161.75,
156.5,161.75,
157.25,161.75,
158.0,161.75,
158.75,161.75,
159.5,161.75,
160.25,161.75,
161.0,161.75,
161.75,161.75,
162.5,161.75,
163.25,161.75,
164.0,161.75,
164.75,161.75,
165.5,161.75,
166.25,161.75,
167.0,161.75,
167.75,161.75,
168.5,161.75,
169.25,161.75,
170.0,161.75,
170.75,161.75,
171.5,161.75,
172.25,161.75,
173.0,161.75,
173.75,161.75,
174.5,161.75,
175.25,161.75,
176.0,161.75,
176.75,161.75,
177.5,161.75,
178.25,161.75,
179.0,161.75,
179.75,161.75,
180.5,161.75,
181.25,161.75,
182.0,161.75,
182.75,161.75,
183.5,161.75,
184.25,161.75,
185.0,161.75,
185.75,161.75,
186.5,161.75,
187.25,161.75,
188.0,161.75,
188.75,161.75,
189.5,161.75,
190.25,161.75,
191.0,161.75,
191.75,161.75,
192.5,161.75,
193.25,161.75,
194.0,161.75,
194.75,161.75,
195.5,161.75,
196.25,161.75,
197.0,161.75,
197.75,161.75,
198.5,161.75,
199.25,161.75,
200.0,161.75,
200.75,161.75,
201.5,161.75,
202.25,161.75,
203.0,161.75,
203.75,161.75,
204.5,161.75,
205.25,161.75,
206.0,161.75,
206.75,161.75,
207.5,161.75,
208.25,161.75,
209.0,161.75,
209.75,161.75,
210.5,161.75,
211.25,161.75,
212.0,161.75,
212.75,161.75,
213.5,161.75,
214.25,161.75,
215.0,161.75,
215.75,161.75,
216.5,161.75,
217.25,161.75,
218.0,161.75,
218.75,161.75,
219.5,161.75,
220.25,161.75,
221.0,161.75,
221.75,161.75,
222.5,161.75,
223.25,161.75,
224.0,161.75,
224.75,161.75,
225.5,161.75,
226.25,161.75,
227.0,161.75,
227.75,161.75,
228.5,161.75,
229.25,161.75,
230.0,161.75,
230.75,161.75,
77.0,162.5,
77.75,162.5,
78.5,162.5,
79.25,162.5,
80.0,162.5,
80.75,162.5,
81.5,162.5,
82.25,162.5,
83.0,162.5,
83.75,162.5,
84.5,162.5,
85.25,162.5,
86.0,162.5,
86.75,162.5,-88.23333333333333
87.5,162.5,-89.96825396825398
88.25,162.5,-91.35965757828572
89.0,162.5,-91.44966124906911
89.75,162.5,-91.780085702039
90.5,162.5,-91.61394814309669
91.25,162.5,-91.67929481461299
92.0,162.5,-91.91083163465188
92.75,162.5,-92.40656207176828
93.5,162.5,-91.82768992781024
94.25,162.5,-89.60425866703194
95.0,162.5,-88.1005273320027
95.75,162.5,-88.62859079778076
96.5,162.5,-89.16028259528358
97.25,162.5,-89.6085133509968
98.0,162.5,-89.89792187926172
98.75,162.5,-90.09067950863184
99.5,162.5,-89.77777777777779
100.25,162.5,-89.91068222435932
101.0,162.5,
101.75,162.5,
102.5,162.5,
103.25,162.5,
104.0,162.5,
104.75,162.5,
105.5,162.5,
106.25,162.5,
107.0,162.5,
107.75,162.5,
108.5,162.5,
109.25,162.5,
110.0,162.5,
110.75,162.5,
111.5,162.5,
112.25,162.5,
113.0,162.5,
113.75,162.5,
114.5,162.5,
115.25,162.5,
116.0,162.5,
116.75,162.5,
117.5,162.5,
118.25,162.5,
119.0,162.5,
119.75,162.5,
120.5,162.5,
121.25,162.5,
122.0,162.5,
122.75,162.5,-83.45472440944881
123.5,162.5,-83.4423076923077
124.25,162.5,-83.33585437638268
125.0,162.5,-83.31507478864418
125.75,162.5,-83.25503987755533
126.5,162.5,-83.19235673411843
127.25,162.5,-83.14180729051081
128.0,162.5,-83.11009882643607
128.75,162.5,-82.96723502801181
129.5,162.5,-82.86181972789115
130.25,162.5,-82.63432080592483
131.0,162.5,-83.50649584086231
131.75,162.5,-83.66139329532812
132.5,162.5,-84.11879869809644
133.25,162.5,-84.27399380804954
134.0,162.5,
134.75,162.5,-90.3796660117878
135.5,162.5,
136.25,162.5,
137.0,162.5,-93.16089108910892
137.75,162.5,-92.28128666695105
138.5,162.5,-92.1586494785421
139.25,162.5,-92.13214117293565
140.0,162.5,-91.86851571315798
140.75,162.5,-91.497217270645
141.5,162.5,-90.89753440366972
142.25,162.5,-90.40372675146527
143.0,162.5,-90.14112252293805
143.75,162.5,-90.37675183463143
144.5,162.5,-90.69534883720931
145.25,162.5,-90.99660886163342
146.0,162.5,-91.20655104568972
146.75,162.5,-91.35226813464317
147.5,162.5,-90.87234042553192
148.25,162.5,-90.90263691683569
149.0,162.5,
149.75,162.5,
150.5,162.5,
151.25,162.5,
152.0,162.5,
152.75,162.5,
153.5,162.5,
154.25,162.5,
155.0,162.5,
155.75,162.5,
156.5,162.5,
157.25,162.5,
158.0,162.5,
158.75,162.5,
159.5,162.5,
160.25,162.5,
161.0,162.5,
161.75,162.5,
162.5,162.5,
163.25,162.5,
164.0,162.5,
164.75,162.5,
165.5,162.5,
166.25,162.5,
167.0,162.5,
167.75,162.5,
168.5,162.5,
169.25,162.5,
170.0,162.5,
170.75,162.5,
171.5,162.5,
172.25,162.5,
173.0,162.5,
173.75,162.5,
174.5,162.5,
175.25,162.5,
176.0,162.5,
176.75,162.5,
177.5,162.5,
178.25,162.5,
179.0,162.5,
179.75,162.5,
180.5,162.5,
181.25,162.5,
182.0,162.5,
182.75,162.5,
183.5,162.5,
184.25,162.5,
185.0,162.5,
185.75,162.5,
186.5,162.5,
187.25,162.5,
188.0,162.5,
188.75,162.5,
189.5,162.5,
190.25,162.5,
191.0,162.5,
191.75,162.5,
192.5,162.5,
193.25,162.5,
194.0,162.5,
194.75,162.5,
195.5,162.5,
196.25,162.5,
197.0,162.5,
197.75,162.5,
198.5,162.5,
199.25,162.5,
200.0,162.5,
200.75,162.5,
201.5,162.5,
202.25,162.5,
203.0,162.5,
203.75,162.5,
204.5,162.5,
205.25,162.5,
206.0,162.5,
206.75,162.5,
207.5,162.5,
208.25,162.5,
209.0,162.5,
209.75,162.5,
210.5,162.5,
211.25,162.5,
212.0,162.5,
212.75,162.5,
213.5,162.5,
214.25,162.5,
215.0,162.5,
215.75,162.5,
216.5,162.5,
217.25,162.5,
218.0,162.5,
218.75,162.5,
219.5,162.5,
220.25,162.5,
221.0,162.5,
221.75,162.5,
222.5,162.5,
223.25,162.5,
224.0,162.5,
224.75,162.5,
225.5,162.5,
226.25,162.5,
227.0,162.5,
227.75,162.5,
228.5,162.5,
229.25,162.5,
230.0,162.5,
230.75,162.5,
77.0,163.25,
77.75,163.25,
78.5,163.25,
79.25,163.25,
80.0,163.25,
80.75,163.25,
81.5,163.25,
82.25,163.25,
83.0,163.25,
83.75,163.25,
84.5,163.25,
85.25,163.25,
86.0,163.25,
86.75,163.25,
87.5,163.25,-91.61428571428571
88.25,163.25,-91.64925373134328
89.0,163.25,-92.82024862369894
89.75,163.25,-91.66624483242794
90.5,163.25,-91.56418650189522
91.25,163.25,-91.70091146316797
92.0,163.25,-92.0892343535335
92.75,163.25,-92.77218531762968
93.5,163.25,-92.15795746932078
94.25,163.25,-89.34921447659195
95.0,163.25,-87.67255888030398
95.75,163.25,-88.44651252107619
96.5,163.25,-89.25601781755579
97.25,163.25,-89.73078215611534
98.0,163.25,-90.02608930551854
98.75,163.25,-90.23511040961438
99.5,163.25,-90.0
100.25,163.25,-90.10072149478921
101.0,163.25,
101.75,163.25,
102.5,163.25,
103.25,163.25,
104.0,163.25,
104.75,163.25,
105.5,163.25,
106.25,163.25,
107.0,163.25,
107.75,163.25,
108.5,163.25,
109.25,163.25,
110.0,163.25,
110.75,163.25,
111.5,163.25,
112.25,163.25,
113.0,163.25,
113.75,163.25,
114.5,163.25,
115.25,163.25,
116.0,163.25,
116.75,163.25,
117.5,163.25,
118.25,163.25,
119.0,163.25,
119.75,163.25,
120.5,163.25,
121.25,163.25,
122.0,163.25,
122.75,163.25,
123.5,163.25,-83.39814814814814
124.25,163.25,-83.36864406779661
125.0,163.25,-83.25145107289774
125.75,163.25,-83.20213016358714
126.5,163.25,-83.15125272996512
127.25,163.25,-83.10742175676494
128.0,163.25,-83.07557643040137
128.75,163.25,-83.05582065150233
129.5,163.25,-82.78519061583577
130.25,163.25,-82.79663212435234
131.0,163.25,-82.80345211581293
131.75,163.25,
132.5,163.25,
133.25,163.25,
134.0,163.25,
134.75,163.25,
135.5,163.25,
136.25,163.25,
137.0,163.25,
137.75,163.25,-91.82102319589653
138.5,163.25,-91.99921432336836
139.25,163.25,-91.84954808408395
140.0,163.25,-91.643022533439
140.75,163.25,-91.36701716490154
141.5,163.25,-90.98799861102528
142.25,163.25,-90.45263553809467
143.0,163.25,-90.06026806700622
143.75,163.25,-90.40686393402862
144.5,163.25,-90.86665047017466
145.25,163.25,-91.15836996240004
146.0,163.25,-91.34216178695148
146.75,163.25,-91.46426928385218
147.5,163.25,-91.54856401421812
148.25,163.25,-90.94849785407725
149.0,163.25,
149.75,163.25,
150.5,163.25,
151.25,163.25,
152.0,163.25,
152.75,163.25,
153.5,163.25,
154.25,163.25,
155.0,163.25,
155.75,163.25,
156.5,163.25,
157.25,163.25,
158.0,163.25,
158.75,163.25,
159.5,163.25,
160.25,163.25,
161.0,163.25,
161.75,163.25,
162.5,163.25,
163.25,163.25,
164.0,163.25,
164.75,163.25,
165.5,163.25,
166.25,163.25,
167.0,163.25,
167.75,163.25,
168.5,163.25,
169.25,163.25,
170.0,163.25,
170.75,163.25,
171.5,163.25,
172.25,163.25,
173.0,163.25,
173.75,163.25,
174.5,163.25,
175.25,163.25,
176.0,163.25,
176.75,163.25,
177.5,163.25,
178.25,163.25,
179.0,163.25,
179.75,163.25,
180.5,163.25,
181.25,163.25,
182.0,163.25,
182.75,163.25,
183.5,163.25,
184.25,163.25,
185.0,163.25,
185.75,163.25,
186.5,163.25,
187.25,163.25,
188.0,163.25,
188.75,163.25,
189.5,163.25,
190.25,163.25,
191.0,163.25,
191.75,163.25,
192.5,163.25,
193.25,163.25,
194.0,163.25,
194.75,163.25,
195.5,163.25,
196.25,163.25,
197.0,163.25,
197.75,163.25,
198.5,163.25,
199.25,163.25,
200.0,163.25,
200.75,163.25,
201.5,163.25,
202.25,163.25,
203.0,163.25,
203.75,163.25,
204.5,163.25,
205.25,163.25,
206.0,163.25,
206.75,163.25,
207.5,163.25,
208.25,163.25,
209.0,163.25,
209.75,163.25,
210.5,163.25,
211.25,163.25,
212.0,163.25,
212.75,163.25,
213.5,163.25,
214.25,163.25,
215.0,163.25,
215.75,163.25,
216.5,163.25,
217.25,163.25,
218.0,163.25,
218.75,163.25,
219.5,163.25,
220.25,163.25,
221.0,163.25,
221.75,163.25,
222.5,163.25,
223.25,163.25,
224.0,163.25,
224.75,163.25,
225.5,163.25,
226.25,163.25,
227.0,163.25,
227.75,163.25,
228.5,163.25,
229.25,163.25,
230.0,163.25,
230.75,163.25,
77.0,164.0,
77.75,164.0,
78.5,164.0,
79.25,164.0,
80.0,164.0,
80.75,164.0,
81.5,164.0,
82.25,164.0,
83.0,164.0,
83.75,164.0,
84.5,164.0,
85.25,164.0,
86.0,164.0,
86.75,164.0,
87.5,164.0,
88.25,164.0,-91.71768707482994
89.0,164.0,-91.78571428571429
89.75,164.0,-91.5642620713883
90.5,164.0,-91.42971702115308
91.25,164.0,-91.51975415058025
92.0,164.0,-91.6993307839388
92.75,164.0,-91.80273835689933
93.5,164.0,-91.05361798577174
94.25,164.0,-89.85578056809865
95.0,164.0,-89.30721220527043
95.75,164.0,-89.38846943441231
96.5,164.0,-89.70848019326937
97.25,164.0,-90.03473578016636
98.0,164.0,-90.1683091902161
98.75,164.0,-90.44851676648662
99.5,164.0,-90.23874302815943
100.25,164.0,-90.33240997229917
101.0,164.0,
101.75,164.0,
102.5,164.0,
103.25,164.0,
104.0,164.0,
104.75,164.0,
105.5,164.0,
106.25,164.0,
107.0,164.0,
107.75,164.0,
108.5,164.0,
109.25,164.0,
110.0,164.0,
110.75,164.0,
111.5,164.0,
112.25,164.0,
113.0,164.0,
113.75,164.0,
114.5,164.0,
115.25,164.0,
116.0,164.0,
116.75,164.0,
117.5,164.0,
118.25,164.0,
119.0,164.0,
119.75,164.0,
120.5,164.0,
121.25,164.0,
122.0,164.0,
122.75,164.0,
123.5,164.0,
124.25,164.0,-83.34032258064516
125.0,164.0,-83.30555555555556
125.75,164.0,-83.19350726667295
126.5,164.0,-83.15600257655869
127.25,164.0,-83.12237157814837
128.0,164.0,-83.09574468085106
128.75,164.0,-82.76411764705882
129.5,164.0,-82.77654867256638
130.25,164.0,-82.78621730382292
131.0,164.0,
131.75,164.0,
132.5,164.0,
133.25,164.0,
134.0,164.0,
134.75,164.0,
135.5,164.0,
136.25,164.0,
137.0,164.0,
137.75,164.0,-91.69931140015302
138.5,164.0,-91.98075372355564
139.25,164.0,-91.87113921264029
140.0,164.0,-91.73401162790698
140.75,164.0,-91.57036847300957
141.5,164.0,-91.3887444279346
142.25,164.0,-91.22487302512437
143.0,164.0,-91.13157894736841
143.75,164.0,-91.18882175226587
144.5,164.0,-91.3155339805825
145.25,164.0,-91.44332723948813
146.0,164.0,-91.54347826086956
146.75,164.0,-91.61542390194074
147.5,164.0,-91.66614420062696
148.25,164.0,-91.0
149.0,164.0,
149.75,164.0,
150.5,164.0,
151.25,164.0,
152.0,164.0,
152.75,164.0,
153.5,164.0,
154.25,164.0,
155.0,164.0,
155.75,164.0,
156.5,164.0,
157.25,164.0,
158.0,164.0,
158.75,164.0,
159.5,164.0,
160.25,164.0,
161.0,164.0,
161.75,164.0,
162.5,164.0,
163.25,164.0,
164.0,164.0,
164.75,164.0,
165.5,164.0,
166.25,164.0,
167.0,164.0,
167.75,164.0,
168.5,164.0,
169.25,164.0,
170.0,164.0,
170.75,164.0,
171.5,164.0,
172.25,164.0,
173.0,164.0,
173.75,164.0,
174.5,164.0,
175.25,164.0,
176.0,164.0,
176.75,164.0,
177.5,164.0,
178.25,164.0,
179.0,164.0,
179.75,164.0,
180.5,164.0,
181.25,164.0,
182.0,164.0,
182.75,164.0,
183.5,164.0,
184.25,164.0,
185.0,164.0,
185.75,164.0,
186.5,164.0,
187.25,164.0,
188.0,164.0,
188.75,164.0,
189.5,164.0,
190.25,164.0,
191.0,164.0,
191.75,164.0,
192.5,164.0,
193.25,164.0,
194.0,164.0,
194.75,164.0,
195.5,164.0,
196.25,164.0,
197.0,164.0,
197.75,164.0,
198.5,164.0,
199.25,164.0,
200.0,164.0,
200.75,164.0,
201.5,164.0,
202.25,164.0,
203.0,164.0,
203.75,164.0,
204.5,164.0,
205.25,164.0,
206.0,164.0,
206.75,164.0,
207.5,164.0,
208.25,164.0,
209.0,164.0,
209.75,164.0,
210.5,164.0,
211.25,164.0,
212.0,164.0,
212.75,164.0,
213.5,164.0,
214.25,164.0,
215.0,164.0,
215.75,164.0,
216.5,164.0,
217.25,164.0,
218.0,164.0,
218.75,164.0,
219.5,164.0,
220.25,164.0,
221.0,164.0,
221.75,164.0,
222.5,164.0,
223.25,164.0,
224.0,164.0,
224.75,164.0,
225.5,164.0,
226.25,164.0,
227.0,164.0,
227.75,164.0,
228.5,164.0,
229.25,164.0,
230.0,164.0,
230.75,164.0,
77.0,164.75,
77.75,164.75,
78.5,164.75,
79.25,164.75,
80.0,164.75,
80.75,164.75,
81.5,164.75,
82.25,164.75,
83.0,164.75,
83.75,164.75,
84.5,164.75,
85.25,164.75,
86.0,164.75,
86.75,164.75,
87.5,164.75,
88.25,164.75,
89.0,164.75,-91.83587786259541
89.75,164.75,-90.64892836770471
90.5,164.75,-90.74557588241339
91.25,164.75,-90.6841840240457
92.0,164.75,-90.7750723581251
92.75,164.75,-90.69029384194116
93.5,164.75,-90.48821149446336
94.25,164.75,-90.0650680128137
95.0,164.75,-89.98819283449343
95.75,164.75,-89.95303476390649
96.5,164.75,-90.11514160439562
97.25,164.75,-90.36611883116244
98.0,164.75,-90.5112536758433
98.75,164.75,-90.34262717374853
99.5,164.75,-90.51700122270215
100.25,164.75,-90.4793007382721
101.0,164.75,
101.75,164.75,
102.5,164.75,
103.25,164.75,
104.0,164.75,
104.75,164.75,
105.5,164.75,
106.25,164.75,
107.0,164.75,
107.75,164.75,
108.5,164.75,
109.25,164.75,
110.0,164.75,
110.75,164.75,
111.5,164.75,
112.25,164.75,
113.0,164.75,
113.75,164.75,
114.5,164.75,
115.25,164.75,
116.0,164.75,
116.75,164.75,
117.5,164.75,
118.25,164.75,
119.0,164.75,
119.75,164.75,
120.5,164.75,
121.25,164.75,
122.0,164.75,
122.75,164.75,
123.5,164.75,
124.25,164.75,
125.0,164.75,
125.75,164.75,-83.26098901098901
126.5,164.75,-83.22814207650272
127.25,164.75,
128.0,164.75,-82.75000000000001
128.75,164.75,
129.5,164.75,
130.25,164.75,
131.0,164.75,
131.75,164.75,
132.5,164.75,
133.25,164.75,
134.0,164.75,
134.75,164.75,
135.5,164.75,
136.25,164.75,
137.0,164.75,
137.75,164.75,-92.07439967919981
138.5,164.75,-92.02157198603149
139.25,164.75,-91.96140979019599
140.0,164.75,-91.89861391333058
140.75,164.75,-91.76495422629101
141.5,164.75,-91.77378150295654
142.25,164.75,-91.86119402985075
143.0,164.75,-91.97840936813856
143.75,164.75,-91.86119402985075
144.5,164.75,-91.77378150295654
145.25,164.75,-91.76495422629101
146.0,164.75,-91.77630124477338
146.75,164.75,-91.78864156632112
147.5,164.75,-91.79844150378175
148.25,164.75,-91.80574440607381
149.0,164.75,
149.75,164.75,
150.5,164.75,
151.25,164.75,
152.0,164.75,
152.75,164.75,
153.5,164.75,
154.25,164.75,
155.0,164.75,
155.75,164.75,
156.5,164.75,
157.25,164.75,
158.0,164.75,
158.75,164.75,
159.5,164.75,
160.25,164.75,
161.0,164.75,
161.75,164.75,
162.5,164.75,
163.25,164.75,
164.0,164.75,
164.75,164.75,
165.5,164.75,
166.25,164.75,
167.0,164.75,
167.75,164.75,
168.5,164.75,
169.25,164.75,
170.0,164.75,
170.75,164.75,
171.5,164.75,
172.25,164.75,
173.0,164.75,
173.75,164.75,
174.5,164.75,
175.25,164.75,
176.0,164.75,
176.75,164.75,
177.5,164.75,
178.25,164.75,
179.0,164.75,
179.75,164.75,
180.5,164.75,
181.25,164.75,
182.0,164.75,
182.75,164.75,
183.5,164.75,
184.25,164.75,
185.0,164.75,
185.75,164.75,
186.5,164.75,
187.25,164.75,
188.0,164.75,
188.75,164.75,
189.5,164.75,
190.25,164.75,
191.0,164.75,
191.75,164.75,
192.5,164.75,
193.25,164.75,
194.0,164.75,
194.75,164.75,
195.5,164.75,
196.25,164.75,
197.0,164.75,
197.75,164.75,
198.5,164.75,
199.25,164.75,
200.0,164.75,
200.75,164.75,
201.5,164.75,
202.25,164.75,
203.0,164.75,
203.75,164.75,
204.5,164.75,
205.25,164.75,
206.0,164.75,
206.75,164.75,
207.5,164.75,
208.25,164.75,
209.0,164.75,
209.75,164.75,
210.5,164.75,
211.25,164.75,
212.0,164.75,
212.75,164.75,
213.5,164.75,
214.25,164.75,
215.0,164.75,
215.75,164.75,
216.5,164.75,
217.25,164.75,
218.0,164.75,
218.75,164.75,
219.5,164.75,
220.25,164.75,
221.0,164.75,
221.75,164.75,
222.5,164.75,
223.25,164.75,
224.0,164.75,
224.75,164.75,
225.5,164.75,
226.25,164.75,
227.0,164.75,
227.75,164.75,
228.5,164.75,
229.25,164.75,
230.0,164.75,
230.75,164.75,
77.0,165.5,
77.75,165.5,
78.5,165.5,
79.25,165.5,
80.0,165.5,
80.75,165.5,
81.5,165.5,
82.25,165.5,
83.0,165.5,
83.75,165.5,
84.5,165.5,
85.25,165.5,
86.0,165.5,
86.75,165.5,
87.5,165.5,
88.25,165.5,
89.0,165.5,
89.75,165.5,-90.54710881038288
90.5,165.5,-90.35605970189587
91.25,165.5,-90.38532494886275
92.0,165.5,-90.36244115001153
92.75,165.5,-90.42824120406628
93.5,165.5,-90.22913501740989
94.25,165.5,-90.07580884810639
95.0,165.5,-90.03443495351392
95.75,165.5,-90.18122681956743
96.5,165.5,-90.60543430866764
97.25,165.5,-90.94932503748734
98.0,165.5,-90.97133349261692
98.75,165.5,-90.71439702527508
99.5,165.5,-90.54988112578208
100.25,165.5,-90.68418954268179
101.0,165.5,
101.75,165.5,
102.5,165.5,
103.25,165.5,
104.0,165.5,
104.75,165.5,
105.5,165.5,
106.25,165.5,
107.0,165.5,
107.75,165.5,
108.5,165.5,
109.25,165.5,
110.0,165.5,
110.75,165.5,
111.5,165.5,
112.25,165.5,
113.0,165.5,
113.75,165.5,
114.5,165.5,
115.25,165.5,
116.0,165.5,
116.75,165.5,
117.5,165.5,
118.25,165.5,
119.0,165.5,
119.75,165.5,
120.5,165.5,
121.25,165.5,
122.0,165.5,
122.75,165.5,
123.5,165.5,
124.25,165.5,
125.0,165.5,
125.75,165.5,
126.5,165.5,
127.25,165.5,
128.0,165.5,
128.75,165.5,
129.5,165.5,
130.25,165.5,
131.0,165.5,
131.75,165.5,
132.5,165.5,
133.25,165.5,
134.0,165.5,
134.75,165.5,
135.5,165.5,
136.25,165.5,
137.0,165.5,
137.75,165.5,-91.91082063996781
138.5,165.5,-91.9327658909886
139.25,165.5,-91.96392778708696
140.0,165.5,-92.0083245837708
140.75,165.5,-92.06853806953792
141.5,165.5,-92.13250883392224
142.25,165.5,-92.13833791805415
143.0,165.5,-92.07528957528956
143.75,165.5,-92.13833791805415
144.5,165.5,-92.13250883392224
145.25,165.5,-92.06853806953792
146.0,165.5,-92.0083245837708
146.75,165.5,-91.96392778708696
147.5,165.5,-91.9327658909886
148.25,165.5,-91.91082063996781
149.0,165.5,
149.75,165.5,
150.5,165.5,
151.25,165.5,
152.0,165.5,
152.75,165.5,
153.5,165.5,
154.25,165.5,
155.0,165.5,
155.75,165.5,
156.5,165.5,
157.25,165.5,
158.0,165.5,
158.75,165.5,
159.5,165.5,
160.25,165.5,
161.0,165.5,
161.75,165.5,
162.5,165.5,
163.25,165.5,
164.0,165.5,
164.75,165.5,
165.5,165.5,
166.25,165.5,
167.0,165.5,
167.75,165.5,
168.5,165.5,
169.25,165.5,
170.0,165.5,
170.75,165.5,
171.5,165.5,
172.25,165.5,
173.0,165.5,
173.75,165.5,
174.5,165.5,
175.25,165.5,
176.0,165.5,
176.75,165.5,
177.5,165.5,
178.25,165.5,
179.0,165.5,
179.75,165.5,
180.5,165.5,
181.25,165.5,
182.0,165.5,
182.75,165.5,
183.5,165.5,
184.25,165.5,
185.0,165.5,
185.75,165.5,
186.5,165.5,
187.25,165.5,
188.0,165.5,
188.75,165.5,
189.5,165.5,
190.25,165.5,
191.0,165.5,
191.75,165.5,
192.5,165.5,
193.25,165.5,
194.0,165.5,
194.75,165.5,
195.5,165.5,
196.25,165.5,
197.0,165.5,
197.75,165.5,
198.5,165.5,
199.25,165.5,
200.0,165.5,
200.75,165.5,
201.5,165.5,
202.25,165.5,
203.0,165.5,
203.75,165.5,
204.5,165.5,
205.25,165.5,
206.0,165.5,
206.75,165.5,
207.5,165.5,
208.25,165.5,
209.0,165.5,
209.75,165.5,
210.5,165.5,
211.25,165.5,
212.0,165.5,
212.75,165.5,
213.5,165.5,
214.25,165.5,
215.0,165.5,
215.75,165.5,
216.5,165.5,
217.25,165.5,
218.0,165.5,
218.75,165.5,
219.5,165.5,
220.25,165.5,
221.0,165.5,
221.75,165.5,
222.5,165.5,
223.25,165.5,
224.0,165.5,
224.75,165.5,
225.5,165.5,
226.25,165.5,
227.0,165.5,
227.75,165.5,
228.5,165.5,
229.25,165.5,
230.0,165.5,
230.75,165.5,
77.0,166.25,
77.75,166.25,
78.5,166.25,
79.25,166.25,
80.0,166.25,
80.75,166.25,
81.5,166.25,
82.25,166.25,
83.0,166.25,
83.75,166.25,
84.5,166.25,
85.25,166.25,
86.0,166.25,
86.75,166.25,
87.5,166.25,
88.25,166.25,
89.0,166.25,
89.75,166.25,-90.68159928102496
90.5,166.25,-90.17254402481579
91.25,166.25,-90.15155299491346
92.0,166.25,-90.31831534932567
92.75,166.25,-90.22230239895502
93.5,166.25,-90.1286632966123
94.25,166.25,-90.08199161396134
95.0,166.25,-90.10875255990167
95.75,166.25,-90.4445011463001
96.5,166.25,-91.38024556099107
97.25,166.25,-91.81596550705818
98.0,166.25,-91.49765009786421
98.75,166.25,-91.0478258834128
99.5,166.25,-90.75027562666324
100.25,166.25,-90.96688811765
101.0,166.25,
101.75,166.25,
102.5,166.25,
103.25,166.25,
104.0,166.25,
104.75,166.25,
105.5,166.25,
106.25,166.25,
107.0,166.25,
107.75,166.25,
108.5,166.25,
109.25,166.25,
110.0,166.25,
110.75,166.25,
111.5,166.25,
112.25,166.25,
113.0,166.25,
113.75,166.25,
114.5,166.25,
115.25,166.25,
116.0,166.25,
116.75,166.25,
117.5,166.25,
118.25,166.25,
119.0,166.25,
119.75,166.25,
120.5,166.25,
121.25,166.25,
122.0,166.25,
122.75,166.25,
123.5,166.25,
124.25,166.25,
125.0,166.25,
125.75,166.25,
126.5,166.25,
127.25,166.25,
128.0,166.25,
128.75,166.25,
129.5,166.25,
130.25,166.25,
131.0,166.25,
131.75,166.25,
132.5,166.25,
133.25,166.25,
134.0,166.25,
134.75,166.25,
135.5,166.25,
136.25,166.25,
137.0,166.25,
137.75,166.25,-92.76310043668121
138.5,166.25,-92.05669553954864
139.25,166.25,-92.12339684425112
140.0,166.25,-92.21818418704548
140.75,166.25,-92.35309190297232
141.5,166.25,-92.54208375893771
142.25,166.25,-92.79590595865425
143.0,166.25,-92.98601574275663
143.75,166.25,-92.79590595865425
144.5,166.25,-92.54208375893771
145.25,166.25,-92.35309190297232
146.0,166.25,-92.21818418704548
146.75,166.25,-92.12339684425112
147.5,166.25,-92.05669553954864
148.25,166.25,-92.76310043668121
149.0,166.25,
149.75,166.25,
150.5,166.25,
151.25,166.25,
152.0,166.25,
152.75,166.25,
153.5,166.25,
154.25,166.25,
155.0,166.25,
155.75,166.25,
156.5,166.25,
157.25,166.25,
158.0,166.25,
158.75,166.25,
159.5,166.25,
160.25,166.25,
161.0,166.25,
161.75,166.25,
162.5,166.25,
163.25,166.25,
164.0,166.25,
164.75,166.25,
165.5,166.25,
166.25,166.25,
167.0,166.25,
167.75,166.25,
168.5,166.25,
169.25,166.25,
170.0,166.25,
170.75,166.25,
171.5,166.25,
172.25,166.25,
173.0,166.25,
173.75,166.25,
174.5,166.25,
175.25,166.25,
176.0,166.25,
176.75,166.25,
177.5,166.25,
178.25,166.25,
179.0,166.25,
179.75,166.25,
180.5,166.25,
181.25,166.25,
182.0,166.25,
182.75,166.25,
183.5,166.25,
184.25,166.25,
185.0,166.25,
185.75,166.25,
186.5,166.25,
187.25,166.25,
188.0,166.25,
188.75,166.25,
189.5,166.25,
190.25,166.25,
191.0,166.25,
191.75,166.25,
192.5,166.25,
193.25,166.25,
194.0,166.25,
194.75,166.25,
195.5,166.25,
196.25,166.25,
197.0,166.25,
197.75,166.25,
198.5,166.25,
199.25,166.25,
200.0,166.25,
200.75,166.25,
201.5,166.25,
202.25,166.25,
203.0,166.25,
203.75,166.25,
204.5,166.25,
205.25,166.25,
206.0,166.25,
206.75,166.25,
207.5,166.25,
208.25,166.25,
209.0,166.25,
209.75,166.25,
210.5,166.25,
211.25,166.25,
212.0,166.25,
212.75,166.25,
213.5,166.25,
214.25,166.25,
215.0,166.25,
215.75,166.25,
216.5,166.25,
217.25,166.25,
218.0,166.25,
218.75,166.25,
219.5,166.25,
220.25,166.25,
221.0,166.25,
221.75,166.25,
222.5,166.25,
223.25,166.25,
224.0,166.25,
224.75,166.25,
225.5,166.25,
226.25,166.25,
227.0,166.25,
227.75,166.25,
228.5,166.25,
229.25,166.25,
230.0,166.25,
230.75,166.25,
77.0,167.0,
77.75,167.0,
78.5,167.0,
79.25,167.0,
80.0,167.0,
80.75,167.0,
81.5,167.0,
82.25,167.0,
83.0,167.0,
83.75,167.0,
84.5,167.0,
85.25,167.0,
86.0,167.0,
86.75,167.0,
87.5,167.0,
88.25,167.0,
89.0,167.0,
89.75,167.0,-90.47646765495334
90.5,167.0,-90.41275721496052
91.25,167.0,-90.22426084924409
92.0,167.0,-90.15128498854469
92.75,167.0,-90.07023116268194
93.5,167.0,-90.01216811434847
94.25,167.0,-90.0087953338657
95.0,167.0,-90.00000000000024
95.75,167.0,-90.42163934935644
96.5,167.0,-92.00410617682284
97.25,167.0,-92.41307829695526
98.0,167.0,-91.7507204610951
98.75,167.0,-91.20030017497244
99.5,167.0,-91.15859614847894
100.25,167.0,-90.97344391259833
101.0,167.0,
101.75,167.0,
102.5,167.0,
103.25,167.0,
104.0,167.0,
104.75,167.0,
105.5,167.0,
106.25,167.0,
107.0,167.0,
107.75,167.0,
108.5,167.0,
109.25,167.0,
110.0,167.0,
110.75,167.0,
111.5,167.0,
112.25,167.0,
113.0,167.0,
113.75,167.0,
114.5,167.0,
115.25,167.0,
116.0,167.0,
116.75,167.0,
117.5,167.0,
118.25,167.0,
119.0,167.0,
119.75,167.0,
120.5,167.0,
121.25,167.0,
122.0,167.0,
122.75,167.0,
123.5,167.0,
124.25,167.0,
125.0,167.0,
125.75,167.0,
126.5,167.0,
127.25,167.0,
128.0,167.0,
128.75,167.0,
129.5,167.0,
130.25,167.0,
131.0,167.0,
131.75,167.0,
132.5,167.0,
133.25,167.0,
134.0,167.0,
134.75,167.0,
135.5,167.0,
136.25,167.0,
137.0,167.0,
137.75,167.0,-92.80073995771671
138.5,167.0,-92.81741573033709
139.25,167.0,-92.25127698481069
140.0,167.0,-92.380059970015
140.75,167.0,-92.5665931040759
141.5,167.0,-92.84503140007388
142.25,167.0,-93.23748157412784
143.0,167.0,-93.4999999999994
143.75,167.0,-93.23748157412784
144.5,167.0,-92.84503140007388
145.25,167.0,-92.5665931040759
146.0,167.0,-92.380059970015
146.75,167.0,-92.25127698481069
147.5,167.0,-92.81741573033709
148.25,167.0,-92.80073995771671
149.0,167.0,
149.75,167.0,
150.5,167.0,
151.25,167.0,
152.0,167.0,
152.75,167.0,
153.5,167.0,
154.25,167.0,
155.0,167.0,
155.75,167.0,
156.5,167.0,
157.25,167.0,
158.0,167.0,
158.75,167.0,
159.5,167.0,
160.25,167.0,
161.0,167.0,
161.75,167.0,
162.5,167.0,
163.25,167.0,
164.0,167.0,
164.75,167.0,
165.5,167.0,
166.25,167.0,
167.0,167.0,
167.75,167.0,
168.5,167.0,
169.25,167.0,
170.0,167.0,
170.75,167.0,
171.5,167.0,
172.25,167.0,
173.0,167.0,
173.75,167.0,
174.5,167.0,
175.25,167.0,
176.0,167.0,
176.75,167.0,
177.5,167.0,
178.25,167.0,
179.0,167.0,
179.75,167.0,
180.5,167.0,
181.25,167.0,
182.0,167.0,
182.75,167.0,
183.5,167.0,
184.25,167.0,
185.0,167.0,
185.75,167.0,
186.5,167.0,
187.25,167.0,
188.0,167.0,
188.75,167.0,
189.5,167.0,
190.25,167.0,
191.0,167.0,
191.75,167.0,
192.5,167.0,
193.25,167.0,
194.0,167.0,
194.75,167.0,
195.5,167.0,
196.25,167.0,
197.0,167.0,
197.75,167.0,
198.5,167.0,
199.25,167.0,
200.0,167.0,
200.75,167.0,
201.5,167.0,
202.25,167.0,
203.0,167.0,
203.75,167.0,
204.5,167.0,
205.25,167.0,
206.0,167.0,
206.75,167.0,
207.5,167.0,
208.25,167.0,
209.0,167.0,
209.75,167.0,
210.5,167.0,
211.25,167.0,
212.0,167.0,
212.75,167.0,
213.5,167.0,
214.25,167.0,
215.0,167.0,
215.75,167.0,
216.5,167.0,
217.25,167.0,
218.0,167.0,
218.75,167.0,
219.5,167.0,
220.25,167.0,
221.0,167.0,
221.75,167.0,
222.5,167.0,
223.25,167.0,
224.0,167.0,
224.75,167.0,
225.5,167.0,
226.25,167.0,
227.0,167.0,
227.75,167.0,
228.5,167.0,
229.25,167.0,
230.0,167.0,
230.75,167.0,
77.0,167.75,
77.75,167.75,
78.5,167.75,
79.25,167.75,
80.0,167.75,
80.75,167.75,
81.5,167.75,
82.25,167.75,
83.0,167.75,
83.75,167.75,
84.5,167.75,
85.25,167.75,
86.0,167.75,
86.75,167.75,
87.5,167.75,
88.25,167.75,
89.0,167.75,
89.75,167.75,-90.30388387224924
90.5,167.75,-90.21484276898282
91.25,167.75,-90.38572824001784
92.0,167.75,-90.01046130537856
92.75,167.75,-89.90758992205998
93.5,167.75,-89.81000074230906
94.25,167.75,-89.77404000778927
95.0,167.75,-89.85622779252263
95.75,167.75,-90.22766536179775
96.5,167.75,-91.32152696891472
97.25,167.75,-91.8017887461501
98.0,167.75,-91.48047361251508
98.75,167.75,-91.30622685542816
99.5,167.75,-91.0779619966333
100.25,167.75,-90.92015437757517
101.0,167.75,
101.75,167.75,
102.5,167.75,
103.25,167.75,
104.0,167.75,
104.75,167.75,
105.5,167.75,
106.25,167.75,
107.0,167.75,
107.75,167.75,
108.5,167.75,
109.25,167.75,
110.0,167.75,
110.75,167.75,
111.5,167.75,
112.25,167.75,
113.0,167.75,
113.75,167.75,
114.5,167.75,
115.25,167.75,
116.0,167.75,
116.75,167.75,
117.5,167.75,
118.25,167.75,
119.0,167.75,
119.75,167.75,
120.5,167.75,
121.25,167.75,
122.0,167.75,
122.75,167.75,
123.5,167.75,
124.25,167.75,
125.0,167.75,
125.75,167.75,
126.5,167.75,
127.25,167.75,
128.0,167.75,
128.75,167.75,
129.5,167.75,
130.25,167.75,
131.0,167.75,
131.75,167.75,
132.5,167.75,
133.25,167.75,
134.0,167.75,
134.75,167.75,
135.5,167.75,
136.25,167.75,
137.0,167.75,
137.75,167.75,-92.83300395256917
138.5,167.75,-92.85796915167094
139.25,167.75,-92.8948275862069
140.0,167.75,-92.47548035845568
140.75,167.75,-92.66261443590231
141.5,167.75,-92.90951649686565
142.25,167.75,-93.18161120840631
143.0,167.75,-93.31913409275495
143.75,167.75,-93.18161120840631
144.5,167.75,-92.90951649686565
145.25,167.75,-92.66261443590231
146.0,167.75,-92.47548035845568
146.75,167.75,-92.8948275862069
147.5,167.75,-92.85796915167094
148.25,167.75,-92.83300395256917
149.0,167.75,
149.75,167.75,
150.5,167.75,
151.25,167.75,
152.0,167.75,
152.75,167.75,
153.5,167.75,
154.25,167.75,
155.0,167.75,
155.75,167.75,
156.5,167.75,
157.25,167.75,
158.0,167.75,
158.75,167.75,
159.5,167.75,
160.25,167.75,
161.0,167.75,
161.75,167.75,
162.5,167.75,
163.25,167.75,
164.0,167.75,
164.75,167.75,
165.5,167.75,
166.25,167.75,
167.0,167.75,
167.75,167.75,
168.5,167.75,
169.25,167.75,
170.0,167.75,
170.75,167.75,
171.5,167.75,
172.25,167.75,
173.0,167.75,
173.75,167.75,
174.5,167.75,
175.25,167.75,
176.0,167.75,
176.75,167.75,
177.5,167.75,
178.25,167.75,
179.0,167.75,
179.75,167.75,
180.5,167.75,
181.25,167.75,
182.0,167.75,
182.75,167.75,
183.5,167.75,
184.25,167.75,
185.0,167.75,
185.75,167.75,
186.5,167.75,
187.25,167.75,
188.0,167.75,
188.75,167.75,
189.5,167.75,
190.25,167.75,
191.0,167.75,
191.75,167.75,
192.5,167.75,
193.25,167.75,
194.0,167.75,
194.75,167.75,
195.5,167.75,
196.25,167.75,
197.0,167.75,
197.75,167.75,
198.5,167.75,
199.25,167.75,
200.0,167.75,
200.75,167.75,
201.5,167.75,
202.25,167.75,
203.0,167.75,
203.75,167.75,
204.5,167.75,
205.25,167.75,
206.0,167.75,
206.75,167.75,
207.5,167.75,
208.25,167.75,
209.0,167.75,
209.75,167.75,
210.5,167.75,
211.25,167.75,
212.0,167.75,
212.75,167.75,
213.5,167.75,
214.25,167.75,
215.0,167.75,
215.75,167.75,
216.5,167.75,
217.25,167.75,
218.0,167.75,
218.75,167.75,
219.5,167.75,
220.25,167.75,
221.0,167.75,
221.75,167.75,
222.5,167.75,
223.25,167.75,
224.0,167.75,
224.75,167.75,
225.5,167.75,
226.25,167.75,
227.0,167.75,
227.75,167.75,
228.5,167.75,
229.25,167.75,
230.0,167.75,
230.75,167.75,
77.0,168.5,
77.75,168.5,
78.5,168.5,
79.25,168.5,
80.0,168.5,
80.75,168.5,
81.5,168.5,
82.25,168.5,
83.0,168.5,
83.75,168.5,
84.5,168.5,
85.25,168.5,
86.0,168.5,
86.75,168.5,
87.5,168.5,
88.25,168.5,
89.0,168.5,
89.75,168.5,-89.22396963123644
90.5,168.5,-89.40988567585744
91.25,168.5,-90.24635542242575
92.0,168.5,-90.08179282540195
92.75,168.5,-89.73422554187762
93.5,168.5,-89.50692727127684
94.25,168.5,-89.13767158845151
95.0,168.5,-88.82168025466457
95.75,168.5,-89.35095854752882
96.5,168.5,-90.28795839024902
97.25,168.5,-90.8629893588564
98.0,168.5,-91.10026400819608
98.75,168.5,-91.02342681838353
99.5,168.5,-90.91435936992531
100.25,168.5,-90.95691234191015
101.0,168.5,
101.75,168.5,
102.5,168.5,
103.25,168.5,
104.0,168.5,
104.75,168.5,
105.5,168.5,
106.25,168.5,
107.0,168.5,
107.75,168.5,
108.5,168.5,
109.25,168.5,
110.0,168.5,
110.75,168.5,
111.5,168.5,
112.25,168.5,
113.0,168.5,
113.75,168.5,
114.5,168.5,
115.25,168.5,
116.0,168.5,
116.75,168.5,
117.5,168.5,
118.25,168.5,
119.0,168.5,
119.75,168.5,
120.5,168.5,
121.25,168.5,
122.0,168.5,
122.75,168.5,
123.5,168.5,
124.25,168.5,
125.0,168.5,
125.75,168.5,
126.5,168.5,
127.25,168.5,
128.0,168.5,
128.75,168.5,
129.5,168.5,
130.25,168.5,
131.0,168.5,
131.75,168.5,
132.5,168.5,
133.25,168.5,
134.0,168.5,
134.75,168.5,
135.5,168.5,
136.25,168.5,
137.0,168.5,
137.75,168.5,
138.5,168.5,-92.88636363636363
139.25,168.5,-92.9259530791789
140.0,168.5,-92.98076923076923
140.75,168.5,-92.66637975993945
141.5,168.5,-92.84419626510436
142.25,168.5,-93.005076429515
143.0,168.5,-93.07407159136613
143.75,168.5,-93.005076429515
144.5,168.5,-92.84419626510436
145.25,168.5,-92.66637975993945
146.0,168.5,-92.98076923076923
146.75,168.5,-92.9259530791789
147.5,168.5,-92.88636363636363
148.25,168.5,
149.0,168.5,
149.75,168.5,
150.5,168.5,
151.25,168.5,
152.0,168.5,
152.75,168.5,
153.5,168.5,
154.25,168.5,
155.0,168.5,
155.75,168.5,
156.5,168.5,
157.25,168.5,
158.0,168.5,
158.75,168.5,
159.5,168.5,
160.25,168.5,
161.0,168.5,
161.75,168.5,
162.5,168.5,
163.25,168.5,
164.0,168.5,
164.75,168.5,
165.5,168.5,
166.25,168.5,
167.0,168.5,
167.75,168.5,
168.5,168.5,
169.25,168.5,
170.0,168.5,
170.75,168.5,
171.5,168.5,
172.25,168.5,
173.0,168.5,
173.75,168.5,
174.5,168.5,
175.25,168.5,
176.0,168.5,
176.75,168.5,
177.5,168.5,
178.25,168.5,
179.0,168.5,
179.75,168.5,
180.5,168.5,
181.25,168.5,
182.0,168.5,
182.75,168.5,
183.5,168.5,
184.25,168.5,
185.0,168.5,
185.75,168.5,
186.5,168.5,
187.25,168.5,
188.0,168.5,
188.75,168.5,
189.5,168.5,
190.25,168.5,
191.0,168.5,
191.75,168.5,
192.5,168.5,
193.25,168.5,
194.0,168.5,
194.75,168.5,
195.5,168.5,
196.25,168.5,
197.0,168.5,
197.75,168.5,
198.5,168.5,
199.25,168.5,
200.0,168.5,
200.75,168.5,
201.5,168.5,
202.25,168.5,
203.0,168.5,
203.75,168.5,
204.5,168.5,
205.25,168.5,
206.0,168.5,
206.75,168.5,
207.5,168.5,
208.25,168.5,
209.0,168.5,
209.75,168.5,
210.5,168.5,
211.25,168.5,
212.0,168.5,
212.75,168.5,
213.5,168.5,
214.25,168.5,
215.0,168.5,
215.75,168.5,
216.5,168.5,
217.25,168.5,
218.0,168.5,
218.75,168.5,
219.5,168.5,
220.25,168.5,
221.0,168.5,
221.75,168.5,
222.5,168.5,
223.25,168.5,
224.0,168.5,
224.75,168.5,
225.5,168.5,
226.25,168.5,
227.0,168.5,
227.75,168.5,
228.5,168.5,
229.25,168.5,
230.0,168.5,
230.75,168.5,
77.0,169.25,
77.75,169.25,
78.5,169.25,
79.25,169.25,
80.0,169.25,
80.75,169.25,
81.5,169.25,
82.25,169.25,
83.0,169.25,
83.75,169.25,
84.5,169.25,
85.25,169.25,
86.0,169.25,
86.75,169.25,
87.5,169.25,
88.25,169.25,
89.0,169.25,
89.75,169.25,-89.18775933609959
90.5,169.25,-89.16780821917808
91.25,169.25,-89.31137406451764
92.0,169.25,-89.67275926349731
92.75,169.25,-89.51475421059838
93.5,169.25,-89.25427179071066
94.25,169.25,-88.84753926054161
95.0,169.25,-88.55015636504844
95.75,169.25,-88.9797070179423
96.5,169.25,-89.77925956272372
97.25,169.25,-90.36659653586456
98.0,169.25,-90.64392877963378
98.75,169.25,-90.72666910275399
99.5,169.25,-90.83071410968512
100.25,169.25,-90.80780286777862
101.0,169.25,
101.75,169.25,
102.5,169.25,
103.25,169.25,
104.0,169.25,
104.75,169.25,
105.5,169.25,
106.25,169.25,
107.0,169.25,
107.75,169.25,
108.5,169.25,
109.25,169.25,
110.0,169.25,
110.75,169.25,
111.5,169.25,
112.25,169.25,
113.0,169.25,
113.75,169.25,
114.5,169.25,
115.25,169.25,
116.0,169.25,
116.75,169.25,
117.5,169.25,
118.25,169.25,
119.0,169.25,
119.75,169.25,
120.5,169.25,
121.25,169.25,
122.0,169.25,
122.75,169.25,
123.5,169.25,
124.25,169.25,
125.0,169.25,
125.75,169.25,
126.5,169.25,
127.25,169.25,
128.0,169.25,
128.75,169.25,
129.5,169.25,
130.25,169.25,
131.0,169.25,
131.75,169.25,
132.5,169.25,
133.25,169.25,
134.0,169.25,
134.75,169.25,
135.5,169.25,
136.25,169.25,
137.0,169.25,
137.75,169.25,
138.5,169.25,
139.25,169.25,-92.94024390243902
140.0,169.25,-92.9870820668693
140.75,169.25,-93.04323308270678
141.5,169.25,-93.1029411764706
142.25,169.25,-93.1520618556701
143.0,169.25,-93.17162162162163
143.75,169.25,-93.1520618556701
144.5,169.25,-93.1029411764706
145.25,169.25,-93.04323308270678
146.0,169.25,-92.9870820668693
146.75,169.25,-92.94024390243902
147.5,169.25,
148.25,169.25,
149.0,169.25,
149.75,169.25,
150.5,169.25,
151.25,169.25,
152.0,169.25,
152.75,169.25,
153.5,169.25,
154.25,169.25,
155.0,169.25,
155.75,169.25,
156.5,169.25,
157.25,169.25,
158.0,169.25,
158.75,169.25,
159.5,169.25,
160.25,169.25,
161.0,169.25,
161.75,169.25,
162.5,169.25,
163.25,169.25,
164.0,169.25,
164.75,169.25,
165.5,169.25,
166.25,169.25,
167.0,169.25,
167.75,169.25,
168.5,169.25,
169.25,169.25,
170.0,169.25,
170.75,169.25,
171.5,169.25,
172.25,169.25,
173.0,169.25,
173.75,169.25,
174.5,169.25,
175.25,169.25,
176.0,169.25,
176.75,169.25,
177.5,169.25,
178.25,169.25,
179.0,169.25,
179.75,169.25,
180.5,169.25,
181.25,169.25,
182.0,169.25,
182.75,169.25,
183.5,169.25,
184.25,169.25,
185.0,169.25,
185.75,169.25,
186.5,169.25,
187.25,169.25,
188.0,169.25,
188.75,169.25,
189.5,169.25,
190.25,169.25,
191.0,169.25,
191.75,169.25,
192.5,169.25,
193.25,169.25,
194.0,169.25,
194.75,169.25,
195.5,169.25,
196.25,169.25,
197.0,169.25,
197.75,169.25,
198.5,169.25,
199.25,169.25,
200.0,169.25,
200.75,169.25,
201.5,169.25,
202.25,169.25,
203.0,169.25,
203.75,169.25,
204.5,169.25,
205.25,169.25,
206.0,169.25,
206.75,169.25,
207.5,169.25,
208.25,169.25,
209.0,169.25,
209.75,169.25,
210.5,169.25,
211.25,169.25,
212.0,169.25,
212.75,169.25,
213.5,169.25,
214.25,169.25,
215.0,169.25,
215.75,169.25,
216.5,169.25,
217.25,169.25,
218.0,169.25,
218.75,169.25,
219.5,169.25,
220.25,169.25,
221.0,169.25,
221.75,169.25,
222.5,169.25,
223.25,169.25,
224.0,169.25,
224.75,169.25,
225.5,169.25,
226.25,169.25,
227.0,169.25,
227.75,169.25,
228.5,169.25,
229.25,169.25,
230.0,169.25,
230.75,169.25,
