x_m,y_m,idw_rssi_dbm
37.0,63.0,-93.6
37.75,63.0,-94.00536615457794
38.5,63.0,-94.55707762557077
39.25,63.0,-95.21501955011001
40.0,63.0,-95.56696428571429
40.75,63.0,-95.9661718389076
41.5,63.0,-95.83426355963529
42.25,63.0,-95.10498001817284
43.0,63.0,-94.37037037037037
43.75,63.0,-93.32615360850544
44.5,63.0,-92.59460953830659
45.25,63.0,-91.90679830119095
46.0,63.0,-91.75242718446603
46.75,63.0,-91.56598330659698
47.5,63.0,-90.81340133900282
48.25,63.0,-89.85786303407457
49.0,63.0,-88.51851851851852
49.75,63.0,-87.302574133923
50.5,63.0,-86.21857299856285
51.25,63.0,-86.03610471528356
52.0,63.0,-86.38663484486874
52.75,63.0,-86.28994082840237
53.5,63.0,-86.40983606557377
54.25,63.0,-86.5014836795252
55.0,63.0,
55.75,63.0,
56.5,63.0,
57.25,63.0,
58.0,63.0,
58.75,63.0,
59.5,63.0,
60.25,63.0,
61.0,63.0,
61.75,63.0,
62.5,63.0,
63.25,63.0,
64.0,63.0,
64.75,63.0,
65.5,63.0,
66.25,63.0,
67.0,63.0,
67.75,63.0,
68.5,63.0,
69.25,63.0,
70.0,63.0,
70.75,63.0,
71.5,63.0,
72.25,63.0,
73.0,63.0,
73.75,63.0,
74.5,63.0,
75.25,63.0,
76.0,63.0,
76.75,63.0,
77.5,63.0,
78.25,63.0,
79.0,63.0,
79.75,63.0,
80.5,63.0,
81.25,63.0,
82.0,63.0,
82.75,63.0,
83.5,63.0,
84.25,63.0,
85.0,63.0,
85.75,63.0,
86.5,63.0,
87.25,63.0,
88.0,63.0,
88.75,63.0,
89.5,63.0,
90.25,63.0,
91.0,63.0,
91.75,63.0,
92.5,63.0,
93.25,63.0,
94.0,63.0,
94.75,63.0,
95.5,63.0,
96.25,63.0,
97.0,63.0,
97.75,63.0,
98.5,63.0,
99.25,63.0,
100.0,63.0,
100.75,63.0,
101.5,63.0,
102.25,63.0,
103.0,63.0,
103.75,63.0,
104.5,63.0,
105.25,63.0,
106.0,63.0,
106.75,63.0,
107.5,63.0,
108.25,63.0,
109.0,63.0,
37.0,63.75,-93.25862068965519
37.75,63.75,-93.56880698943192
38.5,63.75,-94.16953879264614
39.25,63.75,-94.67205399632759
40.0,63.75,-95.30267214799589
40.75,63.75,-95.6523520585665
41.5,63.75,-95.45390789896615
42.25,63.75,-94.833582974502
43.0,63.75,-94.3278194906677
43.75,63.75,-93.25348296908058
44.5,63.75,-92.06403054068328
45.25,63.75,-91.49982961510175
46.0,63.75,-91.83501761492799
46.75,63.75,-92.16228201933741
47.5,63.75,-91.50043879553198
48.25,63.75,-90.01765173523474
49.0,63.75,-88.68818271269414
49.75,63.75,-87.81620795107033
50.5,63.75,-86.76993861447437
51.25,63.75,-86.39376800768328
52.0,63.75,-86.63513123738102
52.75,63.75,-86.97370524814727
53.5,63.75,-86.47598253275109
54.25,63.75,-86.55279503105591
55.0,63.75,
55.75,63.75,
56.5,63.75,
57.25,63.75,
58.0,63.75,
58.75,63.75,
59.5,63.75,
60.25,63.75,
61.0,63.75,
61.75,63.75,
62.5,63.75,
63.25,63.75,
64.0,63.75,
64.75,63.75,
65.5,63.75,
66.25,63.75,
67.0,63.75,
67.75,63.75,
68.5,63.75,
69.25,63.75,
70.0,63.75,
70.75,63.75,
71.5,63.75,
72.25,63.75,
73.0,63.75,
73.75,63.75,
74.5,63.75,
75.25,63.75,
76.0,63.75,
76.75,63.75,
77.5,63.75,
78.25,63.75,
79.0,63.75,
79.75,63.75,
80.5,63.75,
81.25,63.75,
82.0,63.75,
82.75,63.75,
83.5,63.75,
84.25,63.75,
85.0,63.75,
85.75,63.75,
86.5,63.75,
87.25,63.75,
88.0,63.75,
88.75,63.75,
89.5,63.75,
90.25,63.75,
91.0,63.75,
91.75,63.75,
92.5,63.75,
93.25,63.75,
94.0,63.75,
94.75,63.75,
95.5,63.75,
96.25,63.75,
97.0,63.75,
97.75,63.75,
98.5,63.75,
99.25,63.75,
100.0,63.75,
100.75,63.75,
101.5,63.75,
102.25,63.75,
103.0,63.75,
103.75,63.75,
104.5,63.75,
105.25,63.75,
106.0,63.75,
106.75,63.75,
107.5,63.75,
108.25,63.75,
109.0,63.75,
37.0,64.5,-93.04054054054055
37.75,64.5,-93.22758966641585
38.5,64.5,-93.79533941236068
39.25,64.5,-94.28975926237682
40.0,64.5,-94.81092928112216
40.75,64.5,-95.02637999154214
41.5,64.5,-94.86444230065531
42.25,64.5,-94.70988082400935
43.0,64.5,-94.75812215724497
43.75,64.5,-93.50913453387861
44.5,64.5,-91.09732944583821
45.25,64.5,-90.57096360678376
46.0,64.5,-91.9039470921688
46.75,64.5,-93.3213624798599
47.5,64.5,-92.68305936824974
48.25,64.5,-89.76028457806152
49.0,64.5,-88.272579597141
49.75,64.5,-88.19885944082321
50.5,64.5,-87.72126436781608
51.25,64.5,-87.20444318736982
52.0,64.5,-87.17049358163084
52.75,64.5,-87.31849250911272
53.5,64.5,-86.58620689655173
54.25,64.5,-86.63076923076923
55.0,64.5,
55.75,64.5,
56.5,64.5,
57.25,64.5,
58.0,64.5,
58.75,64.5,
59.5,64.5,
60.25,64.5,
61.0,64.5,
61.75,64.5,
62.5,64.5,
63.25,64.5,
64.0,64.5,
64.75,64.5,
65.5,64.5,
66.25,64.5,
67.0,64.5,
67.75,64.5,
68.5,64.5,
69.25,64.5,
70.0,64.5,
70.75,64.5,
71.5,64.5,
72.25,64.5,
73.0,64.5,
73.75,64.5,
74.5,64.5,
75.25,64.5,
76.0,64.5,
76.75,64.5,
77.5,64.5,
78.25,64.5,
79.0,64.5,
79.75,64.5,
80.5,64.5,
81.25,64.5,
82.0,64.5,
82.75,64.5,
83.5,64.5,
84.25,64.5,
85.0,64.5,
85.75,64.5,
86.5,64.5,
87.25,64.5,
88.0,64.5,
88.75,64.5,
89.5,64.5,
90.25,64.5,
91.0,64.5,
91.75,64.5,
92.5,64.5,
93.25,64.5,
94.0,64.5,
94.75,64.5,
95.5,64.5,
96.25,64.5,
97.0,64.5,
97.75,64.5,
98.5,64.5,
99.25,64.5,
100.0,64.5,
100.75,64.5,
101.5,64.5,
102.25,64.5,
103.0,64.5,
103.75,64.5,
104.5,64.5,
105.25,64.5,
106.0,64.5,
106.75,64.5,
107.5,64.5,
108.25,64.5,
109.0,64.5,
37.0,65.25,-93.00887573964498
37.75,65.25,-93.15551013455968
38.5,65.25,-93.63792280810348
39.25,65.25,-94.00256125733583
40.0,65.25,-94.40018932828457
40.75,65.25,-94.56929962166652
41.5,65.25,-94.55451546037473
42.25,65.25,-94.68336565616602
43.0,65.25,-94.92796767003807
43.75,65.25,-93.62047355818972
44.5,65.25,-90.7809283554664
45.25,65.25,-90.27505294143225
46.0,65.25,-91.9184756241681
46.75,65.25,-93.6841082248563
47.5,65.25,-93.06586203396432
48.25,65.25,-89.63945135830203
49.0,65.25,-88.08409571857325
49.75,65.25,-88.29766872767944
50.5,65.25,-88.24060999697132
51.25,65.25,-87.86706948640483
52.0,65.25,-87.71288937690694
52.75,65.25,-87.70980464092452
53.5,65.25,-86.71541501976284
54.25,65.25,-86.72254335260116
55.0,65.25,
55.75,65.25,
56.5,65.25,
57.25,65.25,
58.0,65.25,
58.75,65.25,
59.5,65.25,
60.25,65.25,
61.0,65.25,
61.75,65.25,
62.5,65.25,
63.25,65.25,
64.0,65.25,
64.75,65.25,
65.5,65.25,
66.25,65.25,
67.0,65.25,
67.75,65.25,
68.5,65.25,
69.25,65.25,
70.0,65.25,
70.75,65.25,
71.5,65.25,
72.25,65.25,
73.0,65.25,
73.75,65.25,
74.5,65.25,
75.25,65.25,
76.0,65.25,
76.75,65.25,
77.5,65.25,
78.25,65.25,
79.0,65.25,
79.75,65.25,
80.5,65.25,
81.25,65.25,
82.0,65.25,
82.75,65.25,
83.5,65.25,
84.25,65.25,
85.0,65.25,
85.75,65.25,
86.5,65.25,
87.25,65.25,
88.0,65.25,
88.75,65.25,
89.5,65.25,
90.25,65.25,
91.0,65.25,
91.75,65.25,
92.5,65.25,
93.25,65.25,
94.0,65.25,
94.75,65.25,
95.5,65.25,
96.25,65.25,
97.0,65.25,
97.75,65.25,
98.5,65.25,
99.25,65.25,
100.0,65.25,
100.75,65.25,
101.5,65.25,
102.25,65.25,
103.0,65.25,
103.75,65.25,
104.5,65.25,
105.25,65.25,
106.0,65.25,
106.75,65.25,
107.5,65.25,
108.25,65.25,
109.0,65.25,
37.0,66.0,-93.11538461538461
37.75,66.0,-93.30762642413936
38.5,66.0,-93.69193844416208
39.25,66.0,-93.85393827025732
40.0,66.0,-94.13636363636363
40.75,66.0,-94.27759514993501
41.5,66.0,-94.30677435930565
42.25,66.0,-94.3522229600598
43.0,66.0,-94.2649051490515
43.75,66.0,-93.16651187048619
44.5,66.0,-91.70064287710798
45.25,66.0,-91.30410833075464
46.0,66.0,-91.87383177570096
46.75,66.0,-92.48619309971754
47.5,66.0,-91.96431566197707
48.25,66.0,-90.17698009481538
49.0,66.0,-88.87127371273714
49.75,66.0,-88.66703134530162
50.5,66.0,-88.57448880700845
51.25,66.0,-88.2869985775249
52.0,66.0,-88.12903225806451
52.75,66.0,-88.05789932978382
53.5,66.0,-86.83561643835617
54.25,66.0,-86.81298701298701
55.0,66.0,
55.75,66.0,
56.5,66.0,
57.25,66.0,
58.0,66.0,
58.75,66.0,
59.5,66.0,
60.25,66.0,
61.0,66.0,
61.75,66.0,
62.5,66.0,
63.25,66.0,
64.0,66.0,
64.75,66.0,
65.5,66.0,
66.25,66.0,
67.0,66.0,
67.75,66.0,
68.5,66.0,
69.25,66.0,
70.0,66.0,
70.75,66.0,
71.5,66.0,
72.25,66.0,
73.0,66.0,
73.75,66.0,
74.5,66.0,
75.25,66.0,
76.0,66.0,
76.75,66.0,
77.5,66.0,
78.25,66.0,
79.0,66.0,
79.75,66.0,
80.5,66.0,
81.25,66.0,
82.0,66.0,
82.75,66.0,
83.5,66.0,
84.25,66.0,
85.0,66.0,
85.75,66.0,
86.5,66.0,
87.25,66.0,
88.0,66.0,
88.75,66.0,
89.5,66.0,
90.25,66.0,
91.0,66.0,
91.75,66.0,
92.5,66.0,
93.25,66.0,
94.0,66.0,
94.75,66.0,
95.5,66.0,
96.25,66.0,
97.0,66.0,
97.75,66.0,
98.5,66.0,
99.25,66.0,
100.0,66.0,
100.75,66.0,
101.5,66.0,
102.25,66.0,
103.0,66.0,
103.75,66.0,
104.5,66.0,
105.25,66.0,
106.0,66.0,
106.75,66.0,
107.5,66.0,
108.25,66.0,
109.0,66.0,
37.0,66.75,-93.27735849056604
37.75,66.75,-93.53600838203755
38.5,66.75,-93.83279333167178
39.25,66.75,-94.21722846441949
40.0,66.75,-93.96356282252252
40.75,66.75,-94.05649632175837
41.5,66.75,-94.06018640338932
42.25,66.75,-93.98959456953737
43.0,66.75,-93.77582194417863
43.75,66.75,-92.92540450216615
44.5,66.75,-92.23014964543978
45.25,66.75,-91.92340230083778
46.0,66.75,-91.87403100775192
46.75,66.75,-91.72634590464354
47.5,66.75,-91.31711148221413
48.25,66.75,-90.45227984010944
49.0,66.75,-89.46497953037226
49.75,66.75,-89.08826679519106
50.5,66.75,-88.88316497309049
51.25,66.75,-88.59048280653005
52.0,66.75,-88.43816570621304
52.75,66.75,-87.0
53.5,66.75,-86.93123209169056
54.25,66.75,-86.89140271493213
55.0,66.75,
55.75,66.75,
56.5,66.75,
57.25,66.75,
58.0,66.75,
58.75,66.75,
59.5,66.75,
60.25,66.75,
61.0,66.75,
61.75,66.75,
62.5,66.75,
63.25,66.75,
64.0,66.75,
64.75,66.75,
65.5,66.75,
66.25,66.75,
67.0,66.75,
67.75,66.75,
68.5,66.75,
69.25,66.75,
70.0,66.75,
70.75,66.75,
71.5,66.75,
72.25,66.75,
73.0,66.75,
73.75,66.75,
74.5,66.75,
75.25,66.75,
76.0,66.75,
76.75,66.75,
77.5,66.75,
78.25,66.75,
79.0,66.75,
79.75,66.75,
80.5,66.75,
81.25,66.75,
82.0,66.75,
82.75,66.75,
83.5,66.75,
84.25,66.75,
85.0,66.75,
85.75,66.75,
86.5,66.75,
87.25,66.75,
88.0,66.75,
88.75,66.75,
89.5,66.75,
90.25,66.75,
91.0,66.75,
91.75,66.75,
92.5,66.75,
93.25,66.75,
94.0,66.75,
94.75,66.75,
95.5,66.75,
96.25,66.75,
97.0,66.75,
97.75,66.75,
98.5,66.75,
99.25,66.75,
100.0,66.75,
100.75,66.75,
101.5,66.75,
102.25,66.75,
103.0,66.75,
103.75,66.75,
104.5,66.75,
105.25,66.75,
106.0,66.75,
106.75,66.75,
107.5,66.75,
108.25,66.75,
109.0,66.75,
37.0,67.5,
37.75,67.5,-93.74951702471412
38.5,67.5,-93.97701149425286
39.25,67.5,-94.25826961217952
40.0,67.5,-93.83881385789782
40.75,67.5,-93.8820307420538
41.5,67.5,-93.84995579935175
42.25,67.5,-93.75498165742503
43.0,67.5,-93.5701144618557
43.75,67.5,-92.82253157668215
44.5,67.5,-92.4223407542322
45.25,67.5,-91.9162269918916
46.0,67.5,-91.83888888888889
46.75,67.5,-91.74262435932656
47.5,67.5,-91.0611776950222
48.25,67.5,-90.55647062572933
49.0,67.5,-89.72448936651465
49.75,67.5,-89.37490307202792
50.5,67.5,-89.02849103060149
51.25,67.5,-88.82974587243163
52.0,67.5,-88.67676552165564
52.75,67.5,-87.06876790830945
53.5,67.5,-87.0
54.25,67.5,-86.95357833655704
55.0,67.5,
55.75,67.5,
56.5,67.5,
57.25,67.5,
58.0,67.5,
58.75,67.5,
59.5,67.5,
60.25,67.5,
61.0,67.5,
61.75,67.5,
62.5,67.5,
63.25,67.5,
64.0,67.5,
64.75,67.5,
65.5,67.5,
66.25,67.5,
67.0,67.5,
67.75,67.5,
68.5,67.5,
69.25,67.5,
70.0,67.5,
70.75,67.5,
71.5,67.5,
72.25,67.5,
73.0,67.5,
73.75,67.5,
74.5,67.5,
75.25,67.5,
76.0,67.5,
76.75,67.5,
77.5,67.5,
78.25,67.5,
79.0,67.5,
79.75,67.5,
80.5,67.5,
81.25,67.5,
82.0,67.5,
82.75,67.5,
83.5,67.5,
84.25,67.5,
85.0,67.5,
85.75,67.5,
86.5,67.5,
87.25,67.5,
88.0,67.5,
88.75,67.5,
89.5,67.5,
90.25,67.5,
91.0,67.5,
91.75,67.5,
92.5,67.5,
93.25,67.5,
94.0,67.5,
94.75,67.5,
95.5,67.5,
96.25,67.5,
97.0,67.5,
97.75,67.5,
98.5,67.5,
99.25,67.5,
100.0,67.5,
100.75,67.5,
101.5,67.5,
102.25,67.5,
103.0,67.5,
103.75,67.5,
104.5,67.5,
105.25,67.5,
106.0,67.5,
106.75,67.5,
107.5,67.5,
108.25,67.5,
109.0,67.5,
37.0,68.25,
37.75,68.25,
38.5,68.25,-94.09676967847196
39.25,68.25,-94.30536637202337
40.0,68.25,-93.74326084992464
40.75,68.25,-93.74992457267957
41.5,68.25,-93.6960598313932
42.25,68.25,-93.70354303852164
43.0,68.25,-93.49871037281898
43.75,68.25,-93.26231784984265
44.5,68.25,-92.1459868291748
45.25,68.25,-91.95633251638408
46.0,68.25,-91.81425702811245
46.75,68.25,-91.65924647384603
47.5,68.25,-91.43299789059625
48.25,68.25,-90.14604014969882
49.0,68.25,-89.82205309265609
49.75,68.25,-89.53992235696062
50.5,68.25,-89.21074663216378
51.25,68.25,-89.01535668497739
52.0,68.25,-88.86386278737238
52.75,68.25,-87.10859728506787
53.5,68.25,-87.04642166344294
54.25,68.25,
55.0,68.25,
55.75,68.25,
56.5,68.25,
57.25,68.25,
58.0,68.25,
58.75,68.25,
59.5,68.25,
60.25,68.25,
61.0,68.25,
61.75,68.25,
62.5,68.25,
63.25,68.25,
64.0,68.25,
64.75,68.25,
65.5,68.25,
66.25,68.25,
67.0,68.25,
67.75,68.25,
68.5,68.25,
69.25,68.25,
70.0,68.25,
70.75,68.25,
71.5,68.25,
72.25,68.25,
73.0,68.25,
73.75,68.25,
74.5,68.25,
75.25,68.25,
76.0,68.25,
76.75,68.25,
77.5,68.25,
78.25,68.25,
79.0,68.25,
79.75,68.25,
80.5,68.25,
81.25,68.25,
82.0,68.25,
82.75,68.25,
83.5,68.25,
84.25,68.25,
85.0,68.25,
85.75,68.25,
86.5,68.25,
87.25,68.25,
88.0,68.25,
88.75,68.25,
89.5,68.25,
90.25,68.25,
91.0,68.25,
91.75,68.25,
92.5,68.25,
93.25,68.25,
94.0,68.25,
94.75,68.25,
95.5,68.25,
96.25,68.25,
97.0,68.25,
97.75,68.25,
98.5,68.25,
99.25,68.25,
100.0,68.25,
100.75,68.25,
101.5,68.25,
102.25,68.25,
103.0,68.25,
103.75,68.25,
104.5,68.25,
105.25,68.25,
106.0,68.25,
106.75,68.25,
107.5,68.25,
108.25,68.25,
109.0,68.25,
37.0,69.0,
37.75,69.0,
38.5,69.0,
39.25,69.0,-93.8239608801956
40.0,69.0,-94.0
40.75,69.0,-93.06250791650697
41.5,69.0,-93.03763440860216
42.25,69.0,-92.93613707165109
43.0,69.0,-93.04347826086958
43.75,69.0,-92.91987341565667
44.5,69.0,-92.81347271979799
45.25,69.0,-91.94772019954151
46.0,69.0,-91.79761904761905
46.75,69.0,-91.6391887950429
47.5,69.0,-90.8467727726552
48.25,69.0,-90.69050454300768
49.0,69.0,-90.52173913043478
49.75,69.0,-90.47663551401868
50.5,69.0,-90.35483870967742
51.25,69.0,-90.29251700680273
52.0,69.0,
52.75,69.0,
53.5,69.0,
54.25,69.0,
55.0,69.0,
55.75,69.0,
56.5,69.0,
57.25,69.0,
58.0,69.0,
58.75,69.0,
59.5,69.0,
60.25,69.0,
61.0,69.0,
61.75,69.0,
62.5,69.0,
63.25,69.0,
64.0,69.0,
64.75,69.0,
65.5,69.0,
66.25,69.0,
67.0,69.0,
67.75,69.0,
68.5,69.0,
69.25,69.0,
70.0,69.0,
70.75,69.0,
71.5,69.0,
72.25,69.0,
73.0,69.0,
73.75,69.0,
74.5,69.0,
75.25,69.0,
76.0,69.0,
76.75,69.0,
77.5,69.0,
78.25,69.0,
79.0,69.0,
79.75,69.0,
80.5,69.0,
81.25,69.0,
82.0,69.0,
82.75,69.0,
83.5,69.0,
84.25,69.0,
85.0,69.0,
85.75,69.0,
86.5,69.0,
87.25,69.0,
88.0,69.0,
88.75,69.0,
89.5,69.0,
90.25,69.0,
91.0,69.0,
91.75,69.0,
92.5,69.0,
93.25,69.0,
94.0,69.0,
94.75,69.0,
95.5,69.0,
96.25,69.0,
97.0,69.0,
97.75,69.0,
98.5,69.0,
99.25,69.0,
100.0,69.0,
100.75,69.0,
101.5,69.0,
102.25,69.0,
103.0,69.0,
103.75,69.0,
104.5,69.0,
105.25,69.0,
106.0,69.0,
106.75,69.0,
107.5,69.0,
108.25,69.0,
109.0,69.0,
37.0,69.75,
37.75,69.75,
38.5,69.75,
39.25,69.75,
40.0,69.75,-94.0
40.75,69.75,
41.5,69.75,-92.91928721174004
42.25,69.75,-92.82863849765258
43.0,69.75,-92.70356234096691
43.75,69.75,-92.93317387304508
44.5,69.75,-92.86372879579676
45.25,69.75,-92.82269567277451
46.0,69.75,-91.78628117913831
46.75,69.75,-90.87418614340214
47.5,69.75,-90.79715510482944
48.25,69.75,-90.69041398344066
49.0,69.75,-90.7557251908397
49.75,69.75,-90.6056338028169
50.5,69.75,-90.49685534591195
51.25,69.75,
52.0,69.75,
52.75,69.75,
53.5,69.75,
54.25,69.75,
55.0,69.75,
55.75,69.75,
56.5,69.75,
57.25,69.75,
58.0,69.75,
58.75,69.75,
59.5,69.75,
60.25,69.75,
61.0,69.75,
61.75,69.75,
62.5,69.75,
63.25,69.75,
64.0,69.75,
64.75,69.75,
65.5,69.75,
66.25,69.75,
67.0,69.75,
67.75,69.75,
68.5,69.75,
69.25,69.75,
70.0,69.75,
70.75,69.75,
71.5,69.75,
72.25,69.75,
73.0,69.75,
73.75,69.75,
74.5,69.75,
75.25,69.75,
76.0,69.75,
76.75,69.75,
77.5,69.75,
78.25,69.75,
79.0,69.75,
79.75,69.75,
80.5,69.75,
81.25,69.75,
82.0,69.75,
82.75,69.75,
83.5,69.75,
84.25,69.75,
85.0,69.75,
85.75,69.75,
86.5,69.75,
87.25,69.75,
88.0,69.75,
88.75,69.75,
89.5,69.75,
90.25,69.75,
91.0,69.75,
91.75,69.75,
92.5,69.75,
93.25,69.75,
94.0,69.75,
94.75,69.75,
95.5,69.75,
96.25,69.75,
97.0,69.75,
97.75,69.75,
98.5,69.75,
99.25,69.75,
100.0,69.75,
100.75,69.75,
101.5,69.75,
102.25,69.75,
103.0,69.75,
103.75,69.75,
104.5,69.75,
105.25,69.75,
106.0,69.75,
106.75,69.75,
107.5,69.75,
108.25,69.75,
109.0,69.75,
37.0,70.5,
37.75,70.5,
38.5,70.5,
39.25,70.5,
40.0,70.5,
40.75,70.5,
41.5,70.5,
42.25,70.5,
43.0,70.5,-92.65503875968993
43.75,70.5,-92.53992015968063
44.5,70.5,-92.42063492063492
45.25,70.5,-92.86517527813594
46.0,70.5,-92.0
46.75,70.5,-90.82474585419976
47.5,70.5,-91.0952380952381
48.25,70.5,-90.95209580838322
49.0,70.5,-90.81395348837209
49.75,70.5,
50.5,70.5,
51.25,70.5,
52.0,70.5,
52.75,70.5,
53.5,70.5,
54.25,70.5,
55.0,70.5,
55.75,70.5,
56.5,70.5,
57.25,70.5,
58.0,70.5,
58.75,70.5,
59.5,70.5,
60.25,70.5,
61.0,70.5,
61.75,70.5,
62.5,70.5,
63.25,70.5,
64.0,70.5,
64.75,70.5,
65.5,70.5,
66.25,70.5,
67.0,70.5,
67.75,70.5,
68.5,70.5,
69.25,70.5,
70.0,70.5,
70.75,70.5,
71.5,70.5,
72.25,70.5,
73.0,70.5,
73.75,70.5,
74.5,70.5,
75.25,70.5,
76.0,70.5,
76.75,70.5,
77.5,70.5,
78.25,70.5,
79.0,70.5,
79.75,70.5,
80.5,70.5,
81.25,70.5,
82.0,70.5,
82.75,70.5,
83.5,70.5,
84.25,70.5,
85.0,70.5,
85.75,70.5,
86.5,70.5,
87.25,70.5,
88.0,70.5,
88.75,70.5,
89.5,70.5,
90.25,70.5,
91.0,70.5,
91.75,70.5,
92.5,70.5,
93.25,70.5,
94.0,70.5,
94.75,70.5,
95.5,70.5,
96.25,70.5,
97.0,70.5,
97.75,70.5,
98.5,70.5,
99.25,70.5,
100.0,70.5,
100.75,70.5,
101.5,70.5,
102.25,70.5,
103.0,70.5,
103.75,70.5,
104.5,70.5,
105.25,70.5,
106.0,70.5,
106.75,70.5,
107.5,70.5,
108.25,70.5,
109.0,70.5,
37.0,71.25,
37.75,71.25,
38.5,71.25,
39.25,71.25,
40.0,71.25,
40.75,71.25,
41.5,71.25,
42.25,71.25,
43.0,71.25,
43.75,71.25,
44.5,71.25,
45.25,71.25,
46.0,71.25,
46.75,71.25,
47.5,71.25,
48.25,71.25,
49.0,71.25,
49.75,71.25,
50.5,71.25,
51.25,71.25,
52.0,71.25,
52.75,71.25,
53.5,71.25,
54.25,71.25,
55.0,71.25,
55.75,71.25,
56.5,71.25,
57.25,71.25,
58.0,71.25,
58.75,71.25,
59.5,71.25,
60.25,71.25,
61.0,71.25,
61.75,71.25,-90.22435897435896
62.5,71.25,-90.30100182149363
63.25,71.25,
64.0,71.25,
64.75,71.25,
65.5,71.25,
66.25,71.25,
67.0,71.25,
67.75,71.25,
68.5,71.25,
69.25,71.25,
70.0,71.25,
70.75,71.25,
71.5,71.25,
72.25,71.25,
73.0,71.25,
73.75,71.25,
74.5,71.25,
75.25,71.25,
76.0,71.25,
76.75,71.25,
77.5,71.25,
78.25,71.25,
79.0,71.25,
79.75,71.25,
80.5,71.25,
81.25,71.25,
82.0,71.25,
82.75,71.25,
83.5,71.25,
84.25,71.25,
85.0,71.25,
85.75,71.25,
86.5,71.25,
87.25,71.25,
88.0,71.25,
88.75,71.25,
89.5,71.25,
90.25,71.25,
91.0,71.25,
91.75,71.25,
92.5,71.25,
93.25,71.25,
94.0,71.25,
94.75,71.25,
95.5,71.25,
96.25,71.25,
97.0,71.25,
97.75,71.25,
98.5,71.25,
99.25,71.25,
100.0,71.25,
100.75,71.25,
101.5,71.25,
102.25,71.25,
103.0,71.25,
103.75,71.25,
104.5,71.25,
105.25,71.25,
106.0,71.25,
106.75,71.25,
107.5,71.25,
108.25,71.25,
109.0,71.25,
37.0,72.0,
37.75,72.0,
38.5,72.0,
39.25,72.0,
40.0,72.0,
40.75,72.0,
41.5,72.0,
42.25,72.0,
43.0,72.0,
43.75,72.0,
44.5,72.0,
45.25,72.0,
46.0,72.0,
46.75,72.0,
47.5,72.0,
48.25,72.0,
49.0,72.0,
49.75,72.0,
50.5,72.0,
51.25,72.0,
52.0,72.0,
52.75,72.0,
53.5,72.0,
54.25,72.0,
55.0,72.0,
55.75,72.0,
56.5,72.0,
57.25,72.0,
58.0,72.0,
58.75,72.0,
59.5,72.0,
60.25,72.0,-90.03924731182796
61.0,72.0,-90.12037037037038
61.75,72.0,-90.21642685851319
62.5,72.0,-90.31666666666666
63.25,72.0,-90.40873015873017
64.0,72.0,-90.48333333333333
64.75,72.0,
65.5,72.0,
66.25,72.0,
67.0,72.0,
67.75,72.0,
68.5,72.0,
69.25,72.0,
70.0,72.0,
70.75,72.0,
71.5,72.0,
72.25,72.0,
73.0,72.0,
73.75,72.0,
74.5,72.0,
75.25,72.0,
76.0,72.0,
76.75,72.0,
77.5,72.0,
78.25,72.0,
79.0,72.0,
79.75,72.0,
80.5,72.0,
81.25,72.0,
82.0,72.0,
82.75,72.0,
83.5,72.0,
84.25,72.0,
85.0,72.0,
85.75,72.0,
86.5,72.0,
87.25,72.0,
88.0,72.0,
88.75,72.0,
89.5,72.0,
90.25,72.0,
91.0,72.0,
91.75,72.0,
92.5,72.0,
93.25,72.0,
94.0,72.0,
94.75,72.0,
95.5,72.0,
96.25,72.0,
97.0,72.0,
97.75,72.0,
98.5,72.0,
99.25,72.0,
100.0,72.0,
100.75,72.0,
101.5,72.0,
102.25,72.0,
103.0,72.0,
103.75,72.0,
104.5,72.0,
105.25,72.0,
106.0,72.0,
106.75,72.0,
107.5,72.0,
108.25,72.0,
109.0,72.0,
37.0,72.75,
37.75,72.75,
38.5,72.75,
39.25,72.75,
40.0,72.75,
40.75,72.75,
41.5,72.75,
42.25,72.75,
43.0,72.75,
43.75,72.75,
44.5,72.75,
45.25,72.75,
46.0,72.75,
46.75,72.75,
47.5,72.75,
48.25,72.75,
49.0,72.75,
49.75,72.75,
50.5,72.75,
51.25,72.75,
52.0,72.75,
52.75,72.75,
53.5,72.75,
54.25,72.75,
55.0,72.75,
55.75,72.75,
56.5,72.75,
57.25,72.75,
58.0,72.75,
58.75,72.75,
59.5,72.75,-89.90432098765432
60.25,72.75,-89.97316384180792
61.0,72.75,-90.07554517133957
61.75,72.75,-90.20424836601306
62.5,72.75,-90.3406148867314
63.25,72.75,-90.46212121212122
64.0,72.75,-90.55352303523036
64.75,72.75,-90.61150234741785
65.5,72.75,
66.25,72.75,
67.0,72.75,
67.75,72.75,
68.5,72.75,
69.25,72.75,
70.0,72.75,
70.75,72.75,
71.5,72.75,
72.25,72.75,
73.0,72.75,
73.75,72.75,
74.5,72.75,
75.25,72.75,
76.0,72.75,
76.75,72.75,
77.5,72.75,
78.25,72.75,
79.0,72.75,
79.75,72.75,
80.5,72.75,
81.25,72.75,
82.0,72.75,
82.75,72.75,
83.5,72.75,
84.25,72.75,
85.0,72.75,
85.75,72.75,
86.5,72.75,
87.25,72.75,
88.0,72.75,
88.75,72.75,
89.5,72.75,
90.25,72.75,
91.0,72.75,
91.75,72.75,
92.5,72.75,
93.25,72.75,
94.0,72.75,
94.75,72.75,
95.5,72.75,
96.25,72.75,
97.0,72.75,
97.75,72.75,
98.5,72.75,
99.25,72.75,
100.0,72.75,
100.75,72.75,
101.5,72.75,
102.25,72.75,
103.0,72.75,
103.75,72.75,
104.5,72.75,
105.25,72.75,
106.0,72.75,
106.75,72.75,
107.5,72.75,
108.25,72.75,
109.0,72.75,
37.0,73.5,
37.75,73.5,
38.5,73.5,
39.25,73.5,
40.0,73.5,
40.75,73.5,
41.5,73.5,
42.25,73.5,
43.0,73.5,
43.75,73.5,
44.5,73.5,
45.25,73.5,
46.0,73.5,
46.75,73.5,
47.5,73.5,
48.25,73.5,
49.0,73.5,
49.75,73.5,
50.5,73.5,
51.25,73.5,
52.0,73.5,
52.75,73.5,
53.5,73.5,
54.25,73.5,
55.0,73.5,
55.75,73.5,
56.5,73.5,
57.25,73.5,
58.0,73.5,
58.75,73.5,-87.68597919893782
59.5,73.5,-87.87451856416575
60.25,73.5,-88.0853330892778
61.0,73.5,-88.31530125449083
61.75,73.5,-88.55459750982091
62.5,73.5,-88.77390791027155
63.25,73.5,-90.30953580748144
64.0,73.5,-92.17662606297404
64.75,73.5,-92.47631143597987
65.5,73.5,-92.75698388779412
66.25,73.5,-94.50572082379863
67.0,73.5,-94.71199999999999
67.75,73.5,
68.5,73.5,
69.25,73.5,
70.0,73.5,
70.75,73.5,
71.5,73.5,
72.25,73.5,
73.0,73.5,
73.75,73.5,
74.5,73.5,
75.25,73.5,
76.0,73.5,
76.75,73.5,
77.5,73.5,
78.25,73.5,
79.0,73.5,
79.75,73.5,
80.5,73.5,
81.25,73.5,
82.0,73.5,
82.75,73.5,
83.5,73.5,
84.25,73.5,
85.0,73.5,
85.75,73.5,
86.5,73.5,
87.25,73.5,
88.0,73.5,
88.75,73.5,
89.5,73.5,
90.25,73.5,
91.0,73.5,
91.75,73.5,
92.5,73.5,
93.25,73.5,
94.0,73.5,
94.75,73.5,
95.5,73.5,
96.25,73.5,
97.0,73.5,
97.75,73.5,
98.5,73.5,
99.25,73.5,
100.0,73.5,
100.75,73.5,
101.5,73.5,
102.25,73.5,
103.0,73.5,
103.75,73.5,
104.5,73.5,
105.25,73.5,
106.0,73.5,
106.75,73.5,
107.5,73.5,
108.25,73.5,
109.0,73.5,
37.0,74.25,
37.75,74.25,
38.5,74.25,
39.25,74.25,
40.0,74.25,
40.75,74.25,
41.5,74.25,
42.25,74.25,
43.0,74.25,
43.75,74.25,
44.5,74.25,
45.25,74.25,
46.0,74.25,
46.75,74.25,
47.5,74.25,
48.25,74.25,
49.0,74.25,
49.75,74.25,
50.5,74.25,
51.25,74.25,
52.0,74.25,
52.75,74.25,
53.5,74.25,
54.25,74.25,
55.0,74.25,
55.75,74.25,
56.5,74.25,
57.25,74.25,
58.0,74.25,-87.43999009336535
58.75,74.25,-87.62642220737908
59.5,74.25,-87.84810693137547
60.25,74.25,-88.10023654642224
61.0,74.25,-88.38706144477646
61.75,74.25,-89.63045462716416
62.5,74.25,-90.05926343543965
63.25,74.25,-90.45481807700443
64.0,74.25,-90.78548804586914
64.75,74.25,-92.55994821099948
65.5,74.25,-92.90132089563167
66.25,74.25,-93.19159828566318
67.0,74.25,-94.82044887780548
67.75,74.25,-95.0
68.5,74.25,
69.25,74.25,
70.0,74.25,
70.75,74.25,
71.5,74.25,
72.25,74.25,
73.0,74.25,
73.75,74.25,
74.5,74.25,
75.25,74.25,
76.0,74.25,
76.75,74.25,
77.5,74.25,
78.25,74.25,
79.0,74.25,
79.75,74.25,
80.5,74.25,
81.25,74.25,
82.0,74.25,
82.75,74.25,
83.5,74.25,
84.25,74.25,
85.0,74.25,
85.75,74.25,
86.5,74.25,
87.25,74.25,
88.0,74.25,
88.75,74.25,
89.5,74.25,
90.25,74.25,
91.0,74.25,
91.75,74.25,
92.5,74.25,
93.25,74.25,
94.0,74.25,
94.75,74.25,
95.5,74.25,
96.25,74.25,
97.0,74.25,
97.75,74.25,
98.5,74.25,
99.25,74.25,
100.0,74.25,
100.75,74.25,
101.5,74.25,
102.25,74.25,
103.0,74.25,
103.75,74.25,
104.5,74.25,
105.25,74.25,
106.0,74.25,
106.75,74.25,
107.5,74.25,
108.25,74.25,
109.0,74.25,
37.0,75.0,
37.75,75.0,
38.5,75.0,
39.25,75.0,
40.0,75.0,
40.75,75.0,
41.5,75.0,
42.25,75.0,
43.0,75.0,
43.75,75.0,
44.5,75.0,
45.25,75.0,
46.0,75.0,
46.75,75.0,
47.5,75.0,
48.25,75.0,
49.0,75.0,
49.75,75.0,
50.5,75.0,
51.25,75.0,
52.0,75.0,
52.75,75.0,
53.5,75.0,
54.25,75.0,
55.0,75.0,
55.75,75.0,
56.5,75.0,
57.25,75.0,-85.68506493506494
58.0,75.0,-87.31569726699368
58.75,75.0,-87.52808534731132
59.5,75.0,-87.79225137278829
60.25,75.0,-88.08986259541985
61.0,75.0,-89.06666666666666
61.75,75.0,-89.5745557937327
62.5,75.0,-90.1959227329658
63.25,75.0,-90.69925087839282
64.0,75.0,-91.0517822736031
64.75,75.0,-91.36359070206747
65.5,75.0,-93.12261527767052
66.25,75.0,-93.46698898299609
67.0,75.0,-94.99999999999999
67.75,75.0,-95.17955112219451
68.5,75.0,-95.288
69.25,75.0,
70.0,75.0,
70.75,75.0,
71.5,75.0,
72.25,75.0,
73.0,75.0,
73.75,75.0,
74.5,75.0,
75.25,75.0,
76.0,75.0,
76.75,75.0,
77.5,75.0,
78.25,75.0,
79.0,75.0,
79.75,75.0,
80.5,75.0,
81.25,75.0,
82.0,75.0,
82.75,75.0,
83.5,75.0,
84.25,75.0,
85.0,75.0,
85.75,75.0,
86.5,75.0,
87.25,75.0,
88.0,75.0,
88.75,75.0,
89.5,75.0,
90.25,75.0,
91.0,75.0,
91.75,75.0,
92.5,75.0,
93.25,75.0,
94.0,75.0,
94.75,75.0,
95.5,75.0,
96.25,75.0,
97.0,75.0,
97.75,75.0,
98.5,75.0,
99.25,75.0,
100.0,75.0,
100.75,75.0,
101.5,75.0,
102.25,75.0,
103.0,75.0,
103.75,75.0,
104.5,75.0,
105.25,75.0,
106.0,75.0,
106.75,75.0,
107.5,75.0,
108.25,75.0,
109.0,75.0,
37.0,75.75,
37.75,75.75,
38.5,75.75,
39.25,75.75,
40.0,75.75,
40.75,75.75,
41.5,75.75,
42.25,75.75,
43.0,75.75,
43.75,75.75,
44.5,75.75,
45.25,75.75,
46.0,75.75,
46.75,75.75,
47.5,75.75,
48.25,75.75,
49.0,75.75,
49.75,75.75,
50.5,75.75,
51.25,75.75,
52.0,75.75,
52.75,75.75,
53.5,75.75,
54.25,75.75,
55.0,75.75,
55.75,75.75,
56.5,75.75,-85.39133016627078
57.25,75.75,-86.97564993542379
58.0,75.75,-87.12831381160596
58.75,75.75,-87.36552312631976
59.5,75.75,-87.6956909006747
60.25,75.75,-88.41664503581978
61.0,75.75,-88.71695401390403
61.75,75.75,-89.35940768092703
62.5,75.75,-90.36208548648666
63.25,75.75,-90.94562489596787
64.0,75.75,-91.13722721752784
64.75,75.75,-91.36195492649426
65.5,75.75,-91.61869639918577
66.25,75.75,-93.88010657193605
67.0,75.75,-95.28015564202335
67.75,75.75,-95.42603550295857
68.5,75.75,-95.49427917620137
69.25,75.75,
70.0,75.75,
70.75,75.75,
71.5,75.75,
72.25,75.75,
73.0,75.75,
73.75,75.75,
74.5,75.75,
75.25,75.75,
76.0,75.75,
76.75,75.75,
77.5,75.75,
78.25,75.75,
79.0,75.75,
79.75,75.75,
80.5,75.75,
81.25,75.75,
82.0,75.75,
82.75,75.75,
83.5,75.75,
84.25,75.75,
85.0,75.75,
85.75,75.75,
86.5,75.75,
87.25,75.75,
88.0,75.75,
88.75,75.75,
89.5,75.75,
90.25,75.75,
91.0,75.75,
91.75,75.75,
92.5,75.75,
93.25,75.75,
94.0,75.75,
94.75,75.75,
95.5,75.75,
96.25,75.75,
97.0,75.75,
97.75,75.75,
98.5,75.75,
99.25,75.75,
100.0,75.75,
100.75,75.75,
101.5,75.75,
102.25,75.75,
103.0,75.75,
103.75,75.75,
104.5,75.75,
105.25,75.75,
106.0,75.75,
106.75,75.75,
107.5,75.75,
108.25,75.75,
109.0,75.75,
37.0,76.5,
37.75,76.5,
38.5,76.5,
39.25,76.5,
40.0,76.5,
40.75,76.5,
41.5,76.5,
42.25,76.5,
43.0,76.5,
43.75,76.5,
44.5,76.5,
45.25,76.5,
46.0,76.5,
46.75,76.5,
47.5,76.5,
48.25,76.5,
49.0,76.5,
49.75,76.5,
50.5,76.5,
51.25,76.5,
52.0,76.5,
52.75,76.5,
53.5,76.5,
54.25,76.5,
55.0,76.5,
55.75,76.5,-85.11511156186612
56.5,76.5,-85.22872340425533
57.25,76.5,-86.7284890467316
58.0,76.5,-86.84405594405594
58.75,76.5,-87.07548514299798
59.5,76.5,-87.44354838709678
60.25,76.5,-88.24933103888382
61.0,76.5,-88.49286428630333
61.75,76.5,-89.14065549283309
62.5,76.5,-91.06197684000522
63.25,76.5,-91.65384314494031
64.0,76.5,-91.54177947081384
64.75,76.5,-91.88508745333145
65.5,76.5,-92.30027864284544
66.25,76.5,-92.43437346484932
67.0,76.5,-95.67924528301887
67.75,76.5,-95.73720136518772
68.5,76.5,-95.73469387755101
69.25,76.5,
70.0,76.5,
70.75,76.5,
71.5,76.5,
72.25,76.5,
73.0,76.5,
73.75,76.5,
74.5,76.5,
75.25,76.5,
76.0,76.5,
76.75,76.5,
77.5,76.5,
78.25,76.5,
79.0,76.5,
79.75,76.5,
80.5,76.5,
81.25,76.5,
82.0,76.5,
82.75,76.5,
83.5,76.5,
84.25,76.5,
85.0,76.5,
85.75,76.5,
86.5,76.5,
87.25,76.5,
88.0,76.5,
88.75,76.5,
89.5,76.5,
90.25,76.5,
91.0,76.5,
91.75,76.5,
92.5,76.5,
93.25,76.5,
94.0,76.5,
94.75,76.5,
95.5,76.5,
96.25,76.5,
97.0,76.5,
97.75,76.5,
98.5,76.5,
99.25,76.5,
100.0,76.5,
100.75,76.5,
101.5,76.5,
102.25,76.5,
103.0,76.5,
103.75,76.5,
104.5,76.5,
105.25,76.5,
106.0,76.5,
106.75,76.5,
107.5,76.5,
108.25,76.5,
109.0,76.5,
37.0,77.25,
37.75,77.25,
38.5,77.25,
39.25,77.25,
40.0,77.25,
40.75,77.25,
41.5,77.25,
42.25,77.25,
43.0,77.25,
43.75,77.25,
44.5,77.25,
45.25,77.25,
46.0,77.25,
46.75,77.25,
47.5,77.25,
48.25,77.25,
49.0,77.25,
49.75,77.25,
50.5,77.25,
51.25,77.25,
52.0,77.25,
52.75,77.25,
53.5,77.25,
54.25,77.25,
55.0,77.25,
55.75,77.25,-84.9431330472103
56.5,77.25,-85.00787965616047
57.25,77.25,-86.41506282805791
58.0,77.25,-86.4321563327483
58.75,77.25,-86.54145640077905
59.5,77.25,-87.30722085414308
60.25,77.25,-87.86351491271144
61.0,77.25,-88.4280713030611
61.75,77.25,-88.76787739236244
62.5,77.25,-91.16356358098804
63.25,77.25,-91.82617494835976
64.0,77.25,-91.8439483748006
64.75,77.25,-92.85635786897119
65.5,77.25,-93.48986892846416
66.25,77.25,-93.40084164437559
67.0,77.25,-94.81133128191256
67.75,77.25,-96.0827067669173
68.5,77.25,-95.986301369863
69.25,77.25,
70.0,77.25,
70.75,77.25,
71.5,77.25,
72.25,77.25,
73.0,77.25,
73.75,77.25,
74.5,77.25,
75.25,77.25,
76.0,77.25,
76.75,77.25,
77.5,77.25,
78.25,77.25,
79.0,77.25,
79.75,77.25,
80.5,77.25,
81.25,77.25,
82.0,77.25,
82.75,77.25,
83.5,77.25,
84.25,77.25,
85.0,77.25,
85.75,77.25,
86.5,77.25,
87.25,77.25,
88.0,77.25,
88.75,77.25,
89.5,77.25,
90.25,77.25,
91.0,77.25,
91.75,77.25,
92.5,77.25,
93.25,77.25,
94.0,77.25,
94.75,77.25,
95.5,77.25,
96.25,77.25,
97.0,77.25,
97.75,77.25,
98.5,77.25,
99.25,77.25,
100.0,77.25,
100.75,77.25,
101.5,77.25,
102.25,77.25,
103.0,77.25,
103.75,77.25,
104.5,77.25,
105.25,77.25,
106.0,77.25,
106.75,77.25,
107.5,77.25,
108.25,77.25,
109.0,77.25,
37.0,78.0,
37.75,78.0,
38.5,78.0,
39.25,78.0,
40.0,78.0,
40.75,78.0,
41.5,78.0,
42.25,78.0,
43.0,78.0,
43.75,78.0,
44.5,78.0,
45.25,78.0,
46.0,78.0,
46.75,78.0,
47.5,78.0,
48.25,78.0,
49.0,78.0,
49.75,78.0,
50.5,78.0,
51.25,78.0,
52.0,78.0,
52.75,78.0,
53.5,78.0,
54.25,78.0,
55.0,78.0,
55.75,78.0,-84.75
56.5,78.0,-84.75
57.25,78.0,-86.06273478587528
58.0,78.0,-85.98310810810811
58.75,78.0,-85.81125713400613
59.5,78.0,-86.11836217633679
60.25,78.0,-85.85519214851833
61.0,78.0,-85.83103589014404
61.75,78.0,-87.056641262971
62.5,78.0,-89.47919875524683
63.25,78.0,-91.05151262464055
64.0,78.0,-92.70402298850573
64.75,78.0,-94.90202769214409
65.5,78.0,-95.28339022869295
66.25,78.0,-94.41293850533174
67.0,78.0,-95.27952755905513
67.75,78.0,-94.75767385667328
68.5,78.0,-96.21348314606742
69.25,78.0,
70.0,78.0,
70.75,78.0,
71.5,78.0,
72.25,78.0,
73.0,78.0,
73.75,78.0,
74.5,78.0,
75.25,78.0,
76.0,78.0,
76.75,78.0,
77.5,78.0,
78.25,78.0,
79.0,78.0,
79.75,78.0,
80.5,78.0,
81.25,78.0,
82.0,78.0,
82.75,78.0,
83.5,78.0,
84.25,78.0,
85.0,78.0,
85.75,78.0,
86.5,78.0,
87.25,78.0,
88.0,78.0,
88.75,78.0,
89.5,78.0,
90.25,78.0,
91.0,78.0,
91.75,78.0,
92.5,78.0,
93.25,78.0,
94.0,78.0,
94.75,78.0,
95.5,78.0,
96.25,78.0,
97.0,78.0,
97.75,78.0,
98.5,78.0,
99.25,78.0,
100.0,78.0,
100.75,78.0,
101.5,78.0,
102.25,78.0,
103.0,78.0,
103.75,78.0,
104.5,78.0,
105.25,78.0,
106.0,78.0,
106.75,78.0,
107.5,78.0,
108.25,78.0,
109.0,78.0,
37.0,78.75,
37.75,78.75,
38.5,78.75,
39.25,78.75,
40.0,78.75,
40.75,78.75,
41.5,78.75,
42.25,78.75,
43.0,78.75,
43.75,78.75,
44.5,78.75,
45.25,78.75,
46.0,78.75,
46.75,78.75,
47.5,78.75,
48.25,78.75,
49.0,78.75,
49.75,78.75,
50.5,78.75,
51.25,78.75,
52.0,78.75,
52.75,78.75,
53.5,78.75,
54.25,78.75,
55.0,78.75,
55.75,78.75,-84.5568669527897
56.5,78.75,-84.49212034383955
57.25,78.75,-84.39
58.0,78.75,-85.5650128638058
58.75,78.75,-85.11377099236641
59.5,78.75,-85.10273804761485
60.25,78.75,-83.18626535520966
61.0,78.75,-81.36571618688399
61.75,78.75,-84.08262853941129
62.5,78.75,-87.78317335698732
63.25,78.75,-90.49975160174051
64.0,78.75,-93.97574251485366
64.75,78.75,-97.46728588312813
65.5,78.75,-97.08933163386536
66.25,78.75,-95.24018341603703
67.0,78.75,-95.12095820893076
67.75,78.75,-94.84822067301623
68.5,78.75,-94.37580853066281
69.25,78.75,
70.0,78.75,
70.75,78.75,
71.5,78.75,
72.25,78.75,
73.0,78.75,
73.75,78.75,
74.5,78.75,
75.25,78.75,
76.0,78.75,
76.75,78.75,
77.5,78.75,
78.25,78.75,
79.0,78.75,
79.75,78.75,
80.5,78.75,
81.25,78.75,
82.0,78.75,
82.75,78.75,
83.5,78.75,
84.25,78.75,
85.0,78.75,
85.75,78.75,
86.5,78.75,
87.25,78.75,
88.0,78.75,
88.75,78.75,
89.5,78.75,
90.25,78.75,
91.0,78.75,
91.75,78.75,
92.5,78.75,
93.25,78.75,
94.0,78.75,
94.75,78.75,
95.5,78.75,
96.25,78.75,
97.0,78.75,
97.75,78.75,
98.5,78.75,
99.25,78.75,
100.0,78.75,
100.75,78.75,
101.5,78.75,
102.25,78.75,
103.0,78.75,
103.75,78.75,
104.5,78.75,
105.25,78.75,
106.0,78.75,
106.75,78.75,
107.5,78.75,
108.25,78.75,
109.0,78.75,
37.0,79.5,
37.75,79.5,
38.5,79.5,
39.25,79.5,
40.0,79.5,
40.75,79.5,
41.5,79.5,
42.25,79.5,
43.0,79.5,
43.75,79.5,
44.5,79.5,
45.25,79.5,
46.0,79.5,
46.75,79.5,
47.5,79.5,
48.25,79.5,
49.0,79.5,
49.75,79.5,
50.5,79.5,
51.25,79.5,
52.0,79.5,
52.75,79.5,
53.5,79.5,
54.25,79.5,
55.0,79.5,
55.75,79.5,-84.38488843813387
56.5,79.5,-84.27127659574468
57.25,79.5,-84.5611780040523
58.0,79.5,-85.31406019572948
58.75,79.5,-85.24915525994776
59.5,79.5,-84.92203319740571
60.25,79.5,-83.23700729992801
61.0,79.5,-82.05358323416635
61.75,79.5,-84.21387616904948
62.5,79.5,-87.24362174154187
63.25,79.5,-89.54605881323229
64.0,79.5,-93.05419568278057
64.75,79.5,-96.65374174263474
65.5,79.5,-96.53473617649247
66.25,79.5,-94.90039225159546
67.0,79.5,-94.85423840555384
67.75,79.5,-94.17166213929265
68.5,79.5,-94.80555555555556
69.25,79.5,
70.0,79.5,
70.75,79.5,
71.5,79.5,
72.25,79.5,
73.0,79.5,
73.75,79.5,
74.5,79.5,
75.25,79.5,
76.0,79.5,
76.75,79.5,
77.5,79.5,
78.25,79.5,
79.0,79.5,
79.75,79.5,
80.5,79.5,
81.25,79.5,
82.0,79.5,
82.75,79.5,
83.5,79.5,
84.25,79.5,
85.0,79.5,
85.75,79.5,
86.5,79.5,
87.25,79.5,
88.0,79.5,
88.75,79.5,
89.5,79.5,
90.25,79.5,
91.0,79.5,
91.75,79.5,
92.5,79.5,
93.25,79.5,
94.0,79.5,
94.75,79.5,
95.5,79.5,
96.25,79.5,
97.0,79.5,
97.75,79.5,
98.5,79.5,
99.25,79.5,
100.0,79.5,
100.75,79.5,
101.5,79.5,
102.25,79.5,
103.0,79.5,
103.75,79.5,
104.5,79.5,
105.25,79.5,
106.0,79.5,
106.75,79.5,
107.5,79.5,
108.25,79.5,
109.0,79.5,
37.0,80.25,
37.75,80.25,
38.5,80.25,
39.25,80.25,
40.0,80.25,
40.75,80.25,
41.5,80.25,
42.25,80.25,
43.0,80.25,
43.75,80.25,
44.5,80.25,
45.25,80.25,
46.0,80.25,
46.75,80.25,
47.5,80.25,
48.25,80.25,
49.0,80.25,
49.75,80.25,
50.5,80.25,
51.25,80.25,
52.0,80.25,
52.75,80.25,
53.5,80.25,
54.25,80.25,
55.0,80.25,
55.75,80.25,
56.5,80.25,-84.10866983372922
57.25,80.25,-84.48448891166187
58.0,80.25,-85.92161996232419
58.75,80.25,-85.4668475354826
59.5,80.25,-85.6141112537975
60.25,80.25,-84.88842209839382
61.0,80.25,-84.82563887160502
61.75,80.25,-86.06491935161006
62.5,80.25,-87.12833193552694
63.25,80.25,-87.75266085951169
64.0,80.25,-90.13381316251846
64.75,80.25,-93.02096490499426
65.5,80.25,-93.95503289992746
66.25,80.25,-93.76535630511013
67.0,80.25,-94.13251218155871
67.75,80.25,-93.710807268765
68.5,80.25,-94.44047619047619
69.25,80.25,
70.0,80.25,
70.75,80.25,
71.5,80.25,
72.25,80.25,
73.0,80.25,
73.75,80.25,
74.5,80.25,
75.25,80.25,
76.0,80.25,
76.75,80.25,
77.5,80.25,
78.25,80.25,
79.0,80.25,
79.75,80.25,
80.5,80.25,
81.25,80.25,
82.0,80.25,
82.75,80.25,
83.5,80.25,
84.25,80.25,
85.0,80.25,
85.75,80.25,
86.5,80.25,
87.25,80.25,
88.0,80.25,
88.75,80.25,
89.5,80.25,
90.25,80.25,
91.0,80.25,
91.75,80.25,
92.5,80.25,
93.25,80.25,
94.0,80.25,
94.75,80.25,
95.5,80.25,
96.25,80.25,
97.0,80.25,
97.75,80.25,
98.5,80.25,
99.25,80.25,
100.0,80.25,
100.75,80.25,
101.5,80.25,
102.25,80.25,
103.0,80.25,
103.75,80.25,
104.5,80.25,
105.25,80.25,
106.0,80.25,
106.75,80.25,
107.5,80.25,
108.25,80.25,
109.0,80.25,
37.0,81.0,
37.75,81.0,
38.5,81.0,
39.25,81.0,
40.0,81.0,
40.75,81.0,
41.5,81.0,
42.25,81.0,
43.0,81.0,
43.75,81.0,
44.5,81.0,
45.25,81.0,
46.0,81.0,
46.75,81.0,
47.5,81.0,
48.25,81.0,
49.0,81.0,
49.75,81.0,
50.5,81.0,
51.25,81.0,
52.0,81.0,
52.75,81.0,
53.5,81.0,
54.25,81.0,
55.0,81.0,
55.75,81.0,
56.5,81.0,
57.25,81.0,-84.49811563882498
58.0,81.0,-85.42821507760532
58.75,81.0,-85.91233762915265
59.5,81.0,-86.51467143653414
60.25,81.0,-86.37479117990661
61.0,81.0,-86.62698412698411
61.75,81.0,-87.10186080039192
62.5,81.0,-86.85389709488831
63.25,81.0,-86.64712373167497
64.0,81.0,-88.45491614978175
64.75,81.0,-90.53067735584597
65.5,81.0,-91.88224393338368
66.25,81.0,-92.2580254288444
67.0,81.0,-93.23255813953489
67.75,81.0,-93.29815784630314
68.5,81.0,-93.16013434491859
69.25,81.0,
70.0,81.0,
70.75,81.0,
71.5,81.0,
72.25,81.0,
73.0,81.0,
73.75,81.0,
74.5,81.0,
75.25,81.0,
76.0,81.0,
76.75,81.0,
77.5,81.0,
78.25,81.0,
79.0,81.0,
79.75,81.0,
80.5,81.0,
81.25,81.0,
82.0,81.0,
82.75,81.0,
83.5,81.0,
84.25,81.0,
85.0,81.0,
85.75,81.0,
86.5,81.0,
87.25,81.0,
88.0,81.0,
88.75,81.0,
89.5,81.0,
90.25,81.0,
91.0,81.0,
91.75,81.0,
92.5,81.0,
93.25,81.0,
94.0,81.0,
94.75,81.0,
95.5,81.0,
96.25,81.0,
97.0,81.0,
97.75,81.0,
98.5,81.0,
99.25,81.0,
100.0,81.0,
100.75,81.0,
101.5,81.0,
102.25,81.0,
103.0,81.0,
103.75,81.0,
104.5,81.0,
105.25,81.0,
106.0,81.0,
106.75,81.0,
107.5,81.0,
108.25,81.0,
109.0,81.0,
37.0,81.75,
37.75,81.75,
38.5,81.75,
39.25,81.75,
40.0,81.75,
40.75,81.75,
41.5,81.75,
42.25,81.75,
43.0,81.75,
43.75,81.75,
44.5,81.75,
45.25,81.75,
46.0,81.75,
46.75,81.75,
47.5,81.75,
48.25,81.75,
49.0,81.75,
49.75,81.75,
50.5,81.75,
51.25,81.75,
52.0,81.75,
52.75,81.75,
53.5,81.75,
54.25,81.75,
55.0,81.75,
55.75,81.75,
56.5,81.75,
57.25,81.75,-85.17626101520379
58.0,81.75,-85.80034516467967
58.75,81.75,-85.77552358973601
59.5,81.75,-86.39942594161363
60.25,81.75,-87.38581012836173
61.0,81.75,-87.68304035870416
61.75,81.75,-87.97316459580611
62.5,81.75,-87.87224329805088
63.25,81.75,-87.88663019631883
64.0,81.75,-89.02402769183222
64.75,81.75,-90.24094100442906
65.5,81.75,-91.26353540859763
66.25,81.75,-91.91096531980867
67.0,81.75,-93.3725472673841
67.75,81.75,-93.6508776000166
68.5,81.75,-92.67495352383432
69.25,81.75,
70.0,81.75,
70.75,81.75,
71.5,81.75,
72.25,81.75,
73.0,81.75,
73.75,81.75,
74.5,81.75,
75.25,81.75,
76.0,81.75,
76.75,81.75,
77.5,81.75,
78.25,81.75,
79.0,81.75,
79.75,81.75,
80.5,81.75,
81.25,81.75,
82.0,81.75,
82.75,81.75,
83.5,81.75,
84.25,81.75,
85.0,81.75,
85.75,81.75,
86.5,81.75,
87.25,81.75,
88.0,81.75,
88.75,81.75,
89.5,81.75,
90.25,81.75,
91.0,81.75,
91.75,81.75,
92.5,81.75,
93.25,81.75,
94.0,81.75,
94.75,81.75,
95.5,81.75,
96.25,81.75,
97.0,81.75,
97.75,81.75,
98.5,81.75,
99.25,81.75,
100.0,81.75,
100.75,81.75,
101.5,81.75,
102.25,81.75,
103.0,81.75,
103.75,81.75,
104.5,81.75,
105.25,81.75,
106.0,81.75,
106.75,81.75,
107.5,81.75,
108.25,81.75,
109.0,81.75,
37.0,82.5,
37.75,82.5,
38.5,82.5,
39.25,82.5,
40.0,82.5,
40.75,82.5,
41.5,82.5,
42.25,82.5,
43.0,82.5,
43.75,82.5,
44.5,82.5,
45.25,82.5,
46.0,82.5,
46.75,82.5,
47.5,82.5,
48.25,82.5,
49.0,82.5,
49.75,82.5,
50.5,82.5,
51.25,82.5,
52.0,82.5,
52.75,82.5,
53.5,82.5,
54.25,82.5,
55.0,82.5,
55.75,82.5,
56.5,82.5,
57.25,82.5,-85.57671636082121
58.0,82.5,-85.68605980803216
58.75,82.5,-86.27557580138424
59.5,82.5,-86.50895904436861
60.25,82.5,-87.79485417448747
61.0,82.5,-88.4596510520155
61.75,82.5,-89.25009207651077
62.5,82.5,-89.92941668607308
63.25,82.5,-90.1412330459231
64.0,82.5,-89.99301182293556
64.75,82.5,-90.43993625903103
65.5,82.5,-91.08402122037648
66.25,82.5,-92.64862823459808
67.0,82.5,-93.20585435506901
67.75,82.5,-93.56601210027263
68.5,82.5,-93.78976234003655
69.25,82.5,
70.0,82.5,
70.75,82.5,
71.5,82.5,
72.25,82.5,
73.0,82.5,
73.75,82.5,
74.5,82.5,
75.25,82.5,
76.0,82.5,
76.75,82.5,
77.5,82.5,
78.25,82.5,
79.0,82.5,
79.75,82.5,
80.5,82.5,
81.25,82.5,
82.0,82.5,
82.75,82.5,
83.5,82.5,
84.25,82.5,
85.0,82.5,
85.75,82.5,
86.5,82.5,
87.25,82.5,
88.0,82.5,
88.75,82.5,
89.5,82.5,
90.25,82.5,
91.0,82.5,
91.75,82.5,
92.5,82.5,
93.25,82.5,
94.0,82.5,
94.75,82.5,
95.5,82.5,
96.25,82.5,
97.0,82.5,
97.75,82.5,
98.5,82.5,
99.25,82.5,
100.0,82.5,
100.75,82.5,
101.5,82.5,
102.25,82.5,
103.0,82.5,
103.75,82.5,
104.5,82.5,
105.25,82.5,
106.0,82.5,
106.75,82.5,
107.5,82.5,
108.25,82.5,
109.0,82.5,
37.0,83.25,
37.75,83.25,
38.5,83.25,
39.25,83.25,
40.0,83.25,
40.75,83.25,
41.5,83.25,
42.25,83.25,
43.0,83.25,
43.75,83.25,
44.5,83.25,
45.25,83.25,
46.0,83.25,
46.75,83.25,
47.5,83.25,
48.25,83.25,
49.0,83.25,
49.75,83.25,
50.5,83.25,
51.25,83.25,
52.0,83.25,
52.75,83.25,
53.5,83.25,
54.25,83.25,
55.0,83.25,
55.75,83.25,
56.5,83.25,
57.25,83.25,-85.67720306513411
58.0,83.25,-86.10376017550848
58.75,83.25,-86.37894736842105
59.5,83.25,-86.78746422904912
60.25,83.25,-87.36836199214495
61.0,83.25,-89.52124567359334
61.75,83.25,-89.93426163795799
62.5,83.25,-90.3600587489264
63.25,83.25,-90.45926237675914
64.0,83.25,-90.45794117762102
64.75,83.25,-90.87911572612812
65.5,83.25,-92.40968293478335
66.25,83.25,-93.10598169500886
67.0,83.25,-93.58142032369759
67.75,83.25,-93.87713706732022
68.5,83.25,-94.05160280626012
69.25,83.25,
70.0,83.25,
70.75,83.25,
71.5,83.25,
72.25,83.25,
73.0,83.25,
73.75,83.25,
74.5,83.25,
75.25,83.25,
76.0,83.25,
76.75,83.25,
77.5,83.25,
78.25,83.25,
79.0,83.25,
79.75,83.25,
80.5,83.25,
81.25,83.25,
82.0,83.25,
82.75,83.25,
83.5,83.25,
84.25,83.25,
85.0,83.25,
85.75,83.25,
86.5,83.25,
87.25,83.25,
88.0,83.25,
88.75,83.25,
89.5,83.25,
90.25,83.25,
91.0,83.25,
91.75,83.25,
92.5,83.25,
93.25,83.25,
94.0,83.25,
94.75,83.25,
95.5,83.25,
96.25,83.25,
97.0,83.25,
97.75,83.25,
98.5,83.25,
99.25,83.25,
100.0,83.25,
100.75,83.25,
101.5,83.25,
102.25,83.25,
103.0,83.25,
103.75,83.25,
104.5,83.25,
105.25,83.25,
106.0,83.25,
106.75,83.25,
107.5,83.25,
108.25,83.25,
109.0,83.25,
37.0,84.0,
37.75,84.0,
38.5,84.0,
39.25,84.0,
40.0,84.0,
40.75,84.0,
41.5,84.0,
42.25,84.0,
43.0,84.0,
43.75,84.0,
44.5,84.0,
45.25,84.0,
46.0,84.0,
46.75,84.0,
47.5,84.0,
48.25,84.0,
49.0,84.0,
49.75,84.0,
50.5,84.0,
51.25,84.0,
52.0,84.0,
52.75,84.0,
53.5,84.0,
54.25,84.0,
55.0,84.0,
55.75,84.0,
56.5,84.0,
57.25,84.0,
58.0,84.0,-86.41860465116277
58.75,84.0,-86.71914800130585
59.5,84.0,-87.12835729267918
60.25,84.0,-89.11337051363753
61.0,84.0,-89.52586206896552
61.75,84.0,-90.32605761181277
62.5,84.0,-90.5156572240608
63.25,84.0,-90.67828663579907
64.0,84.0,-91.2233257661748
64.75,84.0,-92.52634555922776
65.5,84.0,-93.33681998321094
66.25,84.0,-93.86225885620155
67.0,84.0,-94.14652183672959
67.75,84.0,-94.28445296972839
68.5,84.0,-95.223631209906
69.25,84.0,-96.86816192560175
70.0,84.0,-96.75
70.75,84.0,
71.5,84.0,
72.25,84.0,
73.0,84.0,
73.75,84.0,
74.5,84.0,
75.25,84.0,
76.0,84.0,
76.75,84.0,
77.5,84.0,
78.25,84.0,
79.0,84.0,
79.75,84.0,
80.5,84.0,
81.25,84.0,
82.0,84.0,
82.75,84.0,
83.5,84.0,
84.25,84.0,
85.0,84.0,
85.75,84.0,
86.5,84.0,
87.25,84.0,
88.0,84.0,
88.75,84.0,
89.5,84.0,
90.25,84.0,
91.0,84.0,
91.75,84.0,
92.5,84.0,
93.25,84.0,
94.0,84.0,
94.75,84.0,
95.5,84.0,
96.25,84.0,
97.0,84.0,
97.75,84.0,
98.5,84.0,
99.25,84.0,
100.0,84.0,
100.75,84.0,
101.5,84.0,
102.25,84.0,
103.0,84.0,
103.75,84.0,
104.5,84.0,
105.25,84.0,
106.0,84.0,
106.75,84.0,
107.5,84.0,
108.25,84.0,
109.0,84.0,
37.0,84.75,
37.75,84.75,
38.5,84.75,
39.25,84.75,
40.0,84.75,
40.75,84.75,
41.5,84.75,
42.25,84.75,
43.0,84.75,
43.75,84.75,
44.5,84.75,
45.25,84.75,
46.0,84.75,
46.75,84.75,
47.5,84.75,
48.25,84.75,
49.0,84.75,
49.75,84.75,
50.5,84.75,
51.25,84.75,
52.0,84.75,
52.75,84.75,
53.5,84.75,
54.25,84.75,
55.0,84.75,
55.75,84.75,
56.5,84.75,
57.25,84.75,
58.0,84.75,
58.75,84.75,-88.91314553990611
59.5,84.75,-89.37252394520924
60.25,84.75,-89.72536491121174
61.0,84.75,-90.11691003369516
61.75,84.75,-90.51463305591858
62.5,84.75,-90.91533315500632
63.25,84.75,-92.12840130764494
64.0,84.75,-93.26661758313124
64.75,84.75,-94.22153888917093
65.5,84.75,-94.80358098946951
66.25,84.75,-94.96580807981672
67.0,84.75,-94.5819444545081
67.75,84.75,-95.66527398603299
68.5,84.75,-95.5207390767868
69.25,84.75,-96.75
70.0,84.75,-96.63183807439825
70.75,84.75,
71.5,84.75,
72.25,84.75,
73.0,84.75,
73.75,84.75,
74.5,84.75,
75.25,84.75,
76.0,84.75,
76.75,84.75,
77.5,84.75,
78.25,84.75,
79.0,84.75,
79.75,84.75,
80.5,84.75,
81.25,84.75,
82.0,84.75,
82.75,84.75,
83.5,84.75,
84.25,84.75,
85.0,84.75,
85.75,84.75,
86.5,84.75,
87.25,84.75,
88.0,84.75,
88.75,84.75,
89.5,84.75,
90.25,84.75,
91.0,84.75,
91.75,84.75,
92.5,84.75,
93.25,84.75,
94.0,84.75,
94.75,84.75,
95.5,84.75,
96.25,84.75,
97.0,84.75,
97.75,84.75,
98.5,84.75,
99.25,84.75,
100.0,84.75,
100.75,84.75,
101.5,84.75,
102.25,84.75,
103.0,84.75,
103.75,84.75,
104.5,84.75,
105.25,84.75,
106.0,84.75,
106.75,84.75,
107.5,84.75,
108.25,84.75,
109.0,84.75,
37.0,85.5,
37.75,85.5,
38.5,85.5,
39.25,85.5,
40.0,85.5,
40.75,85.5,
41.5,85.5,
42.25,85.5,
43.0,85.5,
43.75,85.5,
44.5,85.5,
45.25,85.5,
46.0,85.5,
46.75,85.5,
47.5,85.5,
48.25,85.5,
49.0,85.5,
49.75,85.5,
50.5,85.5,
51.25,85.5,
52.0,85.5,
52.75,85.5,
53.5,85.5,
54.25,85.5,
55.0,85.5,
55.75,85.5,
56.5,85.5,
57.25,85.5,
58.0,85.5,
58.75,85.5,
59.5,85.5,-91.6978417266187
60.25,85.5,-91.83697728720016
61.0,85.5,-92.05380399971531
61.75,85.5,-92.40569622500799
62.5,85.5,-93.14342303822936
63.25,85.5,-94.08410636889846
64.0,85.5,-95.34562904717852
64.75,85.5,-96.31780339558725
65.5,85.5,-96.48271311948437
66.25,85.5,-96.073930971924
67.0,85.5,-96.34526958059337
67.75,85.5,-95.99097585217905
68.5,85.5,-96.61320754716981
69.25,85.5,-96.45118038846464
70.0,85.5,-96.47164948453607
70.75,85.5,-96.42139959432049
71.5,85.5,
72.25,85.5,
73.0,85.5,
73.75,85.5,
74.5,85.5,
75.25,85.5,
76.0,85.5,
76.75,85.5,
77.5,85.5,
78.25,85.5,
79.0,85.5,
79.75,85.5,
80.5,85.5,
81.25,85.5,
82.0,85.5,
82.75,85.5,
83.5,85.5,
84.25,85.5,
85.0,85.5,
85.75,85.5,
86.5,85.5,
87.25,85.5,
88.0,85.5,
88.75,85.5,
89.5,85.5,
90.25,85.5,
91.0,85.5,
91.75,85.5,
92.5,85.5,
93.25,85.5,
94.0,85.5,
94.75,85.5,
95.5,85.5,
96.25,85.5,
97.0,85.5,
97.75,85.5,
98.5,85.5,
99.25,85.5,
100.0,85.5,
100.75,85.5,
101.5,85.5,
102.25,85.5,
103.0,85.5,
103.75,85.5,
104.5,85.5,
105.25,85.5,
106.0,85.5,
106.75,85.5,
107.5,85.5,
108.25,85.5,
109.0,85.5,
37.0,86.25,
37.75,86.25,
38.5,86.25,
39.25,86.25,
40.0,86.25,
40.75,86.25,
41.5,86.25,
42.25,86.25,
43.0,86.25,
43.75,86.25,
44.5,86.25,
45.25,86.25,
46.0,86.25,
46.75,86.25,
47.5,86.25,
48.25,86.25,
49.0,86.25,
49.75,86.25,
50.5,86.25,
51.25,86.25,
52.0,86.25,
52.75,86.25,
53.5,86.25,
54.25,86.25,
55.0,86.25,
55.75,86.25,
56.5,86.25,
57.25,86.25,
58.0,86.25,
58.75,86.25,
59.5,86.25,-94.11596736596735
60.25,86.25,-92.49935176278699
61.0,86.25,-92.9044966239405
61.75,86.25,-93.6491954121914
62.5,86.25,-94.50953714369746
63.25,86.25,-95.77163685425943
64.0,86.25,-97.19635033897521
64.75,86.25,-98.17810225542314
65.5,86.25,-98.00497199452356
66.25,86.25,-97.41293444786626
67.0,86.25,-96.58177477392167
67.75,86.25,-96.05813040062844
68.5,86.25,-96.3690157419883
69.25,86.25,-96.2499253189946
70.0,86.25,-96.2042484206304
70.75,86.25,-96.26131221719457
71.5,86.25,
72.25,86.25,
73.0,86.25,
73.75,86.25,
74.5,86.25,
75.25,86.25,
76.0,86.25,
76.75,86.25,
77.5,86.25,
78.25,86.25,
79.0,86.25,
79.75,86.25,
80.5,86.25,
81.25,86.25,
82.0,86.25,
82.75,86.25,
83.5,86.25,
84.25,86.25,
85.0,86.25,
85.75,86.25,
86.5,86.25,
87.25,86.25,
88.0,86.25,
88.75,86.25,
89.5,86.25,
90.25,86.25,
91.0,86.25,
91.75,86.25,
92.5,86.25,
93.25,86.25,
94.0,86.25,
94.75,86.25,
95.5,86.25,
96.25,86.25,
97.0,86.25,
97.75,86.25,
98.5,86.25,
99.25,86.25,
100.0,86.25,
100.75,86.25,
101.5,86.25,
102.25,86.25,
103.0,86.25,
103.75,86.25,
104.5,86.25,
105.25,86.25,
106.0,86.25,
106.75,86.25,
107.5,86.25,
108.25,86.25,
109.0,86.25,
37.0,87.0,
37.75,87.0,
38.5,87.0,
39.25,87.0,
40.0,87.0,
40.75,87.0,
41.5,87.0,
42.25,87.0,
43.0,87.0,
43.75,87.0,
44.5,87.0,
45.25,87.0,
46.0,87.0,
46.75,87.0,
47.5,87.0,
48.25,87.0,
49.0,87.0,
49.75,87.0,
50.5,87.0,
51.25,87.0,
52.0,87.0,
52.75,87.0,
53.5,87.0,
54.25,87.0,
55.0,87.0,
55.75,87.0,
56.5,87.0,
57.25,87.0,
58.0,87.0,
58.75,87.0,
59.5,87.0,-94.60470085470084
60.25,87.0,-94.84214092140921
61.0,87.0,-95.22222222222221
61.75,87.0,-95.58172665693621
62.5,87.0,-96.30323515210044
63.25,87.0,-97.16069805498263
64.0,87.0,-98.17826354679804
64.75,87.0,-98.93307416703645
65.5,87.0,-98.70270332770622
66.25,87.0,-97.44606188752897
67.0,87.0,-96.34210526315789
67.75,87.0,-96.16495692445595
68.5,87.0,-96.0165233137166
69.25,87.0,-96.00268650053411
70.0,87.0,-96.02941176470588
70.75,87.0,-96.06470982302197
71.5,87.0,
72.25,87.0,
73.0,87.0,
73.75,87.0,
74.5,87.0,
75.25,87.0,
76.0,87.0,
76.75,87.0,
77.5,87.0,
78.25,87.0,
79.0,87.0,
79.75,87.0,
80.5,87.0,
81.25,87.0,
82.0,87.0,
82.75,87.0,
83.5,87.0,
84.25,87.0,
85.0,87.0,
85.75,87.0,
86.5,87.0,
87.25,87.0,
88.0,87.0,
88.75,87.0,
89.5,87.0,
90.25,87.0,
91.0,87.0,
91.75,87.0,
92.5,87.0,
93.25,87.0,
94.0,87.0,
94.75,87.0,
95.5,87.0,
96.25,87.0,
97.0,87.0,
97.75,87.0,
98.5,87.0,
99.25,87.0,
100.0,87.0,
100.75,87.0,
101.5,87.0,
102.25,87.0,
103.0,87.0,
103.75,87.0,
104.5,87.0,
105.25,87.0,
106.0,87.0,
106.75,87.0,
107.5,87.0,
108.25,87.0,
109.0,87.0,
37.0,87.75,
37.75,87.75,
38.5,87.75,
39.25,87.75,
40.0,87.75,
40.75,87.75,
41.5,87.75,
42.25,87.75,
43.0,87.75,
43.75,87.75,
44.5,87.75,
45.25,87.75,
46.0,87.75,
46.75,87.75,
47.5,87.75,
48.25,87.75,
49.0,87.75,
49.75,87.75,
50.5,87.75,
51.25,87.75,
52.0,87.75,
52.75,87.75,
53.5,87.75,
54.25,87.75,
55.0,87.75,
55.75,87.75,
56.5,87.75,
57.25,87.75,
58.0,87.75,
58.75,87.75,
59.5,87.75,-95.00904761904762
60.25,87.75,-95.30868544600939
61.0,87.75,-95.73550724637681
61.75,87.75,-95.9407357359169
62.5,87.75,-96.48527858069554
63.25,87.75,-97.15028650012795
64.0,87.75,-97.8648934005243
64.75,87.75,-98.35114697845842
65.5,87.75,-97.93544432845115
66.25,87.75,-96.50868616981273
67.0,87.75,-95.68290096263665
67.75,87.75,-95.50749732238486
68.5,87.75,-95.61926605504586
69.25,87.75,-95.75676531812834
70.0,87.75,-95.86668066470695
70.75,87.75,-95.949529408592
71.5,87.75,-95.12173396674585
72.25,87.75,
73.0,87.75,
73.75,87.75,
74.5,87.75,
75.25,87.75,
76.0,87.75,
76.75,87.75,
77.5,87.75,
78.25,87.75,
79.0,87.75,
79.75,87.75,
80.5,87.75,
81.25,87.75,
82.0,87.75,
82.75,87.75,
83.5,87.75,
84.25,87.75,
85.0,87.75,
85.75,87.75,
86.5,87.75,
87.25,87.75,
88.0,87.75,
88.75,87.75,
89.5,87.75,
90.25,87.75,
91.0,87.75,
91.75,87.75,
92.5,87.75,
93.25,87.75,
94.0,87.75,
94.75,87.75,
95.5,87.75,
96.25,87.75,
97.0,87.75,
97.75,87.75,
98.5,87.75,
99.25,87.75,
100.0,87.75,
100.75,87.75,
101.5,87.75,
102.25,87.75,
103.0,87.75,
103.75,87.75,
104.5,87.75,
105.25,87.75,
106.0,87.75,
106.75,87.75,
107.5,87.75,
108.25,87.75,
109.0,87.75,
37.0,88.5,
37.75,88.5,
38.5,88.5,
39.25,88.5,
40.0,88.5,
40.75,88.5,
41.5,88.5,
42.25,88.5,
43.0,88.5,
43.75,88.5,
44.5,88.5,
45.25,88.5,
46.0,88.5,
46.75,88.5,
47.5,88.5,
48.25,88.5,
49.0,88.5,
49.75,88.5,
50.5,88.5,
51.25,88.5,
52.0,88.5,
52.75,88.5,
53.5,88.5,
54.25,88.5,
55.0,88.5,
55.75,88.5,
56.5,88.5,
57.25,88.5,
58.0,88.5,
58.75,88.5,
59.5,88.5,
60.25,88.5,
61.0,88.5,-96.0452380952381
61.75,88.5,-96.04185829844735
62.5,88.5,-96.41967696986951
63.25,88.5,-96.81821580762754
64.0,88.5,-97.13935366547982
64.75,88.5,-97.14985691286255
65.5,88.5,-96.65384615384615
66.25,88.5,-95.35404673213681
67.0,88.5,-94.72222222222221
67.75,88.5,-94.95880122502552
68.5,88.5,-95.32987551867217
69.25,88.5,-95.58675799086757
70.0,88.5,-95.75249246464178
70.75,88.5,-95.86536451275697
71.5,88.5,-95.15425531914894
72.25,88.5,-95.17697768762677
73.0,88.5,
73.75,88.5,
74.5,88.5,
75.25,88.5,
76.0,88.5,
76.75,88.5,
77.5,88.5,
78.25,88.5,
79.0,88.5,
79.75,88.5,
80.5,88.5,
81.25,88.5,
82.0,88.5,
82.75,88.5,
83.5,88.5,
84.25,88.5,
85.0,88.5,
85.75,88.5,
86.5,88.5,
87.25,88.5,
88.0,88.5,
88.75,88.5,
89.5,88.5,
90.25,88.5,
91.0,88.5,
91.75,88.5,
92.5,88.5,
93.25,88.5,
94.0,88.5,
94.75,88.5,
95.5,88.5,
96.25,88.5,
97.0,88.5,
97.75,88.5,
98.5,88.5,
99.25,88.5,
100.0,88.5,
100.75,88.5,
101.5,88.5,
102.25,88.5,
103.0,88.5,
103.75,88.5,
104.5,88.5,
105.25,88.5,
106.0,88.5,
106.75,88.5,
107.5,88.5,
108.25,88.5,
109.0,88.5,
37.0,89.25,
37.75,89.25,
38.5,89.25,
39.25,89.25,
40.0,89.25,
40.75,89.25,
41.5,89.25,
42.25,89.25,
43.0,89.25,
43.75,89.25,
44.5,89.25,
45.25,89.25,
46.0,89.25,
46.75,89.25,
47.5,89.25,
48.25,89.25,
49.0,89.25,
49.75,89.25,
50.5,89.25,
51.25,89.25,
52.0,89.25,
52.75,89.25,
53.5,89.25,
54.25,89.25,
55.0,89.25,
55.75,89.25,
56.5,89.25,
57.25,89.25,
58.0,89.25,
58.75,89.25,
59.5,89.25,
60.25,89.25,
61.0,89.25,
61.75,89.25,-97.03650073401843
62.5,89.25,-97.05995443584055
63.25,89.25,-97.04268696227665
64.0,89.25,-96.91941057412252
64.75,89.25,-96.5701754385965
65.5,89.25,-95.89622641509435
66.25,89.25,-95.03929121725733
67.0,89.25,-94.56000822030414
67.75,89.25,-94.89396479463537
68.5,89.25,-95.29931779420126
69.25,89.25,-95.54915824915827
70.0,89.25,-95.7098361171896
70.75,89.25,-95.17800000000003
71.5,89.25,-95.19842406876792
72.25,89.25,-95.21137339055795
73.0,89.25,
73.75,89.25,
74.5,89.25,
75.25,89.25,
76.0,89.25,
76.75,89.25,
77.5,89.25,
78.25,89.25,
79.0,89.25,
79.75,89.25,
80.5,89.25,
81.25,89.25,
82.0,89.25,
82.75,89.25,
83.5,89.25,
84.25,89.25,
85.0,89.25,
85.75,89.25,
86.5,89.25,
87.25,89.25,
88.0,89.25,
88.75,89.25,
89.5,89.25,
90.25,89.25,
91.0,89.25,
91.75,89.25,
92.5,89.25,
93.25,89.25,
94.0,89.25,
94.75,89.25,
95.5,89.25,
96.25,89.25,
97.0,89.25,
97.75,89.25,
98.5,89.25,
99.25,89.25,
100.0,89.25,
100.75,89.25,
101.5,89.25,
102.25,89.25,
103.0,89.25,
103.75,89.25,
104.5,89.25,
105.25,89.25,
106.0,89.25,
106.75,89.25,
107.5,89.25,
108.25,89.25,
109.0,89.25,
37.0,90.0,
37.75,90.0,
38.5,90.0,
39.25,90.0,
40.0,90.0,
40.75,90.0,
41.5,90.0,
42.25,90.0,
43.0,90.0,
43.75,90.0,
44.5,90.0,
45.25,90.0,
46.0,90.0,
46.75,90.0,
47.5,90.0,
48.25,90.0,
49.0,90.0,
49.75,90.0,
50.5,90.0,
51.25,90.0,
52.0,90.0,
52.75,90.0,
53.5,90.0,
54.25,90.0,
55.0,90.0,
55.75,90.0,
56.5,90.0,
57.25,90.0,
58.0,90.0,
58.75,90.0,
59.5,90.0,
60.25,90.0,
61.0,90.0,
61.75,90.0,-96.83240997229917
62.5,90.0,-96.78985507246375
63.25,90.0,-96.6913875598086
64.0,90.0,-96.50000000000001
64.75,90.0,-96.18992248062014
65.5,90.0,-95.8103448275862
66.25,90.0,-95.5082644628099
67.0,90.0,-95.38888888888889
67.75,90.0,-95.41891891891892
68.5,90.0,-95.51639344262294
69.25,90.0,-95.62772585669782
70.0,90.0,-95.73076923076923
70.75,90.0,-95.25
71.5,90.0,-95.25
72.25,90.0,-95.25
73.0,90.0,
73.75,90.0,
74.5,90.0,
75.25,90.0,
76.0,90.0,
76.75,90.0,
77.5,90.0,
78.25,90.0,
79.0,90.0,
79.75,90.0,
80.5,90.0,
81.25,90.0,
82.0,90.0,
82.75,90.0,
83.5,90.0,
84.25,90.0,
85.0,90.0,
85.75,90.0,
86.5,90.0,
87.25,90.0,
88.0,90.0,
88.75,90.0,
89.5,90.0,
90.25,90.0,
91.0,90.0,
91.75,90.0,
92.5,90.0,
93.25,90.0,
94.0,90.0,
94.75,90.0,
95.5,90.0,
96.25,90.0,
97.0,90.0,
97.75,90.0,
98.5,90.0,
99.25,90.0,
100.0,90.0,
100.75,90.0,
101.5,90.0,
102.25,90.0,
103.0,90.0,
103.75,90.0,
104.5,90.0,
105.25,90.0,
106.0,90.0,
106.75,90.0,
107.5,90.0,
108.25,90.0,
109.0,90.0,
37.0,90.75,
37.75,90.75,
38.5,90.75,
39.25,90.75,
40.0,90.75,
40.75,90.75,
41.5,90.75,
42.25,90.75,
43.0,90.75,
43.75,90.75,
44.5,90.75,
45.25,90.75,
46.0,90.75,
46.75,90.75,
47.5,90.75,
48.25,90.75,
49.0,90.75,
49.75,90.75,
50.5,90.75,
51.25,90.75,
52.0,90.75,
52.75,90.75,
53.5,90.75,
54.25,90.75,
55.0,90.75,
55.75,90.75,
56.5,90.75,
57.25,90.75,
58.0,90.75,
58.75,90.75,
59.5,90.75,
60.25,90.75,
61.0,90.75,
61.75,90.75,-96.66551213796788
62.5,90.75,-96.58963585434172
63.25,90.75,-96.46694214876035
64.0,90.75,-96.2881637016529
64.75,90.75,-96.07139930342144
65.5,90.75,-95.89465302576973
66.25,90.75,-95.88566552901024
67.0,90.75,-95.98024001655287
67.75,90.75,-95.85689397710304
68.5,90.75,-95.7444273212615
69.25,90.75,-95.73884040525631
70.0,90.75,-95.35650887573964
70.75,90.75,-95.32200000000002
71.5,90.75,-95.3015759312321
72.25,90.75,-95.28862660944206
73.0,90.75,
73.75,90.75,
74.5,90.75,
75.25,90.75,
76.0,90.75,
76.75,90.75,
77.5,90.75,
78.25,90.75,
79.0,90.75,
79.75,90.75,
80.5,90.75,
81.25,90.75,
82.0,90.75,
82.75,90.75,
83.5,90.75,
84.25,90.75,
85.0,90.75,
85.75,90.75,
86.5,90.75,
87.25,90.75,
88.0,90.75,
88.75,90.75,
89.5,90.75,
90.25,90.75,
91.0,90.75,
91.75,90.75,
92.5,90.75,
93.25,90.75,
94.0,90.75,
94.75,90.75,
95.5,90.75,
96.25,90.75,
97.0,90.75,
97.75,90.75,
98.5,90.75,
99.25,90.75,
100.0,90.75,
100.75,90.75,
101.5,90.75,
102.25,90.75,
103.0,90.75,
103.75,90.75,
104.5,90.75,
105.25,90.75,
106.0,90.75,
106.75,90.75,
107.5,90.75,
108.25,90.75,
109.0,90.75,
37.0,91.5,
37.75,91.5,
38.5,91.5,
39.25,91.5,
40.0,91.5,
40.75,91.5,
41.5,91.5,
42.25,91.5,
43.0,91.5,
43.75,91.5,
44.5,91.5,
45.25,91.5,
46.0,91.5,
46.75,91.5,
47.5,91.5,
48.25,91.5,
49.0,91.5,
49.75,91.5,
50.5,91.5,
51.25,91.5,
52.0,91.5,
52.75,91.5,
53.5,91.5,
54.25,91.5,
55.0,91.5,
55.75,91.5,
56.5,91.5,
57.25,91.5,
58.0,91.5,
58.75,91.5,
59.5,91.5,
60.25,91.5,
61.0,91.5,
61.75,91.5,-96.54091117338957
62.5,91.5,-96.45555555555556
63.25,91.5,-96.33852960326186
64.0,91.5,-96.19396429583452
64.75,91.5,-96.04632493739872
65.5,91.5,-95.94680851063828
66.25,91.5,-95.94193658370268
67.0,91.5,-95.97232037691403
67.75,91.5,-95.9205396090258
68.5,91.5,-95.84653465346534
69.25,91.5,-95.52067669172932
70.0,91.5,-95.43367346938776
70.75,91.5,-95.37996389891697
71.5,91.5,-95.34574468085107
72.25,91.5,-95.32302231237321
73.0,91.5,
73.75,91.5,
74.5,91.5,
75.25,91.5,
76.0,91.5,
76.75,91.5,
77.5,91.5,
78.25,91.5,
79.0,91.5,
79.75,91.5,
80.5,91.5,
81.25,91.5,
82.0,91.5,
82.75,91.5,
83.5,91.5,
84.25,91.5,
85.0,91.5,
85.75,91.5,
86.5,91.5,
87.25,91.5,
88.0,91.5,
88.75,91.5,
89.5,91.5,
90.25,91.5,
91.0,91.5,
91.75,91.5,
92.5,91.5,
93.25,91.5,
94.0,91.5,
94.75,91.5,
95.5,91.5,
96.25,91.5,
97.0,91.5,
97.75,91.5,
98.5,91.5,
99.25,91.5,
100.0,91.5,
100.75,91.5,
101.5,91.5,
102.25,91.5,
103.0,91.5,
103.75,91.5,
104.5,91.5,
105.25,91.5,
106.0,91.5,
106.75,91.5,
107.5,91.5,
108.25,91.5,
109.0,91.5,
37.0,92.25,
37.75,92.25,
38.5,92.25,
39.25,92.25,
40.0,92.25,
40.75,92.25,
41.5,92.25,
42.25,92.25,
43.0,92.25,
43.75,92.25,
44.5,92.25,
45.25,92.25,
46.0,92.25,
46.75,92.25,
47.5,92.25,
48.25,92.25,
49.0,92.25,
49.75,92.25,
50.5,92.25,
51.25,92.25,
52.0,92.25,
52.75,92.25,
53.5,92.25,
54.25,92.25,
55.0,92.25,
55.75,92.25,
56.5,92.25,
57.25,92.25,
58.0,92.25,
58.75,92.25,
59.5,92.25,
60.25,92.25,
61.0,92.25,
61.75,92.25,
62.5,92.25,-96.37120027916805
63.25,92.25,-96.26988842196782
64.0,92.25,-96.15683033704164
64.75,92.25,-96.05015991123297
65.5,92.25,-95.97553008595986
66.25,92.25,-95.94649193086872
67.0,92.25,-95.93872009393804
67.75,92.25,-95.91608358094507
68.5,92.25,-95.65601503759397
69.25,92.25,-95.55337078651687
70.0,92.25,-95.4740663900415
70.75,92.25,-95.41770186335404
71.5,92.25,-95.37826603325416
72.25,92.25,
73.0,92.25,
73.75,92.25,
74.5,92.25,
75.25,92.25,
76.0,92.25,
76.75,92.25,
77.5,92.25,
78.25,92.25,
79.0,92.25,
79.75,92.25,
80.5,92.25,
81.25,92.25,
82.0,92.25,
82.75,92.25,
83.5,92.25,
84.25,92.25,
85.0,92.25,
85.75,92.25,
86.5,92.25,
87.25,92.25,
88.0,92.25,
88.75,92.25,
89.5,92.25,
90.25,92.25,
91.0,92.25,
91.75,92.25,
92.5,92.25,
93.25,92.25,
94.0,92.25,
94.75,92.25,
95.5,92.25,
96.25,92.25,
97.0,92.25,
97.75,92.25,
98.5,92.25,
99.25,92.25,
100.0,92.25,
100.75,92.25,
101.5,92.25,
102.25,92.25,
103.0,92.25,
103.75,92.25,
104.5,92.25,
105.25,92.25,
106.0,92.25,
106.75,92.25,
107.5,92.25,
108.25,92.25,
109.0,92.25,
37.0,93.0,
37.75,93.0,
38.5,93.0,
39.25,93.0,
40.0,93.0,
40.75,93.0,
41.5,93.0,
42.25,93.0,
43.0,93.0,
43.75,93.0,
44.5,93.0,
45.25,93.0,
46.0,93.0,
46.75,93.0,
47.5,93.0,
48.25,93.0,
49.0,93.0,
49.75,93.0,
50.5,93.0,
51.25,93.0,
52.0,93.0,
52.75,93.0,
53.5,93.0,
54.25,93.0,
55.0,93.0,
55.75,93.0,
56.5,93.0,
57.25,93.0,
58.0,93.0,
58.75,93.0,
59.5,93.0,
60.25,93.0,
61.0,93.0,
61.75,93.0,
62.5,93.0,
63.25,93.0,-95.43701298701298
64.0,93.0,-95.48684210526315
64.75,93.0,-95.54875518672199
65.5,93.0,-95.6173469387755
66.25,93.0,-95.6760355029586
67.0,93.0,-95.7
67.75,93.0,-95.6760355029586
68.5,93.0,-95.6173469387755
69.25,93.0,-95.54875518672199
70.0,93.0,-95.48684210526315
70.75,93.0,-95.43701298701298
71.5,93.0,
72.25,93.0,
73.0,93.0,
73.75,93.0,
74.5,93.0,
75.25,93.0,
76.0,93.0,
76.75,93.0,
77.5,93.0,
78.25,93.0,
79.0,93.0,
79.75,93.0,
80.5,93.0,
81.25,93.0,
82.0,93.0,
82.75,93.0,
83.5,93.0,
84.25,93.0,
85.0,93.0,
85.75,93.0,
86.5,93.0,
87.25,93.0,
88.0,93.0,
88.75,93.0,
89.5,93.0,
90.25,93.0,
91.0,93.0,
91.75,93.0,
92.5,93.0,
93.25,93.0,
94.0,93.0,
94.75,93.0,
95.5,93.0,
96.25,93.0,
97.0,93.0,
97.75,93.0,
98.5,93.0,
99.25,93.0,
100.0,93.0,
100.75,93.0,
101.5,93.0,
102.25,93.0,
103.0,93.0,
103.75,93.0,
104.5,93.0,
105.25,93.0,
106.0,93.0,
106.75,93.0,
107.5,93.0,
108.25,93.0,
109.0,93.0,
37.0,93.75,
37.75,93.75,
38.5,93.75,
39.25,93.75,
40.0,93.75,
40.75,93.75,
41.5,93.75,
42.25,93.75,
43.0,93.75,
43.75,93.75,
44.5,93.75,
45.25,93.75,
46.0,93.75,
46.75,93.75,
47.5,93.75,
48.25,93.75,
49.0,93.75,
49.75,93.75,
50.5,93.75,
51.25,93.75,
52.0,93.75,
52.75,93.75,
53.5,93.75,
54.25,93.75,
55.0,93.75,
55.75,93.75,
56.5,93.75,
57.25,93.75,
58.0,93.75,
58.75,93.75,
59.5,93.75,
60.25,93.75,
61.0,93.75,
61.75,93.75,
62.5,93.75,
63.25,93.75,
64.0,93.75,-95.48376623376625
64.75,93.75,-95.52950310559007
65.5,93.75,-95.57490974729242
66.25,93.75,-95.61
67.0,93.75,-95.6234439834025
67.75,93.75,-95.61
68.5,93.75,-95.57490974729242
69.25,93.75,-95.52950310559007
70.0,93.75,-95.48376623376625
70.75,93.75,
71.5,93.75,
72.25,93.75,
73.0,93.75,
73.75,93.75,
74.5,93.75,
75.25,93.75,
76.0,93.75,
76.75,93.75,
77.5,93.75,
78.25,93.75,
79.0,93.75,
79.75,93.75,
80.5,93.75,
81.25,93.75,
82.0,93.75,
82.75,93.75,
83.5,93.75,
84.25,93.75,
85.0,93.75,
85.75,93.75,
86.5,93.75,
87.25,93.75,
88.0,93.75,
88.75,93.75,
89.5,93.75,
90.25,93.75,
91.0,93.75,
91.75,93.75,
92.5,93.75,
93.25,93.75,
94.0,93.75,
94.75,93.75,
95.5,93.75,
96.25,93.75,
97.0,93.75,
97.75,93.75,
98.5,93.75,
99.25,93.75,
100.0,93.75,
100.75,93.75,
101.5,93.75,
102.25,93.75,
103.0,93.75,
103.75,93.75,
104.5,93.75,
105.25,93.75,
106.0,93.75,
106.75,93.75,
107.5,93.75,
108.25,93.75,
109.0,93.75,
37.0,94.5,
37.75,94.5,
38.5,94.5,
39.25,94.5,
40.0,94.5,
40.75,94.5,
41.5,94.5,
42.25,94.5,
43.0,94.5,
43.75,94.5,
44.5,94.5,
45.25,94.5,
46.0,94.5,
46.75,94.5,
47.5,94.5,
48.25,94.5,
49.0,94.5,
49.75,94.5,
50.5,94.5,
51.25,94.5,
52.0,94.5,
52.75,94.5,
53.5,94.5,
54.25,94.5,
55.0,94.5,
55.75,94.5,
56.5,94.5,
57.25,94.5,
58.0,94.5,
58.75,94.5,
59.5,94.5,
60.25,94.5,
61.0,94.5,
61.75,94.5,
62.5,94.5,
63.25,94.5,
64.0,94.5,
64.75,94.5,-95.50653206650833
65.5,94.5,-95.5372340425532
66.25,94.5,-95.55945558739255
67.0,94.5,-95.56764705882352
67.75,94.5,-95.55945558739255
68.5,94.5,-95.5372340425532
69.25,94.5,-95.50653206650833
70.0,94.5,
70.75,94.5,
71.5,94.5,
72.25,94.5,
73.0,94.5,
73.75,94.5,
74.5,94.5,
75.25,94.5,
76.0,94.5,
76.75,94.5,
77.5,94.5,
78.25,94.5,
79.0,94.5,
79.75,94.5,
80.5,94.5,
81.25,94.5,
82.0,94.5,
82.75,94.5,
83.5,94.5,
84.25,94.5,
85.0,94.5,
85.75,94.5,
86.5,94.5,
87.25,94.5,
88.0,94.5,
88.75,94.5,
89.5,94.5,
90.25,94.5,
91.0,94.5,
91.75,94.5,
92.5,94.5,
93.25,94.5,
94.0,94.5,
94.75,94.5,
95.5,94.5,
96.25,94.5,
97.0,94.5,
97.75,94.5,
98.5,94.5,
99.25,94.5,
100.0,94.5,
100.75,94.5,
101.5,94.5,
102.25,94.5,
103.0,94.5,
103.75,94.5,
104.5,94.5,
105.25,94.5,
106.0,94.5,
106.75,94.5,
107.5,94.5,
108.25,94.5,
109.0,94.5,
37.0,95.25,
37.75,95.25,
38.5,95.25,
39.25,95.25,
40.0,95.25,
40.75,95.25,
41.5,95.25,
42.25,95.25,
43.0,95.25,
43.75,95.25,
44.5,95.25,
45.25,95.25,
46.0,95.25,
46.75,95.25,
47.5,95.25,
48.25,95.25,
49.0,95.25,
49.75,95.25,
50.5,95.25,
51.25,95.25,
52.0,95.25,
52.75,95.25,
53.5,95.25,
54.25,95.25,
55.0,95.25,
55.75,95.25,
56.5,95.25,
57.25,95.25,
58.0,95.25,
58.75,95.25,
59.5,95.25,
60.25,95.25,
61.0,95.25,
61.75,95.25,
62.5,95.25,
63.25,95.25,
64.0,95.25,
64.75,95.25,
65.5,95.25,
66.25,95.25,
67.0,95.25,
67.75,95.25,
68.5,95.25,
69.25,95.25,
70.0,95.25,
70.75,95.25,
71.5,95.25,
72.25,95.25,
73.0,95.25,
73.75,95.25,
74.5,95.25,
75.25,95.25,
76.0,95.25,
76.75,95.25,
77.5,95.25,
78.25,95.25,
79.0,95.25,
79.75,95.25,
80.5,95.25,
81.25,95.25,
82.0,95.25,
82.75,95.25,
83.5,95.25,
84.25,95.25,
85.0,95.25,
85.75,95.25,
86.5,95.25,
87.25,95.25,
88.0,95.25,
88.75,95.25,
89.5,95.25,
90.25,95.25,
91.0,95.25,
91.75,95.25,
92.5,95.25,
93.25,95.25,
94.0,95.25,
94.75,95.25,
95.5,95.25,
96.25,95.25,
97.0,95.25,
97.75,95.25,
98.5,95.25,
99.25,95.25,
100.0,95.25,
100.75,95.25,
101.5,95.25,
102.25,95.25,
103.0,95.25,
103.75,95.25,
104.5,95.25,
105.25,95.25,
106.0,95.25,
106.75,95.25,
107.5,95.25,
108.25,95.25,
109.0,95.25,
37.0,96.0,
37.75,96.0,
38.5,96.0,
39.25,96.0,
40.0,96.0,
40.75,96.0,
41.5,96.0,
42.25,96.0,
43.0,96.0,
43.75,96.0,
44.5,96.0,
45.25,96.0,
46.0,96.0,
46.75,96.0,
47.5,96.0,
48.25,96.0,
49.0,96.0,
49.75,96.0,
50.5,96.0,
51.25,96.0,
52.0,96.0,
52.75,96.0,
53.5,96.0,
54.25,96.0,
55.0,96.0,
55.75,96.0,
56.5,96.0,
57.25,96.0,
58.0,96.0,
58.75,96.0,
59.5,96.0,
60.25,96.0,
61.0,96.0,
61.75,96.0,
62.5,96.0,
63.25,96.0,
64.0,96.0,
64.75,96.0,
65.5,96.0,
66.25,96.0,
67.0,96.0,
67.75,96.0,
68.5,96.0,
69.25,96.0,
70.0,96.0,
70.75,96.0,
71.5,96.0,
72.25,96.0,
73.0,96.0,
73.75,96.0,
74.5,96.0,
75.25,96.0,
76.0,96.0,
76.75,96.0,
77.5,96.0,
78.25,96.0,
79.0,96.0,
79.75,96.0,
80.5,96.0,
81.25,96.0,
82.0,96.0,
82.75,96.0,
83.5,96.0,
84.25,96.0,
85.0,96.0,
85.75,96.0,
86.5,96.0,
87.25,96.0,
88.0,96.0,
88.75,96.0,
89.5,96.0,
90.25,96.0,
91.0,96.0,
91.75,96.0,
92.5,96.0,
93.25,96.0,
94.0,96.0,
94.75,96.0,
95.5,96.0,
96.25,96.0,
97.0,96.0,
97.75,96.0,
98.5,96.0,
99.25,96.0,
100.0,96.0,
100.75,96.0,
101.5,96.0,
102.25,96.0,
103.0,96.0,
103.75,96.0,
104.5,96.0,
105.25,96.0,
106.0,96.0,
106.75,96.0,
107.5,96.0,
108.25,96.0,
109.0,96.0,
37.0,96.75,
37.75,96.75,
38.5,96.75,
39.25,96.75,
40.0,96.75,
40.75,96.75,
41.5,96.75,
42.25,96.75,
43.0,96.75,
43.75,96.75,
44.5,96.75,
45.25,96.75,
46.0,96.75,
46.75,96.75,
47.5,96.75,
48.25,96.75,
49.0,96.75,
49.75,96.75,
50.5,96.75,
51.25,96.75,
52.0,96.75,
52.75,96.75,
53.5,96.75,
54.25,96.75,
55.0,96.75,
55.75,96.75,
56.5,96.75,
57.25,96.75,
58.0,96.75,
58.75,96.75,
59.5,96.75,
60.25,96.75,
61.0,96.75,
61.75,96.75,
62.5,96.75,
63.25,96.75,
64.0,96.75,
64.75,96.75,
65.5,96.75,
66.25,96.75,
67.0,96.75,
67.75,96.75,
68.5,96.75,
69.25,96.75,
70.0,96.75,
70.75,96.75,
71.5,96.75,
72.25,96.75,
73.0,96.75,
73.75,96.75,
74.5,96.75,
75.25,96.75,
76.0,96.75,
76.75,96.75,
77.5,96.75,
78.25,96.75,
79.0,96.75,
79.75,96.75,
80.5,96.75,
81.25,96.75,
82.0,96.75,
82.75,96.75,
83.5,96.75,
84.25,96.75,
85.0,96.75,
85.75,96.75,
86.5,96.75,
87.25,96.75,
88.0,96.75,
88.75,96.75,
89.5,96.75,
90.25,96.75,
91.0,96.75,
91.75,96.75,
92.5,96.75,
93.25,96.75,
94.0,96.75,
94.75,96.75,
95.5,96.75,
96.25,96.75,
97.0,96.75,
97.75,96.75,
98.5,96.75,
99.25,96.75,
100.0,96.75,
100.75,96.75,
101.5,96.75,
102.25,96.75,
103.0,96.75,
103.75,96.75,
104.5,96.75,
105.25,96.75,
106.0,96.75,
106.75,96.75,
107.5,96.75,
108.25,96.75,
109.0,96.75,
37.0,97.5,
37.75,97.5,
38.5,97.5,
39.25,97.5,
40.0,97.5,
40.75,97.5,
41.5,97.5,
42.25,97.5,
43.0,97.5,
43.75,97.5,
44.5,97.5,
45.25,97.5,
46.0,97.5,
46.75,97.5,
47.5,97.5,
48.25,97.5,
49.0,97.5,
49.75,97.5,
50.5,97.5,
51.25,97.5,
52.0,97.5,
52.75,97.5,
53.5,97.5,
54.25,97.5,
55.0,97.5,
55.75,97.5,
56.5,97.5,
57.25,97.5,
58.0,97.5,
58.75,97.5,
59.5,97.5,
60.25,97.5,
61.0,97.5,
61.75,97.5,
62.5,97.5,
63.25,97.5,
64.0,97.5,
64.75,97.5,
65.5,97.5,
66.25,97.5,
67.0,97.5,
67.75,97.5,
68.5,97.5,
69.25,97.5,
70.0,97.5,
70.75,97.5,
71.5,97.5,
72.25,97.5,
73.0,97.5,
73.75,97.5,
74.5,97.5,
75.25,97.5,
76.0,97.5,
76.75,97.5,
77.5,97.5,
78.25,97.5,
79.0,97.5,
79.75,97.5,
80.5,97.5,
81.25,97.5,
82.0,97.5,
82.75,97.5,
83.5,97.5,
84.25,97.5,
85.0,97.5,
85.75,97.5,
86.5,97.5,
87.25,97.5,
88.0,97.5,
88.75,97.5,
89.5,97.5,
90.25,97.5,
91.0,97.5,
91.75,97.5,
92.5,97.5,
93.25,97.5,
94.0,97.5,
94.75,97.5,
95.5,97.5,
96.25,97.5,
97.0,97.5,
97.75,97.5,
98.5,97.5,
99.25,97.5,
100.0,97.5,
100.75,97.5,
101.5,97.5,
102.25,97.5,
103.0,97.5,
103.75,97.5,
104.5,97.5,
105.25,97.5,
106.0,97.5,
106.75,97.5,
107.5,97.5,
108.25,97.5,
109.0,97.5,
37.0,98.25,
37.75,98.25,
38.5,98.25,
39.25,98.25,
40.0,98.25,
40.75,98.25,
41.5,98.25,
42.25,98.25,
43.0,98.25,
43.75,98.25,
44.5,98.25,
45.25,98.25,
46.0,98.25,
46.75,98.25,
47.5,98.25,
48.25,98.25,
49.0,98.25,
49.75,98.25,
50.5,98.25,
51.25,98.25,
52.0,98.25,
52.75,98.25,
53.5,98.25,
54.25,98.25,
55.0,98.25,
55.75,98.25,
56.5,98.25,
57.25,98.25,
58.0,98.25,
58.75,98.25,
59.5,98.25,
60.25,98.25,
61.0,98.25,
61.75,98.25,
62.5,98.25,
63.25,98.25,
64.0,98.25,
64.75,98.25,
65.5,98.25,
66.25,98.25,
67.0,98.25,
67.75,98.25,
68.5,98.25,
69.25,98.25,
70.0,98.25,
70.75,98.25,
71.5,98.25,
72.25,98.25,
73.0,98.25,
73.75,98.25,
74.5,98.25,
75.25,98.25,
76.0,98.25,
76.75,98.25,
77.5,98.25,
78.25,98.25,
79.0,98.25,
79.75,98.25,
80.5,98.25,
81.25,98.25,
82.0,98.25,
82.75,98.25,
83.5,98.25,
84.25,98.25,
85.0,98.25,
85.75,98.25,
86.5,98.25,
87.25,98.25,
88.0,98.25,
88.75,98.25,
89.5,98.25,
90.25,98.25,
91.0,98.25,
91.75,98.25,
92.5,98.25,
93.25,98.25,
94.0,98.25,
94.75,98.25,
95.5,98.25,
96.25,98.25,
97.0,98.25,
97.75,98.25,
98.5,98.25,
99.25,98.25,
100.0,98.25,
100.75,98.25,
101.5,98.25,
102.25,98.25,
103.0,98.25,
103.75,98.25,
104.5,98.25,
105.25,98.25,
106.0,98.25,
106.75,98.25,
107.5,98.25,
108.25,98.25,
109.0,98.25,
37.0,99.0,
37.75,99.0,
38.5,99.0,
39.25,99.0,
40.0,99.0,
40.75,99.0,
41.5,99.0,
42.25,99.0,
43.0,99.0,
43.75,99.0,
44.5,99.0,
45.25,99.0,
46.0,99.0,
46.75,99.0,
47.5,99.0,
48.25,99.0,
49.0,99.0,
49.75,99.0,
50.5,99.0,
51.25,99.0,
52.0,99.0,
52.75,99.0,
53.5,99.0,
54.25,99.0,
55.0,99.0,
55.75,99.0,
56.5,99.0,
57.25,99.0,
58.0,99.0,
58.75,99.0,
59.5,99.0,
60.25,99.0,
61.0,99.0,
61.75,99.0,
62.5,99.0,
63.25,99.0,
64.0,99.0,
64.75,99.0,
65.5,99.0,
66.25,99.0,
67.0,99.0,
67.75,99.0,
68.5,99.0,
69.25,99.0,
70.0,99.0,
70.75,99.0,
71.5,99.0,
72.25,99.0,
73.0,99.0,
73.75,99.0,
74.5,99.0,
75.25,99.0,
76.0,99.0,
76.75,99.0,
77.5,99.0,
78.25,99.0,
79.0,99.0,
79.75,99.0,
80.5,99.0,
81.25,99.0,
82.0,99.0,
82.75,99.0,
83.5,99.0,
84.25,99.0,
85.0,99.0,
85.75,99.0,
86.5,99.0,
87.25,99.0,
88.0,99.0,
88.75,99.0,
89.5,99.0,
90.25,99.0,
91.0,99.0,
91.75,99.0,
92.5,99.0,
93.25,99.0,
94.0,99.0,
94.75,99.0,
95.5,99.0,
96.25,99.0,
97.0,99.0,
97.75,99.0,
98.5,99.0,
99.25,99.0,
100.0,99.0,
100.75,99.0,
101.5,99.0,
102.25,99.0,
103.0,99.0,
103.75,99.0,
104.5,99.0,
105.25,99.0,
106.0,99.0,
106.75,99.0,
107.5,99.0,
108.25,99.0,
109.0,99.0,
37.0,99.75,
37.75,99.75,
38.5,99.75,
39.25,99.75,
40.0,99.75,
40.75,99.75,
41.5,99.75,
42.25,99.75,
43.0,99.75,
43.75,99.75,
44.5,99.75,
45.25,99.75,
46.0,99.75,
46.75,99.75,
47.5,99.75,
48.25,99.75,
49.0,99.75,
49.75,99.75,
50.5,99.75,
51.25,99.75,
52.0,99.75,
52.75,99.75,
53.5,99.75,
54.25,99.75,
55.0,99.75,
55.75,99.75,
56.5,99.75,
57.25,99.75,
58.0,99.75,
58.75,99.75,
59.5,99.75,
60.25,99.75,
61.0,99.75,
61.75,99.75,
62.5,99.75,
63.25,99.75,
64.0,99.75,
64.75,99.75,
65.5,99.75,
66.25,99.75,
67.0,99.75,
67.75,99.75,
68.5,99.75,
69.25,99.75,
70.0,99.75,
70.75,99.75,
71.5,99.75,
72.25,99.75,
73.0,99.75,
73.75,99.75,
74.5,99.75,
75.25,99.75,
76.0,99.75,
76.75,99.75,
77.5,99.75,
78.25,99.75,
79.0,99.75,
79.75,99.75,
80.5,99.75,
81.25,99.75,
82.0,99.75,
82.75,99.75,
83.5,99.75,
84.25,99.75,
85.0,99.75,
85.75,99.75,
86.5,99.75,
87.25,99.75,
88.0,99.75,
88.75,99.75,
89.5,99.75,
90.25,99.75,
91.0,99.75,
91.75,99.75,
92.5,99.75,
93.25,99.75,
94.0,99.75,
94.75,99.75,
95.5,99.75,
96.25,99.75,
97.0,99.75,
97.75,99.75,
98.5,99.75,
99.25,99.75,
100.0,99.75,
100.75,99.75,
101.5,99.75,
102.25,99.75,
103.0,99.75,
103.75,99.75,
104.5,99.75,
105.25,99.75,
106.0,99.75,
106.75,99.75,
107.5,99.75,
108.25,99.75,
109.0,99.75,
37.0,100.5,
37.75,100.5,
38.5,100.5,
39.25,100.5,
40.0,100.5,
40.75,100.5,
41.5,100.5,
42.25,100.5,
43.0,100.5,
43.75,100.5,
44.5,100.5,
45.25,100.5,
46.0,100.5,
46.75,100.5,
47.5,100.5,
48.25,100.5,
49.0,100.5,
49.75,100.5,
50.5,100.5,
51.25,100.5,
52.0,100.5,
52.75,100.5,
53.5,100.5,
54.25,100.5,
55.0,100.5,
55.75,100.5,
56.5,100.5,
57.25,100.5,
58.0,100.5,
58.75,100.5,
59.5,100.5,
60.25,100.5,
61.0,100.5,
61.75,100.5,
62.5,100.5,
63.25,100.5,
64.0,100.5,
64.75,100.5,
65.5,100.5,
66.25,100.5,
67.0,100.5,
67.75,100.5,
68.5,100.5,
69.25,100.5,
70.0,100.5,
70.75,100.5,
71.5,100.5,
72.25,100.5,
73.0,100.5,
73.75,100.5,
74.5,100.5,
75.25,100.5,
76.0,100.5,
76.75,100.5,
77.5,100.5,
78.25,100.5,
79.0,100.5,
79.75,100.5,
80.5,100.5,
81.25,100.5,
82.0,100.5,
82.75,100.5,
83.5,100.5,
84.25,100.5,
85.0,100.5,
85.75,100.5,
86.5,100.5,
87.25,100.5,
88.0,100.5,
88.75,100.5,
89.5,100.5,
90.25,100.5,
91.0,100.5,
91.75,100.5,
92.5,100.5,
93.25,100.5,
94.0,100.5,
94.75,100.5,
95.5,100.5,
96.25,100.5,
97.0,100.5,
97.75,100.5,
98.5,100.5,
99.25,100.5,
100.0,100.5,
100.75,100.5,
101.5,100.5,
102.25,100.5,
103.0,100.5,
103.75,100.5,
104.5,100.5,
105.25,100.5,
106.0,100.5,
106.75,100.5,
107.5,100.5,
108.25,100.5,
109.0,100.5,
37.0,101.25,
37.75,101.25,
38.5,101.25,
39.25,101.25,
40.0,101.25,
40.75,101.25,
41.5,101.25,
42.25,101.25,
43.0,101.25,
43.75,101.25,
44.5,101.25,
45.25,101.25,
46.0,101.25,
46.75,101.25,
47.5,101.25,
48.25,101.25,
49.0,101.25,
49.75,101.25,
50.5,101.25,
51.25,101.25,
52.0,101.25,
52.75,101.25,
53.5,101.25,
54.25,101.25,
55.0,101.25,
55.75,101.25,
56.5,101.25,
57.25,101.25,
58.0,101.25,
58.75,101.25,
59.5,101.25,
60.25,101.25,
61.0,101.25,
61.75,101.25,
62.5,101.25,
63.25,101.25,
64.0,101.25,
64.75,101.25,
65.5,101.25,
66.25,101.25,
67.0,101.25,
67.75,101.25,
68.5,101.25,
69.25,101.25,
70.0,101.25,
70.75,101.25,
71.5,101.25,
72.25,101.25,
73.0,101.25,
73.75,101.25,
74.5,101.25,
75.25,101.25,
76.0,101.25,
76.75,101.25,
77.5,101.25,
78.25,101.25,
79.0,101.25,
79.75,101.25,
80.5,101.25,
81.25,101.25,
82.0,101.25,
82.75,101.25,
83.5,101.25,
84.25,101.25,
85.0,101.25,
85.75,101.25,
86.5,101.25,
87.25,101.25,
88.0,101.25,
88.75,101.25,
89.5,101.25,
90.25,101.25,
91.0,101.25,
91.75,101.25,
92.5,101.25,
93.25,101.25,
94.0,101.25,
94.75,101.25,
95.5,101.25,
96.25,101.25,
97.0,101.25,
97.75,101.25,
98.5,101.25,
99.25,101.25,
100.0,101.25,
100.75,101.25,
101.5,101.25,
102.25,101.25,
103.0,101.25,
103.75,101.25,
104.5,101.25,
105.25,101.25,
106.0,101.25,
106.75,101.25,
107.5,101.25,
108.25,101.25,
109.0,101.25,
37.0,102.0,
37.75,102.0,
38.5,102.0,
39.25,102.0,
40.0,102.0,
40.75,102.0,
41.5,102.0,
42.25,102.0,
43.0,102.0,
43.75,102.0,
44.5,102.0,
45.25,102.0,
46.0,102.0,
46.75,102.0,
47.5,102.0,
48.25,102.0,
49.0,102.0,
49.75,102.0,
50.5,102.0,
51.25,102.0,
52.0,102.0,
52.75,102.0,
53.5,102.0,
54.25,102.0,
55.0,102.0,
55.75,102.0,
56.5,102.0,
57.25,102.0,
58.0,102.0,
58.75,102.0,
59.5,102.0,
60.25,102.0,
61.0,102.0,
61.75,102.0,
62.5,102.0,
63.25,102.0,
64.0,102.0,
64.75,102.0,
65.5,102.0,
66.25,102.0,
67.0,102.0,
67.75,102.0,
68.5,102.0,
69.25,102.0,
70.0,102.0,
70.75,102.0,
71.5,102.0,
72.25,102.0,
73.0,102.0,
73.75,102.0,
74.5,102.0,
75.25,102.0,
76.0,102.0,
76.75,102.0,
77.5,102.0,
78.25,102.0,
79.0,102.0,
79.75,102.0,
80.5,102.0,
81.25,102.0,
82.0,102.0,
82.75,102.0,
83.5,102.0,
84.25,102.0,
85.0,102.0,
85.75,102.0,
86.5,102.0,
87.25,102.0,
88.0,102.0,
88.75,102.0,
89.5,102.0,
90.25,102.0,
91.0,102.0,
91.75,102.0,
92.5,102.0,
93.25,102.0,
94.0,102.0,
94.75,102.0,
95.5,102.0,
96.25,102.0,
97.0,102.0,
97.75,102.0,
98.5,102.0,
99.25,102.0,
100.0,102.0,
100.75,102.0,
101.5,102.0,
102.25,102.0,
103.0,102.0,
103.75,102.0,
104.5,102.0,
105.25,102.0,
106.0,102.0,
106.75,102.0,
107.5,102.0,
108.25,102.0,
109.0,102.0,
37.0,102.75,
37.75,102.75,
38.5,102.75,
39.25,102.75,
40.0,102.75,
40.75,102.75,
41.5,102.75,
42.25,102.75,
43.0,102.75,
43.75,102.75,
44.5,102.75,
45.25,102.75,
46.0,102.75,
46.75,102.75,
47.5,102.75,
48.25,102.75,
49.0,102.75,
49.75,102.75,
50.5,102.75,
51.25,102.75,
52.0,102.75,
52.75,102.75,
53.5,102.75,
54.25,102.75,
55.0,102.75,
55.75,102.75,
56.5,102.75,
57.25,102.75,
58.0,102.75,
58.75,102.75,
59.5,102.75,
60.25,102.75,
61.0,102.75,
61.75,102.75,
62.5,102.75,
63.25,102.75,
64.0,102.75,
64.75,102.75,
65.5,102.75,
66.25,102.75,
67.0,102.75,
67.75,102.75,
68.5,102.75,
69.25,102.75,
70.0,102.75,
70.75,102.75,
71.5,102.75,
72.25,102.75,
73.0,102.75,
73.75,102.75,
74.5,102.75,
75.25,102.75,
76.0,102.75,
76.75,102.75,
77.5,102.75,
78.25,102.75,
79.0,102.75,
79.75,102.75,
80.5,102.75,
81.25,102.75,
82.0,102.75,
82.75,102.75,
83.5,102.75,
84.25,102.75,
85.0,102.75,
85.75,102.75,
86.5,102.75,
87.25,102.75,
88.0,102.75,
88.75,102.75,
89.5,102.75,
90.25,102.75,
91.0,102.75,
91.75,102.75,
92.5,102.75,
93.25,102.75,
94.0,102.75,
94.75,102.75,
95.5,102.75,
96.25,102.75,
97.0,102.75,
97.75,102.75,
98.5,102.75,
99.25,102.75,
100.0,102.75,
100.75,102.75,
101.5,102.75,
102.25,102.75,
103.0,102.75,
103.75,102.75,
104.5,102.75,
105.25,102.75,
106.0,102.75,
106.75,102.75,
107.5,102.75,
108.25,102.75,
109.0,102.75,
37.0,103.5,
37.75,103.5,
38.5,103.5,
39.25,103.5,
40.0,103.5,
40.75,103.5,
41.5,103.5,
42.25,103.5,
43.0,103.5,
43.75,103.5,
44.5,103.5,
45.25,103.5,
46.0,103.5,
46.75,103.5,
47.5,103.5,
48.25,103.5,
49.0,103.5,
49.75,103.5,
50.5,103.5,
51.25,103.5,
52.0,103.5,
52.75,103.5,
53.5,103.5,
54.25,103.5,
55.0,103.5,
55.75,103.5,
56.5,103.5,
57.25,103.5,
58.0,103.5,
58.75,103.5,
59.5,103.5,
60.25,103.5,
61.0,103.5,
61.75,103.5,
62.5,103.5,
63.25,103.5,
64.0,103.5,
64.75,103.5,
65.5,103.5,
66.25,103.5,
67.0,103.5,
67.75,103.5,
68.5,103.5,
69.25,103.5,
70.0,103.5,
70.75,103.5,
71.5,103.5,
72.25,103.5,
73.0,103.5,
73.75,103.5,
74.5,103.5,
75.25,103.5,
76.0,103.5,
76.75,103.5,
77.5,103.5,
78.25,103.5,
79.0,103.5,
79.75,103.5,
80.5,103.5,
81.25,103.5,
82.0,103.5,
82.75,103.5,
83.5,103.5,
84.25,103.5,
85.0,103.5,
85.75,103.5,
86.5,103.5,
87.25,103.5,
88.0,103.5,
88.75,103.5,
89.5,103.5,
90.25,103.5,
91.0,103.5,
91.75,103.5,
92.5,103.5,
93.25,103.5,
94.0,103.5,
94.75,103.5,
95.5,103.5,
96.25,103.5,
97.0,103.5,
97.75,103.5,
98.5,103.5,
99.25,103.5,
100.0,103.5,
100.75,103.5,
101.5,103.5,
102.25,103.5,
103.0,103.5,
103.75,103.5,
104.5,103.5,
105.25,103.5,
106.0,103.5,
106.75,103.5,
107.5,103.5,
108.25,103.5,
109.0,103.5,
37.0,104.25,
37.75,104.25,
38.5,104.25,
39.25,104.25,
40.0,104.25,
40.75,104.25,
41.5,104.25,
42.25,104.25,
43.0,104.25,
43.75,104.25,
44.5,104.25,
45.25,104.25,
46.0,104.25,
46.75,104.25,
47.5,104.25,
48.25,104.25,
49.0,104.25,
49.75,104.25,
50.5,104.25,
51.25,104.25,
52.0,104.25,
52.75,104.25,
53.5,104.25,
54.25,104.25,
55.0,104.25,
55.75,104.25,
56.5,104.25,
57.25,104.25,
58.0,104.25,
58.75,104.25,
59.5,104.25,
60.25,104.25,
61.0,104.25,
61.75,104.25,
62.5,104.25,
63.25,104.25,
64.0,104.25,
64.75,104.25,
65.5,104.25,
66.25,104.25,
67.0,104.25,
67.75,104.25,
68.5,104.25,
69.25,104.25,
70.0,104.25,
70.75,104.25,
71.5,104.25,
72.25,104.25,
73.0,104.25,
73.75,104.25,
74.5,104.25,
75.25,104.25,
76.0,104.25,
76.75,104.25,
77.5,104.25,
78.25,104.25,
79.0,104.25,
79.75,104.25,
80.5,104.25,
81.25,104.25,
82.0,104.25,
82.75,104.25,
83.5,104.25,
84.25,104.25,
85.0,104.25,
85.75,104.25,
86.5,104.25,
87.25,104.25,
88.0,104.25,
88.75,104.25,
89.5,104.25,
90.25,104.25,
91.0,104.25,
91.75,104.25,
92.5,104.25,
93.25,104.25,
94.0,104.25,
94.75,104.25,
95.5,104.25,
96.25,104.25,
97.0,104.25,
97.75,104.25,
98.5,104.25,
99.25,104.25,
100.0,104.25,
100.75,104.25,
101.5,104.25,
102.25,104.25,
103.0,104.25,
103.75,104.25,
104.5,104.25,
105.25,104.25,
106.0,104.25,
106.75,104.25,
107.5,104.25,
108.25,104.25,
109.0,104.25,
37.0,105.0,
37.75,105.0,
38.5,105.0,
39.25,105.0,
40.0,105.0,
40.75,105.0,
41.5,105.0,
42.25,105.0,
43.0,105.0,
43.75,105.0,
44.5,105.0,
45.25,105.0,
46.0,105.0,
46.75,105.0,
47.5,105.0,
48.25,105.0,
49.0,105.0,
49.75,105.0,
50.5,105.0,
51.25,105.0,
52.0,105.0,
52.75,105.0,
53.5,105.0,
54.25,105.0,
55.0,105.0,
55.75,105.0,
56.5,105.0,
57.25,105.0,
58.0,105.0,
58.75,105.0,
59.5,105.0,
60.25,105.0,
61.0,105.0,
61.75,105.0,
62.5,105.0,
63.25,105.0,
64.0,105.0,
64.75,105.0,
65.5,105.0,
66.25,105.0,
67.0,105.0,
67.75,105.0,
68.5,105.0,
69.25,105.0,
70.0,105.0,
70.75,105.0,
71.5,105.0,
72.25,105.0,
73.0,105.0,
73.75,105.0,
74.5,105.0,
75.25,105.0,
76.0,105.0,
76.75,105.0,
77.5,105.0,
78.25,105.0,
79.0,105.0,
79.75,105.0,
80.5,105.0,
81.25,105.0,
82.0,105.0,
82.75,105.0,
83.5,105.0,
84.25,105.0,
85.0,105.0,
85.75,105.0,
86.5,105.0,
87.25,105.0,
88.0,105.0,
88.75,105.0,
89.5,105.0,
90.25,105.0,
91.0,105.0,
91.75,105.0,
92.5,105.0,
93.25,105.0,
94.0,105.0,
94.75,105.0,
95.5,105.0,
96.25,105.0,
97.0,105.0,
97.75,105.0,
98.5,105.0,
99.25,105.0,
100.0,105.0,
100.75,105.0,
101.5,105.0,
102.25,105.0,
103.0,105.0,
103.75,105.0,
104.5,105.0,
105.25,105.0,
106.0,105.0,
106.75,105.0,
107.5,105.0,
108.25,105.0,
109.0,105.0,
37.0,105.75,
37.75,105.75,
38.5,105.75,
39.25,105.75,
40.0,105.75,
40.75,105.75,
41.5,105.75,
42.25,105.75,
43.0,105.75,
43.75,105.75,
44.5,105.75,
45.25,105.75,
46.0,105.75,
46.75,105.75,
47.5,105.75,
48.25,105.75,
49.0,105.75,
49.75,105.75,
50.5,105.75,
51.25,105.75,
52.0,105.75,
52.75,105.75,
53.5,105.75,
54.25,105.75,
55.0,105.75,
55.75,105.75,
56.5,105.75,
57.25,105.75,
58.0,105.75,
58.75,105.75,
59.5,105.75,
60.25,105.75,
61.0,105.75,
61.75,105.75,
62.5,105.75,
63.25,105.75,
64.0,105.75,
64.75,105.75,
65.5,105.75,
66.25,105.75,
67.0,105.75,
67.75,105.75,
68.5,105.75,
69.25,105.75,
70.0,105.75,
70.75,105.75,
71.5,105.75,
72.25,105.75,
73.0,105.75,
73.75,105.75,
74.5,105.75,
75.25,105.75,
76.0,105.75,
76.75,105.75,
77.5,105.75,
78.25,105.75,
79.0,105.75,
79.75,105.75,
80.5,105.75,
81.25,105.75,
82.0,105.75,
82.75,105.75,
83.5,105.75,
84.25,105.75,
85.0,105.75,
85.75,105.75,
86.5,105.75,
87.25,105.75,
88.0,105.75,
88.75,105.75,
89.5,105.75,
90.25,105.75,
91.0,105.75,
91.75,105.75,
92.5,105.75,
93.25,105.75,
94.0,105.75,
94.75,105.75,
95.5,105.75,
96.25,105.75,
97.0,105.75,
97.75,105.75,
98.5,105.75,
99.25,105.75,
100.0,105.75,
100.75,105.75,
101.5,105.75,
102.25,105.75,
103.0,105.75,
103.75,105.75,
104.5,105.75,
105.25,105.75,
106.0,105.75,
106.75,105.75,
107.5,105.75,
108.25,105.75,
109.0,105.75,
37.0,106.5,
37.75,106.5,
38.5,106.5,
39.25,106.5,
40.0,106.5,
40.75,106.5,
41.5,106.5,
42.25,106.5,
43.0,106.5,
43.75,106.5,
44.5,106.5,
45.25,106.5,
46.0,106.5,
46.75,106.5,
47.5,106.5,
48.25,106.5,
49.0,106.5,
49.75,106.5,
50.5,106.5,
51.25,106.5,
52.0,106.5,
52.75,106.5,
53.5,106.5,
54.25,106.5,
55.0,106.5,
55.75,106.5,
56.5,106.5,
57.25,106.5,
58.0,106.5,
58.75,106.5,
59.5,106.5,
60.25,106.5,
61.0,106.5,
61.75,106.5,
62.5,106.5,
63.25,106.5,
64.0,106.5,
64.75,106.5,
65.5,106.5,
66.25,106.5,
67.0,106.5,
67.75,106.5,
68.5,106.5,
69.25,106.5,
70.0,106.5,
70.75,106.5,
71.5,106.5,
72.25,106.5,
73.0,106.5,
73.75,106.5,
74.5,106.5,
75.25,106.5,
76.0,106.5,
76.75,106.5,
77.5,106.5,
78.25,106.5,
79.0,106.5,
79.75,106.5,
80.5,106.5,
81.25,106.5,
82.0,106.5,
82.75,106.5,
83.5,106.5,
84.25,106.5,
85.0,106.5,
85.75,106.5,
86.5,106.5,
87.25,106.5,
88.0,106.5,
88.75,106.5,
89.5,106.5,
90.25,106.5,
91.0,106.5,
91.75,106.5,
92.5,106.5,
93.25,106.5,
94.0,106.5,
94.75,106.5,
95.5,106.5,
96.25,106.5,
97.0,106.5,
97.75,106.5,
98.5,106.5,
99.25,106.5,
100.0,106.5,
100.75,106.5,
101.5,106.5,
102.25,106.5,
103.0,106.5,
103.75,106.5,
104.5,106.5,
105.25,106.5,
106.0,106.5,
106.75,106.5,
107.5,106.5,
108.25,106.5,
109.0,106.5,
37.0,107.25,
37.75,107.25,
38.5,107.25,
39.25,107.25,
40.0,107.25,
40.75,107.25,
41.5,107.25,
42.25,107.25,
43.0,107.25,
43.75,107.25,
44.5,107.25,
45.25,107.25,
46.0,107.25,
46.75,107.25,
47.5,107.25,
48.25,107.25,
49.0,107.25,
49.75,107.25,
50.5,107.25,
51.25,107.25,
52.0,107.25,
52.75,107.25,
53.5,107.25,
54.25,107.25,
55.0,107.25,
55.75,107.25,
56.5,107.25,
57.25,107.25,
58.0,107.25,
58.75,107.25,
59.5,107.25,
60.25,107.25,
61.0,107.25,
61.75,107.25,
62.5,107.25,
63.25,107.25,
64.0,107.25,
64.75,107.25,
65.5,107.25,
66.25,107.25,
67.0,107.25,
67.75,107.25,
68.5,107.25,
69.25,107.25,
70.0,107.25,
70.75,107.25,
71.5,107.25,
72.25,107.25,
73.0,107.25,
73.75,107.25,
74.5,107.25,
75.25,107.25,
76.0,107.25,
76.75,107.25,
77.5,107.25,
78.25,107.25,
79.0,107.25,
79.75,107.25,
80.5,107.25,
81.25,107.25,
82.0,107.25,
82.75,107.25,
83.5,107.25,
84.25,107.25,
85.0,107.25,
85.75,107.25,
86.5,107.25,
87.25,107.25,
88.0,107.25,
88.75,107.25,
89.5,107.25,
90.25,107.25,
91.0,107.25,
91.75,107.25,
92.5,107.25,
93.25,107.25,
94.0,107.25,
94.75,107.25,
95.5,107.25,
96.25,107.25,
97.0,107.25,
97.75,107.25,
98.5,107.25,
99.25,107.25,
100.0,107.25,
100.75,107.25,
101.5,107.25,
102.25,107.25,
103.0,107.25,
103.75,107.25,
104.5,107.25,
105.25,107.25,
106.0,107.25,
106.75,107.25,
107.5,107.25,
108.25,107.25,
109.0,107.25,
37.0,108.0,
37.75,108.0,
38.5,108.0,
39.25,108.0,
40.0,108.0,
40.75,108.0,
41.5,108.0,
42.25,108.0,
43.0,108.0,
43.75,108.0,
44.5,108.0,
45.25,108.0,
46.0,108.0,
46.75,108.0,
47.5,108.0,
48.25,108.0,
49.0,108.0,
49.75,108.0,
50.5,108.0,
51.25,108.0,
52.0,108.0,
52.75,108.0,
53.5,108.0,
54.25,108.0,
55.0,108.0,
55.75,108.0,
56.5,108.0,
57.25,108.0,
58.0,108.0,
58.75,108.0,
59.5,108.0,
60.25,108.0,
61.0,108.0,
61.75,108.0,
62.5,108.0,
63.25,108.0,
64.0,108.0,
64.75,108.0,
65.5,108.0,
66.25,108.0,
67.0,108.0,
67.75,108.0,
68.5,108.0,
69.25,108.0,
70.0,108.0,
70.75,108.0,
71.5,108.0,
72.25,108.0,
73.0,108.0,
73.75,108.0,
74.5,108.0,
75.25,108.0,
76.0,108.0,
76.75,108.0,
77.5,108.0,
78.25,108.0,
79.0,108.0,
79.75,108.0,
80.5,108.0,
81.25,108.0,
82.0,108.0,
82.75,108.0,
83.5,108.0,
84.25,108.0,
85.0,108.0,
85.75,108.0,
86.5,108.0,
87.25,108.0,
88.0,108.0,
88.75,108.0,
89.5,108.0,
90.25,108.0,
91.0,108.0,
91.75,108.0,
92.5,108.0,
93.25,108.0,
94.0,108.0,
94.75,108.0,
95.5,108.0,
96.25,108.0,
97.0,108.0,
97.75,108.0,
98.5,108.0,
99.25,108.0,
100.0,108.0,
100.75,108.0,
101.5,108.0,
102.25,108.0,
103.0,108.0,
103.75,108.0,
104.5,108.0,
105.25,108.0,
106.0,108.0,
106.75,108.0,
107.5,108.0,
108.25,108.0,
109.0,108.0,
37.0,108.75,
37.75,108.75,
38.5,108.75,
39.25,108.75,
40.0,108.75,
40.75,108.75,
41.5,108.75,
42.25,108.75,
43.0,108.75,
43.75,108.75,
44.5,108.75,
45.25,108.75,
46.0,108.75,
46.75,108.75,
47.5,108.75,
48.25,108.75,
49.0,108.75,
49.75,108.75,
50.5,108.75,
51.25,108.75,
52.0,108.75,
52.75,108.75,
53.5,108.75,
54.25,108.75,
55.0,108.75,
55.75,108.75,
56.5,108.75,
57.25,108.75,
58.0,108.75,
58.75,108.75,
59.5,108.75,
60.25,108.75,
61.0,108.75,
61.75,108.75,
62.5,108.75,
63.25,108.75,
64.0,108.75,
64.75,108.75,
65.5,108.75,
66.25,108.75,
67.0,108.75,
67.75,108.75,
68.5,108.75,
69.25,108.75,
70.0,108.75,
70.75,108.75,
71.5,108.75,
72.25,108.75,
73.0,108.75,
73.75,108.75,
74.5,108.75,
75.25,108.75,
76.0,108.75,
76.75,108.75,
77.5,108.75,
78.25,108.75,
79.0,108.75,
79.75,108.75,
80.5,108.75,
81.25,108.75,
82.0,108.75,
82.75,108.75,
83.5,108.75,
84.25,108.75,
85.0,108.75,
85.75,108.75,
86.5,108.75,
87.25,108.75,
88.0,108.75,
88.75,108.75,
89.5,108.75,
90.25,108.75,
91.0,108.75,
91.75,108.75,
92.5,108.75,
93.25,108.75,
94.0,108.75,
94.75,108.75,
95.5,108.75,
96.25,108.75,
97.0,108.75,
97.75,108.75,
98.5,108.75,
99.25,108.75,
100.0,108.75,
100.75,108.75,
101.5,108.75,
102.25,108.75,
103.0,108.75,
103.75,108.75,
104.5,108.75,
105.25,108.75,
106.0,108.75,
106.75,108.75,
107.5,108.75,
108.25,108.75,
109.0,108.75,
37.0,109.5,
37.75,109.5,
38.5,109.5,
39.25,109.5,
40.0,109.5,
40.75,109.5,
41.5,109.5,
42.25,109.5,
43.0,109.5,
43.75,109.5,
44.5,109.5,
45.25,109.5,
46.0,109.5,
46.75,109.5,
47.5,109.5,
48.25,109.5,
49.0,109.5,
49.75,109.5,
50.5,109.5,
51.25,109.5,
52.0,109.5,
52.75,109.5,
53.5,109.5,
54.25,109.5,
55.0,109.5,
55.75,109.5,
56.5,109.5,
57.25,109.5,
58.0,109.5,
58.75,109.5,
59.5,109.5,
60.25,109.5,
61.0,109.5,
61.75,109.5,
62.5,109.5,
63.25,109.5,
64.0,109.5,
64.75,109.5,
65.5,109.5,
66.25,109.5,
67.0,109.5,
67.75,109.5,
68.5,109.5,
69.25,109.5,
70.0,109.5,
70.75,109.5,
71.5,109.5,
72.25,109.5,
73.0,109.5,
73.75,109.5,
74.5,109.5,
75.25,109.5,
76.0,109.5,
76.75,109.5,
77.5,109.5,
78.25,109.5,
79.0,109.5,
79.75,109.5,
80.5,109.5,
81.25,109.5,
82.0,109.5,
82.75,109.5,
83.5,109.5,
84.25,109.5,
85.0,109.5,
85.75,109.5,
86.5,109.5,
87.25,109.5,
88.0,109.5,
88.75,109.5,
89.5,109.5,
90.25,109.5,
91.0,109.5,
91.75,109.5,
92.5,109.5,
93.25,109.5,
94.0,109.5,
94.75,109.5,
95.5,109.5,
96.25,109.5,
97.0,109.5,
97.75,109.5,
98.5,109.5,
99.25,109.5,
100.0,109.5,
100.75,109.5,
101.5,109.5,
102.25,109.5,
103.0,109.5,
103.75,109.5,
104.5,109.5,
105.25,109.5,
106.0,109.5,
106.75,109.5,
107.5,109.5,
108.25,109.5,
109.0,109.5,
37.0,110.25,
37.75,110.25,
38.5,110.25,
39.25,110.25,
40.0,110.25,
40.75,110.25,
41.5,110.25,
42.25,110.25,
43.0,110.25,
43.75,110.25,
44.5,110.25,
45.25,110.25,
46.0,110.25,
46.75,110.25,
47.5,110.25,
48.25,110.25,
49.0,110.25,
49.75,110.25,
50.5,110.25,
51.25,110.25,
52.0,110.25,
52.75,110.25,
53.5,110.25,
54.25,110.25,
55.0,110.25,
55.75,110.25,
56.5,110.25,
57.25,110.25,
58.0,110.25,
58.75,110.25,
59.5,110.25,
60.25,110.25,
61.0,110.25,
61.75,110.25,
62.5,110.25,
63.25,110.25,
64.0,110.25,
64.75,110.25,
65.5,110.25,
66.25,110.25,
67.0,110.25,
67.75,110.25,
68.5,110.25,
69.25,110.25,
70.0,110.25,
70.75,110.25,
71.5,110.25,
72.25,110.25,
73.0,110.25,
73.75,110.25,
74.5,110.25,
75.25,110.25,
76.0,110.25,
76.75,110.25,
77.5,110.25,
78.25,110.25,
79.0,110.25,
79.75,110.25,
80.5,110.25,
81.25,110.25,
82.0,110.25,
82.75,110.25,
83.5,110.25,
84.25,110.25,
85.0,110.25,
85.75,110.25,
86.5,110.25,
87.25,110.25,
88.0,110.25,
88.75,110.25,
89.5,110.25,
90.25,110.25,
91.0,110.25,
91.75,110.25,
92.5,110.25,
93.25,110.25,
94.0,110.25,
94.75,110.25,
95.5,110.25,
96.25,110.25,
97.0,110.25,
97.75,110.25,
98.5,110.25,
99.25,110.25,
100.0,110.25,
100.75,110.25,
101.5,110.25,
102.25,110.25,
103.0,110.25,
103.75,110.25,
104.5,110.25,
105.25,110.25,
106.0,110.25,
106.75,110.25,
107.5,110.25,
108.25,110.25,
109.0,110.25,
37.0,111.0,
37.75,111.0,
38.5,111.0,
39.25,111.0,
40.0,111.0,
40.75,111.0,
41.5,111.0,
42.25,111.0,
43.0,111.0,
43.75,111.0,
44.5,111.0,
45.25,111.0,
46.0,111.0,
46.75,111.0,
47.5,111.0,
48.25,111.0,
49.0,111.0,
49.75,111.0,
50.5,111.0,
51.25,111.0,
52.0,111.0,
52.75,111.0,
53.5,111.0,
54.25,111.0,
55.0,111.0,
55.75,111.0,
56.5,111.0,
57.25,111.0,
58.0,111.0,
58.75,111.0,
59.5,111.0,
60.25,111.0,
61.0,111.0,
61.75,111.0,
62.5,111.0,
63.25,111.0,
64.0,111.0,
64.75,111.0,
65.5,111.0,
66.25,111.0,
67.0,111.0,
67.75,111.0,
68.5,111.0,
69.25,111.0,
70.0,111.0,
70.75,111.0,
71.5,111.0,
72.25,111.0,
73.0,111.0,
73.75,111.0,
74.5,111.0,
75.25,111.0,
76.0,111.0,
76.75,111.0,
77.5,111.0,
78.25,111.0,
79.0,111.0,
79.75,111.0,
80.5,111.0,
81.25,111.0,
82.0,111.0,
82.75,111.0,
83.5,111.0,
84.25,111.0,
85.0,111.0,
85.75,111.0,
86.5,111.0,
87.25,111.0,
88.0,111.0,
88.75,111.0,
89.5,111.0,
90.25,111.0,
91.0,111.0,
91.75,111.0,
92.5,111.0,
93.25,111.0,
94.0,111.0,
94.75,111.0,
95.5,111.0,
96.25,111.0,
97.0,111.0,
97.75,111.0,
98.5,111.0,
99.25,111.0,
100.0,111.0,
100.75,111.0,
101.5,111.0,
102.25,111.0,
103.0,111.0,
103.75,111.0,
104.5,111.0,
105.25,111.0,
106.0,111.0,
106.75,111.0,
107.5,111.0,
108.25,111.0,
109.0,111.0,
37.0,111.75,
37.75,111.75,
38.5,111.75,
39.25,111.75,
40.0,111.75,
40.75,111.75,
41.5,111.75,
42.25,111.75,
43.0,111.75,
43.75,111.75,
44.5,111.75,
45.25,111.75,
46.0,111.75,
46.75,111.75,
47.5,111.75,
48.25,111.75,
49.0,111.75,
49.75,111.75,
50.5,111.75,
51.25,111.75,
52.0,111.75,
52.75,111.75,
53.5,111.75,
54.25,111.75,
55.0,111.75,
55.75,111.75,
56.5,111.75,
57.25,111.75,
58.0,111.75,
58.75,111.75,
59.5,111.75,
60.25,111.75,
61.0,111.75,
61.75,111.75,
62.5,111.75,
63.25,111.75,
64.0,111.75,
64.75,111.75,
65.5,111.75,
66.25,111.75,
67.0,111.75,
67.75,111.75,
68.5,111.75,
69.25,111.75,
70.0,111.75,
70.75,111.75,
71.5,111.75,
72.25,111.75,
73.0,111.75,
73.75,111.75,
74.5,111.75,
75.25,111.75,
76.0,111.75,
76.75,111.75,
77.5,111.75,
78.25,111.75,
79.0,111.75,
79.75,111.75,
80.5,111.75,
81.25,111.75,
82.0,111.75,
82.75,111.75,
83.5,111.75,
84.25,111.75,
85.0,111.75,
85.75,111.75,
86.5,111.75,
87.25,111.75,
88.0,111.75,
88.75,111.75,
89.5,111.75,
90.25,111.75,
91.0,111.75,
91.75,111.75,
92.5,111.75,
93.25,111.75,
94.0,111.75,
94.75,111.75,
95.5,111.75,
96.25,111.75,
97.0,111.75,
97.75,111.75,
98.5,111.75,
99.25,111.75,
100.0,111.75,
100.75,111.75,
101.5,111.75,
102.25,111.75,
103.0,111.75,
103.75,111.75,
104.5,111.75,
105.25,111.75,
106.0,111.75,
106.75,111.75,
107.5,111.75,
108.25,111.75,
109.0,111.75,
37.0,112.5,
37.75,112.5,
38.5,112.5,
39.25,112.5,
40.0,112.5,
40.75,112.5,
41.5,112.5,
42.25,112.5,
43.0,112.5,
43.75,112.5,
44.5,112.5,
45.25,112.5,
46.0,112.5,
46.75,112.5,
47.5,112.5,
48.25,112.5,
49.0,112.5,
49.75,112.5,
50.5,112.5,
51.25,112.5,
52.0,112.5,
52.75,112.5,
53.5,112.5,
54.25,112.5,
55.0,112.5,
55.75,112.5,
56.5,112.5,
57.25,112.5,
58.0,112.5,
58.75,112.5,
59.5,112.5,
60.25,112.5,
61.0,112.5,
61.75,112.5,
62.5,112.5,
63.25,112.5,
64.0,112.5,
64.75,112.5,
65.5,112.5,
66.25,112.5,
67.0,112.5,
67.75,112.5,
68.5,112.5,
69.25,112.5,
70.0,112.5,
70.75,112.5,
71.5,112.5,
72.25,112.5,
73.0,112.5,
73.75,112.5,
74.5,112.5,
75.25,112.5,
76.0,112.5,
76.75,112.5,
77.5,112.5,
78.25,112.5,
79.0,112.5,
79.75,112.5,
80.5,112.5,
81.25,112.5,
82.0,112.5,
82.75,112.5,
83.5,112.5,
84.25,112.5,
85.0,112.5,
85.75,112.5,
86.5,112.5,
87.25,112.5,
88.0,112.5,
88.75,112.5,
89.5,112.5,
90.25,112.5,
91.0,112.5,
91.75,112.5,
92.5,112.5,
93.25,112.5,
94.0,112.5,
94.75,112.5,
95.5,112.5,
96.25,112.5,
97.0,112.5,
97.75,112.5,
98.5,112.5,
99.25,112.5,
100.0,112.5,
100.75,112.5,
101.5,112.5,
102.25,112.5,
103.0,112.5,
103.75,112.5,
104.5,112.5,
105.25,112.5,
106.0,112.5,
106.75,112.5,
107.5,112.5,
108.25,112.5,
109.0,112.5,
37.0,113.25,
37.75,113.25,
38.5,113.25,
39.25,113.25,
40.0,113.25,
40.75,113.25,
41.5,113.25,
42.25,113.25,
43.0,113.25,
43.75,113.25,
44.5,113.25,
45.25,113.25,
46.0,113.25,
46.75,113.25,
47.5,113.25,
48.25,113.25,
49.0,113.25,
49.75,113.25,
50.5,113.25,
51.25,113.25,
52.0,113.25,
52.75,113.25,
53.5,113.25,
54.25,113.25,
55.0,113.25,
55.75,113.25,
56.5,113.25,
57.25,113.25,
58.0,113.25,
58.75,113.25,
59.5,113.25,
60.25,113.25,
61.0,113.25,
61.75,113.25,
62.5,113.25,
63.25,113.25,
64.0,113.25,
64.75,113.25,
65.5,113.25,
66.25,113.25,
67.0,113.25,
67.75,113.25,
68.5,113.25,
69.25,113.25,
70.0,113.25,
70.75,113.25,
71.5,113.25,
72.25,113.25,
73.0,113.25,
73.75,113.25,
74.5,113.25,
75.25,113.25,
76.0,113.25,
76.75,113.25,
77.5,113.25,
78.25,113.25,
79.0,113.25,
79.75,113.25,
80.5,113.25,
81.25,113.25,
82.0,113.25,
82.75,113.25,
83.5,113.25,
84.25,113.25,
85.0,113.25,
85.75,113.25,
86.5,113.25,
87.25,113.25,
88.0,113.25,
88.75,113.25,
89.5,113.25,
90.25,113.25,
91.0,113.25,
91.75,113.25,
92.5,113.25,
93.25,113.25,
94.0,113.25,
94.75,113.25,
95.5,113.25,
96.25,113.25,
97.0,113.25,
97.75,113.25,
98.5,113.25,
99.25,113.25,
100.0,113.25,
100.75,113.25,
101.5,113.25,
102.25,113.25,
103.0,113.25,
103.75,113.25,
104.5,113.25,
105.25,113.25,
106.0,113.25,
106.75,113.25,
107.5,113.25,
108.25,113.25,
109.0,113.25,
37.0,114.0,
37.75,114.0,
38.5,114.0,
39.25,114.0,
40.0,114.0,
40.75,114.0,
41.5,114.0,
42.25,114.0,
43.0,114.0,
43.75,114.0,
44.5,114.0,
45.25,114.0,
46.0,114.0,
46.75,114.0,
47.5,114.0,
48.25,114.0,
49.0,114.0,
49.75,114.0,
50.5,114.0,
51.25,114.0,
52.0,114.0,
52.75,114.0,
53.5,114.0,
54.25,114.0,
55.0,114.0,
55.75,114.0,
56.5,114.0,
57.25,114.0,
58.0,114.0,
58.75,114.0,
59.5,114.0,
60.25,114.0,
61.0,114.0,
61.75,114.0,
62.5,114.0,
63.25,114.0,
64.0,114.0,
64.75,114.0,
65.5,114.0,
66.25,114.0,
67.0,114.0,
67.75,114.0,
68.5,114.0,
69.25,114.0,
70.0,114.0,
70.75,114.0,
71.5,114.0,
72.25,114.0,
73.0,114.0,
73.75,114.0,
74.5,114.0,
75.25,114.0,
76.0,114.0,
76.75,114.0,
77.5,114.0,
78.25,114.0,
79.0,114.0,
79.75,114.0,
80.5,114.0,
81.25,114.0,
82.0,114.0,
82.75,114.0,
83.5,114.0,
84.25,114.0,
85.0,114.0,
85.75,114.0,
86.5,114.0,
87.25,114.0,
88.0,114.0,
88.75,114.0,
89.5,114.0,
90.25,114.0,
91.0,114.0,
91.75,114.0,
92.5,114.0,
93.25,114.0,
94.0,114.0,
94.75,114.0,
95.5,114.0,
96.25,114.0,
97.0,114.0,
97.75,114.0,
98.5,114.0,
99.25,114.0,
100.0,114.0,
100.75,114.0,
101.5,114.0,
102.25,114.0,
103.0,114.0,
103.75,114.0,
104.5,114.0,
105.25,114.0,
106.0,114.0,
106.75,114.0,
107.5,114.0,
108.25,114.0,
109.0,114.0,
37.0,114.75,
37.75,114.75,
38.5,114.75,
39.25,114.75,
40.0,114.75,
40.75,114.75,
41.5,114.75,
42.25,114.75,
43.0,114.75,
43.75,114.75,
44.5,114.75,
45.25,114.75,
46.0,114.75,
46.75,114.75,
47.5,114.75,
48.25,114.75,
49.0,114.75,
49.75,114.75,
50.5,114.75,
51.25,114.75,
52.0,114.75,
52.75,114.75,
53.5,114.75,
54.25,114.75,
55.0,114.75,
55.75,114.75,
56.5,114.75,
57.25,114.75,
58.0,114.75,
58.75,114.75,
59.5,114.75,
60.25,114.75,
61.0,114.75,
61.75,114.75,
62.5,114.75,
63.25,114.75,
64.0,114.75,
64.75,114.75,
65.5,114.75,
66.25,114.75,
67.0,114.75,
67.75,114.75,
68.5,114.75,
69.25,114.75,
70.0,114.75,
70.75,114.75,
71.5,114.75,
72.25,114.75,
73.0,114.75,
73.75,114.75,
74.5,114.75,
75.25,114.75,
76.0,114.75,
76.75,114.75,
77.5,114.75,
78.25,114.75,
79.0,114.75,
79.75,114.75,
80.5,114.75,
81.25,114.75,
82.0,114.75,
82.75,114.75,
83.5,114.75,
84.25,114.75,
85.0,114.75,
85.75,114.75,
86.5,114.75,
87.25,114.75,
88.0,114.75,
88.75,114.75,
89.5,114.75,
90.25,114.75,
91.0,114.75,
91.75,114.75,
92.5,114.75,
93.25,114.75,
94.0,114.75,
94.75,114.75,
95.5,114.75,
96.25,114.75,
97.0,114.75,
97.75,114.75,
98.5,114.75,
99.25,114.75,
100.0,114.75,
100.75,114.75,
101.5,114.75,
102.25,114.75,
103.0,114.75,
103.75,114.75,
104.5,114.75,
105.25,114.75,
106.0,114.75,
106.75,114.75,
107.5,114.75,
108.25,114.75,
109.0,114.75,
37.0,115.5,
37.75,115.5,
38.5,115.5,
39.25,115.5,
40.0,115.5,
40.75,115.5,
41.5,115.5,
42.25,115.5,
43.0,115.5,
43.75,115.5,
44.5,115.5,
45.25,115.5,
46.0,115.5,
46.75,115.5,
47.5,115.5,
48.25,115.5,
49.0,115.5,
49.75,115.5,
50.5,115.5,
51.25,115.5,
52.0,115.5,
52.75,115.5,
53.5,115.5,
54.25,115.5,
55.0,115.5,
55.75,115.5,
56.5,115.5,
57.25,115.5,
58.0,115.5,
58.75,115.5,
59.5,115.5,
60.25,115.5,
61.0,115.5,
61.75,115.5,
62.5,115.5,
63.25,115.5,
64.0,115.5,
64.75,115.5,
65.5,115.5,
66.25,115.5,
67.0,115.5,
67.75,115.5,
68.5,115.5,
69.25,115.5,
70.0,115.5,
70.75,115.5,
71.5,115.5,
72.25,115.5,
73.0,115.5,
73.75,115.5,
74.5,115.5,
75.25,115.5,
76.0,115.5,
76.75,115.5,
77.5,115.5,
78.25,115.5,
79.0,115.5,
79.75,115.5,
80.5,115.5,
81.25,115.5,
82.0,115.5,
82.75,115.5,
83.5,115.5,
84.25,115.5,
85.0,115.5,
85.75,115.5,
86.5,115.5,
87.25,115.5,
88.0,115.5,
88.75,115.5,
89.5,115.5,
90.25,115.5,
91.0,115.5,
91.75,115.5,
92.5,115.5,
93.25,115.5,
94.0,115.5,
94.75,115.5,
95.5,115.5,
96.25,115.5,
97.0,115.5,
97.75,115.5,
98.5,115.5,
99.25,115.5,
100.0,115.5,
100.75,115.5,
101.5,115.5,
102.25,115.5,
103.0,115.5,
103.75,115.5,
104.5,115.5,
105.25,115.5,
106.0,115.5,
106.75,115.5,
107.5,115.5,
108.25,115.5,
109.0,115.5,
37.0,116.25,
37.75,116.25,
38.5,116.25,
39.25,116.25,
40.0,116.25,
40.75,116.25,
41.5,116.25,
42.25,116.25,
43.0,116.25,
43.75,116.25,
44.5,116.25,
45.25,116.25,
46.0,116.25,
46.75,116.25,
47.5,116.25,
48.25,116.25,
49.0,116.25,
49.75,116.25,
50.5,116.25,
51.25,116.25,
52.0,116.25,
52.75,116.25,
53.5,116.25,
54.25,116.25,
55.0,116.25,
55.75,116.25,
56.5,116.25,
57.25,116.25,
58.0,116.25,
58.75,116.25,
59.5,116.25,
60.25,116.25,
61.0,116.25,
61.75,116.25,
62.5,116.25,
63.25,116.25,
64.0,116.25,
64.75,116.25,
65.5,116.25,
66.25,116.25,
67.0,116.25,
67.75,116.25,
68.5,116.25,
69.25,116.25,
70.0,116.25,
70.75,116.25,
71.5,116.25,
72.25,116.25,
73.0,116.25,
73.75,116.25,
74.5,116.25,
75.25,116.25,
76.0,116.25,
76.75,116.25,
77.5,116.25,
78.25,116.25,
79.0,116.25,
79.75,116.25,
80.5,116.25,
81.25,116.25,
82.0,116.25,
82.75,116.25,
83.5,116.25,
84.25,116.25,
85.0,116.25,
85.75,116.25,
86.5,116.25,
87.25,116.25,
88.0,116.25,
88.75,116.25,
89.5,116.25,
90.25,116.25,
91.0,116.25,
91.75,116.25,
92.5,116.25,
93.25,116.25,
94.0,116.25,
94.75,116.25,
95.5,116.25,
96.25,116.25,
97.0,116.25,
97.75,116.25,
98.5,116.25,
99.25,116.25,
100.0,116.25,
100.75,116.25,
101.5,116.25,
102.25,116.25,
103.0,116.25,
103.75,116.25,
104.5,116.25,
105.25,116.25,
106.0,116.25,
106.75,116.25,
107.5,116.25,
108.25,116.25,
109.0,116.25,
37.0,117.0,
37.75,117.0,
38.5,117.0,
39.25,117.0,
40.0,117.0,
40.75,117.0,
41.5,117.0,
42.25,117.0,
43.0,117.0,
43.75,117.0,
44.5,117.0,
45.25,117.0,
46.0,117.0,
46.75,117.0,
47.5,117.0,
48.25,117.0,
49.0,117.0,
49.75,117.0,
50.5,117.0,
51.25,117.0,
52.0,117.0,
52.75,117.0,
53.5,117.0,
54.25,117.0,
55.0,117.0,
55.75,117.0,
56.5,117.0,
57.25,117.0,
58.0,117.0,
58.75,117.0,
59.5,117.0,
60.25,117.0,
61.0,117.0,
61.75,117.0,
62.5,117.0,
63.25,117.0,
64.0,117.0,
64.75,117.0,
65.5,117.0,
66.25,117.0,
67.0,117.0,
67.75,117.0,
68.5,117.0,
69.25,117.0,
70.0,117.0,
70.75,117.0,
71.5,117.0,
72.25,117.0,
73.0,117.0,
73.75,117.0,
74.5,117.0,
75.25,117.0,
76.0,117.0,
76.75,117.0,
77.5,117.0,
78.25,117.0,
79.0,117.0,
79.75,117.0,
80.5,117.0,
81.25,117.0,
82.0,117.0,
82.75,117.0,
83.5,117.0,
84.25,117.0,
85.0,117.0,
85.75,117.0,
86.5,117.0,
87.25,117.0,
88.0,117.0,
88.75,117.0,
89.5,117.0,
90.25,117.0,
91.0,117.0,
91.75,117.0,
92.5,117.0,
93.25,117.0,
94.0,117.0,
94.75,117.0,
95.5,117.0,
96.25,117.0,
97.0,117.0,
97.75,117.0,
98.5,117.0,
99.25,117.0,
100.0,117.0,
100.75,117.0,
101.5,117.0,
102.25,117.0,
103.0,117.0,
103.75,117.0,
104.5,117.0,
105.25,117.0,
106.0,117.0,
106.75,117.0,
107.5,117.0,
108.25,117.0,
109.0,117.0,
37.0,117.75,
37.75,117.75,
38.5,117.75,
39.25,117.75,
40.0,117.75,
40.75,117.75,
41.5,117.75,
42.25,117.75,
43.0,117.75,
43.75,117.75,
44.5,117.75,
45.25,117.75,
46.0,117.75,
46.75,117.75,
47.5,117.75,
48.25,117.75,
49.0,117.75,
49.75,117.75,
50.5,117.75,
51.25,117.75,
52.0,117.75,
52.75,117.75,
53.5,117.75,
54.25,117.75,
55.0,117.75,
55.75,117.75,
56.5,117.75,
57.25,117.75,
58.0,117.75,
58.75,117.75,
59.5,117.75,
60.25,117.75,
61.0,117.75,
61.75,117.75,
62.5,117.75,
63.25,117.75,
64.0,117.75,
64.75,117.75,
65.5,117.75,
66.25,117.75,
67.0,117.75,
67.75,117.75,
68.5,117.75,
69.25,117.75,
70.0,117.75,
70.75,117.75,
71.5,117.75,
72.25,117.75,
73.0,117.75,
73.75,117.75,
74.5,117.75,
75.25,117.75,
76.0,117.75,
76.75,117.75,
77.5,117.75,
78.25,117.75,
79.0,117.75,
79.75,117.75,
80.5,117.75,
81.25,117.75,
82.0,117.75,
82.75,117.75,
83.5,117.75,
84.25,117.75,
85.0,117.75,
85.75,117.75,
86.5,117.75,
87.25,117.75,
88.0,117.75,
88.75,117.75,
89.5,117.75,
90.25,117.75,
91.0,117.75,
91.75,117.75,
92.5,117.75,
93.25,117.75,
94.0,117.75,
94.75,117.75,
95.5,117.75,
96.25,117.75,
97.0,117.75,
97.75,117.75,
98.5,117.75,
99.25,117.75,
100.0,117.75,
100.75,117.75,
101.5,117.75,
102.25,117.75,
103.0,117.75,
103.75,117.75,
104.5,117.75,
105.25,117.75,
106.0,117.75,
106.75,117.75,
107.5,117.75,
108.25,117.75,
109.0,117.75,
37.0,118.5,
37.75,118.5,
38.5,118.5,
39.25,118.5,
40.0,118.5,
40.75,118.5,
41.5,118.5,
42.25,118.5,
43.0,118.5,
43.75,118.5,
44.5,118.5,
45.25,118.5,
46.0,118.5,
46.75,118.5,
47.5,118.5,
48.25,118.5,
49.0,118.5,
49.75,118.5,
50.5,118.5,
51.25,118.5,
52.0,118.5,
52.75,118.5,
53.5,118.5,
54.25,118.5,
55.0,118.5,
55.75,118.5,
56.5,118.5,
57.25,118.5,
58.0,118.5,
58.75,118.5,
59.5,118.5,
60.25,118.5,
61.0,118.5,
61.75,118.5,
62.5,118.5,
63.25,118.5,
64.0,118.5,
64.75,118.5,
65.5,118.5,
66.25,118.5,
67.0,118.5,
67.75,118.5,
68.5,118.5,
69.25,118.5,
70.0,118.5,
70.75,118.5,
71.5,118.5,
72.25,118.5,
73.0,118.5,
73.75,118.5,
74.5,118.5,
75.25,118.5,
76.0,118.5,
76.75,118.5,
77.5,118.5,
78.25,118.5,
79.0,118.5,
79.75,118.5,
80.5,118.5,
81.25,118.5,
82.0,118.5,
82.75,118.5,
83.5,118.5,
84.25,118.5,
85.0,118.5,
85.75,118.5,
86.5,118.5,
87.25,118.5,
88.0,118.5,
88.75,118.5,
89.5,118.5,
90.25,118.5,
91.0,118.5,
91.75,118.5,
92.5,118.5,
93.25,118.5,
94.0,118.5,
94.75,118.5,
95.5,118.5,
96.25,118.5,
97.0,118.5,
97.75,118.5,
98.5,118.5,
99.25,118.5,
100.0,118.5,
100.75,118.5,
101.5,118.5,
102.25,118.5,
103.0,118.5,
103.75,118.5,
104.5,118.5,
105.25,118.5,
106.0,118.5,
106.75,118.5,
107.5,118.5,
108.25,118.5,
109.0,118.5,
37.0,119.25,
37.75,119.25,
38.5,119.25,
39.25,119.25,
40.0,119.25,
40.75,119.25,
41.5,119.25,
42.25,119.25,
43.0,119.25,
43.75,119.25,
44.5,119.25,
45.25,119.25,
46.0,119.25,
46.75,119.25,
47.5,119.25,
48.25,119.25,
49.0,119.25,
49.75,119.25,
50.5,119.25,
51.25,119.25,
52.0,119.25,
52.75,119.25,
53.5,119.25,
54.25,119.25,
55.0,119.25,
55.75,119.25,
56.5,119.25,
57.25,119.25,
58.0,119.25,
58.75,119.25,
59.5,119.25,
60.25,119.25,
61.0,119.25,
61.75,119.25,
62.5,119.25,
63.25,119.25,
64.0,119.25,
64.75,119.25,
65.5,119.25,
66.25,119.25,
67.0,119.25,
67.75,119.25,
68.5,119.25,
69.25,119.25,
70.0,119.25,
70.75,119.25,
71.5,119.25,
72.25,119.25,
73.0,119.25,
73.75,119.25,
74.5,119.25,
75.25,119.25,
76.0,119.25,
76.75,119.25,
77.5,119.25,
78.25,119.25,
79.0,119.25,
79.75,119.25,
80.5,119.25,
81.25,119.25,
82.0,119.25,
82.75,119.25,
83.5,119.25,
84.25,119.25,
85.0,119.25,
85.75,119.25,
86.5,119.25,
87.25,119.25,
88.0,119.25,
88.75,119.25,
89.5,119.25,
90.25,119.25,
91.0,119.25,
91.75,119.25,
92.5,119.25,
93.25,119.25,
94.0,119.25,
94.75,119.25,
95.5,119.25,
96.25,119.25,
97.0,119.25,
97.75,119.25,
98.5,119.25,
99.25,119.25,
100.0,119.25,
100.75,119.25,
101.5,119.25,
102.25,119.25,
103.0,119.25,
103.75,119.25,
104.5,119.25,
105.25,119.25,
106.0,119.25,
106.75,119.25,
107.5,119.25,
108.25,119.25,
109.0,119.25,
37.0,120.0,
37.75,120.0,
38.5,120.0,
39.25,120.0,
40.0,120.0,
40.75,120.0,
41.5,120.0,
42.25,120.0,
43.0,120.0,
43.75,120.0,
44.5,120.0,
45.25,120.0,
46.0,120.0,
46.75,120.0,
47.5,120.0,
48.25,120.0,
49.0,120.0,
49.75,120.0,
50.5,120.0,
51.25,120.0,
52.0,120.0,
52.75,120.0,
53.5,120.0,
54.25,120.0,
55.0,120.0,
55.75,120.0,
56.5,120.0,
57.25,120.0,
58.0,120.0,
58.75,120.0,
59.5,120.0,
60.25,120.0,
61.0,120.0,
61.75,120.0,
62.5,120.0,
63.25,120.0,
64.0,120.0,
64.75,120.0,
65.5,120.0,
66.25,120.0,
67.0,120.0,
67.75,120.0,
68.5,120.0,
69.25,120.0,
70.0,120.0,
70.75,120.0,
71.5,120.0,
72.25,120.0,
73.0,120.0,
73.75,120.0,
74.5,120.0,
75.25,120.0,
76.0,120.0,
76.75,120.0,
77.5,120.0,
78.25,120.0,
79.0,120.0,
79.75,120.0,
80.5,120.0,
81.25,120.0,
82.0,120.0,
82.75,120.0,
83.5,120.0,
84.25,120.0,
85.0,120.0,
85.75,120.0,
86.5,120.0,
87.25,120.0,
88.0,120.0,
88.75,120.0,
89.5,120.0,
90.25,120.0,
91.0,120.0,
91.75,120.0,
92.5,120.0,
93.25,120.0,
94.0,120.0,
94.75,120.0,
95.5,120.0,
96.25,120.0,
97.0,120.0,
97.75,120.0,
98.5,120.0,
99.25,120.0,
100.0,120.0,
100.75,120.0,
101.5,120.0,
102.25,120.0,
103.0,120.0,
103.75,120.0,
104.5,120.0,
105.25,120.0,
106.0,120.0,
106.75,120.0,
107.5,120.0,
108.25,120.0,
109.0,120.0,
37.0,120.75,
37.75,120.75,
38.5,120.75,
39.25,120.75,
40.0,120.75,
40.75,120.75,
41.5,120.75,
42.25,120.75,
43.0,120.75,
43.75,120.75,
44.5,120.75,
45.25,120.75,
46.0,120.75,
46.75,120.75,
47.5,120.75,
48.25,120.75,
49.0,120.75,
49.75,120.75,
50.5,120.75,
51.25,120.75,
52.0,120.75,
52.75,120.75,
53.5,120.75,
54.25,120.75,
55.0,120.75,
55.75,120.75,
56.5,120.75,
57.25,120.75,
58.0,120.75,
58.75,120.75,
59.5,120.75,
60.25,120.75,
61.0,120.75,
61.75,120.75,
62.5,120.75,
63.25,120.75,
64.0,120.75,
64.75,120.75,
65.5,120.75,
66.25,120.75,
67.0,120.75,
67.75,120.75,
68.5,120.75,
69.25,120.75,
70.0,120.75,
70.75,120.75,
71.5,120.75,
72.25,120.75,
73.0,120.75,
73.75,120.75,
74.5,120.75,
75.25,120.75,
76.0,120.75,
76.75,120.75,
77.5,120.75,
78.25,120.75,
79.0,120.75,
79.75,120.75,
80.5,120.75,
81.25,120.75,
82.0,120.75,
82.75,120.75,
83.5,120.75,
84.25,120.75,
85.0,120.75,
85.75,120.75,
86.5,120.75,
87.25,120.75,
88.0,120.75,
88.75,120.75,
89.5,120.75,
90.25,120.75,
91.0,120.75,
91.75,120.75,
92.5,120.75,
93.25,120.75,
94.0,120.75,
94.75,120.75,
95.5,120.75,
96.25,120.75,
97.0,120.75,
97.75,120.75,
98.5,120.75,
99.25,120.75,
100.0,120.75,
100.75,120.75,
101.5,120.75,
102.25,120.75,
103.0,120.75,
103.75,120.75,
104.5,120.75,
105.25,120.75,
106.0,120.75,
106.75,120.75,
107.5,120.75,
108.25,120.75,
109.0,120.75,
37.0,121.5,
37.75,121.5,
38.5,121.5,
39.25,121.5,
40.0,121.5,
40.75,121.5,
41.5,121.5,
42.25,121.5,
43.0,121.5,
43.75,121.5,
44.5,121.5,
45.25,121.5,
46.0,121.5,
46.75,121.5,
47.5,121.5,
48.25,121.5,
49.0,121.5,
49.75,121.5,
50.5,121.5,
51.25,121.5,
52.0,121.5,
52.75,121.5,
53.5,121.5,
54.25,121.5,
55.0,121.5,
55.75,121.5,
56.5,121.5,
57.25,121.5,
58.0,121.5,
58.75,121.5,
59.5,121.5,
60.25,121.5,
61.0,121.5,
61.75,121.5,
62.5,121.5,
63.25,121.5,
64.0,121.5,
64.75,121.5,
65.5,121.5,
66.25,121.5,
67.0,121.5,
67.75,121.5,
68.5,121.5,
69.25,121.5,
70.0,121.5,
70.75,121.5,
71.5,121.5,
72.25,121.5,
73.0,121.5,
73.75,121.5,
74.5,121.5,
75.25,121.5,
76.0,121.5,
76.75,121.5,
77.5,121.5,
78.25,121.5,
79.0,121.5,
79.75,121.5,
80.5,121.5,
81.25,121.5,
82.0,121.5,
82.75,121.5,
83.5,121.5,
84.25,121.5,
85.0,121.5,
85.75,121.5,
86.5,121.5,
87.25,121.5,
88.0,121.5,
88.75,121.5,
89.5,121.5,
90.25,121.5,
91.0,121.5,
91.75,121.5,
92.5,121.5,
93.25,121.5,
94.0,121.5,
94.75,121.5,
95.5,121.5,
96.25,121.5,
97.0,121.5,
97.75,121.5,
98.5,121.5,
99.25,121.5,
100.0,121.5,
100.75,121.5,
101.5,121.5,
102.25,121.5,
103.0,121.5,
103.75,121.5,
104.5,121.5,
105.25,121.5,
106.0,121.5,
106.75,121.5,
107.5,121.5,
108.25,121.5,
109.0,121.5,
37.0,122.25,
37.75,122.25,
38.5,122.25,
39.25,122.25,
40.0,122.25,
40.75,122.25,
41.5,122.25,
42.25,122.25,
43.0,122.25,
43.75,122.25,
44.5,122.25,
45.25,122.25,
46.0,122.25,
46.75,122.25,
47.5,122.25,
48.25,122.25,
49.0,122.25,
49.75,122.25,
50.5,122.25,
51.25,122.25,
52.0,122.25,
52.75,122.25,
53.5,122.25,
54.25,122.25,
55.0,122.25,
55.75,122.25,
56.5,122.25,
57.25,122.25,
58.0,122.25,
58.75,122.25,
59.5,122.25,
60.25,122.25,
61.0,122.25,
61.75,122.25,
62.5,122.25,
63.25,122.25,
64.0,122.25,
64.75,122.25,
65.5,122.25,
66.25,122.25,
67.0,122.25,
67.75,122.25,
68.5,122.25,
69.25,122.25,
70.0,122.25,
70.75,122.25,
71.5,122.25,
72.25,122.25,
73.0,122.25,
73.75,122.25,
74.5,122.25,
75.25,122.25,
76.0,122.25,
76.75,122.25,
77.5,122.25,
78.25,122.25,
79.0,122.25,
79.75,122.25,
80.5,122.25,
81.25,122.25,
82.0,122.25,
82.75,122.25,
83.5,122.25,
84.25,122.25,
85.0,122.25,
85.75,122.25,
86.5,122.25,
87.25,122.25,
88.0,122.25,
88.75,122.25,
89.5,122.25,
90.25,122.25,
91.0,122.25,
91.75,122.25,
92.5,122.25,
93.25,122.25,
94.0,122.25,
94.75,122.25,
95.5,122.25,
96.25,122.25,
97.0,122.25,
97.75,122.25,
98.5,122.25,
99.25,122.25,
100.0,122.25,
100.75,122.25,
101.5,122.25,
102.25,122.25,
103.0,122.25,
103.75,122.25,
104.5,122.25,
105.25,122.25,
106.0,122.25,
106.75,122.25,
107.5,122.25,
108.25,122.25,
109.0,122.25,
37.0,123.0,
37.75,123.0,
38.5,123.0,
39.25,123.0,
40.0,123.0,
40.75,123.0,
41.5,123.0,
42.25,123.0,
43.0,123.0,
43.75,123.0,
44.5,123.0,
45.25,123.0,
46.0,123.0,
46.75,123.0,
47.5,123.0,
48.25,123.0,
49.0,123.0,
49.75,123.0,
50.5,123.0,
51.25,123.0,
52.0,123.0,
52.75,123.0,
53.5,123.0,
54.25,123.0,
55.0,123.0,
55.75,123.0,
56.5,123.0,
57.25,123.0,
58.0,123.0,
58.75,123.0,
59.5,123.0,
60.25,123.0,
61.0,123.0,
61.75,123.0,
62.5,123.0,
63.25,123.0,
64.0,123.0,
64.75,123.0,
65.5,123.0,
66.25,123.0,
67.0,123.0,
67.75,123.0,
68.5,123.0,
69.25,123.0,
70.0,123.0,
70.75,123.0,
71.5,123.0,
72.25,123.0,
73.0,123.0,
73.75,123.0,
74.5,123.0,
75.25,123.0,
76.0,123.0,
76.75,123.0,
77.5,123.0,
78.25,123.0,
79.0,123.0,
79.75,123.0,
80.5,123.0,
81.25,123.0,
82.0,123.0,
82.75,123.0,
83.5,123.0,
84.25,123.0,
85.0,123.0,
85.75,123.0,
86.5,123.0,
87.25,123.0,
88.0,123.0,
88.75,123.0,
89.5,123.0,
90.25,123.0,
91.0,123.0,
91.75,123.0,
92.5,123.0,
93.25,123.0,
94.0,123.0,
94.75,123.0,
95.5,123.0,
96.25,123.0,
97.0,123.0,
97.75,123.0,
98.5,123.0,
99.25,123.0,
100.0,123.0,
100.75,123.0,
101.5,123.0,
102.25,123.0,
103.0,123.0,
103.75,123.0,
104.5,123.0,
105.25,123.0,
106.0,123.0,
106.75,123.0,
107.5,123.0,
108.25,123.0,
109.0,123.0,
37.0,123.75,
37.75,123.75,
38.5,123.75,
39.25,123.75,
40.0,123.75,
40.75,123.75,
41.5,123.75,
42.25,123.75,
43.0,123.75,
43.75,123.75,
44.5,123.75,
45.25,123.75,
46.0,123.75,
46.75,123.75,
47.5,123.75,
48.25,123.75,
49.0,123.75,
49.75,123.75,
50.5,123.75,
51.25,123.75,
52.0,123.75,
52.75,123.75,
53.5,123.75,
54.25,123.75,
55.0,123.75,
55.75,123.75,
56.5,123.75,
57.25,123.75,
58.0,123.75,
58.75,123.75,
59.5,123.75,
60.25,123.75,
61.0,123.75,
61.75,123.75,
62.5,123.75,
63.25,123.75,
64.0,123.75,
64.75,123.75,
65.5,123.75,
66.25,123.75,
67.0,123.75,
67.75,123.75,
68.5,123.75,
69.25,123.75,
70.0,123.75,
70.75,123.75,
71.5,123.75,
72.25,123.75,
73.0,123.75,
73.75,123.75,
74.5,123.75,
75.25,123.75,
76.0,123.75,
76.75,123.75,
77.5,123.75,
78.25,123.75,
79.0,123.75,
79.75,123.75,
80.5,123.75,
81.25,123.75,
82.0,123.75,
82.75,123.75,
83.5,123.75,
84.25,123.75,
85.0,123.75,
85.75,123.75,
86.5,123.75,
87.25,123.75,
88.0,123.75,
88.75,123.75,
89.5,123.75,
90.25,123.75,
91.0,123.75,
91.75,123.75,
92.5,123.75,
93.25,123.75,
94.0,123.75,
94.75,123.75,
95.5,123.75,
96.25,123.75,
97.0,123.75,
97.75,123.75,
98.5,123.75,
99.25,123.75,
100.0,123.75,
100.75,123.75,
101.5,123.75,
102.25,123.75,
103.0,123.75,
103.75,123.75,
104.5,123.75,
105.25,123.75,
106.0,123.75,
106.75,123.75,
107.5,123.75,
108.25,123.75,
109.0,123.75,
37.0,124.5,
37.75,124.5,
38.5,124.5,
39.25,124.5,
40.0,124.5,
40.75,124.5,
41.5,124.5,
42.25,124.5,
43.0,124.5,
43.75,124.5,
44.5,124.5,
45.25,124.5,
46.0,124.5,
46.75,124.5,
47.5,124.5,
48.25,124.5,
49.0,124.5,
49.75,124.5,
50.5,124.5,
51.25,124.5,
52.0,124.5,
52.75,124.5,
53.5,124.5,
54.25,124.5,
55.0,124.5,
55.75,124.5,
56.5,124.5,
57.25,124.5,
58.0,124.5,
58.75,124.5,
59.5,124.5,
60.25,124.5,
61.0,124.5,
61.75,124.5,
62.5,124.5,
63.25,124.5,
64.0,124.5,
64.75,124.5,
65.5,124.5,
66.25,124.5,
67.0,124.5,
67.75,124.5,
68.5,124.5,
69.25,124.5,
70.0,124.5,
70.75,124.5,
71.5,124.5,
72.25,124.5,
73.0,124.5,
73.75,124.5,
74.5,124.5,
75.25,124.5,
76.0,124.5,
76.75,124.5,
77.5,124.5,
78.25,124.5,
79.0,124.5,
79.75,124.5,
80.5,124.5,
81.25,124.5,
82.0,124.5,
82.75,124.5,
83.5,124.5,
84.25,124.5,
85.0,124.5,
85.75,124.5,
86.5,124.5,
87.25,124.5,
88.0,124.5,
88.75,124.5,
89.5,124.5,
90.25,124.5,
91.0,124.5,
91.75,124.5,
92.5,124.5,
93.25,124.5,
94.0,124.5,
94.75,124.5,
95.5,124.5,
96.25,124.5,
97.0,124.5,
97.75,124.5,
98.5,124.5,
99.25,124.5,
100.0,124.5,
100.75,124.5,
101.5,124.5,
102.25,124.5,
103.0,124.5,
103.75,124.5,
104.5,124.5,
105.25,124.5,
106.0,124.5,
106.75,124.5,
107.5,124.5,
108.25,124.5,
109.0,124.5,
37.0,125.25,
37.75,125.25,
38.5,125.25,
39.25,125.25,
40.0,125.25,
40.75,125.25,
41.5,125.25,
42.25,125.25,
43.0,125.25,
43.75,125.25,
44.5,125.25,
45.25,125.25,
46.0,125.25,
46.75,125.25,
47.5,125.25,
48.25,125.25,
49.0,125.25,
49.75,125.25,
50.5,125.25,
51.25,125.25,
52.0,125.25,
52.75,125.25,
53.5,125.25,
54.25,125.25,
55.0,125.25,
55.75,125.25,
56.5,125.25,
57.25,125.25,
58.0,125.25,
58.75,125.25,
59.5,125.25,
60.25,125.25,
61.0,125.25,
61.75,125.25,
62.5,125.25,
63.25,125.25,
64.0,125.25,
64.75,125.25,
65.5,125.25,
66.25,125.25,
67.0,125.25,
67.75,125.25,
68.5,125.25,
69.25,125.25,
70.0,125.25,
70.75,125.25,
71.5,125.25,
72.25,125.25,
73.0,125.25,
73.75,125.25,
74.5,125.25,
75.25,125.25,
76.0,125.25,
76.75,125.25,
77.5,125.25,
78.25,125.25,
79.0,125.25,
79.75,125.25,
80.5,125.25,
81.25,125.25,
82.0,125.25,
82.75,125.25,
83.5,125.25,
84.25,125.25,
85.0,125.25,
85.75,125.25,
86.5,125.25,
87.25,125.25,
88.0,125.25,
88.75,125.25,
89.5,125.25,
90.25,125.25,
91.0,125.25,
91.75,125.25,
92.5,125.25,
93.25,125.25,
94.0,125.25,
94.75,125.25,
95.5,125.25,
96.25,125.25,
97.0,125.25,
97.75,125.25,
98.5,125.25,
99.25,125.25,
100.0,125.25,
100.75,125.25,
101.5,125.25,
102.25,125.25,
103.0,125.25,
103.75,125.25,
104.5,125.25,
105.25,125.25,
106.0,125.25,
106.75,125.25,
107.5,125.25,
108.25,125.25,
109.0,125.25,
37.0,126.0,
37.75,126.0,
38.5,126.0,
39.25,126.0,
40.0,126.0,
40.75,126.0,
41.5,126.0,
42.25,126.0,
43.0,126.0,
43.75,126.0,
44.5,126.0,
45.25,126.0,
46.0,126.0,
46.75,126.0,
47.5,126.0,
48.25,126.0,
49.0,126.0,
49.75,126.0,
50.5,126.0,
51.25,126.0,
52.0,126.0,
52.75,126.0,
53.5,126.0,
54.25,126.0,
55.0,126.0,
55.75,126.0,
56.5,126.0,
57.25,126.0,
58.0,126.0,
58.75,126.0,
59.5,126.0,
60.25,126.0,
61.0,126.0,
61.75,126.0,
62.5,126.0,
63.25,126.0,
64.0,126.0,
64.75,126.0,
65.5,126.0,
66.25,126.0,
67.0,126.0,
67.75,126.0,
68.5,126.0,
69.25,126.0,
70.0,126.0,
70.75,126.0,
71.5,126.0,
72.25,126.0,
73.0,126.0,
73.75,126.0,
74.5,126.0,
75.25,126.0,
76.0,126.0,
76.75,126.0,
77.5,126.0,
78.25,126.0,
79.0,126.0,
79.75,126.0,
80.5,126.0,
81.25,126.0,
82.0,126.0,
82.75,126.0,
83.5,126.0,
84.25,126.0,
85.0,126.0,
85.75,126.0,
86.5,126.0,
87.25,126.0,
88.0,126.0,
88.75,126.0,
89.5,126.0,
90.25,126.0,
91.0,126.0,
91.75,126.0,
92.5,126.0,
93.25,126.0,
94.0,126.0,
94.75,126.0,
95.5,126.0,
96.25,126.0,
97.0,126.0,
97.75,126.0,
98.5,126.0,
99.25,126.0,
100.0,126.0,
100.75,126.0,
101.5,126.0,
102.25,126.0,
103.0,126.0,
103.75,126.0,
104.5,126.0,
105.25,126.0,
106.0,126.0,
106.75,126.0,
107.5,126.0,
108.25,126.0,
109.0,126.0,
37.0,126.75,
37.75,126.75,
38.5,126.75,
39.25,126.75,
40.0,126.75,
40.75,126.75,
41.5,126.75,
42.25,126.75,
43.0,126.75,
43.75,126.75,
44.5,126.75,
45.25,126.75,
46.0,126.75,
46.75,126.75,
47.5,126.75,
48.25,126.75,
49.0,126.75,
49.75,126.75,
50.5,126.75,
51.25,126.75,
52.0,126.75,
52.75,126.75,
53.5,126.75,
54.25,126.75,
55.0,126.75,
55.75,126.75,
56.5,126.75,
57.25,126.75,
58.0,126.75,
58.75,126.75,
59.5,126.75,
60.25,126.75,
61.0,126.75,
61.75,126.75,
62.5,126.75,
63.25,126.75,
64.0,126.75,
64.75,126.75,
65.5,126.75,
66.25,126.75,
67.0,126.75,
67.75,126.75,
68.5,126.75,
69.25,126.75,
70.0,126.75,
70.75,126.75,
71.5,126.75,
72.25,126.75,
73.0,126.75,
73.75,126.75,
74.5,126.75,
75.25,126.75,
76.0,126.75,
76.75,126.75,
77.5,126.75,
78.25,126.75,
79.0,126.75,
79.75,126.75,
80.5,126.75,
81.25,126.75,
82.0,126.75,
82.75,126.75,
83.5,126.75,
84.25,126.75,
85.0,126.75,
85.75,126.75,
86.5,126.75,
87.25,126.75,
88.0,126.75,
88.75,126.75,
89.5,126.75,
90.25,126.75,
91.0,126.75,
91.75,126.75,
92.5,126.75,
93.25,126.75,
94.0,126.75,
94.75,126.75,
95.5,126.75,
96.25,126.75,
97.0,126.75,
97.75,126.75,
98.5,126.75,
99.25,126.75,
100.0,126.75,
100.75,126.75,
101.5,126.75,
102.25,126.75,
103.0,126.75,
103.75,126.75,
104.5,126.75,
105.25,126.75,
106.0,126.75,
106.75,126.75,
107.5,126.75,
108.25,126.75,
109.0,126.75,
37.0,127.5,
37.75,127.5,
38.5,127.5,
39.25,127.5,
40.0,127.5,
40.75,127.5,
41.5,127.5,
42.25,127.5,
43.0,127.5,
43.75,127.5,
44.5,127.5,
45.25,127.5,
46.0,127.5,
46.75,127.5,
47.5,127.5,
48.25,127.5,
49.0,127.5,
49.75,127.5,
50.5,127.5,
51.25,127.5,
52.0,127.5,
52.75,127.5,
53.5,127.5,
54.25,127.5,
55.0,127.5,
55.75,127.5,
56.5,127.5,
57.25,127.5,
58.0,127.5,
58.75,127.5,
59.5,127.5,
60.25,127.5,
61.0,127.5,
61.75,127.5,
62.5,127.5,
63.25,127.5,
64.0,127.5,
64.75,127.5,
65.5,127.5,
66.25,127.5,
67.0,127.5,
67.75,127.5,
68.5,127.5,
69.25,127.5,
70.0,127.5,
70.75,127.5,
71.5,127.5,
72.25,127.5,
73.0,127.5,
73.75,127.5,
74.5,127.5,
75.25,127.5,
76.0,127.5,
76.75,127.5,
77.5,127.5,
78.25,127.5,
79.0,127.5,
79.75,127.5,
80.5,127.5,
81.25,127.5,
82.0,127.5,
82.75,127.5,
83.5,127.5,
84.25,127.5,
85.0,127.5,
85.75,127.5,
86.5,127.5,
87.25,127.5,
88.0,127.5,
88.75,127.5,-90.04615384615384
89.5,127.5,-90.65853658536585
90.25,127.5,-91.34957020057307
91.0,127.5,-90.26164186269803
91.75,127.5,-90.28512434275532
92.5,127.5,-90.21925133689838
93.25,127.5,-90.54285714285714
94.0,127.5,
94.75,127.5,
95.5,127.5,
96.25,127.5,
97.0,127.5,
97.75,127.5,
98.5,127.5,
99.25,127.5,
100.0,127.5,
100.75,127.5,
101.5,127.5,
102.25,127.5,
103.0,127.5,
103.75,127.5,
104.5,127.5,
105.25,127.5,
106.0,127.5,
106.75,127.5,
107.5,127.5,
108.25,127.5,
109.0,127.5,
37.0,128.25,
37.75,128.25,
38.5,128.25,
39.25,128.25,
40.0,128.25,
40.75,128.25,
41.5,128.25,
42.25,128.25,
43.0,128.25,
43.75,128.25,
44.5,128.25,
45.25,128.25,
46.0,128.25,
46.75,128.25,
47.5,128.25,
48.25,128.25,
49.0,128.25,
49.75,128.25,
50.5,128.25,
51.25,128.25,
52.0,128.25,
52.75,128.25,
53.5,128.25,
54.25,128.25,
55.0,128.25,
55.75,128.25,
56.5,128.25,
57.25,128.25,
58.0,128.25,
58.75,128.25,
59.5,128.25,
60.25,128.25,
61.0,128.25,
61.75,128.25,
62.5,128.25,
63.25,128.25,
64.0,128.25,
64.75,128.25,
65.5,128.25,
66.25,128.25,
67.0,128.25,
67.75,128.25,
68.5,128.25,
69.25,128.25,
70.0,128.25,
70.75,128.25,
71.5,128.25,
72.25,128.25,
73.0,128.25,
73.75,128.25,
74.5,128.25,
75.25,128.25,
76.0,128.25,
76.75,128.25,
77.5,128.25,
78.25,128.25,
79.0,128.25,
79.75,128.25,
80.5,128.25,
81.25,128.25,
82.0,128.25,
82.75,128.25,
83.5,128.25,
84.25,128.25,
85.0,128.25,
85.75,128.25,
86.5,128.25,
87.25,128.25,
88.0,128.25,-89.37735849056604
88.75,128.25,-89.928
89.5,128.25,-89.96154283868785
90.25,128.25,-90.28161553473376
91.0,128.25,-90.433006648881
91.75,128.25,-90.4080560420315
92.5,128.25,-90.26145328879251
93.25,128.25,-90.40298507462686
94.0,128.25,-90.12925170068029
94.75,128.25,
95.5,128.25,
96.25,128.25,
97.0,128.25,
97.75,128.25,
98.5,128.25,
99.25,128.25,
100.0,128.25,
100.75,128.25,
101.5,128.25,
102.25,128.25,
103.0,128.25,
103.75,128.25,
104.5,128.25,
105.25,128.25,
106.0,128.25,
106.75,128.25,
107.5,128.25,
108.25,128.25,
109.0,128.25,
37.0,129.0,
37.75,129.0,
38.5,129.0,
39.25,129.0,
40.0,129.0,
40.75,129.0,
41.5,129.0,
42.25,129.0,
43.0,129.0,
43.75,129.0,
44.5,129.0,
45.25,129.0,
46.0,129.0,
46.75,129.0,
47.5,129.0,
48.25,129.0,
49.0,129.0,
49.75,129.0,
50.5,129.0,
51.25,129.0,
52.0,129.0,
52.75,129.0,
53.5,129.0,
54.25,129.0,
55.0,129.0,
55.75,129.0,
56.5,129.0,
57.25,129.0,
58.0,129.0,
58.75,129.0,
59.5,129.0,
60.25,129.0,
61.0,129.0,
61.75,129.0,
62.5,129.0,
63.25,129.0,
64.0,129.0,
64.75,129.0,
65.5,129.0,
66.25,129.0,
67.0,129.0,
67.75,129.0,
68.5,129.0,
69.25,129.0,
70.0,129.0,
70.75,129.0,
71.5,129.0,
72.25,129.0,
73.0,129.0,
73.75,129.0,
74.5,129.0,
75.25,129.0,
76.0,129.0,
76.75,129.0,
77.5,129.0,
78.25,129.0,
79.0,129.0,
79.75,129.0,
80.5,129.0,
81.25,129.0,
82.0,129.0,
82.75,129.0,
83.5,129.0,
84.25,129.0,
85.0,129.0,
85.75,129.0,
86.5,129.0,
87.25,129.0,-89.01659751037346
88.0,129.0,-89.3076923076923
88.75,129.0,-89.65050268199909
89.5,129.0,-90.18613846034575
90.25,129.0,-90.58617678248396
91.0,129.0,-90.71428571428572
91.75,129.0,-90.57921132963386
92.5,129.0,-90.28657370703725
93.25,129.0,-90.1919191919192
94.0,129.0,-89.85714285714285
94.75,129.0,-89.65648854961832
95.5,129.0,
96.25,129.0,
97.0,129.0,
97.75,129.0,
98.5,129.0,
99.25,129.0,
100.0,129.0,
100.75,129.0,
101.5,129.0,
102.25,129.0,
103.0,129.0,
103.75,129.0,
104.5,129.0,
105.25,129.0,
106.0,129.0,
106.75,129.0,
107.5,129.0,
108.25,129.0,
109.0,129.0,
37.0,129.75,
37.75,129.75,
38.5,129.75,
39.25,129.75,
40.0,129.75,
40.75,129.75,
41.5,129.75,
42.25,129.75,
43.0,129.75,
43.75,129.75,
44.5,129.75,
45.25,129.75,
46.0,129.75,
46.75,129.75,
47.5,129.75,
48.25,129.75,
49.0,129.75,
49.75,129.75,
50.5,129.75,
51.25,129.75,
52.0,129.75,
52.75,129.75,
53.5,129.75,
54.25,129.75,
55.0,129.75,
55.75,129.75,
56.5,129.75,
57.25,129.75,
58.0,129.75,
58.75,129.75,
59.5,129.75,
60.25,129.75,
61.0,129.75,
61.75,129.75,
62.5,129.75,
63.25,129.75,
64.0,129.75,
64.75,129.75,
65.5,129.75,
66.25,129.75,
67.0,129.75,
67.75,129.75,
68.5,129.75,
69.25,129.75,
70.0,129.75,
70.75,129.75,
71.5,129.75,
72.25,129.75,
73.0,129.75,
73.75,129.75,
74.5,129.75,
75.25,129.75,
76.0,129.75,
76.75,129.75,
77.5,129.75,
78.25,129.75,
79.0,129.75,
79.75,129.75,
80.5,129.75,
81.25,129.75,
82.0,129.75,
82.75,129.75,-90.81707317073172
83.5,129.75,-90.50293255131966
84.25,129.75,-90.12068965517241
85.0,129.75,-89.7101167315175
85.75,129.75,-89.35123966942149
86.5,129.75,-89.3295502702092
87.25,129.75,-89.28608933658556
88.0,129.75,-89.41219703517913
88.75,129.75,-89.99323750996375
89.5,129.75,-90.67135190391005
90.25,129.75,-91.12137203166228
91.0,129.75,-91.15767577977752
91.75,129.75,-90.80517157261345
92.5,129.75,-90.2535084911572
93.25,129.75,-89.85714285714285
94.0,129.75,-89.45783132530121
94.75,129.75,-89.27450980392157
95.5,129.75,-89.23622047244095
96.25,129.75,
97.0,129.75,
97.75,129.75,
98.5,129.75,
99.25,129.75,
100.0,129.75,
100.75,129.75,
101.5,129.75,
102.25,129.75,
103.0,129.75,
103.75,129.75,
104.5,129.75,
105.25,129.75,
106.0,129.75,
106.75,129.75,
107.5,129.75,
108.25,129.75,
109.0,129.75,
37.0,130.5,
37.75,130.5,
38.5,130.5,
39.25,130.5,
40.0,130.5,
40.75,130.5,
41.5,130.5,
42.25,130.5,
43.0,130.5,
43.75,130.5,
44.5,130.5,
45.25,130.5,
46.0,130.5,
46.75,130.5,
47.5,130.5,
48.25,130.5,
49.0,130.5,
49.75,130.5,
50.5,130.5,
51.25,130.5,
52.0,130.5,
52.75,130.5,
53.5,130.5,
54.25,130.5,
55.0,130.5,
55.75,130.5,
56.5,130.5,
57.25,130.5,
58.0,130.5,
58.75,130.5,
59.5,130.5,
60.25,130.5,
61.0,130.5,
61.75,130.5,
62.5,130.5,
63.25,130.5,
64.0,130.5,
64.75,130.5,
65.5,130.5,
66.25,130.5,
67.0,130.5,
67.75,130.5,
68.5,130.5,
69.25,130.5,
70.0,130.5,
70.75,130.5,
71.5,130.5,
72.25,130.5,
73.0,130.5,
73.75,130.5,
74.5,130.5,
75.25,130.5,
76.0,130.5,
76.75,130.5,
77.5,130.5,
78.25,130.5,
79.0,130.5,
79.75,130.5,
80.5,130.5,
81.25,130.5,-91.53590664272892
82.0,130.5,-91.41150442477876
82.75,130.5,-91.22602739726028
83.5,130.5,-90.95945945945947
84.25,130.5,-90.60204081632652
85.0,130.5,-90.17924528301887
85.75,130.5,-90.40280639233812
86.5,130.5,-90.08695652173913
87.25,130.5,-90.13471175969993
88.0,130.5,-90.29144390482799
88.75,130.5,-90.98432211153217
89.5,130.5,-91.50549450549451
90.25,130.5,-91.97648764429525
91.0,130.5,-91.84853671059388
91.75,130.5,-91.10196858894324
92.5,130.5,-90.07784431137725
93.25,130.5,-89.29787234042553
94.0,130.5,-88.86666666666667
94.75,130.5,-88.77215189873418
95.5,130.5,-88.84615384615385
96.25,130.5,-88.98518518518519
97.0,130.5,
97.75,130.5,
98.5,130.5,
99.25,130.5,
100.0,130.5,
100.75,130.5,
101.5,130.5,
102.25,130.5,
103.0,130.5,
103.75,130.5,
104.5,130.5,
105.25,130.5,
106.0,130.5,
106.75,130.5,
107.5,130.5,
108.25,130.5,
109.0,130.5,
37.0,131.25,
37.75,131.25,
38.5,131.25,
39.25,131.25,
40.0,131.25,
40.75,131.25,
41.5,131.25,
42.25,131.25,
43.0,131.25,
43.75,131.25,
44.5,131.25,
45.25,131.25,
46.0,131.25,
46.75,131.25,
47.5,131.25,
48.25,131.25,
49.0,131.25,
49.75,131.25,
50.5,131.25,
51.25,131.25,
52.0,131.25,
52.75,131.25,
53.5,131.25,
54.25,131.25,
55.0,131.25,
55.75,131.25,
56.5,131.25,
57.25,131.25,
58.0,131.25,
58.75,131.25,
59.5,131.25,
60.25,131.25,
61.0,131.25,
61.75,131.25,
62.5,131.25,
63.25,131.25,
64.0,131.25,
64.75,131.25,
65.5,131.25,
66.25,131.25,
67.0,131.25,
67.75,131.25,
68.5,131.25,
69.25,131.25,
70.0,131.25,
70.75,131.25,
71.5,131.25,
72.25,131.25,
73.0,131.25,
73.75,131.25,
74.5,131.25,
75.25,131.25,
76.0,131.25,
76.75,131.25,
77.5,131.25,
78.25,131.25,
79.0,131.25,
79.75,131.25,
80.5,131.25,
81.25,131.25,
82.0,131.25,-91.82941176470588
82.75,131.25,-91.73668639053255
83.5,131.25,-91.57434944237919
84.25,131.25,-91.31651376146789
85.0,131.25,-90.95945945945947
85.75,131.25,-91.3935340954212
86.5,131.25,-91.22162348009496
87.25,131.25,-91.38254543240691
88.0,131.25,-91.8945675828407
88.75,131.25,-92.54901267445328
89.5,131.25,-93.2148020546397
90.25,131.25,-93.57855930727514
91.0,131.25,-92.96793667160036
91.75,131.25,-91.54039210677566
92.5,131.25,-89.57544710518339
93.25,131.25,-88.33333333333333
94.0,131.25,-88.02325581395348
94.75,131.25,-88.16129032258064
95.5,131.25,-88.42528735632185
96.25,131.25,-88.69491525423729
97.0,131.25,
97.75,131.25,
98.5,131.25,
99.25,131.25,
100.0,131.25,
100.75,131.25,
101.5,131.25,
102.25,131.25,
103.0,131.25,
103.75,131.25,
104.5,131.25,
105.25,131.25,
106.0,131.25,
106.75,131.25,
107.5,131.25,
108.25,131.25,
109.0,131.25,
37.0,132.0,
37.75,132.0,
38.5,132.0,
39.25,132.0,
40.0,132.0,
40.75,132.0,
41.5,132.0,
42.25,132.0,
43.0,132.0,
43.75,132.0,
44.5,132.0,
45.25,132.0,
46.0,132.0,
46.75,132.0,
47.5,132.0,
48.25,132.0,
49.0,132.0,
49.75,132.0,
50.5,132.0,
51.25,132.0,
52.0,132.0,
52.75,132.0,
53.5,132.0,
54.25,132.0,
55.0,132.0,
55.75,132.0,
56.5,132.0,
57.25,132.0,
58.0,132.0,
58.75,132.0,
59.5,132.0,
60.25,132.0,
61.0,132.0,
61.75,132.0,
62.5,132.0,
63.25,132.0,
64.0,132.0,
64.75,132.0,
65.5,132.0,
66.25,132.0,
67.0,132.0,
67.75,132.0,
68.5,132.0,
69.25,132.0,
70.0,132.0,
70.75,132.0,
71.5,132.0,
72.25,132.0,
73.0,132.0,
73.75,132.0,
74.5,132.0,
75.25,132.0,
76.0,132.0,
76.75,132.0,
77.5,132.0,
78.25,132.0,
79.0,132.0,
79.75,132.0,
80.5,132.0,
81.25,132.0,
82.0,132.0,-92.26923076923077
82.75,132.0,-92.29027355623101
83.5,132.0,-92.26923076923076
84.25,132.0,-92.16985645933016
85.0,132.0,-91.95454545454545
85.75,132.0,-93.13201359645613
86.5,132.0,-93.13291424359078
87.25,132.0,-92.59799722095934
88.0,132.0,-92.93573264781492
88.75,132.0,-93.49867701189369
89.5,132.0,-94.2181360678971
90.25,132.0,-94.94795806908469
91.0,132.0,-94.91991341991341
91.75,132.0,-92.53834370985275
92.5,132.0,-88.33333333333334
93.25,132.0,-86.78947368421052
94.0,132.0,-87.0
94.75,132.0,-87.54901960784315
95.5,132.0,-88.05263157894737
96.25,132.0,-88.45794392523364
97.0,132.0,
97.75,132.0,
98.5,132.0,
99.25,132.0,
100.0,132.0,
100.75,132.0,
101.5,132.0,
102.25,132.0,
103.0,132.0,
103.75,132.0,
104.5,132.0,
105.25,132.0,
106.0,132.0,
106.75,132.0,
107.5,132.0,
108.25,132.0,
109.0,132.0,
37.0,132.75,
37.75,132.75,
38.5,132.75,
39.25,132.75,
40.0,132.75,
40.75,132.75,
41.5,132.75,
42.25,132.75,
43.0,132.75,
43.75,132.75,
44.5,132.75,
45.25,132.75,
46.0,132.75,
46.75,132.75,
47.5,132.75,
48.25,132.75,
49.0,132.75,
49.75,132.75,
50.5,132.75,
51.25,132.75,
52.0,132.75,
52.75,132.75,
53.5,132.75,
54.25,132.75,
55.0,132.75,
55.75,132.75,
56.5,132.75,
57.25,132.75,
58.0,132.75,
58.75,132.75,
59.5,132.75,
60.25,132.75,
61.0,132.75,
61.75,132.75,
62.5,132.75,
63.25,132.75,
64.0,132.75,
64.75,132.75,
65.5,132.75,
66.25,132.75,
67.0,132.75,
67.75,132.75,
68.5,132.75,
69.25,132.75,
70.0,132.75,
70.75,132.75,
71.5,132.75,
72.25,132.75,
73.0,132.75,
73.75,132.75,
74.5,132.75,
75.25,132.75,
76.0,132.75,
76.75,132.75,
77.5,132.75,
78.25,132.75,
79.0,132.75,
79.75,132.75,
80.5,132.75,
81.25,132.75,
82.0,132.75,
82.75,132.75,-92.80177514792899
83.5,132.75,-92.91263940520446
84.25,132.75,-92.96788990825688
85.0,132.75,-93.53932080032347
85.75,132.75,-93.88261779756762
86.5,132.75,-94.01347840254866
87.25,132.75,-93.44443737050888
88.0,132.75,-93.71275314448486
88.75,132.75,-94.174710210134
89.5,132.75,-94.90292374357325
90.25,132.75,-95.98094094793564
91.0,132.75,-96.80830897395047
91.75,132.75,-93.7589880159787
92.5,132.75,-86.541717343712
93.25,132.75,-85.28571428571428
94.0,132.75,-86.25925925925927
94.75,132.75,-87.17391304347825
95.5,132.75,-87.84507042253522
96.25,132.75,-88.33333333333333
97.0,132.75,
97.75,132.75,
98.5,132.75,
99.25,132.75,
100.0,132.75,
100.75,132.75,
101.5,132.75,
102.25,132.75,
103.0,132.75,
103.75,132.75,
104.5,132.75,
105.25,132.75,
106.0,132.75,
106.75,132.75,
107.5,132.75,
108.25,132.75,
109.0,132.75,
37.0,133.5,
37.75,133.5,
38.5,133.5,
39.25,133.5,
40.0,133.5,
40.75,133.5,
41.5,133.5,
42.25,133.5,
43.0,133.5,
43.75,133.5,
44.5,133.5,
45.25,133.5,
46.0,133.5,
46.75,133.5,
47.5,133.5,
48.25,133.5,
49.0,133.5,
49.75,133.5,
50.5,133.5,
51.25,133.5,
52.0,133.5,
52.75,133.5,
53.5,133.5,
54.25,133.5,
55.0,133.5,
55.75,133.5,
56.5,133.5,
57.25,133.5,
58.0,133.5,
58.75,133.5,
59.5,133.5,
60.25,133.5,
61.0,133.5,
61.75,133.5,
62.5,133.5,
63.25,133.5,
64.0,133.5,
64.75,133.5,
65.5,133.5,
66.25,133.5,
67.0,133.5,
67.75,133.5,
68.5,133.5,
69.25,133.5,
70.0,133.5,
70.75,133.5,
71.5,133.5,
72.25,133.5,
73.0,133.5,
73.75,133.5,
74.5,133.5,
75.25,133.5,
76.0,133.5,
76.75,133.5,
77.5,133.5,
78.25,133.5,
79.0,133.5,
79.75,133.5,
80.5,133.5,
81.25,133.5,
82.0,133.5,
82.75,133.5,
83.5,133.5,-93.39189189189189
84.25,133.5,-93.91397996279292
85.0,133.5,-93.94397323165514
85.75,133.5,-94.20328058501104
86.5,133.5,-94.4619905956113
87.25,133.5,-94.20947889194443
88.0,133.5,-94.44474316950361
88.75,133.5,-94.71725233734529
89.5,133.5,-95.12137974858858
90.25,133.5,-95.83363675512092
91.0,133.5,-96.36901737069702
91.75,133.5,-93.44306478708641
92.5,133.5,-87.20066889632106
93.25,133.5,-85.7952353942144
94.0,133.5,-86.42857142857143
94.75,133.5,-87.25531914893617
95.5,133.5,-87.8888888888889
96.25,133.5,-88.35922330097088
97.0,133.5,
97.75,133.5,
98.5,133.5,
99.25,133.5,
100.0,133.5,
100.75,133.5,-95.84761904761905
101.5,133.5,-95.93650793650792
102.25,133.5,-96.0319361277445
103.0,133.5,-96.12403100775192
103.75,133.5,
104.5,133.5,
105.25,133.5,
106.0,133.5,
106.75,133.5,
107.5,133.5,
108.25,133.5,
109.0,133.5,
37.0,134.25,
37.75,134.25,
38.5,134.25,
39.25,134.25,
40.0,134.25,
40.75,134.25,
41.5,134.25,
42.25,134.25,
43.0,134.25,
43.75,134.25,
44.5,134.25,
45.25,134.25,
46.0,134.25,
46.75,134.25,
47.5,134.25,
48.25,134.25,
49.0,134.25,
49.75,134.25,
50.5,134.25,
51.25,134.25,
52.0,134.25,
52.75,134.25,
53.5,134.25,
54.25,134.25,
55.0,134.25,
55.75,134.25,
56.5,134.25,
57.25,134.25,
58.0,134.25,
58.75,134.25,
59.5,134.25,
60.25,134.25,
61.0,134.25,
61.75,134.25,
62.5,134.25,
63.25,134.25,
64.0,134.25,
64.75,134.25,
65.5,134.25,
66.25,134.25,
67.0,134.25,
67.75,134.25,
68.5,134.25,
69.25,134.25,
70.0,134.25,
70.75,134.25,
71.5,134.25,
72.25,134.25,
73.0,134.25,
73.75,134.25,
74.5,134.25,
75.25,134.25,
76.0,134.25,
76.75,134.25,
77.5,134.25,
78.25,134.25,
79.0,134.25,
79.75,134.25,-95.44849785407725
80.5,134.25,-95.12247191011237
81.25,134.25,
82.0,134.25,
82.75,134.25,
83.5,134.25,
84.25,134.25,-94.02485535563872
85.0,134.25,-94.02904352999903
85.75,134.25,-94.25655853307815
86.5,134.25,-94.71477229145913
87.25,134.25,-94.68116794330923
88.0,134.25,-95.01816436515143
88.75,134.25,-95.20245131341653
89.5,134.25,-95.22416547230263
90.25,134.25,-95.37760533786312
91.0,134.25,-94.85786783586066
91.75,134.25,-92.7961928374336
92.5,134.25,-89.6686759017271
93.25,134.25,-87.92749138476685
94.0,134.25,-88.03714145729292
94.75,134.25,-87.74074074074073
95.5,134.25,-88.16455696202532
96.25,134.25,-88.52727272727273
97.0,134.25,
97.75,134.25,-88.79257641921397
98.5,134.25,-89.72268041237113
99.25,134.25,
100.0,134.25,-95.70975056689343
100.75,134.25,-95.8009950248756
101.5,134.25,-95.91601049868767
102.25,134.25,-96.04232804232807
103.0,134.25,-96.16284987277352
103.75,134.25,-96.26291079812206
104.5,134.25,-96.33542976939204
105.25,134.25,
106.0,134.25,
106.75,134.25,
107.5,134.25,
108.25,134.25,
109.0,134.25,
37.0,135.0,
37.75,135.0,
38.5,135.0,
39.25,135.0,
40.0,135.0,
40.75,135.0,
41.5,135.0,
42.25,135.0,
43.0,135.0,
43.75,135.0,
44.5,135.0,
45.25,135.0,
46.0,135.0,
46.75,135.0,
47.5,135.0,
48.25,135.0,
49.0,135.0,
49.75,135.0,
50.5,135.0,
51.25,135.0,
52.0,135.0,
52.75,135.0,
53.5,135.0,
54.25,135.0,
55.0,135.0,
55.75,135.0,
56.5,135.0,
57.25,135.0,
58.0,135.0,
58.75,135.0,
59.5,135.0,
60.25,135.0,
61.0,135.0,
61.75,135.0,
62.5,135.0,
63.25,135.0,
64.0,135.0,
64.75,135.0,
65.5,135.0,
66.25,135.0,
67.0,135.0,
67.75,135.0,
68.5,135.0,
69.25,135.0,
70.0,135.0,
70.75,135.0,
71.5,135.0,
72.25,135.0,
73.0,135.0,
73.75,135.0,
74.5,135.0,
75.25,135.0,
76.0,135.0,
76.75,135.0,
77.5,135.0,
78.25,135.0,
79.0,135.0,
79.75,135.0,-95.61735941320293
80.5,135.0,-95.25257731958762
81.25,135.0,-94.87662337662337
82.0,135.0,
82.75,135.0,
83.5,135.0,-94.3082191780822
84.25,135.0,-94.10368663594471
85.0,135.0,-94.00000000000031
85.75,135.0,-94.268137220154
86.5,135.0,-95.11655379744307
87.25,135.0,-96.19035930761362
88.0,135.0,-96.15662615886644
88.75,135.0,-96.38864637245567
89.5,135.0,-96.158860849168
90.25,135.0,-95.54133767424463
91.0,135.0,-94.63636363636363
91.75,135.0,-93.16054771624141
92.5,135.0,-91.44193523194667
93.25,135.0,-90.29157824187294
94.0,135.0,-89.51448040885862
94.75,135.0,-88.37313432835822
95.5,135.0,-88.56521739130436
96.25,135.0,-88.78861788617887
97.0,135.0,-88.46153846153845
97.75,135.0,-89.5
98.5,135.0,-90.45575221238938
99.25,135.0,-95.55216284987277
100.0,135.0,-95.61904761904762
100.75,135.0,-95.73063973063972
101.5,135.0,-95.88405797101447
102.25,135.0,-96.05860805860806
103.0,135.0,-96.22222222222223
103.75,135.0,-96.34890965732086
104.5,135.0,-96.43010752688173
105.25,135.0,-96.47165532879818
106.0,135.0,
106.75,135.0,
107.5,135.0,
108.25,135.0,
109.0,135.0,
37.0,135.75,
37.75,135.75,
38.5,135.75,
39.25,135.75,
40.0,135.75,
40.75,135.75,
41.5,135.75,
42.25,135.75,
43.0,135.75,
43.75,135.75,
44.5,135.75,
45.25,135.75,
46.0,135.75,
46.75,135.75,
47.5,135.75,
48.25,135.75,
49.0,135.75,
49.75,135.75,
50.5,135.75,
51.25,135.75,
52.0,135.75,
52.75,135.75,
53.5,135.75,
54.25,135.75,
55.0,135.75,
55.75,135.75,
56.5,135.75,
57.25,135.75,
58.0,135.75,
58.75,135.75,
59.5,135.75,
60.25,135.75,
61.0,135.75,
61.75,135.75,
62.5,135.75,
63.25,135.75,
64.0,135.75,
64.75,135.75,
65.5,135.75,
66.25,135.75,
67.0,135.75,
67.75,135.75,
68.5,135.75,
69.25,135.75,
70.0,135.75,
70.75,135.75,
71.5,135.75,
72.25,135.75,
73.0,135.75,
73.75,135.75,
74.5,135.75,
75.25,135.75,
76.0,135.75,
76.75,135.75,
77.5,135.75,
78.25,135.75,
79.0,135.75,
79.75,135.75,-95.82432432432434
80.5,135.75,-95.43123209169053
81.25,135.75,-95.01445086705202
82.0,135.75,-94.63573407202217
82.75,135.75,
83.5,135.75,-94.40613718411552
84.25,135.75,-94.27862920006514
85.0,135.75,-94.1922657995373
85.75,135.75,-94.5657676031993
86.5,135.75,-95.49713126023451
87.25,135.75,-96.66066046103688
88.0,135.75,-97.01748048209629
88.75,135.75,-97.51693471098191
89.5,135.75,-97.30917291191928
90.25,135.75,-96.45389495193423
91.0,135.75,-95.4010778181741
91.75,135.75,-94.10371562317142
92.5,135.75,-92.85422076993021
93.25,135.75,-91.9136955515687
94.0,135.75,-91.42525533601369
94.75,135.75,-90.6679161202725
95.5,135.75,-88.98198198198199
96.25,135.75,-90.3881277052755
97.0,135.75,-89.23067331670822
97.75,135.75,-90.29024390243903
98.5,135.75,-95.41207349081364
99.25,135.75,-95.42483660130719
100.0,135.75,-95.4859437751004
100.75,135.75,-95.6190476190476
101.5,135.75,-95.83068783068784
102.25,135.75,-96.08602150537637
103.0,135.75,-96.318407960199
103.75,135.75,-96.47863247863248
104.5,135.75,-95.28018371847233
105.25,135.75,-94.95288457370725
106.0,135.75,-94.56393729212229
106.75,135.75,-94.73462836177809
107.5,135.75,-94.52066627575131
108.25,135.75,-93.05240174672488
109.0,135.75,-93.20295983086682
37.0,136.5,
37.75,136.5,
38.5,136.5,
39.25,136.5,
40.0,136.5,
40.75,136.5,
41.5,136.5,
42.25,136.5,
43.0,136.5,
43.75,136.5,
44.5,136.5,
45.25,136.5,
46.0,136.5,
46.75,136.5,
47.5,136.5,
48.25,136.5,
49.0,136.5,
49.75,136.5,
50.5,136.5,
51.25,136.5,
52.0,136.5,
52.75,136.5,
53.5,136.5,
54.25,136.5,
55.0,136.5,
55.75,136.5,
56.5,136.5,
57.25,136.5,
58.0,136.5,
58.75,136.5,
59.5,136.5,
60.25,136.5,
61.0,136.5,
61.75,136.5,
62.5,136.5,
63.25,136.5,
64.0,136.5,
64.75,136.5,
65.5,136.5,
66.25,136.5,
67.0,136.5,
67.75,136.5,
68.5,136.5,
69.25,136.5,
70.0,136.5,
70.75,136.5,
71.5,136.5,
72.25,136.5,
73.0,136.5,
73.75,136.5,
74.5,136.5,
75.25,136.5,
76.0,136.5,
76.75,136.5,
77.5,136.5,
78.25,136.5,
79.0,136.5,
79.75,136.5,-96.05014326647564
80.5,136.5,-95.64634146341464
81.25,136.5,-95.2046153846154
82.0,136.5,-94.79411764705881
82.75,136.5,
83.5,136.5,-94.64285714285714
84.25,136.5,-94.66480882030812
85.0,136.5,-94.72165667270953
85.75,136.5,-95.1455432279043
86.5,136.5,-96.09831460674158
87.25,136.5,-97.14748417086311
88.0,136.5,-98.11316319677636
88.75,136.5,-98.61283244380867
89.5,136.5,-98.39641396678734
90.25,136.5,-97.3197251158609
91.0,136.5,-96.23232319408905
91.75,136.5,-95.04706877113868
92.5,136.5,-93.9823498419389
93.25,136.5,-93.13777818641404
94.0,136.5,-92.57805265941646
94.75,136.5,-91.57257985300892
95.5,136.5,-89.35294117647058
96.25,136.5,-88.9769975786925
97.0,136.5,-90.03465346534654
97.75,136.5,-92.80940138998054
98.5,136.5,-95.28205128205128
99.25,136.5,-95.25738396624473
100.0,136.5,-95.2888888888889
100.75,136.5,-95.43262411347519
101.5,136.5,-95.73333333333332
102.25,136.5,-96.13675213675214
103.0,136.5,-96.48484848484848
103.75,136.5,-95.81742058796759
104.5,136.5,-95.52621025494129
105.25,136.5,-95.19213816508288
106.0,136.5,-94.79652922401637
106.75,136.5,-94.57268722466961
107.5,136.5,-94.34140246759333
108.25,136.5,-94.25119388926561
109.0,136.5,-93.26966292134831
37.0,137.25,
37.75,137.25,
38.5,137.25,
39.25,137.25,
40.0,137.25,
40.75,137.25,
41.5,137.25,
42.25,137.25,
43.0,137.25,
43.75,137.25,
44.5,137.25,
45.25,137.25,
46.0,137.25,
46.75,137.25,
47.5,137.25,
48.25,137.25,
49.0,137.25,
49.75,137.25,
50.5,137.25,
51.25,137.25,
52.0,137.25,
52.75,137.25,
53.5,137.25,
54.25,137.25,
55.0,137.25,
55.75,137.25,
56.5,137.25,
57.25,137.25,
58.0,137.25,
58.75,137.25,
59.5,137.25,
60.25,137.25,
61.0,137.25,
61.75,137.25,
62.5,137.25,
63.25,137.25,
64.0,137.25,
64.75,137.25,
65.5,137.25,
66.25,137.25,
67.0,137.25,
67.75,137.25,
68.5,137.25,
69.25,137.25,
70.0,137.25,
70.75,137.25,
71.5,137.25,
72.25,137.25,
73.0,137.25,
73.75,137.25,
74.5,137.25,
75.25,137.25,
76.0,137.25,
76.75,137.25,
77.5,137.25,-96.65695792880258
78.25,137.25,-96.51633986928105
79.0,137.25,-96.29595015576324
79.75,137.25,-95.06249971631773
80.5,137.25,-94.65928591143947
81.25,137.25,-94.62885948896904
82.0,137.25,-94.35405835317228
82.75,137.25,
83.5,137.25,-95.12627810100872
84.25,137.25,-95.14575493345572
85.0,137.25,-95.33292711469085
85.75,137.25,-95.7879966657405
86.5,137.25,-96.50116255445946
87.25,137.25,-97.29427661590539
88.0,137.25,-98.09840476185013
88.75,137.25,-98.84458206829845
89.5,137.25,-98.54092551966735
90.25,137.25,-97.47572943355348
91.0,137.25,-96.60446275672018
91.75,137.25,-95.65634563697475
92.5,137.25,-94.77059548464192
93.25,137.25,-94.01848761637099
94.0,137.25,-93.45129813473271
94.75,137.25,-92.32766131663288
95.5,137.25,-88.79718004338395
96.25,137.25,-89.74884792626727
97.0,137.25,-90.77058823529411
97.75,137.25,-95.2316384180791
98.5,137.25,-95.14176245210729
99.25,137.25,-95.05376344086021
100.0,137.25,-95.00775193798448
100.75,137.25,-95.11111111111111
101.5,137.25,-95.53623188405795
102.25,137.25,-96.24242424242424
103.0,137.25,-96.3396398231467
103.75,137.25,-96.2918589254905
104.5,137.25,-95.85078676669956
105.25,137.25,-95.24768222692103
106.0,137.25,-94.66918865508475
106.75,137.25,-94.30287915728351
107.5,137.25,-94.08451424307017
108.25,137.25,-94.06886288304133
109.0,137.25,-93.37354085603113
37.0,138.0,
37.75,138.0,
38.5,138.0,
39.25,138.0,
40.0,138.0,
40.75,138.0,
41.5,138.0,
42.25,138.0,
43.0,138.0,
43.75,138.0,
44.5,138.0,
45.25,138.0,
46.0,138.0,
46.75,138.0,
47.5,138.0,
48.25,138.0,
49.0,138.0,
49.75,138.0,
50.5,138.0,
51.25,138.0,
52.0,138.0,
52.75,138.0,
53.5,138.0,
54.25,138.0,
55.0,138.0,
55.75,138.0,
56.5,138.0,
57.25,138.0,
58.0,138.0,
58.75,138.0,
59.5,138.0,
60.25,138.0,
61.0,138.0,
61.75,138.0,
62.5,138.0,
63.25,138.0,
64.0,138.0,
64.75,138.0,
65.5,138.0,
66.25,138.0,
67.0,138.0,
67.75,138.0,
68.5,138.0,
69.25,138.0,
70.0,138.0,
70.75,138.0,
71.5,138.0,
72.25,138.0,
73.0,138.0,
73.75,138.0,
74.5,138.0,
75.25,138.0,
76.0,138.0,-96.77777777777777
76.75,138.0,-96.86345381526105
77.5,138.0,-96.82456140350877
78.25,138.0,-96.32612979113838
79.0,138.0,-95.78894472361809
79.75,138.0,-95.21903756903393
80.5,138.0,-94.59426418043067
81.25,138.0,-94.26222948488189
82.0,138.0,-94.05590062111798
82.75,138.0,-94.12346403903024
83.5,138.0,-94.8653846153846
84.25,138.0,-95.10694184285293
85.0,138.0,-95.8
85.75,138.0,-96.18126272912423
86.5,138.0,-96.64705882352942
87.25,138.0,-97.05825242718448
88.0,138.0,-97.30722891566266
88.75,138.0,-97.41404008358867
89.5,138.0,-97.41740501576814
90.25,138.0,-97.0255455430447
91.0,138.0,-96.54941860465117
91.75,138.0,-95.92062705127428
92.5,138.0,-95.24076867382647
93.25,138.0,-94.60591625787296
94.0,138.0,-94.078125
94.75,138.0,-92.77893277893278
95.5,138.0,-89.5
96.25,138.0,-90.41331923890064
97.0,138.0,
97.75,138.0,-95.15264797507788
98.5,138.0,-95.01754385964914
99.25,138.0,-94.84967320261438
100.0,138.0,-94.66666666666667
100.75,138.0,-94.59649122807016
101.5,138.0,-95.11111111111111
102.25,138.0,-96.29136952408675
103.0,138.0,-97.09677419354838
103.75,138.0,-96.91559365243576
104.5,138.0,-96.1470176053254
105.25,138.0,-95.20728931347982
106.0,138.0,-94.3779069767442
106.75,138.0,-93.8788006341518
107.5,138.0,-93.72785176606831
108.25,138.0,-93.87405425088579
109.0,138.0,-93.54545454545456
37.0,138.75,
37.75,138.75,
38.5,138.75,
39.25,138.75,
40.0,138.75,
40.75,138.75,
41.5,138.75,
42.25,138.75,
43.0,138.75,
43.75,138.75,
44.5,138.75,
45.25,138.75,
46.0,138.75,
46.75,138.75,
47.5,138.75,
48.25,138.75,
49.0,138.75,
49.75,138.75,
50.5,138.75,
51.25,138.75,
52.0,138.75,
52.75,138.75,
53.5,138.75,
54.25,138.75,
55.0,138.75,
55.75,138.75,
56.5,138.75,
57.25,138.75,
58.0,138.75,
58.75,138.75,
59.5,138.75,
60.25,138.75,
61.0,138.75,
61.75,138.75,
62.5,138.75,
63.25,138.75,
64.0,138.75,
64.75,138.75,
65.5,138.75,
66.25,138.75,
67.0,138.75,
67.75,138.75,
68.5,138.75,
69.25,138.75,
70.0,138.75,
70.75,138.75,
71.5,138.75,
72.25,138.75,
73.0,138.75,
73.75,138.75,
74.5,138.75,
75.25,138.75,-96.64539007092199
76.0,138.75,-96.8488888888889
76.75,138.75,-96.97849462365592
77.5,138.75,-96.88974795113653
78.25,138.75,-96.42114547472045
79.0,138.75,-95.70811216929745
79.75,138.75,-95.00867828526594
80.5,138.75,-94.39780045322331
81.25,138.75,-94.06306937631393
82.0,138.75,-93.87161271975862
82.75,138.75,-93.78105817332712
83.5,138.75,-94.80880783170842
84.25,138.75,-95.14537250994675
85.0,138.75,-95.52470436298123
85.75,138.75,-96.35369020429872
86.5,138.75,-96.61003250351808
87.25,138.75,-96.71929544911134
88.0,138.75,-96.52957306380128
88.75,138.75,-96.10638297872337
89.5,138.75,-96.24602563499607
90.25,138.75,-96.787596008901
91.0,138.75,-97.0885948752303
91.75,138.75,-95.98028498805388
92.5,138.75,-95.4827270999961
93.25,138.75,-94.56770180569094
94.0,138.75,-93.94045381696537
94.75,138.75,
95.5,138.75,
96.25,138.75,
97.0,138.75,
97.75,138.75,-95.11111111111111
98.5,138.75,-94.94835680751174
99.25,138.75,-94.72463768115942
100.0,138.75,-94.41975308641975
100.75,138.75,-94.0952380952381
101.5,138.75,-94.44156387204684
102.25,138.75,-96.7781350482315
103.0,138.75,-97.91625947012149
103.75,138.75,-97.39867810372613
104.5,138.75,-96.26816354787114
105.25,138.75,-94.92269961662927
106.0,138.75,-93.80276633090877
106.75,138.75,-93.2408408215086
107.5,138.75,-93.24505588993982
108.25,138.75,-93.71659110759889
109.0,138.75,-93.84955752212389
37.0,139.5,
37.75,139.5,
38.5,139.5,
39.25,139.5,
40.0,139.5,
40.75,139.5,
41.5,139.5,
42.25,139.5,
43.0,139.5,
43.75,139.5,
44.5,139.5,
45.25,139.5,
46.0,139.5,
46.75,139.5,
47.5,139.5,
48.25,139.5,
49.0,139.5,
49.75,139.5,
50.5,139.5,
51.25,139.5,
52.0,139.5,
52.75,139.5,
53.5,139.5,
54.25,139.5,
55.0,139.5,
55.75,139.5,
56.5,139.5,
57.25,139.5,
58.0,139.5,
58.75,139.5,
59.5,139.5,
60.25,139.5,
61.0,139.5,
61.75,139.5,
62.5,139.5,
63.25,139.5,
64.0,139.5,
64.75,139.5,
65.5,139.5,
66.25,139.5,
67.0,139.5,
67.75,139.5,
68.5,139.5,
69.25,139.5,
70.0,139.5,
70.75,139.5,
71.5,139.5,
72.25,139.5,
73.0,139.5,
73.75,139.5,
74.5,139.5,-96.33333333333333
75.25,139.5,-96.55274261603375
76.0,139.5,-96.77777777777777
76.75,139.5,-96.87966414534401
77.5,139.5,-96.77251501000666
78.25,139.5,-96.17006352732673
79.0,139.5,-95.32422408744878
79.75,139.5,-94.57876312718787
80.5,139.5,-94.04819277108435
81.25,139.5,-93.74688906879325
82.0,139.5,-93.59663139975109
82.75,139.5,-93.5454604494252
83.5,139.5,-93.54766133253572
84.25,139.5,-95.0182445428895
85.0,139.5,-95.44826356358901
85.75,139.5,-95.85765974655605
86.5,139.5,-96.54299754299754
87.25,139.5,-96.54177488936205
88.0,139.5,-96.35532379335436
88.75,139.5,-96.12308557215626
89.5,139.5,-96.21428571428571
90.25,139.5,-96.56493506493506
91.0,139.5,-96.87931034482756
91.75,139.5,-97.08381502890172
92.5,139.5,-97.20967741935483
93.25,139.5,-97.28885630498533
94.0,139.5,-97.34070796460176
94.75,139.5,
95.5,139.5,
96.25,139.5,
97.0,139.5,
97.75,139.5,-95.11974110032362
98.5,139.5,-94.96296296296296
99.25,139.5,-94.7517730496454
100.0,139.5,-94.47619047619048
100.75,139.5,-94.22222222222221
101.5,139.5,-94.60759493670888
102.25,139.5,-96.6123980998182
103.0,139.5,-97.67843726521411
103.75,139.5,-97.18150970581912
104.5,139.5,-95.8973941368078
105.25,139.5,-94.24900517906777
106.0,139.5,-92.85988113326789
106.75,139.5,-92.2412223208045
107.5,139.5,-92.56865912762518
108.25,139.5,-93.70289492136634
109.0,139.5,-94.41176470588235
37.0,140.25,
37.75,140.25,
38.5,140.25,
39.25,140.25,
40.0,140.25,
40.75,140.25,
41.5,140.25,
42.25,140.25,
43.0,140.25,
43.75,140.25,
44.5,140.25,
45.25,140.25,
46.0,140.25,
46.75,140.25,
47.5,140.25,
48.25,140.25,
49.0,140.25,
49.75,140.25,
50.5,140.25,
51.25,140.25,
52.0,140.25,
52.75,140.25,
53.5,140.25,
54.25,140.25,
55.0,140.25,
55.75,140.25,
56.5,140.25,
57.25,140.25,
58.0,140.25,
58.75,140.25,
59.5,140.25,
60.25,140.25,
61.0,140.25,
61.75,140.25,
62.5,140.25,
63.25,140.25,
64.0,140.25,
64.75,140.25,
65.5,140.25,
66.25,140.25,
67.0,140.25,
67.75,140.25,
68.5,140.25,
69.25,140.25,
70.0,140.25,
70.75,140.25,
71.5,140.25,
72.25,140.25,
73.0,140.25,
73.75,140.25,-95.97354497354496
74.5,140.25,-96.12280701754386
75.25,140.25,-96.29523809523812
76.0,140.25,-96.17923436940296
76.75,140.25,-96.30215127820767
77.5,140.25,-96.06263087459655
78.25,140.25,-95.38393927287255
79.0,140.25,-94.58751687861505
79.75,140.25,-93.96059113300491
80.5,140.25,-93.53452841470708
81.25,140.25,-93.27811362557367
82.0,140.25,-93.15734594868576
82.75,140.25,-93.26042560893508
83.5,140.25,-93.3198939044361
84.25,140.25,-94.49796572033334
85.0,140.25,-95.25345389893495
85.75,140.25,-95.68836265513991
86.5,140.25,-96.50380704359482
87.25,140.25,-96.4960962528774
88.0,140.25,-96.54424778761062
88.75,140.25,-96.39795918367346
89.5,140.25,-96.43069306930694
90.25,140.25,-96.61475409836066
91.0,140.25,-96.82919254658385
91.75,140.25,-97.00458715596329
92.5,140.25,-97.13139931740614
93.25,140.25,-97.220207253886
94.0,140.25,-97.28269617706236
94.75,140.25,
95.5,140.25,
96.25,140.25,
97.0,140.25,
97.75,140.25,-95.17575757575757
98.5,140.25,-95.05485232067511
99.25,140.25,-94.9135802469136
100.0,140.25,-94.78095238095239
100.75,140.25,-94.78787878787878
101.5,140.25,-95.08610936517915
102.25,140.25,-96.05003050640633
103.0,140.25,-96.63419145984278
103.75,140.25,-96.25888215102347
104.5,140.25,-95.05399152643056
105.25,140.25,-93.33547335368549
106.0,140.25,-91.75098791915998
106.75,140.25,-90.90566503815117
107.5,140.25,-91.53176165554328
108.25,140.25,-94.02350668169376
109.0,140.25,-95.34146341463415
37.0,141.0,
37.75,141.0,
38.5,141.0,
39.25,141.0,
40.0,141.0,
40.75,141.0,
41.5,141.0,
42.25,141.0,
43.0,141.0,
43.75,141.0,
44.5,141.0,
45.25,141.0,
46.0,141.0,
46.75,141.0,
47.5,141.0,
48.25,141.0,
49.0,141.0,
49.75,141.0,
50.5,141.0,
51.25,141.0,
52.0,141.0,
52.75,141.0,
53.5,141.0,
54.25,141.0,
55.0,141.0,
55.75,141.0,
56.5,141.0,
57.25,141.0,
58.0,141.0,
58.75,141.0,
59.5,141.0,
60.25,141.0,
61.0,141.0,
61.75,141.0,
62.5,141.0,
63.25,141.0,
64.0,141.0,
64.75,141.0,
65.5,141.0,
66.25,141.0,
67.0,141.0,
67.75,141.0,
68.5,141.0,
69.25,141.0,
70.0,141.0,
70.75,141.0,
71.5,141.0,
72.25,141.0,
73.0,141.0,
73.75,141.0,-95.73712737127371
74.5,141.0,-95.81159420289856
75.25,141.0,-95.87562189054727
76.0,141.0,-95.45826235093696
76.75,141.0,-95.3375620848543
77.5,141.0,-94.92551505546751
78.25,141.0,-94.30317821592124
79.0,141.0,-93.75
79.75,141.0,-93.34230948528806
80.5,141.0,-93.02377179080825
81.25,141.0,-92.83860929926396
82.0,141.0,-92.8006814310051
82.75,141.0,-92.28109452736318
83.5,141.0,-92.9406546344448
84.25,141.0,-93.32080961710119
85.0,141.0,-95.19047619047619
85.75,141.0,-95.7384960718294
86.5,141.0,-96.1050841138916
87.25,141.0,-96.81100478468898
88.0,141.0,-96.68181818181817
88.75,141.0,-96.60559006211182
89.5,141.0,-96.62195121951218
90.25,141.0,-96.72162162162162
91.0,141.0,-96.85714285714286
91.75,141.0,-96.98754448398576
92.5,141.0,-97.09550561797754
93.25,141.0,-97.1792873051225
94.0,141.0,
94.75,141.0,
95.5,141.0,
96.25,141.0,
97.0,141.0,
97.75,141.0,-95.26287262872629
98.5,141.0,-95.18840579710145
99.25,141.0,-95.12437810945275
100.0,141.0,-95.11111111111111
100.75,141.0,-95.23809523809524
101.5,141.0,-95.18540039949157
102.25,141.0,-95.5778636174764
103.0,141.0,-95.71428571428571
103.75,141.0,-95.30680240228361
104.5,141.0,-94.22919605077574
105.25,141.0,-92.6941897419132
106.0,141.0,-91.16152362584377
106.75,141.0,-90.10017242104377
107.5,141.0,-90.66802860061287
108.25,141.0,-94.45817763725208
109.0,141.0,-95.9999999999985
37.0,141.75,
37.75,141.75,
38.5,141.75,
39.25,141.75,
40.0,141.75,
40.75,141.75,
41.5,141.75,
42.25,141.75,
43.0,141.75,
43.75,141.75,
44.5,141.75,
45.25,141.75,
46.0,141.75,
46.75,141.75,
47.5,141.75,
48.25,141.75,
49.0,141.75,
49.75,141.75,
50.5,141.75,
51.25,141.75,
52.0,141.75,
52.75,141.75,
53.5,141.75,
54.25,141.75,
55.0,141.75,
55.75,141.75,
56.5,141.75,
57.25,141.75,
58.0,141.75,
58.75,141.75,
59.5,141.75,
60.25,141.75,
61.0,141.75,
61.75,141.75,
62.5,141.75,
63.25,141.75,
64.0,141.75,
64.75,141.75,
65.5,141.75,
66.25,141.75,
67.0,141.75,
67.75,141.75,
68.5,141.75,
69.25,141.75,
70.0,141.75,
70.75,141.75,
71.5,141.75,
72.25,141.75,
73.0,141.75,
73.75,141.75,-95.46560846560847
74.5,141.75,-95.44912280701755
75.25,141.75,-94.85878334181261
76.0,141.75,-94.72416336494716
76.75,141.75,-94.42212862618902
77.5,141.75,-93.95009336972359
78.25,141.75,-93.47663551401868
79.0,141.75,-93.18335835299163
79.75,141.75,-92.93517341565281
80.5,141.75,-92.67487718058871
81.25,141.75,-92.52985875472427
82.0,141.75,-92.6415416916152
82.75,141.75,-92.54547703267617
83.5,141.75,-92.73265109701242
84.25,141.75,-93.46534085476623
85.0,141.75,-94.02048481722942
85.75,141.75,-95.33213717626502
86.5,141.75,-95.84397764905272
87.25,141.75,-96.87931034482759
88.0,141.75,-96.79961089494164
88.75,141.75,-96.75619834710743
89.5,141.75,-96.76530612244898
90.25,141.75,-96.82330827067669
91.0,141.75,-96.90983606557377
91.75,141.75,-97.00276243093923
92.5,141.75,-97.08810068649886
93.25,141.75,
94.0,141.75,
94.75,141.75,
95.5,141.75,
96.25,141.75,
97.0,141.75,
97.75,141.75,-95.36150234741784
98.5,141.75,-95.32732732732732
99.25,141.75,-95.31782945736435
100.0,141.75,-95.36318407960198
100.75,141.75,-95.50617283950615
101.5,141.75,-95.05892808743722
102.25,141.75,-95.15739058629231
103.0,141.75,-95.02981396472578
103.75,141.75,-94.64794987617569
104.5,141.75,-93.75975951233532
105.25,141.75,-92.59479787687742
106.0,141.75,-91.47584730922537
106.75,141.75,-90.78760563380281
107.5,141.75,-91.49232809244174
108.25,141.75,-94.00670331143586
109.0,141.75,-95.34146341463415
37.0,142.5,
37.75,142.5,
38.5,142.5,
39.25,142.5,
40.0,142.5,
40.75,142.5,
41.5,142.5,
42.25,142.5,
43.0,142.5,
43.75,142.5,
44.5,142.5,
45.25,142.5,
46.0,142.5,
46.75,142.5,
47.5,142.5,
48.25,142.5,
49.0,142.5,
49.75,142.5,
50.5,142.5,
51.25,142.5,
52.0,142.5,
52.75,142.5,
53.5,142.5,
54.25,142.5,
55.0,142.5,
55.75,142.5,
56.5,142.5,
57.25,142.5,
58.0,142.5,
58.75,142.5,
59.5,142.5,
60.25,142.5,
61.0,142.5,
61.75,142.5,
62.5,142.5,
63.25,142.5,
64.0,142.5,
64.75,142.5,
65.5,142.5,
66.25,142.5,
67.0,142.5,
67.75,142.5,
68.5,142.5,
69.25,142.5,
70.0,142.5,
70.75,142.5,
71.5,142.5,
72.25,142.5,
73.0,142.5,
73.75,142.5,-95.19753086419753
74.5,142.5,-95.10256410256412
75.25,142.5,-94.39960226334182
76.0,142.5,-94.17518776581305
76.75,142.5,-93.83399583379456
77.5,142.5,-93.42857142857143
78.25,142.5,-93.11290975313639
79.0,142.5,-93.00252737994946
79.75,142.5,-92.8472609216948
80.5,142.5,-92.28939845886156
81.25,142.5,-92.13910315329116
82.0,142.5,-92.26098535286283
82.75,142.5,-92.51678919325155
83.5,142.5,-92.77611940298509
84.25,142.5,-93.4205725660401
85.0,142.5,-93.9200763886067
85.75,142.5,-94.29083665338645
86.5,142.5,-94.62327576214211
87.25,142.5,-96.94473007712082
88.0,142.5,-96.8932584269663
88.75,142.5,-96.866568914956
89.5,142.5,-96.87209302325581
90.25,142.5,-96.90821917808219
91.0,142.5,-96.96534653465346
91.75,142.5,
92.5,142.5,
93.25,142.5,
94.0,142.5,
94.75,142.5,
95.5,142.5,
96.25,142.5,
97.0,142.5,
97.75,142.5,
98.5,142.5,-95.45098039215685
99.25,142.5,-95.47147147147146
100.0,142.5,-95.53623188405795
100.75,142.5,-95.66244725738396
101.5,142.5,-94.85005903187721
102.25,142.5,-94.79154210990221
103.0,142.5,-94.54227861301815
103.75,142.5,-94.27939241768918
104.5,142.5,-93.6107110954714
105.25,142.5,-92.82661969062448
106.0,142.5,-92.05077062556663
106.75,142.5,-91.85205962725735
107.5,142.5,-92.41884816753927
108.25,142.5,-93.45283018867926
109.0,142.5,-94.41176470588235
37.0,143.25,
37.75,143.25,
38.5,143.25,
39.25,143.25,
40.0,143.25,
40.75,143.25,
41.5,143.25,
42.25,143.25,
43.0,143.25,
43.75,143.25,
44.5,143.25,
45.25,143.25,
46.0,143.25,
46.75,143.25,
47.5,143.25,
48.25,143.25,
49.0,143.25,
49.75,143.25,
50.5,143.25,
51.25,143.25,
52.0,143.25,
52.75,143.25,
53.5,143.25,
54.25,143.25,
55.0,143.25,
55.75,143.25,
56.5,143.25,
57.25,143.25,
58.0,143.25,
58.75,143.25,
59.5,143.25,
60.25,143.25,
61.0,143.25,
61.75,143.25,
62.5,143.25,
63.25,143.25,
64.0,143.25,
64.75,143.25,
65.5,143.25,
66.25,143.25,
67.0,143.25,
67.75,143.25,
68.5,143.25,
69.25,143.25,
70.0,143.25,
70.75,143.25,
71.5,143.25,
72.25,143.25,
73.0,143.25,
73.75,143.25,-94.96444444444444
74.5,143.25,-94.82072829131651
75.25,143.25,-94.07307065130506
76.0,143.25,-93.83834427506397
76.75,143.25,-93.54185022026432
77.5,143.25,-93.24146023124283
78.25,143.25,-93.04077997562575
79.0,143.25,-93.00010274810782
79.75,143.25,-92.83526545029612
80.5,143.25,-92.2005768009335
81.25,143.25,-92.0448662640207
82.0,143.25,-92.27686896186187
82.75,143.25,-92.61349693251533
83.5,143.25,-92.93269621641524
84.25,143.25,-93.17436661698957
85.0,143.25,-93.92900498328596
85.75,143.25,-94.22104663682717
86.5,143.25,-94.48416780598578
87.25,143.25,-95.60328638497654
88.0,143.25,
88.75,143.25,
89.5,143.25,
90.25,143.25,
91.0,143.25,
91.75,143.25,
92.5,143.25,
93.25,143.25,
94.0,143.25,
94.75,143.25,
95.5,143.25,
96.25,143.25,
97.0,143.25,
97.75,143.25,
98.5,143.25,
99.25,143.25,-95.5868544600939
100.0,143.25,-95.65311653116531
100.75,143.25,-95.75757575757576
101.5,143.25,-94.63295041573376
102.25,143.25,-94.49677539854315
103.0,143.25,-94.21288371114203
103.75,143.25,-94.10710414308372
104.5,143.25,-93.63042973983379
105.25,143.25,-93.01760318249626
106.0,143.25,-92.64560219781582
106.75,143.25,-92.58947368421053
107.5,143.25,-92.52475247524754
108.25,143.25,-93.24489795918366
109.0,143.25,-93.84955752212389
37.0,144.0,
37.75,144.0,
38.5,144.0,
39.25,144.0,
40.0,144.0,
40.75,144.0,
41.5,144.0,
42.25,144.0,
43.0,144.0,
43.75,144.0,
44.5,144.0,
45.25,144.0,
46.0,144.0,
46.75,144.0,
47.5,144.0,
48.25,144.0,
49.0,144.0,
49.75,144.0,
50.5,144.0,
51.25,144.0,
52.0,144.0,
52.75,144.0,
53.5,144.0,
54.25,144.0,
55.0,144.0,
55.75,144.0,
56.5,144.0,
57.25,144.0,
58.0,144.0,
58.75,144.0,
59.5,144.0,
60.25,144.0,
61.0,144.0,
61.75,144.0,
62.5,144.0,
63.25,144.0,
64.0,144.0,
64.75,144.0,
65.5,144.0,
66.25,144.0,
67.0,144.0,
67.75,144.0,
68.5,144.0,
69.25,144.0,
70.0,144.0,
70.75,144.0,
71.5,144.0,
72.25,144.0,
73.0,144.0,
73.75,144.0,-94.78167641325535
74.5,144.0,-94.6190476190476
75.25,144.0,-93.86146256445414
76.0,144.0,-93.65217391304347
76.75,144.0,-93.41639629534505
77.5,144.0,-93.19619306594154
78.25,144.0,-93.11761780553033
79.0,144.0,-93.01406926406926
79.75,144.0,-92.85147836898076
80.5,144.0,-92.42992261392948
81.25,144.0,-92.34789226671177
82.0,144.0,-92.57142857142857
82.75,144.0,-92.93978512534355
83.5,144.0,-93.26709561574143
84.25,144.0,-93.47583698968624
85.0,144.0,-93.69999999999999
85.75,144.0,-94.24237375941254
86.5,144.0,-94.42372881355931
87.25,144.0,-95.49092970521542
88.0,144.0,-95.56666666666665
88.75,144.0,
89.5,144.0,
90.25,144.0,
91.0,144.0,
91.75,144.0,
92.5,144.0,
93.25,144.0,
94.0,144.0,
94.75,144.0,
95.5,144.0,
96.25,144.0,
97.0,144.0,
97.75,144.0,
98.5,144.0,
99.25,144.0,
100.0,144.0,-95.73333333333332
100.75,144.0,-95.8185941043084
101.5,144.0,-95.92380952380952
102.25,144.0,-94.27428801922706
103.0,144.0,-94.00000000000001
103.75,144.0,-93.60318855009828
104.5,144.0,-93.65462150043332
105.25,144.0,-93.2989907448344
106.0,144.0,-93.07420494699646
106.75,144.0,-92.35135135135134
107.5,144.0,-92.70731707317073
108.25,144.0,-93.14906832298136
109.0,144.0,-93.54545454545456
37.0,144.75,
37.75,144.75,
38.5,144.75,
39.25,144.75,
40.0,144.75,
40.75,144.75,
41.5,144.75,
42.25,144.75,
43.0,144.75,
43.75,144.75,
44.5,144.75,
45.25,144.75,
46.0,144.75,
46.75,144.75,
47.5,144.75,
48.25,144.75,
49.0,144.75,
49.75,144.75,
50.5,144.75,
51.25,144.75,
52.0,144.75,
52.75,144.75,
53.5,144.75,
54.25,144.75,
55.0,144.75,
55.75,144.75,
56.5,144.75,
57.25,144.75,
58.0,144.75,
58.75,144.75,
59.5,144.75,
60.25,144.75,
61.0,144.75,
61.75,144.75,
62.5,144.75,
63.25,144.75,
64.0,144.75,
64.75,144.75,
65.5,144.75,
66.25,144.75,
67.0,144.75,
67.75,144.75,
68.5,144.75,
69.25,144.75,
70.0,144.75,
70.75,144.75,
71.5,144.75,
72.25,144.75,
73.0,144.75,
73.75,144.75,
74.5,144.75,
75.25,144.75,
76.0,144.75,-93.55307446849937
76.75,144.75,-93.3659839715049
77.5,144.75,-93.3572096148922
78.25,144.75,-93.21561181959049
79.0,144.75,-92.90954748798457
79.75,144.75,-92.84136007722837
80.5,144.75,-92.78377370009837
81.25,144.75,-92.86956521739131
82.0,144.75,-93.16951904394345
82.75,144.75,-93.54459864704653
83.5,144.75,-93.79491130299058
84.25,144.75,-93.88910638485055
85.0,144.75,-94.03333333333333
85.75,144.75,-94.00980392156865
86.5,144.75,-93.97407407407407
87.25,144.75,
88.0,144.75,-95.46881091617934
88.75,144.75,
89.5,144.75,
90.25,144.75,
91.0,144.75,
91.75,144.75,
92.5,144.75,
93.25,144.75,
94.0,144.75,
94.75,144.75,
95.5,144.75,
96.25,144.75,
97.0,144.75,
97.75,144.75,
98.5,144.75,
99.25,144.75,
100.0,144.75,
100.75,144.75,
101.5,144.75,-95.94171220400729
102.25,144.75,-96.02930402930403
103.0,144.75,-93.80990099009901
103.75,144.75,-93.38197424892704
104.5,144.75,-93.76230038602573
105.25,144.75,-92.2707182320442
106.0,144.75,-92.37049180327868
106.75,144.75,-92.54887218045113
107.5,144.75,-92.80408163265305
108.25,144.75,-93.09917355371901
109.0,144.75,-93.37354085603113
37.0,145.5,
37.75,145.5,
38.5,145.5,
39.25,145.5,
40.0,145.5,
40.75,145.5,
41.5,145.5,
42.25,145.5,
43.0,145.5,
43.75,145.5,
44.5,145.5,
45.25,145.5,
46.0,145.5,
46.75,145.5,
47.5,145.5,
48.25,145.5,
49.0,145.5,
49.75,145.5,
50.5,145.5,
51.25,145.5,
52.0,145.5,
52.75,145.5,
53.5,145.5,
54.25,145.5,
55.0,145.5,
55.75,145.5,
56.5,145.5,
57.25,145.5,
58.0,145.5,
58.75,145.5,
59.5,145.5,
60.25,145.5,
61.0,145.5,
61.75,145.5,
62.5,145.5,
63.25,145.5,
64.0,145.5,
64.75,145.5,
65.5,145.5,
66.25,145.5,
67.0,145.5,
67.75,145.5,
68.5,145.5,
69.25,145.5,
70.0,145.5,
70.75,145.5,
71.5,145.5,
72.25,145.5,
73.0,145.5,
73.75,145.5,
74.5,145.5,
75.25,145.5,
76.0,145.5,-92.67204301075269
76.75,145.5,-92.6824561403509
77.5,145.5,-93.03696545059195
78.25,145.5,-93.03162496212097
79.0,145.5,-93.03850761595072
79.75,145.5,-93.07963308710121
80.5,145.5,-93.20930232558138
81.25,145.5,-93.50121890606138
82.0,145.5,-93.93399115345356
82.75,145.5,-94.28594818307234
83.5,145.5,-94.39067055393586
84.25,145.5,-94.3237833373517
85.0,145.5,-94.3421052631579
85.75,145.5,-94.2378640776699
86.5,145.5,
87.25,145.5,
88.0,145.5,
88.75,145.5,
89.5,145.5,
90.25,145.5,
91.0,145.5,
91.75,145.5,
92.5,145.5,
93.25,145.5,
94.0,145.5,
94.75,145.5,
95.5,145.5,
96.25,145.5,
97.0,145.5,
97.75,145.5,
98.5,145.5,
99.25,145.5,
100.0,145.5,
100.75,145.5,
101.5,145.5,
102.25,145.5,
103.0,145.5,
103.75,145.5,
104.5,145.5,
105.25,145.5,-92.42733188720175
106.0,145.5,-92.52475247524754
106.75,145.5,-92.67123287671234
107.5,145.5,-92.86046511627907
108.25,145.5,-93.07038123167155
109.0,145.5,-93.26966292134831
37.0,146.25,
37.75,146.25,
38.5,146.25,
39.25,146.25,
40.0,146.25,
40.75,146.25,
41.5,146.25,
42.25,146.25,
43.0,146.25,
43.75,146.25,
44.5,146.25,
45.25,146.25,
46.0,146.25,
46.75,146.25,
47.5,146.25,
48.25,146.25,
49.0,146.25,
49.75,146.25,
50.5,146.25,
51.25,146.25,
52.0,146.25,
52.75,146.25,
53.5,146.25,
54.25,146.25,
55.0,146.25,
55.75,146.25,
56.5,146.25,
57.25,146.25,
58.0,146.25,
58.75,146.25,
59.5,146.25,
60.25,146.25,
61.0,146.25,
61.75,146.25,
62.5,146.25,
63.25,146.25,
64.0,146.25,
64.75,146.25,
65.5,146.25,
66.25,146.25,
67.0,146.25,
67.75,146.25,
68.5,146.25,
69.25,146.25,
70.0,146.25,
70.75,146.25,
71.5,146.25,
72.25,146.25,
73.0,146.25,
73.75,146.25,
74.5,146.25,
75.25,146.25,
76.0,146.25,-92.64512471655328
76.75,146.25,-92.64689265536724
77.5,146.25,-93.13653800216392
78.25,146.25,-93.16629593380195
79.0,146.25,-93.23281268205089
79.75,146.25,-93.37102473498234
80.5,146.25,-93.63371463602331
81.25,146.25,-94.0544421178582
82.0,146.25,-94.5348589297136
82.75,146.25,-94.8241533712994
83.5,146.25,-94.8160226770416
84.25,146.25,-94.7258064516129
85.0,146.25,-94.56024096385542
85.75,146.25,-94.4090909090909
86.5,146.25,
87.25,146.25,
88.0,146.25,
88.75,146.25,
89.5,146.25,
90.25,146.25,
91.0,146.25,
91.75,146.25,
92.5,146.25,
93.25,146.25,
94.0,146.25,
94.75,146.25,
95.5,146.25,
96.25,146.25,
97.0,146.25,
97.75,146.25,
98.5,146.25,
99.25,146.25,
100.0,146.25,
100.75,146.25,
101.5,146.25,
102.25,146.25,
103.0,146.25,
103.75,146.25,
104.5,146.25,
105.25,146.25,
106.0,146.25,
106.75,146.25,-92.75103734439834
107.5,146.25,-92.89587852494577
108.25,146.25,-93.05240174672488
109.0,146.25,-93.20295983086682
37.0,147.0,
37.75,147.0,
38.5,147.0,
39.25,147.0,
40.0,147.0,
40.75,147.0,
41.5,147.0,
42.25,147.0,
43.0,147.0,
43.75,147.0,
44.5,147.0,
45.25,147.0,
46.0,147.0,
46.75,147.0,
47.5,147.0,
48.25,147.0,
49.0,147.0,
49.75,147.0,
50.5,147.0,
51.25,147.0,
52.0,147.0,
52.75,147.0,
53.5,147.0,
54.25,147.0,
55.0,147.0,
55.75,147.0,
56.5,147.0,
57.25,147.0,
58.0,147.0,
58.75,147.0,
59.5,147.0,
60.25,147.0,
61.0,147.0,
61.75,147.0,
62.5,147.0,
63.25,147.0,
64.0,147.0,
64.75,147.0,
65.5,147.0,
66.25,147.0,
67.0,147.0,
67.75,147.0,
68.5,147.0,
69.25,147.0,
70.0,147.0,
70.75,147.0,
71.5,147.0,
72.25,147.0,
73.0,147.0,
73.75,147.0,
74.5,147.0,
75.25,147.0,
76.0,147.0,
76.75,147.0,-92.61791383219955
77.5,147.0,-93.24922776784263
78.25,147.0,-93.314004709543
79.0,147.0,-93.42857142857142
79.75,147.0,-93.62459892406696
80.5,147.0,-93.9353264185479
81.25,147.0,-94.35423238128158
82.0,147.0,-94.76659528907922
82.75,147.0,-94.9860805066072
83.5,147.0,-94.96666666666667
84.25,147.0,-94.83333333333334
85.0,147.0,-94.66666666666667
85.75,147.0,
86.5,147.0,
87.25,147.0,
88.0,147.0,
88.75,147.0,
89.5,147.0,
90.25,147.0,
91.0,147.0,
91.75,147.0,
92.5,147.0,
93.25,147.0,
94.0,147.0,
94.75,147.0,
95.5,147.0,
96.25,147.0,
97.0,147.0,
97.75,147.0,
98.5,147.0,
99.25,147.0,
100.0,147.0,
100.75,147.0,
101.5,147.0,
102.25,147.0,
103.0,147.0,
103.75,147.0,
104.5,147.0,
105.25,147.0,
106.0,147.0,
106.75,147.0,
107.5,147.0,
108.25,147.0,
109.0,147.0,
