x_m,y_m,idw_rssi_dbm
123.0,207.0,
123.75,207.0,
124.5,207.0,
125.25,207.0,
126.0,207.0,
126.75,207.0,
127.5,207.0,
128.25,207.0,
129.0,207.0,
129.75,207.0,
130.5,207.0,
131.25,207.0,
132.0,207.0,
132.75,207.0,
133.5,207.0,
134.25,207.0,
135.0,207.0,
135.75,207.0,
136.5,207.0,
137.25,207.0,
138.0,207.0,
138.75,207.0,
139.5,207.0,
140.25,207.0,
141.0,207.0,
141.75,207.0,
142.5,207.0,
143.25,207.0,
144.0,207.0,
144.75,207.0,
145.5,207.0,
146.25,207.0,
147.0,207.0,
147.75,207.0,
148.5,207.0,
149.25,207.0,
150.0,207.0,
150.75,207.0,
151.5,207.0,
152.25,207.0,
153.0,207.0,
153.75,207.0,
154.5,207.0,
155.25,207.0,
156.0,207.0,
156.75,207.0,
157.5,207.0,
158.25,207.0,
159.0,207.0,
159.75,207.0,
160.5,207.0,
161.25,207.0,
162.0,207.0,
162.75,207.0,
163.5,207.0,
164.25,207.0,
165.0,207.0,
165.75,207.0,
166.5,207.0,
167.25,207.0,
168.0,207.0,
168.75,207.0,
169.5,207.0,
170.25,207.0,
171.0,207.0,
171.75,207.0,
172.5,207.0,
173.25,207.0,
174.0,207.0,
174.75,207.0,
175.5,207.0,
176.25,207.0,
177.0,207.0,
177.75,207.0,
178.5,207.0,
179.25,207.0,
180.0,207.0,
180.75,207.0,
181.5,207.0,
182.25,207.0,
183.0,207.0,
183.75,207.0,
184.5,207.0,
185.25,207.0,
186.0,207.0,
186.75,207.0,
187.5,207.0,
188.25,207.0,
189.0,207.0,
189.75,207.0,
190.5,207.0,
191.25,207.0,
192.0,207.0,
192.75,207.0,
193.5,207.0,
194.25,207.0,
195.0,207.0,
195.75,207.0,
196.5,207.0,
197.25,207.0,
198.0,207.0,
198.75,207.0,
199.5,207.0,
200.25,207.0,
201.0,207.0,
201.75,207.0,
202.5,207.0,
203.25,207.0,
204.0,207.0,
204.75,207.0,
205.5,207.0,
206.25,207.0,
207.0,207.0,
207.75,207.0,
208.5,207.0,
209.25,207.0,
210.0,207.0,
210.75,207.0,
211.5,207.0,
212.25,207.0,
213.0,207.0,
213.75,207.0,
214.5,207.0,
215.25,207.0,
216.0,207.0,
216.75,207.0,
217.5,207.0,
218.25,207.0,
219.0,207.0,
219.75,207.0,
220.5,207.0,
221.25,207.0,
222.0,207.0,
222.75,207.0,
223.5,207.0,
224.25,207.0,
225.0,207.0,
225.75,207.0,
226.5,207.0,
227.25,207.0,
228.0,207.0,
228.75,207.0,
229.5,207.0,
230.25,207.0,
231.0,207.0,
231.75,207.0,
232.5,207.0,
233.25,207.0,-89.32697201017812
234.0,207.0,-90.07608034083992
234.75,207.0,-90.24938303108851
235.5,207.0,-89.60593635909214
236.25,207.0,-89.71305397081557
237.0,207.0,-90.15625
237.75,207.0,-90.27787190638885
238.5,207.0,-90.0366830161103
239.25,207.0,-89.97828932807876
240.0,207.0,-88.52240182252115
240.75,207.0,-85.33859771380602
241.5,207.0,-86.46662090019635
242.25,207.0,-92.36466538448178
243.0,207.0,-94.99999999999699
243.75,207.0,-94.1903652277132
244.5,207.0,-93.3695474854697
245.25,207.0,-93.22147652396671
246.0,207.0,-92.69767441860465
246.75,207.0,-92.50617086603874
247.5,207.0,
248.25,207.0,
249.0,207.0,
249.75,207.0,
250.5,207.0,
251.25,207.0,
252.0,207.0,
252.75,207.0,
253.5,207.0,
254.25,207.0,
255.0,207.0,
255.75,207.0,
256.5,207.0,
257.25,207.0,
258.0,207.0,
258.75,207.0,
123.0,207.75,
123.75,207.75,
124.5,207.75,
125.25,207.75,
126.0,207.75,
126.75,207.75,
127.5,207.75,
128.25,207.75,
129.0,207.75,
129.75,207.75,
130.5,207.75,
131.25,207.75,
132.0,207.75,
132.75,207.75,
133.5,207.75,
134.25,207.75,
135.0,207.75,
135.75,207.75,
136.5,207.75,
137.25,207.75,
138.0,207.75,
138.75,207.75,
139.5,207.75,
140.25,207.75,
141.0,207.75,
141.75,207.75,
142.5,207.75,
143.25,207.75,
144.0,207.75,
144.75,207.75,
145.5,207.75,
146.25,207.75,
147.0,207.75,
147.75,207.75,
148.5,207.75,
149.25,207.75,
150.0,207.75,
150.75,207.75,
151.5,207.75,
152.25,207.75,
153.0,207.75,
153.75,207.75,
154.5,207.75,
155.25,207.75,
156.0,207.75,
156.75,207.75,
157.5,207.75,
158.25,207.75,
159.0,207.75,
159.75,207.75,
160.5,207.75,
161.25,207.75,
162.0,207.75,
162.75,207.75,
163.5,207.75,
164.25,207.75,
165.0,207.75,
165.75,207.75,
166.5,207.75,
167.25,207.75,
168.0,207.75,
168.75,207.75,
169.5,207.75,
170.25,207.75,
171.0,207.75,
171.75,207.75,
172.5,207.75,
173.25,207.75,
174.0,207.75,
174.75,207.75,
175.5,207.75,
176.25,207.75,
177.0,207.75,
177.75,207.75,
178.5,207.75,
179.25,207.75,
180.0,207.75,
180.75,207.75,
181.5,207.75,
182.25,207.75,
183.0,207.75,
183.75,207.75,
184.5,207.75,
185.25,207.75,
186.0,207.75,
186.75,207.75,
187.5,207.75,
188.25,207.75,
189.0,207.75,
189.75,207.75,
190.5,207.75,
191.25,207.75,
192.0,207.75,
192.75,207.75,
193.5,207.75,
194.25,207.75,
195.0,207.75,
195.75,207.75,
196.5,207.75,
197.25,207.75,
198.0,207.75,
198.75,207.75,
199.5,207.75,
200.25,207.75,
201.0,207.75,
201.75,207.75,
202.5,207.75,
203.25,207.75,
204.0,207.75,
204.75,207.75,
205.5,207.75,
206.25,207.75,
207.0,207.75,
207.75,207.75,
208.5,207.75,
209.25,207.75,
210.0,207.75,
210.75,207.75,
211.5,207.75,
212.25,207.75,
213.0,207.75,
213.75,207.75,
214.5,207.75,
215.25,207.75,
216.0,207.75,
216.75,207.75,
217.5,207.75,
218.25,207.75,
219.0,207.75,
219.75,207.75,
220.5,207.75,
221.25,207.75,
222.0,207.75,
222.75,207.75,
223.5,207.75,
224.25,207.75,
225.0,207.75,
225.75,207.75,
226.5,207.75,
227.25,207.75,
228.0,207.75,
228.75,207.75,-84.3265306122449
229.5,207.75,-84.66508313539192
230.25,207.75,-84.58402576961089
231.0,207.75,-84.95334026895466
231.75,207.75,-85.31433851999464
232.5,207.75,-85.59743229030774
233.25,207.75,-87.14505229643137
234.0,207.75,-88.70743766081965
234.75,207.75,-89.05049568305847
235.5,207.75,-88.95578963878718
236.25,207.75,-90.34422812398428
237.0,207.75,-90.42473809181516
237.75,207.75,-90.60238687035861
238.5,207.75,-90.5154965177943
239.25,207.75,-90.28405072040782
240.0,207.75,-89.36390256049987
240.75,207.75,-87.56791780920454
241.5,207.75,-88.37609538635648
242.25,207.75,-91.80120231435741
243.0,207.75,-93.80365041794138
243.75,207.75,-93.68437380305872
244.5,207.75,-93.33876637370305
245.25,207.75,-92.94259880966129
246.0,207.75,-92.52534244538677
246.75,207.75,-92.00108036509516
247.5,207.75,-92.89820184966081
248.25,207.75,-92.37192474674386
249.0,207.75,-91.1353065539112
249.75,207.75,-91.22134387351778
250.5,207.75,
251.25,207.75,
252.0,207.75,
252.75,207.75,
253.5,207.75,
254.25,207.75,
255.0,207.75,
255.75,207.75,
256.5,207.75,
257.25,207.75,
258.0,207.75,
258.75,207.75,
123.0,208.5,
123.75,208.5,
124.5,208.5,
125.25,208.5,
126.0,208.5,
126.75,208.5,
127.5,208.5,
128.25,208.5,
129.0,208.5,
129.75,208.5,
130.5,208.5,
131.25,208.5,
132.0,208.5,
132.75,208.5,
133.5,208.5,
134.25,208.5,
135.0,208.5,
135.75,208.5,
136.5,208.5,
137.25,208.5,
138.0,208.5,
138.75,208.5,
139.5,208.5,
140.25,208.5,
141.0,208.5,
141.75,208.5,
142.5,208.5,
143.25,208.5,
144.0,208.5,
144.75,208.5,
145.5,208.5,
146.25,208.5,
147.0,208.5,
147.75,208.5,
148.5,208.5,
149.25,208.5,
150.0,208.5,
150.75,208.5,
151.5,208.5,
152.25,208.5,
153.0,208.5,
153.75,208.5,
154.5,208.5,
155.25,208.5,
156.0,208.5,
156.75,208.5,
157.5,208.5,
158.25,208.5,
159.0,208.5,
159.75,208.5,
160.5,208.5,
161.25,208.5,
162.0,208.5,
162.75,208.5,
163.5,208.5,
164.25,208.5,
165.0,208.5,
165.75,208.5,
166.5,208.5,
167.25,208.5,
168.0,208.5,
168.75,208.5,
169.5,208.5,
170.25,208.5,
171.0,208.5,
171.75,208.5,
172.5,208.5,
173.25,208.5,
174.0,208.5,
174.75,208.5,
175.5,208.5,
176.25,208.5,
177.0,208.5,
177.75,208.5,
178.5,208.5,
179.25,208.5,
180.0,208.5,
180.75,208.5,
181.5,208.5,
182.25,208.5,
183.0,208.5,
183.75,208.5,
184.5,208.5,
185.25,208.5,
186.0,208.5,
186.75,208.5,
187.5,208.5,
188.25,208.5,
189.0,208.5,
189.75,208.5,
190.5,208.5,
191.25,208.5,
192.0,208.5,
192.75,208.5,
193.5,208.5,
194.25,208.5,
195.0,208.5,
195.75,208.5,
196.5,208.5,
197.25,208.5,
198.0,208.5,
198.75,208.5,
199.5,208.5,
200.25,208.5,
201.0,208.5,
201.75,208.5,
202.5,208.5,
203.25,208.5,
204.0,208.5,
204.75,208.5,
205.5,208.5,
206.25,208.5,
207.0,208.5,
207.75,208.5,
208.5,208.5,
209.25,208.5,
210.0,208.5,
210.75,208.5,
211.5,208.5,
212.25,208.5,
213.0,208.5,
213.75,208.5,
214.5,208.5,
215.25,208.5,
216.0,208.5,
216.75,208.5,
217.5,208.5,
218.25,208.5,
219.0,208.5,
219.75,208.5,
220.5,208.5,
221.25,208.5,
222.0,208.5,
222.75,208.5,
223.5,208.5,
224.25,208.5,
225.0,208.5,
225.75,208.5,
226.5,208.5,
227.25,208.5,
228.0,208.5,-83.83471074380165
228.75,208.5,-84.1007556675063
229.5,208.5,-84.1336669049321
230.25,208.5,-84.54856102185721
231.0,208.5,-85.06096997690533
231.75,208.5,-85.59497585212466
232.5,208.5,-86.01653729328383
233.25,208.5,-87.1273651114092
234.0,208.5,-87.4136808536301
234.75,208.5,-87.81466447922024
235.5,208.5,-88.86376300523574
236.25,208.5,-89.89597678779718
237.0,208.5,-90.73866730695455
237.75,208.5,-91.1505709987628
238.5,208.5,-91.57656810266757
239.25,208.5,-91.6225648604321
240.0,208.5,-90.89408482900663
240.75,208.5,-90.2681609028038
241.5,208.5,-90.63125647221263
242.25,208.5,-91.82700997795381
243.0,208.5,-92.78215033284731
243.75,208.5,-93.2964350663539
244.5,208.5,-93.07155706571841
245.25,208.5,-92.8462179940918
246.0,208.5,-92.33373399032662
246.75,208.5,-92.1333727012359
247.5,208.5,-92.60949160447761
248.25,208.5,-92.44768082489462
249.0,208.5,-91.17977528089888
249.75,208.5,-91.2879177377892
250.5,208.5,-91.36363636363636
251.25,208.5,
252.0,208.5,
252.75,208.5,
253.5,208.5,
254.25,208.5,
255.0,208.5,
255.75,208.5,
256.5,208.5,
257.25,208.5,
258.0,208.5,
258.75,208.5,
123.0,209.25,
123.75,209.25,
124.5,209.25,
125.25,209.25,
126.0,209.25,
126.75,209.25,
127.5,209.25,
128.25,209.25,
129.0,209.25,
129.75,209.25,
130.5,209.25,
131.25,209.25,
132.0,209.25,
132.75,209.25,
133.5,209.25,
134.25,209.25,
135.0,209.25,
135.75,209.25,
136.5,209.25,
137.25,209.25,
138.0,209.25,
138.75,209.25,
139.5,209.25,
140.25,209.25,
141.0,209.25,
141.75,209.25,
142.5,209.25,
143.25,209.25,
144.0,209.25,
144.75,209.25,
145.5,209.25,
146.25,209.25,
147.0,209.25,
147.75,209.25,
148.5,209.25,
149.25,209.25,
150.0,209.25,
150.75,209.25,
151.5,209.25,
152.25,209.25,
153.0,209.25,
153.75,209.25,
154.5,209.25,
155.25,209.25,
156.0,209.25,
156.75,209.25,
157.5,209.25,
158.25,209.25,
159.0,209.25,
159.75,209.25,
160.5,209.25,
161.25,209.25,
162.0,209.25,
162.75,209.25,
163.5,209.25,
164.25,209.25,
165.0,209.25,
165.75,209.25,
166.5,209.25,
167.25,209.25,
168.0,209.25,
168.75,209.25,
169.5,209.25,
170.25,209.25,
171.0,209.25,
171.75,209.25,
172.5,209.25,
173.25,209.25,
174.0,209.25,
174.75,209.25,
175.5,209.25,
176.25,209.25,
177.0,209.25,
177.75,209.25,
178.5,209.25,
179.25,209.25,
180.0,209.25,
180.75,209.25,
181.5,209.25,
182.25,209.25,
183.0,209.25,
183.75,209.25,
184.5,209.25,
185.25,209.25,
186.0,209.25,
186.75,209.25,
187.5,209.25,
188.25,209.25,
189.0,209.25,
189.75,209.25,
190.5,209.25,
191.25,209.25,
192.0,209.25,
192.75,209.25,
193.5,209.25,
194.25,209.25,
195.0,209.25,
195.75,209.25,
196.5,209.25,
197.25,209.25,
198.0,209.25,
198.75,209.25,
199.5,209.25,
200.25,209.25,
201.0,209.25,
201.75,209.25,
202.5,209.25,
203.25,209.25,
204.0,209.25,
204.75,209.25,
205.5,209.25,
206.25,209.25,
207.0,209.25,
207.75,209.25,
208.5,209.25,
209.25,209.25,
210.0,209.25,
210.75,209.25,
211.5,209.25,
212.25,209.25,
213.0,209.25,
213.75,209.25,
214.5,209.25,
215.25,209.25,
216.0,209.25,
216.75,209.25,
217.5,209.25,
218.25,209.25,
219.0,209.25,
219.75,209.25,
220.5,209.25,
221.25,209.25,
222.0,209.25,
222.75,209.25,
223.5,209.25,
224.25,209.25,
225.0,209.25,
225.75,209.25,
226.5,209.25,
227.25,209.25,
228.0,209.25,-85.26916994690029
228.75,209.25,-84.77824431557661
229.5,209.25,-84.8329810010162
230.25,209.25,-85.07631160134316
231.0,209.25,-85.10810108279789
231.75,209.25,-85.94176054661233
232.5,209.25,-86.57643649520928
233.25,209.25,-87.11772148298797
234.0,209.25,-87.32676915058832
234.75,209.25,-87.60203277338833
235.5,209.25,-88.74550087259861
236.25,209.25,-89.8455270455391
237.0,209.25,-90.47612703024596
237.75,209.25,-91.4414874615817
238.5,209.25,-91.88678135603806
239.25,209.25,-91.9526657566175
240.0,209.25,-91.85408367743608
240.75,209.25,-92.04274650452871
241.5,209.25,-92.32854367422443
242.25,209.25,-92.93762736789452
243.0,209.25,-93.22176996799796
243.75,209.25,-93.34781812708636
244.5,209.25,-93.04885636635832
245.25,209.25,-92.79134232972875
246.0,209.25,-93.26844251207591
246.75,209.25,-93.12050934368284
247.5,209.25,-92.96938705911026
248.25,209.25,-93.34332608237068
249.0,209.25,-92.4554152037064
249.75,209.25,-92.64572879665347
250.5,209.25,-92.8073639317382
251.25,209.25,-91.50731707317073
252.0,209.25,
252.75,209.25,
253.5,209.25,
254.25,209.25,
255.0,209.25,
255.75,209.25,
256.5,209.25,
257.25,209.25,
258.0,209.25,
258.75,209.25,
123.0,210.0,
123.75,210.0,
124.5,210.0,
125.25,210.0,
126.0,210.0,
126.75,210.0,
127.5,210.0,
128.25,210.0,
129.0,210.0,
129.75,210.0,
130.5,210.0,
131.25,210.0,
132.0,210.0,
132.75,210.0,
133.5,210.0,
134.25,210.0,
135.0,210.0,
135.75,210.0,
136.5,210.0,
137.25,210.0,
138.0,210.0,
138.75,210.0,
139.5,210.0,
140.25,210.0,
141.0,210.0,
141.75,210.0,
142.5,210.0,
143.25,210.0,
144.0,210.0,
144.75,210.0,
145.5,210.0,
146.25,210.0,
147.0,210.0,
147.75,210.0,
148.5,210.0,
149.25,210.0,
150.0,210.0,
150.75,210.0,
151.5,210.0,
152.25,210.0,
153.0,210.0,
153.75,210.0,
154.5,210.0,
155.25,210.0,
156.0,210.0,
156.75,210.0,
157.5,210.0,
158.25,210.0,
159.0,210.0,
159.75,210.0,
160.5,210.0,
161.25,210.0,
162.0,210.0,
162.75,210.0,
163.5,210.0,
164.25,210.0,
165.0,210.0,
165.75,210.0,
166.5,210.0,
167.25,210.0,
168.0,210.0,
168.75,210.0,
169.5,210.0,
170.25,210.0,
171.0,210.0,
171.75,210.0,
172.5,210.0,
173.25,210.0,
174.0,210.0,
174.75,210.0,
175.5,210.0,
176.25,210.0,
177.0,210.0,
177.75,210.0,
178.5,210.0,
179.25,210.0,
180.0,210.0,
180.75,210.0,
181.5,210.0,
182.25,210.0,
183.0,210.0,
183.75,210.0,
184.5,210.0,
185.25,210.0,
186.0,210.0,
186.75,210.0,
187.5,210.0,
188.25,210.0,
189.0,210.0,
189.75,210.0,
190.5,210.0,
191.25,210.0,
192.0,210.0,
192.75,210.0,
193.5,210.0,
194.25,210.0,
195.0,210.0,
195.75,210.0,
196.5,210.0,
197.25,210.0,
198.0,210.0,
198.75,210.0,
199.5,210.0,
200.25,210.0,
201.0,210.0,
201.75,210.0,
202.5,210.0,
203.25,210.0,
204.0,210.0,
204.75,210.0,
205.5,210.0,
206.25,210.0,
207.0,210.0,
207.75,210.0,
208.5,210.0,
209.25,210.0,
210.0,210.0,
210.75,210.0,
211.5,210.0,
212.25,210.0,
213.0,210.0,
213.75,210.0,
214.5,210.0,
215.25,210.0,
216.0,210.0,
216.75,210.0,
217.5,210.0,
218.25,210.0,
219.0,210.0,
219.75,210.0,
220.5,210.0,
221.25,210.0,
222.0,210.0,
222.75,210.0,
223.5,210.0,
224.25,210.0,
225.0,210.0,
225.75,210.0,
226.5,210.0,-84.31818181818181
227.25,210.0,-85.3271004806285
228.0,210.0,-84.71583850931677
228.75,210.0,-84.54479841515479
229.5,210.0,-84.49190234563481
230.25,210.0,-84.82260129277817
231.0,210.0,-85.40784212562879
231.75,210.0,-86.42186246979745
232.5,210.0,-87.40213400642497
233.25,210.0,-87.82136196139858
234.0,210.0,-87.52190840702124
234.75,210.0,-87.30421041716711
235.5,210.0,-88.3527946768877
236.25,210.0,-89.65098083614826
237.0,210.0,-90.38920671243325
237.75,210.0,-91.56888001580057
238.5,210.0,-92.00352745624984
239.25,210.0,-92.21699886777637
240.0,210.0,-92.89754098360655
240.75,210.0,-93.79331062357018
241.5,210.0,-94.02615318681502
242.25,210.0,-93.76410424257817
243.0,210.0,-93.74399767651994
243.75,210.0,-93.51808692611422
244.5,210.0,-93.18449714474212
245.25,210.0,-93.3659727415451
246.0,210.0,-92.90822784810126
246.75,210.0,-92.77219101153027
247.5,210.0,-92.9220631695379
248.25,210.0,-92.78387266345179
249.0,210.0,-93.03900215555954
249.75,210.0,-93.24435542281402
250.5,210.0,-92.86621283689912
251.25,210.0,-93.01331769435379
252.0,210.0,-93.12857142857142
252.75,210.0,
253.5,210.0,
254.25,210.0,
255.0,210.0,
255.75,210.0,
256.5,210.0,
257.25,210.0,
258.0,210.0,
258.75,210.0,
123.0,210.75,
123.75,210.75,
124.5,210.75,
125.25,210.75,
126.0,210.75,
126.75,210.75,
127.5,210.75,
128.25,210.75,
129.0,210.75,
129.75,210.75,
130.5,210.75,
131.25,210.75,
132.0,210.75,
132.75,210.75,
133.5,210.75,
134.25,210.75,
135.0,210.75,
135.75,210.75,
136.5,210.75,
137.25,210.75,
138.0,210.75,
138.75,210.75,
139.5,210.75,
140.25,210.75,
141.0,210.75,
141.75,210.75,
142.5,210.75,
143.25,210.75,
144.0,210.75,
144.75,210.75,
145.5,210.75,
146.25,210.75,
147.0,210.75,
147.75,210.75,
148.5,210.75,
149.25,210.75,
150.0,210.75,
150.75,210.75,
151.5,210.75,
152.25,210.75,
153.0,210.75,
153.75,210.75,
154.5,210.75,
155.25,210.75,
156.0,210.75,
156.75,210.75,
157.5,210.75,
158.25,210.75,
159.0,210.75,
159.75,210.75,
160.5,210.75,
161.25,210.75,
162.0,210.75,
162.75,210.75,
163.5,210.75,
164.25,210.75,
165.0,210.75,
165.75,210.75,
166.5,210.75,
167.25,210.75,
168.0,210.75,
168.75,210.75,
169.5,210.75,
170.25,210.75,
171.0,210.75,
171.75,210.75,
172.5,210.75,
173.25,210.75,
174.0,210.75,
174.75,210.75,
175.5,210.75,
176.25,210.75,
177.0,210.75,
177.75,210.75,
178.5,210.75,
179.25,210.75,
180.0,210.75,
180.75,210.75,
181.5,210.75,
182.25,210.75,
183.0,210.75,
183.75,210.75,
184.5,210.75,
185.25,210.75,
186.0,210.75,
186.75,210.75,
187.5,210.75,
188.25,210.75,
189.0,210.75,
189.75,210.75,
190.5,210.75,
191.25,210.75,
192.0,210.75,
192.75,210.75,
193.5,210.75,
194.25,210.75,
195.0,210.75,
195.75,210.75,
196.5,210.75,
197.25,210.75,
198.0,210.75,
198.75,210.75,
199.5,210.75,
200.25,210.75,
201.0,210.75,
201.75,210.75,
202.5,210.75,
203.25,210.75,
204.0,210.75,
204.75,210.75,
205.5,210.75,
206.25,210.75,
207.0,210.75,
207.75,210.75,
208.5,210.75,
209.25,210.75,
210.0,210.75,
210.75,210.75,
211.5,210.75,
212.25,210.75,
213.0,210.75,
213.75,210.75,
214.5,210.75,
215.25,210.75,
216.0,210.75,
216.75,210.75,
217.5,210.75,
218.25,210.75,
219.0,210.75,
219.75,210.75,
220.5,210.75,
221.25,210.75,
222.0,210.75,
222.75,210.75,
223.5,210.75,
224.25,210.75,
225.0,210.75,
225.75,210.75,-84.8591836734694
226.5,210.75,-84.61083123425693
227.25,210.75,-85.33675699497243
228.0,210.75,-84.63758930799813
228.75,210.75,-84.27669973737964
229.5,210.75,-84.16016704323376
230.25,210.75,-84.14938341617318
231.0,210.75,-84.76840521236775
231.75,210.75,-86.2949241106151
232.5,210.75,-88.27260777638509
233.25,210.75,-88.72165688997843
234.0,210.75,-87.61595399362469
234.75,210.75,-87.01952127437725
235.5,210.75,-87.1081918143788
236.25,210.75,-89.33654974205064
237.0,210.75,-90.16080365784028
237.75,210.75,-91.71120764786185
238.5,210.75,-92.3705453916895
239.25,210.75,-92.91431043990401
240.0,210.75,-94.03755177024989
240.75,210.75,-95.25812866007713
241.5,210.75,-95.00248963916609
242.25,210.75,-94.10337473304523
243.0,210.75,-93.99020334540116
243.75,210.75,-93.90069629021042
244.5,210.75,-93.5054685504078
245.25,210.75,-92.88568096246655
246.0,210.75,-92.28522995353177
246.75,210.75,-91.97707799849455
247.5,210.75,-92.33356626097537
248.25,210.75,-92.6194042873067
249.0,210.75,-92.8409380016088
249.75,210.75,-93.23127337892397
250.5,210.75,-93.44248320478829
251.25,210.75,-93.11671469740635
252.0,210.75,-93.23509807379634
252.75,210.75,-94.67926829268292
253.5,210.75,
254.25,210.75,
255.0,210.75,
255.75,210.75,
256.5,210.75,
257.25,210.75,
258.0,210.75,
258.75,210.75,
123.0,211.5,
123.75,211.5,
124.5,211.5,
125.25,211.5,
126.0,211.5,
126.75,211.5,
127.5,211.5,
128.25,211.5,
129.0,211.5,
129.75,211.5,
130.5,211.5,
131.25,211.5,
132.0,211.5,
132.75,211.5,
133.5,211.5,
134.25,211.5,
135.0,211.5,
135.75,211.5,
136.5,211.5,
137.25,211.5,
138.0,211.5,
138.75,211.5,
139.5,211.5,
140.25,211.5,
141.0,211.5,
141.75,211.5,
142.5,211.5,
143.25,211.5,
144.0,211.5,
144.75,211.5,
145.5,211.5,
146.25,211.5,
147.0,211.5,
147.75,211.5,
148.5,211.5,
149.25,211.5,
150.0,211.5,
150.75,211.5,
151.5,211.5,
152.25,211.5,
153.0,211.5,
153.75,211.5,
154.5,211.5,
155.25,211.5,
156.0,211.5,
156.75,211.5,
157.5,211.5,
158.25,211.5,
159.0,211.5,
159.75,211.5,
160.5,211.5,
161.25,211.5,
162.0,211.5,
162.75,211.5,
163.5,211.5,
164.25,211.5,
165.0,211.5,
165.75,211.5,
166.5,211.5,
167.25,211.5,
168.0,211.5,
168.75,211.5,
169.5,211.5,
170.25,211.5,
171.0,211.5,
171.75,211.5,
172.5,211.5,
173.25,211.5,
174.0,211.5,
174.75,211.5,
175.5,211.5,
176.25,211.5,
177.0,211.5,
177.75,211.5,
178.5,211.5,
179.25,211.5,
180.0,211.5,
180.75,211.5,
181.5,211.5,
182.25,211.5,
183.0,211.5,
183.75,211.5,
184.5,211.5,
185.25,211.5,
186.0,211.5,
186.75,211.5,
187.5,211.5,
188.25,211.5,
189.0,211.5,
189.75,211.5,
190.5,211.5,
191.25,211.5,
192.0,211.5,
192.75,211.5,
193.5,211.5,
194.25,211.5,
195.0,211.5,
195.75,211.5,
196.5,211.5,
197.25,211.5,
198.0,211.5,
198.75,211.5,
199.5,211.5,
200.25,211.5,
201.0,211.5,
201.75,211.5,
202.5,211.5,
203.25,211.5,
204.0,211.5,
204.75,211.5,
205.5,211.5,
206.25,211.5,
207.0,211.5,
207.75,211.5,
208.5,211.5,
209.25,211.5,
210.0,211.5,
210.75,211.5,
211.5,211.5,
212.25,211.5,
213.0,211.5,
213.75,211.5,
214.5,211.5,
215.25,211.5,
216.0,211.5,
216.75,211.5,
217.5,211.5,
218.25,211.5,
219.0,211.5,
219.75,211.5,
220.5,211.5,
221.25,211.5,
222.0,211.5,
222.75,211.5,
223.5,211.5,
224.25,211.5,
225.0,211.5,-87.74000000000001
225.75,211.5,-85.16468856762178
226.5,211.5,-85.02744862756862
227.25,211.5,-84.60507832163637
228.0,211.5,-84.34696932863636
228.75,211.5,-83.98547155826658
229.5,211.5,-83.39632223025123
230.25,211.5,-83.26824101823317
231.0,211.5,-83.44957389113561
231.75,211.5,-85.00268293300974
232.5,211.5,-87.26180965700429
233.25,211.5,-87.93325939269049
234.0,211.5,-86.80265214621234
234.75,211.5,-86.24111797659006
235.5,211.5,-86.9484565248853
236.25,211.5,-88.83162756532258
237.0,211.5,-89.84914967608532
237.75,211.5,-91.50751407741403
238.5,211.5,-92.74512610792281
239.25,211.5,-93.34613339598005
240.0,211.5,-94.25415916642216
240.75,211.5,-95.06607068480712
241.5,211.5,-94.87478672250658
242.25,211.5,-94.26360735376447
243.0,211.5,-93.9883882724274
243.75,211.5,-93.80793254880334
244.5,211.5,-93.42755029480608
245.25,211.5,-92.54349089007167
246.0,211.5,-91.81423339546473
246.75,211.5,-91.3418003333196
247.5,211.5,-91.82270416360551
248.25,211.5,-92.45750431567804
249.0,211.5,-92.96179260346057
249.75,211.5,-93.23630190662648
250.5,211.5,-93.60056339126997
251.25,211.5,-93.82477708194065
252.0,211.5,-93.37635454292858
252.75,211.5,-94.09668033951861
253.5,211.5,-95.46774193548386
254.25,211.5,-94.96701030927835
255.0,211.5,
255.75,211.5,
256.5,211.5,
257.25,211.5,
258.0,211.5,
258.75,211.5,
123.0,212.25,
123.75,212.25,
124.5,212.25,
125.25,212.25,
126.0,212.25,
126.75,212.25,
127.5,212.25,
128.25,212.25,
129.0,212.25,
129.75,212.25,
130.5,212.25,
131.25,212.25,
132.0,212.25,
132.75,212.25,
133.5,212.25,
134.25,212.25,
135.0,212.25,
135.75,212.25,
136.5,212.25,
137.25,212.25,
138.0,212.25,
138.75,212.25,
139.5,212.25,
140.25,212.25,
141.0,212.25,
141.75,212.25,
142.5,212.25,
143.25,212.25,
144.0,212.25,
144.75,212.25,
145.5,212.25,
146.25,212.25,
147.0,212.25,
147.75,212.25,
148.5,212.25,
149.25,212.25,
150.0,212.25,
150.75,212.25,
151.5,212.25,
152.25,212.25,
153.0,212.25,
153.75,212.25,
154.5,212.25,
155.25,212.25,
156.0,212.25,
156.75,212.25,
157.5,212.25,
158.25,212.25,
159.0,212.25,
159.75,212.25,
160.5,212.25,
161.25,212.25,
162.0,212.25,
162.75,212.25,
163.5,212.25,
164.25,212.25,
165.0,212.25,
165.75,212.25,
166.5,212.25,
167.25,212.25,
168.0,212.25,
168.75,212.25,
169.5,212.25,
170.25,212.25,
171.0,212.25,
171.75,212.25,
172.5,212.25,
173.25,212.25,
174.0,212.25,
174.75,212.25,
175.5,212.25,
176.25,212.25,
177.0,212.25,
177.75,212.25,
178.5,212.25,
179.25,212.25,
180.0,212.25,
180.75,212.25,
181.5,212.25,
182.25,212.25,
183.0,212.25,
183.75,212.25,
184.5,212.25,
185.25,212.25,
186.0,212.25,
186.75,212.25,
187.5,212.25,
188.25,212.25,
189.0,212.25,
189.75,212.25,
190.5,212.25,
191.25,212.25,
192.0,212.25,
192.75,212.25,
193.5,212.25,
194.25,212.25,
195.0,212.25,
195.75,212.25,
196.5,212.25,
197.25,212.25,
198.0,212.25,
198.75,212.25,
199.5,212.25,
200.25,212.25,
201.0,212.25,
201.75,212.25,
202.5,212.25,
203.25,212.25,
204.0,212.25,
204.75,212.25,
205.5,212.25,
206.25,212.25,
207.0,212.25,
207.75,212.25,
208.5,212.25,
209.25,212.25,
210.0,212.25,
210.75,212.25,
211.5,212.25,
212.25,212.25,
213.0,212.25,
213.75,212.25,
214.5,212.25,
215.25,212.25,
216.0,212.25,
216.75,212.25,
217.5,212.25,
218.25,212.25,
219.0,212.25,
219.75,212.25,
220.5,212.25,
221.25,212.25,
222.0,212.25,
222.75,212.25,
223.5,212.25,
224.25,212.25,-87.50000000000001
225.0,212.25,-87.64962593516208
225.75,212.25,-84.6413937028102
226.5,212.25,-84.67271574181859
227.25,212.25,-84.86948106844677
228.0,212.25,-84.63206793796681
228.75,212.25,-84.08964305403447
229.5,212.25,-82.96143852860287
230.25,212.25,-81.75189264458325
231.0,212.25,-80.95254198473101
231.75,212.25,-82.69210317959569
232.5,212.25,-84.21657283323239
233.25,212.25,-84.48680700818377
234.0,212.25,-85.03850567693154
234.75,212.25,-85.3503135198889
235.5,212.25,-86.35905066567568
236.25,212.25,-87.26124911122558
237.0,212.25,-89.37285488148144
237.75,212.25,-91.30385816964119
238.5,212.25,-92.71001984165923
239.25,212.25,-93.40850796401389
240.0,212.25,-93.9426953924876
240.75,212.25,-94.30513009366958
241.5,212.25,-94.17758656796042
242.25,212.25,-93.98407673224378
243.0,212.25,-93.94102231920536
243.75,212.25,-93.73991961853886
244.5,212.25,-93.23643184497058
245.25,212.25,-92.26460300733314
246.0,212.25,-91.19333201778629
246.75,212.25,-90.37805136071432
247.5,212.25,-90.90919374604779
248.25,212.25,-92.45934504403488
249.0,212.25,-93.02954999831347
249.75,212.25,-93.2708974718226
250.5,212.25,-93.68482725251656
251.25,212.25,-93.95922739990854
252.0,212.25,-94.43605657732431
252.75,212.25,-94.29559547173426
253.5,212.25,-95.59849447873431
254.25,212.25,-95.80685114929702
255.0,212.25,
255.75,212.25,
256.5,212.25,
257.25,212.25,
258.0,212.25,
258.75,212.25,
123.0,213.0,
123.75,213.0,
124.5,213.0,
125.25,213.0,
126.0,213.0,
126.75,213.0,
127.5,213.0,
128.25,213.0,
129.0,213.0,
129.75,213.0,
130.5,213.0,
131.25,213.0,
132.0,213.0,
132.75,213.0,
133.5,213.0,
134.25,213.0,
135.0,213.0,
135.75,213.0,
136.5,213.0,
137.25,213.0,
138.0,213.0,
138.75,213.0,
139.5,213.0,
140.25,213.0,
141.0,213.0,
141.75,213.0,
142.5,213.0,
143.25,213.0,
144.0,213.0,
144.75,213.0,
145.5,213.0,
146.25,213.0,
147.0,213.0,
147.75,213.0,
148.5,213.0,
149.25,213.0,
150.0,213.0,
150.75,213.0,
151.5,213.0,
152.25,213.0,
153.0,213.0,
153.75,213.0,
154.5,213.0,
155.25,213.0,
156.0,213.0,
156.75,213.0,
157.5,213.0,
158.25,213.0,
159.0,213.0,
159.75,213.0,
160.5,213.0,
161.25,213.0,
162.0,213.0,
162.75,213.0,
163.5,213.0,
164.25,213.0,
165.0,213.0,
165.75,213.0,
166.5,213.0,
167.25,213.0,
168.0,213.0,
168.75,213.0,
169.5,213.0,
170.25,213.0,
171.0,213.0,
171.75,213.0,
172.5,213.0,
173.25,213.0,
174.0,213.0,
174.75,213.0,
175.5,213.0,
176.25,213.0,
177.0,213.0,
177.75,213.0,
178.5,213.0,
179.25,213.0,
180.0,213.0,
180.75,213.0,
181.5,213.0,
182.25,213.0,
183.0,213.0,
183.75,213.0,
184.5,213.0,
185.25,213.0,
186.0,213.0,
186.75,213.0,
187.5,213.0,
188.25,213.0,
189.0,213.0,
189.75,213.0,
190.5,213.0,
191.25,213.0,
192.0,213.0,
192.75,213.0,
193.5,213.0,
194.25,213.0,
195.0,213.0,
195.75,213.0,
196.5,213.0,
197.25,213.0,
198.0,213.0,
198.75,213.0,
199.5,213.0,
200.25,213.0,
201.0,213.0,
201.75,213.0,
202.5,213.0,
203.25,213.0,
204.0,213.0,
204.75,213.0,
205.5,213.0,
206.25,213.0,
207.0,213.0,
207.75,213.0,
208.5,213.0,
209.25,213.0,
210.0,213.0,
210.75,213.0,
211.5,213.0,
212.25,213.0,
213.0,213.0,
213.75,213.0,
214.5,213.0,
215.25,213.0,
216.0,213.0,
216.75,213.0,
217.5,213.0,
218.25,213.0,
219.0,213.0,
219.75,213.0,
220.5,213.0,
221.25,213.0,
222.0,213.0,
222.75,213.0,
223.5,213.0,-87.26
224.25,213.0,-87.35037406483791
225.0,213.0,-85.95238095238095
225.75,213.0,-84.87507260706673
226.5,213.0,-85.04629873053325
227.25,213.0,-85.36842054301835
228.0,213.0,-85.34994861253854
228.75,213.0,-84.81208251925665
229.5,213.0,-83.31718237509327
230.25,213.0,-80.97168824407511
231.0,213.0,-79.00000000000513
231.75,213.0,-81.45240540256596
232.5,213.0,-83.21851038246817
233.25,213.0,-83.12080386812687
234.0,213.0,-84.15851536825825
234.75,213.0,-84.95533983970431
235.5,213.0,-85.9078353351702
236.25,213.0,-86.8045923564701
237.0,213.0,-88.8095238095238
237.75,213.0,-90.49093692774228
238.5,213.0,-92.44103381731007
239.25,213.0,-94.2660288643782
240.0,213.0,-94.16392692748215
240.75,213.0,-94.19688950175474
241.5,213.0,-93.91131114643088
242.25,213.0,-93.95801526651795
243.0,213.0,-93.99999999999964
243.75,213.0,-93.72102077307883
244.5,213.0,-93.03274509936712
245.25,213.0,-92.15465741620213
246.0,213.0,-91.15040241448692
246.75,213.0,-89.25860890786025
247.5,213.0,-90.11055996316819
248.25,213.0,-92.70426086511146
249.0,213.0,-93.00000000000064
249.75,213.0,-93.36685091719404
250.5,213.0,-93.83070246114431
251.25,213.0,-94.39874102812846
252.0,213.0,-94.64688166861706
252.75,213.0,-94.61958997918664
253.5,213.0,-95.78339168385209
254.25,213.0,-95.9926646880512
255.0,213.0,
255.75,213.0,
256.5,213.0,
257.25,213.0,
258.0,213.0,
258.75,213.0,
123.0,213.75,
123.75,213.75,
124.5,213.75,
125.25,213.75,
126.0,213.75,
126.75,213.75,
127.5,213.75,
128.25,213.75,
129.0,213.75,
129.75,213.75,
130.5,213.75,
131.25,213.75,
132.0,213.75,
132.75,213.75,
133.5,213.75,
134.25,213.75,
135.0,213.75,
135.75,213.75,
136.5,213.75,
137.25,213.75,
138.0,213.75,
138.75,213.75,
139.5,213.75,
140.25,213.75,
141.0,213.75,
141.75,213.75,
142.5,213.75,
143.25,213.75,
144.0,213.75,
144.75,213.75,
145.5,213.75,
146.25,213.75,
147.0,213.75,
147.75,213.75,
148.5,213.75,
149.25,213.75,
150.0,213.75,
150.75,213.75,
151.5,213.75,
152.25,213.75,
153.0,213.75,
153.75,213.75,
154.5,213.75,
155.25,213.75,
156.0,213.75,
156.75,213.75,
157.5,213.75,
158.25,213.75,
159.0,213.75,
159.75,213.75,
160.5,213.75,
161.25,213.75,
162.0,213.75,
162.75,213.75,
163.5,213.75,
164.25,213.75,
165.0,213.75,
165.75,213.75,
166.5,213.75,
167.25,213.75,
168.0,213.75,
168.75,213.75,
169.5,213.75,
170.25,213.75,
171.0,213.75,
171.75,213.75,
172.5,213.75,
173.25,213.75,
174.0,213.75,
174.75,213.75,
175.5,213.75,
176.25,213.75,
177.0,213.75,
177.75,213.75,
178.5,213.75,
179.25,213.75,
180.0,213.75,
180.75,213.75,
181.5,213.75,
182.25,213.75,
183.0,213.75,
183.75,213.75,
184.5,213.75,
185.25,213.75,
186.0,213.75,
186.75,213.75,
187.5,213.75,
188.25,213.75,
189.0,213.75,
189.75,213.75,
190.5,213.75,
191.25,213.75,
192.0,213.75,
192.75,213.75,
193.5,213.75,
194.25,213.75,
195.0,213.75,
195.75,213.75,
196.5,213.75,
197.25,213.75,
198.0,213.75,
198.75,213.75,
199.5,213.75,
200.25,213.75,
201.0,213.75,
201.75,213.75,
202.5,213.75,
203.25,213.75,
204.0,213.75,
204.75,213.75,
205.5,213.75,
206.25,213.75,
207.0,213.75,
207.75,213.75,
208.5,213.75,
209.25,213.75,
210.0,213.75,
210.75,213.75,
211.5,213.75,
212.25,213.75,
213.0,213.75,
213.75,213.75,
214.5,213.75,
215.25,213.75,
216.0,213.75,
216.75,213.75,
217.5,213.75,
218.25,213.75,
219.0,213.75,
219.75,213.75,
220.5,213.75,
221.25,213.75,
222.0,213.75,
222.75,213.75,
223.5,213.75,-87.08810068649885
224.25,213.75,-85.19036166054126
225.0,213.75,-85.36289733594056
225.75,213.75,-84.79097857744839
226.5,213.75,-85.43312576447397
227.25,213.75,-85.88348244133361
228.0,213.75,-86.45648027353458
228.75,213.75,-86.6528744270557
229.5,213.75,-85.3939235336106
230.25,213.75,-82.6205435909606
231.0,213.75,-81.33453669359577
231.75,213.75,-82.68239448316591
232.5,213.75,-83.81772545489345
233.25,213.75,-84.00884736007735
234.0,213.75,-84.50957992731969
234.75,213.75,-84.9137465258098
235.5,213.75,-85.3650650586226
236.25,213.75,-86.49013085002969
237.0,213.75,-88.3984461709988
237.75,213.75,-90.10745574419276
238.5,213.75,-91.77550636454117
239.25,213.75,-93.87983688460065
240.0,213.75,-93.93743071971532
240.75,213.75,-93.92848195318388
241.5,213.75,-93.64569455557387
242.25,213.75,-93.80525911025208
243.0,213.75,-93.76427133173974
243.75,213.75,-93.3232217216477
244.5,213.75,-92.5541581271695
245.25,213.75,-92.15386231777993
246.0,213.75,-92.27571052655532
246.75,213.75,-91.71910238394595
247.5,213.75,-92.37240658819157
248.25,213.75,-93.65884559366435
249.0,213.75,-93.94256520595026
249.75,213.75,-94.2536074508855
250.5,213.75,-94.64273928184139
251.25,213.75,-94.78211779721687
252.0,213.75,-94.92160743486284
252.75,213.75,-94.67124109327936
253.5,213.75,-95.4273096916562
254.25,213.75,-95.64823958590962
255.0,213.75,-95.99703264094954
255.75,213.75,-96.03783783783784
256.5,213.75,
257.25,213.75,
258.0,213.75,
258.75,213.75,
123.0,214.5,
123.75,214.5,
124.5,214.5,
125.25,214.5,
126.0,214.5,
126.75,214.5,
127.5,214.5,
128.25,214.5,
129.0,214.5,
129.75,214.5,
130.5,214.5,
131.25,214.5,
132.0,214.5,
132.75,214.5,
133.5,214.5,
134.25,214.5,
135.0,214.5,
135.75,214.5,
136.5,214.5,
137.25,214.5,
138.0,214.5,
138.75,214.5,
139.5,214.5,
140.25,214.5,
141.0,214.5,
141.75,214.5,
142.5,214.5,
143.25,214.5,
144.0,214.5,
144.75,214.5,
145.5,214.5,
146.25,214.5,
147.0,214.5,
147.75,214.5,
148.5,214.5,
149.25,214.5,
150.0,214.5,
150.75,214.5,
151.5,214.5,
152.25,214.5,
153.0,214.5,
153.75,214.5,
154.5,214.5,
155.25,214.5,
156.0,214.5,
156.75,214.5,
157.5,214.5,
158.25,214.5,
159.0,214.5,
159.75,214.5,
160.5,214.5,
161.25,214.5,
162.0,214.5,
162.75,214.5,
163.5,214.5,
164.25,214.5,
165.0,214.5,
165.75,214.5,
166.5,214.5,
167.25,214.5,
168.0,214.5,
168.75,214.5,
169.5,214.5,
170.25,214.5,
171.0,214.5,
171.75,214.5,
172.5,214.5,
173.25,214.5,
174.0,214.5,
174.75,214.5,
175.5,214.5,
176.25,214.5,
177.0,214.5,
177.75,214.5,
178.5,214.5,
179.25,214.5,
180.0,214.5,
180.75,214.5,
181.5,214.5,
182.25,214.5,
183.0,214.5,
183.75,214.5,
184.5,214.5,
185.25,214.5,
186.0,214.5,
186.75,214.5,
187.5,214.5,
188.25,214.5,
189.0,214.5,
189.75,214.5,
190.5,214.5,
191.25,214.5,
192.0,214.5,
192.75,214.5,
193.5,214.5,
194.25,214.5,
195.0,214.5,
195.75,214.5,
196.5,214.5,
197.25,214.5,
198.0,214.5,
198.75,214.5,
199.5,214.5,
200.25,214.5,
201.0,214.5,
201.75,214.5,
202.5,214.5,
203.25,214.5,
204.0,214.5,
204.75,214.5,
205.5,214.5,
206.25,214.5,
207.0,214.5,
207.75,214.5,
208.5,214.5,
209.25,214.5,
210.0,214.5,
210.75,214.5,
211.5,214.5,
212.25,214.5,
213.0,214.5,
213.75,214.5,
214.5,214.5,
215.25,214.5,
216.0,214.5,
216.75,214.5,
217.5,214.5,
218.25,214.5,
219.0,214.5,
219.75,214.5,
220.5,214.5,
221.25,214.5,
222.0,214.5,
222.75,214.5,
223.5,214.5,-85.87063869247712
224.25,214.5,-85.04515524932401
225.0,214.5,-85.18526880013157
225.75,214.5,-84.90815771684419
226.5,214.5,-85.45492165801325
227.25,214.5,-86.11423447741055
228.0,214.5,-87.41362115483402
228.75,214.5,-88.99247085654713
229.5,214.5,-88.24144411773622
230.25,214.5,-85.44237303595112
231.0,214.5,-84.00558894460819
231.75,214.5,-84.22951907427407
232.5,214.5,-85.36458708979444
233.25,214.5,-85.61754872688488
234.0,214.5,-85.30022838586493
234.75,214.5,-85.23828470223891
235.5,214.5,-85.04671006778291
236.25,214.5,-86.07894743312728
237.0,214.5,-88.09533621148172
237.75,214.5,-89.78325354703901
238.5,214.5,-91.40593318204404
239.25,214.5,-93.74485558935932
240.0,214.5,-93.75406859938741
240.75,214.5,-93.71685790056455
241.5,214.5,-93.65908189822831
242.25,214.5,-93.51902553310435
243.0,214.5,-93.25159715416603
243.75,214.5,-92.59719853831668
244.5,214.5,-91.71929807801291
245.25,214.5,-91.61188285152487
246.0,214.5,-93.43062342038752
246.75,214.5,-95.64285469084203
247.5,214.5,-95.46760898766638
248.25,214.5,-95.5779424286686
249.0,214.5,-96.65482850694553
249.75,214.5,-95.9143658896331
250.5,214.5,-95.40712939839173
251.25,214.5,-95.19308867127693
252.0,214.5,-95.50319822285255
252.75,214.5,-95.54715936564399
253.5,214.5,-95.57431800987942
254.25,214.5,-95.77025577884667
255.0,214.5,-96.18032786885246
255.75,214.5,-96.2129963898917
256.5,214.5,-96.17073170731707
257.25,214.5,
258.0,214.5,
258.75,214.5,
123.0,215.25,
123.75,215.25,
124.5,215.25,
125.25,215.25,
126.0,215.25,
126.75,215.25,
127.5,215.25,
128.25,215.25,
129.0,215.25,
129.75,215.25,
130.5,215.25,
131.25,215.25,
132.0,215.25,
132.75,215.25,
133.5,215.25,
134.25,215.25,
135.0,215.25,
135.75,215.25,
136.5,215.25,
137.25,215.25,
138.0,215.25,
138.75,215.25,
139.5,215.25,
140.25,215.25,
141.0,215.25,
141.75,215.25,
142.5,215.25,
143.25,215.25,
144.0,215.25,
144.75,215.25,
145.5,215.25,
146.25,215.25,
147.0,215.25,
147.75,215.25,
148.5,215.25,
149.25,215.25,
150.0,215.25,
150.75,215.25,
151.5,215.25,
152.25,215.25,
153.0,215.25,
153.75,215.25,
154.5,215.25,
155.25,215.25,
156.0,215.25,
156.75,215.25,
157.5,215.25,
158.25,215.25,
159.0,215.25,
159.75,215.25,
160.5,215.25,
161.25,215.25,
162.0,215.25,
162.75,215.25,
163.5,215.25,
164.25,215.25,
165.0,215.25,
165.75,215.25,
166.5,215.25,
167.25,215.25,
168.0,215.25,
168.75,215.25,
169.5,215.25,
170.25,215.25,
171.0,215.25,
171.75,215.25,
172.5,215.25,
173.25,215.25,
174.0,215.25,
174.75,215.25,
175.5,215.25,
176.25,215.25,
177.0,215.25,
177.75,215.25,
178.5,215.25,
179.25,215.25,
180.0,215.25,
180.75,215.25,
181.5,215.25,
182.25,215.25,
183.0,215.25,
183.75,215.25,
184.5,215.25,
185.25,215.25,
186.0,215.25,
186.75,215.25,
187.5,215.25,
188.25,215.25,
189.0,215.25,
189.75,215.25,
190.5,215.25,
191.25,215.25,
192.0,215.25,
192.75,215.25,
193.5,215.25,
194.25,215.25,
195.0,215.25,
195.75,215.25,
196.5,215.25,
197.25,215.25,
198.0,215.25,
198.75,215.25,
199.5,215.25,
200.25,215.25,
201.0,215.25,
201.75,215.25,
202.5,215.25,
203.25,215.25,
204.0,215.25,
204.75,215.25,
205.5,215.25,
206.25,215.25,
207.0,215.25,
207.75,215.25,
208.5,215.25,
209.25,215.25,
210.0,215.25,
210.75,215.25,
211.5,215.25,
212.25,215.25,
213.0,215.25,
213.75,215.25,
214.5,215.25,
215.25,215.25,
216.0,215.25,
216.75,215.25,
217.5,215.25,
218.25,215.25,
219.0,215.25,
219.75,215.25,
220.5,215.25,
221.25,215.25,
222.0,215.25,
222.75,215.25,-84.20657276995307
223.5,215.25,-84.81279328549533
224.25,215.25,-84.87660713138115
225.0,215.25,-85.0695356928554
225.75,215.25,-85.42271713498633
226.5,215.25,-85.60796967972473
227.25,215.25,-86.10744972620503
228.0,215.25,-87.11225235525868
228.75,215.25,-89.40872085933735
229.5,215.25,-88.68725973493007
230.25,215.25,-86.48540870162657
231.0,215.25,-85.63927665572065
231.75,215.25,-85.43560209917669
232.5,215.25,-85.75155821278817
233.25,215.25,-85.93886861559996
234.0,215.25,-85.68433166630064
234.75,215.25,-85.52906375764938
235.5,215.25,-85.21787555076523
236.25,215.25,-85.20502631136799
237.0,215.25,-87.33297145777827
237.75,215.25,-89.20919909970809
238.5,215.25,-90.38082855371869
239.25,215.25,-93.87846474247841
240.0,215.25,-93.79537052570592
240.75,215.25,-93.67205281587394
241.5,215.25,-93.46656653910239
242.25,215.25,-93.26026217493526
243.0,215.25,-92.89759678343349
243.75,215.25,-92.2516553375045
244.5,215.25,-91.44857032544789
245.25,215.25,-91.30721784717245
246.0,215.25,-93.8153945071945
246.75,215.25,-96.54941879280842
247.5,215.25,-96.26496558207198
248.25,215.25,-96.23300524399352
249.0,215.25,-97.31284737683603
249.75,215.25,-96.4100617775349
250.5,215.25,-95.55516540845817
251.25,215.25,-95.68025438435241
252.0,215.25,-95.54341027637628
252.75,215.25,-95.5852791740863
253.5,215.25,-96.01036905142105
254.25,215.25,-96.28247969677851
255.0,215.25,-96.68283556951332
255.75,215.25,-96.72785780473424
256.5,215.25,-96.73655086655786
257.25,215.25,-96.19254658385093
258.0,215.25,-96.34620596205961
258.75,215.25,-96.14800995024875
123.0,216.0,
123.75,216.0,
124.5,216.0,
125.25,216.0,
126.0,216.0,
126.75,216.0,
127.5,216.0,
128.25,216.0,
129.0,216.0,
129.75,216.0,
130.5,216.0,
131.25,216.0,
132.0,216.0,
132.75,216.0,
133.5,216.0,
134.25,216.0,
135.0,216.0,
135.75,216.0,
136.5,216.0,
137.25,216.0,
138.0,216.0,
138.75,216.0,
139.5,216.0,
140.25,216.0,
141.0,216.0,
141.75,216.0,
142.5,216.0,
143.25,216.0,
144.0,216.0,
144.75,216.0,
145.5,216.0,
146.25,216.0,
147.0,216.0,
147.75,216.0,
148.5,216.0,
149.25,216.0,
150.0,216.0,
150.75,216.0,
151.5,216.0,
152.25,216.0,
153.0,216.0,
153.75,216.0,
154.5,216.0,
155.25,216.0,
156.0,216.0,
156.75,216.0,
157.5,216.0,
158.25,216.0,
159.0,216.0,
159.75,216.0,
160.5,216.0,
161.25,216.0,
162.0,216.0,
162.75,216.0,
163.5,216.0,
164.25,216.0,
165.0,216.0,
165.75,216.0,
166.5,216.0,
167.25,216.0,
168.0,216.0,
168.75,216.0,
169.5,216.0,
170.25,216.0,
171.0,216.0,
171.75,216.0,
172.5,216.0,
173.25,216.0,
174.0,216.0,
174.75,216.0,
175.5,216.0,
176.25,216.0,
177.0,216.0,
177.75,216.0,
178.5,216.0,
179.25,216.0,
180.0,216.0,
180.75,216.0,
181.5,216.0,
182.25,216.0,
183.0,216.0,
183.75,216.0,
184.5,216.0,
185.25,216.0,
186.0,216.0,
186.75,216.0,
187.5,216.0,
188.25,216.0,
189.0,216.0,
189.75,216.0,
190.5,216.0,
191.25,216.0,
192.0,216.0,
192.75,216.0,
193.5,216.0,
194.25,216.0,
195.0,216.0,
195.75,216.0,
196.5,216.0,
197.25,216.0,
198.0,216.0,
198.75,216.0,
199.5,216.0,
200.25,216.0,
201.0,216.0,
201.75,216.0,
202.5,216.0,
203.25,216.0,
204.0,216.0,
204.75,216.0,
205.5,216.0,
206.25,216.0,
207.0,216.0,
207.75,216.0,
208.5,216.0,
209.25,216.0,
210.0,216.0,
210.75,216.0,
211.5,216.0,
212.25,216.0,
213.0,216.0,
213.75,216.0,
214.5,216.0,
215.25,216.0,
216.0,216.0,
216.75,216.0,
217.5,216.0,
218.25,216.0,
219.0,216.0,
219.75,216.0,
220.5,216.0,
221.25,216.0,
222.0,216.0,-84.13333333333333
222.75,216.0,-84.17344173441735
223.5,216.0,-84.66698400609292
224.25,216.0,-84.76161544570608
225.0,216.0,-84.80917848684035
225.75,216.0,-84.88027767815721
226.5,216.0,-85.13537213307647
227.25,216.0,-85.22085013576034
228.0,216.0,-85.44444444444444
228.75,216.0,-85.62151083569842
229.5,216.0,-85.71592323386163
230.25,216.0,-86.45938271276809
231.0,216.0,-87.0019120458891
231.75,216.0,-86.5380205486797
232.5,216.0,-85.93202864876518
233.25,216.0,-85.72249463370942
234.0,216.0,-85.44045174537987
234.75,216.0,-85.22004055717773
235.5,216.0,-85.3721861520368
236.25,216.0,-86.1795236887085
237.0,216.0,-84.78571428571429
237.75,216.0,-87.68310622137025
238.5,216.0,-91.88161559888579
239.25,216.0,-93.68047689990532
240.0,216.0,-93.64363354037265
240.75,216.0,-93.50427240947054
241.5,216.0,-93.73957057783494
242.25,216.0,-93.12696866518466
243.0,216.0,-92.81960211411769
243.75,216.0,-92.52194700284194
244.5,216.0,-92.22815764955583
245.25,216.0,-92.50703071508057
246.0,216.0,-93.92213114754098
246.75,216.0,-95.29777036351582
247.5,216.0,-95.56623038555358
248.25,216.0,-95.64282054268787
249.0,216.0,-95.80958740856414
249.75,216.0,-95.71917365627873
250.5,216.0,-95.79043483219094
251.25,216.0,-95.56746415793882
252.0,216.0,-95.12543252595157
252.75,216.0,-95.24060679513296
253.5,216.0,-96.08801995349381
254.25,216.0,-96.51104969089089
255.0,216.0,-96.83195592286502
255.75,216.0,-96.746685034435
256.5,216.0,-96.62653405026916
257.25,216.0,-96.49371711029836
258.0,216.0,-96.36353211009174
258.75,216.0,-96.06152647975078
123.0,216.75,
123.75,216.75,
124.5,216.75,
125.25,216.75,
126.0,216.75,
126.75,216.75,
127.5,216.75,
128.25,216.75,
129.0,216.75,
129.75,216.75,
130.5,216.75,
131.25,216.75,
132.0,216.75,
132.75,216.75,
133.5,216.75,
134.25,216.75,
135.0,216.75,
135.75,216.75,
136.5,216.75,
137.25,216.75,
138.0,216.75,
138.75,216.75,
139.5,216.75,
140.25,216.75,
141.0,216.75,
141.75,216.75,
142.5,216.75,
143.25,216.75,
144.0,216.75,
144.75,216.75,
145.5,216.75,
146.25,216.75,
147.0,216.75,
147.75,216.75,
148.5,216.75,
149.25,216.75,
150.0,216.75,
150.75,216.75,
151.5,216.75,
152.25,216.75,
153.0,216.75,
153.75,216.75,
154.5,216.75,
155.25,216.75,
156.0,216.75,
156.75,216.75,
157.5,216.75,
158.25,216.75,
159.0,216.75,
159.75,216.75,
160.5,216.75,
161.25,216.75,
162.0,216.75,
162.75,216.75,
163.5,216.75,
164.25,216.75,
165.0,216.75,
165.75,216.75,
166.5,216.75,
167.25,216.75,
168.0,216.75,
168.75,216.75,
169.5,216.75,
170.25,216.75,
171.0,216.75,
171.75,216.75,
172.5,216.75,
173.25,216.75,
174.0,216.75,
174.75,216.75,
175.5,216.75,
176.25,216.75,
177.0,216.75,
177.75,216.75,
178.5,216.75,
179.25,216.75,
180.0,216.75,
180.75,216.75,
181.5,216.75,
182.25,216.75,
183.0,216.75,
183.75,216.75,
184.5,216.75,
185.25,216.75,
186.0,216.75,
186.75,216.75,
187.5,216.75,
188.25,216.75,
189.0,216.75,
189.75,216.75,
190.5,216.75,
191.25,216.75,
192.0,216.75,
192.75,216.75,
193.5,216.75,
194.25,216.75,
195.0,216.75,
195.75,216.75,
196.5,216.75,
197.25,216.75,
198.0,216.75,
198.75,216.75,
199.5,216.75,
200.25,216.75,
201.0,216.75,
201.75,216.75,
202.5,216.75,
203.25,216.75,
204.0,216.75,
204.75,216.75,
205.5,216.75,
206.25,216.75,
207.0,216.75,
207.75,216.75,
208.5,216.75,
209.25,216.75,
210.0,216.75,
210.75,216.75,
211.5,216.75,
212.25,216.75,
213.0,216.75,
213.75,216.75,
214.5,216.75,
215.25,216.75,
216.0,216.75,
216.75,216.75,
217.5,216.75,
218.25,216.75,
219.0,216.75,
219.75,216.75,
220.5,216.75,
221.25,216.75,
222.0,216.75,-84.09070294784581
222.75,216.75,-84.12121212121211
223.5,216.75,-84.61237830419871
224.25,216.75,-84.61248942339687
225.0,216.75,-84.63605800470316
225.75,216.75,-84.71554006642268
226.5,216.75,-84.88427010542938
227.25,216.75,-84.94954447054974
228.0,216.75,-84.12116512169416
228.75,216.75,-81.7584940312213
229.5,216.75,-82.81446738641257
230.25,216.75,-86.90004423705732
231.0,216.75,-88.80284827379677
231.75,216.75,-87.84649595979278
232.5,216.75,-86.50760562232631
233.25,216.75,-85.89260446765368
234.0,216.75,-85.57802207452437
234.75,216.75,-84.98764594457153
235.5,216.75,-85.13183950908179
236.25,216.75,-85.91191820334683
237.0,216.75,-84.83587786259541
237.75,216.75,
238.5,216.75,-89.94085027726432
239.25,216.75,
240.0,216.75,-93.41978949812835
240.75,216.75,-93.2548634282785
241.5,216.75,-93.71700525902715
242.25,216.75,-93.5311791447905
243.0,216.75,-92.68038413432018
243.75,216.75,-92.97095299810138
244.5,216.75,-92.96997568468274
245.25,216.75,-93.32654751218699
246.0,216.75,-94.03167293201908
246.75,216.75,-94.74612158068356
247.5,216.75,-95.08871889161378
248.25,216.75,-95.13393286794323
249.0,216.75,-95.02494579992005
249.75,216.75,-95.23741459299082
250.5,216.75,-95.2163186000585
251.25,216.75,-94.98097175888009
252.0,216.75,-94.83416185927878
252.75,216.75,-95.43855813697273
253.5,216.75,-95.94567518009454
254.25,216.75,-96.66542534314401
255.0,216.75,-96.97127078037867
255.75,216.75,-96.8624904010698
256.5,216.75,-96.67930333264734
257.25,216.75,-96.50877475904987
258.0,216.75,-96.34190378658835
258.75,216.75,-96.71644435307348
123.0,217.5,
123.75,217.5,
124.5,217.5,
125.25,217.5,
126.0,217.5,
126.75,217.5,
127.5,217.5,
128.25,217.5,
129.0,217.5,
129.75,217.5,
130.5,217.5,
131.25,217.5,
132.0,217.5,
132.75,217.5,
133.5,217.5,
134.25,217.5,
135.0,217.5,
135.75,217.5,
136.5,217.5,
137.25,217.5,
138.0,217.5,
138.75,217.5,
139.5,217.5,
140.25,217.5,
141.0,217.5,
141.75,217.5,
142.5,217.5,
143.25,217.5,
144.0,217.5,
144.75,217.5,
145.5,217.5,
146.25,217.5,
147.0,217.5,
147.75,217.5,
148.5,217.5,
149.25,217.5,
150.0,217.5,
150.75,217.5,
151.5,217.5,
152.25,217.5,
153.0,217.5,
153.75,217.5,
154.5,217.5,
155.25,217.5,
156.0,217.5,
156.75,217.5,
157.5,217.5,
158.25,217.5,
159.0,217.5,
159.75,217.5,
160.5,217.5,
161.25,217.5,
162.0,217.5,
162.75,217.5,
163.5,217.5,
164.25,217.5,
165.0,217.5,
165.75,217.5,
166.5,217.5,
167.25,217.5,
168.0,217.5,
168.75,217.5,
169.5,217.5,
170.25,217.5,
171.0,217.5,
171.75,217.5,
172.5,217.5,
173.25,217.5,
174.0,217.5,
174.75,217.5,
175.5,217.5,
176.25,217.5,
177.0,217.5,
177.75,217.5,
178.5,217.5,
179.25,217.5,
180.0,217.5,
180.75,217.5,
181.5,217.5,
182.25,217.5,
183.0,217.5,
183.75,217.5,
184.5,217.5,
185.25,217.5,
186.0,217.5,
186.75,217.5,
187.5,217.5,
188.25,217.5,
189.0,217.5,
189.75,217.5,
190.5,217.5,
191.25,217.5,
192.0,217.5,
192.75,217.5,
193.5,217.5,
194.25,217.5,
195.0,217.5,
195.75,217.5,
196.5,217.5,
197.25,217.5,
198.0,217.5,
198.75,217.5,
199.5,217.5,
200.25,217.5,
201.0,217.5,
201.75,217.5,
202.5,217.5,
203.25,217.5,
204.0,217.5,
204.75,217.5,
205.5,217.5,
206.25,217.5,
207.0,217.5,
207.75,217.5,
208.5,217.5,
209.25,217.5,
210.0,217.5,
210.75,217.5,
211.5,217.5,
212.25,217.5,
213.0,217.5,
213.75,217.5,
214.5,217.5,
215.25,217.5,
216.0,217.5,
216.75,217.5,
217.5,217.5,
218.25,217.5,
219.0,217.5,
219.75,217.5,
220.5,217.5,
221.25,217.5,-84.02914389799635
222.0,217.5,-84.03809523809524
222.75,217.5,-84.03929561595626
223.5,217.5,-83.89820826116114
224.25,217.5,-84.45946006194902
225.0,217.5,-84.43670376725605
225.75,217.5,-84.4702011633248
226.5,217.5,-84.6546918946561
227.25,217.5,-84.66865442110254
228.0,217.5,-84.03080292651102
228.75,217.5,-82.49418159810516
229.5,217.5,-83.30527497194166
230.25,217.5,-86.47755056258981
231.0,217.5,-88.39732241142397
231.75,217.5,-87.75853833717551
232.5,217.5,-87.07972300846573
233.25,217.5,-86.57039792708896
234.0,217.5,-85.37017778992234
234.75,217.5,-85.11197866041303
235.5,217.5,-86.19898297590095
236.25,217.5,-86.08211877288232
237.0,217.5,
237.75,217.5,
238.5,217.5,
239.25,217.5,
240.0,217.5,-92.5495867768595
240.75,217.5,-92.46977329974813
241.5,217.5,-92.35365853658536
242.25,217.5,-93.2712174037272
243.0,217.5,-93.17737499118415
243.75,217.5,-93.31526855290012
244.5,217.5,-93.43021771519425
245.25,217.5,-93.73164892191335
246.0,217.5,-94.12836347637563
246.75,217.5,-94.57839936783593
247.5,217.5,-94.88189923281857
248.25,217.5,-95.11301780821874
249.0,217.5,-95.05961430278894
249.75,217.5,-95.06962826922788
250.5,217.5,-95.12772149210947
251.25,217.5,-94.85403379575682
252.0,217.5,-94.78808913530972
252.75,217.5,-94.75995311854199
253.5,217.5,-95.32793197157761
254.25,217.5,-96.37666619683615
255.0,217.5,-96.86272575538914
255.75,217.5,-96.75800667660748
256.5,217.5,-96.72579793217454
257.25,217.5,-96.6088837109064
258.0,217.5,-96.45782721770898
258.75,217.5,-96.3036921577028
123.0,218.25,
123.75,218.25,
124.5,218.25,
125.25,218.25,
126.0,218.25,
126.75,218.25,
127.5,218.25,
128.25,218.25,
129.0,218.25,
129.75,218.25,
130.5,218.25,
131.25,218.25,
132.0,218.25,
132.75,218.25,
133.5,218.25,
134.25,218.25,
135.0,218.25,
135.75,218.25,
136.5,218.25,
137.25,218.25,
138.0,218.25,
138.75,218.25,
139.5,218.25,
140.25,218.25,
141.0,218.25,
141.75,218.25,
142.5,218.25,
143.25,218.25,
144.0,218.25,
144.75,218.25,
145.5,218.25,
146.25,218.25,
147.0,218.25,
147.75,218.25,
148.5,218.25,
149.25,218.25,
150.0,218.25,
150.75,218.25,
151.5,218.25,
152.25,218.25,
153.0,218.25,
153.75,218.25,
154.5,218.25,
155.25,218.25,
156.0,218.25,
156.75,218.25,
157.5,218.25,
158.25,218.25,
159.0,218.25,
159.75,218.25,
160.5,218.25,
161.25,218.25,
162.0,218.25,
162.75,218.25,
163.5,218.25,
164.25,218.25,
165.0,218.25,
165.75,218.25,
166.5,218.25,
167.25,218.25,
168.0,218.25,
168.75,218.25,
169.5,218.25,
170.25,218.25,
171.0,218.25,
171.75,218.25,
172.5,218.25,
173.25,218.25,
174.0,218.25,
174.75,218.25,
175.5,218.25,
176.25,218.25,
177.0,218.25,
177.75,218.25,
178.5,218.25,
179.25,218.25,
180.0,218.25,
180.75,218.25,
181.5,218.25,
182.25,218.25,
183.0,218.25,
183.75,218.25,
184.5,218.25,
185.25,218.25,
186.0,218.25,
186.75,218.25,
187.5,218.25,
188.25,218.25,
189.0,218.25,
189.75,218.25,
190.5,218.25,
191.25,218.25,
192.0,218.25,
192.75,218.25,
193.5,218.25,
194.25,218.25,
195.0,218.25,
195.75,218.25,
196.5,218.25,
197.25,218.25,
198.0,218.25,
198.75,218.25,
199.5,218.25,
200.25,218.25,
201.0,218.25,
201.75,218.25,
202.5,218.25,
203.25,218.25,
204.0,218.25,
204.75,218.25,
205.5,218.25,
206.25,218.25,
207.0,218.25,
207.75,218.25,
208.5,218.25,
209.25,218.25,
210.0,218.25,
210.75,218.25,
211.5,218.25,
212.25,218.25,
213.0,218.25,
213.75,218.25,
214.5,218.25,
215.25,218.25,
216.0,218.25,
216.75,218.25,
217.5,218.25,
218.25,218.25,
219.0,218.25,
219.75,218.25,
220.5,218.25,
221.25,218.25,-83.98534798534799
222.0,218.25,-83.98629711394469
222.75,218.25,-83.98095746780767
223.5,218.25,-83.8676613644299
224.25,218.25,-84.31372861413789
225.0,218.25,-84.21301524126648
225.75,218.25,-84.05874579779851
226.5,218.25,-83.81619886487806
227.25,218.25,-83.77981736407196
228.0,218.25,-84.14651945519172
228.75,218.25,-84.88521658563499
229.5,218.25,-85.10028874530532
230.25,218.25,-85.86116504575095
231.0,218.25,-86.90134783918447
231.75,218.25,-87.07989121215849
232.5,218.25,-86.84163455153531
233.25,218.25,-86.54460864709034
234.0,218.25,-86.32154149509235
234.75,218.25,-85.779752865505
235.5,218.25,-86.36183354778746
236.25,218.25,-87.26119402985074
237.0,218.25,
237.75,218.25,
238.5,218.25,
239.25,218.25,
240.0,218.25,
240.75,218.25,-92.40204081632653
241.5,218.25,-92.30047505938242
242.25,218.25,-93.3801415726038
243.0,218.25,-93.34734316025315
243.75,218.25,-93.64408896937888
244.5,218.25,-93.70190200713888
245.25,218.25,-93.94245288176994
246.0,218.25,-94.17639983327756
246.75,218.25,-94.47433457606772
247.5,218.25,-94.69847821585131
248.25,218.25,-94.97699051626644
249.0,218.25,-94.92884534695688
249.75,218.25,-94.84130288484964
250.5,218.25,-94.75157372405336
251.25,218.25,-94.5973681427567
252.0,218.25,-94.15420074089245
252.75,218.25,-93.72403075689024
253.5,218.25,-94.14585683251042
254.25,218.25,-95.41150846809586
255.0,218.25,-96.35523013751063
255.75,218.25,-96.58380133561725
256.5,218.25,-96.74283714466763
257.25,218.25,-96.60148544173
258.0,218.25,-96.36367459372025
258.75,218.25,-96.1324476630472
123.0,219.0,
123.75,219.0,
124.5,219.0,
125.25,219.0,
126.0,219.0,
126.75,219.0,
127.5,219.0,
128.25,219.0,
129.0,219.0,
129.75,219.0,
130.5,219.0,
131.25,219.0,
132.0,219.0,
132.75,219.0,
133.5,219.0,
134.25,219.0,
135.0,219.0,
135.75,219.0,
136.5,219.0,
137.25,219.0,
138.0,219.0,
138.75,219.0,
139.5,219.0,
140.25,219.0,
141.0,219.0,
141.75,219.0,
142.5,219.0,
143.25,219.0,
144.0,219.0,
144.75,219.0,
145.5,219.0,
146.25,219.0,
147.0,219.0,
147.75,219.0,
148.5,219.0,
149.25,219.0,
150.0,219.0,
150.75,219.0,
151.5,219.0,
152.25,219.0,
153.0,219.0,
153.75,219.0,
154.5,219.0,
155.25,219.0,
156.0,219.0,
156.75,219.0,
157.5,219.0,
158.25,219.0,
159.0,219.0,
159.75,219.0,
160.5,219.0,
161.25,219.0,
162.0,219.0,
162.75,219.0,
163.5,219.0,
164.25,219.0,
165.0,219.0,
165.75,219.0,
166.5,219.0,
167.25,219.0,
168.0,219.0,
168.75,219.0,
169.5,219.0,
170.25,219.0,
171.0,219.0,
171.75,219.0,
172.5,219.0,
173.25,219.0,
174.0,219.0,
174.75,219.0,
175.5,219.0,
176.25,219.0,
177.0,219.0,
177.75,219.0,
178.5,219.0,
179.25,219.0,
180.0,219.0,
180.75,219.0,
181.5,219.0,
182.25,219.0,
183.0,219.0,
183.75,219.0,
184.5,219.0,
185.25,219.0,
186.0,219.0,
186.75,219.0,
187.5,219.0,
188.25,219.0,
189.0,219.0,
189.75,219.0,
190.5,219.0,
191.25,219.0,
192.0,219.0,
192.75,219.0,
193.5,219.0,
194.25,219.0,
195.0,219.0,
195.75,219.0,
196.5,219.0,
197.25,219.0,
198.0,219.0,
198.75,219.0,
199.5,219.0,
200.25,219.0,
201.0,219.0,
201.75,219.0,
202.5,219.0,
203.25,219.0,
204.0,219.0,
204.75,219.0,
205.5,219.0,
206.25,219.0,
207.0,219.0,
207.75,219.0,
208.5,219.0,
209.25,219.0,
210.0,219.0,
210.75,219.0,
211.5,219.0,
212.25,219.0,
213.0,219.0,
213.75,219.0,
214.5,219.0,
215.25,219.0,
216.0,219.0,
216.75,219.0,
217.5,219.0,
218.25,219.0,
219.0,219.0,
219.75,219.0,
220.5,219.0,
221.25,219.0,
222.0,219.0,-83.94936708860759
222.75,219.0,-83.9312567132116
223.5,219.0,-83.84428742875905
224.25,219.0,-83.8190899728946
225.0,219.0,-84.05825242718446
225.75,219.0,-83.79092618237608
226.5,219.0,-83.27348453817712
227.25,219.0,-83.10384748478444
228.0,219.0,-84.367816091954
228.75,219.0,-85.86419449897329
229.5,219.0,-85.69073161302794
230.25,219.0,-85.42455278179601
231.0,219.0,-85.79365079365078
231.75,219.0,-86.45031016818032
232.5,219.0,-86.49571579658152
233.25,219.0,-86.73298481209
234.0,219.0,-86.27757985987411
234.75,219.0,-87.20295697254524
235.5,219.0,-87.43548387096774
236.25,219.0,-87.37096774193549
237.0,219.0,
237.75,219.0,
238.5,219.0,
239.25,219.0,
240.0,219.0,
240.75,219.0,
241.5,219.0,
242.25,219.0,
243.0,219.0,-93.30769230769229
243.75,219.0,-93.7925539179124
244.5,219.0,-93.94214158181731
245.25,219.0,-94.70026473880885
246.0,219.0,-94.67808346284997
246.75,219.0,-94.81979836965596
247.5,219.0,-94.73813002558491
248.25,219.0,-94.7081265054868
249.0,219.0,-94.58064516129032
249.75,219.0,-94.60245523066895
250.5,219.0,-94.47305557581366
251.25,219.0,-94.24024522360277
252.0,219.0,-93.80230125523015
252.75,219.0,-93.08961254440972
253.5,219.0,-93.44934961311411
254.25,219.0,-95.18368718471305
255.0,219.0,-96.41666666666666
255.75,219.0,-96.8137015629206
256.5,219.0,-96.75305016570907
257.25,219.0,-96.62045578519212
258.0,219.0,-96.18172730907638
258.75,219.0,-95.82202913537722
123.0,219.75,
123.75,219.75,
124.5,219.75,
125.25,219.75,
126.0,219.75,
126.75,219.75,
127.5,219.75,
128.25,219.75,
129.0,219.75,
129.75,219.75,
130.5,219.75,
131.25,219.75,
132.0,219.75,
132.75,219.75,
133.5,219.75,
134.25,219.75,
135.0,219.75,
135.75,219.75,
136.5,219.75,
137.25,219.75,
138.0,219.75,
138.75,219.75,
139.5,219.75,
140.25,219.75,
141.0,219.75,
141.75,219.75,
142.5,219.75,
143.25,219.75,
144.0,219.75,
144.75,219.75,
145.5,219.75,
146.25,219.75,
147.0,219.75,
147.75,219.75,
148.5,219.75,
149.25,219.75,
150.0,219.75,
150.75,219.75,
151.5,219.75,
152.25,219.75,
153.0,219.75,
153.75,219.75,
154.5,219.75,
155.25,219.75,
156.0,219.75,
156.75,219.75,
157.5,219.75,
158.25,219.75,
159.0,219.75,
159.75,219.75,
160.5,219.75,
161.25,219.75,
162.0,219.75,
162.75,219.75,
163.5,219.75,
164.25,219.75,
165.0,219.75,
165.75,219.75,
166.5,219.75,
167.25,219.75,
168.0,219.75,
168.75,219.75,
169.5,219.75,
170.25,219.75,
171.0,219.75,
171.75,219.75,
172.5,219.75,
173.25,219.75,
174.0,219.75,
174.75,219.75,
175.5,219.75,
176.25,219.75,
177.0,219.75,
177.75,219.75,
178.5,219.75,
179.25,219.75,
180.0,219.75,
180.75,219.75,
181.5,219.75,
182.25,219.75,
183.0,219.75,
183.75,219.75,
184.5,219.75,
185.25,219.75,
186.0,219.75,
186.75,219.75,
187.5,219.75,
188.25,219.75,
189.0,219.75,
189.75,219.75,
190.5,219.75,
191.25,219.75,
192.0,219.75,
192.75,219.75,
193.5,219.75,
194.25,219.75,
195.0,219.75,
195.75,219.75,
196.5,219.75,
197.25,219.75,
198.0,219.75,
198.75,219.75,
199.5,219.75,
200.25,219.75,
201.0,219.75,
201.75,219.75,
202.5,219.75,
203.25,219.75,
204.0,219.75,
204.75,219.75,
205.5,219.75,
206.25,219.75,
207.0,219.75,
207.75,219.75,
208.5,219.75,
209.25,219.75,
210.0,219.75,
210.75,219.75,
211.5,219.75,
212.25,219.75,
213.0,219.75,
213.75,219.75,
214.5,219.75,
215.25,219.75,
216.0,219.75,
216.75,219.75,
217.5,219.75,
218.25,219.75,
219.0,219.75,
219.75,219.75,
220.5,219.75,
221.25,219.75,-83.492673992674
222.0,219.75,-83.92175415352294
222.75,219.75,-83.65211648466205
223.5,219.75,-83.95136572938252
224.25,219.75,-83.69960931498802
225.0,219.75,-83.68988374838813
225.75,219.75,-83.62983241921307
226.5,219.75,-83.6090706413828
227.25,219.75,-83.64952827407411
228.0,219.75,-84.36061037889284
228.75,219.75,-85.26049980261027
229.5,219.75,-85.38987075253942
230.25,219.75,-85.28179362014723
231.0,219.75,-85.3755749241685
231.75,219.75,-85.6031630151344
232.5,219.75,-85.68397841035267
233.25,219.75,-86.19665613181269
234.0,219.75,-86.15975433849734
234.75,219.75,-87.20626043588265
235.5,219.75,-87.52649006622515
236.25,219.75,-87.45604395604396
237.0,219.75,
237.75,219.75,
238.5,219.75,
239.25,219.75,
240.0,219.75,
240.75,219.75,
241.5,219.75,
242.25,219.75,
243.0,219.75,
243.75,219.75,-93.94689256740602
244.5,219.75,-94.07484580141275
245.25,219.75,-94.01160991143112
246.0,219.75,-94.622687430763
246.75,219.75,-94.68302327976619
247.5,219.75,-94.50828410772861
248.25,219.75,-94.3976087557952
249.0,219.75,-94.35246778538954
249.75,219.75,-94.26429135437516
250.5,219.75,-93.92129487842443
251.25,219.75,-93.85440583710451
252.0,219.75,-93.91404431299866
252.75,219.75,-93.77112053792575
253.5,219.75,-94.40606010032508
254.25,219.75,-96.31721629656334
255.0,219.75,-97.63192245873051
255.75,219.75,-97.68239017818317
256.5,219.75,-97.35376747857272
257.25,219.75,-96.66947035729154
258.0,219.75,-95.92114358884615
258.75,219.75,-95.38402326682476
123.0,220.5,
123.75,220.5,
124.5,220.5,
125.25,220.5,
126.0,220.5,
126.75,220.5,
127.5,220.5,
128.25,220.5,
129.0,220.5,
129.75,220.5,
130.5,220.5,
131.25,220.5,
132.0,220.5,
132.75,220.5,
133.5,220.5,
134.25,220.5,
135.0,220.5,
135.75,220.5,
136.5,220.5,
137.25,220.5,
138.0,220.5,
138.75,220.5,
139.5,220.5,
140.25,220.5,
141.0,220.5,
141.75,220.5,
142.5,220.5,
143.25,220.5,
144.0,220.5,
144.75,220.5,
145.5,220.5,
146.25,220.5,
147.0,220.5,
147.75,220.5,
148.5,220.5,
149.25,220.5,
150.0,220.5,
150.75,220.5,
151.5,220.5,
152.25,220.5,
153.0,220.5,
153.75,220.5,
154.5,220.5,
155.25,220.5,
156.0,220.5,
156.75,220.5,
157.5,220.5,
158.25,220.5,
159.0,220.5,
159.75,220.5,
160.5,220.5,
161.25,220.5,
162.0,220.5,
162.75,220.5,
163.5,220.5,
164.25,220.5,
165.0,220.5,
165.75,220.5,
166.5,220.5,
167.25,220.5,
168.0,220.5,
168.75,220.5,
169.5,220.5,
170.25,220.5,
171.0,220.5,
171.75,220.5,
172.5,220.5,
173.25,220.5,
174.0,220.5,
174.75,220.5,
175.5,220.5,
176.25,220.5,
177.0,220.5,
177.75,220.5,
178.5,220.5,
179.25,220.5,
180.0,220.5,
180.75,220.5,
181.5,220.5,
182.25,220.5,
183.0,220.5,
183.75,220.5,
184.5,220.5,
185.25,220.5,
186.0,220.5,
186.75,220.5,
187.5,220.5,
188.25,220.5,
189.0,220.5,
189.75,220.5,
190.5,220.5,
191.25,220.5,
192.0,220.5,
192.75,220.5,
193.5,220.5,
194.25,220.5,
195.0,220.5,
195.75,220.5,
196.5,220.5,
197.25,220.5,
198.0,220.5,
198.75,220.5,
199.5,220.5,
200.25,220.5,
201.0,220.5,
201.75,220.5,
202.5,220.5,
203.25,220.5,
204.0,220.5,
204.75,220.5,
205.5,220.5,
206.25,220.5,
207.0,220.5,
207.75,220.5,
208.5,220.5,
209.25,220.5,
210.0,220.5,
210.75,220.5,
211.5,220.5,
212.25,220.5,
213.0,220.5,
213.75,220.5,
214.5,220.5,
215.25,220.5,
216.0,220.5,
216.75,220.5,
217.5,220.5,
218.25,220.5,
219.0,220.5,
219.75,220.5,
220.5,220.5,
221.25,220.5,-83.17657285216944
222.0,220.5,-83.20372972821046
222.75,220.5,-83.57183369481749
223.5,220.5,-83.87442279791617
224.25,220.5,-83.6752346441399
225.0,220.5,-83.7164001007765
225.75,220.5,-83.77528443703723
226.5,220.5,-83.88371002065142
227.25,220.5,-83.94261579492421
228.0,220.5,-84.24299381932097
228.75,220.5,-84.69849231675113
229.5,220.5,-84.961946579698
230.25,220.5,-85.05790725374781
231.0,220.5,-85.15222886184756
231.75,220.5,-85.34452475257788
232.5,220.5,-85.43630688314069
233.25,220.5,-86.04819711029195
234.0,220.5,-87.21960316276294
234.75,220.5,-87.18343129382515
235.5,220.5,
236.25,220.5,
237.0,220.5,
237.75,220.5,
238.5,220.5,
239.25,220.5,
240.0,220.5,
240.75,220.5,
241.5,220.5,
242.25,220.5,
243.0,220.5,
243.75,220.5,
244.5,220.5,-92.93650793650794
245.25,220.5,-93.99292693106901
246.0,220.5,-94.04948045522018
246.75,220.5,-94.54582271555813
247.5,220.5,-94.67511474612866
248.25,220.5,-94.37918864572745
249.0,220.5,-93.98810472867416
249.75,220.5,-93.71348283708812
250.5,220.5,-93.32257509745472
251.25,220.5,-93.24679294634063
252.0,220.5,-93.89357892342416
252.75,220.5,-94.72764677596491
253.5,220.5,-96.0597978460295
254.25,220.5,-98.25629483736667
255.0,220.5,-99.47801222435481
255.75,220.5,-98.89704074462915
256.5,220.5,-97.77523002141079
257.25,220.5,-96.71604205785633
258.0,220.5,-95.56861294727504
258.75,220.5,-94.76384593104578
123.0,221.25,
123.75,221.25,
124.5,221.25,
125.25,221.25,
126.0,221.25,
126.75,221.25,
127.5,221.25,
128.25,221.25,
129.0,221.25,
129.75,221.25,
130.5,221.25,
131.25,221.25,
132.0,221.25,
132.75,221.25,
133.5,221.25,
134.25,221.25,
135.0,221.25,
135.75,221.25,
136.5,221.25,
137.25,221.25,
138.0,221.25,
138.75,221.25,
139.5,221.25,
140.25,221.25,
141.0,221.25,
141.75,221.25,
142.5,221.25,
143.25,221.25,
144.0,221.25,
144.75,221.25,
145.5,221.25,
146.25,221.25,
147.0,221.25,
147.75,221.25,
148.5,221.25,
149.25,221.25,
150.0,221.25,
150.75,221.25,
151.5,221.25,
152.25,221.25,
153.0,221.25,
153.75,221.25,
154.5,221.25,
155.25,221.25,
156.0,221.25,
156.75,221.25,
157.5,221.25,
158.25,221.25,
159.0,221.25,
159.75,221.25,
160.5,221.25,
161.25,221.25,
162.0,221.25,
162.75,221.25,
163.5,221.25,
164.25,221.25,
165.0,221.25,
165.75,221.25,
166.5,221.25,
167.25,221.25,
168.0,221.25,
168.75,221.25,
169.5,221.25,
170.25,221.25,
171.0,221.25,
171.75,221.25,
172.5,221.25,
173.25,221.25,
174.0,221.25,
174.75,221.25,
175.5,221.25,
176.25,221.25,
177.0,221.25,
177.75,221.25,
178.5,221.25,
179.25,221.25,
180.0,221.25,
180.75,221.25,
181.5,221.25,
182.25,221.25,
183.0,221.25,
183.75,221.25,
184.5,221.25,
185.25,221.25,
186.0,221.25,
186.75,221.25,
187.5,221.25,
188.25,221.25,
189.0,221.25,
189.75,221.25,
190.5,221.25,
191.25,221.25,
192.0,221.25,
192.75,221.25,
193.5,221.25,
194.25,221.25,
195.0,221.25,
195.75,221.25,
196.5,221.25,
197.25,221.25,
198.0,221.25,
198.75,221.25,
199.5,221.25,
200.25,221.25,
201.0,221.25,
201.75,221.25,
202.5,221.25,
203.25,221.25,
204.0,221.25,
204.75,221.25,
205.5,221.25,
206.25,221.25,
207.0,221.25,
207.75,221.25,
208.5,221.25,
209.25,221.25,
210.0,221.25,
210.75,221.25,
211.5,221.25,
212.25,221.25,
213.0,221.25,
213.75,221.25,
214.5,221.25,
215.25,221.25,
216.0,221.25,
216.75,221.25,
217.5,221.25,
218.25,221.25,
219.0,221.25,
219.75,221.25,
220.5,221.25,
221.25,221.25,-83.18877551020408
222.0,221.25,-83.15636195617154
222.75,221.25,-83.19262109551833
223.5,221.25,-83.77029444703973
224.25,221.25,-83.80124750320633
225.0,221.25,-83.70023230024144
225.75,221.25,-83.81783803301839
226.5,221.25,-83.95261558228725
227.25,221.25,-83.98651729610792
228.0,221.25,-83.99647005807219
228.75,221.25,-84.46584908397205
229.5,221.25,-84.70952109236391
230.25,221.25,-84.86574869206068
231.0,221.25,-84.9808146355007
231.75,221.25,-85.08433038399109
232.5,221.25,-85.1644349502507
233.25,221.25,-87.49999999999999
234.0,221.25,-87.57877461706784
234.75,221.25,
235.5,221.25,
236.25,221.25,
237.0,221.25,
237.75,221.25,
238.5,221.25,
239.25,221.25,
240.0,221.25,
240.75,221.25,
241.5,221.25,
242.25,221.25,
243.0,221.25,
243.75,221.25,
244.5,221.25,
245.25,221.25,-94.01532567049807
246.0,221.25,-93.96163069544363
246.75,221.25,-93.87878787878788
247.5,221.25,-93.62016130155591
248.25,221.25,-93.48581055514512
249.0,221.25,-93.31727294453334
249.75,221.25,-93.46898212246465
250.5,221.25,-93.13082235785414
251.25,221.25,-93.08545650543003
252.0,221.25,-93.88407985716914
252.75,221.25,-95.28381535073413
253.5,221.25,-96.97423736198547
254.25,221.25,-98.9194002356964
255.0,221.25,-99.8782910010937
255.75,221.25,-99.11846069699652
256.5,221.25,-97.90884506077504
257.25,221.25,-96.93187546790766
258.0,221.25,-95.66915245134598
258.75,221.25,-94.64232035963695
123.0,222.0,
123.75,222.0,
124.5,222.0,
125.25,222.0,
126.0,222.0,
126.75,222.0,
127.5,222.0,
128.25,222.0,
129.0,222.0,
129.75,222.0,
130.5,222.0,
131.25,222.0,
132.0,222.0,
132.75,222.0,
133.5,222.0,
134.25,222.0,
135.0,222.0,
135.75,222.0,
136.5,222.0,
137.25,222.0,
138.0,222.0,
138.75,222.0,
139.5,222.0,
140.25,222.0,
141.0,222.0,
141.75,222.0,
142.5,222.0,
143.25,222.0,
144.0,222.0,
144.75,222.0,
145.5,222.0,
146.25,222.0,
147.0,222.0,
147.75,222.0,
148.5,222.0,
149.25,222.0,
150.0,222.0,
150.75,222.0,
151.5,222.0,
152.25,222.0,
153.0,222.0,
153.75,222.0,
154.5,222.0,
155.25,222.0,
156.0,222.0,
156.75,222.0,
157.5,222.0,
158.25,222.0,
159.0,222.0,
159.75,222.0,
160.5,222.0,
161.25,222.0,
162.0,222.0,
162.75,222.0,
163.5,222.0,
164.25,222.0,
165.0,222.0,
165.75,222.0,
166.5,222.0,
167.25,222.0,
168.0,222.0,
168.75,222.0,
169.5,222.0,
170.25,222.0,
171.0,222.0,
171.75,222.0,
172.5,222.0,
173.25,222.0,
174.0,222.0,
174.75,222.0,
175.5,222.0,
176.25,222.0,
177.0,222.0,
177.75,222.0,
178.5,222.0,
179.25,222.0,
180.0,222.0,
180.75,222.0,
181.5,222.0,
182.25,222.0,
183.0,222.0,
183.75,222.0,
184.5,222.0,
185.25,222.0,
186.0,222.0,
186.75,222.0,
187.5,222.0,
188.25,222.0,
189.0,222.0,
189.75,222.0,
190.5,222.0,
191.25,222.0,
192.0,222.0,
192.75,222.0,
193.5,222.0,
194.25,222.0,
195.0,222.0,
195.75,222.0,
196.5,222.0,
197.25,222.0,
198.0,222.0,
198.75,222.0,
199.5,222.0,
200.25,222.0,
201.0,222.0,
201.75,222.0,
202.5,222.0,
203.25,222.0,
204.0,222.0,
204.75,222.0,
205.5,222.0,
206.25,222.0,
207.0,222.0,
207.75,222.0,
208.5,222.0,
209.25,222.0,
210.0,222.0,
210.75,222.0,
211.5,222.0,
212.25,222.0,
213.0,222.0,
213.75,222.0,
214.5,222.0,
215.25,222.0,
216.0,222.0,
216.75,222.0,
217.5,222.0,
218.25,222.0,
219.0,222.0,
219.75,222.0,
220.5,222.0,
221.25,222.0,-83.10557986870897
222.0,222.0,-83.08655804480651
222.75,222.0,-83.1053033225433
223.5,222.0,-83.14675688287447
224.25,222.0,-83.64210589969247
225.0,222.0,-83.72085999031427
225.75,222.0,-83.72251084604727
226.5,222.0,-83.85302975285592
227.25,222.0,-83.90772364980563
228.0,222.0,-83.9276180698152
228.75,222.0,-83.9797265950554
229.5,222.0,-84.38861386917424
230.25,222.0,-84.73853393337887
231.0,222.0,-84.8408200932831
231.75,222.0,-84.94229568652293
232.5,222.0,-86.39817991943903
233.25,222.0,-87.42122538293216
234.0,222.0,-87.49999999999999
234.75,222.0,
235.5,222.0,
236.25,222.0,
237.0,222.0,
237.75,222.0,
238.5,222.0,
239.25,222.0,
240.0,222.0,
240.75,222.0,
241.5,222.0,
242.25,222.0,
243.0,222.0,
243.75,222.0,
244.5,222.0,
245.25,222.0,
246.0,222.0,-93.86666666666666
246.75,222.0,-93.77608142493638
247.5,222.0,-93.65432098765433
248.25,222.0,-93.41707483956922
249.0,222.0,-93.28571428571428
249.75,222.0,-93.62719820425781
250.5,222.0,-93.4243059076134
251.25,222.0,-93.58802644012061
252.0,222.0,-94.41430192962544
252.75,222.0,-95.63583178841083
253.5,222.0,-97.0201863590937
254.25,222.0,-98.1588024096619
255.0,222.0,-98.70571955719558
255.75,222.0,-98.2804200376477
256.5,222.0,-97.8278430420703
257.25,222.0,-97.43894443794345
258.0,222.0,-96.54906542056077
258.75,222.0,-95.57280717322101
123.0,222.75,
123.75,222.75,
124.5,222.75,
125.25,222.75,
126.0,222.75,
126.75,222.75,
127.5,222.75,
128.25,222.75,
129.0,222.75,
129.75,222.75,
130.5,222.75,
131.25,222.75,
132.0,222.75,
132.75,222.75,
133.5,222.75,
134.25,222.75,
135.0,222.75,
135.75,222.75,
136.5,222.75,
137.25,222.75,
138.0,222.75,
138.75,222.75,
139.5,222.75,
140.25,222.75,
141.0,222.75,
141.75,222.75,
142.5,222.75,
143.25,222.75,
144.0,222.75,
144.75,222.75,
145.5,222.75,
146.25,222.75,
147.0,222.75,
147.75,222.75,
148.5,222.75,
149.25,222.75,
150.0,222.75,
150.75,222.75,
151.5,222.75,
152.25,222.75,
153.0,222.75,
153.75,222.75,
154.5,222.75,
155.25,222.75,
156.0,222.75,
156.75,222.75,
157.5,222.75,
158.25,222.75,
159.0,222.75,
159.75,222.75,
160.5,222.75,
161.25,222.75,
162.0,222.75,
162.75,222.75,
163.5,222.75,
164.25,222.75,
165.0,222.75,
165.75,222.75,
166.5,222.75,
167.25,222.75,
168.0,222.75,
168.75,222.75,
169.5,222.75,
170.25,222.75,
171.0,222.75,
171.75,222.75,
172.5,222.75,
173.25,222.75,
174.0,222.75,
174.75,222.75,
175.5,222.75,
176.25,222.75,
177.0,222.75,
177.75,222.75,
178.5,222.75,
179.25,222.75,
180.0,222.75,
180.75,222.75,
181.5,222.75,
182.25,222.75,
183.0,222.75,
183.75,222.75,
184.5,222.75,
185.25,222.75,
186.0,222.75,
186.75,222.75,
187.5,222.75,
188.25,222.75,
189.0,222.75,
189.75,222.75,
190.5,222.75,
191.25,222.75,
192.0,222.75,
192.75,222.75,
193.5,222.75,
194.25,222.75,
195.0,222.75,
195.75,222.75,
196.5,222.75,
197.25,222.75,
198.0,222.75,
198.75,222.75,
199.5,222.75,
200.25,222.75,
201.0,222.75,
201.75,222.75,
202.5,222.75,
203.25,222.75,
204.0,222.75,
204.75,222.75,
205.5,222.75,
206.25,222.75,
207.0,222.75,
207.75,222.75,
208.5,222.75,
209.25,222.75,
210.0,222.75,
210.75,222.75,
211.5,222.75,
212.25,222.75,
213.0,222.75,
213.75,222.75,
214.5,222.75,
215.25,222.75,
216.0,222.75,
216.75,222.75,
217.5,222.75,
218.25,222.75,
219.0,222.75,
219.75,222.75,
220.5,222.75,
221.25,222.75,
222.0,222.75,-83.00074183976261
222.75,222.75,-82.98845892300389
223.5,222.75,-82.98721191603109
224.25,222.75,-83.0164354930648
225.0,222.75,-83.33341720182376
225.75,222.75,-83.58184982447906
226.5,222.75,-83.7507187716137
227.25,222.75,-83.87551973767893
228.0,222.75,-83.80542476287462
228.75,222.75,-83.77116221732825
229.5,222.75,-84.25525132232909
230.25,222.75,-84.3871289800119
231.0,222.75,-85.33478384709818
231.75,222.75,-86.09712935755067
232.5,222.75,-86.25864320679902
233.25,222.75,
234.0,222.75,
234.75,222.75,
235.5,222.75,
236.25,222.75,
237.0,222.75,
237.75,222.75,
238.5,222.75,
239.25,222.75,
240.0,222.75,
240.75,222.75,
241.5,222.75,
242.25,222.75,
243.0,222.75,
243.75,222.75,
244.5,222.75,
245.25,222.75,
246.0,222.75,
246.75,222.75,
247.5,222.75,-93.60493827160494
248.25,222.75,-93.48022598870057
249.0,222.75,-93.29493270099489
249.75,222.75,-93.90236393223066
250.5,222.75,-93.845083045411
251.25,222.75,-94.19856549641375
252.0,222.75,-94.94803524695787
252.75,222.75,-95.87643727646453
253.5,222.75,-96.74156660262211
254.25,222.75,-97.47023493262388
255.0,222.75,-97.78655332593064
255.75,222.75,-97.76480375828567
256.5,222.75,-97.85934473791104
257.25,222.75,-97.92058368903677
258.0,222.75,-97.40029570396622
258.75,222.75,-96.62893700787401
123.0,223.5,
123.75,223.5,
124.5,223.5,
125.25,223.5,
126.0,223.5,
126.75,223.5,
127.5,223.5,
128.25,223.5,
129.0,223.5,
129.75,223.5,
130.5,223.5,
131.25,223.5,
132.0,223.5,
132.75,223.5,
133.5,223.5,
134.25,223.5,
135.0,223.5,
135.75,223.5,
136.5,223.5,
137.25,223.5,
138.0,223.5,
138.75,223.5,
139.5,223.5,
140.25,223.5,
141.0,223.5,
141.75,223.5,
142.5,223.5,
143.25,223.5,
144.0,223.5,
144.75,223.5,
145.5,223.5,
146.25,223.5,
147.0,223.5,
147.75,223.5,
148.5,223.5,
149.25,223.5,
150.0,223.5,
150.75,223.5,
151.5,223.5,
152.25,223.5,
153.0,223.5,
153.75,223.5,
154.5,223.5,
155.25,223.5,
156.0,223.5,
156.75,223.5,
157.5,223.5,
158.25,223.5,
159.0,223.5,
159.75,223.5,
160.5,223.5,
161.25,223.5,
162.0,223.5,
162.75,223.5,
163.5,223.5,
164.25,223.5,
165.0,223.5,
165.75,223.5,
166.5,223.5,
167.25,223.5,
168.0,223.5,
168.75,223.5,-91.15714285714286
169.5,223.5,-90.86842105263158
170.25,223.5,-90.52222222222223
171.0,223.5,-90.14516129032258
171.75,223.5,-89.78571428571428
172.5,223.5,-89.5
173.25,223.5,-89.32677165354332
174.0,223.5,
174.75,223.5,
175.5,223.5,
176.25,223.5,
177.0,223.5,
177.75,223.5,
178.5,223.5,
179.25,223.5,
180.0,223.5,
180.75,223.5,
181.5,223.5,
182.25,223.5,
183.0,223.5,
183.75,223.5,
184.5,223.5,
185.25,223.5,
186.0,223.5,
186.75,223.5,
187.5,223.5,
188.25,223.5,
189.0,223.5,
189.75,223.5,
190.5,223.5,
191.25,223.5,
192.0,223.5,
192.75,223.5,
193.5,223.5,
194.25,223.5,
195.0,223.5,
195.75,223.5,
196.5,223.5,
197.25,223.5,
198.0,223.5,
198.75,223.5,
199.5,223.5,
200.25,223.5,
201.0,223.5,
201.75,223.5,
202.5,223.5,
203.25,223.5,
204.0,223.5,
204.75,223.5,
205.5,223.5,
206.25,223.5,
207.0,223.5,
207.75,223.5,
208.5,223.5,
209.25,223.5,
210.0,223.5,
210.75,223.5,
211.5,223.5,
212.25,223.5,
213.0,223.5,
213.75,223.5,
214.5,223.5,
215.25,223.5,
216.0,223.5,
216.75,223.5,
217.5,223.5,
218.25,223.5,
219.0,223.5,
219.75,223.5,
220.5,223.5,
221.25,223.5,-83.4861460957179
222.0,223.5,-83.44186046511626
222.75,223.5,-83.26190779003379
223.5,223.5,-83.07330129976644
224.25,223.5,-82.94590793293628
225.0,223.5,-82.91563487285497
225.75,223.5,-83.08469318488763
226.5,223.5,-83.33711142099177
227.25,223.5,-83.56475440627564
228.0,223.5,-83.73117977528089
228.75,223.5,-83.86048186253029
229.5,223.5,-83.96756961141705
230.25,223.5,-84.05207567856567
231.0,223.5,-84.95698924731182
231.75,223.5,-85.0176600441501
232.5,223.5,
233.25,223.5,
234.0,223.5,
234.75,223.5,
235.5,223.5,
236.25,223.5,
237.0,223.5,
237.75,223.5,
238.5,223.5,
239.25,223.5,
240.0,223.5,
240.75,223.5,
241.5,223.5,
242.25,223.5,
243.0,223.5,
243.75,223.5,
244.5,223.5,
245.25,223.5,
246.0,223.5,
246.75,223.5,
247.5,223.5,
248.25,223.5,
249.0,223.5,
249.75,223.5,-94.08943259850038
250.5,223.5,-94.15189873417722
251.25,223.5,-94.9683524752842
252.0,223.5,-95.45919749151959
252.75,223.5,-96.12096047561938
253.5,223.5,-96.79215423269038
254.25,223.5,-97.1166945246517
255.0,223.5,-97.37617094065965
255.75,223.5,-97.5139954885535
256.5,223.5,-97.7722765459303
257.25,223.5,-97.83504684405753
258.0,223.5,-97.49717446673033
258.75,223.5,-97.0767295758399
123.0,224.25,
123.75,224.25,
124.5,224.25,
125.25,224.25,
126.0,224.25,
126.75,224.25,
127.5,224.25,
128.25,224.25,
129.0,224.25,
129.75,224.25,
130.5,224.25,
131.25,224.25,
132.0,224.25,
132.75,224.25,
133.5,224.25,
134.25,224.25,
135.0,224.25,
135.75,224.25,
136.5,224.25,
137.25,224.25,
138.0,224.25,
138.75,224.25,
139.5,224.25,
140.25,224.25,
141.0,224.25,
141.75,224.25,
142.5,224.25,
143.25,224.25,
144.0,224.25,
144.75,224.25,
145.5,224.25,
146.25,224.25,
147.0,224.25,
147.75,224.25,
148.5,224.25,
149.25,224.25,
150.0,224.25,
150.75,224.25,
151.5,224.25,
152.25,224.25,
153.0,224.25,
153.75,224.25,
154.5,224.25,
155.25,224.25,
156.0,224.25,
156.75,224.25,
157.5,224.25,
158.25,224.25,
159.0,224.25,
159.75,224.25,
160.5,224.25,
161.25,224.25,
162.0,224.25,
162.75,224.25,
163.5,224.25,
164.25,224.25,
165.0,224.25,
165.75,224.25,
166.5,224.25,
167.25,224.25,
168.0,224.25,-91.5701754385965
168.75,224.25,-91.33098591549296
169.5,224.25,-90.99579831932773
170.25,224.25,-90.55882352941177
171.0,224.25,-90.04945054945055
171.75,224.25,-89.54651162790698
172.5,224.25,-89.1551724137931
173.25,224.25,-88.9468085106383
174.0,224.25,-88.92056074766354
174.75,224.25,
175.5,224.25,
176.25,224.25,
177.0,224.25,
177.75,224.25,
178.5,224.25,
179.25,224.25,
180.0,224.25,
180.75,224.25,
181.5,224.25,
182.25,224.25,
183.0,224.25,
183.75,224.25,
184.5,224.25,
185.25,224.25,
186.0,224.25,
186.75,224.25,
187.5,224.25,
188.25,224.25,
189.0,224.25,
189.75,224.25,
190.5,224.25,
191.25,224.25,
192.0,224.25,
192.75,224.25,
193.5,224.25,
194.25,224.25,
195.0,224.25,
195.75,224.25,
196.5,224.25,
197.25,224.25,
198.0,224.25,
198.75,224.25,
199.5,224.25,
200.25,224.25,
201.0,224.25,
201.75,224.25,
202.5,224.25,
203.25,224.25,
204.0,224.25,
204.75,224.25,
205.5,224.25,
206.25,224.25,
207.0,224.25,
207.75,224.25,
208.5,224.25,
209.25,224.25,
210.0,224.25,
210.75,224.25,
211.5,224.25,
212.25,224.25,
213.0,224.25,
213.75,224.25,
214.5,224.25,
215.25,224.25,
216.0,224.25,
216.75,224.25,
217.5,224.25,
218.25,224.25,
219.0,224.25,
219.75,224.25,-83.87755102040815
220.5,224.25,-83.7581863979849
221.25,224.25,-83.59006211180125
222.0,224.25,-83.46782611600247
222.75,224.25,-83.22008714669695
223.5,224.25,-82.94505494505495
224.25,224.25,-82.71829368241423
225.0,224.25,-82.62098850127649
225.75,224.25,-82.73146157253669
226.5,224.25,-83.1387537327162
227.25,224.25,-83.30282809789941
228.0,224.25,-83.53328421990184
228.75,224.25,-83.7017464510353
229.5,224.25,-83.82816799196911
230.25,224.25,-84.13082409668252
231.0,224.25,-84.91397849462366
231.75,224.25,-84.97069597069597
232.5,224.25,
233.25,224.25,
234.0,224.25,
234.75,224.25,
235.5,224.25,
236.25,224.25,
237.0,224.25,
237.75,224.25,
238.5,224.25,
239.25,224.25,
240.0,224.25,
240.75,224.25,
241.5,224.25,
242.25,224.25,
243.0,224.25,
243.75,224.25,
244.5,224.25,
245.25,224.25,
246.0,224.25,
246.75,224.25,
247.5,224.25,
248.25,224.25,
249.0,224.25,
249.75,224.25,
250.5,224.25,-94.47028355345101
251.25,224.25,-95.42312484560027
252.0,224.25,-95.81712623602262
252.75,224.25,-96.29766118694663
253.5,224.25,-96.76787014169479
254.25,224.25,-96.94726715367781
255.0,224.25,-97.15377887688555
255.75,224.25,-97.23993190415689
256.5,224.25,-97.331856454336
257.25,224.25,-97.26517507486754
258.0,224.25,-97.2803294184452
258.75,224.25,-97.16392577975161
123.0,225.0,
123.75,225.0,
124.5,225.0,
125.25,225.0,
126.0,225.0,
126.75,225.0,
127.5,225.0,
128.25,225.0,
129.0,225.0,
129.75,225.0,
130.5,225.0,
131.25,225.0,
132.0,225.0,
132.75,225.0,
133.5,225.0,
134.25,225.0,
135.0,225.0,
135.75,225.0,
136.5,225.0,
137.25,225.0,
138.0,225.0,
138.75,225.0,
139.5,225.0,
140.25,225.0,
141.0,225.0,
141.75,225.0,
142.5,225.0,
143.25,225.0,
144.0,225.0,
144.75,225.0,
145.5,225.0,
146.25,225.0,
147.0,225.0,
147.75,225.0,
148.5,225.0,
149.25,225.0,
150.0,225.0,
150.75,225.0,
151.5,225.0,
152.25,225.0,
153.0,225.0,
153.75,225.0,
154.5,225.0,
155.25,225.0,
156.0,225.0,
156.75,225.0,
157.5,225.0,
158.25,225.0,
159.0,225.0,
159.75,225.0,
160.5,225.0,
161.25,225.0,
162.0,225.0,
162.75,225.0,
163.5,225.0,
164.25,225.0,
165.0,225.0,
165.75,225.0,
166.5,225.0,
167.25,225.0,
168.0,225.0,-91.83333333333333
168.75,225.0,-91.60434782608698
169.5,225.0,-91.23913043478261
170.25,225.0,-90.7
171.0,225.0,-90.00000000000001
171.75,225.0,-89.26271186440678
172.5,225.0,-88.69999999999999
173.25,225.0,-88.45522388059702
174.0,225.0,-88.49999999999999
174.75,225.0,-88.71212121212122
175.5,225.0,
176.25,225.0,
177.0,225.0,
177.75,225.0,
178.5,225.0,
179.25,225.0,
180.0,225.0,
180.75,225.0,
181.5,225.0,
182.25,225.0,
183.0,225.0,
183.75,225.0,
184.5,225.0,
185.25,225.0,
186.0,225.0,
186.75,225.0,
187.5,225.0,
188.25,225.0,
189.0,225.0,
189.75,225.0,
190.5,225.0,
191.25,225.0,
192.0,225.0,
192.75,225.0,
193.5,225.0,
194.25,225.0,
195.0,225.0,
195.75,225.0,
196.5,225.0,
197.25,225.0,
198.0,225.0,
198.75,225.0,
199.5,225.0,
200.25,225.0,
201.0,225.0,
201.75,225.0,
202.5,225.0,
203.25,225.0,
204.0,225.0,
204.75,225.0,
205.5,225.0,
206.25,225.0,
207.0,225.0,
207.75,225.0,
208.5,225.0,
209.25,225.0,
210.0,225.0,
210.75,225.0,
211.5,225.0,
212.25,225.0,
213.0,225.0,
213.75,225.0,
214.5,225.0,
215.25,225.0,
216.0,225.0,
216.75,225.0,
217.5,225.0,
218.25,225.0,
219.0,225.0,
219.75,225.0,-84.02771362586604
220.5,225.0,-83.92941176470589
221.25,225.0,-83.77358490566037
222.0,225.0,-83.53846153846153
222.75,225.0,-83.29823876855242
223.5,225.0,-82.93908572705936
224.25,225.0,-82.62491171921793
225.0,225.0,-82.50000000000023
225.75,225.0,-82.61332570468177
226.5,225.0,-82.86665921537947
227.25,225.0,-83.12756856414032
228.0,225.0,-83.01923076923076
228.75,225.0,-83.13679245283018
229.5,225.0,-83.21470588235294
230.25,225.0,-83.26385681293301
231.0,225.0,
231.75,225.0,
232.5,225.0,
233.25,225.0,
234.0,225.0,
234.75,225.0,
235.5,225.0,
236.25,225.0,
237.0,225.0,
237.75,225.0,
238.5,225.0,
239.25,225.0,
240.0,225.0,
240.75,225.0,
241.5,225.0,
242.25,225.0,
243.0,225.0,
243.75,225.0,
244.5,225.0,
245.25,225.0,
246.0,225.0,
246.75,225.0,
247.5,225.0,
248.25,225.0,
249.0,225.0,
249.75,225.0,
250.5,225.0,
251.25,225.0,-95.81339600287149
252.0,225.0,-96.53370786516854
252.75,225.0,-96.8899590915575
253.5,225.0,-97.18997507615619
254.25,225.0,-97.3694811947368
255.0,225.0,-97.21875
255.75,225.0,-97.29068402379215
256.5,225.0,-97.06627819548872
257.25,225.0,-97.01574930335184
258.0,225.0,-97.13315217391305
258.75,225.0,-97.15212250946199
123.0,225.75,
123.75,225.75,
124.5,225.75,
125.25,225.75,
126.0,225.75,
126.75,225.75,
127.5,225.75,
128.25,225.75,
129.0,225.75,
129.75,225.75,
130.5,225.75,
131.25,225.75,
132.0,225.75,
132.75,225.75,
133.5,225.75,
134.25,225.75,
135.0,225.75,
135.75,225.75,
136.5,225.75,
137.25,225.75,
138.0,225.75,
138.75,225.75,
139.5,225.75,
140.25,225.75,
141.0,225.75,
141.75,225.75,
142.5,225.75,
143.25,225.75,
144.0,225.75,
144.75,225.75,
145.5,225.75,
146.25,225.75,
147.0,225.75,
147.75,225.75,
148.5,225.75,
149.25,225.75,
150.0,225.75,
150.75,225.75,
151.5,225.75,
152.25,225.75,
153.0,225.75,
153.75,225.75,
154.5,225.75,
155.25,225.75,
156.0,225.75,
156.75,225.75,
157.5,225.75,
158.25,225.75,
159.0,225.75,
159.75,225.75,
160.5,225.75,
161.25,225.75,
162.0,225.75,
162.75,225.75,
163.5,225.75,
164.25,225.75,
165.0,225.75,
165.75,225.75,
166.5,225.75,
167.25,225.75,-92.25949367088606
168.0,225.75,-92.1829268292683
168.75,225.75,-92.01063829787233
169.5,225.75,-91.66901408450704
170.25,225.75,-90.42413348968645
171.0,225.75,-89.67984119011084
171.75,225.75,-88.74384270677736
172.5,225.75,-88.00113558937089
173.25,225.75,-87.75435046539862
174.0,225.75,-87.89226910103028
174.75,225.75,-88.14975471610516
175.5,225.75,-88.38144220545858
176.25,225.75,
177.0,225.75,
177.75,225.75,
178.5,225.75,
179.25,225.75,
180.0,225.75,
180.75,225.75,
181.5,225.75,
182.25,225.75,
183.0,225.75,
183.75,225.75,
184.5,225.75,
185.25,225.75,
186.0,225.75,
186.75,225.75,
187.5,225.75,
188.25,225.75,
189.0,225.75,
189.75,225.75,
190.5,225.75,
191.25,225.75,
192.0,225.75,
192.75,225.75,
193.5,225.75,
194.25,225.75,
195.0,225.75,
195.75,225.75,
196.5,225.75,
197.25,225.75,
198.0,225.75,
198.75,225.75,
199.5,225.75,
200.25,225.75,
201.0,225.75,
201.75,225.75,
202.5,225.75,
203.25,225.75,
204.0,225.75,
204.75,225.75,
205.5,225.75,
206.25,225.75,
207.0,225.75,
207.75,225.75,
208.5,225.75,
209.25,225.75,
210.0,225.75,
210.75,225.75,
211.5,225.75,
212.25,225.75,
213.0,225.75,
213.75,225.75,
214.5,225.75,
215.25,225.75,
216.0,225.75,
216.75,225.75,
217.5,225.75,
218.25,225.75,
219.0,225.75,
219.75,225.75,-84.21319796954315
220.5,225.75,-84.15946843853821
221.25,225.75,-84.05309734513276
222.0,225.75,-83.85798816568047
222.75,225.75,-83.53846153846153
223.5,225.75,-83.17233052913451
224.25,225.75,-82.79586661115107
225.0,225.75,-82.6393131771275
225.75,225.75,-82.73104070648144
226.5,225.75,-82.94505494505495
227.25,225.75,-83.16599609342393
228.0,225.75,-83.34517092506354
228.75,225.75,-83.04503105590062
229.5,225.75,-83.12909319899245
230.25,225.75,-83.18877551020408
231.0,225.75,
231.75,225.75,
232.5,225.75,
233.25,225.75,
234.0,225.75,
234.75,225.75,
235.5,225.75,
236.25,225.75,
237.0,225.75,
237.75,225.75,
238.5,225.75,
239.25,225.75,
240.0,225.75,
240.75,225.75,
241.5,225.75,
242.25,225.75,
243.0,225.75,
243.75,225.75,
244.5,225.75,
245.25,225.75,
246.0,225.75,
246.75,225.75,
247.5,225.75,
248.25,225.75,
249.0,225.75,
249.75,225.75,
250.5,225.75,
251.25,225.75,-94.60888888888888
252.0,225.75,-96.69433458311092
252.75,225.75,-96.9495300194767
253.5,225.75,-97.15993284086582
254.25,225.75,-97.28592420543693
255.0,225.75,-97.62702662153166
255.75,225.75,-97.25068048765768
256.5,225.75,-97.11308503194451
257.25,225.75,-97.07871242860713
258.0,225.75,-97.12725421563573
258.75,225.75,-96.96045283345602
123.0,226.5,
123.75,226.5,
124.5,226.5,
125.25,226.5,
126.0,226.5,
126.75,226.5,
127.5,226.5,
128.25,226.5,
129.0,226.5,
129.75,226.5,
130.5,226.5,
131.25,226.5,
132.0,226.5,
132.75,226.5,
133.5,226.5,
134.25,226.5,
135.0,226.5,
135.75,226.5,
136.5,226.5,
137.25,226.5,
138.0,226.5,
138.75,226.5,
139.5,226.5,
140.25,226.5,
141.0,226.5,
141.75,226.5,
142.5,226.5,
143.25,226.5,
144.0,226.5,
144.75,226.5,
145.5,226.5,
146.25,226.5,
147.0,226.5,
147.75,226.5,
148.5,226.5,
149.25,226.5,
150.0,226.5,
150.75,226.5,
151.5,226.5,
152.25,226.5,
153.0,226.5,
153.75,226.5,
154.5,226.5,
155.25,226.5,
156.0,226.5,
156.75,226.5,
157.5,226.5,
158.25,226.5,
159.0,226.5,
159.75,226.5,
160.5,226.5,
161.25,226.5,
162.0,226.5,
162.75,226.5,
163.5,226.5,
164.25,226.5,
165.0,226.5,
165.75,226.5,
166.5,226.5,
167.25,226.5,-92.59090909090908
168.0,226.5,-92.61111111111111
168.75,226.5,-92.5632911392405
169.5,226.5,-91.50079239302694
170.25,226.5,-91.13570549021273
171.0,226.5,-90.20426761502556
171.75,226.5,-88.713227987452
172.5,226.5,-87.4662251655629
173.25,226.5,-87.22361665715916
174.0,226.5,-87.59509721048182
174.75,226.5,-88.01565551545642
175.5,226.5,-88.31645569620254
176.25,226.5,-88.51260225092291
177.0,226.5,
177.75,226.5,
178.5,226.5,
179.25,226.5,
180.0,226.5,
180.75,226.5,
181.5,226.5,
182.25,226.5,
183.0,226.5,
183.75,226.5,
184.5,226.5,
185.25,226.5,
186.0,226.5,
186.75,226.5,
187.5,226.5,
188.25,226.5,
189.0,226.5,
189.75,226.5,
190.5,226.5,
191.25,226.5,
192.0,226.5,
192.75,226.5,
193.5,226.5,
194.25,226.5,
195.0,226.5,
195.75,226.5,
196.5,226.5,
197.25,226.5,
198.0,226.5,
198.75,226.5,
199.5,226.5,
200.25,226.5,
201.0,226.5,
201.75,226.5,
202.5,226.5,
203.25,226.5,
204.0,226.5,
204.75,226.5,
205.5,226.5,
206.25,226.5,
207.0,226.5,
207.75,226.5,
208.5,226.5,
209.25,226.5,
210.0,226.5,
210.75,226.5,
211.5,226.5,
212.25,226.5,
213.0,226.5,
213.75,226.5,
214.5,226.5,
215.25,226.5,
216.0,226.5,
216.75,226.5,
217.5,226.5,
218.25,226.5,
219.0,226.5,
219.75,226.5,-84.41823056300268
220.5,226.5,-84.42857142857143
221.25,226.5,-84.40975609756099
222.0,226.5,-84.32432432432432
222.75,226.5,-84.11009174311927
223.5,226.5,-83.72727272727272
224.25,226.5,-83.29411764705881
225.0,226.5,-83.08907050838067
225.75,226.5,-83.0754305451393
226.5,226.5,-83.18381650207073
227.25,226.5,-83.31982002110526
228.0,226.5,-83.44186046511626
228.75,226.5,-82.99307304785894
229.5,226.5,
230.25,226.5,
231.0,226.5,
231.75,226.5,
232.5,226.5,
233.25,226.5,
234.0,226.5,
234.75,226.5,
235.5,226.5,
236.25,226.5,
237.0,226.5,
237.75,226.5,
238.5,226.5,
239.25,226.5,
240.0,226.5,
240.75,226.5,
241.5,226.5,
242.25,226.5,
243.0,226.5,
243.75,226.5,
244.5,226.5,
245.25,226.5,
246.0,226.5,
246.75,226.5,
247.5,226.5,
248.25,226.5,
249.0,226.5,
249.75,226.5,
250.5,226.5,
251.25,226.5,-94.84761904761906
252.0,226.5,-95.13675213675214
252.75,226.5,-96.98484890996325
253.5,226.5,-97.9471576028347
254.25,226.5,-97.79981372441797
255.0,226.5,-97.63124250898919
255.75,226.5,-97.46237877605617
256.5,226.5,-97.33734939759036
257.25,226.5,-97.1593164780906
258.0,226.5,-96.98909273968006
258.75,226.5,-96.9400829302004
123.0,227.25,
123.75,227.25,
124.5,227.25,
125.25,227.25,
126.0,227.25,
126.75,227.25,
127.5,227.25,
128.25,227.25,
129.0,227.25,
129.75,227.25,
130.5,227.25,
131.25,227.25,
132.0,227.25,
132.75,227.25,
133.5,227.25,
134.25,227.25,
135.0,227.25,
135.75,227.25,
136.5,227.25,
137.25,227.25,
138.0,227.25,
138.75,227.25,
139.5,227.25,
140.25,227.25,
141.0,227.25,
141.75,227.25,
142.5,227.25,
143.25,227.25,
144.0,227.25,
144.75,227.25,
145.5,227.25,
146.25,227.25,
147.0,227.25,
147.75,227.25,
148.5,227.25,
149.25,227.25,
150.0,227.25,
150.75,227.25,
151.5,227.25,
152.25,227.25,
153.0,227.25,
153.75,227.25,
154.5,227.25,
155.25,227.25,
156.0,227.25,
156.75,227.25,
157.5,227.25,
158.25,227.25,
159.0,227.25,
159.75,227.25,
160.5,227.25,
161.25,227.25,
162.0,227.25,
162.75,227.25,
163.5,227.25,
164.25,227.25,
165.0,227.25,
165.75,227.25,
166.5,227.25,
167.25,227.25,-92.93283582089552
168.0,227.25,-93.07575757575758
168.75,227.25,-92.14173042038014
169.5,227.25,-92.38646312386042
170.25,227.25,-92.3756271988004
171.0,227.25,-91.5910713791481
171.75,227.25,-89.53207748356141
172.5,227.25,-87.46969336819583
173.25,227.25,-87.126545261199
174.0,227.25,-87.62333228182811
174.75,227.25,-88.06951871657755
175.5,227.25,-88.34439790739766
176.25,227.25,-88.5131356672686
177.0,227.25,-86.65176151761517
177.75,227.25,
178.5,227.25,
179.25,227.25,
180.0,227.25,
180.75,227.25,
181.5,227.25,
182.25,227.25,
183.0,227.25,
183.75,227.25,
184.5,227.25,
185.25,227.25,
186.0,227.25,
186.75,227.25,
187.5,227.25,
188.25,227.25,
189.0,227.25,
189.75,227.25,
190.5,227.25,
191.25,227.25,
192.0,227.25,
192.75,227.25,
193.5,227.25,
194.25,227.25,
195.0,227.25,
195.75,227.25,
196.5,227.25,
197.25,227.25,
198.0,227.25,
198.75,227.25,
199.5,227.25,
200.25,227.25,
201.0,227.25,
201.75,227.25,
202.5,227.25,
203.25,227.25,
204.0,227.25,
204.75,227.25,
205.5,227.25,
206.25,227.25,
207.0,227.25,
207.75,227.25,
208.5,227.25,
209.25,227.25,
210.0,227.25,
210.75,227.25,
211.5,227.25,
212.25,227.25,
213.0,227.25,
213.75,227.25,
214.5,227.25,
215.25,227.25,
216.0,227.25,
216.75,227.25,
217.5,227.25,
218.25,227.25,
219.0,227.25,
219.75,227.25,-84.61621621621622
220.5,227.25,-84.69314079422381
221.25,227.25,-84.77227722772278
222.0,227.25,-84.82758620689656
222.75,227.25,-84.79245283018868
223.5,227.25,-84.56470588235292
224.25,227.25,-84.14634146341463
225.0,227.25,-83.75257731958763
225.75,227.25,-83.53846153846153
226.5,227.25,-83.46961325966852
227.25,227.25,-83.47200000000001
228.0,227.25,-83.50148367952522
228.75,227.25,
229.5,227.25,
230.25,227.25,
231.0,227.25,
231.75,227.25,
232.5,227.25,
233.25,227.25,
234.0,227.25,
234.75,227.25,
235.5,227.25,
236.25,227.25,
237.0,227.25,
237.75,227.25,
238.5,227.25,
239.25,227.25,
240.0,227.25,
240.75,227.25,
241.5,227.25,
242.25,227.25,
243.0,227.25,
243.75,227.25,
244.5,227.25,
245.25,227.25,
246.0,227.25,
246.75,227.25,
247.5,227.25,
248.25,227.25,
249.0,227.25,
249.75,227.25,
250.5,227.25,
251.25,227.25,
252.0,227.25,
252.75,227.25,
253.5,227.25,-97.36351706036746
254.25,227.25,-97.33006535947713
255.0,227.25,-97.29116465863454
255.75,227.25,-97.25238095238095
256.5,227.25,-97.22486772486772
257.25,227.25,-97.2204301075269
258.0,227.25,-97.2412935323383
258.75,227.25,-97.27777777777777
123.0,228.0,
123.75,228.0,
124.5,228.0,
125.25,228.0,
126.0,228.0,
126.75,228.0,
127.5,228.0,
128.25,228.0,
129.0,228.0,
129.75,228.0,
130.5,228.0,
131.25,228.0,
132.0,228.0,
132.75,228.0,
133.5,228.0,
134.25,228.0,
135.0,228.0,
135.75,228.0,
136.5,228.0,
137.25,228.0,
138.0,228.0,
138.75,228.0,
139.5,228.0,
140.25,228.0,
141.0,228.0,
141.75,228.0,
142.5,228.0,
143.25,228.0,
144.0,228.0,
144.75,228.0,
145.5,228.0,
146.25,228.0,
147.0,228.0,
147.75,228.0,
148.5,228.0,
149.25,228.0,
150.0,228.0,
150.75,228.0,
151.5,228.0,
152.25,228.0,
153.0,228.0,
153.75,228.0,
154.5,228.0,
155.25,228.0,
156.0,228.0,
156.75,228.0,
157.5,228.0,
158.25,228.0,
159.0,228.0,
159.75,228.0,
160.5,228.0,
161.25,228.0,
162.0,228.0,
162.75,228.0,
163.5,228.0,
164.25,228.0,
165.0,228.0,
165.75,228.0,
166.5,228.0,
167.25,228.0,-93.24045801526718
168.0,228.0,-92.18598382749326
168.75,228.0,-92.69110880869724
169.5,228.0,-93.32735354818226
170.25,228.0,-93.97486786754396
171.0,228.0,-93.98795180722891
171.75,228.0,-92.03620986944739
172.5,228.0,-89.18878248974006
173.25,228.0,-88.12965509653995
174.0,228.0,-88.14285714285715
174.75,228.0,-88.30133961430883
175.5,228.0,-88.42860176239515
176.25,228.0,-88.52929514415517
177.0,228.0,-86.59523809523809
177.75,228.0,-86.57256235827666
178.5,228.0,
179.25,228.0,
180.0,228.0,
180.75,228.0,
181.5,228.0,
182.25,228.0,
183.0,228.0,
183.75,228.0,
184.5,228.0,
185.25,228.0,
186.0,228.0,
186.75,228.0,
187.5,228.0,
188.25,228.0,
189.0,228.0,
189.75,228.0,
190.5,228.0,
191.25,228.0,
192.0,228.0,
192.75,228.0,
193.5,228.0,
194.25,228.0,
195.0,228.0,
195.75,228.0,
196.5,228.0,
197.25,228.0,
198.0,228.0,
198.75,228.0,
199.5,228.0,
200.25,228.0,
201.0,228.0,
201.75,228.0,
202.5,228.0,
203.25,228.0,
204.0,228.0,
204.75,228.0,
205.5,228.0,
206.25,228.0,
207.0,228.0,
207.75,228.0,
208.5,228.0,
209.25,228.0,
210.0,228.0,
210.75,228.0,
211.5,228.0,
212.25,228.0,
213.0,228.0,
213.75,228.0,
214.5,228.0,
215.25,228.0,
216.0,228.0,
216.75,228.0,
217.5,228.0,
218.25,228.0,
219.0,228.0,
219.75,228.0,
220.5,228.0,-84.90410958904111
221.25,228.0,-85.05069124423964
222.0,228.0,-85.2
222.75,228.0,-85.2892561983471
223.5,228.0,-85.2
224.25,228.0,-84.86597938144331
225.0,228.0,-84.42857142857144
225.75,228.0,-84.08275862068966
226.5,228.0,-83.87755102040815
227.25,228.0,-83.77358490566037
228.0,228.0,-83.72727272727272
228.75,228.0,-83.71115973741793
229.5,228.0,
230.25,228.0,
231.0,228.0,
231.75,228.0,
232.5,228.0,
233.25,228.0,
234.0,228.0,
234.75,228.0,
235.5,228.0,
236.25,228.0,
237.0,228.0,
237.75,228.0,
238.5,228.0,
239.25,228.0,
240.0,228.0,
240.75,228.0,
241.5,228.0,
242.25,228.0,
243.0,228.0,
243.75,228.0,
244.5,228.0,
245.25,228.0,
246.0,228.0,
246.75,228.0,
247.5,228.0,
248.25,228.0,
249.0,228.0,
249.75,228.0,
250.5,228.0,
251.25,228.0,
252.0,228.0,
252.75,228.0,
253.5,228.0,
254.25,228.0,-97.33715012722647
255.0,228.0,-97.30952380952381
255.75,228.0,-97.28451178451178
256.5,228.0,-97.26811594202898
257.25,228.0,-97.26556776556778
258.0,228.0,-97.27777777777779
258.75,228.0,-97.3006230529595
123.0,228.75,
123.75,228.75,
124.5,228.75,
125.25,228.75,
126.0,228.75,
126.75,228.75,
127.5,228.75,
128.25,228.75,
129.0,228.75,
129.75,228.75,
130.5,228.75,
131.25,228.75,
132.0,228.75,
132.75,228.75,
133.5,228.75,
134.25,228.75,
135.0,228.75,
135.75,228.75,
136.5,228.75,
137.25,228.75,
138.0,228.75,
138.75,228.75,
139.5,228.75,
140.25,228.75,
141.0,228.75,
141.75,228.75,
142.5,228.75,
143.25,228.75,
144.0,228.75,
144.75,228.75,
145.5,228.75,
146.25,228.75,
147.0,228.75,
147.75,228.75,
148.5,228.75,
149.25,228.75,
150.0,228.75,
150.75,228.75,
151.5,228.75,
152.25,228.75,
153.0,228.75,
153.75,228.75,
154.5,228.75,
155.25,228.75,
156.0,228.75,
156.75,228.75,
157.5,228.75,
158.25,228.75,
159.0,228.75,
159.75,228.75,
160.5,228.75,
161.25,228.75,
162.0,228.75,
162.75,228.75,
163.5,228.75,
164.25,228.75,
165.0,228.75,
165.75,228.75,
166.5,228.75,
167.25,228.75,
168.0,228.75,-92.35494371741554
168.75,228.75,-92.9952379912187
169.5,228.75,-93.90212092361692
170.25,228.75,-95.07566999474514
171.0,228.75,-95.85369224298505
171.75,228.75,-94.24346744089588
172.5,228.75,-91.01456664238893
173.25,228.75,-89.1978021978022
174.0,228.75,-88.58818593723778
174.75,228.75,-88.43947221012013
175.5,228.75,-88.44760428851356
176.25,228.75,-88.50807327935843
177.0,228.75,-86.52492211838006
177.75,228.75,-86.51877934272301
178.5,228.75,-86.51457194899818
179.25,228.75,
180.0,228.75,
180.75,228.75,
181.5,228.75,
182.25,228.75,
183.0,228.75,
183.75,228.75,
184.5,228.75,
185.25,228.75,
186.0,228.75,
186.75,228.75,
187.5,228.75,
188.25,228.75,
189.0,228.75,
189.75,228.75,
190.5,228.75,
191.25,228.75,
192.0,228.75,
192.75,228.75,
193.5,228.75,
194.25,228.75,
195.0,228.75,
195.75,228.75,
196.5,228.75,
197.25,228.75,
198.0,228.75,
198.75,228.75,
199.5,228.75,
200.25,228.75,
201.0,228.75,
201.75,228.75,
202.5,228.75,
203.25,228.75,
204.0,228.75,
204.75,228.75,
205.5,228.75,
206.25,228.75,
207.0,228.75,
207.75,228.75,
208.5,228.75,
209.25,228.75,
210.0,228.75,
210.75,228.75,
211.5,228.75,
212.25,228.75,
213.0,228.75,
213.75,228.75,
214.5,228.75,
215.25,228.75,
216.0,228.75,
216.75,228.75,
217.5,228.75,
218.25,228.75,
219.0,228.75,
219.75,228.75,
220.5,228.75,-85.03384615384616
221.25,228.75,-85.2
222.0,228.75,-85.3678756476684
222.75,228.75,-85.48051948051949
223.5,228.75,-85.44360902255639
224.25,228.75,-85.2
225.0,228.75,-84.82758620689656
225.75,228.75,-84.47191011235955
226.5,228.75,-84.20960698689957
227.25,228.75,-84.04026845637584
228.0,228.75,-83.93766233766233
228.75,228.75,-83.87755102040815
229.5,228.75,
230.25,228.75,
231.0,228.75,
231.75,228.75,
232.5,228.75,
233.25,228.75,
234.0,228.75,
234.75,228.75,
235.5,228.75,
236.25,228.75,
237.0,228.75,
237.75,228.75,
238.5,228.75,
239.25,228.75,
240.0,228.75,
240.75,228.75,
241.5,228.75,
242.25,228.75,
243.0,228.75,
243.75,228.75,
244.5,228.75,
245.25,228.75,
246.0,228.75,
246.75,228.75,
247.5,228.75,
248.25,228.75,
249.0,228.75,
249.75,228.75,
250.5,228.75,
251.25,228.75,
252.0,228.75,
252.75,228.75,
253.5,228.75,
254.25,228.75,
255.0,228.75,
255.75,228.75,-97.31094527363184
256.5,228.75,-97.3005249343832
257.25,228.75,-97.29894179894181
258.0,228.75,-97.30661577608143
258.75,228.75,
123.0,229.5,
123.75,229.5,
124.5,229.5,
125.25,229.5,
126.0,229.5,
126.75,229.5,
127.5,229.5,
128.25,229.5,
129.0,229.5,
129.75,229.5,
130.5,229.5,
131.25,229.5,
132.0,229.5,
132.75,229.5,
133.5,229.5,
134.25,229.5,
135.0,229.5,
135.75,229.5,
136.5,229.5,
137.25,229.5,
138.0,229.5,
138.75,229.5,
139.5,229.5,
140.25,229.5,
141.0,229.5,
141.75,229.5,
142.5,229.5,
143.25,229.5,
144.0,229.5,
144.75,229.5,
145.5,229.5,
146.25,229.5,
147.0,229.5,
147.75,229.5,
148.5,229.5,
149.25,229.5,
150.0,229.5,
150.75,229.5,
151.5,229.5,
152.25,229.5,
153.0,229.5,
153.75,229.5,
154.5,229.5,
155.25,229.5,
156.0,229.5,
156.75,229.5,
157.5,229.5,
158.25,229.5,
159.0,229.5,
159.75,229.5,
160.5,229.5,
161.25,229.5,
162.0,229.5,
162.75,229.5,
163.5,229.5,
164.25,229.5,
165.0,229.5,
165.75,229.5,-93.66771488469603
166.5,229.5,-93.99019607843137
167.25,229.5,-92.58375042519073
168.0,229.5,-92.0969752241982
168.75,229.5,-92.32234137909998
169.5,229.5,-93.43170049710024
170.25,229.5,-94.65719437193046
171.0,229.5,-95.36081211100755
171.75,229.5,-93.55999991287689
172.5,229.5,-90.28125
173.25,229.5,-88.59772152597583
174.0,229.5,-88.20145002589332
174.75,229.5,-88.20547614375631
175.5,229.5,-88.30414531904985
176.25,229.5,-88.41539039744433
177.0,229.5,-86.45061728395062
177.75,229.5,-86.46270396270396
178.5,229.5,
179.25,229.5,
180.0,229.5,
180.75,229.5,
181.5,229.5,
182.25,229.5,
183.0,229.5,
183.75,229.5,
184.5,229.5,
185.25,229.5,
186.0,229.5,
186.75,229.5,
187.5,229.5,
188.25,229.5,
189.0,229.5,
189.75,229.5,
190.5,229.5,
191.25,229.5,
192.0,229.5,
192.75,229.5,
193.5,229.5,
194.25,229.5,
195.0,229.5,
195.75,229.5,
196.5,229.5,
197.25,229.5,
198.0,229.5,
198.75,229.5,
199.5,229.5,
200.25,229.5,
201.0,229.5,
201.75,229.5,
202.5,229.5,
203.25,229.5,
204.0,229.5,
204.75,229.5,
205.5,229.5,
206.25,229.5,
207.0,229.5,
207.75,229.5,
208.5,229.5,
209.25,229.5,
210.0,229.5,
210.75,229.5,
211.5,229.5,
212.25,229.5,
213.0,229.5,
213.75,229.5,
214.5,229.5,
215.25,229.5,
216.0,229.5,
216.75,229.5,
217.5,229.5,
218.25,229.5,
219.0,229.5,
219.75,229.5,
220.5,229.5,
221.25,229.5,-85.2358803986711
222.0,229.5,-85.37704918032787
222.75,229.5,-85.46341463414635
223.5,229.5,-85.43478260869566
224.25,229.5,-85.25966850828729
225.0,229.5,-84.97959183673468
225.75,229.5,-84.68122270742359
226.5,229.5,-84.42857142857143
227.25,229.5,-84.2406876790831
228.0,229.5,-84.11009174311927
228.75,229.5,-84.02218114602587
229.5,229.5,
230.25,229.5,
231.0,229.5,
231.75,229.5,
232.5,229.5,
233.25,229.5,
234.0,229.5,
234.75,229.5,
235.5,229.5,
236.25,229.5,
237.0,229.5,
237.75,229.5,
238.5,229.5,
239.25,229.5,
240.0,229.5,
240.75,229.5,
241.5,229.5,
242.25,229.5,
243.0,229.5,
243.75,229.5,
244.5,229.5,
245.25,229.5,
246.0,229.5,
246.75,229.5,
247.5,229.5,
248.25,229.5,
249.0,229.5,
249.75,229.5,
250.5,229.5,
251.25,229.5,
252.0,229.5,
252.75,229.5,
253.5,229.5,
254.25,229.5,
255.0,229.5,
255.75,229.5,
256.5,229.5,
257.25,229.5,
258.0,229.5,
258.75,229.5,
123.0,230.25,
123.75,230.25,
124.5,230.25,
125.25,230.25,
126.0,230.25,
126.75,230.25,
127.5,230.25,
128.25,230.25,
129.0,230.25,
129.75,230.25,
130.5,230.25,
131.25,230.25,
132.0,230.25,
132.75,230.25,
133.5,230.25,
134.25,230.25,
135.0,230.25,
135.75,230.25,
136.5,230.25,
137.25,230.25,
138.0,230.25,
138.75,230.25,
139.5,230.25,
140.25,230.25,
141.0,230.25,
141.75,230.25,
142.5,230.25,
143.25,230.25,
144.0,230.25,
144.75,230.25,
145.5,230.25,
146.25,230.25,
147.0,230.25,
147.75,230.25,
148.5,230.25,
149.25,230.25,
150.0,230.25,
150.75,230.25,
151.5,230.25,
152.25,230.25,
153.0,230.25,
153.75,230.25,
154.5,230.25,
155.25,230.25,
156.0,230.25,
156.75,230.25,
157.5,230.25,
158.25,230.25,
159.0,230.25,
159.75,230.25,
160.5,230.25,
161.25,230.25,
162.0,230.25,
162.75,230.25,
163.5,230.25,
164.25,230.25,
165.0,230.25,
165.75,230.25,-93.26525821596246
166.5,230.25,-93.55602240896357
167.25,230.25,-92.24186432117706
168.0,230.25,-91.29760637858803
168.75,230.25,-91.75581601277814
169.5,230.25,-92.36105693072119
170.25,230.25,-92.92052576836419
171.0,230.25,-92.74503362451276
171.75,230.25,-90.56919181988006
172.5,230.25,-87.71973874693643
173.25,230.25,-86.89086552425209
174.0,230.25,-87.28581324828775
174.75,230.25,-87.72627504776835
175.5,230.25,-88.0543589489156
176.25,230.25,-88.27725367573682
177.0,230.25,-86.38405797101449
177.75,230.25,-86.41111111111111
178.5,230.25,
179.25,230.25,
180.0,230.25,
180.75,230.25,
181.5,230.25,
182.25,230.25,
183.0,230.25,
183.75,230.25,
184.5,230.25,
185.25,230.25,
186.0,230.25,
186.75,230.25,
187.5,230.25,
188.25,230.25,
189.0,230.25,
189.75,230.25,
190.5,230.25,
191.25,230.25,
192.0,230.25,
192.75,230.25,
193.5,230.25,
194.25,230.25,
195.0,230.25,
195.75,230.25,
196.5,230.25,
197.25,230.25,
198.0,230.25,
198.75,230.25,
199.5,230.25,
200.25,230.25,
201.0,230.25,
201.75,230.25,
202.5,230.25,
203.25,230.25,
204.0,230.25,
204.75,230.25,
205.5,230.25,
206.25,230.25,
207.0,230.25,
207.75,230.25,
208.5,230.25,
209.25,230.25,
210.0,230.25,
210.75,230.25,
211.5,230.25,
212.25,230.25,
213.0,230.25,
213.75,230.25,
214.5,230.25,
215.25,230.25,
216.0,230.25,
216.75,230.25,
217.5,230.25,
218.25,230.25,
219.0,230.25,
219.75,230.25,
220.5,230.25,
221.25,230.25,
222.0,230.25,
222.75,230.25,-85.35766423357664
223.5,230.25,-85.32806324110672
224.25,230.25,-85.2
225.0,230.25,-84.99622641509434
225.75,230.25,-84.76510067114094
226.5,230.25,-84.55014326647566
227.25,230.25,-84.37320574162679
228.0,230.25,
228.75,230.25,
229.5,230.25,
230.25,230.25,
231.0,230.25,
231.75,230.25,
232.5,230.25,
233.25,230.25,
234.0,230.25,
234.75,230.25,
235.5,230.25,
236.25,230.25,
237.0,230.25,
237.75,230.25,
238.5,230.25,
239.25,230.25,
240.0,230.25,
240.75,230.25,
241.5,230.25,
242.25,230.25,
243.0,230.25,
243.75,230.25,
244.5,230.25,
245.25,230.25,
246.0,230.25,
246.75,230.25,
247.5,230.25,
248.25,230.25,
249.0,230.25,
249.75,230.25,
250.5,230.25,
251.25,230.25,
252.0,230.25,
252.75,230.25,
253.5,230.25,
254.25,230.25,
255.0,230.25,
255.75,230.25,
256.5,230.25,
257.25,230.25,
258.0,230.25,
258.75,230.25,
123.0,231.0,
123.75,231.0,
124.5,231.0,
125.25,231.0,
126.0,231.0,
126.75,231.0,
127.5,231.0,
128.25,231.0,
129.0,231.0,
129.75,231.0,
130.5,231.0,
131.25,231.0,
132.0,231.0,
132.75,231.0,
133.5,231.0,
134.25,231.0,
135.0,231.0,
135.75,231.0,
136.5,231.0,
137.25,231.0,
138.0,231.0,
138.75,231.0,
139.5,231.0,
140.25,231.0,
141.0,231.0,
141.75,231.0,
142.5,231.0,
143.25,231.0,
144.0,231.0,
144.75,231.0,
145.5,231.0,
146.25,231.0,
147.0,231.0,
147.75,231.0,
148.5,231.0,
149.25,231.0,
150.0,231.0,
150.75,231.0,
151.5,231.0,
152.25,231.0,
153.0,231.0,
153.75,231.0,
154.5,231.0,
155.25,231.0,
156.0,231.0,
156.75,231.0,
157.5,231.0,
158.25,231.0,
159.0,231.0,
159.75,231.0,
160.5,231.0,
161.25,231.0,
162.0,231.0,
162.75,231.0,
163.5,231.0,
164.25,231.0,
165.0,231.0,
165.75,231.0,-92.78753180661577
166.5,231.0,-93.00617283950616
167.25,231.0,-91.1424158803442
168.0,231.0,-91.2994966442953
168.75,231.0,-91.05099309737275
169.5,231.0,-91.2278855257927
170.25,231.0,-91.1704501549454
171.0,231.0,-90.39805825242718
171.75,231.0,-88.42651030501493
172.5,231.0,-86.41416968932344
173.25,231.0,-86.07772221979594
174.0,231.0,-86.77232142857143
174.75,231.0,-87.43840006748704
175.5,231.0,-87.85763758187157
176.25,231.0,-88.16139270296803
177.0,231.0,-86.33333333333333
177.75,231.0,
178.5,231.0,
179.25,231.0,
180.0,231.0,
180.75,231.0,
181.5,231.0,
182.25,231.0,
183.0,231.0,
183.75,231.0,
184.5,231.0,
185.25,231.0,
186.0,231.0,
186.75,231.0,
187.5,231.0,
188.25,231.0,
189.0,231.0,
189.75,231.0,
190.5,231.0,
191.25,231.0,
192.0,231.0,
192.75,231.0,
193.5,231.0,
194.25,231.0,
195.0,231.0,
195.75,231.0,
196.5,231.0,
197.25,231.0,
198.0,231.0,
198.75,231.0,
199.5,231.0,
200.25,231.0,
201.0,231.0,
201.75,231.0,
202.5,231.0,
203.25,231.0,
204.0,231.0,
204.75,231.0,
205.5,231.0,
206.25,231.0,
207.0,231.0,
207.75,231.0,
208.5,231.0,
209.25,231.0,
210.0,231.0,
210.75,231.0,
211.5,231.0,
212.25,231.0,
213.0,231.0,
213.75,231.0,
214.5,231.0,
215.25,231.0,
216.0,231.0,
216.75,231.0,
217.5,231.0,
218.25,231.0,
219.0,231.0,
219.75,231.0,
220.5,231.0,
221.25,231.0,
222.0,231.0,
222.75,231.0,
223.5,231.0,
224.25,231.0,
225.0,231.0,
225.75,231.0,
226.5,231.0,
227.25,231.0,
228.0,231.0,
228.75,231.0,
229.5,231.0,
230.25,231.0,
231.0,231.0,
231.75,231.0,
232.5,231.0,
233.25,231.0,
234.0,231.0,
234.75,231.0,
235.5,231.0,
236.25,231.0,
237.0,231.0,
237.75,231.0,
238.5,231.0,
239.25,231.0,
240.0,231.0,
240.75,231.0,
241.5,231.0,
242.25,231.0,
243.0,231.0,
243.75,231.0,
244.5,231.0,
245.25,231.0,
246.0,231.0,
246.75,231.0,
247.5,231.0,
248.25,231.0,
249.0,231.0,
249.75,231.0,
250.5,231.0,
251.25,231.0,
252.0,231.0,
252.75,231.0,
253.5,231.0,
254.25,231.0,
255.0,231.0,
255.75,231.0,
256.5,231.0,
257.25,231.0,
258.0,231.0,
258.75,231.0,
123.0,231.75,
123.75,231.75,
124.5,231.75,
125.25,231.75,
126.0,231.75,
126.75,231.75,
127.5,231.75,
128.25,231.75,
129.0,231.75,
129.75,231.75,
130.5,231.75,
131.25,231.75,
132.0,231.75,
132.75,231.75,
133.5,231.75,
134.25,231.75,
135.0,231.75,
135.75,231.75,
136.5,231.75,
137.25,231.75,
138.0,231.75,
138.75,231.75,
139.5,231.75,
140.25,231.75,
141.0,231.75,
141.75,231.75,
142.5,231.75,
143.25,231.75,
144.0,231.75,
144.75,231.75,
145.5,231.75,
146.25,231.75,
147.0,231.75,
147.75,231.75,
148.5,231.75,
149.25,231.75,
150.0,231.75,
150.75,231.75,
151.5,231.75,
152.25,231.75,
153.0,231.75,
153.75,231.75,
154.5,231.75,
155.25,231.75,
156.0,231.75,
156.75,231.75,
157.5,231.75,
158.25,231.75,
159.0,231.75,
159.75,231.75,
160.5,231.75,
161.25,231.75,
162.0,231.75,
162.75,231.75,
163.5,231.75,
164.25,231.75,
165.0,231.75,
165.75,231.75,-92.28306878306879
166.5,231.75,-91.27740528247949
167.25,231.75,-90.70428675404526
168.0,231.75,-90.69836846076642
168.75,231.75,-90.67171864602591
169.5,231.75,-90.3047764362885
170.25,231.75,-90.03133846350762
171.0,231.75,-89.37083446150295
171.75,231.75,-88.19076295030978
172.5,231.75,-86.8380800540493
173.25,231.75,-86.53948440523664
174.0,231.75,-86.94270877103615
174.75,231.75,-87.45037281057817
175.5,231.75,-87.83735980295201
176.25,231.75,-88.11978806913756
177.0,231.75,
177.75,231.75,
178.5,231.75,
179.25,231.75,
180.0,231.75,
180.75,231.75,
181.5,231.75,
182.25,231.75,
183.0,231.75,
183.75,231.75,
184.5,231.75,
185.25,231.75,
186.0,231.75,
186.75,231.75,
187.5,231.75,
188.25,231.75,
189.0,231.75,
189.75,231.75,
190.5,231.75,
191.25,231.75,
192.0,231.75,
192.75,231.75,
193.5,231.75,
194.25,231.75,
195.0,231.75,
195.75,231.75,
196.5,231.75,
197.25,231.75,
198.0,231.75,
198.75,231.75,
199.5,231.75,
200.25,231.75,
201.0,231.75,
201.75,231.75,
202.5,231.75,
203.25,231.75,
204.0,231.75,
204.75,231.75,
205.5,231.75,
206.25,231.75,
207.0,231.75,
207.75,231.75,
208.5,231.75,
209.25,231.75,
210.0,231.75,
210.75,231.75,
211.5,231.75,
212.25,231.75,
213.0,231.75,
213.75,231.75,
214.5,231.75,
215.25,231.75,
216.0,231.75,
216.75,231.75,
217.5,231.75,
218.25,231.75,
219.0,231.75,
219.75,231.75,
220.5,231.75,
221.25,231.75,
222.0,231.75,
222.75,231.75,
223.5,231.75,
224.25,231.75,
225.0,231.75,
225.75,231.75,
226.5,231.75,
227.25,231.75,
228.0,231.75,
228.75,231.75,
229.5,231.75,
230.25,231.75,
231.0,231.75,
231.75,231.75,
232.5,231.75,
233.25,231.75,
234.0,231.75,
234.75,231.75,
235.5,231.75,
236.25,231.75,
237.0,231.75,
237.75,231.75,
238.5,231.75,
239.25,231.75,
240.0,231.75,
240.75,231.75,
241.5,231.75,
242.25,231.75,
243.0,231.75,
243.75,231.75,
244.5,231.75,
245.25,231.75,
246.0,231.75,
246.75,231.75,
247.5,231.75,
248.25,231.75,
249.0,231.75,
249.75,231.75,
250.5,231.75,
251.25,231.75,
252.0,231.75,
252.75,231.75,
253.5,231.75,
254.25,231.75,
255.0,231.75,
255.75,231.75,
256.5,231.75,
257.25,231.75,
258.0,231.75,
258.75,231.75,
123.0,232.5,
123.75,232.5,
124.5,232.5,
125.25,232.5,
126.0,232.5,
126.75,232.5,
127.5,232.5,
128.25,232.5,
129.0,232.5,
129.75,232.5,
130.5,232.5,
131.25,232.5,
132.0,232.5,
132.75,232.5,
133.5,232.5,
134.25,232.5,
135.0,232.5,
135.75,232.5,
136.5,232.5,
137.25,232.5,
138.0,232.5,
138.75,232.5,
139.5,232.5,
140.25,232.5,
141.0,232.5,
141.75,232.5,
142.5,232.5,
143.25,232.5,
144.0,232.5,
144.75,232.5,
145.5,232.5,
146.25,232.5,
147.0,232.5,
147.75,232.5,
148.5,232.5,
149.25,232.5,
150.0,232.5,
150.75,232.5,
151.5,232.5,
152.25,232.5,
153.0,232.5,
153.75,232.5,
154.5,232.5,
155.25,232.5,
156.0,232.5,
156.75,232.5,
157.5,232.5,
158.25,232.5,
159.0,232.5,
159.75,232.5,
160.5,232.5,
161.25,232.5,
162.0,232.5,
162.75,232.5,
163.5,232.5,
164.25,232.5,
165.0,232.5,
165.75,232.5,-90.36231415561555
166.5,232.5,-91.01116071428571
167.25,232.5,-90.55136495530166
168.0,232.5,-90.42578239918474
168.75,232.5,-90.22793598629693
169.5,232.5,-89.95482582146573
170.25,232.5,-89.59856578371368
171.0,232.5,-89.00804464000797
171.75,232.5,-88.41477486338995
172.5,232.5,-87.66235795655723
173.25,232.5,-87.2874856602107
174.0,232.5,-87.40106320451731
174.75,232.5,-87.66463227104673
175.5,232.5,-88.05833791964777
176.25,232.5,-86.54959785522789
177.0,232.5,
177.75,232.5,
178.5,232.5,
179.25,232.5,
180.0,232.5,
180.75,232.5,
181.5,232.5,
182.25,232.5,
183.0,232.5,
183.75,232.5,
184.5,232.5,
185.25,232.5,
186.0,232.5,
186.75,232.5,
187.5,232.5,
188.25,232.5,
189.0,232.5,
189.75,232.5,
190.5,232.5,
191.25,232.5,
192.0,232.5,
192.75,232.5,
193.5,232.5,
194.25,232.5,
195.0,232.5,
195.75,232.5,
196.5,232.5,
197.25,232.5,
198.0,232.5,
198.75,232.5,
199.5,232.5,
200.25,232.5,
201.0,232.5,
201.75,232.5,
202.5,232.5,
203.25,232.5,
204.0,232.5,
204.75,232.5,
205.5,232.5,
206.25,232.5,
207.0,232.5,
207.75,232.5,
208.5,232.5,
209.25,232.5,
210.0,232.5,
210.75,232.5,
211.5,232.5,
212.25,232.5,
213.0,232.5,
213.75,232.5,
214.5,232.5,
215.25,232.5,
216.0,232.5,
216.75,232.5,
217.5,232.5,
218.25,232.5,
219.0,232.5,
219.75,232.5,
220.5,232.5,
221.25,232.5,
222.0,232.5,
222.75,232.5,
223.5,232.5,
224.25,232.5,
225.0,232.5,
225.75,232.5,
226.5,232.5,
227.25,232.5,
228.0,232.5,
228.75,232.5,
229.5,232.5,
230.25,232.5,
231.0,232.5,
231.75,232.5,
232.5,232.5,
233.25,232.5,
234.0,232.5,
234.75,232.5,
235.5,232.5,
236.25,232.5,
237.0,232.5,
237.75,232.5,
238.5,232.5,
239.25,232.5,
240.0,232.5,
240.75,232.5,
241.5,232.5,
242.25,232.5,
243.0,232.5,
243.75,232.5,
244.5,232.5,
245.25,232.5,
246.0,232.5,
246.75,232.5,
247.5,232.5,
248.25,232.5,
249.0,232.5,
249.75,232.5,
250.5,232.5,
251.25,232.5,
252.0,232.5,
252.75,232.5,
253.5,232.5,
254.25,232.5,
255.0,232.5,
255.75,232.5,
256.5,232.5,
257.25,232.5,
258.0,232.5,
258.75,232.5,
123.0,233.25,
123.75,233.25,
124.5,233.25,
125.25,233.25,
126.0,233.25,
126.75,233.25,
127.5,233.25,
128.25,233.25,
129.0,233.25,
129.75,233.25,
130.5,233.25,
131.25,233.25,
132.0,233.25,
132.75,233.25,
133.5,233.25,
134.25,233.25,
135.0,233.25,
135.75,233.25,
136.5,233.25,
137.25,233.25,
138.0,233.25,
138.75,233.25,
139.5,233.25,
140.25,233.25,
141.0,233.25,
141.75,233.25,
142.5,233.25,
143.25,233.25,
144.0,233.25,
144.75,233.25,
145.5,233.25,
146.25,233.25,
147.0,233.25,
147.75,233.25,
148.5,233.25,
149.25,233.25,
150.0,233.25,
150.75,233.25,
151.5,233.25,
152.25,233.25,
153.0,233.25,
153.75,233.25,
154.5,233.25,
155.25,233.25,
156.0,233.25,
156.75,233.25,
157.5,233.25,
158.25,233.25,
159.0,233.25,
159.75,233.25,
160.5,233.25,
161.25,233.25,
162.0,233.25,
162.75,233.25,
163.5,233.25,
164.25,233.25,
165.0,233.25,-90.8097643097643
165.75,233.25,-90.52131725962951
166.5,233.25,-90.54844866924958
167.25,233.25,-90.83344339989125
168.0,233.25,-90.3629327338073
168.75,233.25,-90.00811032973522
169.5,233.25,-89.25187018811994
170.25,233.25,-88.86880120749763
171.0,233.25,-88.58596479996304
171.75,233.25,-88.36648475483783
172.5,233.25,-88.13440838147702
173.25,233.25,-88.0457468195635
174.0,233.25,-87.87961827140987
174.75,233.25,-88.01351551324423
175.5,233.25,-86.65342960288808
176.25,233.25,-86.67567567567568
177.0,233.25,
177.75,233.25,
178.5,233.25,
179.25,233.25,
180.0,233.25,
180.75,233.25,
181.5,233.25,
182.25,233.25,
183.0,233.25,
183.75,233.25,
184.5,233.25,
185.25,233.25,
186.0,233.25,
186.75,233.25,
187.5,233.25,
188.25,233.25,
189.0,233.25,
189.75,233.25,
190.5,233.25,
191.25,233.25,
192.0,233.25,
192.75,233.25,
193.5,233.25,
194.25,233.25,
195.0,233.25,
195.75,233.25,
196.5,233.25,
197.25,233.25,
198.0,233.25,
198.75,233.25,
199.5,233.25,
200.25,233.25,
201.0,233.25,
201.75,233.25,
202.5,233.25,
203.25,233.25,
204.0,233.25,
204.75,233.25,
205.5,233.25,
206.25,233.25,
207.0,233.25,
207.75,233.25,
208.5,233.25,
209.25,233.25,
210.0,233.25,
210.75,233.25,
211.5,233.25,
212.25,233.25,
213.0,233.25,
213.75,233.25,-85.04395604395603
214.5,233.25,-84.91256830601093
215.25,233.25,
216.0,233.25,
216.75,233.25,
217.5,233.25,
218.25,233.25,
219.0,233.25,
219.75,233.25,
220.5,233.25,
221.25,233.25,
222.0,233.25,
222.75,233.25,
223.5,233.25,
224.25,233.25,
225.0,233.25,
225.75,233.25,
226.5,233.25,
227.25,233.25,
228.0,233.25,
228.75,233.25,
229.5,233.25,
230.25,233.25,
231.0,233.25,
231.75,233.25,
232.5,233.25,
233.25,233.25,
234.0,233.25,
234.75,233.25,
235.5,233.25,
236.25,233.25,
237.0,233.25,
237.75,233.25,
238.5,233.25,
239.25,233.25,
240.0,233.25,
240.75,233.25,
241.5,233.25,
242.25,233.25,
243.0,233.25,
243.75,233.25,
244.5,233.25,
245.25,233.25,
246.0,233.25,
246.75,233.25,
247.5,233.25,
248.25,233.25,
249.0,233.25,
249.75,233.25,
250.5,233.25,
251.25,233.25,
252.0,233.25,
252.75,233.25,
253.5,233.25,
254.25,233.25,
255.0,233.25,
255.75,233.25,
256.5,233.25,
257.25,233.25,
258.0,233.25,
258.75,233.25,
123.0,234.0,
123.75,234.0,
124.5,234.0,
125.25,234.0,
126.0,234.0,
126.75,234.0,
127.5,234.0,
128.25,234.0,
129.0,234.0,
129.75,234.0,
130.5,234.0,
131.25,234.0,
132.0,234.0,
132.75,234.0,
133.5,234.0,
134.25,234.0,
135.0,234.0,
135.75,234.0,
136.5,234.0,
137.25,234.0,
138.0,234.0,
138.75,234.0,
139.5,234.0,
140.25,234.0,
141.0,234.0,
141.75,234.0,
142.5,234.0,
143.25,234.0,
144.0,234.0,
144.75,234.0,
145.5,234.0,
146.25,234.0,
147.0,234.0,
147.75,234.0,
148.5,234.0,
149.25,234.0,
150.0,234.0,
150.75,234.0,
151.5,234.0,
152.25,234.0,
153.0,234.0,
153.75,234.0,
154.5,234.0,
155.25,234.0,
156.0,234.0,
156.75,234.0,
157.5,234.0,
158.25,234.0,
159.0,234.0,
159.75,234.0,
160.5,234.0,
161.25,234.0,
162.0,234.0,
162.75,234.0,
163.5,234.0,
164.25,234.0,-90.7866043613707
165.0,234.0,-90.83333333333333
165.75,234.0,-90.67220850920046
166.5,234.0,-90.77345731191886
167.25,234.0,-90.7413297211037
168.0,234.0,-90.23134328358209
168.75,234.0,-89.62947803714792
169.5,234.0,-89.01260172966484
170.25,234.0,-88.50483868922181
171.0,234.0,-88.2602912349482
171.75,234.0,-88.23500960351156
172.5,234.0,-88.21238825948579
173.25,234.0,-87.96374998934716
174.0,234.0,-87.91836734693877
174.75,234.0,-86.88940092165899
175.5,234.0,-86.83561643835617
176.25,234.0,-86.81298701298701
177.0,234.0,
177.75,234.0,
178.5,234.0,
179.25,234.0,
180.0,234.0,
180.75,234.0,
181.5,234.0,
182.25,234.0,
183.0,234.0,
183.75,234.0,
184.5,234.0,
185.25,234.0,
186.0,234.0,
186.75,234.0,
187.5,234.0,
188.25,234.0,
189.0,234.0,
189.75,234.0,
190.5,234.0,
191.25,234.0,
192.0,234.0,
192.75,234.0,
193.5,234.0,
194.25,234.0,
195.0,234.0,
195.75,234.0,
196.5,234.0,
197.25,234.0,
198.0,234.0,
198.75,234.0,
199.5,234.0,
200.25,234.0,
201.0,234.0,
201.75,234.0,
202.5,234.0,
203.25,234.0,
204.0,234.0,
204.75,234.0,
205.5,234.0,
206.25,234.0,
207.0,234.0,
207.75,234.0,
208.5,234.0,
209.25,234.0,
210.0,234.0,
210.75,234.0,
211.5,234.0,
212.25,234.0,-85.36129032258064
213.0,234.0,-85.22222222222221
213.75,234.0,-85.05755395683454
214.5,234.0,-84.88571428571429
215.25,234.0,-84.72789115646259
216.0,234.0,-84.60000000000001
216.75,234.0,
217.5,234.0,
218.25,234.0,
219.0,234.0,
219.75,234.0,
220.5,234.0,
221.25,234.0,
222.0,234.0,
222.75,234.0,
223.5,234.0,
224.25,234.0,
225.0,234.0,
225.75,234.0,
226.5,234.0,
227.25,234.0,
228.0,234.0,
228.75,234.0,
229.5,234.0,
230.25,234.0,
231.0,234.0,
231.75,234.0,
232.5,234.0,
233.25,234.0,
234.0,234.0,
234.75,234.0,
235.5,234.0,
236.25,234.0,
237.0,234.0,
237.75,234.0,
238.5,234.0,
239.25,234.0,
240.0,234.0,
240.75,234.0,
241.5,234.0,
242.25,234.0,
243.0,234.0,
243.75,234.0,
244.5,234.0,
245.25,234.0,
246.0,234.0,
246.75,234.0,
247.5,234.0,
248.25,234.0,
249.0,234.0,
249.75,234.0,
250.5,234.0,
251.25,234.0,
252.0,234.0,
252.75,234.0,
253.5,234.0,
254.25,234.0,
255.0,234.0,
255.75,234.0,
256.5,234.0,
257.25,234.0,
258.0,234.0,
258.75,234.0,
123.0,234.75,
123.75,234.75,
124.5,234.75,
125.25,234.75,
126.0,234.75,
126.75,234.75,
127.5,234.75,
128.25,234.75,
129.0,234.75,
129.75,234.75,
130.5,234.75,
131.25,234.75,
132.0,234.75,
132.75,234.75,
133.5,234.75,
134.25,234.75,
135.0,234.75,
135.75,234.75,
136.5,234.75,
137.25,234.75,
138.0,234.75,
138.75,234.75,
139.5,234.75,
140.25,234.75,
141.0,234.75,
141.75,234.75,
142.5,234.75,
143.25,234.75,
144.0,234.75,
144.75,234.75,
145.5,234.75,
146.25,234.75,
147.0,234.75,
147.75,234.75,
148.5,234.75,
149.25,234.75,
150.0,234.75,
150.75,234.75,
151.5,234.75,
152.25,234.75,
153.0,234.75,
153.75,234.75,
154.5,234.75,
155.25,234.75,
156.0,234.75,
156.75,234.75,
157.5,234.75,
158.25,234.75,
159.0,234.75,
159.75,234.75,
160.5,234.75,
161.25,234.75,
162.0,234.75,
162.75,234.75,
163.5,234.75,-90.74146981627297
164.25,234.75,-90.78368794326241
165.0,234.75,-90.83830845771143
165.75,234.75,-90.75880210441115
166.5,234.75,-90.92926411865372
167.25,234.75,-90.93272157860135
168.0,234.75,-90.39793310295204
168.75,234.75,-89.42109612743208
169.5,234.75,-88.90017918160812
170.25,234.75,-88.26074756022622
171.0,234.75,-88.01944675798187
171.75,234.75,-88.09950923316211
172.5,234.75,-88.15565135556787
173.25,234.75,-87.35279160928064
174.0,234.75,-87.13319428498319
174.75,234.75,-86.4948639801332
175.5,234.75,-87.0
176.25,234.75,-86.94258373205741
177.0,234.75,
177.75,234.75,
178.5,234.75,
179.25,234.75,
180.0,234.75,
180.75,234.75,
181.5,234.75,
182.25,234.75,
183.0,234.75,
183.75,234.75,
184.5,234.75,
185.25,234.75,
186.0,234.75,
186.75,234.75,
187.5,234.75,
188.25,234.75,
189.0,234.75,
189.75,234.75,
190.5,234.75,
191.25,234.75,
192.0,234.75,
192.75,234.75,
193.5,234.75,
194.25,234.75,
195.0,234.75,
195.75,234.75,
196.5,234.75,
197.25,234.75,
198.0,234.75,
198.75,234.75,
199.5,234.75,
200.25,234.75,
201.0,234.75,
201.75,234.75,
202.5,234.75,
203.25,234.75,
204.0,234.75,
204.75,234.75,
205.5,234.75,
206.25,234.75,
207.0,234.75,
207.75,234.75,
208.5,234.75,
209.25,234.75,
210.0,234.75,
210.75,234.75,
211.5,234.75,-85.59259259259258
212.25,234.75,-85.47457627118645
213.0,234.75,-85.29906542056074
213.75,234.75,-85.07843137254902
214.5,234.75,-84.84466019417476
215.25,234.75,-84.63636363636364
216.0,234.75,-84.47967479674797
216.75,234.75,-84.38028169014085
217.5,234.75,
218.25,234.75,
219.0,234.75,
219.75,234.75,
220.5,234.75,
221.25,234.75,
222.0,234.75,
222.75,234.75,
223.5,234.75,
224.25,234.75,
225.0,234.75,
225.75,234.75,
226.5,234.75,
227.25,234.75,
228.0,234.75,
228.75,234.75,
229.5,234.75,
230.25,234.75,
231.0,234.75,
231.75,234.75,
232.5,234.75,
233.25,234.75,
234.0,234.75,
234.75,234.75,
235.5,234.75,
236.25,234.75,
237.0,234.75,
237.75,234.75,
238.5,234.75,
239.25,234.75,
240.0,234.75,
240.75,234.75,
241.5,234.75,
242.25,234.75,
243.0,234.75,
243.75,234.75,
244.5,234.75,
245.25,234.75,
246.0,234.75,
246.75,234.75,
247.5,234.75,
248.25,234.75,
249.0,234.75,
249.75,234.75,
250.5,234.75,
251.25,234.75,
252.0,234.75,
252.75,234.75,
253.5,234.75,
254.25,234.75,
255.0,234.75,
255.75,234.75,
256.5,234.75,
257.25,234.75,
258.0,234.75,
258.75,234.75,
123.0,235.5,
123.75,235.5,
124.5,235.5,
125.25,235.5,
126.0,235.5,
126.75,235.5,
127.5,235.5,
128.25,235.5,
129.0,235.5,
129.75,235.5,
130.5,235.5,
131.25,235.5,
132.0,235.5,
132.75,235.5,
133.5,235.5,
134.25,235.5,
135.0,235.5,
135.75,235.5,
136.5,235.5,
137.25,235.5,
138.0,235.5,
138.75,235.5,
139.5,235.5,
140.25,235.5,
141.0,235.5,
141.75,235.5,
142.5,235.5,
143.25,235.5,
144.0,235.5,
144.75,235.5,
145.5,235.5,
146.25,235.5,
147.0,235.5,
147.75,235.5,
148.5,235.5,
149.25,235.5,
150.0,235.5,
150.75,235.5,
151.5,235.5,
152.25,235.5,
153.0,235.5,
153.75,235.5,
154.5,235.5,
155.25,235.5,
156.0,235.5,
156.75,235.5,
157.5,235.5,
158.25,235.5,
159.0,235.5,
159.75,235.5,
160.5,235.5,
161.25,235.5,
162.0,235.5,
162.75,235.5,
163.5,235.5,-90.72222222222221
164.25,235.5,-90.76053639846742
165.0,235.5,-90.81111111111112
165.75,235.5,-90.72073586191235
166.5,235.5,-90.78182512255887
167.25,235.5,-90.81011017462185
168.0,235.5,-90.23868918500155
168.75,235.5,-89.5703894614646
169.5,235.5,-88.87713997985902
170.25,235.5,-88.24591254597149
171.0,235.5,-87.98180632897197
171.75,235.5,-87.83212240689991
172.5,235.5,-87.48817998883946
173.25,235.5,-86.86345990809359
174.0,235.5,-86.52002804667326
174.75,235.5,-86.2722429484355
175.5,235.5,-86.30713509597972
176.25,235.5,-87.05117270788912
177.0,235.5,
177.75,235.5,
178.5,235.5,
179.25,235.5,
180.0,235.5,
180.75,235.5,
181.5,235.5,
182.25,235.5,
183.0,235.5,
183.75,235.5,
184.5,235.5,
185.25,235.5,
186.0,235.5,
186.75,235.5,
187.5,235.5,
188.25,235.5,
189.0,235.5,
189.75,235.5,
190.5,235.5,
191.25,235.5,
192.0,235.5,
192.75,235.5,
193.5,235.5,
194.25,235.5,
195.0,235.5,
195.75,235.5,
196.5,235.5,
197.25,235.5,
198.0,235.5,
198.75,235.5,
199.5,235.5,
200.25,235.5,
201.0,235.5,
201.75,235.5,
202.5,235.5,
203.25,235.5,
204.0,235.5,
204.75,235.5,
205.5,235.5,
206.25,235.5,
207.0,235.5,
207.75,235.5,
208.5,235.5,
209.25,235.5,
210.0,235.5,
210.75,235.5,-85.81889763779527
211.5,235.5,-85.76923076923077
212.25,235.5,-85.64367816091954
213.0,235.5,-85.42105263157895
213.75,235.5,-85.11267605633803
214.5,235.5,-84.77777777777776
215.25,235.5,-84.49367088607595
216.0,235.5,-84.30434782608695
216.75,235.5,-84.2072072072072
217.5,235.5,-84.17647058823529
218.25,235.5,
219.0,235.5,
219.75,235.5,
220.5,235.5,
221.25,235.5,
222.0,235.5,
222.75,235.5,
223.5,235.5,
224.25,235.5,
225.0,235.5,
225.75,235.5,
226.5,235.5,
227.25,235.5,
228.0,235.5,
228.75,235.5,
229.5,235.5,
230.25,235.5,
231.0,235.5,
231.75,235.5,
232.5,235.5,
233.25,235.5,
234.0,235.5,
234.75,235.5,
235.5,235.5,
236.25,235.5,
237.0,235.5,
237.75,235.5,
238.5,235.5,
239.25,235.5,
240.0,235.5,
240.75,235.5,
241.5,235.5,
242.25,235.5,
243.0,235.5,
243.75,235.5,
244.5,235.5,
245.25,235.5,
246.0,235.5,
246.75,235.5,
247.5,235.5,
248.25,235.5,
249.0,235.5,
249.75,235.5,
250.5,235.5,
251.25,235.5,
252.0,235.5,
252.75,235.5,
253.5,235.5,
254.25,235.5,
255.0,235.5,
255.75,235.5,
256.5,235.5,
257.25,235.5,
258.0,235.5,
258.75,235.5,
123.0,236.25,
123.75,236.25,
124.5,236.25,
125.25,236.25,
126.0,236.25,
126.75,236.25,
127.5,236.25,
128.25,236.25,
129.0,236.25,
129.75,236.25,
130.5,236.25,
131.25,236.25,
132.0,236.25,
132.75,236.25,
133.5,236.25,
134.25,236.25,
135.0,236.25,
135.75,236.25,
136.5,236.25,
137.25,236.25,
138.0,236.25,
138.75,236.25,
139.5,236.25,
140.25,236.25,
141.0,236.25,
141.75,236.25,
142.5,236.25,
143.25,236.25,
144.0,236.25,
144.75,236.25,
145.5,236.25,
146.25,236.25,
147.0,236.25,
147.75,236.25,
148.5,236.25,
149.25,236.25,
150.0,236.25,
150.75,236.25,
151.5,236.25,
152.25,236.25,
153.0,236.25,
153.75,236.25,
154.5,236.25,
155.25,236.25,
156.0,236.25,
156.75,236.25,
157.5,236.25,
158.25,236.25,
159.0,236.25,
159.75,236.25,
160.5,236.25,
161.25,236.25,
162.0,236.25,
162.75,236.25,
163.5,236.25,-90.6904761904762
164.25,236.25,-90.7170542635659
165.0,236.25,-90.74858757062145
165.75,236.25,-90.17032642886983
166.5,236.25,-90.31308348485277
167.25,236.25,-90.20961575393201
168.0,236.25,-89.86385731005159
168.75,236.25,-89.7258957191808
169.5,236.25,-89.29333942794968
170.25,236.25,-88.36427060887495
171.0,236.25,-87.81300570263554
171.75,236.25,-87.47339678610133
172.5,236.25,-87.11077652269631
173.25,236.25,-86.49813359707265
174.0,236.25,-86.20363645292514
174.75,236.25,-85.99232730662878
175.5,236.25,-85.1850610091046
176.25,236.25,-84.82760569805089
177.0,236.25,
177.75,236.25,
178.5,236.25,
179.25,236.25,
180.0,236.25,
180.75,236.25,
181.5,236.25,
182.25,236.25,
183.0,236.25,
183.75,236.25,
184.5,236.25,
185.25,236.25,
186.0,236.25,
186.75,236.25,
187.5,236.25,
188.25,236.25,
189.0,236.25,
189.75,236.25,
190.5,236.25,
191.25,236.25,
192.0,236.25,
192.75,236.25,
193.5,236.25,
194.25,236.25,
195.0,236.25,
195.75,236.25,
196.5,236.25,
197.25,236.25,
198.0,236.25,
198.75,236.25,
199.5,236.25,
200.25,236.25,
201.0,236.25,
201.75,236.25,
202.5,236.25,
203.25,236.25,
204.0,236.25,
204.75,236.25,
205.5,236.25,
206.25,236.25,
207.0,236.25,
207.75,236.25,
208.5,236.25,
209.25,236.25,
210.0,236.25,-85.97709923664122
210.75,236.25,-86.01960784313727
211.5,236.25,-86.01265822784809
212.25,236.25,-85.90322580645162
213.0,236.25,-85.62745098039215
213.75,236.25,-85.17391304347827
214.5,236.25,-84.65957446808511
215.25,236.25,-84.25925925925925
216.0,236.25,-84.04477611940297
216.75,236.25,-83.97674418604652
217.5,236.25,-83.99099099099098
218.25,236.25,-84.04225352112677
219.0,236.25,
219.75,236.25,
220.5,236.25,
221.25,236.25,
222.0,236.25,
222.75,236.25,
223.5,236.25,
224.25,236.25,
225.0,236.25,
225.75,236.25,
226.5,236.25,
227.25,236.25,
228.0,236.25,
228.75,236.25,
229.5,236.25,
230.25,236.25,
231.0,236.25,
231.75,236.25,
232.5,236.25,
233.25,236.25,
234.0,236.25,
234.75,236.25,
235.5,236.25,
236.25,236.25,
237.0,236.25,
237.75,236.25,
238.5,236.25,
239.25,236.25,
240.0,236.25,
240.75,236.25,
241.5,236.25,
242.25,236.25,
243.0,236.25,
243.75,236.25,
244.5,236.25,
245.25,236.25,
246.0,236.25,
246.75,236.25,
247.5,236.25,
248.25,236.25,
249.0,236.25,
249.75,236.25,
250.5,236.25,
251.25,236.25,
252.0,236.25,
252.75,236.25,
253.5,236.25,
254.25,236.25,
255.0,236.25,
255.75,236.25,
256.5,236.25,
257.25,236.25,
258.0,236.25,
258.75,236.25,
123.0,237.0,
123.75,237.0,
124.5,237.0,
125.25,237.0,
126.0,237.0,
126.75,237.0,
127.5,237.0,
128.25,237.0,
129.0,237.0,
129.75,237.0,
130.5,237.0,
131.25,237.0,
132.0,237.0,
132.75,237.0,
133.5,237.0,
134.25,237.0,
135.0,237.0,
135.75,237.0,
136.5,237.0,
137.25,237.0,
138.0,237.0,
138.75,237.0,
139.5,237.0,
140.25,237.0,
141.0,237.0,
141.75,237.0,
142.5,237.0,
143.25,237.0,
144.0,237.0,
144.75,237.0,
145.5,237.0,
146.25,237.0,
147.0,237.0,
147.75,237.0,
148.5,237.0,
149.25,237.0,
150.0,237.0,
150.75,237.0,
151.5,237.0,
152.25,237.0,
153.0,237.0,
153.75,237.0,
154.5,237.0,
155.25,237.0,
156.0,237.0,
156.75,237.0,
157.5,237.0,
158.25,237.0,
159.0,237.0,
159.75,237.0,
160.5,237.0,
161.25,237.0,
162.0,237.0,
162.75,237.0,
163.5,237.0,-90.65053763440861
164.25,237.0,-90.66117216117215
165.0,237.0,-90.66666666666669
165.75,237.0,-89.78186341755416
166.5,237.0,-89.80199025182779
167.25,237.0,-89.71210194322923
168.0,237.0,-89.69318181818183
168.75,237.0,-89.9404557406455
169.5,237.0,-89.67086496924948
170.25,237.0,-88.29816265614492
171.0,237.0,-87.23529411764704
171.75,237.0,-86.73575156459451
172.5,237.0,-86.45974165248573
173.25,237.0,-85.91849496741555
174.0,237.0,-85.70200573065902
174.75,237.0,-85.54064812778064
175.5,237.0,-84.5890909090909
176.25,237.0,-84.50922509225093
177.0,237.0,
177.75,237.0,
178.5,237.0,
179.25,237.0,
180.0,237.0,
180.75,237.0,
181.5,237.0,
182.25,237.0,
183.0,237.0,
183.75,237.0,
184.5,237.0,
185.25,237.0,
186.0,237.0,
186.75,237.0,
187.5,237.0,
188.25,237.0,
189.0,237.0,
189.75,237.0,
190.5,237.0,
191.25,237.0,
192.0,237.0,
192.75,237.0,
193.5,237.0,
194.25,237.0,
195.0,237.0,
195.75,237.0,
196.5,237.0,
197.25,237.0,
198.0,237.0,
198.75,237.0,
199.5,237.0,
200.25,237.0,
201.0,237.0,
201.75,237.0,
202.5,237.0,
203.25,237.0,
204.0,237.0,
204.75,237.0,
205.5,237.0,
206.25,237.0,
207.0,237.0,
207.75,237.0,
208.5,237.0,
209.25,237.0,
210.0,237.0,-86.14285714285714
210.75,237.0,-86.25301204819277
211.5,237.0,-86.33333333333334
212.25,237.0,-86.30232558139534
213.0,237.0,-86.0
213.75,237.0,-85.29629629629629
214.5,237.0,-84.42857142857143
215.25,237.0,-83.85714285714286
216.0,237.0,-83.66666666666666
216.75,237.0,-83.68656716417911
217.5,237.0,-83.78260869565219
218.25,237.0,-83.89430894308943
219.0,237.0,
219.75,237.0,
220.5,237.0,
221.25,237.0,
222.0,237.0,
222.75,237.0,
223.5,237.0,
224.25,237.0,
225.0,237.0,
225.75,237.0,
226.5,237.0,
227.25,237.0,
228.0,237.0,
228.75,237.0,
229.5,237.0,
230.25,237.0,
231.0,237.0,
231.75,237.0,
232.5,237.0,
233.25,237.0,
234.0,237.0,
234.75,237.0,
235.5,237.0,
236.25,237.0,
237.0,237.0,
237.75,237.0,
238.5,237.0,
239.25,237.0,
240.0,237.0,
240.75,237.0,
241.5,237.0,
242.25,237.0,
243.0,237.0,
243.75,237.0,
244.5,237.0,
245.25,237.0,
246.0,237.0,
246.75,237.0,
247.5,237.0,
248.25,237.0,
249.0,237.0,
249.75,237.0,
250.5,237.0,
251.25,237.0,
252.0,237.0,
252.75,237.0,
253.5,237.0,
254.25,237.0,
255.0,237.0,
255.75,237.0,
256.5,237.0,
257.25,237.0,
258.0,237.0,
258.75,237.0,
123.0,237.75,
123.75,237.75,
124.5,237.75,
125.25,237.75,
126.0,237.75,
126.75,237.75,
127.5,237.75,
128.25,237.75,
129.0,237.75,
129.75,237.75,
130.5,237.75,
131.25,237.75,
132.0,237.75,
132.75,237.75,
133.5,237.75,
134.25,237.75,
135.0,237.75,
135.75,237.75,
136.5,237.75,
137.25,237.75,
138.0,237.75,
138.75,237.75,
139.5,237.75,
140.25,237.75,
141.0,237.75,
141.75,237.75,
142.5,237.75,
143.25,237.75,
144.0,237.75,
144.75,237.75,
145.5,237.75,
146.25,237.75,
147.0,237.75,
147.75,237.75,
148.5,237.75,
149.25,237.75,
150.0,237.75,
150.75,237.75,
151.5,237.75,
152.25,237.75,
153.0,237.75,
153.75,237.75,
154.5,237.75,
155.25,237.75,
156.0,237.75,
156.75,237.75,
157.5,237.75,
158.25,237.75,
159.0,237.75,
159.75,237.75,
160.5,237.75,
161.25,237.75,
162.0,237.75,
162.75,237.75,
163.5,237.75,-90.60864197530863
164.25,237.75,-90.60457516339869
165.0,237.75,-90.58888888888889
165.75,237.75,-89.4152876893614
166.5,237.75,-89.38589931386215
167.25,237.75,-89.33236072275868
168.0,237.75,-89.15212348014478
168.75,237.75,-89.36227422076482
169.5,237.75,-88.79858103089917
170.25,237.75,-87.03277849573537
171.0,237.75,-85.82251724793784
171.75,237.75,-85.57699637922572
172.5,237.75,-85.33674662248978
173.25,237.75,-85.2631424353325
174.0,237.75,-85.18249494244223
174.75,237.75,-85.14590402659603
175.5,237.75,-84.49170914339146
176.25,237.75,-84.17436112879827
177.0,237.75,
177.75,237.75,
178.5,237.75,
179.25,237.75,
180.0,237.75,
180.75,237.75,
181.5,237.75,
182.25,237.75,
183.0,237.75,
183.75,237.75,
184.5,237.75,
185.25,237.75,
186.0,237.75,
186.75,237.75,
187.5,237.75,
188.25,237.75,
189.0,237.75,
189.75,237.75,
190.5,237.75,
191.25,237.75,
192.0,237.75,
192.75,237.75,
193.5,237.75,
194.25,237.75,
195.0,237.75,
195.75,237.75,
196.5,237.75,
197.25,237.75,
198.0,237.75,
198.75,237.75,
199.5,237.75,
200.25,237.75,
201.0,237.75,
201.75,237.75,
202.5,237.75,
203.25,237.75,
204.0,237.75,
204.75,237.75,
205.5,237.75,
206.25,237.75,
207.0,237.75,
207.75,237.75,
208.5,237.75,
209.25,237.75,-86.13432835820896
210.0,237.75,-86.29292929292929
210.75,237.75,-86.4857142857143
211.5,237.75,-86.70212765957446
212.25,237.75,-86.86666666666667
213.0,237.75,-86.6842105263158
213.75,237.75,-85.57142857142858
214.5,237.75,-83.93333333333334
215.25,237.75,-83.18181818181819
216.0,237.75,-83.17142857142858
216.75,237.75,-83.37037037037037
217.5,237.75,-83.58227848101266
218.25,237.75,-83.76363636363637
219.0,237.75,
219.75,237.75,
220.5,237.75,
221.25,237.75,
222.0,237.75,
222.75,237.75,
223.5,237.75,
224.25,237.75,
225.0,237.75,
225.75,237.75,
226.5,237.75,
227.25,237.75,
228.0,237.75,
228.75,237.75,
229.5,237.75,
230.25,237.75,
231.0,237.75,
231.75,237.75,
232.5,237.75,
233.25,237.75,
234.0,237.75,
234.75,237.75,
235.5,237.75,
236.25,237.75,
237.0,237.75,
237.75,237.75,
238.5,237.75,
239.25,237.75,
240.0,237.75,
240.75,237.75,
241.5,237.75,
242.25,237.75,
243.0,237.75,
243.75,237.75,
244.5,237.75,
245.25,237.75,
246.0,237.75,
246.75,237.75,
247.5,237.75,
248.25,237.75,
249.0,237.75,
249.75,237.75,
250.5,237.75,
251.25,237.75,
252.0,237.75,
252.75,237.75,
253.5,237.75,
254.25,237.75,
255.0,237.75,
255.75,237.75,
256.5,237.75,
257.25,237.75,
258.0,237.75,
258.75,237.75,
123.0,238.5,
123.75,238.5,
124.5,238.5,
125.25,238.5,
126.0,238.5,
126.75,238.5,
127.5,238.5,
128.25,238.5,
129.0,238.5,
129.75,238.5,
130.5,238.5,
131.25,238.5,
132.0,238.5,
132.75,238.5,
133.5,238.5,
134.25,238.5,
135.0,238.5,
135.75,238.5,
136.5,238.5,
137.25,238.5,
138.0,238.5,
138.75,238.5,
139.5,238.5,
140.25,238.5,
141.0,238.5,
141.75,238.5,
142.5,238.5,
143.25,238.5,
144.0,238.5,
144.75,238.5,
145.5,238.5,
146.25,238.5,
147.0,238.5,
147.75,238.5,
148.5,238.5,
149.25,238.5,
150.0,238.5,
150.75,238.5,
151.5,238.5,
152.25,238.5,
153.0,238.5,
153.75,238.5,
154.5,238.5,
155.25,238.5,
156.0,238.5,
156.75,238.5,
157.5,238.5,
158.25,238.5,
159.0,238.5,
159.75,238.5,
160.5,238.5,
161.25,238.5,
162.0,238.5,
162.75,238.5,
163.5,238.5,-90.57017543859651
164.25,238.5,-90.55602240896359
165.0,238.5,-90.52898550724638
165.75,238.5,-89.23105907397552
166.5,238.5,-89.01073385144605
167.25,238.5,-88.90279557028195
168.0,238.5,-88.38112482248695
168.75,238.5,-88.07779082020214
169.5,238.5,-86.98426563478064
170.25,238.5,-85.23015508329769
171.0,238.5,-84.32194872297173
171.75,238.5,-84.59531902045931
172.5,238.5,-84.64751721004995
173.25,238.5,-84.61260107451916
174.0,238.5,-84.60149112383074
174.75,238.5,-84.67356467794536
175.5,238.5,-84.19539503904456
176.25,238.5,-83.57736476244787
177.0,238.5,
177.75,238.5,
178.5,238.5,
179.25,238.5,
180.0,238.5,
180.75,238.5,
181.5,238.5,
182.25,238.5,
183.0,238.5,
183.75,238.5,
184.5,238.5,
185.25,238.5,
186.0,238.5,
186.75,238.5,
187.5,238.5,
188.25,238.5,
189.0,238.5,
189.75,238.5,
190.5,238.5,
191.25,238.5,
192.0,238.5,
192.75,238.5,
193.5,238.5,
194.25,238.5,
195.0,238.5,
195.75,238.5,
196.5,238.5,
197.25,238.5,
198.0,238.5,
198.75,238.5,
199.5,238.5,
200.25,238.5,
201.0,238.5,
201.75,238.5,
202.5,238.5,
203.25,238.5,
204.0,238.5,
204.75,238.5,
205.5,238.5,
206.25,238.5,
207.0,238.5,
207.75,238.5,
208.5,238.5,
209.25,238.5,-86.1968503937008
210.0,238.5,-86.3913043478261
210.75,238.5,-86.65079365079363
211.5,238.5,-87.0
212.25,238.5,-87.43478260869566
213.0,238.5,-87.66666666666667
213.75,238.5,-86.14285714285714
214.5,238.5,-83.0
215.25,238.5,-82.33333333333331
216.0,238.5,-82.71428571428571
216.75,238.5,-83.12765957446808
217.5,238.5,-83.44444444444446
218.25,238.5,-83.67961165048544
219.0,238.5,
219.75,238.5,
220.5,238.5,
221.25,238.5,
222.0,238.5,
222.75,238.5,
223.5,238.5,
224.25,238.5,
225.0,238.5,
225.75,238.5,
226.5,238.5,
227.25,238.5,
228.0,238.5,
228.75,238.5,
229.5,238.5,
230.25,238.5,
231.0,238.5,
231.75,238.5,
232.5,238.5,
233.25,238.5,
234.0,238.5,
234.75,238.5,
235.5,238.5,
236.25,238.5,
237.0,238.5,
237.75,238.5,
238.5,238.5,
239.25,238.5,
240.0,238.5,
240.75,238.5,
241.5,238.5,
242.25,238.5,
243.0,238.5,
243.75,238.5,
244.5,238.5,
245.25,238.5,
246.0,238.5,
246.75,238.5,
247.5,238.5,
248.25,238.5,
249.0,238.5,
249.75,238.5,
250.5,238.5,
251.25,238.5,
252.0,238.5,
252.75,238.5,
253.5,238.5,
254.25,238.5,
255.0,238.5,
255.75,238.5,
256.5,238.5,
257.25,238.5,
258.0,238.5,
258.75,238.5,
123.0,239.25,
123.75,239.25,
124.5,239.25,
125.25,239.25,
126.0,239.25,
126.75,239.25,
127.5,239.25,
128.25,239.25,
129.0,239.25,
129.75,239.25,
130.5,239.25,
131.25,239.25,
132.0,239.25,
132.75,239.25,
133.5,239.25,
134.25,239.25,
135.0,239.25,
135.75,239.25,
136.5,239.25,
137.25,239.25,
138.0,239.25,
138.75,239.25,
139.5,239.25,
140.25,239.25,
141.0,239.25,
141.75,239.25,
142.5,239.25,
143.25,239.25,
144.0,239.25,
144.75,239.25,
145.5,239.25,
146.25,239.25,
147.0,239.25,
147.75,239.25,
148.5,239.25,
149.25,239.25,
150.0,239.25,-97.19256017505471
150.75,239.25,-97.26794258373207
151.5,239.25,-96.55138900468418
152.25,239.25,-96.60846128834135
153.0,239.25,-96.80636604774536
153.75,239.25,-96.78756476683938
154.5,239.25,-96.73607748184018
155.25,239.25,
156.0,239.25,
156.75,239.25,
157.5,239.25,
158.25,239.25,
159.0,239.25,
159.75,239.25,
160.5,239.25,
161.25,239.25,
162.0,239.25,
162.75,239.25,
163.5,239.25,-90.53809523809524
164.25,239.25,-90.51877934272301
165.0,239.25,-90.48840579710145
165.75,239.25,-88.90020379025466
166.5,239.25,-88.74749255129586
167.25,239.25,-88.45859056986018
168.0,239.25,-87.58057044395065
168.75,239.25,-86.93702295263385
169.5,239.25,-85.91523064992896
170.25,239.25,-84.6410415924059
171.0,239.25,-84.05591547108426
171.75,239.25,-84.19153407234332
172.5,239.25,-84.08720320615308
173.25,239.25,-83.90188256001511
174.0,239.25,-83.97538572193294
174.75,239.25,-83.73661063256363
175.5,239.25,-83.43499197431782
176.25,239.25,-83.56345189059361
177.0,239.25,-83.55216284987277
177.75,239.25,
178.5,239.25,
179.25,239.25,
180.0,239.25,
180.75,239.25,
181.5,239.25,
182.25,239.25,
183.0,239.25,
183.75,239.25,
184.5,239.25,
185.25,239.25,
186.0,239.25,
186.75,239.25,
187.5,239.25,
188.25,239.25,
189.0,239.25,
189.75,239.25,
190.5,239.25,
191.25,239.25,
192.0,239.25,
192.75,239.25,
193.5,239.25,
194.25,239.25,
195.0,239.25,
195.75,239.25,
196.5,239.25,
197.25,239.25,
198.0,239.25,
198.75,239.25,
199.5,239.25,
200.25,239.25,
201.0,239.25,
201.75,239.25,
202.5,239.25,
203.25,239.25,
204.0,239.25,
204.75,239.25,
205.5,239.25,
206.25,239.25,
207.0,239.25,
207.75,239.25,-82.13673469387756
208.5,239.25,-83.25280898876404
209.25,239.25,-86.20634920634922
210.0,239.25,-86.4065934065934
210.75,239.25,-86.6774193548387
211.5,239.25,-86.21258216904782
212.25,239.25,-87.26601694445982
213.0,239.25,-87.87766945881815
213.75,239.25,-86.13022213164864
214.5,239.25,-82.62366715450553
215.25,239.25,-82.14285714285714
216.0,239.25,-82.62962962962963
216.75,239.25,-83.08695652173914
217.5,239.25,-83.4225352112676
218.25,239.25,-83.66666666666667
219.0,239.25,
219.75,239.25,
220.5,239.25,
221.25,239.25,
222.0,239.25,
222.75,239.25,
223.5,239.25,
224.25,239.25,
225.0,239.25,
225.75,239.25,
226.5,239.25,
227.25,239.25,
228.0,239.25,
228.75,239.25,
229.5,239.25,
230.25,239.25,
231.0,239.25,
231.75,239.25,
232.5,239.25,
233.25,239.25,
234.0,239.25,
234.75,239.25,
235.5,239.25,
236.25,239.25,
237.0,239.25,
237.75,239.25,
238.5,239.25,
239.25,239.25,
240.0,239.25,
240.75,239.25,
241.5,239.25,
242.25,239.25,
243.0,239.25,
243.75,239.25,
244.5,239.25,
245.25,239.25,
246.0,239.25,
246.75,239.25,
247.5,239.25,
248.25,239.25,
249.0,239.25,
249.75,239.25,
250.5,239.25,
251.25,239.25,
252.0,239.25,
252.75,239.25,
253.5,239.25,
254.25,239.25,
255.0,239.25,
255.75,239.25,
256.5,239.25,
257.25,239.25,
258.0,239.25,
258.75,239.25,
123.0,240.0,
123.75,240.0,
124.5,240.0,
125.25,240.0,
126.0,240.0,
126.75,240.0,
127.5,240.0,
128.25,240.0,
129.0,240.0,
129.75,240.0,
130.5,240.0,
131.25,240.0,
132.0,240.0,
132.75,240.0,
133.5,240.0,
134.25,240.0,
135.0,240.0,
135.75,240.0,
136.5,240.0,
137.25,240.0,
138.0,240.0,
138.75,240.0,
139.5,240.0,
140.25,240.0,
141.0,240.0,
141.75,240.0,
142.5,240.0,
143.25,240.0,
144.0,240.0,
144.75,240.0,
145.5,240.0,
146.25,240.0,
147.0,240.0,
147.75,240.0,
148.5,240.0,-97.03305785123966
149.25,240.0,-97.09779951100245
150.0,240.0,-96.42362525458249
150.75,240.0,-96.52465048769454
151.5,240.0,-96.63189794222592
152.25,240.0,-96.72189949805423
153.0,240.0,-96.76630883567297
153.75,240.0,-96.75061272613179
154.5,240.0,-96.83116883116884
155.25,240.0,-96.72521246458923
156.0,240.0,-96.61538461538463
156.75,240.0,
157.5,240.0,
158.25,240.0,
159.0,240.0,
159.75,240.0,
160.5,240.0,
161.25,240.0,
162.0,240.0,
162.75,240.0,
163.5,240.0,
164.25,240.0,-90.49220272904483
165.0,240.0,-90.46296296296296
165.75,240.0,-88.60701352992083
166.5,240.0,-88.40544879835433
167.25,240.0,-87.28527406602188
168.0,240.0,-86.88544474393532
168.75,240.0,-86.33751672983342
169.5,240.0,-85.58577791584709
170.25,240.0,-84.82581766352875
171.0,240.0,-84.26931567328917
171.75,240.0,-83.9408735705173
172.5,240.0,-83.2654094983137
173.25,240.0,-82.98429075078823
174.0,240.0,-83.33333333333333
174.75,240.0,-83.17433721879475
175.5,240.0,-83.42244399617793
176.25,240.0,-83.59020774735455
177.0,240.0,-83.61904761904762
177.75,240.0,-83.70975056689343
178.5,240.0,
179.25,240.0,
180.0,240.0,
180.75,240.0,
181.5,240.0,
182.25,240.0,
183.0,240.0,
183.75,240.0,
184.5,240.0,
185.25,240.0,
186.0,240.0,
186.75,240.0,
187.5,240.0,
188.25,240.0,
189.0,240.0,
189.75,240.0,
190.5,240.0,
191.25,240.0,
192.0,240.0,
192.75,240.0,
193.5,240.0,
194.25,240.0,
195.0,240.0,
195.75,240.0,
196.5,240.0,
197.25,240.0,
198.0,240.0,
198.75,240.0,
199.5,240.0,
200.25,240.0,
201.0,240.0,
201.75,240.0,
202.5,240.0,
203.25,240.0,
204.0,240.0,
204.75,240.0,
205.5,240.0,
206.25,240.0,
207.0,240.0,
207.75,240.0,-81.13972286374134
208.5,240.0,-82.3041237113402
209.25,240.0,-83.28276578244285
210.0,240.0,-82.3577981651376
210.75,240.0,-84.4884613831987
211.5,240.0,-85.43562095648865
212.25,240.0,-86.28401475252214
213.0,240.0,-86.48387096774194
213.75,240.0,-85.18851493629323
214.5,240.0,-83.26048347311297
215.25,240.0,-82.54747446134235
216.0,240.0,-82.43925233644859
216.75,240.0,-83.27450980392157
217.5,240.0,-83.52631578947367
218.25,240.0,-83.72897196261682
219.0,240.0,
219.75,240.0,
220.5,240.0,
221.25,240.0,
222.0,240.0,
222.75,240.0,
223.5,240.0,
224.25,240.0,
225.0,240.0,
225.75,240.0,
226.5,240.0,
227.25,240.0,
228.0,240.0,
228.75,240.0,
229.5,240.0,
230.25,240.0,
231.0,240.0,
231.75,240.0,
232.5,240.0,
233.25,240.0,
234.0,240.0,
234.75,240.0,
235.5,240.0,
236.25,240.0,
237.0,240.0,
237.75,240.0,
238.5,240.0,
239.25,240.0,
240.0,240.0,
240.75,240.0,
241.5,240.0,
242.25,240.0,
243.0,240.0,
243.75,240.0,
244.5,240.0,
245.25,240.0,
246.0,240.0,
246.75,240.0,
247.5,240.0,
248.25,240.0,
249.0,240.0,
249.75,240.0,
250.5,240.0,
251.25,240.0,
252.0,240.0,
252.75,240.0,
253.5,240.0,
254.25,240.0,
255.0,240.0,
255.75,240.0,
256.5,240.0,
257.25,240.0,
258.0,240.0,
258.75,240.0,
123.0,240.75,
123.75,240.75,
124.5,240.75,
125.25,240.75,
126.0,240.75,
126.75,240.75,
127.5,240.75,
128.25,240.75,
129.0,240.75,
129.75,240.75,
130.5,240.75,
131.25,240.75,
132.0,240.75,
132.75,240.75,
133.5,240.75,
134.25,240.75,
135.0,240.75,
135.75,240.75,
136.5,240.75,
137.25,240.75,
138.0,240.75,
138.75,240.75,
139.5,240.75,
140.25,240.75,
141.0,240.75,
141.75,240.75,
142.5,240.75,
143.25,240.75,
144.0,240.75,
144.75,240.75,
145.5,240.75,
146.25,240.75,
147.0,240.75,
147.75,240.75,-96.93469387755103
148.5,240.75,-96.97984886649876
149.25,240.75,-96.32365045897747
150.0,240.75,-96.42560756754942
150.75,240.75,-96.56315936887313
151.5,240.75,-96.7275549002871
152.25,240.75,-96.8787234615074
153.0,240.75,-96.95344080925081
153.75,240.75,-96.91748251748253
154.5,240.75,-96.79938192119495
155.25,240.75,-96.78195488721806
156.0,240.75,-96.6322188449848
156.75,240.75,-96.50731707317073
157.5,240.75,
158.25,240.75,
159.0,240.75,
159.75,240.75,
160.5,240.75,
161.25,240.75,
162.0,240.75,
162.75,240.75,
163.5,240.75,
164.25,240.75,
165.0,240.75,
165.75,240.75,-88.36467114628672
166.5,240.75,-88.13865535144824
167.25,240.75,-86.82960199004975
168.0,240.75,-86.34527533065086
168.75,240.75,-85.37165738258297
169.5,240.75,-85.14144790619793
170.25,240.75,-84.68811938763426
171.0,240.75,-84.23619024391749
171.75,240.75,-83.52380637137095
172.5,240.75,-82.44014602742195
173.25,240.75,-82.15278702651887
174.0,240.75,-82.69434696207347
174.75,240.75,-83.21461841633823
175.5,240.75,-83.51663197453571
176.25,240.75,-83.68425291985501
177.0,240.75,-83.73063973063972
177.75,240.75,-83.80099502487562
178.5,240.75,-83.84761904761906
179.25,240.75,
180.0,240.75,
180.75,240.75,
181.5,240.75,
182.25,240.75,
183.0,240.75,
183.75,240.75,
184.5,240.75,
185.25,240.75,
186.0,240.75,
186.75,240.75,
187.5,240.75,
188.25,240.75,
189.0,240.75,
189.75,240.75,
190.5,240.75,
191.25,240.75,
192.0,240.75,
192.75,240.75,
193.5,240.75,
194.25,240.75,
195.0,240.75,
195.75,240.75,
196.5,240.75,
197.25,240.75,
198.0,240.75,
198.75,240.75,
199.5,240.75,
200.25,240.75,
201.0,240.75,
201.75,240.75,
202.5,240.75,
203.25,240.75,
204.0,240.75,
204.75,240.75,
205.5,240.75,
206.25,240.75,
207.0,240.75,
207.75,240.75,-79.91624365482232
208.5,240.75,-81.05300859598854
209.25,240.75,-79.7799239585935
210.0,240.75,-81.12846443607356
210.75,240.75,-82.18337265110225
211.5,240.75,-83.94163576029669
212.25,240.75,-84.51272428152794
213.0,240.75,-84.5792187947665
213.75,240.75,-83.9505821949207
214.5,240.75,-83.0899604903252
215.25,240.75,-82.5403556771546
216.0,240.75,-82.24847294763357
216.75,240.75,-82.03145923140418
217.5,240.75,-83.71264367816092
218.25,240.75,-83.84745762711864
219.0,240.75,
219.75,240.75,
220.5,240.75,
221.25,240.75,
222.0,240.75,
222.75,240.75,
223.5,240.75,
224.25,240.75,
225.0,240.75,
225.75,240.75,
226.5,240.75,
227.25,240.75,
228.0,240.75,
228.75,240.75,
229.5,240.75,
230.25,240.75,
231.0,240.75,
231.75,240.75,
232.5,240.75,
233.25,240.75,
234.0,240.75,
234.75,240.75,
235.5,240.75,
236.25,240.75,
237.0,240.75,
237.75,240.75,
238.5,240.75,
239.25,240.75,
240.0,240.75,
240.75,240.75,
241.5,240.75,
242.25,240.75,
243.0,240.75,
243.75,240.75,
244.5,240.75,
245.25,240.75,
246.0,240.75,
246.75,240.75,
247.5,240.75,
248.25,240.75,
249.0,240.75,
249.75,240.75,
250.5,240.75,
251.25,240.75,
252.0,240.75,
252.75,240.75,
253.5,240.75,
254.25,240.75,
255.0,240.75,
255.75,240.75,
256.5,240.75,
257.25,240.75,
258.0,240.75,
258.75,240.75,
123.0,241.5,
123.75,241.5,
124.5,241.5,
125.25,241.5,
126.0,241.5,
126.75,241.5,
127.5,241.5,
128.25,241.5,
129.0,241.5,
129.75,241.5,
130.5,241.5,
131.25,241.5,
132.0,241.5,
132.75,241.5,
133.5,241.5,
134.25,241.5,
135.0,241.5,
135.75,241.5,
136.5,241.5,
137.25,241.5,
138.0,241.5,
138.75,241.5,
139.5,241.5,
140.25,241.5,
141.0,241.5,
141.75,241.5,
142.5,241.5,
143.25,241.5,
144.0,241.5,
144.75,241.5,
145.5,241.5,
146.25,241.5,
147.0,241.5,
147.75,241.5,-96.86698337292161
148.5,241.5,-96.21157969978556
149.25,241.5,-96.28306212563771
150.0,241.5,-96.39570695286982
150.75,241.5,-96.57295027584138
151.5,241.5,-96.82576383154418
152.25,241.5,-97.09685924777044
153.0,241.5,-97.2348610781287
153.75,241.5,-97.14653857021757
154.5,241.5,-96.92322185586434
155.25,241.5,-96.26376168900957
156.0,241.5,-95.92652552926525
156.75,241.5,-95.60412435237865
157.5,241.5,-95.34250129735341
158.25,241.5,-95.58113590263692
159.0,241.5,
159.75,241.5,
160.5,241.5,
161.25,241.5,
162.0,241.5,
162.75,241.5,
163.5,241.5,
164.25,241.5,
165.0,241.5,-89.53100775193798
165.75,241.5,-88.34111296645038
166.5,241.5,-88.13561062431545
167.25,241.5,-86.84459772277403
168.0,241.5,-86.04219250831751
168.75,241.5,-85.69865729685439
169.5,241.5,-85.4581933508725
170.25,241.5,-85.05344708729014
171.0,241.5,-84.58395758860354
171.75,241.5,-84.0047107781523
172.5,241.5,-82.98488583437467
173.25,241.5,-82.62878742045109
174.0,241.5,-83.31582295433239
174.75,241.5,-83.87082072312124
175.5,241.5,-83.78706307754118
176.25,241.5,-83.87584667916965
177.0,241.5,-83.90971412582194
177.75,241.5,-83.93938963176973
178.5,241.5,-83.9572192513369
179.25,241.5,
180.0,241.5,
180.75,241.5,
181.5,241.5,
182.25,241.5,
183.0,241.5,
183.75,241.5,
184.5,241.5,
185.25,241.5,
186.0,241.5,
186.75,241.5,
187.5,241.5,
188.25,241.5,
189.0,241.5,
189.75,241.5,
190.5,241.5,
191.25,241.5,
192.0,241.5,
192.75,241.5,
193.5,241.5,
194.25,241.5,
195.0,241.5,
195.75,241.5,
196.5,241.5,
197.25,241.5,
198.0,241.5,
198.75,241.5,
199.5,241.5,
200.25,241.5,
201.0,241.5,
201.75,241.5,
202.5,241.5,
203.25,241.5,-78.08909853249476
204.0,241.5,-77.83333333333333
204.75,241.5,-77.05834476654127
205.5,241.5,-76.84794592466203
206.25,241.5,-76.66458309137565
207.0,241.5,-76.53528525959136
207.75,241.5,-77.86055176390221
208.5,241.5,-77.27576154212281
209.25,241.5,-77.89725566390115
210.0,241.5,-79.63361236316807
210.75,241.5,-80.353159407843
211.5,241.5,-81.01220512565561
212.25,241.5,-82.07467925309848
213.0,241.5,-82.18290678563042
213.75,241.5,-82.06291095056416
214.5,241.5,-81.84509624197983
215.25,241.5,-81.65528295036049
216.0,241.5,-81.50429981951375
216.75,241.5,-81.36970066013654
217.5,241.5,-81.24550430023456
218.25,241.5,-83.99259259259259
219.0,241.5,
219.75,241.5,
220.5,241.5,
221.25,241.5,
222.0,241.5,
222.75,241.5,
223.5,241.5,
224.25,241.5,
225.0,241.5,
225.75,241.5,
226.5,241.5,
227.25,241.5,
228.0,241.5,
228.75,241.5,
229.5,241.5,
230.25,241.5,
231.0,241.5,
231.75,241.5,
232.5,241.5,
233.25,241.5,
234.0,241.5,
234.75,241.5,
235.5,241.5,
236.25,241.5,
237.0,241.5,
237.75,241.5,
238.5,241.5,
239.25,241.5,
240.0,241.5,
240.75,241.5,
241.5,241.5,
242.25,241.5,
243.0,241.5,
243.75,241.5,
244.5,241.5,
245.25,241.5,
246.0,241.5,
246.75,241.5,
247.5,241.5,
248.25,241.5,
249.0,241.5,
249.75,241.5,
250.5,241.5,
251.25,241.5,
252.0,241.5,
252.75,241.5,
253.5,241.5,
254.25,241.5,
255.0,241.5,
255.75,241.5,
256.5,241.5,
257.25,241.5,
258.0,241.5,
258.75,241.5,
123.0,242.25,
123.75,242.25,
124.5,242.25,
125.25,242.25,
126.0,242.25,
126.75,242.25,
127.5,242.25,
128.25,242.25,
129.0,242.25,
129.75,242.25,
130.5,242.25,
131.25,242.25,
132.0,242.25,
132.75,242.25,
133.5,242.25,
134.25,242.25,
135.0,242.25,
135.75,242.25,
136.5,242.25,
137.25,242.25,
138.0,242.25,
138.75,242.25,
139.5,242.25,
140.25,242.25,
141.0,242.25,
141.75,242.25,
142.5,242.25,
143.25,242.25,
144.0,242.25,
144.75,242.25,
145.5,242.25,
146.25,242.25,
147.0,242.25,
147.75,242.25,-96.11889161389509
148.5,242.25,-96.15464056003472
149.25,242.25,-96.21206923436769
150.0,242.25,-96.31374794246044
150.75,242.25,-96.50791762694224
151.5,242.25,-96.86647067925112
152.25,242.25,-97.36562552196426
153.0,242.25,-97.64843470305102
153.75,242.25,-97.3002766853176
154.5,242.25,-96.74296583608452
155.25,242.25,-96.23898001025117
156.0,242.25,-95.83651888898477
156.75,242.25,-95.44382725385323
157.5,242.25,-95.16049796947853
158.25,242.25,-94.95539615745604
159.0,242.25,
159.75,242.25,
160.5,242.25,
161.25,242.25,
162.0,242.25,
162.75,242.25,
163.5,242.25,-89.583857442348
164.25,242.25,-89.56572769953053
165.0,242.25,-89.54071246819338
165.75,242.25,-88.71946642134316
166.5,242.25,-88.00946343273499
167.25,242.25,-87.55693035622122
168.0,242.25,-86.14432441669807
168.75,242.25,-85.89671535976466
169.5,242.25,-85.71716785611848
170.25,242.25,-85.39881568446526
171.0,242.25,-85.05871049210221
171.75,242.25,-84.87392793431165
172.5,242.25,-84.96840027920749
173.25,242.25,-85.02785712396968
174.0,242.25,-84.77297719182378
174.75,242.25,-84.51720351261503
175.5,242.25,-84.55228839653135
176.25,242.25,-84.674428038605
177.0,242.25,-84.0425376789127
177.75,242.25,-84.02802101576181
178.5,242.25,-84.01958284712771
179.25,242.25,
180.0,242.25,
180.75,242.25,
181.5,242.25,
182.25,242.25,
183.0,242.25,
183.75,242.25,
184.5,242.25,
185.25,242.25,
186.0,242.25,
186.75,242.25,
187.5,242.25,
188.25,242.25,
189.0,242.25,
189.75,242.25,
190.5,242.25,
191.25,242.25,
192.0,242.25,
192.75,242.25,
193.5,242.25,
194.25,242.25,
195.0,242.25,
195.75,242.25,
196.5,242.25,
197.25,242.25,
198.0,242.25,
198.75,242.25,
199.5,242.25,
200.25,242.25,
201.0,242.25,
201.75,242.25,-78.6025641025641
202.5,242.25,-78.43818984547461
203.25,242.25,-78.20370370370371
204.0,242.25,-77.32655647642738
204.75,242.25,-77.0518777216729
205.5,242.25,-76.75760662889026
206.25,242.25,-76.50058067192036
207.0,242.25,-76.3337551452334
207.75,242.25,-75.61454833177491
208.5,242.25,-77.08614721591947
209.25,242.25,-76.78507438730355
210.0,242.25,-77.74394643028802
210.75,242.25,-78.38573945454073
211.5,242.25,-78.51814883636531
212.25,242.25,-78.58197717395532
213.0,242.25,-79.0007725604699
213.75,242.25,-79.24301500747963
214.5,242.25,-79.60419149676724
215.25,242.25,-79.94675671430814
216.0,242.25,-80.19457537853852
216.75,242.25,-80.34619881469138
217.5,242.25,-80.43004873788178
218.25,242.25,-77.86888888888888
219.0,242.25,
219.75,242.25,
220.5,242.25,
221.25,242.25,
222.0,242.25,
222.75,242.25,
223.5,242.25,
224.25,242.25,
225.0,242.25,
225.75,242.25,
226.5,242.25,
227.25,242.25,
228.0,242.25,
228.75,242.25,
229.5,242.25,
230.25,242.25,
231.0,242.25,
231.75,242.25,
232.5,242.25,
233.25,242.25,
234.0,242.25,
234.75,242.25,
235.5,242.25,
236.25,242.25,
237.0,242.25,
237.75,242.25,
238.5,242.25,
239.25,242.25,
240.0,242.25,
240.75,242.25,
241.5,242.25,
242.25,242.25,
243.0,242.25,
243.75,242.25,
244.5,242.25,
245.25,242.25,
246.0,242.25,
246.75,242.25,
247.5,242.25,
248.25,242.25,
249.0,242.25,
249.75,242.25,
250.5,242.25,
251.25,242.25,
252.0,242.25,
252.75,242.25,
253.5,242.25,
254.25,242.25,
255.0,242.25,
255.75,242.25,
256.5,242.25,
257.25,242.25,
258.0,242.25,
258.75,242.25,
123.0,243.0,
123.75,243.0,
124.5,243.0,
125.25,243.0,
126.0,243.0,
126.75,243.0,
127.5,243.0,
128.25,243.0,
129.0,243.0,
129.75,243.0,
130.5,243.0,
131.25,243.0,
132.0,243.0,
132.75,243.0,
133.5,243.0,
134.25,243.0,
135.0,243.0,
135.75,243.0,
136.5,243.0,
137.25,243.0,
138.0,243.0,
138.75,243.0,
139.5,243.0,
140.25,243.0,
141.0,243.0,
141.75,243.0,
142.5,243.0,
143.25,243.0,
144.0,243.0,
144.75,243.0,
145.5,243.0,
146.25,243.0,
147.0,243.0,
147.75,243.0,-96.06730411195086
148.5,243.0,-96.08657208841967
149.25,243.0,-96.11749128806647
150.0,243.0,-96.17621145374449
150.75,243.0,-96.31473425383015
151.5,243.0,-96.67745952677458
152.25,243.0,-97.43205531112508
153.0,243.0,-97.9999999999986
153.75,243.0,-97.41637509820357
154.5,243.0,-96.61055156911905
155.25,243.0,-96.04189469908454
156.0,243.0,-95.61578752772984
156.75,243.0,-95.17727002937252
157.5,243.0,-94.89375611262676
158.25,243.0,-94.70602479678874
159.0,243.0,
159.75,243.0,
160.5,243.0,
161.25,243.0,-91.40643274853801
162.0,243.0,
162.75,243.0,-89.61791383219955
163.5,243.0,-89.60752688172045
164.25,243.0,-89.58722741433021
165.0,243.0,-88.8913043478261
165.75,243.0,-88.78227003572418
166.5,243.0,-88.64306689375698
167.25,243.0,-87.87695837037593
168.0,243.0,-87.67796610169492
168.75,243.0,-86.40564676793741
169.5,243.0,-86.15708931010101
170.25,243.0,-85.91064913539161
171.0,243.0,-85.71875
171.75,243.0,-85.6383156920116
172.5,243.0,-85.86449795583027
173.25,243.0,-85.95463311804076
174.0,243.0,-85.56228668941979
174.75,243.0,-85.33690867183162
175.5,243.0,-84.97844337751239
176.25,243.0,-84.9191824930727
177.0,243.0,-84.87878787878788
177.75,243.0,-84.09377548622534
178.5,243.0,-84.06596820197113
179.25,243.0,
180.0,243.0,
180.75,243.0,
181.5,243.0,
182.25,243.0,
183.0,243.0,
183.75,243.0,
184.5,243.0,
185.25,243.0,
186.0,243.0,
186.75,243.0,
187.5,243.0,
188.25,243.0,
189.0,243.0,
189.75,243.0,
190.5,243.0,
191.25,243.0,
192.0,243.0,
192.75,243.0,
193.5,243.0,
194.25,243.0,
195.0,243.0,
195.75,243.0,
196.5,243.0,
197.25,243.0,
198.0,243.0,
198.75,243.0,
199.5,243.0,
200.25,243.0,
201.0,243.0,
201.75,243.0,-78.8010752688172
202.5,243.0,-78.65053763440861
203.25,243.0,-77.72063933194066
204.0,243.0,-77.45674562306898
204.75,243.0,-77.08804902193481
205.5,243.0,-76.65802318486881
206.25,243.0,-76.27420991401556
207.0,243.0,-76.05172413793103
207.75,243.0,-75.56700645306945
208.5,243.0,-75.37826053842795
209.25,243.0,-76.59612136970507
210.0,243.0,-75.99342105263156
210.75,243.0,-76.442918159883
211.5,243.0,-76.09843367905651
212.25,243.0,-75.58040087740913
213.0,243.0,-75.44827586206897
213.75,243.0,-75.91166257008652
214.5,243.0,-76.82062233068945
215.25,243.0,-77.7791292064907
216.0,243.0,-78.55097837281151
216.75,243.0,-79.09814395266666
217.5,243.0,-76.73655913978493
218.25,243.0,-76.9731182795699
219.0,243.0,
219.75,243.0,
220.5,243.0,
221.25,243.0,
222.0,243.0,
222.75,243.0,
223.5,243.0,
224.25,243.0,
225.0,243.0,
225.75,243.0,
226.5,243.0,
227.25,243.0,
228.0,243.0,
228.75,243.0,
229.5,243.0,
230.25,243.0,
231.0,243.0,
231.75,243.0,
232.5,243.0,
233.25,243.0,
234.0,243.0,
234.75,243.0,
235.5,243.0,
236.25,243.0,
237.0,243.0,
237.75,243.0,
238.5,243.0,
239.25,243.0,
240.0,243.0,
240.75,243.0,
241.5,243.0,
242.25,243.0,
243.0,243.0,
243.75,243.0,
244.5,243.0,
245.25,243.0,
246.0,243.0,
246.75,243.0,
247.5,243.0,
248.25,243.0,
249.0,243.0,
249.75,243.0,
250.5,243.0,
251.25,243.0,
252.0,243.0,
252.75,243.0,
253.5,243.0,
254.25,243.0,
255.0,243.0,
255.75,243.0,
256.5,243.0,
257.25,243.0,
258.0,243.0,
258.75,243.0,
123.0,243.75,
123.75,243.75,
124.5,243.75,
125.25,243.75,
126.0,243.75,
126.75,243.75,
127.5,243.75,
128.25,243.75,
129.0,243.75,
129.75,243.75,
130.5,243.75,
131.25,243.75,
132.0,243.75,
132.75,243.75,
133.5,243.75,
134.25,243.75,
135.0,243.75,
135.75,243.75,
136.5,243.75,
137.25,243.75,
138.0,243.75,
138.75,243.75,
139.5,243.75,
140.25,243.75,
141.0,243.75,
141.75,243.75,
142.5,243.75,
143.25,243.75,
144.0,243.75,
144.75,243.75,
145.5,243.75,
146.25,243.75,
147.0,243.75,
147.75,243.75,-96.01602461513048
148.5,243.75,-96.01985436820918
149.25,243.75,-96.02510708681453
150.0,243.75,-96.0335902096828
150.75,243.75,-96.05684613282318
151.5,243.75,-96.15947757346623
152.25,243.75,-96.43636321669284
153.0,243.75,-96.82066419347935
153.75,243.75,-96.45805057743692
154.5,243.75,-96.01078028478899
155.25,243.75,-95.63247550058749
156.0,243.75,-95.2589033784846
156.75,243.75,-94.9286294570484
157.5,243.75,-94.53496752817001
158.25,243.75,-94.172966328916
159.0,243.75,-92.99999999999999
159.75,243.75,-93.0
160.5,243.75,-92.13258448967969
161.25,243.75,-91.90975089581285
162.0,243.75,-91.13278018038916
162.75,243.75,-91.14417719670762
163.5,243.75,-90.96788492958616
164.25,243.75,-90.51714003555774
165.0,243.75,-90.38335831779857
165.75,243.75,-90.22701565410418
166.5,243.75,-90.08889572035167
167.25,243.75,-88.98638231472633
168.0,243.75,-87.90984526760103
168.75,243.75,-87.53926652661035
169.5,243.75,-87.25633921713259
170.25,243.75,-87.0532977491294
171.0,243.75,-86.39826536149977
171.75,243.75,-86.18174951047668
172.5,243.75,-86.03594145547075
173.25,243.75,-85.94514259446717
174.0,243.75,-86.16845951410505
174.75,243.75,-85.70224340491312
175.5,243.75,-85.5457402464599
176.25,243.75,-84.96682805370983
177.0,243.75,-84.8399194519498
177.75,243.75,-84.76023000242473
178.5,243.75,-84.58739255014326
179.25,243.75,
180.0,243.75,
180.75,243.75,
181.5,243.75,
182.25,243.75,
183.0,243.75,
183.75,243.75,
184.5,243.75,
185.25,243.75,
186.0,243.75,
186.75,243.75,
187.5,243.75,
188.25,243.75,
189.0,243.75,
189.75,243.75,
190.5,243.75,
191.25,243.75,
192.0,243.75,
192.75,243.75,
193.5,243.75,
194.25,243.75,
195.0,243.75,
195.75,243.75,
196.5,243.75,
197.25,243.75,
198.0,243.75,
198.75,243.75,
199.5,243.75,
200.25,243.75,-84.91208791208791
201.0,243.75,-84.74193548387096
201.75,243.75,-81.70402802101576
202.5,243.75,-80.51776198137127
203.25,243.75,-80.0618712949617
204.0,243.75,-79.46140831688086
204.75,243.75,-78.54438301992353
205.5,243.75,-77.64643580429454
206.25,243.75,-76.55154150959842
207.0,243.75,-76.17386725678807
207.75,243.75,-75.84079525989374
208.5,243.75,-75.96344747192423
209.25,243.75,-75.03321050978091
210.0,243.75,-75.06935430683717
210.75,243.75,-74.5177473999358
211.5,243.75,-73.38013710852924
212.25,243.75,-73.01706027517653
213.0,243.75,-72.26184567379634
213.75,243.75,-72.60669623814891
214.5,243.75,-73.6853078808668
215.25,243.75,-74.46115072359196
216.0,243.75,-74.73085014352016
216.75,243.75,-72.47922047428973
217.5,243.75,-72.58684290910185
218.25,243.75,-76.14658634538154
219.0,243.75,
219.75,243.75,
220.5,243.75,
221.25,243.75,
222.0,243.75,
222.75,243.75,
223.5,243.75,
224.25,243.75,
225.0,243.75,
225.75,243.75,
226.5,243.75,
227.25,243.75,
228.0,243.75,
228.75,243.75,
229.5,243.75,
230.25,243.75,
231.0,243.75,
231.75,243.75,
232.5,243.75,
233.25,243.75,
234.0,243.75,
234.75,243.75,
235.5,243.75,
236.25,243.75,
237.0,243.75,
237.75,243.75,
238.5,243.75,
239.25,243.75,
240.0,243.75,
240.75,243.75,
241.5,243.75,
242.25,243.75,
243.0,243.75,
243.75,243.75,
244.5,243.75,
245.25,243.75,
246.0,243.75,
246.75,243.75,
247.5,243.75,
248.25,243.75,
249.0,243.75,
249.75,243.75,
250.5,243.75,
251.25,243.75,
252.0,243.75,
252.75,243.75,
253.5,243.75,
254.25,243.75,
255.0,243.75,
255.75,243.75,
256.5,243.75,
257.25,243.75,
258.0,243.75,
258.75,243.75,
123.0,244.5,
123.75,244.5,
124.5,244.5,
125.25,244.5,
126.0,244.5,
126.75,244.5,
127.5,244.5,
128.25,244.5,
129.0,244.5,
129.75,244.5,
130.5,244.5,
131.25,244.5,
132.0,244.5,
132.75,244.5,
133.5,244.5,
134.25,244.5,
135.0,244.5,
135.75,244.5,
136.5,244.5,
137.25,244.5,
138.0,244.5,
138.75,244.5,
139.5,244.5,
140.25,244.5,
141.0,244.5,
141.75,244.5,
142.5,244.5,
143.25,244.5,
144.0,244.5,
144.75,244.5,
145.5,244.5,
146.25,244.5,
147.0,244.5,
147.75,244.5,-95.97021822573574
148.5,244.5,-95.96490043874452
149.25,244.5,-95.96043807368875
150.0,244.5,-95.96144578313252
150.75,244.5,-95.97078959379279
151.5,244.5,-95.86440677966101
152.25,244.5,-95.14645328100694
153.0,244.5,-94.46636408853517
153.75,244.5,-94.91258242614892
154.5,244.5,-95.23863636363636
155.25,244.5,-95.1270356952913
156.0,244.5,-94.79254228825214
156.75,244.5,-94.4594165340163
157.5,244.5,-93.97539015606242
158.25,244.5,-93.87242341271892
159.0,244.5,-93.00000000000001
159.75,244.5,-92.39977276205647
160.5,244.5,-92.19465581313042
161.25,244.5,-92.29743487455804
162.0,244.5,-91.6218935037087
162.75,244.5,-91.15877563962479
163.5,244.5,-91.37283172331949
164.25,244.5,-90.74377202602913
165.0,244.5,-90.37863841448066
165.75,244.5,-89.7623052650396
166.5,244.5,-89.50548438946974
167.25,244.5,-88.94893579488749
168.0,244.5,-88.7329334324238
168.75,244.5,-87.78845935698583
169.5,244.5,-87.74077534973878
170.25,244.5,-87.64258960006133
171.0,244.5,-87.52853050017906
171.75,244.5,-87.5281494945974
172.5,244.5,-87.2166766939218
173.25,244.5,-86.92478099834507
174.0,244.5,-86.86551020457742
174.75,244.5,-86.01315210638491
175.5,244.5,-85.90146114638657
176.25,244.5,-85.6186718641014
177.0,244.5,-84.78338970725274
177.75,244.5,-84.6865768309398
178.5,244.5,-84.34343434343434
179.25,244.5,
180.0,244.5,
180.75,244.5,
181.5,244.5,
182.25,244.5,
183.0,244.5,
183.75,244.5,
184.5,244.5,
185.25,244.5,
186.0,244.5,
186.75,244.5,
187.5,244.5,
188.25,244.5,
189.0,244.5,
189.75,244.5,
190.5,244.5,
191.25,244.5,
192.0,244.5,
192.75,244.5,
193.5,244.5,
194.25,244.5,
195.0,244.5,
195.75,244.5,
196.5,244.5,
197.25,244.5,
198.0,244.5,
198.75,244.5,
199.5,244.5,
200.25,244.5,-85.05298013245032
201.0,244.5,-84.87096774193549
201.75,244.5,-81.24930475395901
202.5,244.5,-80.91241088316602
203.25,244.5,-80.16544737756284
204.0,244.5,-79.61764086251053
204.75,244.5,-78.80989034380877
205.5,244.5,-77.59336386524288
206.25,244.5,-76.01565905892545
207.0,244.5,-75.33253393338495
207.75,244.5,-75.80190777884803
208.5,244.5,-75.94216912563688
209.25,244.5,-75.1127492163507
210.0,244.5,-74.07746330453435
210.75,244.5,-73.30763872205479
211.5,244.5,-72.37911560119245
212.25,244.5,-71.38401384961256
213.0,244.5,-71.17306152646823
213.75,244.5,-71.50617635171682
214.5,244.5,-72.16731965622658
215.25,244.5,-73.17784990754639
216.0,244.5,-72.02873879324571
216.75,244.5,-72.19121228225413
217.5,244.5,-67.9468085106383
218.25,244.5,-67.67910447761194
219.0,244.5,
219.75,244.5,
220.5,244.5,
221.25,244.5,
222.0,244.5,
222.75,244.5,
223.5,244.5,
224.25,244.5,
225.0,244.5,
225.75,244.5,
226.5,244.5,
227.25,244.5,
228.0,244.5,
228.75,244.5,
229.5,244.5,
230.25,244.5,
231.0,244.5,
231.75,244.5,
232.5,244.5,
233.25,244.5,
234.0,244.5,
234.75,244.5,
235.5,244.5,
236.25,244.5,
237.0,244.5,
237.75,244.5,
238.5,244.5,
239.25,244.5,
240.0,244.5,
240.75,244.5,
241.5,244.5,
242.25,244.5,
243.0,244.5,
243.75,244.5,
244.5,244.5,
245.25,244.5,
246.0,244.5,
246.75,244.5,
247.5,244.5,
248.25,244.5,
249.0,244.5,
249.75,244.5,
250.5,244.5,
251.25,244.5,
252.0,244.5,
252.75,244.5,
253.5,244.5,
254.25,244.5,
255.0,244.5,
255.75,244.5,
256.5,244.5,
257.25,244.5,
258.0,244.5,
258.75,244.5,
123.0,245.25,
123.75,245.25,
124.5,245.25,
125.25,245.25,
126.0,245.25,
126.75,245.25,
127.5,245.25,
128.25,245.25,
129.0,245.25,
129.75,245.25,
130.5,245.25,
131.25,245.25,
132.0,245.25,
132.75,245.25,
133.5,245.25,
134.25,245.25,
135.0,245.25,
135.75,245.25,
136.5,245.25,
137.25,245.25,
138.0,245.25,
138.75,245.25,
139.5,245.25,
140.25,245.25,
141.0,245.25,
141.75,245.25,
142.5,245.25,
143.25,245.25,
144.0,245.25,
144.75,245.25,
145.5,245.25,
146.25,245.25,
147.0,245.25,
147.75,245.25,-95.93107013613648
148.5,245.25,-95.92130700494265
149.25,245.25,-95.91645432140021
150.0,245.25,-95.93010407297956
150.75,245.25,-95.97676444960788
151.5,245.25,-95.82064216700519
152.25,245.25,-94.78236423477784
153.0,245.25,-94.07456119157777
153.75,245.25,-94.45401942271378
154.5,245.25,-94.79450270479722
155.25,245.25,-94.66782058442814
156.0,245.25,-94.2525958554853
156.75,245.25,-93.83822256690374
157.5,245.25,-93.5757005005418
158.25,245.25,-93.57531241010504
159.0,245.25,-93.0
159.75,245.25,-92.48650825614176
160.5,245.25,-92.51961639244743
161.25,245.25,-92.34164158832597
162.0,245.25,-91.68186872851305
162.75,245.25,-91.57783195554772
163.5,245.25,-90.95477099459582
164.25,245.25,-90.70155979113288
165.0,245.25,-90.49366941196095
165.75,245.25,-89.83310154223521
166.5,245.25,-89.51336780988578
167.25,245.25,-88.91852255641649
168.0,245.25,-88.56790412590497
168.75,245.25,-88.29387993513701
169.5,245.25,-87.74121711475924
170.25,245.25,-88.14751792801555
171.0,245.25,-88.6983776728151
171.75,245.25,-88.55988567670794
172.5,245.25,-88.36831061824121
173.25,245.25,-88.1504963444332
174.0,245.25,-87.80032654906893
174.75,245.25,-87.29577370434167
175.5,245.25,-86.62926213268472
176.25,245.25,-85.43014730458681
177.0,245.25,-84.760370660678
177.75,245.25,-83.65319867843354
178.5,245.25,-83.37319798696961
179.25,245.25,-82.93583084235802
180.0,245.25,-82.30013550135502
180.75,245.25,
181.5,245.25,
182.25,245.25,
183.0,245.25,
183.75,245.25,
184.5,245.25,
185.25,245.25,
186.0,245.25,
186.75,245.25,
187.5,245.25,
188.25,245.25,
189.0,245.25,
189.75,245.25,
190.5,245.25,
191.25,245.25,
192.0,245.25,
192.75,245.25,
193.5,245.25,
194.25,245.25,
195.0,245.25,
195.75,245.25,
196.5,245.25,
197.25,245.25,
198.0,245.25,
198.75,245.25,
199.5,245.25,-84.07292478546718
200.25,245.25,-84.15392972503956
201.0,245.25,-83.85934898942642
201.75,245.25,-81.67073307440221
202.5,245.25,-81.06448994074428
203.25,245.25,-80.68999027505221
204.0,245.25,-80.21857317420528
204.75,245.25,-79.5093504120927
205.5,245.25,-78.16780086042651
206.25,245.25,-76.14145390620843
207.0,245.25,-75.12609075184531
207.75,245.25,-75.80439759334394
208.5,245.25,-76.11501868797306
209.25,245.25,-74.84460229359647
210.0,245.25,-74.20872919858844
210.75,245.25,-73.40976119146279
211.5,245.25,-72.44664883167977
212.25,245.25,-71.22746993491567
213.0,245.25,-71.01132120508271
213.75,245.25,-70.73297783488329
214.5,245.25,-70.13959631255142
215.25,245.25,-69.47687400860839
216.0,245.25,-68.05505970820987
216.75,245.25,-68.13909582721632
217.5,245.25,-67.63771715601932
218.25,245.25,-65.03122587448141
219.0,245.25,
219.75,245.25,
220.5,245.25,
221.25,245.25,
222.0,245.25,
222.75,245.25,
223.5,245.25,
224.25,245.25,
225.0,245.25,
225.75,245.25,
226.5,245.25,
227.25,245.25,
228.0,245.25,
228.75,245.25,
229.5,245.25,
230.25,245.25,
231.0,245.25,
231.75,245.25,
232.5,245.25,
233.25,245.25,
234.0,245.25,
234.75,245.25,
235.5,245.25,
236.25,245.25,
237.0,245.25,
237.75,245.25,
238.5,245.25,
239.25,245.25,
240.0,245.25,
240.75,245.25,
241.5,245.25,
242.25,245.25,
243.0,245.25,
243.75,245.25,
244.5,245.25,
245.25,245.25,
246.0,245.25,
246.75,245.25,
247.5,245.25,
248.25,245.25,
249.0,245.25,
249.75,245.25,
250.5,245.25,
251.25,245.25,
252.0,245.25,
252.75,245.25,
253.5,245.25,
254.25,245.25,
255.0,245.25,
255.75,245.25,
256.5,245.25,
257.25,245.25,
258.0,245.25,
258.75,245.25,
123.0,246.0,
123.75,246.0,
124.5,246.0,
125.25,246.0,
126.0,246.0,
126.75,246.0,
127.5,246.0,
128.25,246.0,
129.0,246.0,
129.75,246.0,
130.5,246.0,
131.25,246.0,
132.0,246.0,
132.75,246.0,
133.5,246.0,
134.25,246.0,
135.0,246.0,
135.75,246.0,
136.5,246.0,
137.25,246.0,
138.0,246.0,
138.75,246.0,
139.5,246.0,
140.25,246.0,
141.0,246.0,
141.75,246.0,
142.5,246.0,
143.25,246.0,
144.0,246.0,
144.75,246.0,
145.5,246.0,
146.25,246.0,
147.0,246.0,
147.75,246.0,-95.42367601246104
148.5,246.0,-95.8825539454534
149.25,246.0,-95.87058539885986
150.0,246.0,-95.86440677966101
150.75,246.0,-95.84058024103446
151.5,246.0,-95.56567230632236
152.25,246.0,-94.98223735206413
153.0,246.0,-94.57347328244273
153.75,246.0,-94.59649820827225
154.5,246.0,-94.60422561918374
155.25,246.0,-94.26784368105457
156.0,246.0,-93.68170129960387
156.75,246.0,-93.33230716034353
157.5,246.0,-93.23483535528594
158.25,246.0,-93.07209353248356
159.0,246.0,-92.99999999999999
159.75,246.0,-92.57385809380655
160.5,246.0,-92.59600579938225
161.25,246.0,-92.09496549514866
162.0,246.0,-92.06196165601557
162.75,246.0,-91.72143093784275
163.5,246.0,-90.97310427688943
164.25,246.0,-90.59904759133066
165.0,246.0,-90.36531906835826
165.75,246.0,-89.92101340911239
166.5,246.0,-89.48275547388377
167.25,246.0,-89.09444337648945
168.0,246.0,-88.35714285714285
168.75,246.0,-87.70126959899753
169.5,246.0,-87.87236721764144
170.25,246.0,-88.82177852621896
171.0,246.0,-89.4245283018868
171.75,246.0,-89.32991880605236
172.5,246.0,-89.03624582899933
173.25,246.0,-88.73667851405013
174.0,246.0,-88.25
174.75,246.0,-87.41571658955124
175.5,246.0,-86.34562139851027
176.25,246.0,-84.70832424393298
177.0,246.0,-84.32977803401556
177.75,246.0,-83.92914777501034
178.5,246.0,-83.15559497054632
179.25,246.0,-82.08966846428335
180.0,246.0,-81.5401376146789
180.75,246.0,-81.72971014492752
181.5,246.0,-81.36904761904762
182.25,246.0,-81.10477582846003
183.0,246.0,
183.75,246.0,
184.5,246.0,
185.25,246.0,
186.0,246.0,
186.75,246.0,
187.5,246.0,
188.25,246.0,
189.0,246.0,
189.75,246.0,
190.5,246.0,
191.25,246.0,
192.0,246.0,
192.75,246.0,
193.5,246.0,
194.25,246.0,
195.0,246.0,
195.75,246.0,
196.5,246.0,
197.25,246.0,
198.0,246.0,-84.5
198.75,246.0,-84.68380743982495
199.5,246.0,-84.12218409667311
200.25,246.0,-83.95245169083313
201.0,246.0,-84.04656040268455
201.75,246.0,-82.23970098597083
202.5,246.0,-82.02134623632047
203.25,246.0,-81.33465332884838
204.0,246.0,-80.97674418604652
204.75,246.0,-80.67804016611247
205.5,246.0,-79.5262787296658
206.25,246.0,-77.27660728059126
207.0,246.0,-76.3134535367545
207.75,246.0,-76.48647534804844
208.5,246.0,-76.14543884164544
209.25,246.0,-75.10344087771952
210.0,246.0,-74.39
210.75,246.0,-73.60017102408985
211.5,246.0,-72.02506873382241
212.25,246.0,-71.35488387537222
213.0,246.0,-70.96279638789629
213.75,246.0,-70.72435418615173
214.5,246.0,-69.15177588693788
215.25,246.0,-68.21007250520708
216.0,246.0,-67.42984162267297
216.75,246.0,-66.82506284196366
217.5,246.0,-66.34330947096373
218.25,246.0,-64.00396506566666
219.0,246.0,-61.68518518518518
219.75,246.0,-61.53898635477583
220.5,246.0,
221.25,246.0,
222.0,246.0,
222.75,246.0,
223.5,246.0,
224.25,246.0,
225.0,246.0,
225.75,246.0,
226.5,246.0,
227.25,246.0,
228.0,246.0,
228.75,246.0,
229.5,246.0,
230.25,246.0,
231.0,246.0,
231.75,246.0,
232.5,246.0,
233.25,246.0,
234.0,246.0,
234.75,246.0,
235.5,246.0,
236.25,246.0,
237.0,246.0,
237.75,246.0,
238.5,246.0,
239.25,246.0,
240.0,246.0,
240.75,246.0,
241.5,246.0,
242.25,246.0,
243.0,246.0,
243.75,246.0,
244.5,246.0,
245.25,246.0,
246.0,246.0,
246.75,246.0,
247.5,246.0,
248.25,246.0,
249.0,246.0,
249.75,246.0,
250.5,246.0,
251.25,246.0,
252.0,246.0,
252.75,246.0,
253.5,246.0,
254.25,246.0,
255.0,246.0,
255.75,246.0,
256.5,246.0,
257.25,246.0,
258.0,246.0,
258.75,246.0,
123.0,246.75,
123.75,246.75,
124.5,246.75,
125.25,246.75,
126.0,246.75,
126.75,246.75,
127.5,246.75,
128.25,246.75,
129.0,246.75,
129.75,246.75,
130.5,246.75,
131.25,246.75,
132.0,246.75,
132.75,246.75,
133.5,246.75,
134.25,246.75,
135.0,246.75,
135.75,246.75,
136.5,246.75,
137.25,246.75,
138.0,246.75,
138.75,246.75,
139.5,246.75,
140.25,246.75,
141.0,246.75,
141.75,246.75,
142.5,246.75,
143.25,246.75,
144.0,246.75,
144.75,246.75,
145.5,246.75,
146.25,246.75,
147.0,246.75,
147.75,246.75,-95.38418079096046
148.5,246.75,-95.84671274714677
149.25,246.75,-95.82241624281859
150.0,246.75,-95.7876507002515
150.75,246.75,-95.71419291977915
151.5,246.75,-95.3962601526876
152.25,246.75,-95.09440875817207
153.0,246.75,-94.84020059346234
153.75,246.75,-94.69040425088559
154.5,246.75,-94.45938207070176
155.25,246.75,-93.97019520204323
156.0,246.75,-93.35782331271429
156.75,246.75,-93.0290237603484
157.5,246.75,-93.05664450463983
158.25,246.75,-93.04489963410047
159.0,246.75,-93.00000000000001
159.75,246.75,-92.77662166182687
160.5,246.75,-92.69796482111623
161.25,246.75,-92.30406486192153
162.0,246.75,-92.23172975594373
162.75,246.75,-91.86209810886542
163.5,246.75,-91.09014061534464
164.25,246.75,-90.48337142038503
165.0,246.75,-90.06122435151302
165.75,246.75,-90.0507107259542
166.5,246.75,-89.33479975085966
167.25,246.75,-89.0497415934902
168.0,246.75,-88.21406568018045
168.75,246.75,-86.76803604523914
169.5,246.75,-87.12901830222337
170.25,246.75,-89.15862400248805
171.0,246.75,-90.3874168665021
171.75,246.75,-89.790653309845
172.5,246.75,-89.1347112366074
173.25,246.75,-88.98745388246705
174.0,246.75,-88.51845201416039
174.75,246.75,-87.41259071018439
175.5,246.75,-85.33783757561014
176.25,246.75,-84.34855233245275
177.0,246.75,-84.00006492413786
177.75,246.75,-83.88523333046136
178.5,246.75,-83.49800273337848
179.25,246.75,-81.90793736501081
180.0,246.75,-81.2680571883305
180.75,246.75,-80.27018925205579
181.5,246.75,-81.04131652661063
182.25,246.75,-80.80777777777777
183.0,246.75,
183.75,246.75,
184.5,246.75,
185.25,246.75,
186.0,246.75,
186.75,246.75,
187.5,246.75,
188.25,246.75,
189.0,246.75,
189.75,246.75,
190.5,246.75,
191.25,246.75,
192.0,246.75,
192.75,246.75,
193.5,246.75,
194.25,246.75,
195.0,246.75,
195.75,246.75,
196.5,246.75,
197.25,246.75,
198.0,246.75,-84.31619256017505
198.75,246.75,-84.5
199.5,246.75,-83.85084659560144
200.25,246.75,-84.06123580587303
201.0,246.75,-84.28884086613743
201.75,246.75,-82.97335310590579
202.5,246.75,-82.87457777277287
203.25,246.75,-82.1243125469898
204.0,246.75,-81.62164179563587
204.75,246.75,-81.79535175772799
205.5,246.75,-81.01094430845461
206.25,246.75,-77.46614187105122
207.0,246.75,-75.68967124863592
207.75,246.75,-76.54217227735349
208.5,246.75,-76.49623976175906
209.25,246.75,-75.55793507080539
210.0,246.75,-74.55821102491483
210.75,246.75,-73.56728913020892
211.5,246.75,-71.81374794375355
212.25,246.75,-71.70295415069963
213.0,246.75,-71.10233990429778
213.75,246.75,-69.96042635393121
214.5,246.75,-68.43038439221404
215.25,246.75,-67.42656568539316
216.0,246.75,-66.70666686158596
216.75,246.75,-66.13508361848575
217.5,246.75,-65.72038717542664
218.25,246.75,-65.41839052871659
219.0,246.75,-61.66419938142789
219.75,246.75,-61.406103286384976
220.5,246.75,-61.30952380952381
221.25,246.75,
222.0,246.75,
222.75,246.75,
223.5,246.75,
224.25,246.75,
225.0,246.75,
225.75,246.75,
226.5,246.75,
227.25,246.75,
228.0,246.75,
228.75,246.75,
229.5,246.75,
230.25,246.75,
231.0,246.75,
231.75,246.75,
232.5,246.75,
233.25,246.75,
234.0,246.75,
234.75,246.75,
235.5,246.75,
236.25,246.75,
237.0,246.75,
237.75,246.75,
238.5,246.75,
239.25,246.75,
240.0,246.75,
240.75,246.75,
241.5,246.75,
242.25,246.75,
243.0,246.75,
243.75,246.75,
244.5,246.75,
245.25,246.75,
246.0,246.75,
246.75,246.75,
247.5,246.75,
248.25,246.75,
249.0,246.75,
249.75,246.75,
250.5,246.75,
251.25,246.75,
252.0,246.75,
252.75,246.75,
253.5,246.75,
254.25,246.75,
255.0,246.75,
255.75,246.75,
256.5,246.75,
257.25,246.75,
258.0,246.75,
258.75,246.75,
123.0,247.5,
123.75,247.5,
124.5,247.5,
125.25,247.5,
126.0,247.5,
126.75,247.5,
127.5,247.5,
128.25,247.5,
129.0,247.5,
129.75,247.5,
130.5,247.5,
131.25,247.5,
132.0,247.5,
132.75,247.5,
133.5,247.5,
134.25,247.5,
135.0,247.5,
135.75,247.5,
136.5,247.5,
137.25,247.5,
138.0,247.5,
138.75,247.5,
139.5,247.5,
140.25,247.5,
141.0,247.5,
141.75,247.5,
142.5,247.5,
143.25,247.5,
144.0,247.5,
144.75,247.5,
145.5,247.5,
146.25,247.5,
147.0,247.5,
147.75,247.5,-95.3358024691358
148.5,247.5,-95.35897435897436
149.25,247.5,-95.78372984373937
150.0,247.5,-95.73591348890155
150.75,247.5,-95.65848246295975
151.5,247.5,-95.29811110270761
152.25,247.5,-95.10277264992578
153.0,247.5,-94.89858993442492
153.75,247.5,-94.67970225260228
154.5,247.5,-94.35687213538607
155.25,247.5,-93.81988944344906
156.0,247.5,-93.34334331494209
156.75,247.5,-93.05858574970354
157.5,247.5,-93.01791229153798
158.25,247.5,-93.04328810884302
159.0,247.5,-93.00000000000001
159.75,247.5,-92.83835731949534
160.5,247.5,-92.82223903177004
161.25,247.5,-92.68702607672792
162.0,247.5,-92.48362933372469
162.75,247.5,-92.25860726760963
163.5,247.5,-91.84019492748402
164.25,247.5,-91.17767307187164
165.0,247.5,-90.49060686614582
165.75,247.5,-90.5406640095938
166.5,247.5,-89.89208084015144
167.25,247.5,-89.39812938038803
168.0,247.5,-88.41518467852255
168.75,247.5,-87.01844223903022
169.5,247.5,-87.19320009189066
170.25,247.5,-88.81539734824626
171.0,247.5,-90.05699791107132
171.75,247.5,-89.71216130640002
172.5,247.5,-89.40672782874618
173.25,247.5,-89.13440528340108
174.0,247.5,-88.50967866465679
174.75,247.5,-87.09287874143118
175.5,247.5,-85.2042502534788
176.25,247.5,-84.11851926444618
177.0,247.5,-83.94293064869991
177.75,247.5,-83.6726271418431
178.5,247.5,-82.95967315072117
179.25,247.5,-82.06097791800455
180.0,247.5,-81.76952429165563
180.75,247.5,-81.67720766569794
181.5,247.5,-80.01492670039887
182.25,247.5,-80.87300227069068
183.0,247.5,-84.03719008264464
183.75,247.5,-86.12148217636022
184.5,247.5,
185.25,247.5,
186.0,247.5,
186.75,247.5,
187.5,247.5,
188.25,247.5,
189.0,247.5,
189.75,247.5,
190.5,247.5,
191.25,247.5,-78.61787819253436
192.0,247.5,-78.5
192.75,247.5,-78.38212180746561
193.5,247.5,
194.25,247.5,
195.0,247.5,
195.75,247.5,
196.5,247.5,
197.25,247.5,-79.94171361653018
198.0,247.5,-80.45472176637324
198.75,247.5,-79.40483586413777
199.5,247.5,-80.72132169576061
200.25,247.5,-81.54508221470785
201.0,247.5,-82.52581995714968
201.75,247.5,-83.95273910697242
202.5,247.5,-84.21974197553654
203.25,247.5,-83.68268910315412
204.0,247.5,-82.23471211656164
204.75,247.5,-81.72120172807615
205.5,247.5,-80.88603531300161
206.25,247.5,-77.9705637666168
207.0,247.5,-76.328739359546
207.75,247.5,-77.16728074546849
208.5,247.5,-77.29026583268177
209.25,247.5,-76.29301828929378
210.0,247.5,-74.7180001142343
210.75,247.5,-72.39889321438505
211.5,247.5,-71.46169968829493
212.25,247.5,-72.13757967719278
213.0,247.5,-71.27806788511748
213.75,247.5,-70.17888162323918
214.5,247.5,-67.70037738111358
215.25,247.5,-66.40852815574158
216.0,247.5,-65.841135558723
216.75,247.5,-64.67833140099573
217.5,247.5,-64.15035957494844
218.25,247.5,-62.70367211148163
219.0,247.5,-60.608016334620885
219.75,247.5,-61.32039552383847
220.5,247.5,-61.10429447852761
221.25,247.5,-59.923809523809524
222.0,247.5,
222.75,247.5,
223.5,247.5,
224.25,247.5,
225.0,247.5,
225.75,247.5,
226.5,247.5,
227.25,247.5,
228.0,247.5,
228.75,247.5,
229.5,247.5,
230.25,247.5,
231.0,247.5,
231.75,247.5,
232.5,247.5,
233.25,247.5,
234.0,247.5,
234.75,247.5,
235.5,247.5,
236.25,247.5,
237.0,247.5,
237.75,247.5,
238.5,247.5,
239.25,247.5,
240.0,247.5,
240.75,247.5,
241.5,247.5,
242.25,247.5,
243.0,247.5,
243.75,247.5,
244.5,247.5,
245.25,247.5,
246.0,247.5,
246.75,247.5,
247.5,247.5,
248.25,247.5,
249.0,247.5,
249.75,247.5,
250.5,247.5,
251.25,247.5,
252.0,247.5,
252.75,247.5,
253.5,247.5,
254.25,247.5,
255.0,247.5,
255.75,247.5,
256.5,247.5,
257.25,247.5,
258.0,247.5,
258.75,247.5,
123.0,248.25,
123.75,248.25,
124.5,248.25,
125.25,248.25,
126.0,248.25,
126.75,248.25,
127.5,248.25,
128.25,248.25,
129.0,248.25,
129.75,248.25,
130.5,248.25,
131.25,248.25,
132.0,248.25,
132.75,248.25,
133.5,248.25,
134.25,248.25,
135.0,248.25,
135.75,248.25,
136.5,248.25,
137.25,248.25,
138.0,248.25,
138.75,248.25,
139.5,248.25,
140.25,248.25,
141.0,248.25,
141.75,248.25,
142.5,248.25,
143.25,248.25,
144.0,248.25,
144.75,248.25,
145.5,248.25,
146.25,248.25,
147.0,248.25,
147.75,248.25,
148.5,248.25,-95.29396325459317
149.25,248.25,-95.2875816993464
150.0,248.25,-95.25702811244979
150.75,248.25,-95.64667227019179
151.5,248.25,-95.22163389920885
152.25,248.25,-95.06557250931144
153.0,248.25,-94.87901497519965
153.75,248.25,-94.64651993099025
154.5,248.25,-94.33110118953473
155.25,248.25,-93.85758807942125
156.0,248.25,-93.26637112632086
156.75,248.25,-93.05722135239726
157.5,248.25,-93.04900788907483
158.25,248.25,-92.99999999999999
159.0,248.25,-92.99999999999999
159.75,248.25,-92.89624350342032
160.5,248.25,-92.93594568515154
161.25,248.25,-92.9024579190136
162.0,248.25,-92.73596861541843
162.75,248.25,-92.60783021581467
163.5,248.25,-92.51957556174418
164.25,248.25,-92.66659158533064
165.0,248.25,-92.91564494822836
165.75,248.25,-92.38221576676844
166.5,248.25,-92.12909425417978
167.25,248.25,-91.87202000457782
168.0,248.25,-89.38915594193666
168.75,248.25,-86.59793035286138
169.5,248.25,-86.51971981524952
170.25,248.25,-88.10627113124882
171.0,248.25,-89.07767729586044
171.75,248.25,-89.9228333209629
172.5,248.25,-90.64176161128567
173.25,248.25,-90.64407986983929
174.0,248.25,-88.39033142687941
174.75,248.25,-85.3294981826787
175.5,248.25,-84.70179966328314
176.25,248.25,-83.85184388942281
177.0,248.25,-83.33742372567143
177.75,248.25,-81.92780208486272
178.5,248.25,-81.05321605568923
179.25,248.25,-81.39272820648671
180.0,248.25,-81.29087548362584
180.75,248.25,-81.36559569790587
181.5,248.25,-82.65985247925896
182.25,248.25,-83.2989678079654
183.0,248.25,-84.2150127226463
183.75,248.25,-85.22727272727275
184.5,248.25,-89.24945770065075
185.25,248.25,
186.0,248.25,
186.75,248.25,
187.5,248.25,-88.11296660117878
188.25,248.25,-87.19169960474309
189.0,248.25,
189.75,248.25,-78.89301310043669
190.5,248.25,-78.79055690072639
191.25,248.25,-78.65544041450778
192.0,248.25,-78.5
192.75,248.25,-78.34455958549223
193.5,248.25,-78.2094430992736
194.25,248.25,-78.10698689956331
195.0,248.25,
195.75,248.25,-75.90643093214786
196.5,248.25,-76.06277939719945
197.25,248.25,-79.41691761394708
198.0,248.25,-78.30794558883177
198.75,248.25,-78.99274907308111
199.5,248.25,-80.34472318927581
200.25,248.25,-81.29097884695146
201.0,248.25,-82.56541941306189
201.75,248.25,-84.47618242125448
202.5,248.25,-86.00729713031296
203.25,248.25,-85.86377937031686
204.0,248.25,-83.53448714395442
204.75,248.25,-82.04755651108775
205.5,248.25,-81.03514540009589
206.25,248.25,-78.65802482546744
207.0,248.25,-77.65511652128924
207.75,248.25,-77.94369565879047
208.5,248.25,-78.44286948997666
209.25,248.25,-78.38796070000612
210.0,248.25,-74.15948566162135
210.75,248.25,-70.07939523173542
211.5,248.25,-70.08318671468818
212.25,248.25,-72.95754894505964
213.0,248.25,-73.97564136899815
213.75,248.25,-71.28286584737705
214.5,248.25,-66.46276945549025
215.25,248.25,-65.03138883556393
216.0,248.25,-64.50297513135995
216.75,248.25,-63.928916473847025
217.5,248.25,-62.636383060823924
218.25,248.25,-62.19116684418162
219.0,248.25,-60.42323909395519
219.75,248.25,-60.30646275317078
220.5,248.25,-59.936709021761075
221.25,248.25,-59.96244131455399
222.0,248.25,-60.01559454191033
222.75,248.25,
223.5,248.25,
224.25,248.25,
225.0,248.25,
225.75,248.25,
226.5,248.25,
227.25,248.25,
228.0,248.25,
228.75,248.25,
229.5,248.25,
230.25,248.25,
231.0,248.25,
231.75,248.25,
232.5,248.25,
233.25,248.25,
234.0,248.25,
234.75,248.25,
235.5,248.25,
236.25,248.25,
237.0,248.25,
237.75,248.25,
238.5,248.25,
239.25,248.25,
240.0,248.25,
240.75,248.25,
241.5,248.25,
242.25,248.25,
243.0,248.25,
243.75,248.25,
244.5,248.25,
245.25,248.25,
246.0,248.25,
246.75,248.25,
247.5,248.25,
248.25,248.25,
249.0,248.25,
249.75,248.25,
250.5,248.25,
251.25,248.25,
252.0,248.25,
252.75,248.25,
253.5,248.25,
254.25,248.25,
255.0,248.25,
255.75,248.25,
256.5,248.25,
257.25,248.25,
258.0,248.25,
258.75,248.25,
123.0,249.0,
123.75,249.0,
124.5,249.0,
125.25,249.0,
126.0,249.0,
126.75,249.0,
127.5,249.0,
128.25,249.0,
129.0,249.0,
129.75,249.0,
130.5,249.0,
131.25,249.0,
132.0,249.0,
132.75,249.0,
133.5,249.0,
134.25,249.0,
135.0,249.0,
135.75,249.0,
136.5,249.0,
137.25,249.0,
138.0,249.0,
138.75,249.0,
139.5,249.0,
140.25,249.0,
141.0,249.0,
141.75,249.0,
142.5,249.0,
143.25,249.0,
144.0,249.0,
144.75,249.0,
145.5,249.0,
146.25,249.0,
147.0,249.0,
147.75,249.0,
148.5,249.0,
149.25,249.0,-95.22391857506359
150.0,249.0,-95.19047619047619
150.75,249.0,-95.13468013468012
151.5,249.0,-94.64508900257918
152.25,249.0,-94.49193351059492
153.0,249.0,-94.3076923076923
153.75,249.0,-94.09453246810506
154.5,249.0,-93.85744881889764
155.25,249.0,-93.54509528468056
156.0,249.0,-93.14285714285714
156.75,249.0,-93.09936051708726
157.5,249.0,-93.00000000000001
158.25,249.0,-93.0
159.0,249.0,-93.0
159.75,249.0,-92.92602647854169
160.5,249.0,-92.98209879803521
161.25,249.0,-92.99787141938795
162.0,249.0,-92.91625006817065
162.75,249.0,-92.85465728586576
163.5,249.0,-93.00478027990553
164.25,249.0,-93.50555564827515
165.0,249.0,-93.99999999999869
165.75,249.0,-93.3845203409165
166.5,249.0,-94.1564123052337
167.25,249.0,-94.6229254695153
168.0,249.0,-89.83196721311475
168.75,249.0,-84.42378040130711
169.5,249.0,-85.04184787861215
170.25,249.0,-87.22776757559328
171.0,249.0,-88.61111111111111
171.75,249.0,-89.96475745022437
172.5,249.0,-91.98862650792398
173.25,249.0,-92.63296298923254
174.0,249.0,-88.34638554216863
174.75,249.0,-84.18946424892307
175.5,249.0,-84.20116861435726
176.25,249.0,-83.05321503598125
177.0,249.0,-80.90625
177.75,249.0,-80.0867803278198
178.5,249.0,-79.77847215243544
179.25,249.0,-80.52369749856287
180.0,249.0,-79.65958952583156
180.75,249.0,-79.94782197254257
181.5,249.0,-82.56025994077062
182.25,249.0,-83.3926667684569
183.0,249.0,-85.44827586206897
183.75,249.0,-85.7500836387119
184.5,249.0,-86.81294317859508
185.25,249.0,-90.15461346633417
186.0,249.0,
186.75,249.0,-89.33529411764705
187.5,249.0,-88.27227722772277
188.25,249.0,-87.11097256857856
189.0,249.0,-83.22222222222221
189.75,249.0,-79.0099150141643
190.5,249.0,-78.8896103896104
191.25,249.0,-78.7135231316726
192.0,249.0,-78.5
192.75,249.0,-78.28647686832741
193.5,249.0,-78.11038961038962
194.25,249.0,-77.9900849858357
195.0,249.0,-76.0
195.75,249.0,-75.7332083115872
196.5,249.0,-75.84755994738794
197.25,249.0,-77.05212222362718
198.0,249.0,-77.71728187919462
198.75,249.0,-78.42304922308104
199.5,249.0,-79.77893317707208
200.25,249.0,-80.73956585135144
201.0,249.0,-82.06034482758619
201.75,249.0,-84.25457648794774
202.5,249.0,-87.10209693950081
203.25,249.0,-87.7071433594307
204.0,249.0,-84.1775312066574
204.75,249.0,-82.4873834005466
205.5,249.0,-81.94052349072214
206.25,249.0,-78.90321192380674
207.0,249.0,-77.00000000000193
207.75,249.0,-77.42825257789097
208.5,249.0,-80.08248851615744
209.25,249.0,-81.33152445768815
210.0,249.0,-73.9872881355932
210.75,249.0,-67.51091467816642
211.5,249.0,-68.5041708057186
212.25,249.0,-73.4955167574292
213.0,249.0,-76.99999999999181
213.75,249.0,-72.08468189251536
214.5,249.0,-65.10426700549641
215.25,249.0,-64.06516568334048
216.0,249.0,-63.89095485547255
216.75,249.0,-62.59111353542788
217.5,249.0,-61.848253013868025
218.25,249.0,-61.52439121087496
219.0,249.0,-60.17857142857143
219.75,249.0,-60.13082368865536
220.5,249.0,-60.114912062659506
221.25,249.0,-58.93617616578218
222.0,249.0,-60.07407407407407
222.75,249.0,
223.5,249.0,
224.25,249.0,
225.0,249.0,
225.75,249.0,
226.5,249.0,
227.25,249.0,
228.0,249.0,
228.75,249.0,
229.5,249.0,
230.25,249.0,
231.0,249.0,
231.75,249.0,
232.5,249.0,
233.25,249.0,
234.0,249.0,
234.75,249.0,
235.5,249.0,
236.25,249.0,
237.0,249.0,
237.75,249.0,
238.5,249.0,
239.25,249.0,
240.0,249.0,
240.75,249.0,
241.5,249.0,
242.25,249.0,
243.0,249.0,
243.75,249.0,
244.5,249.0,
245.25,249.0,
246.0,249.0,
246.75,249.0,
247.5,249.0,
248.25,249.0,
249.0,249.0,
249.75,249.0,
250.5,249.0,
251.25,249.0,
252.0,249.0,
252.75,249.0,
253.5,249.0,
254.25,249.0,
255.0,249.0,
255.75,249.0,
256.5,249.0,
257.25,249.0,
258.0,249.0,
258.75,249.0,
123.0,249.75,
123.75,249.75,
124.5,249.75,
125.25,249.75,
126.0,249.75,
126.75,249.75,
127.5,249.75,
128.25,249.75,
129.0,249.75,
129.75,249.75,
130.5,249.75,
131.25,249.75,
132.0,249.75,
132.75,249.75,
133.5,249.75,
134.25,249.75,
135.0,249.75,
135.75,249.75,
136.5,249.75,
137.25,249.75,
138.0,249.75,
138.75,249.75,
139.5,249.75,
140.25,249.75,
141.0,249.75,
141.75,249.75,
142.5,249.75,
143.25,249.75,
144.0,249.75,
144.75,249.75,
145.5,249.75,
146.25,249.75,
147.0,249.75,
147.75,249.75,
148.5,249.75,
149.25,249.75,
150.0,249.75,-95.1451247165533
150.75,249.75,-95.09950248756218
151.5,249.75,-95.04199475065617
152.25,249.75,-94.42163828931493
153.0,249.75,-94.26407958252084
153.75,249.75,-94.08523341638853
154.5,249.75,-93.89430807731219
155.25,249.75,-93.22616445266523
156.0,249.75,-93.16889466275624
156.75,249.75,-93.0
157.5,249.75,-93.00000000000001
158.25,249.75,-93.0
159.0,249.75,-93.0
159.75,249.75,-92.91701136977554
160.5,249.75,-92.95618581451758
161.25,249.75,-93.02587318107386
162.0,249.75,-92.94973433706981
162.75,249.75,-92.99017001929377
163.5,249.75,-93.18483456379987
164.25,249.75,-93.51442893889892
165.0,249.75,-93.74640632171759
165.75,249.75,-93.42631196891128
166.5,249.75,-93.70850374071452
167.25,249.75,-93.34185711785354
168.0,249.75,-90.59946987321005
168.75,249.75,-86.80660357490964
169.5,249.75,-86.59580480957143
170.25,249.75,-87.41116149118254
171.0,249.75,-88.35386699208638
171.75,249.75,-89.29294613461713
172.5,249.75,-90.23291220200788
173.25,249.75,-90.229788506945
174.0,249.75,-87.69689090341521
174.75,249.75,-85.21712934788971
175.5,249.75,-84.08238174686915
176.25,249.75,-80.39371664907708
177.0,249.75,-78.63883552928823
177.75,249.75,-78.57172919280922
178.5,249.75,-78.69021646391248
179.25,249.75,-78.75080972690901
180.0,249.75,-79.27138915574128
180.75,249.75,-79.85937379242337
181.5,249.75,-82.54906738723525
182.25,249.75,-83.57621236168114
183.0,249.75,-84.9359171138211
183.75,249.75,-85.86529857303015
184.5,249.75,-86.22417099405041
185.25,249.75,-88.17734838339392
186.0,249.75,-87.09003944699357
186.75,249.75,-83.8569899446543
187.5,249.75,-82.67049661635903
188.25,249.75,-78.69576787679146
189.0,249.75,-77.80358624789228
189.75,249.75,-77.27730596907176
190.5,249.75,-74.66749827802109
191.25,249.75,-74.8024996821323
192.0,249.75,-75.54633956386294
192.75,249.75,-75.6486930798706
193.5,249.75,-75.51147831933778
194.25,249.75,-76.0102121123388
195.0,249.75,-75.66964298506163
195.75,249.75,-76.12519801203229
196.5,249.75,-74.00320573866509
197.25,249.75,-74.01660103225164
198.0,249.75,-75.61039788618814
198.75,249.75,-75.70453925857296
199.5,249.75,-77.08707203343054
200.25,249.75,-79.38297528848203
201.0,249.75,-81.03004611494742
201.75,249.75,-82.65152816442578
202.5,249.75,-85.3165303326993
203.25,249.75,-85.79048968277706
204.0,249.75,-83.9016949480141
204.75,249.75,-82.42415551102802
205.5,249.75,-81.5374592573517
206.25,249.75,-78.5042844720347
207.0,249.75,-77.4540381971412
207.75,249.75,-76.77493259884159
208.5,249.75,-76.80083854011079
209.25,249.75,-76.54416122348636
210.0,249.75,-73.0969387755102
210.75,249.75,-69.93019421688633
211.5,249.75,-70.01034025498166
212.25,249.75,-72.1348000672572
213.0,249.75,-73.70179770756444
213.75,249.75,-69.7805321099484
214.5,249.75,-65.46795590910985
215.25,249.75,-63.830614061838475
216.0,249.75,-62.64030557197238
216.75,249.75,-61.29191596103357
217.5,249.75,-60.73688236801634
218.25,249.75,-60.04272481326823
219.0,249.75,-60.141163514888085
219.75,249.75,-60.25223864088539
220.5,249.75,-60.79865483671378
221.25,249.75,-60.677715953138794
222.0,249.75,-60.5233428715624
222.75,249.75,-61.87306018195771
223.5,249.75,-63.14555125725338
224.25,249.75,
225.0,249.75,
225.75,249.75,
226.5,249.75,
227.25,249.75,
228.0,249.75,
228.75,249.75,
229.5,249.75,
230.25,249.75,
231.0,249.75,
231.75,249.75,
232.5,249.75,
233.25,249.75,
234.0,249.75,
234.75,249.75,
235.5,249.75,
236.25,249.75,
237.0,249.75,
237.75,249.75,
238.5,249.75,
239.25,249.75,
240.0,249.75,
240.75,249.75,
241.5,249.75,
242.25,249.75,
243.0,249.75,
243.75,249.75,
244.5,249.75,
245.25,249.75,
246.0,249.75,
246.75,249.75,
247.5,249.75,
248.25,249.75,
249.0,249.75,
249.75,249.75,
250.5,249.75,
251.25,249.75,
252.0,249.75,
252.75,249.75,
253.5,249.75,
254.25,249.75,
255.0,249.75,
255.75,249.75,
256.5,249.75,
257.25,249.75,
258.0,249.75,
258.75,249.75,
123.0,250.5,
123.75,250.5,
124.5,250.5,
125.25,250.5,
126.0,250.5,
126.75,250.5,
127.5,250.5,
128.25,250.5,
129.0,250.5,
129.75,250.5,
130.5,250.5,
131.25,250.5,
132.0,250.5,
132.75,250.5,
133.5,250.5,
134.25,250.5,
135.0,250.5,
135.75,250.5,
136.5,250.5,
137.25,250.5,
138.0,250.5,
138.75,250.5,
139.5,250.5,
140.25,250.5,
141.0,250.5,
141.75,250.5,
142.5,250.5,
143.25,250.5,
144.0,250.5,
144.75,250.5,
145.5,250.5,
146.25,250.5,
147.0,250.5,
147.75,250.5,
148.5,250.5,
149.25,250.5,
150.0,250.5,
150.75,250.5,-95.07619047619049
151.5,250.5,-95.03174603174604
152.25,250.5,-94.36866031931237
153.0,250.5,-94.23548577551333
153.75,250.5,-93.42540792540791
154.5,250.5,-93.36274509803921
155.25,250.5,-93.23222748815166
156.0,250.5,-93.0
156.75,250.5,-93.0
157.5,250.5,-92.99999999999999
158.25,250.5,-93.0
159.0,250.5,-93.00000000000001
159.75,250.5,-93.09685789133604
160.5,250.5,-92.90724716062735
161.25,250.5,-93.10265851331023
162.0,250.5,-93.19293494930251
162.75,250.5,-93.0754165809214
163.5,250.5,-93.25056336279334
164.25,250.5,-93.47893982614123
165.0,250.5,-93.7169488919679
165.75,250.5,-93.54175798357417
166.5,250.5,-94.18958070676935
167.25,250.5,-94.208139328471
168.0,250.5,-92.24033515198754
168.75,250.5,-89.78030116895954
169.5,250.5,-88.49450359034073
170.25,250.5,-88.97360523880977
171.0,250.5,-87.74885509557167
171.75,250.5,-87.76920096764887
172.5,250.5,-87.70122730759397
173.25,250.5,-87.4892945805467
174.0,250.5,-86.85210684005864
174.75,250.5,-85.48511422188255
175.5,250.5,-82.25404312668464
176.25,250.5,-78.15876797902973
177.0,250.5,-76.73354595534937
177.75,250.5,-77.45354131198941
178.5,250.5,-77.96369172486435
179.25,250.5,-78.00990388691972
180.0,250.5,-79.06526842976707
180.75,250.5,-80.63827056401206
181.5,250.5,-81.7533344016478
182.25,250.5,-83.42557659117168
183.0,250.5,-85.29495804370634
183.75,250.5,-86.5533369569217
184.5,250.5,-87.36250516908656
185.25,250.5,-86.84051311803817
186.0,250.5,-85.54322668615325
186.75,250.5,-84.44975895059889
187.5,250.5,-80.57264923482172
188.25,250.5,-78.65011915952819
189.0,250.5,-77.61155885721972
189.75,250.5,-76.65991147838629
190.5,250.5,-75.19759893596559
191.25,250.5,-75.53056207271372
192.0,250.5,-75.44135607163197
192.75,250.5,-75.27184047064985
193.5,250.5,-75.60056229250422
194.25,250.5,-75.0148931381944
195.0,250.5,-75.68784096285678
195.75,250.5,-75.96583985150015
196.5,250.5,-73.78371349255445
197.25,250.5,-73.63850390581939
198.0,250.5,-74.86886377973295
198.75,250.5,-74.81638895670696
199.5,250.5,-76.533350848754
200.25,250.5,-78.92119110027777
201.0,250.5,-80.5215243938216
201.75,250.5,-80.45195270078014
202.5,250.5,-82.1487764182425
203.25,250.5,-83.19306218915656
204.0,250.5,-82.76160619571053
204.75,250.5,-82.22410640105727
205.5,250.5,-80.75600178657832
206.25,250.5,-78.72697605916284
207.0,250.5,-76.41051763160009
207.75,250.5,-74.61835548347179
208.5,250.5,-71.74247723373367
209.25,250.5,-70.97303077544109
210.0,250.5,-71.33785479822359
210.75,250.5,-70.45403114356267
211.5,250.5,-70.3532272026402
212.25,250.5,-70.01360341333167
213.0,250.5,-69.81334532820449
213.75,250.5,-66.76820277492675
214.5,250.5,-63.29145319049836
215.25,250.5,-62.41326119706001
216.0,250.5,-61.35756713832445
216.75,250.5,-59.64343968539859
217.5,250.5,-59.35725944349449
218.25,250.5,-59.67502990812229
219.0,250.5,-59.96368597759469
219.75,250.5,-60.364932208619294
220.5,250.5,-60.692599011831675
221.25,250.5,-60.87215574535566
222.0,250.5,-61.1141485655326
222.75,250.5,-62.264334656593036
223.5,250.5,-63.25
224.25,250.5,-63.35444874274662
225.0,250.5,
225.75,250.5,
226.5,250.5,
227.25,250.5,
228.0,250.5,
228.75,250.5,
229.5,250.5,
230.25,250.5,
231.0,250.5,
231.75,250.5,
232.5,250.5,
233.25,250.5,
234.0,250.5,
234.75,250.5,
235.5,250.5,
236.25,250.5,
237.0,250.5,
237.75,250.5,
238.5,250.5,
239.25,250.5,
240.0,250.5,
240.75,250.5,
241.5,250.5,
242.25,250.5,
243.0,250.5,
243.75,250.5,
244.5,250.5,
245.25,250.5,
246.0,250.5,
246.75,250.5,
247.5,250.5,
248.25,250.5,
249.0,250.5,
249.75,250.5,
250.5,250.5,
251.25,250.5,
252.0,250.5,
252.75,250.5,
253.5,250.5,
254.25,250.5,
255.0,250.5,
255.75,250.5,
256.5,250.5,
257.25,250.5,
258.0,250.5,
258.75,250.5,
123.0,251.25,
123.75,251.25,
124.5,251.25,
125.25,251.25,
126.0,251.25,
126.75,251.25,
127.5,251.25,
128.25,251.25,
129.0,251.25,
129.75,251.25,
130.5,251.25,
131.25,251.25,
132.0,251.25,
132.75,251.25,
133.5,251.25,
134.25,251.25,
135.0,251.25,
135.75,251.25,
136.5,251.25,
137.25,251.25,
138.0,251.25,
138.75,251.25,
139.5,251.25,
140.25,251.25,
141.0,251.25,
141.75,251.25,
142.5,251.25,
143.25,251.25,
144.0,251.25,
144.75,251.25,
145.5,251.25,
146.25,251.25,
147.0,251.25,
147.75,251.25,
148.5,251.25,
149.25,251.25,
150.0,251.25,
150.75,251.25,
151.5,251.25,
152.25,251.25,
153.0,251.25,
153.75,251.25,
154.5,251.25,
155.25,251.25,
156.0,251.25,-92.99999999999999
156.75,251.25,-92.99999999999999
157.5,251.25,-93.0
158.25,251.25,-93.0
159.0,251.25,-93.0
159.75,251.25,-93.13893328900426
160.5,251.25,-93.15152072038958
161.25,251.25,-93.06244918685627
162.0,251.25,-93.307893596079
162.75,251.25,-93.4563038337625
163.5,251.25,-93.3025898083653
164.25,251.25,-93.51632170366237
165.0,251.25,-93.4502580907697
165.75,251.25,-93.69156288956098
166.5,251.25,-94.5472624324843
167.25,251.25,-94.74340987095606
168.0,251.25,-93.17138053536584
168.75,251.25,-91.11781665322282
169.5,251.25,-89.44074712923899
170.25,251.25,-88.63805970359607
171.0,251.25,-87.82373999708572
171.75,251.25,-87.03967108844351
172.5,251.25,-87.02723874683018
173.25,251.25,-86.94956593098202
174.0,251.25,-86.61630047195987
174.75,251.25,-83.73984681817336
175.5,251.25,-81.30197626495752
176.25,251.25,-77.71442843220603
177.0,251.25,-76.201616728713
177.75,251.25,-77.5218656433884
178.5,251.25,-78.22332044230947
179.25,251.25,-77.95755300502218
180.0,251.25,-79.79270813037184
180.75,251.25,-81.32420247645379
181.5,251.25,-82.19470000219673
182.25,251.25,-83.67256059547442
183.0,251.25,-85.45916118741886
183.75,251.25,-87.16296031695484
184.5,251.25,-87.8515362575783
185.25,251.25,-88.60735398160521
186.0,251.25,-86.14387897593161
186.75,251.25,-82.65091186105494
187.5,251.25,-80.13843424822511
188.25,251.25,-78.37125938699067
189.0,251.25,-76.79914777239463
189.75,251.25,-76.69728126357319
190.5,251.25,-76.91860817085585
191.25,251.25,-76.30169349605183
192.0,251.25,-75.91790066807177
192.75,251.25,-75.5366799639343
193.5,251.25,-75.48925173632311
194.25,251.25,-75.15055702727282
195.0,251.25,-74.8361408797189
195.75,251.25,-74.09298215272591
196.5,251.25,-73.53783585212261
197.25,251.25,-73.13174807279988
198.0,251.25,-72.26321416418787
198.75,251.25,-73.42111505421542
199.5,251.25,-75.06594043640897
200.25,251.25,-78.18520176655674
201.0,251.25,-80.64487083057212
201.75,251.25,-79.38405369691624
202.5,251.25,-79.13690729663382
203.25,251.25,-80.07908711820156
204.0,251.25,-80.23093482880478
204.75,251.25,-80.75045092575103
205.5,251.25,-78.81313101464434
206.25,251.25,-76.18775522603096
207.0,251.25,-75.00353842959113
207.75,251.25,-73.12721622774382
208.5,251.25,-70.47982780493004
209.25,251.25,-69.92310786414234
210.0,251.25,-70.79225996731984
210.75,251.25,-70.19656187945314
211.5,251.25,-70.40959384603319
212.25,251.25,-69.37539195841349
213.0,251.25,-68.34419060944153
213.75,251.25,-65.30889818468911
214.5,251.25,-62.491803387295235
215.25,251.25,-61.97647080933549
216.0,251.25,-60.7293531473548
216.75,251.25,-59.101884517081245
217.5,251.25,-59.12063163057612
218.25,251.25,-59.50288336802582
219.0,251.25,-60.094743111433196
219.75,251.25,-60.54110950260413
220.5,251.25,-60.89654738820228
221.25,251.25,-61.536882040032026
222.0,251.25,-61.86196578349727
222.75,251.25,-62.42767201491679
223.5,251.25,-63.048035764754545
224.25,251.25,-63.071819401402465
225.0,251.25,
225.75,251.25,
226.5,251.25,
227.25,251.25,
228.0,251.25,
228.75,251.25,
229.5,251.25,
230.25,251.25,
231.0,251.25,
231.75,251.25,
232.5,251.25,
233.25,251.25,
234.0,251.25,
234.75,251.25,
235.5,251.25,
236.25,251.25,
237.0,251.25,
237.75,251.25,
238.5,251.25,
239.25,251.25,
240.0,251.25,
240.75,251.25,
241.5,251.25,
242.25,251.25,
243.0,251.25,
243.75,251.25,
244.5,251.25,
245.25,251.25,
246.0,251.25,
246.75,251.25,
247.5,251.25,
248.25,251.25,
249.0,251.25,
249.75,251.25,
250.5,251.25,
251.25,251.25,
252.0,251.25,
252.75,251.25,
253.5,251.25,
254.25,251.25,
255.0,251.25,
255.75,251.25,
256.5,251.25,
257.25,251.25,
258.0,251.25,
258.75,251.25,
123.0,252.0,
123.75,252.0,
124.5,252.0,
125.25,252.0,
126.0,252.0,
126.75,252.0,
127.5,252.0,
128.25,252.0,
129.0,252.0,
129.75,252.0,
130.5,252.0,
131.25,252.0,
132.0,252.0,
132.75,252.0,
133.5,252.0,
134.25,252.0,
135.0,252.0,
135.75,252.0,
136.5,252.0,
137.25,252.0,
138.0,252.0,
138.75,252.0,
139.5,252.0,
140.25,252.0,
141.0,252.0,
141.75,252.0,
142.5,252.0,
143.25,252.0,
144.0,252.0,
144.75,252.0,
145.5,252.0,
146.25,252.0,
147.0,252.0,
147.75,252.0,
148.5,252.0,
149.25,252.0,
150.0,252.0,
150.75,252.0,
151.5,252.0,
152.25,252.0,
153.0,252.0,
153.75,252.0,
154.5,252.0,
155.25,252.0,
156.0,252.0,-93.0
156.75,252.0,-93.0
157.5,252.0,-93.0
158.25,252.0,-93.0
159.0,252.0,-92.99999999999999
159.75,252.0,-93.00000000000001
160.5,252.0,-93.24025974025973
161.25,252.0,-93.55760037166364
162.0,252.0,-93.40763571286539
162.75,252.0,-93.54263456190066
163.5,252.0,-93.71362773152295
164.25,252.0,-93.13971736487319
165.0,252.0,-93.36406460296097
165.75,252.0,-93.48286983751687
166.5,252.0,-93.91883337934642
167.25,252.0,-93.80933417323797
168.0,252.0,-92.7340862422998
168.75,252.0,-91.16478380195528
169.5,252.0,-89.6679976215304
170.25,252.0,-88.57480184059558
171.0,252.0,-87.41374663072774
171.75,252.0,-86.36848050649385
172.5,252.0,-86.14459579997575
173.25,252.0,-85.84130095585769
174.0,252.0,-86.24999999999999
174.75,252.0,-85.51523155702802
175.5,252.0,-83.22105883852872
176.25,252.0,-78.41569567600156
177.0,252.0,-76.577868852459
177.75,252.0,-78.30595929900507
178.5,252.0,-81.10547402973549
179.25,252.0,-82.28761235446704
180.0,252.0,-82.14240506329114
180.75,252.0,-82.20338308578799
181.5,252.0,-82.45356212203156
182.25,252.0,-83.95384973854134
183.0,252.0,-85.74286936679978
183.75,252.0,-88.26622437284517
184.5,252.0,-90.3325670526088
185.25,252.0,-90.29505726858426
186.0,252.0,-87.96064301552109
186.75,252.0,-83.37815078801482
187.5,252.0,-79.89123140428443
188.25,252.0,-77.71789744020464
189.0,252.0,-76.2634886120734
189.75,252.0,-76.78890368524742
190.5,252.0,-77.42897012832357
191.25,252.0,-77.76373186922243
192.0,252.0,-76.47033898305084
192.75,252.0,-75.7442484949215
193.5,252.0,-75.59779168162508
194.25,252.0,-75.2736496553331
195.0,252.0,-74.96655487580158
195.75,252.0,-74.16997655757001
196.5,252.0,-73.33066202469148
197.25,252.0,-72.58277257813744
198.0,252.0,-71.5
198.75,252.0,-71.57776446363606
199.5,252.0,-72.62400592188871
200.25,252.0,-74.22867012328547
201.0,252.0,-75.12968099861303
201.75,252.0,-75.2542223767642
202.5,252.0,-75.1821011209993
203.25,252.0,-77.75377647233054
204.0,252.0,-78.25
204.75,252.0,-78.15447926178689
205.5,252.0,-75.74272167692563
206.25,252.0,-74.83673950636692
207.0,252.0,-74.10352422907489
207.75,252.0,-72.09780716352185
208.5,252.0,-71.20353174924986
209.25,252.0,-71.10234706576891
210.0,252.0,-71.02777777777777
210.75,252.0,-70.72173298543161
211.5,252.0,-70.52210557888424
212.25,252.0,-69.86029298697538
213.0,252.0,-68.16589861751153
213.75,252.0,-64.12755308691415
214.5,252.0,-62.62520141891657
215.25,252.0,-61.33535048859325
216.0,252.0,-59.382911392405056
216.75,252.0,-58.376168741216375
217.5,252.0,-58.505747560602806
218.25,252.0,-59.588757400684685
219.0,252.0,-60.47002075955549
219.75,252.0,-60.82220731219519
220.5,252.0,-61.426108614347896
221.25,252.0,-61.90556196489295
222.0,252.0,-62.25345622119817
222.75,252.0,-62.73548287372878
223.5,252.0,-63.57783246648445
224.25,252.0,-63.687873965396136
225.0,252.0,-63.879629629629626
225.75,252.0,-63.77729044834308
226.5,252.0,
227.25,252.0,
228.0,252.0,
228.75,252.0,
229.5,252.0,
230.25,252.0,
231.0,252.0,
231.75,252.0,
232.5,252.0,
233.25,252.0,
234.0,252.0,
234.75,252.0,
235.5,252.0,
236.25,252.0,
237.0,252.0,
237.75,252.0,
238.5,252.0,
239.25,252.0,
240.0,252.0,
240.75,252.0,
241.5,252.0,
242.25,252.0,
243.0,252.0,
243.75,252.0,
244.5,252.0,
245.25,252.0,
246.0,252.0,
246.75,252.0,
247.5,252.0,
248.25,252.0,
249.0,252.0,
249.75,252.0,
250.5,252.0,
251.25,252.0,
252.0,252.0,
252.75,252.0,
253.5,252.0,
254.25,252.0,
255.0,252.0,
255.75,252.0,
256.5,252.0,
257.25,252.0,
258.0,252.0,
258.75,252.0,
123.0,252.75,
123.75,252.75,
124.5,252.75,
125.25,252.75,
126.0,252.75,
126.75,252.75,
127.5,252.75,
128.25,252.75,
129.0,252.75,
129.75,252.75,
130.5,252.75,
131.25,252.75,
132.0,252.75,
132.75,252.75,
133.5,252.75,
134.25,252.75,
135.0,252.75,
135.75,252.75,
136.5,252.75,
137.25,252.75,
138.0,252.75,
138.75,252.75,
139.5,252.75,
140.25,252.75,
141.0,252.75,
141.75,252.75,
142.5,252.75,
143.25,252.75,
144.0,252.75,
144.75,252.75,
145.5,252.75,
146.25,252.75,
147.0,252.75,
147.75,252.75,
148.5,252.75,
149.25,252.75,
150.0,252.75,
150.75,252.75,
151.5,252.75,
152.25,252.75,
153.0,252.75,
153.75,252.75,
154.5,252.75,
155.25,252.75,
156.0,252.75,
156.75,252.75,-93.0
157.5,252.75,-93.0
158.25,252.75,-93.0
159.0,252.75,
159.75,252.75,
160.5,252.75,-93.29434447300771
161.25,252.75,-93.33431952662721
162.0,252.75,-93.78845650310485
162.75,252.75,-94.10611575698458
163.5,252.75,-93.75556028428248
164.25,252.75,-93.9311758230229
165.0,252.75,-93.20532237819437
165.75,252.75,-93.13081863383304
166.5,252.75,-93.28986095077069
167.25,252.75,-92.85028220909932
168.0,252.75,-91.9916768343658
168.75,252.75,-90.8192267852004
169.5,252.75,-89.50035180277754
170.25,252.75,-87.9087738760047
171.0,252.75,-87.05556357500782
171.75,252.75,-85.66208781808771
172.5,252.75,-84.47545975887655
173.25,252.75,-84.28975335662275
174.0,252.75,-85.84315950059899
174.75,252.75,-89.06930155027457
175.5,252.75,-86.96463669303068
176.25,252.75,-77.2643148297872
177.0,252.75,-71.40614273165102
177.75,252.75,-77.27385498840148
178.5,252.75,-86.24528913324995
179.25,252.75,-88.62717423150009
180.0,252.75,-84.079242293027
180.75,252.75,-82.15261969946485
181.5,252.75,-82.50786578312041
182.25,252.75,-83.67994995458304
183.0,252.75,-85.73325009655382
183.75,252.75,-89.23179602465044
184.5,252.75,-92.27241473675167
185.25,252.75,-93.23862176809922
186.0,252.75,-89.15571263690155
186.75,252.75,-83.89290676999039
187.5,252.75,-78.96535169915904
188.25,252.75,-76.3244558197017
189.0,252.75,-75.32142370368295
189.75,252.75,-75.69948667019555
190.5,252.75,-79.24215405464658
191.25,252.75,-80.16579983774768
192.0,252.75,-76.73159273233452
192.75,252.75,-75.92549550283894
193.5,252.75,-75.74590244382156
194.25,252.75,-75.34015166171632
195.0,252.75,-75.14087158179642
195.75,252.75,-74.38348005563851
196.5,252.75,-72.50732040703403
197.25,252.75,-72.1191051079051
198.0,252.75,-70.93787148406821
198.75,252.75,-70.98077853052816
199.5,252.75,-70.95644136317529
200.25,252.75,-71.21657114017098
201.0,252.75,-71.07047077940467
201.75,252.75,-71.37881694636205
202.5,252.75,-72.1693604547238
203.25,252.75,-73.86988442472389
204.0,252.75,-72.95111143308114
204.75,252.75,-75.24112206581925
205.5,252.75,-74.27790768483175
206.25,252.75,-72.99122620734948
207.0,252.75,-72.2534128198871
207.75,252.75,-71.37859668236295
208.5,252.75,-71.57181924746634
209.25,252.75,-71.78573379562692
210.0,252.75,-71.0365256716731
210.75,252.75,-70.4110410140253
211.5,252.75,-70.27697654424584
212.25,252.75,-70.25692055708988
213.0,252.75,-67.97593970878536
213.75,252.75,-64.78002851166136
214.5,252.75,-62.300821400824404
215.25,252.75,-59.54628474950205
216.0,252.75,-57.97784988357127
216.75,252.75,-56.0083427662652
217.5,252.75,-56.8540923230178
218.25,252.75,-59.90235954033226
219.0,252.75,-60.96541525470628
219.75,252.75,-61.12969642384546
220.5,252.75,-61.85158456131187
221.25,252.75,-62.47414798197416
222.0,252.75,-62.99460049621698
222.75,252.75,-63.74794079636621
223.5,252.75,-63.701126537657466
224.25,252.75,-63.65262370756602
225.0,252.75,-64.32154739995677
225.75,252.75,-63.68427230046948
226.5,252.75,-63.61666666666666
227.25,252.75,
228.0,252.75,
228.75,252.75,
229.5,252.75,
230.25,252.75,
231.0,252.75,
231.75,252.75,
232.5,252.75,
233.25,252.75,
234.0,252.75,
234.75,252.75,
235.5,252.75,
236.25,252.75,
237.0,252.75,
237.75,252.75,
238.5,252.75,
239.25,252.75,
240.0,252.75,
240.75,252.75,
241.5,252.75,
242.25,252.75,
243.0,252.75,
243.75,252.75,
244.5,252.75,
245.25,252.75,
246.0,252.75,
246.75,252.75,
247.5,252.75,
248.25,252.75,
249.0,252.75,
249.75,252.75,
250.5,252.75,
251.25,252.75,
252.0,252.75,
252.75,252.75,
253.5,252.75,
254.25,252.75,
255.0,252.75,
255.75,252.75,
256.5,252.75,
257.25,252.75,
258.0,252.75,
258.75,252.75,
123.0,253.5,
123.75,253.5,
124.5,253.5,
125.25,253.5,
126.0,253.5,
126.75,253.5,
127.5,253.5,
128.25,253.5,
129.0,253.5,
129.75,253.5,
130.5,253.5,
131.25,253.5,
132.0,253.5,
132.75,253.5,
133.5,253.5,
134.25,253.5,
135.0,253.5,
135.75,253.5,
136.5,253.5,
137.25,253.5,
138.0,253.5,
138.75,253.5,
139.5,253.5,
140.25,253.5,
141.0,253.5,
141.75,253.5,
142.5,253.5,
143.25,253.5,
144.0,253.5,
144.75,253.5,
145.5,253.5,
146.25,253.5,
147.0,253.5,
147.75,253.5,
148.5,253.5,
149.25,253.5,
150.0,253.5,
150.75,253.5,
151.5,253.5,
152.25,253.5,
153.0,253.5,
153.75,253.5,
154.5,253.5,
155.25,253.5,
156.0,253.5,
156.75,253.5,
157.5,253.5,
158.25,253.5,
159.0,253.5,
159.75,253.5,
160.5,253.5,
161.25,253.5,-93.37185354691077
162.0,253.5,-93.86702656627362
162.75,253.5,-93.98571765478601
163.5,253.5,-94.28195465174545
164.25,253.5,-94.40188833656319
165.0,253.5,-94.7375783569779
165.75,253.5,-93.40751046926898
166.5,253.5,-93.38649018914619
167.25,253.5,-92.37066786012194
168.0,253.5,-91.31933409668675
168.75,253.5,-90.3746789216659
169.5,253.5,-88.96157705722082
170.25,253.5,-87.78217145015337
171.0,253.5,-86.92716707296464
171.75,253.5,-84.97321514499582
172.5,253.5,-84.5209680713459
173.25,253.5,-84.28712107967938
174.0,253.5,-85.72554990896515
174.75,253.5,-88.13052349852242
175.5,253.5,-86.25118348797577
176.25,253.5,-78.88191325045706
177.0,253.5,-73.9509783133956
177.75,253.5,-78.62600005121656
178.5,253.5,-85.61003695393957
179.25,253.5,-87.5987158362638
180.0,253.5,-84.64296971091721
180.75,253.5,-82.47370336111544
181.5,253.5,-82.82177322074789
182.25,253.5,-84.27622181255968
183.0,253.5,-85.76336363957971
183.75,253.5,-87.7761928051358
184.5,253.5,-90.22385960410787
185.25,253.5,-91.23556658154463
186.0,253.5,-86.78492906422548
186.75,253.5,-82.09181295684266
187.5,253.5,-78.15230337272723
188.25,253.5,-74.19599901595768
189.0,253.5,-71.87052228366282
189.75,253.5,-73.60228534232408
190.5,253.5,-77.0881512361139
191.25,253.5,-78.09057857884224
192.0,253.5,-75.45571428571428
192.75,253.5,-75.41056229758897
193.5,253.5,-75.26003597803447
194.25,253.5,-75.18236290770767
195.0,253.5,-75.92457201193652
195.75,253.5,-74.42481611422002
196.5,253.5,-72.85716207305775
197.25,253.5,-70.67153850138467
198.0,253.5,-70.24509079282295
198.75,253.5,-70.48820327407586
199.5,253.5,-70.16019553857392
200.25,253.5,-70.0777670230268
201.0,253.5,-70.5451965950547
201.75,253.5,-70.19045404236886
202.5,253.5,-70.90031274433149
203.25,253.5,-71.52727163713165
204.0,253.5,-72.80975866542165
204.75,253.5,-73.62309423820807
205.5,253.5,-73.73515851350498
206.25,253.5,-72.75233321616976
207.0,253.5,-71.74704556767426
207.75,253.5,-71.48717581943403
208.5,253.5,-71.27880947872427
209.25,253.5,-71.44579363582092
210.0,253.5,-70.95993377483444
210.75,253.5,-71.45770426211601
211.5,253.5,-71.65668626010286
212.25,253.5,-71.68625987216502
213.0,253.5,-70.3507145827406
213.75,253.5,-64.56430923574315
214.5,253.5,-62.62939529453668
215.25,253.5,-59.50383350543835
216.0,253.5,-57.80360663363631
216.75,253.5,-56.48851627536186
217.5,253.5,-57.41956181785939
218.25,253.5,-60.22869174221739
219.0,253.5,-61.072634424203855
219.75,253.5,-61.838514445854656
220.5,253.5,-62.927241548260646
221.25,253.5,-63.97817933205158
222.0,253.5,-64.0687716396799
222.75,253.5,-63.9595563201832
223.5,253.5,-63.82377417081503
224.25,253.5,-63.69118230925119
225.0,253.5,-64.19713358572201
225.75,253.5,-64.14190416524208
226.5,253.5,-63.50438596491229
227.25,253.5,
228.0,253.5,
228.75,253.5,
229.5,253.5,
230.25,253.5,
231.0,253.5,
231.75,253.5,
232.5,253.5,
233.25,253.5,
234.0,253.5,
234.75,253.5,
235.5,253.5,
236.25,253.5,
237.0,253.5,
237.75,253.5,
238.5,253.5,
239.25,253.5,
240.0,253.5,
240.75,253.5,
241.5,253.5,
242.25,253.5,
243.0,253.5,
243.75,253.5,
244.5,253.5,
245.25,253.5,
246.0,253.5,
246.75,253.5,
247.5,253.5,
248.25,253.5,
249.0,253.5,
249.75,253.5,
250.5,253.5,
251.25,253.5,
252.0,253.5,
252.75,253.5,
253.5,253.5,
254.25,253.5,
255.0,253.5,
255.75,253.5,
256.5,253.5,
257.25,253.5,
258.0,253.5,
258.75,253.5,
123.0,254.25,
123.75,254.25,
124.5,254.25,
125.25,254.25,
126.0,254.25,
126.75,254.25,
127.5,254.25,
128.25,254.25,
129.0,254.25,
129.75,254.25,
130.5,254.25,
131.25,254.25,
132.0,254.25,
132.75,254.25,
133.5,254.25,
134.25,254.25,
135.0,254.25,
135.75,254.25,
136.5,254.25,
137.25,254.25,
138.0,254.25,
138.75,254.25,
139.5,254.25,
140.25,254.25,
141.0,254.25,
141.75,254.25,
142.5,254.25,
143.25,254.25,
144.0,254.25,
144.75,254.25,
145.5,254.25,
146.25,254.25,
147.0,254.25,
147.75,254.25,
148.5,254.25,
149.25,254.25,
150.0,254.25,
150.75,254.25,
151.5,254.25,
152.25,254.25,
153.0,254.25,
153.75,254.25,
154.5,254.25,
155.25,254.25,
156.0,254.25,
156.75,254.25,
157.5,254.25,
158.25,254.25,
159.0,254.25,
159.75,254.25,
160.5,254.25,
161.25,254.25,
162.0,254.25,-93.89083820662769
162.75,254.25,-94.023223352371
163.5,254.25,-94.13333608628601
164.25,254.25,-94.70170943299536
165.0,254.25,-94.73446424581888
165.75,254.25,-94.7666415421627
166.5,254.25,-93.12659549115075
167.25,254.25,-91.82014314011712
168.0,254.25,-90.39221972924723
168.75,254.25,-89.57265611884318
169.5,254.25,-88.76647579492156
170.25,254.25,-87.76527443150387
171.0,254.25,-87.06820569547695
171.75,254.25,-85.14847400603456
172.5,254.25,-84.96475064473903
173.25,254.25,-84.51125460039911
174.0,254.25,-85.05187879222837
174.75,254.25,-85.39259982632308
175.5,254.25,-84.32337152918078
176.25,254.25,-82.84151455287672
177.0,254.25,-82.89753087093581
177.75,254.25,-82.75741845000044
178.5,254.25,-83.43921320254528
179.25,254.25,-84.991557489498
180.0,254.25,-84.281070451832
180.75,254.25,-83.99613998675378
181.5,254.25,-84.16835308664106
182.25,254.25,-84.4816334051707
183.0,254.25,-84.79465893270473
183.75,254.25,-84.04887199959154
184.5,254.25,-83.26835348655872
185.25,254.25,-82.36740540918399
186.0,254.25,-82.0002336289326
186.75,254.25,-78.60275760786413
187.5,254.25,-74.66511847056724
188.25,254.25,-70.50539218115513
189.0,254.25,-69.37576791639314
189.75,254.25,-70.32119974221355
190.5,254.25,-70.27905208445716
191.25,254.25,-70.10505648342789
192.0,254.25,-72.39468904755782
192.75,254.25,-72.90940435777323
193.5,254.25,-73.51498145987384
194.25,254.25,-75.30937136928573
195.0,254.25,-76.37542648306325
195.75,254.25,-75.6752530619508
196.5,254.25,-73.4777227554676
197.25,254.25,-70.0721848053374
198.0,254.25,-68.67234118096734
198.75,254.25,-67.43261763186105
199.5,254.25,-67.52111803056313
200.25,254.25,-67.82435668134939
201.0,254.25,-67.33507787332422
201.75,254.25,-68.15969475329474
202.5,254.25,-69.48703508075072
203.25,254.25,-70.30368658639807
204.0,254.25,-72.95010230238653
204.75,254.25,-75.57860002796716
205.5,254.25,-75.27254556543436
206.25,254.25,-72.95235991301328
207.0,254.25,-71.90112500042117
207.75,254.25,-71.10020079943263
208.5,254.25,-69.63611729962133
209.25,254.25,-69.43557823830386
210.0,254.25,-70.84165090166418
210.75,254.25,-71.66526139788266
211.5,254.25,-71.9705356217918
212.25,254.25,-71.98223815021959
213.0,254.25,-70.78802536522386
213.75,254.25,-67.98749916799221
214.5,254.25,-64.7271708912985
215.25,254.25,-60.208071138512146
216.0,254.25,-58.76075944927014
216.75,254.25,-58.559444263899145
217.5,254.25,-59.716112928117546
218.25,254.25,-61.38638725120135
219.0,254.25,-62.44368081332702
219.75,254.25,-62.93795590816399
220.5,254.25,-64.16008359527603
221.25,254.25,-64.82547758408609
222.0,254.25,-64.50423516765493
222.75,254.25,-64.11674542484086
223.5,254.25,-63.839416586112165
224.25,254.25,-64.40606350230833
225.0,254.25,-64.01306733737282
225.75,254.25,-63.99314997243346
226.5,254.25,-63.369753086419756
227.25,254.25,
228.0,254.25,
228.75,254.25,
229.5,254.25,
230.25,254.25,
231.0,254.25,
231.75,254.25,
232.5,254.25,
233.25,254.25,
234.0,254.25,
234.75,254.25,
235.5,254.25,
236.25,254.25,
237.0,254.25,
237.75,254.25,
238.5,254.25,
239.25,254.25,
240.0,254.25,
240.75,254.25,
241.5,254.25,
242.25,254.25,
243.0,254.25,
243.75,254.25,
244.5,254.25,
245.25,254.25,
246.0,254.25,
246.75,254.25,
247.5,254.25,
248.25,254.25,
249.0,254.25,
249.75,254.25,
250.5,254.25,
251.25,254.25,
252.0,254.25,
252.75,254.25,
253.5,254.25,
254.25,254.25,
255.0,254.25,
255.75,254.25,
256.5,254.25,
257.25,254.25,
258.0,254.25,
258.75,254.25,
123.0,255.0,
123.75,255.0,
124.5,255.0,
125.25,255.0,
126.0,255.0,
126.75,255.0,
127.5,255.0,
128.25,255.0,
129.0,255.0,
129.75,255.0,
130.5,255.0,
131.25,255.0,
132.0,255.0,
132.75,255.0,
133.5,255.0,
134.25,255.0,
135.0,255.0,
135.75,255.0,
136.5,255.0,
137.25,255.0,
138.0,255.0,
138.75,255.0,
139.5,255.0,
140.25,255.0,
141.0,255.0,
141.75,255.0,
142.5,255.0,
143.25,255.0,
144.0,255.0,
144.75,255.0,
145.5,255.0,
146.25,255.0,
147.0,255.0,
147.75,255.0,
148.5,255.0,
149.25,255.0,
150.0,255.0,
150.75,255.0,
151.5,255.0,
152.25,255.0,
153.0,255.0,
153.75,255.0,
154.5,255.0,
155.25,255.0,
156.0,255.0,
156.75,255.0,
157.5,255.0,
158.25,255.0,
159.0,255.0,
159.75,255.0,
160.5,255.0,
161.25,255.0,
162.0,255.0,
162.75,255.0,
163.5,255.0,
164.25,255.0,
165.0,255.0,
165.75,255.0,
166.5,255.0,
167.25,255.0,
168.0,255.0,-90.93478260869564
168.75,255.0,-89.23131199399498
169.5,255.0,-88.53454590264428
170.25,255.0,-87.75730824126445
171.0,255.0,-87.09756097560978
171.75,255.0,-84.65840828137814
172.5,255.0,-84.69428392783949
173.25,255.0,-84.32897291590642
174.0,255.0,-84.43063769983019
174.75,255.0,-84.32511741349889
175.5,255.0,-84.27879779365566
176.25,255.0,-85.08687482354343
177.0,255.0,-86.49999999999623
177.75,255.0,-85.31293732374202
178.5,255.0,-84.05512299262365
179.25,255.0,-84.24238517607236
180.0,255.0,-84.56126482213439
180.75,255.0,-85.97994295828153
181.5,255.0,-84.81242374436175
182.25,255.0,-84.41235134537851
183.0,255.0,-83.8
183.75,255.0,-82.12081433990656
184.5,255.0,-79.92014146576591
185.25,255.0,-79.11539137060396
186.0,255.0,-79.48100616016427
186.75,255.0,-77.29672839529344
187.5,255.0,-73.68404122296623
188.25,255.0,-69.79582899000712
189.0,255.0,-68.00000000000365
189.75,255.0,-68.9489495157727
190.5,255.0,-66.72860352471403
191.25,255.0,-65.53960940629362
192.0,255.0,-70.02868852459014
192.75,255.0,-71.60125932222029
193.5,255.0,-72.26406325506167
194.25,255.0,-75.74780664417945
195.0,255.0,-77.99999999999575
195.75,255.0,-76.54747191555143
196.5,255.0,-73.82465627857464
197.25,255.0,-69.84901278658435
198.0,255.0,-67.18691692581076
198.75,255.0,-65.19692988771939
199.5,255.0,-65.71842616117989
200.25,255.0,-66.29220482161168
201.0,255.0,-65.00000000000406
201.75,255.0,-66.90647206917798
202.5,255.0,-68.95492078295783
203.25,255.0,-69.14087694983225
204.0,255.0,-73.07103186202863
204.75,255.0,-77.64146906864774
205.5,255.0,-76.74599867686487
206.25,255.0,-72.89014810853097
207.0,255.0,-71.99999999999956
207.75,255.0,-71.05291566142711
208.5,255.0,-68.78473160484816
209.25,255.0,-68.2498938172295
210.0,255.0,-70.67213114754097
210.75,255.0,-71.96949916756523
211.5,255.0,-72.03725717599303
212.25,255.0,-71.99209468710418
213.0,255.0,-71.49206349206348
213.75,255.0,-68.96398493896915
214.5,255.0,-66.80648784571989
215.25,255.0,-63.18446070811424
216.0,255.0,-60.75150652828925
216.75,255.0,-60.604400045913735
217.5,255.0,-61.65605402035674
218.25,255.0,-62.62615903749546
219.0,255.0,-62.999999999999815
219.75,255.0,-63.40721908115894
220.5,255.0,-65.04977582738708
221.25,255.0,-65.40905644416804
222.0,255.0,-64.69558521560575
222.75,255.0,-64.04851272859393
223.5,255.0,-64.2760295321084
224.25,255.0,-64.24172544244226
225.0,255.0,-64.77906976744187
225.75,255.0,-63.8148058293038
226.5,255.0,-63.87805499745106
227.25,255.0,
228.0,255.0,
228.75,255.0,
229.5,255.0,
230.25,255.0,
231.0,255.0,
231.75,255.0,
232.5,255.0,
233.25,255.0,
234.0,255.0,
234.75,255.0,
235.5,255.0,
236.25,255.0,
237.0,255.0,
237.75,255.0,
238.5,255.0,
239.25,255.0,
240.0,255.0,
240.75,255.0,
241.5,255.0,
242.25,255.0,
243.0,255.0,
243.75,255.0,
244.5,255.0,
245.25,255.0,
246.0,255.0,
246.75,255.0,
247.5,255.0,
248.25,255.0,
249.0,255.0,
249.75,255.0,
250.5,255.0,
251.25,255.0,
252.0,255.0,
252.75,255.0,
253.5,255.0,
254.25,255.0,
255.0,255.0,
255.75,255.0,
256.5,255.0,
257.25,255.0,
258.0,255.0,
258.75,255.0,
123.0,255.75,
123.75,255.75,
124.5,255.75,
125.25,255.75,
126.0,255.75,
126.75,255.75,
127.5,255.75,
128.25,255.75,
129.0,255.75,
129.75,255.75,
130.5,255.75,
131.25,255.75,
132.0,255.75,
132.75,255.75,
133.5,255.75,
134.25,255.75,
135.0,255.75,
135.75,255.75,
136.5,255.75,
137.25,255.75,
138.0,255.75,
138.75,255.75,
139.5,255.75,
140.25,255.75,
141.0,255.75,
141.75,255.75,
142.5,255.75,
143.25,255.75,
144.0,255.75,
144.75,255.75,
145.5,255.75,
146.25,255.75,
147.0,255.75,
147.75,255.75,
148.5,255.75,
149.25,255.75,
150.0,255.75,
150.75,255.75,
151.5,255.75,
152.25,255.75,
153.0,255.75,
153.75,255.75,
154.5,255.75,
155.25,255.75,
156.0,255.75,
156.75,255.75,
157.5,255.75,
158.25,255.75,
159.0,255.75,
159.75,255.75,
160.5,255.75,
161.25,255.75,
162.0,255.75,
162.75,255.75,
163.5,255.75,
164.25,255.75,
165.0,255.75,
165.75,255.75,
166.5,255.75,
167.25,255.75,
168.0,255.75,-90.38195991091314
168.75,255.75,-89.5
169.5,255.75,-88.10826547111823
170.25,255.75,-87.87739570872255
171.0,255.75,-86.20672726388955
171.75,255.75,-84.59182771982496
172.5,255.75,-84.61121356170725
173.25,255.75,-84.63518908341317
174.0,255.75,-84.04428009494185
174.75,255.75,-84.91601387968781
175.5,255.75,-84.60149028438641
176.25,255.75,-85.11662388566141
177.0,255.75,-85.65805616775906
177.75,255.75,-85.1939150723239
178.5,255.75,-84.27647253272163
179.25,255.75,-84.42908114628233
180.0,255.75,-86.9259583163517
180.75,255.75,-86.2964163728338
181.5,255.75,-85.45793913349353
182.25,255.75,-84.30205369272065
183.0,255.75,-83.34130688811048
183.75,255.75,-81.80944784918583
184.5,255.75,-79.90536344993843
185.25,255.75,-79.05216578011135
186.0,255.75,-78.1330244198567
186.75,255.75,-75.9512454332257
187.5,255.75,-73.01056790133372
188.25,255.75,-71.32721533211173
189.0,255.75,-70.21947057687375
189.75,255.75,-70.02603104613279
190.5,255.75,-68.37022122657869
191.25,255.75,-67.91845595250598
192.0,255.75,-70.15770743616193
192.75,255.75,-71.89886332606314
193.5,255.75,-72.66553414750578
194.25,255.75,-74.79388881993377
195.0,255.75,-76.21889984443168
195.75,255.75,-75.64054952227812
196.5,255.75,-73.54226864842607
197.25,255.75,-69.96891829845852
198.0,255.75,-67.51235213183554
198.75,255.75,-66.12111937564802
199.5,255.75,-66.19252742918042
200.25,255.75,-66.39352678140452
201.0,255.75,-66.19184455970398
201.75,255.75,-67.37622983886868
202.5,255.75,-68.94471819512131
203.25,255.75,-69.85166241788173
204.0,255.75,-72.5374117747663
204.75,255.75,-75.49100205604229
205.5,255.75,-75.20452709830562
206.25,255.75,-72.80315042630704
207.0,255.75,-71.67695599469462
207.75,255.75,-70.46960820399427
208.5,255.75,-69.1625810100398
209.25,255.75,-69.22761880947746
210.0,255.75,-71.2201454129138
210.75,255.75,-72.63717209509453
211.5,255.75,-72.86514357381535
212.25,255.75,-72.08501968973917
213.0,255.75,-71.0184960101041
213.75,255.75,-69.9824583062847
214.5,255.75,-68.19803649943171
215.25,255.75,-66.34639234159465
216.0,255.75,-62.01912987184664
216.75,255.75,-62.2800336208067
217.5,255.75,-62.50991192315606
218.25,255.75,-63.02135895361055
219.0,255.75,-63.26821718333698
219.75,255.75,-64.33485655221168
220.5,255.75,-64.77266812930868
221.25,255.75,-65.33846200496603
222.0,255.75,-64.93221051954743
222.75,255.75,-64.13016226922645
223.5,255.75,-63.826779208001426
224.25,255.75,-64.04362152590367
225.0,255.75,-65.48760705252273
225.75,255.75,-66.08281020977283
226.5,255.75,-63.756054989743404
227.25,255.75,
228.0,255.75,
228.75,255.75,
229.5,255.75,
230.25,255.75,
231.0,255.75,
231.75,255.75,
232.5,255.75,
233.25,255.75,
234.0,255.75,
234.75,255.75,
235.5,255.75,
236.25,255.75,
237.0,255.75,
237.75,255.75,
238.5,255.75,
239.25,255.75,
240.0,255.75,
240.75,255.75,
241.5,255.75,
242.25,255.75,
243.0,255.75,
243.75,255.75,
244.5,255.75,
245.25,255.75,
246.0,255.75,
246.75,255.75,
247.5,255.75,
248.25,255.75,
249.0,255.75,
249.75,255.75,
250.5,255.75,
251.25,255.75,
252.0,255.75,
252.75,255.75,
253.5,255.75,
254.25,255.75,
255.0,255.75,
255.75,255.75,
256.5,255.75,
257.25,255.75,
258.0,255.75,
258.75,255.75,
123.0,256.5,
123.75,256.5,
124.5,256.5,
125.25,256.5,
126.0,256.5,
126.75,256.5,
127.5,256.5,
128.25,256.5,
129.0,256.5,
129.75,256.5,
130.5,256.5,
131.25,256.5,
132.0,256.5,
132.75,256.5,
133.5,256.5,
134.25,256.5,
135.0,256.5,
135.75,256.5,
136.5,256.5,
137.25,256.5,
138.0,256.5,
138.75,256.5,
139.5,256.5,
140.25,256.5,
141.0,256.5,
141.75,256.5,
142.5,256.5,
143.25,256.5,
144.0,256.5,
144.75,256.5,
145.5,256.5,
146.25,256.5,
147.0,256.5,
147.75,256.5,
148.5,256.5,
149.25,256.5,
150.0,256.5,
150.75,256.5,
151.5,256.5,
152.25,256.5,
153.0,256.5,
153.75,256.5,
154.5,256.5,
155.25,256.5,
156.0,256.5,
156.75,256.5,
157.5,256.5,
158.25,256.5,
159.0,256.5,
159.75,256.5,
160.5,256.5,
161.25,256.5,
162.0,256.5,
162.75,256.5,
163.5,256.5,
164.25,256.5,
165.0,256.5,
165.75,256.5,
166.5,256.5,
167.25,256.5,
168.0,256.5,
168.75,256.5,-89.24066797642435
169.5,256.5,
170.25,256.5,-86.17620137299771
171.0,256.5,-86.37827361255556
171.75,256.5,-86.4345860498107
172.5,256.5,-84.48919321792914
173.25,256.5,-84.14146615920718
174.0,256.5,-83.55022602571312
174.75,256.5,-83.54347544167406
175.5,256.5,-83.63536427193065
176.25,256.5,-84.31188218216332
177.0,256.5,-84.79116802398538
177.75,256.5,-85.03992989357681
178.5,256.5,-85.29733424470267
179.25,256.5,-86.68966307472529
180.0,256.5,-86.93865910065728
180.75,256.5,-86.81059028472782
181.5,256.5,-86.41754027103042
182.25,256.5,-83.71951663624289
183.0,256.5,-82.29448149221996
183.75,256.5,-81.04514167306199
184.5,256.5,-79.30379922351635
185.25,256.5,-77.23089439443359
186.0,256.5,-75.38881121388113
186.75,256.5,-74.35763054328042
187.5,256.5,-74.11055130251306
188.25,256.5,-73.58068192745519
189.0,256.5,-73.99709221316782
189.75,256.5,-72.332996813534
190.5,256.5,-70.29097616677402
191.25,256.5,-70.21451392891461
192.0,256.5,-70.93868129480775
192.75,256.5,-71.95646341471776
193.5,256.5,-72.38842038492177
194.25,256.5,-73.56904797819621
195.0,256.5,-74.04349250334116
195.75,256.5,-74.23547111011437
196.5,256.5,-72.18755278882644
197.25,256.5,-70.17048725745008
198.0,256.5,-68.34767003964078
198.75,256.5,-67.23249345118602
199.5,256.5,-66.97539847539848
200.25,256.5,-67.01453382164594
201.0,256.5,-67.29772682312169
201.75,256.5,-68.06039910429708
202.5,256.5,-69.17927663734113
203.25,256.5,-70.34989437446063
204.0,256.5,-72.01838105497569
204.75,256.5,-73.16653751522931
205.5,256.5,-73.0501526216143
206.25,256.5,-72.16796437677513
207.0,256.5,-71.46611262358503
207.75,256.5,-69.91391524819517
208.5,256.5,-67.78667460167176
209.25,256.5,-67.71084645441343
210.0,256.5,-71.906169905401
210.75,256.5,-76.95707788250233
211.5,256.5,-76.0611672278339
212.25,256.5,-71.8286096098298
213.0,256.5,-69.63490278910915
213.75,256.5,-69.87041029883038
214.5,256.5,-69.2370439357169
215.25,256.5,-67.25930522264512
216.0,256.5,-63.46103382710746
216.75,256.5,-63.07921106607734
217.5,256.5,-63.080946035976005
218.25,256.5,-64.22095531009629
219.0,256.5,-64.16946117062794
219.75,256.5,-64.78004471554189
220.5,256.5,-65.61498973305956
221.25,256.5,-65.7327158021054
222.0,256.5,-64.68895449611566
222.75,256.5,-62.81323272655162
223.5,256.5,-63.08108556307818
224.25,256.5,-64.29450396480524
225.0,256.5,-65.39684120605519
225.75,256.5,-66.18739723911233
226.5,256.5,-65.84114583333333
227.25,256.5,
228.0,256.5,
228.75,256.5,
229.5,256.5,
230.25,256.5,
231.0,256.5,
231.75,256.5,
232.5,256.5,
233.25,256.5,
234.0,256.5,
234.75,256.5,
235.5,256.5,
236.25,256.5,
237.0,256.5,
237.75,256.5,
238.5,256.5,
239.25,256.5,
240.0,256.5,
240.75,256.5,
241.5,256.5,
242.25,256.5,
243.0,256.5,
243.75,256.5,
244.5,256.5,
245.25,256.5,
246.0,256.5,
246.75,256.5,
247.5,256.5,
248.25,256.5,
249.0,256.5,
249.75,256.5,
250.5,256.5,
251.25,256.5,
252.0,256.5,
252.75,256.5,
253.5,256.5,
254.25,256.5,
255.0,256.5,
255.75,256.5,
256.5,256.5,
257.25,256.5,
258.0,256.5,
258.75,256.5,
123.0,257.25,
123.75,257.25,
124.5,257.25,
125.25,257.25,
126.0,257.25,
126.75,257.25,
127.5,257.25,
128.25,257.25,
129.0,257.25,
129.75,257.25,
130.5,257.25,
131.25,257.25,
132.0,257.25,
132.75,257.25,
133.5,257.25,
134.25,257.25,
135.0,257.25,
135.75,257.25,
136.5,257.25,
137.25,257.25,
138.0,257.25,
138.75,257.25,
139.5,257.25,
140.25,257.25,
141.0,257.25,
141.75,257.25,
142.5,257.25,
143.25,257.25,
144.0,257.25,
144.75,257.25,
145.5,257.25,
146.25,257.25,
147.0,257.25,
147.75,257.25,
148.5,257.25,
149.25,257.25,
150.0,257.25,
150.75,257.25,
151.5,257.25,
152.25,257.25,
153.0,257.25,
153.75,257.25,
154.5,257.25,
155.25,257.25,
156.0,257.25,
156.75,257.25,
157.5,257.25,
158.25,257.25,
159.0,257.25,
159.75,257.25,
160.5,257.25,
161.25,257.25,
162.0,257.25,
162.75,257.25,
163.5,257.25,
164.25,257.25,
165.0,257.25,
165.75,257.25,
166.5,257.25,
167.25,257.25,
168.0,257.25,
168.75,257.25,
169.5,257.25,
170.25,257.25,
171.0,257.25,-86.35857461024499
171.75,257.25,-86.45608599916605
172.5,257.25,-85.5701833180714
173.25,257.25,-83.4936026638559
174.0,257.25,-83.16671551850027
174.75,257.25,-83.11458289384326
175.5,257.25,-83.08183060991962
176.25,257.25,-83.62399335180623
177.0,257.25,-83.36089215938489
177.75,257.25,-85.53392027343911
178.5,257.25,-85.58923787653546
179.25,257.25,-86.22878982206805
180.0,257.25,-86.94406309867387
180.75,257.25,-87.08803536793695
181.5,257.25,-86.6200030177094
182.25,257.25,-83.98271184225472
183.0,257.25,-82.14091504033328
183.75,257.25,-81.91035087657974
184.5,257.25,-77.79413716524975
185.25,257.25,-75.92911850652374
186.0,257.25,-74.58141485996278
186.75,257.25,-74.39980116156467
187.5,257.25,-74.30736949493976
188.25,257.25,-73.96524364162
189.0,257.25,-74.8331524155483
189.75,257.25,-73.6202572897812
190.5,257.25,-71.62364839237442
191.25,257.25,-70.88665757803734
192.0,257.25,-71.49866340953054
192.75,257.25,-72.00779266204502
193.5,257.25,-72.12744269615652
194.25,257.25,-72.78119686334226
195.0,257.25,-72.9313227651126
195.75,257.25,-72.91354974614633
196.5,257.25,-71.67437597092481
197.25,257.25,-70.3235376161297
198.0,257.25,-68.98690327905965
198.75,257.25,-67.95839542915553
199.5,257.25,-67.5996454008605
200.25,257.25,-67.57901756750617
201.0,257.25,-67.93566682550458
201.75,257.25,-68.52800152903588
202.5,257.25,-69.41884521201655
203.25,257.25,-70.40894865951826
204.0,257.25,-71.49125641348705
204.75,257.25,-71.87929627098038
205.5,257.25,-71.77920644374163
206.25,257.25,-71.94366326277623
207.0,257.25,-70.89217321753439
207.75,257.25,-69.30046038246878
208.5,257.25,-67.12774299162187
209.25,257.25,-66.77013285683582
210.0,257.25,-72.15541301464017
210.75,257.25,-78.59458218549126
211.5,257.25,-77.1254190848576
212.25,257.25,-71.48231318907445
213.0,257.25,-69.15861468591659
213.75,257.25,-69.68656667299766
214.5,257.25,-69.77527403069702
215.25,257.25,-68.41879498704498
216.0,257.25,-65.57446352062892
216.75,257.25,-64.57232490651636
217.5,257.25,-64.24546622201844
218.25,257.25,-64.39432498451748
219.0,257.25,-64.09185650816777
219.75,257.25,-65.02612401993429
220.5,257.25,-65.99080111129709
221.25,257.25,-66.00174157184775
222.0,257.25,-64.91664673879032
222.75,257.25,-62.521014185629795
223.5,257.25,-62.94389342366039
224.25,257.25,-64.74542750498254
225.0,257.25,-66.07233911913197
225.75,257.25,-67.71492705714749
226.5,257.25,-69.44420891931541
227.25,257.25,-68.59177996453285
228.0,257.25,-66.66279069767442
228.75,257.25,
229.5,257.25,
230.25,257.25,
231.0,257.25,
231.75,257.25,
232.5,257.25,
233.25,257.25,
234.0,257.25,
234.75,257.25,
235.5,257.25,
236.25,257.25,
237.0,257.25,
237.75,257.25,
238.5,257.25,
239.25,257.25,
240.0,257.25,-91.05579868708972
240.75,257.25,-90.49043062200958
241.5,257.25,-90.18382469292507
242.25,257.25,-89.81627948986598
243.0,257.25,-86.79045092838196
243.75,257.25,-86.81865284974094
244.5,257.25,-86.8958837772397
245.25,257.25,
246.0,257.25,
246.75,257.25,
247.5,257.25,
248.25,257.25,
249.0,257.25,
249.75,257.25,
250.5,257.25,
251.25,257.25,
252.0,257.25,
252.75,257.25,
253.5,257.25,
254.25,257.25,
255.0,257.25,
255.75,257.25,
256.5,257.25,
257.25,257.25,
258.0,257.25,
258.75,257.25,
123.0,258.0,
123.75,258.0,
124.5,258.0,
125.25,258.0,
126.0,258.0,
126.75,258.0,
127.5,258.0,
128.25,258.0,
129.0,258.0,
129.75,258.0,
130.5,258.0,
131.25,258.0,
132.0,258.0,
132.75,258.0,
133.5,258.0,
134.25,258.0,
135.0,258.0,
135.75,258.0,
136.5,258.0,
137.25,258.0,
138.0,258.0,
138.75,258.0,
139.5,258.0,
140.25,258.0,
141.0,258.0,
141.75,258.0,
142.5,258.0,
143.25,258.0,
144.0,258.0,
144.75,258.0,
145.5,258.0,
146.25,258.0,
147.0,258.0,
147.75,258.0,
148.5,258.0,
149.25,258.0,
150.0,258.0,
150.75,258.0,
151.5,258.0,
152.25,258.0,
153.0,258.0,
153.75,258.0,
154.5,258.0,
155.25,258.0,
156.0,258.0,
156.75,258.0,
157.5,258.0,
158.25,258.0,
159.0,258.0,
159.75,258.0,
160.5,258.0,
161.25,258.0,
162.0,258.0,
162.75,258.0,
163.5,258.0,
164.25,258.0,
165.0,258.0,
165.75,258.0,
166.5,258.0,
167.25,258.0,
168.0,258.0,
168.75,258.0,
169.5,258.0,
170.25,258.0,
171.0,258.0,
171.75,258.0,-86.56539235412474
172.5,258.0,-85.24950669349222
173.25,258.0,-84.54304506630908
174.0,258.0,-82.79076620825147
174.75,258.0,-84.8730666330518
175.5,258.0,-83.34601842399556
176.25,258.0,-85.17525468427965
177.0,258.0,-85.02062275839582
177.75,258.0,-84.64107507357416
178.5,258.0,-84.09931256843898
179.25,258.0,-84.74086589715579
180.0,258.0,-87.44444444444443
180.75,258.0,-89.1549757099092
181.5,258.0,-88.87014867735085
182.25,258.0,-86.26832396571655
183.0,258.0,-84.59016393442622
183.75,258.0,-82.4924835978467
184.5,258.0,-75.45896283546887
185.25,258.0,-73.44415736757378
186.0,258.0,-73.69444444444444
186.75,258.0,-74.56181106023988
187.5,258.0,-74.45109625318958
188.25,258.0,-74.49020081693321
189.0,258.0,-74.33418891170432
189.75,258.0,-73.27775105860205
190.5,258.0,-72.2846134977096
191.25,258.0,-71.3511417661762
192.0,258.0,-71.6280487804878
192.75,258.0,-71.86079951036278
193.5,258.0,-72.278320448977
194.25,258.0,-72.67002312787996
195.0,258.0,-72.410207385164
195.75,258.0,-72.35545221143124
196.5,258.0,-71.35739865291163
197.25,258.0,-70.41424122688237
198.0,258.0,-69.4524073487488
198.75,258.0,-68.43495635272993
199.5,258.0,-68.07573592623969
200.25,258.0,-68.026517466698
201.0,258.0,-68.3591312993227
201.75,258.0,-68.84211733958404
202.5,258.0,-69.58429170199872
203.25,258.0,-70.35069518956075
204.0,258.0,-70.8461130273282
204.75,258.0,-71.11182681319204
205.5,258.0,-70.97814143811753
206.25,258.0,-71.59992650978265
207.0,258.0,-70.81014842940974
207.75,258.0,-69.76509438786074
208.5,258.0,-68.51298056922532
209.25,258.0,-69.10866374314138
210.0,258.0,-71.55555555555556
210.75,258.0,-73.28628667362774
211.5,258.0,-73.15698057710834
212.25,258.0,-71.53696306369818
213.0,258.0,-70.20020533880904
213.75,258.0,-69.90939377767342
214.5,258.0,-69.86548787699587
215.25,258.0,-68.29411947631579
216.0,258.0,-67.72246696035243
216.75,258.0,-65.80077261174141
217.5,258.0,-65.68323477232408
218.25,258.0,-65.46028897237144
219.0,258.0,-65.5641683778234
219.75,258.0,-66.77085206957238
220.5,258.0,-67.97420001014251
221.25,258.0,-68.08600311201194
222.0,258.0,-66.80555555555554
222.75,258.0,-65.57321145925073
223.5,258.0,-65.26997249019499
224.25,258.0,-66.20049910987343
225.0,258.0,-68.21586575133486
225.75,258.0,-69.49623128583154
226.5,258.0,-70.30310825444856
227.25,258.0,-71.36007501181057
228.0,258.0,-71.83333333333333
228.75,258.0,-68.03118712273641
229.5,258.0,
230.25,258.0,
231.0,258.0,
231.75,258.0,
232.5,258.0,
233.25,258.0,
234.0,258.0,
234.75,258.0,
235.5,258.0,
236.25,258.0,
237.0,258.0,
237.75,258.0,
238.5,258.0,-92.25206611570249
239.25,258.0,-91.76650366748166
240.0,258.0,-91.10386965376783
240.75,258.0,-90.53169822988724
241.5,258.0,-89.92912654577445
242.25,258.0,-89.40838080198522
243.0,258.0,-89.08009909165979
243.75,258.0,-88.98710390878469
244.5,258.0,-86.75324675324674
245.25,258.0,-86.91218130311616
246.0,258.0,-87.07692307692308
246.75,258.0,
247.5,258.0,
248.25,258.0,
249.0,258.0,
249.75,258.0,
250.5,258.0,
251.25,258.0,
252.0,258.0,
252.75,258.0,
253.5,258.0,
254.25,258.0,
255.0,258.0,
255.75,258.0,
256.5,258.0,
257.25,258.0,
258.0,258.0,
258.75,258.0,
123.0,258.75,
123.75,258.75,
124.5,258.75,
125.25,258.75,
126.0,258.75,
126.75,258.75,
127.5,258.75,
128.25,258.75,
129.0,258.75,
129.75,258.75,
130.5,258.75,
131.25,258.75,
132.0,258.75,
132.75,258.75,
133.5,258.75,
134.25,258.75,
135.0,258.75,
135.75,258.75,
136.5,258.75,
137.25,258.75,
138.0,258.75,
138.75,258.75,
139.5,258.75,
140.25,258.75,
141.0,258.75,
141.75,258.75,
142.5,258.75,
143.25,258.75,
144.0,258.75,
144.75,258.75,
145.5,258.75,
146.25,258.75,
147.0,258.75,
147.75,258.75,
148.5,258.75,
149.25,258.75,
150.0,258.75,
150.75,258.75,
151.5,258.75,
152.25,258.75,
153.0,258.75,
153.75,258.75,
154.5,258.75,
155.25,258.75,
156.0,258.75,
156.75,258.75,
157.5,258.75,
158.25,258.75,
159.0,258.75,
159.75,258.75,
160.5,258.75,
161.25,258.75,
162.0,258.75,
162.75,258.75,
163.5,258.75,
164.25,258.75,
165.0,258.75,
165.75,258.75,
166.5,258.75,
167.25,258.75,
168.0,258.75,
168.75,258.75,
169.5,258.75,
170.25,258.75,
171.0,258.75,
171.75,258.75,-82.4553903345725
172.5,258.75,-83.53725231826411
173.25,258.75,-82.93037806176783
174.0,258.75,-84.61334328359821
174.75,258.75,-84.3915396876667
175.5,258.75,-84.1088150567723
176.25,258.75,-84.01941263808196
177.0,258.75,-84.47440899162099
177.75,258.75,-83.95982265393432
178.5,258.75,-82.27032374155833
179.25,258.75,-81.86352984511696
180.0,258.75,-87.7892746407061
180.75,258.75,-93.8089382520164
181.5,258.75,-92.55237258908708
182.25,258.75,-87.70237310723208
183.0,258.75,-86.8161110178851
183.75,258.75,-82.9806954947884
184.5,258.75,-72.14172616376688
185.25,258.75,-69.25249774603616
186.0,258.75,-73.73757810026493
186.75,258.75,-74.96744016924502
187.5,258.75,-75.14258306142504
188.25,258.75,-74.86701362450466
189.0,258.75,-74.75787004089639
189.75,258.75,-74.73491507984045
190.5,258.75,-72.41396572748836
191.25,258.75,-71.61916378120664
192.0,258.75,-71.70376829917512
192.75,258.75,-71.83629990901397
193.5,258.75,-72.42692023315804
194.25,258.75,-72.68216327102246
195.0,258.75,-71.80062052262751
195.75,258.75,-72.41256413756442
196.5,258.75,-71.17770107508704
197.25,258.75,-70.40016930735963
198.0,258.75,-69.53580917497938
198.75,258.75,-68.49099609827971
199.5,258.75,-68.43225177802597
200.25,258.75,-67.26224970748545
201.0,258.75,-68.40480372431436
201.75,258.75,-68.86538986102121
202.5,258.75,-69.68842670638999
203.25,258.75,-70.20304466731521
204.0,258.75,-70.75297192280931
204.75,258.75,-70.61986237333532
205.5,258.75,-70.93176433106032
206.25,258.75,-70.38928540008519
207.0,258.75,-70.9873880876623
207.75,258.75,-69.56875389617272
208.5,258.75,-69.58380700197422
209.25,258.75,-69.91143064294891
210.0,258.75,-70.3637534108347
210.75,258.75,-70.1619087843953
211.5,258.75,-70.29208522430703
212.25,258.75,-70.14849750578284
213.0,258.75,-70.22009592672303
213.75,258.75,-69.97184622340627
214.5,258.75,-70.5023193579552
215.25,258.75,-70.41046917438501
216.0,258.75,-70.61538136445655
216.75,258.75,-68.78026816498533
217.5,258.75,-68.54176633790095
218.25,258.75,-68.06623092453312
219.0,258.75,-67.26430423133888
219.75,258.75,-68.59168327978279
220.5,258.75,-71.33242551475432
221.25,258.75,-71.96216683004248
222.0,258.75,-69.98583675381028
222.75,258.75,-68.70225435891184
223.5,258.75,-69.06899641874783
224.25,258.75,-69.43722785790101
225.0,258.75,-69.99390904453549
225.75,258.75,-70.86599558075739
226.5,258.75,-71.35702053554648
227.25,258.75,-72.30410830999067
228.0,258.75,-72.5547887693727
228.75,258.75,-75.38028169014085
229.5,258.75,
230.25,258.75,
231.0,258.75,
231.75,258.75,
232.5,258.75,
233.25,258.75,
234.0,258.75,
234.75,258.75,
235.5,258.75,
236.25,258.75,
237.0,258.75,
237.75,258.75,-92.98979591836734
238.5,258.75,-92.65113350125945
239.25,258.75,-91.8589461472595
240.0,258.75,-91.28322962615097
240.75,258.75,-90.51293063206049
241.5,258.75,-89.63234267090867
242.25,258.75,-88.84697145009824
243.0,258.75,-88.39369168738921
243.75,258.75,-88.35502958579883
244.5,258.75,-88.60880762297192
245.25,258.75,-86.82706766917293
246.0,258.75,-87.05167173252279
246.75,258.75,-87.2390243902439
247.5,258.75,
248.25,258.75,
249.0,258.75,
249.75,258.75,
250.5,258.75,
251.25,258.75,
252.0,258.75,
252.75,258.75,
253.5,258.75,
254.25,258.75,
255.0,258.75,
255.75,258.75,
256.5,258.75,
257.25,258.75,
258.0,258.75,
258.75,258.75,
123.0,259.5,
123.75,259.5,
124.5,259.5,
125.25,259.5,
126.0,259.5,
126.75,259.5,
127.5,259.5,
128.25,259.5,
129.0,259.5,
129.75,259.5,
130.5,259.5,
131.25,259.5,
132.0,259.5,
132.75,259.5,
133.5,259.5,
134.25,259.5,
135.0,259.5,
135.75,259.5,
136.5,259.5,
137.25,259.5,
138.0,259.5,
138.75,259.5,
139.5,259.5,
140.25,259.5,
141.0,259.5,
141.75,259.5,
142.5,259.5,
143.25,259.5,
144.0,259.5,
144.75,259.5,
145.5,259.5,
146.25,259.5,
147.0,259.5,
147.75,259.5,
148.5,259.5,
149.25,259.5,
150.0,259.5,
150.75,259.5,
151.5,259.5,
152.25,259.5,
153.0,259.5,
153.75,259.5,
154.5,259.5,
155.25,259.5,
156.0,259.5,
156.75,259.5,
157.5,259.5,
158.25,259.5,
159.0,259.5,
159.75,259.5,
160.5,259.5,
161.25,259.5,
162.0,259.5,
162.75,259.5,
163.5,259.5,
164.25,259.5,
165.0,259.5,
165.75,259.5,
166.5,259.5,
167.25,259.5,-95.45628415300548
168.0,259.5,
168.75,259.5,-94.46190476190476
169.5,259.5,-94.48412698412697
170.25,259.5,-94.50798403193612
171.0,259.5,-94.36147757255937
171.75,259.5,-89.85755894914328
172.5,259.5,-88.9351323300467
173.25,259.5,-86.90447836034296
174.0,259.5,-85.03801955106823
174.75,259.5,-83.86974914520792
175.5,259.5,-83.53971370624087
176.25,259.5,-83.32778220701151
177.0,259.5,-83.42054023983187
177.75,259.5,-83.77453816363557
178.5,259.5,-83.0687005123428
179.25,259.5,-83.01897361212825
180.0,259.5,-87.88724049942314
180.75,259.5,-93.03180663410015
181.5,259.5,-92.50052791342219
182.25,259.5,-88.33073481884996
183.0,259.5,-86.67878545745104
183.75,259.5,-83.39900493025371
184.5,259.5,-74.39992673098058
185.25,259.5,-71.90449319853504
186.0,259.5,-74.84900274942915
186.75,259.5,-75.44949824689922
187.5,259.5,-75.79920049200491
188.25,259.5,-76.26491352569627
189.0,259.5,-76.61848573119111
189.75,259.5,-76.79495314617435
190.5,259.5,-74.39464895081996
191.25,259.5,-73.41740347317031
192.0,259.5,-72.88136838716606
192.75,259.5,-72.40591134375455
193.5,259.5,-72.28316561711925
194.25,259.5,-72.4469870821412
195.0,259.5,-73.4649620587265
195.75,259.5,-72.2283767078098
196.5,259.5,-71.92294241690328
197.25,259.5,-70.24964458923729
198.0,259.5,-69.5338280226975
198.75,259.5,-68.21401403093569
199.5,259.5,-65.99260255548083
200.25,259.5,-66.10760125516133
201.0,259.5,-66.25096525096527
201.75,259.5,-68.72937506724803
202.5,259.5,-69.23970777073038
203.25,259.5,-70.96214254431291
204.0,259.5,-70.5082306228803
204.75,259.5,-70.59294088681123
205.5,259.5,-70.65833221304159
206.25,259.5,-70.07245807936403
207.0,259.5,-69.90241009131402
207.75,259.5,-69.84754288118754
208.5,259.5,-69.30683073453588
209.25,259.5,-69.53536354579754
210.0,259.5,-69.74856877183282
210.75,259.5,-69.84984475160111
211.5,259.5,-69.65278491627669
212.25,259.5,-69.51115439451961
213.0,259.5,-68.85088354481125
213.75,259.5,-68.89036855912481
214.5,259.5,-70.34610165658393
215.25,259.5,-73.75587568115733
216.0,259.5,-74.07774162597978
216.75,259.5,-73.58968402789164
217.5,259.5,-72.87900021218725
218.25,259.5,-72.32925819418308
219.0,259.5,-71.93651859269036
219.75,259.5,-71.64129265340316
220.5,259.5,-71.37484229119354
221.25,259.5,-71.75395357358042
222.0,259.5,-72.18159361827495
222.75,259.5,-72.43502791148846
223.5,259.5,-71.96381991954289
224.25,259.5,-71.8393575084579
225.0,259.5,-72.47563593055088
225.75,259.5,-72.64531530273433
226.5,259.5,-73.66008154161447
227.25,259.5,-73.58936071127523
228.0,259.5,-74.11296495512288
228.75,259.5,-76.14328367266937
229.5,259.5,-75.17647058823529
230.25,259.5,
231.0,259.5,
231.75,259.5,
232.5,259.5,
233.25,259.5,
234.0,259.5,
234.75,259.5,
235.5,259.5,
236.25,259.5,
237.0,259.5,
237.75,259.5,-93.49762470308788
238.5,259.5,-92.70050035739814
239.25,259.5,-92.33609294835922
240.0,259.5,-91.69015398973401
240.75,259.5,-90.67523426068148
241.5,259.5,-89.3476465730801
242.25,259.5,-88.07165568049632
243.0,259.5,-87.40441700308716
243.75,259.5,-87.53139304888387
244.5,259.5,-88.09043805934998
245.25,259.5,-88.6984729238162
246.0,259.5,-87.07692307692308
246.75,259.5,-87.29618768328446
247.5,259.5,-87.45454545454545
248.25,259.5,
249.0,259.5,
249.75,259.5,
250.5,259.5,
251.25,259.5,
252.0,259.5,
252.75,259.5,
253.5,259.5,
254.25,259.5,
255.0,259.5,
255.75,259.5,
256.5,259.5,
257.25,259.5,
258.0,259.5,
258.75,259.5,
123.0,260.25,
123.75,260.25,
124.5,260.25,
125.25,260.25,
126.0,260.25,
126.75,260.25,
127.5,260.25,
128.25,260.25,
129.0,260.25,
129.75,260.25,
130.5,260.25,
131.25,260.25,
132.0,260.25,
132.75,260.25,
133.5,260.25,
134.25,260.25,
135.0,260.25,
135.75,260.25,
136.5,260.25,
137.25,260.25,
138.0,260.25,
138.75,260.25,
139.5,260.25,
140.25,260.25,
141.0,260.25,
141.75,260.25,
142.5,260.25,
143.25,260.25,
144.0,260.25,
144.75,260.25,
145.5,260.25,
146.25,260.25,
147.0,260.25,
147.75,260.25,
148.5,260.25,
149.25,260.25,
150.0,260.25,
150.75,260.25,
151.5,260.25,
152.25,260.25,
153.0,260.25,
153.75,260.25,
154.5,260.25,
155.25,260.25,
156.0,260.25,
156.75,260.25,
157.5,260.25,
158.25,260.25,
159.0,260.25,
159.75,260.25,
160.5,260.25,
161.25,260.25,
162.0,260.25,
162.75,260.25,
163.5,260.25,
164.25,260.25,
165.0,260.25,
165.75,260.25,-95.76666666666667
166.5,260.25,-95.6118881118881
167.25,260.25,-95.44366197183099
168.0,260.25,-95.1977760127085
168.75,260.25,-94.4502487562189
169.5,260.25,-94.35708953716504
170.25,260.25,-94.36681308801843
171.0,260.25,-94.37053182214471
171.75,260.25,-91.26950972625175
172.5,260.25,-90.36866674431809
173.25,260.25,-87.50465487549407
174.0,260.25,-85.49355571229003
174.75,260.25,-83.7640096701092
175.5,260.25,-82.9803440002316
176.25,260.25,-82.38480220151268
177.0,260.25,-82.21312542323807
177.75,260.25,-83.84269235298012
178.5,260.25,-86.28618294664102
179.25,260.25,-87.25643048746592
180.0,260.25,-88.01131154573358
180.75,260.25,-90.1151316472392
181.5,260.25,-91.04691165678112
182.25,260.25,-89.66846200636806
183.0,260.25,-89.23238217099534
183.75,260.25,-85.66232572261457
184.5,260.25,-80.26987269568927
185.25,260.25,-79.0296183068261
186.0,260.25,-78.78575452122678
186.75,260.25,-79.29841264028205
187.5,260.25,-79.31733002664096
188.25,260.25,-78.74390402272189
189.0,260.25,-78.845445115635
189.75,260.25,-77.75479498892919
190.5,260.25,-77.22535239638034
191.25,260.25,-75.57966867924486
192.0,260.25,-73.388610766924
192.75,260.25,-73.35038895267586
193.5,260.25,-72.32863919203963
194.25,260.25,-73.28747767188776
195.0,260.25,-73.47727267598387
195.75,260.25,-73.67032102199934
196.5,260.25,-71.94608712777566
197.25,260.25,-71.54535950038651
198.0,260.25,-68.11793372319688
198.75,260.25,-65.0
199.5,260.25,-65.0
200.25,260.25,-66.1577767594397
201.0,260.25,-66.27180966113916
201.75,260.25,-66.39628870988223
202.5,260.25,-70.33237092988423
203.25,260.25,-70.72126801349484
204.0,260.25,-71.35109717868337
204.75,260.25,-71.32778229549588
205.5,260.25,-70.41054914155347
206.25,260.25,-71.41907211674415
207.0,260.25,-69.96650791303341
207.75,260.25,-69.52175448680292
208.5,260.25,-69.1602212530696
209.25,260.25,-69.81648574613399
210.0,260.25,-69.42641716872521
210.75,260.25,-68.92912316496235
211.5,260.25,-68.86788487710287
212.25,260.25,-67.81819270689202
213.0,260.25,-66.51962152930987
213.75,260.25,-67.98882210101941
214.5,260.25,-70.54502364004317
215.25,260.25,-74.74865624654193
216.0,260.25,-76.11813329207492
216.75,260.25,-75.86303781492003
217.5,260.25,-77.84109996763056
218.25,260.25,-74.69153493319259
219.0,260.25,-73.78986014980607
219.75,260.25,-72.49235312881139
220.5,260.25,-72.06354232289574
221.25,260.25,-72.02621789950443
222.0,260.25,-73.28240881852946
222.75,260.25,-75.13695451657806
223.5,260.25,-75.30553894209349
224.25,260.25,-74.0682652773161
225.0,260.25,-73.82731097069647
225.75,260.25,-73.52866299382735
226.5,260.25,-74.2099201104065
227.25,260.25,-74.13537426067636
228.0,260.25,-74.10232385726991
228.75,260.25,-75.96633943591674
229.5,260.25,-76.08489877174243
230.25,260.25,-76.22447684446904
231.0,260.25,
231.75,260.25,
232.5,260.25,
233.25,260.25,
234.0,260.25,
234.75,260.25,
235.5,260.25,
236.25,260.25,
237.0,260.25,
237.75,260.25,-93.37603865441633
238.5,260.25,-93.32284153278583
239.25,260.25,-93.09260208059523
240.0,260.25,-92.50366523192687
240.75,260.25,-91.29284068099028
241.5,260.25,-89.3238434163701
242.25,260.25,-87.12410222147987
243.0,260.25,-86.0471776920323
243.75,260.25,-86.6048852080931
244.5,260.25,-87.69434169256951
245.25,260.25,-88.58303118201597
246.0,260.25,-89.20579274783896
246.75,260.25,-87.42068965517242
247.5,260.25,-87.5681233933162
248.25,260.25,-87.66798418972331
249.0,260.25,
249.75,260.25,
250.5,260.25,
251.25,260.25,
252.0,260.25,
252.75,260.25,
253.5,260.25,
254.25,260.25,
255.0,260.25,
255.75,260.25,
256.5,260.25,
257.25,260.25,
258.0,260.25,
258.75,260.25,
123.0,261.0,
123.75,261.0,
124.5,261.0,
125.25,261.0,
126.0,261.0,
126.75,261.0,
127.5,261.0,
128.25,261.0,
129.0,261.0,
129.75,261.0,
130.5,261.0,
131.25,261.0,
132.0,261.0,
132.75,261.0,
133.5,261.0,
134.25,261.0,
135.0,261.0,
135.75,261.0,
136.5,261.0,
137.25,261.0,
138.0,261.0,
138.75,261.0,
139.5,261.0,
140.25,261.0,
141.0,261.0,
141.75,261.0,
142.5,261.0,
143.25,261.0,
144.0,261.0,
144.75,261.0,
145.5,261.0,
146.25,261.0,
147.0,261.0,
147.75,261.0,
148.5,261.0,
149.25,261.0,
150.0,261.0,
150.75,261.0,
151.5,261.0,
152.25,261.0,
153.0,261.0,
153.75,261.0,
154.5,261.0,
155.25,261.0,
156.0,261.0,
156.75,261.0,
157.5,261.0,
158.25,261.0,
159.0,261.0,
159.75,261.0,
160.5,261.0,
161.25,261.0,
162.0,261.0,
162.75,261.0,
163.5,261.0,
164.25,261.0,
165.0,261.0,-96.0
165.75,261.0,-95.84782608695653
166.5,261.0,-95.64814814814814
167.25,261.0,-95.31904068884586
168.0,261.0,-95.15254237288137
168.75,261.0,-94.85444959934657
169.5,261.0,-94.36112886572595
170.25,261.0,-94.37793205307038
171.0,261.0,-94.38461538461539
171.75,261.0,-91.9020535822143
172.5,261.0,-91.08035742089828
173.25,261.0,-89.84964456347082
174.0,261.0,-86.06660258947248
174.75,261.0,-84.62309592417502
175.5,261.0,-82.97900206130257
176.25,261.0,-81.85122123692796
177.0,261.0,-81.00000000000306
177.75,261.0,-83.32881336429173
178.5,261.0,-88.3561416601255
179.25,261.0,-89.65806583620947
180.0,261.0,-87.98780487804879
180.75,261.0,-88.84894893132865
181.5,261.0,-90.0657686888955
182.25,261.0,-90.9966935598526
183.0,261.0,-92.99999999999244
183.75,261.0,-88.2106691028812
184.5,261.0,-81.74250172632927
185.25,261.0,-80.95389278358239
186.0,261.0,-80.75409836065572
186.75,261.0,-81.8525544774484
187.5,261.0,-81.57486562013817
188.25,261.0,-80.20335087217056
189.0,261.0,-81.03703703703704
189.75,261.0,-80.85965712170682
190.5,261.0,-79.55369866936029
191.25,261.0,-78.97528385195056
192.0,261.0,-77.15775087856305
192.75,261.0,-75.19838177188004
193.5,261.0,
194.25,261.0,
195.0,261.0,
195.75,261.0,
196.5,261.0,
197.25,261.0,
198.0,261.0,
198.75,261.0,
199.5,261.0,
200.25,261.0,
201.0,261.0,
201.75,261.0,
202.5,261.0,
203.25,261.0,
204.0,261.0,
204.75,261.0,
205.5,261.0,-67.8729964356782
206.25,261.0,-67.92294334370213
207.0,261.0,-69.93548387096773
207.75,261.0,-70.17953045746722
208.5,261.0,-69.99859059114122
209.25,261.0,-69.64679701751658
210.0,261.0,-68.9742219847736
210.75,261.0,-68.1000966665112
211.5,261.0,-68.47067786170454
212.25,261.0,-67.09661663165022
213.0,261.0,-64.00000000000857
213.75,261.0,-67.9067090671004
214.5,261.0,-73.36697646531366
215.25,261.0,-76.77612982852244
216.0,261.0,-79.50634083784554
216.75,261.0,-80.50447049649138
217.5,261.0,-81.87653160658539
218.25,261.0,-78.79064233298784
219.0,261.0,-76.5
219.75,261.0,-74.76296842804005
220.5,261.0,-71.88524215656413
221.25,261.0,-70.92976273230695
222.0,261.0,-74.42541042112775
222.75,261.0,-75.94936613958453
223.5,261.0,-76.09609077790896
224.25,261.0,-76.50811399979791
225.0,261.0,-75.7890625
225.75,261.0,-75.58353746719615
226.5,261.0,-74.67202818573244
227.25,261.0,-74.39296328338699
228.0,261.0,-75.02982150631259
228.75,261.0,-75.12226123168197
229.5,261.0,-75.93649670951474
230.25,261.0,-76.15076568169435
231.0,261.0,-75.49999999999999
231.75,261.0,
232.5,261.0,
233.25,261.0,
234.0,261.0,
234.75,261.0,
235.5,261.0,
236.25,261.0,
237.0,261.0,
237.75,261.0,-93.930010403432
238.5,261.0,-94.09145496535797
239.25,261.0,-94.16215162419684
240.0,261.0,-93.92070484581498
240.75,261.0,-92.85946661622849
241.5,261.0,-90.346201743462
242.25,261.0,-86.84299182903835
243.0,261.0,-85.00000000000337
243.75,261.0,-86.25386996904025
244.5,261.0,-87.82751540041068
245.25,261.0,-88.7994056138894
246.0,261.0,-89.39867549668874
246.75,261.0,-87.62645914396886
247.5,261.0,-87.73033707865169
248.25,261.0,-87.7970401691332
249.0,261.0,
249.75,261.0,
250.5,261.0,
251.25,261.0,
252.0,261.0,
252.75,261.0,
253.5,261.0,
254.25,261.0,
255.0,261.0,
255.75,261.0,
256.5,261.0,
257.25,261.0,
258.0,261.0,
258.75,261.0,
123.0,261.75,
123.75,261.75,
124.5,261.75,
125.25,261.75,
126.0,261.75,
126.75,261.75,
127.5,261.75,
128.25,261.75,
129.0,261.75,
129.75,261.75,
130.5,261.75,
131.25,261.75,
132.0,261.75,
132.75,261.75,
133.5,261.75,
134.25,261.75,
135.0,261.75,
135.75,261.75,
136.5,261.75,
137.25,261.75,
138.0,261.75,
138.75,261.75,
139.5,261.75,
140.25,261.75,
141.0,261.75,
141.75,261.75,
142.5,261.75,
143.25,261.75,
144.0,261.75,
144.75,261.75,
145.5,261.75,
146.25,261.75,
147.0,261.75,
147.75,261.75,
148.5,261.75,
149.25,261.75,
150.0,261.75,
150.75,261.75,
151.5,261.75,
152.25,261.75,
153.0,261.75,
153.75,261.75,
154.5,261.75,
155.25,261.75,
156.0,261.75,
156.75,261.75,
157.5,261.75,
158.25,261.75,
159.0,261.75,
159.75,261.75,
160.5,261.75,
161.25,261.75,
162.0,261.75,
162.75,261.75,-95.38082901554405
163.5,261.75,-95.49706744868035
164.25,261.75,-95.27577856347169
165.0,261.75,-95.25419813709071
165.75,261.75,-95.14915653089984
166.5,261.75,-95.61717311744258
167.25,261.75,-95.52180934581479
168.0,261.75,-95.64595181036199
168.75,261.75,-95.5451133368875
169.5,261.75,-95.44861142046383
170.25,261.75,-95.2135131658259
171.0,261.75,-95.17294147587506
171.75,261.75,-93.19848464895308
172.5,261.75,-92.66371371763722
173.25,261.75,-90.42568363856347
174.0,261.75,-88.3650518968971
174.75,261.75,-85.37238746544384
175.5,261.75,-83.48218974136424
176.25,261.75,-82.46499354736386
177.0,261.75,-82.13206933726669
177.75,261.75,-83.56656180583738
178.5,261.75,-85.78600188340465
179.25,261.75,-86.58357560259414
180.0,261.75,-86.34257045005727
180.75,261.75,-88.32204781001327
181.5,261.75,-90.38087623839421
182.25,261.75,-90.58608046990923
183.0,261.75,-90.74591784090141
183.75,261.75,-86.89414905607663
184.5,261.75,-82.85216406160814
185.25,261.75,-81.4025601367551
186.0,261.75,-81.61586442518117
186.75,261.75,-81.99766438832891
187.5,261.75,-82.11079622104222
188.25,261.75,-81.91832562769454
189.0,261.75,-82.06675763230075
189.75,261.75,-81.78707264838197
190.5,261.75,-80.56627340187191
191.25,261.75,-79.953738758599
192.0,261.75,-79.37088137305221
192.75,261.75,-78.54398029295197
193.5,261.75,
194.25,261.75,
195.0,261.75,
195.75,261.75,
196.5,261.75,
197.25,261.75,
198.0,261.75,
198.75,261.75,
199.5,261.75,
200.25,261.75,
201.0,261.75,
201.75,261.75,
202.5,261.75,
203.25,261.75,
204.0,261.75,
204.75,261.75,
205.5,261.75,-67.06095238095239
206.25,261.75,-68.0
207.0,261.75,-68.06824858150796
207.75,261.75,-70.30120646234685
208.5,261.75,-70.12337256964912
209.25,261.75,-69.81465829043424
210.0,261.75,-69.32169195943159
210.75,261.75,-69.25668174303136
211.5,261.75,-69.75154013085107
212.25,261.75,-70.00987995699671
213.0,261.75,-69.2868170089085
213.75,261.75,-72.52463207214741
214.5,261.75,-76.90285440673428
215.25,261.75,-80.0245654762034
216.0,261.75,-81.16440560735255
216.75,261.75,-82.2881621002742
217.5,261.75,-83.1423042672739
218.25,261.75,-82.04555492472466
219.0,261.75,-79.85248761854946
219.75,261.75,-78.44639461878133
220.5,261.75,-76.61236955705908
221.25,261.75,-76.01185257980809
222.0,261.75,-76.782259087507
222.75,261.75,-76.52025472111505
223.5,261.75,-76.54728629425357
224.25,261.75,-76.91691936109446
225.0,261.75,-76.57092664929826
225.75,261.75,-75.96746644107215
226.5,261.75,-75.22527244662355
227.25,261.75,-74.73314569471542
228.0,261.75,-74.94759023723982
228.75,261.75,-75.35068829653711
229.5,261.75,-75.66167711128631
230.25,261.75,-76.12953133174261
231.0,261.75,-75.5871104815864
231.75,261.75,-75.73908296943232
232.5,261.75,
233.25,261.75,
234.0,261.75,
234.75,261.75,
235.5,261.75,
236.25,261.75,-95.52109704641349
237.0,261.75,-96.06743002544529
237.75,261.75,-93.46527520307392
238.5,261.75,-94.37220739342935
239.25,261.75,-94.9746839355553
240.0,261.75,-95.58637876956593
240.75,261.75,-95.48921455710041
241.5,261.75,-93.40874637511486
242.25,261.75,-89.75599969212614
243.0,261.75,-87.70381902208268
243.75,261.75,-88.32233697549405
244.5,261.75,-89.04548260944897
245.25,261.75,-89.66749197434663
246.0,261.75,-89.78163201337374
246.75,261.75,-90.06776962735277
247.5,261.75,-87.92961876832847
248.25,261.75,-87.9475982532751
249.0,261.75,
249.75,261.75,
250.5,261.75,
251.25,261.75,
252.0,261.75,
252.75,261.75,
253.5,261.75,
254.25,261.75,
255.0,261.75,
255.75,261.75,
256.5,261.75,
257.25,261.75,
258.0,261.75,
258.75,261.75,
123.0,262.5,
123.75,262.5,
124.5,262.5,
125.25,262.5,
126.0,262.5,
126.75,262.5,
127.5,262.5,
128.25,262.5,
129.0,262.5,
129.75,262.5,
130.5,262.5,
131.25,262.5,
132.0,262.5,
132.75,262.5,
133.5,262.5,
134.25,262.5,
135.0,262.5,
135.75,262.5,
136.5,262.5,
137.25,262.5,
138.0,262.5,
138.75,262.5,
139.5,262.5,
140.25,262.5,
141.0,262.5,
141.75,262.5,
142.5,262.5,
143.25,262.5,
144.0,262.5,
144.75,262.5,
145.5,262.5,
146.25,262.5,
147.0,262.5,
147.75,262.5,
148.5,262.5,
149.25,262.5,
150.0,262.5,
150.75,262.5,
151.5,262.5,
152.25,262.5,
153.0,262.5,
153.75,262.5,
154.5,262.5,
155.25,262.5,
156.0,262.5,
156.75,262.5,
157.5,262.5,
158.25,262.5,
159.0,262.5,
159.75,262.5,
160.5,262.5,
161.25,262.5,-95.14073226544623
162.0,262.5,-95.28651685393257
162.75,262.5,-95.4556313993174
163.5,262.5,-95.62903225806453
164.25,262.5,-95.49980213197588
165.0,262.5,-95.49899642202634
165.75,262.5,-95.79731128644299
166.5,262.5,-95.66330112771445
167.25,262.5,-95.54553921762103
168.0,262.5,-95.4164602006436
168.75,262.5,-95.43336279836885
169.5,262.5,-95.34154572817454
170.25,262.5,-95.16115406463327
171.0,262.5,-95.1241251573238
171.75,262.5,-95.05749076453883
172.5,262.5,-93.30386494776734
173.25,262.5,-91.34000508078479
174.0,262.5,-88.83311619409982
174.75,262.5,-86.52891091643197
175.5,262.5,-84.47973102589593
176.25,262.5,-83.52823028183977
177.0,262.5,-82.43499400830976
177.75,262.5,-83.04724649672853
178.5,262.5,-81.58476944573825
179.25,262.5,-80.99921673832925
180.0,262.5,-84.19888251283602
180.75,262.5,-87.858580778095
181.5,262.5,-89.78917222830958
182.25,262.5,-89.29258614512385
183.0,262.5,-88.88887404113095
183.75,262.5,-85.51813970722219
184.5,262.5,-83.84678219711428
185.25,262.5,-83.27583453841225
186.0,262.5,-84.04188702701302
186.75,262.5,-84.19067396641803
187.5,262.5,-84.01120092620361
188.25,262.5,-84.17043786200058
189.0,262.5,-84.08610260148821
189.75,262.5,-84.08064367383282
190.5,262.5,-83.49240105387179
191.25,262.5,-80.8251820412803
192.0,262.5,-82.16259219358581
192.75,262.5,-79.37382673104027
193.5,262.5,
194.25,262.5,
195.0,262.5,
195.75,262.5,
196.5,262.5,
197.25,262.5,
198.0,262.5,
198.75,262.5,
199.5,262.5,
200.25,262.5,
201.0,262.5,
201.75,262.5,
202.5,262.5,
203.25,262.5,
204.0,262.5,
204.75,262.5,
205.5,262.5,
206.25,262.5,-68.83228511530399
207.0,262.5,-68.1038807032107
207.75,262.5,-69.44554583745416
208.5,262.5,-69.51193437561952
209.25,262.5,-70.54209402974364
210.0,262.5,-71.23789805138988
210.75,262.5,-71.07302699816555
211.5,262.5,-72.45958025650991
212.25,262.5,-75.42758499622548
213.0,262.5,-78.08288085393988
213.75,262.5,-77.82630739640294
214.5,262.5,-81.32428441617448
215.25,262.5,-82.67648653492063
216.0,262.5,-82.4479857725202
216.75,262.5,-84.3650428186728
217.5,262.5,-84.41291617868495
218.25,262.5,-83.11695166610124
219.0,262.5,-82.36040119487201
219.75,262.5,-82.52961185247247
220.5,262.5,-85.71931744110253
221.25,262.5,-86.64626841939713
222.0,262.5,-81.51169273809664
222.75,262.5,-78.37001467813678
223.5,262.5,-77.38747860810041
224.25,262.5,-77.69888782107247
225.0,262.5,-78.44721179704999
225.75,262.5,-76.82116710956947
226.5,262.5,-74.2977764728098
227.25,262.5,-73.64573126682392
228.0,262.5,-74.51544167923495
228.75,262.5,-75.29522769232139
229.5,262.5,-75.74364368243323
230.25,262.5,-76.02873548353882
231.0,262.5,-75.74350649350649
231.75,262.5,-75.8722760290557
232.5,262.5,
233.25,262.5,
234.0,262.5,
234.75,262.5,
235.5,262.5,-94.67460317460316
236.25,262.5,-95.04320987654323
237.0,262.5,-95.58641975308642
237.75,262.5,-94.05534325778821
238.5,262.5,-94.73755948478745
239.25,262.5,-95.62968002364286
240.0,262.5,-97.15236963619853
240.75,262.5,-98.73066238320936
241.5,262.5,-97.16477973404649
242.25,262.5,-92.38599523933105
243.0,262.5,-90.95748086858806
243.75,262.5,-90.62770587962531
244.5,262.5,-90.56288478452066
245.25,262.5,-90.40340674186092
246.0,262.5,-90.59923916862617
246.75,262.5,-90.79320893447277
247.5,262.5,-88.13953488372093
248.25,262.5,-88.10412147505423
249.0,262.5,
249.75,262.5,
250.5,262.5,
251.25,262.5,
252.0,262.5,
252.75,262.5,
253.5,262.5,
254.25,262.5,
255.0,262.5,
255.75,262.5,
256.5,262.5,
257.25,262.5,
258.0,262.5,
258.75,262.5,
123.0,263.25,
123.75,263.25,
124.5,263.25,
125.25,263.25,
126.0,263.25,
126.75,263.25,
127.5,263.25,
128.25,263.25,
129.0,263.25,
129.75,263.25,
130.5,263.25,
131.25,263.25,
132.0,263.25,
132.75,263.25,
133.5,263.25,
134.25,263.25,
135.0,263.25,
135.75,263.25,
136.5,263.25,
137.25,263.25,
138.0,263.25,
138.75,263.25,
139.5,263.25,
140.25,263.25,
141.0,263.25,
141.75,263.25,
142.5,263.25,
143.25,263.25,
144.0,263.25,
144.75,263.25,
145.5,263.25,
146.25,263.25,
147.0,263.25,
147.75,263.25,
148.5,263.25,
149.25,263.25,
150.0,263.25,
150.75,263.25,
151.5,263.25,
152.25,263.25,
153.0,263.25,
153.75,263.25,
154.5,263.25,
155.25,263.25,
156.0,263.25,
156.75,263.25,
157.5,263.25,
158.25,263.25,
159.0,263.25,
159.75,263.25,
160.5,263.25,-94.97722342733188
161.25,263.25,-95.10773480662984
162.0,263.25,-95.28291814946618
162.75,263.25,-95.5091743119266
163.5,263.25,-95.58143395788056
164.25,263.25,-95.80250877772112
165.0,263.25,-96.1452821388532
165.75,263.25,-95.97016120879759
166.5,263.25,-95.75383687782805
167.25,263.25,-95.5164271727811
168.0,263.25,-95.29178548899485
168.75,263.25,-95.23176467660774
169.5,263.25,-95.17717129203744
170.25,263.25,-95.10204066086769
171.0,263.25,-95.08179083475643
171.75,263.25,-94.98595225613414
172.5,263.25,-93.71452728238985
173.25,263.25,-92.40137164679822
174.0,263.25,-91.42305332672323
174.75,263.25,-88.36534465828329
175.5,263.25,-84.02136349549272
176.25,263.25,-83.97810270563171
177.0,263.25,-82.62265081061383
177.75,263.25,-82.83568752345568
178.5,263.25,-80.65446398365229
179.25,263.25,-79.8812171943473
180.0,263.25,-84.08998273410909
180.75,263.25,-88.15383779357902
181.5,263.25,-88.98966075441403
182.25,263.25,-89.29509537622067
183.0,263.25,-89.12062377752827
183.75,263.25,-88.97200521942774
184.5,263.25,-86.60750085030958
185.25,263.25,-86.03131186391525
186.0,263.25,-85.64225979818602
186.75,263.25,-85.15428078586581
187.5,263.25,-85.07740898978682
188.25,263.25,-85.13644475671742
189.0,263.25,-85.05427395806123
189.75,263.25,-84.9383685517946
190.5,263.25,-84.83137651505308
191.25,263.25,-86.7449360140433
192.0,263.25,-85.39289759364509
192.75,263.25,
193.5,263.25,
194.25,263.25,
195.0,263.25,
195.75,263.25,
196.5,263.25,
197.25,263.25,
198.0,263.25,
198.75,263.25,
199.5,263.25,
200.25,263.25,
201.0,263.25,
201.75,263.25,
202.5,263.25,
203.25,263.25,
204.0,263.25,
204.75,263.25,
205.5,263.25,-76.49043715846994
206.25,263.25,-75.3222891566265
207.0,263.25,-68.7641723356009
207.75,263.25,-70.30209563131329
208.5,263.25,-70.35953897343892
209.25,263.25,-71.76320615856108
210.0,263.25,-71.98382400374004
210.75,263.25,-72.76504987871203
211.5,263.25,-74.51692127472361
212.25,263.25,-77.51114153740082
213.0,263.25,-79.73553096220448
213.75,263.25,-79.0075481461048
214.5,263.25,-82.04609657729762
215.25,263.25,-83.23870769221458
216.0,263.25,-82.28243421566671
216.75,263.25,-84.87822567097832
217.5,263.25,-84.56576828252803
218.25,263.25,-83.20450850785916
219.0,263.25,-83.214173706898
219.75,263.25,-84.42560529793914
220.5,263.25,-88.14642152208619
221.25,263.25,-89.09170022043436
222.0,263.25,-83.85828024459721
222.75,263.25,-79.4446093078466
223.5,263.25,-77.45642869143487
224.25,263.25,-77.8747190011287
225.0,263.25,-78.76365604897865
225.75,263.25,-76.82206282088126
226.5,263.25,-74.10335320837167
227.25,263.25,-73.4047197854229
228.0,263.25,-74.76396934860605
228.75,263.25,-75.60680740176662
229.5,263.25,-76.0305768198845
230.25,263.25,-76.25254345076472
231.0,263.25,-76.99016366175614
231.75,263.25,-76.0479274611399
232.5,263.25,-76.0967583497053
233.25,263.25,
234.0,263.25,
234.75,263.25,
235.5,263.25,-91.79853367314875
236.25,263.25,-92.30307652186282
237.0,263.25,-93.74907718756201
237.75,263.25,-93.13366220484569
238.5,263.25,-94.08949218069564
239.25,263.25,-95.68248793639573
240.0,263.25,-97.46471945520331
240.75,263.25,-99.47396755736554
241.5,263.25,-98.19640936213655
242.25,263.25,-92.91389175631429
243.0,263.25,-91.08661307378603
243.75,263.25,-91.26086408012577
244.5,263.25,-91.34824854672372
245.25,263.25,-91.45159689957215
246.0,263.25,-91.07236585602213
246.75,263.25,-91.15402213394292
247.5,263.25,-89.48364466232779
248.25,263.25,-88.24896265560166
249.0,263.25,
249.75,263.25,
250.5,263.25,
251.25,263.25,
252.0,263.25,
252.75,263.25,
253.5,263.25,
254.25,263.25,
255.0,263.25,
255.75,263.25,
256.5,263.25,
257.25,263.25,
258.0,263.25,
258.75,263.25,
123.0,264.0,
123.75,264.0,
124.5,264.0,
125.25,264.0,
126.0,264.0,
126.75,264.0,
127.5,264.0,
128.25,264.0,
129.0,264.0,
129.75,264.0,
130.5,264.0,
131.25,264.0,
132.0,264.0,
132.75,264.0,
133.5,264.0,
134.25,264.0,
135.0,264.0,
135.75,264.0,
136.5,264.0,
137.25,264.0,
138.0,264.0,
138.75,264.0,
139.5,264.0,
140.25,264.0,
141.0,264.0,
141.75,264.0,
142.5,264.0,
143.25,264.0,
144.0,264.0,
144.75,264.0,
145.5,264.0,
146.25,264.0,
147.0,264.0,
147.75,264.0,
148.5,264.0,
149.25,264.0,
150.0,264.0,
150.75,264.0,
151.5,264.0,
152.25,264.0,
153.0,264.0,
153.75,264.0,
154.5,264.0,
155.25,264.0,
156.0,264.0,
156.75,264.0,
157.5,264.0,
158.25,264.0,
159.0,264.0,
159.75,264.0,
160.5,264.0,-94.8960396039604
161.25,264.0,-95.02459016393443
162.0,264.0,-95.21428571428571
162.75,264.0,-95.49378881987577
163.5,264.0,-95.7389917038928
164.25,264.0,-96.32191500873004
165.0,264.0,-96.49416594641313
165.75,264.0,-96.23788755356813
166.5,264.0,-95.84076937298063
167.25,264.0,-95.48643464861934
168.0,264.0,-95.09756097560975
168.75,264.0,-94.8307628759634
169.5,264.0,-94.82760730747685
170.25,264.0,-95.05041428352318
171.0,264.0,-95.05749486652978
171.75,264.0,-94.92850417465468
172.5,264.0,-93.86629148313078
173.25,264.0,-93.59428888936387
174.0,264.0,-92.23170731707316
174.75,264.0,-89.00462012998176
175.5,264.0,-84.50042151866376
176.25,264.0,-83.38699088287677
177.0,264.0,-82.85022026431719
177.75,264.0,-84.0866859418225
178.5,264.0,-84.21146131805158
179.25,264.0,-84.64778795701733
180.0,264.0,-87.17532467532467
180.75,264.0,-90.23778617680371
181.5,264.0,-91.49434939352008
182.25,264.0,-90.64532297917404
183.0,264.0,-90.10459095616157
183.75,264.0,-89.79999785002349
184.5,264.0,-88.94664193497694
185.25,264.0,-87.34546091482332
186.0,264.0,-87.21428571428571
186.75,264.0,-87.12171296433549
187.5,264.0,-87.1228613032399
188.25,264.0,-87.18367304807389
189.0,264.0,-87.24757281553397
189.75,264.0,-88.29032517511736
190.5,264.0,-87.9484807308682
191.25,264.0,-88.11528691089651
192.0,264.0,-88.24657534246575
192.75,264.0,-87.0
193.5,264.0,
194.25,264.0,
195.0,264.0,
195.75,264.0,
196.5,264.0,
197.25,264.0,
198.0,264.0,
198.75,264.0,
199.5,264.0,
200.25,264.0,
201.0,264.0,
201.75,264.0,
202.5,264.0,
203.25,264.0,
204.0,264.0,
204.75,264.0,
205.5,264.0,
206.25,264.0,-76.95967741935483
207.0,264.0,-75.63888888888889
207.75,264.0,-74.78184378709356
208.5,264.0,-70.75110176341143
209.25,264.0,-72.36340096310383
210.0,264.0,-72.81336405529956
210.75,264.0,-73.64196026186877
211.5,264.0,-74.97593005602498
212.25,264.0,-76.99551808028407
213.0,264.0,-77.78849676395164
213.75,264.0,-78.19658707450074
214.5,264.0,-78.00845611122641
215.25,264.0,-78.59440294523777
216.0,264.0,-80.02272727272728
216.75,264.0,-81.61263278500564
217.5,264.0,-82.18909069796035
218.25,264.0,-82.23990150761377
219.0,264.0,-82.78841870824054
219.75,264.0,-83.7771996566966
220.5,264.0,-85.86491885797476
221.25,264.0,-85.75156141211659
222.0,264.0,-82.94262295081967
222.75,264.0,-78.84509325781777
223.5,264.0,-77.0329191384747
224.25,264.0,-75.61599070207039
225.0,264.0,-74.99999999999997
225.75,264.0,-75.41375795056064
226.5,264.0,-75.98456458935205
227.25,264.0,-76.23369154847066
228.0,264.0,-76.35632183908045
228.75,264.0,-76.49518741290163
229.5,264.0,-76.61355764022596
230.25,264.0,-76.69664398819016
231.0,264.0,-77.32835820895522
231.75,264.0,-77.40519105984139
232.5,264.0,-76.25
233.25,264.0,
234.0,264.0,-87.49999999999999
234.75,264.0,-87.57877461706784
235.5,264.0,-91.08981053259734
236.25,264.0,-91.65025649674838
237.0,264.0,-92.10952036515101
237.75,264.0,-92.59726784125202
238.5,264.0,-93.47533473069171
239.25,264.0,-94.91328096305443
240.0,264.0,-96.13414634146343
240.75,264.0,-97.0227862268087
241.5,264.0,-96.04535903962662
242.25,264.0,-93.56983742511785
243.0,264.0,-92.12860950688582
243.75,264.0,-91.88061699237724
244.5,264.0,-91.99677970967458
245.25,264.0,-92.0323124668044
246.0,264.0,-92.07677058929535
246.75,264.0,-91.49750146546921
247.5,264.0,-89.81533101045298
248.25,264.0,
249.0,264.0,
249.75,264.0,
250.5,264.0,
251.25,264.0,
252.0,264.0,
252.75,264.0,
253.5,264.0,
254.25,264.0,
255.0,264.0,
255.75,264.0,
256.5,264.0,
257.25,264.0,
258.0,264.0,
258.75,264.0,
123.0,264.75,
123.75,264.75,
124.5,264.75,
125.25,264.75,
126.0,264.75,
126.75,264.75,
127.5,264.75,
128.25,264.75,
129.0,264.75,
129.75,264.75,
130.5,264.75,
131.25,264.75,
132.0,264.75,
132.75,264.75,
133.5,264.75,
134.25,264.75,
135.0,264.75,
135.75,264.75,
136.5,264.75,
137.25,264.75,
138.0,264.75,
138.75,264.75,
139.5,264.75,
140.25,264.75,
141.0,264.75,
141.75,264.75,
142.5,264.75,
143.25,264.75,
144.0,264.75,
144.75,264.75,
145.5,264.75,
146.25,264.75,
147.0,264.75,
147.75,264.75,
148.5,264.75,
149.25,264.75,
150.0,264.75,
150.75,264.75,
151.5,264.75,
152.25,264.75,
153.0,264.75,
153.75,264.75,
154.5,264.75,
155.25,264.75,
156.0,264.75,
156.75,264.75,
157.5,264.75,
158.25,264.75,
159.0,264.75,
159.75,264.75,-94.70746887966804
160.5,264.75,-94.77397260273972
161.25,264.75,-94.87593984962406
162.0,264.75,-95.04054054054053
162.75,264.75,-95.31967213114756
163.5,264.75,-95.89328798831112
164.25,264.75,-96.50871801004541
165.0,264.75,-96.93671584486378
165.75,264.75,-96.45959625618971
166.5,264.75,-95.85957502839143
167.25,264.75,-95.51348253166722
168.0,264.75,-94.97415533119681
168.75,264.75,-94.20612633721016
169.5,264.75,-94.46213999205399
170.25,264.75,-95.0675132396446
171.0,264.75,-95.01519451708455
171.75,264.75,-94.93729634985533
172.5,264.75,-93.95963168638787
173.25,264.75,-93.897412971737
174.0,264.75,-92.2281621905444
174.75,264.75,-89.29642442767015
175.5,264.75,-85.89035925812978
176.25,264.75,-83.19257592332136
177.0,264.75,-83.13148654565384
177.75,264.75,-84.7125227504772
178.5,264.75,-87.12851555842624
179.25,264.75,-87.78381684525976
180.0,264.75,-89.20807594690206
180.75,264.75,-93.32647890188431
181.5,264.75,-93.1902594174159
182.25,264.75,-91.95047356203682
183.0,264.75,-91.7525198284727
183.75,264.75,-92.08829685758953
184.5,264.75,-90.29861252415016
185.25,264.75,-89.03744392613382
186.0,264.75,-88.79940605744824
186.75,264.75,-88.91744644594849
187.5,264.75,-88.9080976052977
188.25,264.75,-88.90523723163892
189.0,264.75,-88.99052886534119
189.75,264.75,-88.70784930286507
190.5,264.75,-88.79569883472047
191.25,264.75,-88.72151225313397
192.0,264.75,-89.94904055844357
192.75,264.75,-91.03065134099616
193.5,264.75,
194.25,264.75,
195.0,264.75,
195.75,264.75,
196.5,264.75,
197.25,264.75,
198.0,264.75,
198.75,264.75,
199.5,264.75,
200.25,264.75,
201.0,264.75,
201.75,264.75,
202.5,264.75,
203.25,264.75,
204.0,264.75,
204.75,264.75,
205.5,264.75,
206.25,264.75,
207.0,264.75,-77.51618705035972
207.75,264.75,-77.22406840684069
208.5,264.75,-74.10982000074422
209.25,264.75,-71.55593411310228
210.0,264.75,-73.27634512355691
210.75,264.75,-73.94168754789902
211.5,264.75,-75.5773832954844
212.25,264.75,-76.1315229600189
213.0,264.75,-76.2471080727441
213.75,264.75,-76.07710422762298
214.5,264.75,-73.20967943949118
215.25,264.75,-72.22451981791939
216.0,264.75,-77.58033797800688
216.75,264.75,-80.68094914532733
217.5,264.75,-80.79567243250962
218.25,264.75,-80.91278683195051
219.0,264.75,-80.76873617610869
219.75,264.75,-81.98876560451444
220.5,264.75,-83.50928363460824
221.25,264.75,-82.49808461232101
222.0,264.75,-80.68426175818263
222.75,264.75,-78.03678804680177
223.5,264.75,-75.53603647327445
224.25,264.75,-72.80006353591992
225.0,264.75,-70.4261150827522
225.75,264.75,-73.77062434252431
226.5,264.75,-78.11223035879415
227.25,264.75,-79.06316176847362
228.0,264.75,-77.870780661541
228.75,264.75,-77.3145584120357
229.5,264.75,-77.11941297669794
230.25,264.75,-77.0374683453466
231.0,264.75,-77.73784835743373
231.75,264.75,-77.67907295912948
232.5,264.75,-77.67355984046542
233.25,264.75,
234.0,264.75,-87.42122538293216
234.75,264.75,-87.49999999999999
235.5,264.75,-90.7299524032647
236.25,264.75,-90.9411051242435
237.0,264.75,-90.92782250563216
237.75,264.75,-91.34612827380073
238.5,264.75,-92.23556480871997
239.25,264.75,-93.62852263472571
240.0,264.75,-94.58783909558439
240.75,264.75,-95.16187554142599
241.5,264.75,-94.70568872335058
242.25,264.75,-93.80001467875495
243.0,264.75,-93.02310410866261
243.75,264.75,-92.54013165505245
244.5,264.75,-92.33595075281997
245.25,264.75,-92.56096520837526
246.0,264.75,-92.51107402220237
246.75,264.75,-90.25628980060549
247.5,264.75,-90.14070015410239
248.25,264.75,-91.96837944664033
249.0,264.75,
249.75,264.75,
250.5,264.75,
251.25,264.75,
252.0,264.75,
252.75,264.75,
253.5,264.75,
254.25,264.75,
255.0,264.75,
255.75,264.75,
256.5,264.75,
257.25,264.75,
258.0,264.75,
258.75,264.75,
123.0,265.5,
123.75,265.5,
124.5,265.5,
125.25,265.5,
126.0,265.5,
126.75,265.5,
127.5,265.5,
128.25,265.5,
129.0,265.5,
129.75,265.5,
130.5,265.5,
131.25,265.5,
132.0,265.5,
132.75,265.5,
133.5,265.5,
134.25,265.5,
135.0,265.5,
135.75,265.5,
136.5,265.5,
137.25,265.5,
138.0,265.5,
138.75,265.5,
139.5,265.5,
140.25,265.5,
141.0,265.5,
141.75,265.5,
142.5,265.5,
143.25,265.5,
144.0,265.5,
144.75,265.5,
145.5,265.5,
146.25,265.5,
147.0,265.5,
147.75,265.5,
148.5,265.5,
149.25,265.5,
150.0,265.5,
150.75,265.5,
151.5,265.5,
152.25,265.5,
153.0,265.5,
153.75,265.5,
154.5,265.5,
155.25,265.5,
156.0,265.5,
156.75,265.5,
157.5,265.5,
158.25,265.5,
159.0,265.5,
159.75,265.5,-94.58676789587852
160.5,265.5,-94.61627906976744
161.25,265.5,-94.66326530612245
162.0,265.5,-94.74390243902438
162.75,265.5,-94.8960396039604
163.5,265.5,-95.37095456031382
164.25,265.5,-95.92941167830098
165.0,265.5,-96.50831758810483
165.75,265.5,-95.94514543664214
166.5,265.5,-95.62026738233686
167.25,265.5,-95.7046600329623
168.0,265.5,-95.51735171055871
168.75,265.5,-94.7688065079786
169.5,265.5,-95.04484825053159
170.25,265.5,-95.3753654644428
171.0,265.5,-95.14782261286456
171.75,265.5,-95.07048197586712
172.5,265.5,-93.94803507632346
173.25,265.5,-93.6771487125265
174.0,265.5,-91.34260265044536
174.75,265.5,-88.03999354079492
175.5,265.5,-85.4405216378065
176.25,265.5,-84.1848389028229
177.0,265.5,-82.7538005919489
177.75,265.5,-84.53599846823802
178.5,265.5,-87.01568413455615
179.25,265.5,-87.69325178818534
180.0,265.5,-89.2353938826832
180.75,265.5,-92.5607178301064
181.5,265.5,-92.74981054276557
182.25,265.5,-91.92379949338017
183.0,265.5,-92.37866817155758
183.75,265.5,-92.66885348734549
184.5,265.5,-92.54428117553616
185.25,265.5,-91.77746084022007
186.0,265.5,-90.6809777756895
186.75,265.5,-89.61451981198354
187.5,265.5,-89.72554148189454
188.25,265.5,-90.18756817070069
189.0,265.5,-90.39919411055384
189.75,265.5,-90.53360532169879
190.5,265.5,-89.46843243103292
191.25,265.5,-90.25756941682174
192.0,265.5,-90.33254533208309
192.75,265.5,-91.75365960049935
193.5,265.5,
194.25,265.5,
195.0,265.5,
195.75,265.5,
196.5,265.5,
197.25,265.5,
198.0,265.5,
198.75,265.5,
199.5,265.5,
200.25,265.5,
201.0,265.5,
201.75,265.5,
202.5,265.5,
203.25,265.5,
204.0,265.5,
204.75,265.5,-84.88779527559056
205.5,265.5,-84.91666666666667
206.25,265.5,-84.96428571428571
207.0,265.5,-86.19775392089245
207.75,265.5,-81.96577550928359
208.5,265.5,-81.35299107822671
209.25,265.5,-76.44280281854004
210.0,265.5,-75.92631826368387
210.75,265.5,-75.20263402844608
211.5,265.5,-75.59752815090101
212.25,265.5,-75.8191010197046
213.0,265.5,-77.17384048400955
213.75,265.5,-75.5805349364705
214.5,265.5,-73.28463980126968
215.25,265.5,-72.93045428804213
216.0,265.5,-76.8770515047322
216.75,265.5,-79.65271455235808
217.5,265.5,-79.56115879828327
218.25,265.5,-79.23181279998417
219.0,265.5,-79.84446616839084
219.75,265.5,-80.96057389221706
220.5,265.5,-81.06019453099364
221.25,265.5,-80.18239736571158
222.0,265.5,-79.18480457441717
222.75,265.5,-77.95835421821658
223.5,265.5,-75.37692400390004
224.25,265.5,-72.88266277802667
225.0,265.5,-71.30245484714325
225.75,265.5,-74.29760402792324
226.5,265.5,-78.04709395818975
227.25,265.5,-78.88498026747669
228.0,265.5,-78.3213084818042
228.75,265.5,-77.84241736142089
229.5,265.5,-77.53741513516566
230.25,265.5,-77.3470049412717
231.0,265.5,-78.02326117605341
231.75,265.5,-77.95238407099602
232.5,265.5,-81.94652406417113
233.25,265.5,-86.88181340654936
234.0,265.5,-86.95106668655824
234.75,265.5,-87.04457438244143
235.5,265.5,-88.41917459833783
236.25,265.5,-89.81573421691543
237.0,265.5,-90.16736707211547
237.75,265.5,-90.40373802983584
238.5,265.5,-90.71506940108019
239.25,265.5,-91.85497387791018
240.0,265.5,-93.09826603836126
240.75,265.5,-94.34709196512603
241.5,265.5,-94.402870936832
242.25,265.5,-93.90233848275555
243.0,265.5,-93.45514640705167
243.75,265.5,-92.94693552041468
244.5,265.5,-92.70610392687591
245.25,265.5,-92.51174302939496
246.0,265.5,-92.86841618590613
246.75,265.5,-91.70033528864079
247.5,265.5,-92.08163265306122
248.25,265.5,-92.06286836935168
249.0,265.5,
249.75,265.5,
250.5,265.5,
251.25,265.5,
252.0,265.5,
252.75,265.5,
253.5,265.5,
254.25,265.5,
255.0,265.5,
255.75,265.5,
256.5,265.5,
257.25,265.5,
258.0,265.5,
258.75,265.5,
123.0,266.25,
123.75,266.25,
124.5,266.25,
125.25,266.25,
126.0,266.25,
126.75,266.25,
127.5,266.25,
128.25,266.25,
129.0,266.25,
129.75,266.25,
130.5,266.25,
131.25,266.25,
132.0,266.25,
132.75,266.25,
133.5,266.25,
134.25,266.25,
135.0,266.25,
135.75,266.25,
136.5,266.25,
137.25,266.25,
138.0,266.25,
138.75,266.25,
139.5,266.25,
140.25,266.25,
141.0,266.25,
141.75,266.25,
142.5,266.25,
143.25,266.25,
144.0,266.25,
144.75,266.25,
145.5,266.25,
146.25,266.25,
147.0,266.25,
147.75,266.25,
148.5,266.25,
149.25,266.25,
150.0,266.25,
150.75,266.25,
151.5,266.25,
152.25,266.25,
153.0,266.25,
153.75,266.25,
154.5,266.25,
155.25,266.25,
156.0,266.25,
156.75,266.25,
157.5,266.25,
158.25,266.25,
159.0,266.25,
159.75,266.25,-94.45633187772924
160.5,266.25,-94.44134897360702
161.25,266.25,-94.41735537190084
162.0,266.25,-94.37577639751554
162.75,266.25,-94.29591836734693
163.5,266.25,-94.3967797476863
164.25,266.25,-93.92621815438409
165.0,266.25,-93.49773417311445
165.75,266.25,-94.1740360521324
166.5,266.25,-95.11344425911241
167.25,266.25,-96.04914952932621
168.0,266.25,-96.95273342792507
168.75,266.25,-97.79668062593029
169.5,266.25,-97.30723702375248
170.25,266.25,-96.18025939238323
171.0,266.25,-95.78182969250983
171.75,266.25,-95.4510304844322
172.5,266.25,-94.16548991561454
173.25,266.25,-93.59207089086576
174.0,266.25,-89.73984238773184
174.75,266.25,-84.99280795977677
175.5,266.25,-83.65745478479124
176.25,266.25,-82.20850099912427
177.0,266.25,-80.09163426842868
177.75,266.25,-82.54652441103457
178.5,266.25,-85.3703646319851
179.25,266.25,-86.73269047650982
180.0,266.25,-88.13854852132663
180.75,266.25,-89.69243433979082
181.5,266.25,-90.99569787405053
182.25,266.25,-91.77977030554305
183.0,266.25,-92.66814583445546
183.75,266.25,-93.2902037629903
184.5,266.25,-93.97884981982683
185.25,266.25,-93.58561518599309
186.0,266.25,-92.30582236607985
186.75,266.25,-91.89588545018766
187.5,266.25,-91.6511384090216
188.25,266.25,-91.25296287415141
189.0,266.25,-91.11553782862468
189.75,266.25,-91.09408960400262
190.5,266.25,-91.08296401292337
191.25,266.25,-90.67129799682428
192.0,266.25,-90.6135862421211
192.75,266.25,-91.89834350273125
193.5,266.25,
194.25,266.25,
195.0,266.25,
195.75,266.25,
196.5,266.25,
197.25,266.25,
198.0,266.25,
198.75,266.25,
199.5,266.25,
200.25,266.25,
201.0,266.25,
201.75,266.25,
202.5,266.25,
203.25,266.25,
204.0,266.25,-84.82009345794393
204.75,266.25,-84.82446808510639
205.5,266.25,-85.60869060664729
206.25,266.25,-85.83011376398927
207.0,266.25,-86.12382251075007
207.75,266.25,-86.44181206487974
208.5,266.25,-82.80919419897334
209.25,266.25,-80.82607079809465
210.0,266.25,-78.5427848170305
210.75,266.25,-77.65496621464709
211.5,266.25,-76.81217817152722
212.25,266.25,-77.1455347952054
213.0,266.25,-77.27057374684253
213.75,266.25,-76.35435468026812
214.5,266.25,-75.4001069536295
215.25,266.25,-75.2123112297842
216.0,266.25,-75.87218646388801
216.75,266.25,-75.57574153407009
217.5,266.25,-75.95620992418846
218.25,266.25,-77.2865969268302
219.0,266.25,-78.43757565435665
219.75,266.25,-80.68639752980124
220.5,266.25,-80.21440538286257
221.25,266.25,-79.47023808067551
222.0,266.25,-78.9957932220415
222.75,266.25,-77.87928047931457
223.5,266.25,-76.33067212505406
224.25,266.25,-74.19587654801784
225.0,266.25,-74.46871377157552
225.75,266.25,-76.4248100183653
226.5,266.25,-78.6067323182554
227.25,266.25,-79.24602725989932
228.0,266.25,-78.7588243842738
228.75,266.25,-78.22980405229171
229.5,266.25,-77.8500244267601
230.25,266.25,-77.47305715110755
231.0,266.25,-78.24375036429092
231.75,266.25,-80.36343918280163
232.5,266.25,-83.15481959782826
233.25,266.25,-86.77577344017733
234.0,266.25,-86.85764030132879
234.75,266.25,-86.92585562874889
235.5,266.25,-89.11157505542222
236.25,266.25,-89.19824471807168
237.0,266.25,-88.54483427100631
237.75,266.25,-89.63489391851085
238.5,266.25,-89.66591507494682
239.25,266.25,-90.05298373382583
240.0,266.25,-92.56726286662011
240.75,266.25,-94.96768363467869
241.5,266.25,-95.02949626413503
242.25,266.25,-93.76104374300037
243.0,266.25,-93.19541950342696
243.75,266.25,-93.1280258337148
244.5,266.25,-92.87021293559397
245.25,266.25,-92.67871795740025
246.0,266.25,-93.32397285444858
246.75,266.25,-93.27205506208436
247.5,266.25,-92.19370460048425
248.25,266.25,
249.0,266.25,
249.75,266.25,
250.5,266.25,
251.25,266.25,
252.0,266.25,
252.75,266.25,
253.5,266.25,
254.25,266.25,
255.0,266.25,
255.75,266.25,
256.5,266.25,
257.25,266.25,
258.0,266.25,
258.75,266.25,
123.0,267.0,
123.75,267.0,
124.5,267.0,
125.25,267.0,
126.0,267.0,
126.75,267.0,
127.5,267.0,
128.25,267.0,
129.0,267.0,
129.75,267.0,
130.5,267.0,
131.25,267.0,
132.0,267.0,
132.75,267.0,
133.5,267.0,
134.25,267.0,
135.0,267.0,
135.75,267.0,
136.5,267.0,
137.25,267.0,
138.0,267.0,
138.75,267.0,
139.5,267.0,
140.25,267.0,
141.0,267.0,
141.75,267.0,
142.5,267.0,
143.25,267.0,
144.0,267.0,
144.75,267.0,
145.5,267.0,
146.25,267.0,
147.0,267.0,
147.75,267.0,
148.5,267.0,
149.25,267.0,
150.0,267.0,
150.75,267.0,
151.5,267.0,
152.25,267.0,
153.0,267.0,
153.75,267.0,
154.5,267.0,
155.25,267.0,
156.0,267.0,
156.75,267.0,
157.5,267.0,
158.25,267.0,
159.0,267.0,
159.75,267.0,-94.330866807611
160.5,267.0,-94.2752808988764
161.25,267.0,-94.1887159533074
162.0,267.0,-94.04545454545453
162.75,267.0,-93.79203539823008
163.5,267.0,-93.6842028220851
164.25,267.0,-92.73391570995197
165.0,267.0,-92.00000000000185
165.75,267.0,-93.00113803664838
166.5,267.0,-94.7254832442984
167.25,267.0,-96.31889535494217
168.0,267.0,-98.00216919739698
168.75,267.0,-99.78695190911849
169.5,267.0,-99.04334278012392
170.25,267.0,-96.55216442781163
171.0,267.0,-96.0
171.75,267.0,-95.6646080163736
172.5,267.0,-94.59768278066319
173.25,267.0,-94.73493603102938
174.0,267.0,-89.21186440677965
174.75,267.0,-82.46378396949392
175.5,267.0,-82.8233956985487
176.25,267.0,-80.95239594943953
177.0,267.0,-78.00000000000756
177.75,267.0,-80.82795053455486
178.5,267.0,-84.8923249929716
179.25,267.0,-86.68132007347818
180.0,267.0,-87.71626297577855
180.75,267.0,-88.69183779814688
181.5,267.0,-90.26201332982862
182.25,267.0,-90.90151563025762
183.0,267.0,-92.54237288135593
183.75,267.0,-93.47718622925068
184.5,267.0,-94.56084169051722
185.25,267.0,-94.82634651775274
186.0,267.0,-93.18678160919538
186.75,267.0,-92.93317162879673
187.5,267.0,-92.71853573776649
188.25,267.0,-92.20162478038917
189.0,267.0,-92.10144927536231
189.75,267.0,-92.11971186799205
190.5,267.0,-91.31999071077855
191.25,267.0,-91.20099598145512
192.0,267.0,-91.70148401826484
192.75,267.0,-93.0
193.5,267.0,
194.25,267.0,
195.0,267.0,
195.75,267.0,
196.5,267.0,
197.25,267.0,
198.0,267.0,
198.75,267.0,
199.5,267.0,
200.25,267.0,
201.0,267.0,
201.75,267.0,
202.5,267.0,
203.25,267.0,-84.78535353535354
204.0,267.0,-84.75
204.75,267.0,-85.22040913711903
205.5,267.0,-85.35067040574884
206.25,267.0,-85.64648217367218
207.0,267.0,-86.05263157894737
207.75,267.0,-86.48099444365295
208.5,267.0,-86.8649289099526
209.25,267.0,-84.11491020965259
210.0,267.0,-83.34806810740012
210.75,267.0,-80.53326310775005
211.5,267.0,-79.33377916470954
212.25,267.0,-77.20119792774524
213.0,267.0,-77.0769230769231
213.75,267.0,-76.42473395142537
214.5,267.0,-76.93270111053617
215.25,267.0,-76.52627959620115
216.0,267.0,-75.49367088607595
216.75,267.0,-73.28471755880437
217.5,267.0,-73.91479586119308
218.25,267.0,-75.76152868175129
219.0,267.0,-78.48113207547169
219.75,267.0,-79.81836071535672
220.5,267.0,-79.1727076767018
221.25,267.0,-79.21865039634046
222.0,267.0,-78.8470012239902
222.75,267.0,-78.00175217535731
223.5,267.0,-77.16139076608354
224.25,267.0,-75.69620482620874
225.0,267.0,-76.40579710144928
225.75,267.0,-77.91910313964037
226.5,267.0,-79.85805556600185
227.25,267.0,-80.34692181750523
228.0,267.0,-79.22513209280956
228.75,267.0,-78.47519571909724
229.5,267.0,-77.98124973751682
230.25,267.0,-77.66148317960345
231.0,267.0,-79.44444444444444
231.75,267.0,-81.82075817107759
232.5,267.0,-82.5931103348125
233.25,267.0,-86.65719199445287
234.0,267.0,-86.73482959268496
234.75,267.0,-88.05659319263602
235.5,267.0,-88.69099820243274
236.25,267.0,-88.69065942864009
237.0,267.0,-88.87301587301586
237.75,267.0,-89.20936637006406
238.5,267.0,-89.18241866492872
239.25,267.0,-89.11014365294726
240.0,267.0,-91.90323645970936
240.75,267.0,-96.5893742219519
241.5,267.0,-95.78290389329833
242.25,267.0,-93.23385382937474
243.0,267.0,-92.99999999999963
243.75,267.0,-93.02439414576044
244.5,267.0,-92.99161057034419
245.25,267.0,-93.2205289571033
246.0,267.0,-92.51392663043477
246.75,267.0,-93.40450571830127
247.5,267.0,
248.25,267.0,
249.0,267.0,
249.75,267.0,
250.5,267.0,
251.25,267.0,
252.0,267.0,
252.75,267.0,
253.5,267.0,
254.25,267.0,
255.0,267.0,
255.75,267.0,
256.5,267.0,
257.25,267.0,
258.0,267.0,
258.75,267.0,
123.0,267.75,
123.75,267.75,
124.5,267.75,
125.25,267.75,
126.0,267.75,
126.75,267.75,
127.5,267.75,
128.25,267.75,
129.0,267.75,
129.75,267.75,
130.5,267.75,
131.25,267.75,
132.0,267.75,
132.75,267.75,
133.5,267.75,
134.25,267.75,
135.0,267.75,
135.75,267.75,
136.5,267.75,
137.25,267.75,
138.0,267.75,
138.75,267.75,
139.5,267.75,
140.25,267.75,
141.0,267.75,
141.75,267.75,
142.5,267.75,
143.25,267.75,
144.0,267.75,
144.75,267.75,
145.5,267.75,
146.25,267.75,
147.0,267.75,
147.75,267.75,
148.5,267.75,
149.25,267.75,
150.0,267.75,
150.75,267.75,
151.5,267.75,
152.25,267.75,
153.0,267.75,
153.75,267.75,
154.5,267.75,
155.25,267.75,
156.0,267.75,
156.75,267.75,
157.5,267.75,
158.25,267.75,
159.0,267.75,
159.75,267.75,-94.22332015810277
160.5,267.75,-94.1401028277635
161.25,267.75,-94.01724137931035
162.0,267.75,-93.83014354066987
162.75,267.75,-93.54109589041097
163.5,267.75,-93.57002747278507
164.25,267.75,-92.83095910424512
165.0,267.75,-92.54691120365486
165.75,267.75,-93.19558379948919
166.5,267.75,-94.79852908047143
167.25,267.75,-96.31967644195466
168.0,267.75,-97.75589799811061
168.75,267.75,-98.71599841952292
169.5,267.75,-98.2079419260891
170.25,267.75,-96.65642097126776
171.0,267.75,-95.99723834687019
171.75,267.75,-95.52804338456808
172.5,267.75,-94.11226699318229
173.25,267.75,-93.4668727899927
174.0,267.75,-89.73984238773184
174.75,267.75,-85.16415705751074
175.5,267.75,-84.39158931508192
176.25,267.75,-83.55127819036109
177.0,267.75,-82.22668907019661
177.75,267.75,-83.51890987793043
178.5,267.75,-85.02823805148186
179.25,267.75,-86.40700955966498
180.0,267.75,-86.98482208537934
180.75,267.75,-87.36708220028632
181.5,267.75,-88.80771781372808
182.25,267.75,-89.90932841222461
183.0,267.75,-91.66807593842314
183.75,267.75,-92.9493571259838
184.5,267.75,-93.48939870892542
185.25,267.75,-93.63669812096282
186.0,267.75,-92.75659377312793
186.75,267.75,-92.35537940280119
187.5,267.75,-92.20836235892104
188.25,267.75,-92.18359429423509
189.0,267.75,-92.36320423906623
189.75,267.75,-92.3842607219213
190.5,267.75,-92.4324145099034
191.25,267.75,-92.43413239868772
192.0,267.75,-91.91501095315391
192.75,267.75,-92.29340935676609
193.5,267.75,
194.25,267.75,
195.0,267.75,
195.75,267.75,
196.5,267.75,
197.25,267.75,
198.0,267.75,
198.75,267.75,
199.5,267.75,
200.25,267.75,
201.0,267.75,
201.75,267.75,
202.5,267.75,-84.80339805825243
203.25,267.75,-84.73717948717947
204.0,267.75,-84.99274476218035
204.75,267.75,-84.90337677190236
205.5,267.75,-85.03171692846587
206.25,267.75,-85.359208211301
207.0,267.75,-85.8443149626652
207.75,267.75,-86.30619097277489
208.5,267.75,-84.97954033899454
209.25,267.75,-84.67224471139996
210.0,267.75,-84.24187093258794
210.75,267.75,-81.21561483881194
211.5,267.75,-79.82849734829549
212.25,267.75,-79.3273851901862
213.0,267.75,-77.52596035366696
213.75,267.75,-78.14375409034095
214.5,267.75,-78.69558020447455
215.25,267.75,-78.64092068809782
216.0,267.75,-76.87658922107379
216.75,267.75,-75.2111765433253
217.5,267.75,-75.33976791187898
218.25,267.75,-76.34632810637939
219.0,267.75,-77.21066195573908
219.75,267.75,-79.3819626072373
220.5,267.75,-78.99351403191658
221.25,267.75,-79.040230334666
222.0,267.75,-78.63733938566932
222.75,267.75,-78.82887259493462
223.5,267.75,-77.76797948483711
224.25,267.75,-76.59424883286542
225.0,267.75,-77.25091398953423
225.75,267.75,-78.17349919341163
226.5,267.75,-79.08500595292091
227.25,267.75,-79.34799539148433
228.0,267.75,-78.8674338710162
228.75,267.75,-78.39580357642583
229.5,267.75,-78.03444667168414
230.25,267.75,-79.16812815115559
231.0,267.75,-80.11315490891089
231.75,267.75,-81.32174436201045
232.5,267.75,-82.53784483602976
233.25,267.75,-84.96930355130176
234.0,267.75,-85.29832588197957
234.75,267.75,-87.49394553504824
235.5,267.75,-87.45009666641903
236.25,267.75,-87.95319893183674
237.0,267.75,-87.99150485156648
237.75,267.75,-88.63776129535185
238.5,267.75,-89.04532196950456
239.25,267.75,-89.41803790555828
240.0,267.75,-90.7207411410744
240.75,267.75,-93.38139224468229
241.5,267.75,-93.38417197240727
242.25,267.75,-92.78902325122417
243.0,267.75,-92.66479169488849
243.75,267.75,-92.50492192139598
244.5,267.75,-92.2051338834453
245.25,267.75,-92.5672389524902
246.0,267.75,-92.46510579374781
246.75,267.75,-92.68593157267243
247.5,267.75,
248.25,267.75,
249.0,267.75,
249.75,267.75,
250.5,267.75,
251.25,267.75,
252.0,267.75,
252.75,267.75,
253.5,267.75,
254.25,267.75,
255.0,267.75,
255.75,267.75,
256.5,267.75,
257.25,267.75,
258.0,267.75,
258.75,267.75,
123.0,268.5,
123.75,268.5,
124.5,268.5,
125.25,268.5,
126.0,268.5,
126.75,268.5,
127.5,268.5,
128.25,268.5,
129.0,268.5,
129.75,268.5,
130.5,268.5,
131.25,268.5,
132.0,268.5,
132.75,268.5,
133.5,268.5,
134.25,268.5,
135.0,268.5,
135.75,268.5,
136.5,268.5,
137.25,268.5,
138.0,268.5,
138.75,268.5,
139.5,268.5,
140.25,268.5,
141.0,268.5,
141.75,268.5,
142.5,268.5,
143.25,268.5,
144.0,268.5,
144.75,268.5,
145.5,268.5,
146.25,268.5,
147.0,268.5,
147.75,268.5,
148.5,268.5,
149.25,268.5,
150.0,268.5,
150.75,268.5,
151.5,268.5,
152.25,268.5,
153.0,268.5,
153.75,268.5,
154.5,268.5,
155.25,268.5,
156.0,268.5,
156.75,268.5,
157.5,268.5,
158.25,268.5,
159.0,268.5,
159.75,268.5,
160.5,268.5,-94.04545454545455
161.25,268.5,-93.91348973607039
162.0,268.5,-93.73076923076923
162.75,268.5,-93.48477157360405
163.5,268.5,-93.37015374331553
164.25,268.5,-93.19622271240344
165.0,268.5,-93.17563164828564
165.75,268.5,-93.69484618999459
166.5,268.5,-94.51955314575721
167.25,268.5,-95.57724057789552
168.0,268.5,-97.10565583076529
168.75,268.5,-97.40170012520063
169.5,268.5,-97.24117255163223
170.25,268.5,-96.4692650576106
171.0,268.5,-95.60772570770564
171.75,268.5,-94.95220791948104
172.5,268.5,-93.70575107528335
173.25,268.5,-93.55451644987188
174.0,268.5,-91.8249462991954
174.75,268.5,-88.11889070947866
175.5,268.5,-87.01317561632605
176.25,268.5,-87.7243963207607
177.0,268.5,-89.29617142671898
177.75,268.5,-87.30529921704724
178.5,268.5,-86.08895839043029
179.25,268.5,-86.20987868991197
180.0,268.5,-86.71056918136549
180.75,268.5,-87.01579515398552
181.5,268.5,-87.59581946726038
182.25,268.5,-89.08520850539887
183.0,268.5,-90.83703374777974
183.75,268.5,-92.29484216190795
184.5,268.5,-92.58271541805165
185.25,268.5,-92.60591553152466
186.0,268.5,-92.084440095065
186.75,268.5,-90.88470671094953
187.5,268.5,-91.16498316498318
188.25,268.5,-92.31323262807781
189.0,268.5,-92.77651622380512
189.75,268.5,-92.7365164356896
190.5,268.5,-92.63312252310054
191.25,268.5,-92.60975612825882
192.0,268.5,-93.00774252226104
192.75,268.5,-93.16853680619656
193.5,268.5,
194.25,268.5,
195.0,268.5,
195.75,268.5,
196.5,268.5,
197.25,268.5,
198.0,268.5,
198.75,268.5,
199.5,268.5,
200.25,268.5,
201.0,268.5,
201.75,268.5,-84.86344537815125
202.5,268.5,-84.79545454545453
203.25,268.5,-84.71031746031747
204.0,268.5,-84.80566919929865
204.75,268.5,-84.60776832880602
205.5,268.5,-84.7081223347548
206.25,268.5,-85.24410834558708
207.0,268.5,-85.9154237783804
207.75,268.5,-85.43434239116715
208.5,268.5,-85.48778108015173
209.25,268.5,-85.205119086056
210.0,268.5,-84.25425418389112
210.75,268.5,-83.05340261718128
211.5,268.5,-81.37515594303152
212.25,268.5,-79.7401827342806
213.0,268.5,-78.06379222298598
213.75,268.5,-79.32600088428025
214.5,268.5,-80.98999447971296
215.25,268.5,-81.20258532870659
216.0,268.5,-78.68806277569175
216.75,268.5,-77.32460601749386
217.5,268.5,-77.25811812835592
218.25,268.5,-77.84427372681017
219.0,268.5,-78.67193369171598
219.75,268.5,-79.29972961386068
220.5,268.5,-80.37441682693891
221.25,268.5,-79.27011543059925
222.0,268.5,-77.4451640073194
222.75,268.5,-77.82185921935022
223.5,268.5,-77.75624489080492
224.25,268.5,-77.76505060606233
225.0,268.5,-77.54441169299047
225.75,268.5,-78.01480829836589
226.5,268.5,-78.16654815832713
227.25,268.5,-78.15763860843255
228.0,268.5,-78.27409401899946
228.75,268.5,-78.18351959208776
229.5,268.5,-78.25388601036268
230.25,268.5,-79.76323115773225
231.0,268.5,-80.13691105674818
231.75,268.5,-81.92874350137879
232.5,268.5,-82.60745216728539
233.25,268.5,-84.7370332046986
234.0,268.5,-85.11647427280963
234.75,268.5,-85.47988835846472
235.5,268.5,-87.17432728866312
236.25,268.5,-86.7941870760949
237.0,268.5,-86.4672133947754
237.75,268.5,-87.76154746056375
238.5,268.5,-88.13271604938272
239.25,268.5,-88.06715425899533
240.0,268.5,-89.34713872967053
240.75,268.5,-88.95051227267444
241.5,268.5,-89.55862661292504
242.25,268.5,-91.25945005016236
243.0,268.5,-92.073021464099
243.75,268.5,-92.3218492148906
244.5,268.5,-91.8282292308433
245.25,268.5,-92.40479720281438
246.0,268.5,-92.56999364582823
246.75,268.5,-92.56679337034625
247.5,268.5,
248.25,268.5,
249.0,268.5,
249.75,268.5,
250.5,268.5,
251.25,268.5,
252.0,268.5,
252.75,268.5,
253.5,268.5,
254.25,268.5,
255.0,268.5,
255.75,268.5,
256.5,268.5,
257.25,268.5,
258.0,268.5,
258.75,268.5,
123.0,269.25,
123.75,269.25,
124.5,269.25,
125.25,269.25,
126.0,269.25,
126.75,269.25,
127.5,269.25,
128.25,269.25,
129.0,269.25,
129.75,269.25,
130.5,269.25,
131.25,269.25,
132.0,269.25,
132.75,269.25,
133.5,269.25,
134.25,269.25,
135.0,269.25,
135.75,269.25,
136.5,269.25,
137.25,269.25,
138.0,269.25,
138.75,269.25,
139.5,269.25,
140.25,269.25,
141.0,269.25,
141.75,269.25,
142.5,269.25,
143.25,269.25,
144.0,269.25,
144.75,269.25,
145.5,269.25,
146.25,269.25,
147.0,269.25,
147.75,269.25,
148.5,269.25,
149.25,269.25,
150.0,269.25,
150.75,269.25,
151.5,269.25,
152.25,269.25,
153.0,269.25,
153.75,269.25,
154.5,269.25,
155.25,269.25,
156.0,269.25,
156.75,269.25,
157.5,269.25,
158.25,269.25,
159.0,269.25,
159.75,269.25,
160.5,269.25,
161.25,269.25,-93.86585365853658
162.0,269.25,-93.70972644376901
162.75,269.25,-92.61954839406339
163.5,269.25,-93.34632378006211
164.25,269.25,-93.26213965999709
165.0,269.25,-93.35443248442282
165.75,269.25,-93.76196239586538
166.5,269.25,-94.23372720570177
167.25,269.25,-94.88599060110225
168.0,269.25,-95.33057495163666
168.75,269.25,-95.83044083204427
169.5,269.25,-96.25214871671959
170.25,269.25,-95.6422993896385
171.0,269.25,-95.00822193754449
171.75,269.25,-94.41999505033027
172.5,269.25,-93.69752674346915
173.25,269.25,-93.78011895493492
174.0,269.25,-92.53088969302962
174.75,269.25,-89.69952695829517
175.5,269.25,-88.71892984065803
176.25,269.25,-89.2178207502397
177.0,269.25,-90.70896554468989
177.75,269.25,-88.46690134017878
178.5,269.25,-86.27344982524741
179.25,269.25,-86.11409867439073
180.0,269.25,-86.66795034225295
180.75,269.25,-87.02130756923441
181.5,269.25,-87.36919403706138
182.25,269.25,-88.72425717184798
183.0,269.25,-90.39861145642206
183.75,269.25,-92.01527629142255
184.5,269.25,-92.41423038126457
185.25,269.25,-92.47573804027584
186.0,269.25,-91.79813160520844
186.75,269.25,-90.36993309720583
187.5,269.25,-90.79067466871864
188.25,269.25,-92.37056735098028
189.0,269.25,-92.9665728700252
189.75,269.25,-92.90625081122636
190.5,269.25,-92.93489563739604
191.25,269.25,-93.05077912564555
192.0,269.25,-93.13684962887237
192.75,269.25,-93.37832079655635
193.5,269.25,-94.48741418764304
194.25,269.25,
195.0,269.25,
195.75,269.25,
196.5,269.25,
197.25,269.25,
198.0,269.25,
198.75,269.25,
199.5,269.25,
200.25,269.25,
201.0,269.25,
201.75,269.25,-84.88636363636363
202.5,269.25,-84.81962025316456
203.25,269.25,-84.73148148148148
204.0,269.25,-84.80229268942615
204.75,269.25,-84.5523567617097
205.5,269.25,-84.67829758208674
206.25,269.25,-85.38048906383764
207.0,269.25,-85.9004789804217
207.75,269.25,-85.92802139570372
208.5,269.25,-86.25238461219229
209.25,269.25,-86.09178273194281
210.0,269.25,-84.97123370058864
210.75,269.25,-83.1881732348788
211.5,269.25,-80.92767451329172
212.25,269.25,-79.80761702192476
213.0,269.25,-79.19208740072317
213.75,269.25,-80.44266568640194
214.5,269.25,-81.68828024427347
215.25,269.25,-82.06201663505036
216.0,269.25,-79.45504968829631
216.75,269.25,-77.34901112091005
217.5,269.25,-77.53817927150183
218.25,269.25,-78.80681176899006
219.0,269.25,-79.926302338013
219.75,269.25,-80.40296401283673
220.5,269.25,-80.44029323884239
221.25,269.25,-78.55340120747883
222.0,269.25,-78.14007806899143
222.75,269.25,-78.23080682982784
223.5,269.25,-78.13619161099786
224.25,269.25,-78.01971267774827
225.0,269.25,-77.78333664550517
225.75,269.25,-78.02785547068221
226.5,269.25,-78.04543241743934
227.25,269.25,-78.02708344296515
228.0,269.25,-78.16348126751282
228.75,269.25,-78.17830242757921
229.5,269.25,-79.63010892466875
230.25,269.25,-80.03549580605598
231.0,269.25,-80.96661321530331
231.75,269.25,-81.89307023060309
232.5,269.25,-83.07370238671787
233.25,269.25,-84.29150858475664
234.0,269.25,-85.66094346533163
234.75,269.25,-86.0679598669315
235.5,269.25,-87.02040393566506
236.25,269.25,-86.7133363743365
237.0,269.25,-86.15883629192841
237.75,269.25,-87.52896261435679
238.5,269.25,-88.10582402591184
239.25,269.25,-87.62773842319297
240.0,269.25,-89.15654619487897
240.75,269.25,-88.00136910153404
241.5,269.25,-88.51465748532932
242.25,269.25,-90.37347812542619
243.0,269.25,-91.45201090151232
243.75,269.25,-91.93351823992619
244.5,269.25,-92.13710174872999
245.25,269.25,-92.3382970777705
246.0,269.25,-92.40117828641225
246.75,269.25,-90.98684210526316
247.5,269.25,
248.25,269.25,
249.0,269.25,
249.75,269.25,
250.5,269.25,
251.25,269.25,
252.0,269.25,
252.75,269.25,
253.5,269.25,
254.25,269.25,
255.0,269.25,
255.75,269.25,
256.5,269.25,
257.25,269.25,
258.0,269.25,
258.75,269.25,
123.0,270.0,
123.75,270.0,
124.5,270.0,
125.25,270.0,
126.0,270.0,
126.75,270.0,
127.5,270.0,
128.25,270.0,
129.0,270.0,
129.75,270.0,
130.5,270.0,
131.25,270.0,
132.0,270.0,
132.75,270.0,
133.5,270.0,
134.25,270.0,
135.0,270.0,
135.75,270.0,
136.5,270.0,
137.25,270.0,
138.0,270.0,
138.75,270.0,
139.5,270.0,
140.25,270.0,
141.0,270.0,
141.75,270.0,
142.5,270.0,
143.25,270.0,
144.0,270.0,
144.75,270.0,
145.5,270.0,
146.25,270.0,
147.0,270.0,
147.75,270.0,
148.5,270.0,
149.25,270.0,
150.0,270.0,
150.75,270.0,
151.5,270.0,
152.25,270.0,
153.0,270.0,
153.75,270.0,
154.5,270.0,
155.25,270.0,
156.0,270.0,
156.75,270.0,
157.5,270.0,
158.25,270.0,
159.0,270.0,
159.75,270.0,
160.5,270.0,
161.25,270.0,
162.0,270.0,-92.3857142857143
162.75,270.0,-92.26173346250388
163.5,270.0,-92.10878021672686
164.25,270.0,-92.43121098483573
165.0,270.0,-92.37299793460892
165.75,270.0,-92.50339866927496
166.5,270.0,-92.82569643269558
167.25,270.0,-92.96569769661764
168.0,270.0,-94.12341772151898
168.75,270.0,-94.55272931846493
169.5,270.0,-94.6266428734126
170.25,270.0,-95.01040434274566
171.0,270.0,-94.46475770925109
171.75,270.0,-93.90006135609711
172.5,270.0,-92.92337033299697
173.25,270.0,-92.81658443183831
174.0,270.0,-92.31147540983606
174.75,270.0,-90.34752887215356
175.5,270.0,-88.7171609672536
176.25,270.0,-88.83036324698735
177.0,270.0,-88.79951916655536
177.75,270.0,-87.8601121111599
178.5,270.0,-86.60249728532837
179.25,270.0,-86.28928787882249
180.0,270.0,-86.76282940360609
180.75,270.0,-87.14177563983644
181.5,270.0,-87.97556722596914
182.25,270.0,-88.89449781456514
183.0,270.0,-90.3005540166205
183.75,270.0,-91.77790269179634
184.5,270.0,-92.15520047117678
185.25,270.0,-92.34355706817288
186.0,270.0,-91.99999999999999
186.75,270.0,-91.69248830203526
187.5,270.0,-91.87925302478361
188.25,270.0,-92.4193047092227
189.0,270.0,-92.8269629991452
189.75,270.0,-92.98919615231256
190.5,270.0,-93.12034249581667
191.25,270.0,-93.26681694377244
192.0,270.0,-93.33451718180072
192.75,270.0,-93.41960639456954
193.5,270.0,-94.68316831683168
194.25,270.0,
195.0,270.0,
195.75,270.0,
196.5,270.0,
197.25,270.0,
198.0,270.0,
198.75,270.0,
199.5,270.0,
200.25,270.0,
201.0,270.0,
201.75,270.0,-84.93224299065419
202.5,270.0,-84.88157894736841
203.25,270.0,-85.26353221695399
204.0,270.0,-85.01930894308944
204.75,270.0,-84.93283662025426
205.5,270.0,-85.1934543637575
206.25,270.0,-85.67929509117099
207.0,270.0,-86.09634888438134
207.75,270.0,-86.39215814080931
208.5,270.0,-87.40892860507012
209.25,270.0,-87.58941409229871
210.0,270.0,-85.93023255813954
210.75,270.0,-83.40429053216083
211.5,270.0,-80.31195215193854
212.25,270.0,-78.23931249771978
213.0,270.0,-77.43737166324436
213.75,270.0,-79.11563409059471
214.5,270.0,-80.98158135517124
215.25,270.0,-81.01891095621149
216.0,270.0,-80.58333333333333
216.75,270.0,-79.18792776968043
217.5,270.0,-79.29459111727748
218.25,270.0,-80.7982787625888
219.0,270.0,-81.98403986878627
219.75,270.0,-81.9622732444716
220.5,270.0,-81.34574159346828
221.25,270.0,-80.36150994627631
222.0,270.0,-78.76450511945393
222.75,270.0,-78.7419290507519
223.5,270.0,-78.40183225398832
224.25,270.0,-78.27166171220425
225.0,270.0,-77.78381642512078
225.75,270.0,-77.96474635232799
226.5,270.0,-78.03666993863071
227.25,270.0,-78.06188411953111
228.0,270.0,-78.26151930261518
228.75,270.0,-78.89691785128753
229.5,270.0,-79.7205498310897
230.25,270.0,-80.54683223904591
231.0,270.0,-80.96806674338318
231.75,270.0,-81.98508150988236
232.5,270.0,-83.2085338368052
233.25,270.0,-83.8259111152638
234.0,270.0,-84.78947368421052
234.75,270.0,-85.87187939556703
235.5,270.0,-86.22739043703069
236.25,270.0,-87.22886857723978
237.0,270.0,-87.75438596491227
237.75,270.0,-89.9385524705603
238.5,270.0,-91.8748542015315
239.25,270.0,-92.20104518559465
240.0,270.0,-91.75
240.75,270.0,-90.18036199053938
241.5,270.0,-89.942744153011
242.25,270.0,-90.68231955429363
243.0,270.0,-91.36262622539985
243.75,270.0,-91.78204110876477
244.5,270.0,-92.292500680584
245.25,270.0,-92.12336682152859
246.0,270.0,-92.23930753564156
246.75,270.0,-90.77954048140043
247.5,270.0,
248.25,270.0,
249.0,270.0,
249.75,270.0,
250.5,270.0,
251.25,270.0,
252.0,270.0,
252.75,270.0,
253.5,270.0,
254.25,270.0,
255.0,270.0,
255.75,270.0,
256.5,270.0,
257.25,270.0,
258.0,270.0,
258.75,270.0,
123.0,270.75,
123.75,270.75,
124.5,270.75,
125.25,270.75,
126.0,270.75,
126.75,270.75,
127.5,270.75,
128.25,270.75,
129.0,270.75,
129.75,270.75,
130.5,270.75,
131.25,270.75,
132.0,270.75,
132.75,270.75,
133.5,270.75,
134.25,270.75,
135.0,270.75,
135.75,270.75,
136.5,270.75,
137.25,270.75,
138.0,270.75,
138.75,270.75,
139.5,270.75,
140.25,270.75,
141.0,270.75,
141.75,270.75,
142.5,270.75,
143.25,270.75,
144.0,270.75,
144.75,270.75,
145.5,270.75,
146.25,270.75,
147.0,270.75,
147.75,270.75,
148.5,270.75,
149.25,270.75,
150.0,270.75,
150.75,270.75,
151.5,270.75,
152.25,270.75,
153.0,270.75,
153.75,270.75,
154.5,270.75,
155.25,270.75,
156.0,270.75,
156.75,270.75,
157.5,270.75,
158.25,270.75,
159.0,270.75,
159.75,270.75,
160.5,270.75,
161.25,270.75,
162.0,270.75,-90.48058823529412
162.75,270.75,-90.4156804733728
163.5,270.75,-90.93258836522159
164.25,270.75,-90.68440571080711
165.0,270.75,-91.48269579260032
165.75,270.75,-91.4687258537264
166.5,270.75,-91.31800587977706
167.25,270.75,-91.57741158283423
168.0,270.75,-92.13501959620514
168.75,270.75,-92.78879316606427
169.5,270.75,-93.7875988761323
170.25,270.75,-93.84394398596217
171.0,270.75,-94.0488293980565
171.75,270.75,-93.36653025210798
172.5,270.75,-92.21989494176081
173.25,270.75,-92.04735857456373
174.0,270.75,-92.05894899260322
174.75,270.75,-91.71471510712415
175.5,270.75,-89.04504151978283
176.25,270.75,-88.5798572735738
177.0,270.75,-87.78808134456749
177.75,270.75,-87.36121975900699
178.5,270.75,-86.82769971226529
179.25,270.75,-86.41143730163965
180.0,270.75,-86.8837814043859
180.75,270.75,-87.39606717287535
181.5,270.75,-88.54446510397035
182.25,270.75,-89.288337150469
183.0,270.75,-90.30021534513149
183.75,270.75,-91.60580456664576
184.5,270.75,-91.93045172089334
185.25,270.75,-92.32562654384847
186.0,270.75,-92.44681695825233
186.75,270.75,-92.47053080111759
187.5,270.75,-92.49743259291432
188.25,270.75,-92.80182755344666
189.0,270.75,-93.21187895738903
189.75,270.75,-93.44973136225387
190.5,270.75,-93.54764097914227
191.25,270.75,-93.6342505926064
192.0,270.75,-93.6865244846179
192.75,270.75,-94.37754955986544
193.5,270.75,-94.91773778920307
194.25,270.75,-94.93675889328064
195.0,270.75,
195.75,270.75,
196.5,270.75,
197.25,270.75,
198.0,270.75,
198.75,270.75,
199.5,270.75,
200.25,270.75,
201.0,270.75,
201.75,270.75,-84.99545454545455
202.5,270.75,-84.97151898734178
203.25,270.75,-85.53020611962778
204.0,270.75,-85.35726868199465
204.75,270.75,-85.43638853321951
205.5,270.75,-85.57290830827505
206.25,270.75,-85.93254438209641
207.0,270.75,-86.0083258788859
207.75,270.75,-86.49365928499182
208.5,270.75,-88.80664213337593
209.25,270.75,-89.47227251100482
210.0,270.75,-86.68629674806805
210.75,270.75,-83.42789135018518
211.5,270.75,-80.09588932187762
212.25,270.75,-76.6741051259399
213.0,270.75,-74.41603839644729
213.75,270.75,-77.7510501875843
214.5,270.75,-81.30156395273264
215.25,270.75,-81.8399948801728
216.0,270.75,-81.31416699207143
216.75,270.75,-80.85823047041471
217.5,270.75,-81.02750526377237
218.25,270.75,-82.47525817536918
219.0,270.75,-83.40509545913102
219.75,270.75,-82.89227399005736
220.5,270.75,-82.15022191269748
221.25,270.75,-81.18066799126422
222.0,270.75,-81.14546684709066
222.75,270.75,-81.13007393170328
223.5,270.75,-78.7698344600228
224.25,270.75,-78.37219586207729
225.0,270.75,-77.54420439027373
225.75,270.75,-77.89789506367207
226.5,270.75,-77.98407777210379
227.25,270.75,-78.83588779322255
228.0,270.75,-78.87719041026408
228.75,270.75,-79.0350886361736
229.5,270.75,-80.54654662906663
230.25,270.75,-80.89755199653095
231.0,270.75,-81.51527944995134
231.75,270.75,-81.67126029899785
232.5,270.75,-82.53030981732009
233.25,270.75,-83.31829204065795
234.0,270.75,-85.13171554667392
234.75,270.75,-85.92062240563357
235.5,270.75,-86.0079528044131
236.25,270.75,-87.62085953717622
237.0,270.75,-89.5046970841478
237.75,270.75,-92.62448399601911
238.5,270.75,-97.4534266956474
239.25,270.75,-98.865169951836
240.0,270.75,-94.66593504620649
240.75,270.75,-92.57369148825694
241.5,270.75,-91.8360998763332
242.25,270.75,-91.76792418931893
243.0,270.75,-91.98604734103176
243.75,270.75,-91.92746829177415
244.5,270.75,-92.08360355713685
245.25,270.75,-91.961085893694
246.0,270.75,-90.51894865525672
246.75,270.75,
247.5,270.75,
248.25,270.75,
249.0,270.75,
249.75,270.75,
250.5,270.75,
251.25,270.75,
252.0,270.75,
252.75,270.75,
253.5,270.75,
254.25,270.75,
255.0,270.75,
255.75,270.75,
256.5,270.75,
257.25,270.75,
258.0,270.75,
258.75,270.75,
123.0,271.5,
123.75,271.5,
124.5,271.5,
125.25,271.5,
126.0,271.5,
126.75,271.5,
127.5,271.5,
128.25,271.5,
129.0,271.5,
129.75,271.5,
130.5,271.5,
131.25,271.5,
132.0,271.5,
132.75,271.5,
133.5,271.5,
134.25,271.5,
135.0,271.5,
135.75,271.5,
136.5,271.5,
137.25,271.5,
138.0,271.5,
138.75,271.5,
139.5,271.5,
140.25,271.5,
141.0,271.5,
141.75,271.5,
142.5,271.5,
143.25,271.5,
144.0,271.5,
144.75,271.5,
145.5,271.5,
146.25,271.5,
147.0,271.5,
147.75,271.5,
148.5,271.5,
149.25,271.5,
150.0,271.5,
150.75,271.5,
151.5,271.5,
152.25,271.5,
153.0,271.5,
153.75,271.5,
154.5,271.5,
155.25,271.5,
156.0,271.5,
156.75,271.5,
157.5,271.5,
158.25,271.5,
159.0,271.5,
159.75,271.5,
160.5,271.5,
161.25,271.5,-90.27513464991023
162.0,271.5,-90.18805309734513
162.75,271.5,-89.50041179801308
163.5,271.5,-89.3762928412087
164.25,271.5,-89.2131173203732
165.0,271.5,-88.9733809812414
165.75,271.5,-89.93631737796618
166.5,271.5,-89.74170758765405
167.25,271.5,-89.84443679139432
168.0,271.5,-90.83993074802424
168.75,271.5,-91.68158568538104
169.5,271.5,-92.545836555459
170.25,271.5,-93.56848144562565
171.0,271.5,-93.31511212605484
171.75,271.5,-92.98829039351618
172.5,271.5,-92.4142433450436
173.25,271.5,-92.07145367471968
174.0,271.5,-92.04943426120143
174.75,271.5,-91.82391431374768
175.5,271.5,-89.2091498157177
176.25,271.5,-88.57378888485829
177.0,271.5,-88.57142472997643
177.75,271.5,-87.14309736529823
178.5,271.5,-86.84076030961121
179.25,271.5,-86.59263582003645
180.0,271.5,-86.98202200439755
180.75,271.5,-87.1387644599557
181.5,271.5,-89.04197942230279
182.25,271.5,-89.5951701215053
183.0,271.5,-90.33904327311498
183.75,271.5,-90.98036871184695
184.5,271.5,-92.1722327351895
185.25,271.5,-92.71320795616832
186.0,271.5,-92.66095898335361
186.75,271.5,-92.57704424956414
187.5,271.5,-92.76638683501953
188.25,271.5,-93.56907260318947
189.0,271.5,-94.31411973133929
189.75,271.5,-94.45289226752347
190.5,271.5,-94.36068326178778
191.25,271.5,-94.23504403003975
192.0,271.5,-94.06054390336054
192.75,271.5,-94.63783509541425
193.5,271.5,-95.16326530612243
194.25,271.5,-95.12573673870334
195.0,271.5,
195.75,271.5,
196.5,271.5,
197.25,271.5,
198.0,271.5,
198.75,271.5,
199.5,271.5,
200.25,271.5,
201.0,271.5,
201.75,271.5,-85.06512605042018
202.5,271.5,-85.06818181818183
203.25,271.5,-85.58556642459288
204.0,271.5,-85.6219052151222
204.75,271.5,-85.73882789874433
205.5,271.5,-85.72389354932021
206.25,271.5,-85.84455348461488
207.0,271.5,-85.99748486673285
207.75,271.5,-86.41108633276026
208.5,271.5,-88.0511769651114
209.25,271.5,-88.35605933463408
210.0,271.5,-85.69903329752954
210.75,271.5,-82.62281043342163
211.5,271.5,-80.60836212449492
212.25,271.5,-78.01277922283958
213.0,271.5,-75.89740099876906
213.75,271.5,-78.7263718254134
214.5,271.5,-81.41621167576649
215.25,271.5,-81.92580977003168
216.0,271.5,-81.84593460959346
216.75,271.5,-81.64876259595897
217.5,271.5,-82.0127827292937
218.25,271.5,-82.67076830061913
219.0,271.5,-83.2454001310929
219.75,271.5,-82.90466960820356
220.5,271.5,-82.3234693877551
221.25,271.5,-82.74997380109242
222.0,271.5,-82.32415254237287
222.75,271.5,-82.85372722384851
223.5,271.5,-80.58387733414301
224.25,271.5,-79.99323562570463
225.0,271.5,-78.74275362318842
225.75,271.5,-78.65928270042194
226.5,271.5,-79.18167202572347
227.25,271.5,-79.13431718762554
228.0,271.5,-79.26433607834674
228.75,271.5,-80.09346842156683
229.5,271.5,-80.91258574484003
230.25,271.5,-81.43434380485078
231.0,271.5,-81.36215475697578
231.75,271.5,-81.09929195745248
232.5,271.5,-81.28989023184741
233.25,271.5,-82.00127254795622
234.0,271.5,-83.80117477665696
234.75,271.5,-85.55460742616536
235.5,271.5,-85.90803123907216
236.25,271.5,-87.0075496780981
237.0,271.5,-89.99912395970213
237.75,271.5,-93.19211717588335
238.5,271.5,-97.04500127844538
239.25,271.5,-97.91573604389212
240.0,271.5,-95.34519647236861
240.75,271.5,-93.22013650840024
241.5,271.5,-92.04379226979222
242.25,271.5,-91.75752664068845
243.0,271.5,-91.568458715082
243.75,271.5,-92.7467342287799
244.5,271.5,-91.87802852062836
245.25,271.5,-89.42873352374333
246.0,271.5,-90.3409090909091
246.75,271.5,
247.5,271.5,
248.25,271.5,
249.0,271.5,
249.75,271.5,
250.5,271.5,
251.25,271.5,
252.0,271.5,
252.75,271.5,
253.5,271.5,
254.25,271.5,
255.0,271.5,
255.75,271.5,
256.5,271.5,
257.25,271.5,
258.0,271.5,
258.75,271.5,
123.0,272.25,
123.75,272.25,
124.5,272.25,
125.25,272.25,
126.0,272.25,
126.75,272.25,
127.5,272.25,
128.25,272.25,
129.0,272.25,
129.75,272.25,
130.5,272.25,
131.25,272.25,
132.0,272.25,
132.75,272.25,
133.5,272.25,
134.25,272.25,
135.0,272.25,
135.75,272.25,
136.5,272.25,
137.25,272.25,
138.0,272.25,
138.75,272.25,
139.5,272.25,
140.25,272.25,
141.0,272.25,
141.75,272.25,
142.5,272.25,
143.25,272.25,
144.0,272.25,
144.75,272.25,
145.5,272.25,
146.25,272.25,
147.0,272.25,
147.75,272.25,
148.5,272.25,
149.25,272.25,
150.0,272.25,
150.75,272.25,
151.5,272.25,
152.25,272.25,
153.0,272.25,
153.75,272.25,
154.5,272.25,
155.25,272.25,
156.0,272.25,
156.75,272.25,
157.5,272.25,
158.25,272.25,
159.0,272.25,
159.75,272.25,
160.5,272.25,
161.25,272.25,
162.0,272.25,-88.28010752688172
162.75,272.25,-89.2114341258673
163.5,272.25,-88.98306358680904
164.25,272.25,-88.85428959765659
165.0,272.25,-88.72060714079936
165.75,272.25,-89.09652317850389
166.5,272.25,-88.83481666983134
167.25,272.25,-88.9702093436132
168.0,272.25,-89.39639556953743
168.75,272.25,-90.4828201518754
169.5,272.25,-92.11308924020433
170.25,272.25,-93.15769449302839
171.0,272.25,-93.56326511277425
171.75,272.25,-93.45005782168458
172.5,272.25,-92.9299379330656
173.25,272.25,-92.28618095372023
174.0,272.25,-92.12232761792042
174.75,272.25,-91.28606314211417
175.5,272.25,-90.76563674875585
176.25,272.25,-89.82383830644876
177.0,272.25,-88.60226238660849
177.75,272.25,-88.14915169714658
178.5,272.25,-87.25422366197333
179.25,272.25,-86.56523420227468
180.0,272.25,-88.0810154342619
180.75,272.25,-88.15686116937553
181.5,272.25,-88.86500507081408
182.25,272.25,-89.8145691492593
183.0,272.25,-90.38452896192742
183.75,272.25,-91.97841896582845
184.5,272.25,-92.29477652331988
185.25,272.25,-92.94432359706747
186.0,272.25,-92.98739640348629
186.75,272.25,-93.07952748762705
187.5,272.25,-93.71524799191474
188.25,272.25,-95.13576836723013
189.0,272.25,-96.10305288431553
189.75,272.25,-95.76173628064502
190.5,272.25,-95.28161013370038
191.25,272.25,-94.77261881191704
192.0,272.25,-94.42291467722592
192.75,272.25,-94.87909785779856
193.5,272.25,-95.38740920096852
194.25,272.25,
195.0,272.25,
195.75,272.25,
196.5,272.25,
197.25,272.25,
198.0,272.25,
198.75,272.25,
199.5,272.25,
200.25,272.25,
201.0,272.25,
201.75,272.25,-85.13059701492539
202.5,272.25,-85.15291262135922
203.25,272.25,-85.72426705584
204.0,272.25,-85.77753045746637
204.75,272.25,-85.87207213132689
205.5,272.25,-85.68846838578983
206.25,272.25,-85.59764699031817
207.0,272.25,-85.68706597830307
207.75,272.25,-85.6411628789013
208.5,272.25,-85.32218680881388
209.25,272.25,-84.97043439446658
210.0,272.25,-84.01967700462835
210.75,272.25,-81.76072755182632
211.5,272.25,-81.15075560729146
212.25,272.25,-80.55692828228514
213.0,272.25,-81.04968803901332
213.75,272.25,-81.2026879910317
214.5,272.25,-82.75210155427636
215.25,272.25,-83.43048791904812
216.0,272.25,-82.79478384158465
216.75,272.25,-82.31775011932372
217.5,272.25,-82.14777800402815
218.25,272.25,-82.42989480012349
219.0,272.25,-82.5775184865774
219.75,272.25,-83.0696845477428
220.5,272.25,-83.0354653500314
221.25,272.25,-82.91836249538657
222.0,272.25,-82.35643834310699
222.75,272.25,-83.38018182716539
223.5,272.25,-82.81734857263017
224.25,272.25,-81.79239406125804
225.0,272.25,-78.78929539295392
225.75,272.25,-79.64453903380206
226.5,272.25,-79.7030257949986
227.25,272.25,-79.50829552258442
228.0,272.25,-80.33343999352574
228.75,272.25,-81.17004314738311
229.5,272.25,-81.32944645138132
230.25,272.25,-81.64640910168285
231.0,272.25,-81.84668927479896
231.75,272.25,-80.79321794327193
232.5,272.25,-79.42469751969176
233.25,272.25,-79.51725570029244
234.0,272.25,-82.19645701145471
234.75,272.25,-84.0366960703276
235.5,272.25,-84.96990184298501
236.25,272.25,-86.53666166356243
237.0,272.25,-90.04332612645838
237.75,272.25,-92.51518669316137
238.5,272.25,-93.77550526780712
239.25,272.25,-94.03926827252162
240.0,272.25,-93.76195844603427
240.75,272.25,-92.93815679026964
241.5,272.25,-92.19199462907163
242.25,272.25,-91.71544777172171
243.0,272.25,-91.23821952019662
243.75,272.25,-91.30998239585239
244.5,272.25,-91.14966973144814
245.25,272.25,-89.14305102087147
246.0,272.25,-87.99281142143278
246.75,272.25,
247.5,272.25,
248.25,272.25,
249.0,272.25,
249.75,272.25,
250.5,272.25,
251.25,272.25,
252.0,272.25,
252.75,272.25,
253.5,272.25,
254.25,272.25,
255.0,272.25,
255.75,272.25,
256.5,272.25,
257.25,272.25,
258.0,272.25,
258.75,272.25,
123.0,273.0,
123.75,273.0,
124.5,273.0,
125.25,273.0,
126.0,273.0,
126.75,273.0,
127.5,273.0,
128.25,273.0,
129.0,273.0,
129.75,273.0,
130.5,273.0,
131.25,273.0,
132.0,273.0,
132.75,273.0,
133.5,273.0,
134.25,273.0,
135.0,273.0,
135.75,273.0,
136.5,273.0,
137.25,273.0,
138.0,273.0,
138.75,273.0,
139.5,273.0,
140.25,273.0,
141.0,273.0,
141.75,273.0,
142.5,273.0,
143.25,273.0,
144.0,273.0,
144.75,273.0,
145.5,273.0,
146.25,273.0,
147.0,273.0,
147.75,273.0,
148.5,273.0,
149.25,273.0,
150.0,273.0,
150.75,273.0,
151.5,273.0,
152.25,273.0,
153.0,273.0,
153.75,273.0,
154.5,273.0,
155.25,273.0,
156.0,273.0,
156.75,273.0,
157.5,273.0,
158.25,273.0,
159.0,273.0,
159.75,273.0,
160.5,273.0,
161.25,273.0,
162.0,273.0,-88.26851851851852
162.75,273.0,-88.32573294947855
163.5,273.0,-88.32769029688181
164.25,273.0,-88.33441744647796
165.0,273.0,-88.73972602739725
165.75,273.0,-88.83316151432689
166.5,273.0,-88.59135375879951
167.25,273.0,-88.53387046184803
168.0,273.0,-89.15288645185139
168.75,273.0,-90.33684548311382
169.5,273.0,-91.8901395552393
170.25,273.0,-93.48015686409335
171.0,273.0,-93.9999999999991
171.75,273.0,-93.61232421502311
172.5,273.0,-93.01351874874143
173.25,273.0,-92.95860366143123
174.0,273.0,-92.73150510204083
174.75,273.0,-92.06875970206204
175.5,273.0,-91.72160112221583
176.25,273.0,-91.31885789021696
177.0,273.0,-89.97222222222221
177.75,273.0,-88.93553467373616
178.5,273.0,-88.5940506801442
179.25,273.0,-87.78704827488339
180.0,273.0,-87.64179104477611
180.75,273.0,-88.36499495057048
181.5,273.0,-88.81397448362071
182.25,273.0,-89.30620274900106
183.0,273.0,-89.88235294117648
183.75,273.0,-91.8211185616182
184.5,273.0,-92.20630025879004
185.25,273.0,-92.61285097727678
186.0,273.0,-93.29559397657556
186.75,273.0,-93.74940233347465
187.5,273.0,-94.72772518283132
188.25,273.0,-96.23385871346841
189.0,273.0,-96.99999999999869
189.75,273.0,-96.5283466174421
190.5,273.0,-95.75223222975492
191.25,273.0,-95.12512911509576
192.0,273.0,-95.3018166804294
192.75,273.0,-95.72521246458925
193.5,273.0,
194.25,273.0,
195.0,273.0,
195.75,273.0,
196.5,273.0,
197.25,273.0,
198.0,273.0,
198.75,273.0,
199.5,273.0,
200.25,273.0,
201.0,273.0,
201.75,273.0,-85.18548387096773
202.5,273.0,-85.21774193548386
203.25,273.0,-84.99194648719713
204.0,273.0,-85.85585144282149
204.75,273.0,-85.91654037877036
205.5,273.0,-85.18051527951106
206.25,273.0,-85.21738541287718
207.0,273.0,-85.12698412698411
207.75,273.0,-84.78693380714216
208.5,273.0,-84.17271310391546
209.25,273.0,-84.00476677166482
210.0,273.0,-83.0118890356671
210.75,273.0,-81.0957823726706
211.5,273.0,-81.17492469201284
212.25,273.0,-81.89386434685123
213.0,273.0,-82.99999999999737
213.75,273.0,-82.39416703446865
214.5,273.0,-84.30892261466256
215.25,273.0,-85.20921116971509
216.0,273.0,-83.26796714579055
216.75,273.0,-82.42210513358074
217.5,273.0,-82.00705550329258
218.25,273.0,-82.34480697260626
219.0,273.0,-83.46428571428574
219.75,273.0,-83.05771043354927
220.5,273.0,-83.15299239222918
221.25,273.0,-83.06642386113663
222.0,273.0,-84.20957775489184
222.75,273.0,-83.2546033246273
223.5,273.0,-83.5621564196823
224.25,273.0,-82.92730899537361
225.0,273.0,-81.33333333333333
225.75,273.0,-79.85087875954659
226.5,273.0,-80.00429474496936
227.25,273.0,-80.64396590988981
228.0,273.0,-81.42376509552082
228.75,273.0,-81.65273895775094
229.5,273.0,-81.81551528639378
230.25,273.0,-82.2005558654345
231.0,273.0,-81.71875
231.75,273.0,-80.7675495470233
232.5,273.0,-78.18293564327995
233.25,273.0,-77.40687311436889
234.0,273.0,-81.53789731051342
234.75,273.0,-83.9365638084314
235.5,273.0,-84.14012751528334
236.25,273.0,-86.28721713189654
237.0,273.0,-89.13333333333334
237.75,273.0,-92.03020909750832
238.5,273.0,-92.91368648550244
239.25,273.0,-92.98560264037019
240.0,273.0,-92.78082191780823
240.75,273.0,-92.27241955595788
241.5,273.0,-91.69824434467195
242.25,273.0,-91.27904184671172
243.0,273.0,-90.93750000000001
243.75,273.0,-90.66382186065816
244.5,273.0,-90.46976895904474
245.25,273.0,-88.03012458309009
246.0,273.0,-88.08333333333333
246.75,273.0,
247.5,273.0,
248.25,273.0,
249.0,273.0,
249.75,273.0,
250.5,273.0,
251.25,273.0,
252.0,273.0,
252.75,273.0,
253.5,273.0,
254.25,273.0,
255.0,273.0,
255.75,273.0,
256.5,273.0,
257.25,273.0,
258.0,273.0,
258.75,273.0,
123.0,273.75,
123.75,273.75,
124.5,273.75,
125.25,273.75,
126.0,273.75,
126.75,273.75,
127.5,273.75,
128.25,273.75,
129.0,273.75,
129.75,273.75,
130.5,273.75,
131.25,273.75,
132.0,273.75,
132.75,273.75,
133.5,273.75,
134.25,273.75,
135.0,273.75,
135.75,273.75,
136.5,273.75,
137.25,273.75,
138.0,273.75,
138.75,273.75,
139.5,273.75,
140.25,273.75,
141.0,273.75,
141.75,273.75,
142.5,273.75,
143.25,273.75,
144.0,273.75,
144.75,273.75,
145.5,273.75,
146.25,273.75,
147.0,273.75,
147.75,273.75,
148.5,273.75,
149.25,273.75,
150.0,273.75,
150.75,273.75,
151.5,273.75,
152.25,273.75,
153.0,273.75,
153.75,273.75,
154.5,273.75,
155.25,273.75,
156.0,273.75,
156.75,273.75,
157.5,273.75,
158.25,273.75,
159.0,273.75,
159.75,273.75,
160.5,273.75,
161.25,273.75,-89.23616185670457
162.0,273.75,-88.99110180801911
162.75,273.75,-88.86989376625807
163.5,273.75,-88.73318752177967
164.25,273.75,-89.05931180206674
165.0,273.75,-88.86572858456748
165.75,273.75,-88.87289274954426
166.5,273.75,-88.65916201970494
167.25,273.75,-88.69257170727595
168.0,273.75,-89.2196123543466
168.75,273.75,-90.23883497175487
169.5,273.75,-91.59430276086731
170.25,273.75,-92.90086061168421
171.0,273.75,-93.49530847550794
171.75,273.75,-93.401827861073
172.5,273.75,-93.01891190412285
173.25,273.75,-93.32408402614655
174.0,273.75,-92.9844883569516
174.75,273.75,-92.75132056784418
175.5,273.75,-91.78970678154468
176.25,273.75,-91.43794204729694
177.0,273.75,-89.82809668546983
177.75,273.75,-89.00906185364282
178.5,273.75,-87.98761757160104
179.25,273.75,-87.84236710753119
180.0,273.75,-87.72314347512616
180.75,273.75,-86.53108808290155
181.5,273.75,-88.14928932580246
182.25,273.75,-89.42670265390187
183.0,273.75,-90.74130619168787
183.75,273.75,-91.99865470618573
184.5,273.75,-92.37466353989578
185.25,273.75,-93.35517620465185
186.0,273.75,-93.62547591013617
186.75,273.75,-94.15193442500671
187.5,273.75,-95.0075707080236
188.25,273.75,-96.01907061754
189.0,273.75,-96.57353304172028
189.75,273.75,-96.31856740709691
190.5,273.75,-95.75927216107436
191.25,273.75,-95.73357890655292
192.0,273.75,-95.41330284729447
192.75,273.75,
193.5,273.75,
194.25,273.75,
195.0,273.75,
195.75,273.75,
196.5,273.75,
197.25,273.75,
198.0,273.75,
198.75,273.75,
199.5,273.75,
200.25,273.75,
201.0,273.75,
201.75,273.75,-85.22802197802197
202.5,273.75,-85.26324503311257
203.25,273.75,-84.97383464457846
204.0,273.75,-85.88960524604971
204.75,273.75,-85.91864181920728
205.5,273.75,-84.90336381664477
206.25,273.75,-84.8394812218516
207.0,273.75,-84.66342011069008
207.75,273.75,-84.02178289470213
208.5,273.75,-83.81201543086873
209.25,273.75,-83.50016716883204
210.0,273.75,-82.27928299527184
210.75,273.75,-81.39634584393141
211.5,273.75,-80.84225835406353
212.25,273.75,-81.34970632251246
213.0,273.75,-82.00348783995271
213.75,273.75,-81.80792117055168
214.5,273.75,-82.55550806026946
215.25,273.75,-82.87096432188682
216.0,273.75,-82.45825081476823
216.75,273.75,-82.26825217540649
217.5,273.75,-81.7910537539772
218.25,273.75,-81.82231534697117
219.0,273.75,-82.72189769300209
219.75,273.75,-83.01947531257345
220.5,273.75,-82.7947217908153
221.25,273.75,-82.99810433913518
222.0,273.75,-83.06269315910366
222.75,273.75,-83.37375295498865
223.5,273.75,-83.37723249087712
224.25,273.75,-83.88799492243164
225.0,273.75,-83.38977400681203
225.75,273.75,-82.87315961102341
226.5,273.75,-82.77232894550853
227.25,273.75,-82.78238881651154
228.0,273.75,-81.74793441685067
228.75,273.75,-81.99552897054734
229.5,273.75,-82.87294236567872
230.25,273.75,-82.62539321606454
231.0,273.75,-82.49523804217625
231.75,273.75,-81.88411929297753
232.5,273.75,-80.80902665145236
233.25,273.75,-80.49897803209714
234.0,273.75,-82.21071555679093
234.75,273.75,-83.65095496487953
235.5,273.75,-84.34826424924292
236.25,273.75,-85.54296764690032
237.0,273.75,-88.91539547497645
237.75,273.75,-91.31926067975695
238.5,273.75,-92.01480912191188
239.25,273.75,-92.166712647796
240.0,273.75,-91.82264432154064
240.75,273.75,-91.30553106265336
241.5,273.75,-90.99767932325376
242.25,273.75,-90.76333833349041
243.0,273.75,-90.47177091194212
243.75,273.75,-89.75450689745024
244.5,273.75,-89.74671353241682
245.25,273.75,-89.6723430998084
246.0,273.75,-89.91440512363623
246.75,273.75,-90.1494882805406
247.5,273.75,-90.29110251450678
248.25,273.75,
249.0,273.75,
249.75,273.75,
250.5,273.75,
251.25,273.75,
252.0,273.75,
252.75,273.75,
253.5,273.75,
254.25,273.75,
255.0,273.75,
255.75,273.75,
256.5,273.75,
257.25,273.75,
258.0,273.75,
258.75,273.75,
123.0,274.5,
123.75,274.5,
124.5,274.5,
125.25,274.5,
126.0,274.5,
126.75,274.5,
127.5,274.5,
128.25,274.5,
129.0,274.5,
129.75,274.5,
130.5,274.5,
131.25,274.5,
132.0,274.5,
132.75,274.5,
133.5,274.5,
134.25,274.5,
135.0,274.5,
135.75,274.5,
136.5,274.5,
137.25,274.5,
138.0,274.5,
138.75,274.5,
139.5,274.5,
140.25,274.5,
141.0,274.5,
141.75,274.5,
142.5,274.5,
143.25,274.5,
144.0,274.5,
144.75,274.5,
145.5,274.5,
146.25,274.5,
147.0,274.5,
147.75,274.5,
148.5,274.5,
149.25,274.5,
150.0,274.5,
150.75,274.5,
151.5,274.5,
152.25,274.5,
153.0,274.5,
153.75,274.5,
154.5,274.5,
155.25,274.5,
156.0,274.5,
156.75,274.5,
157.5,274.5,
158.25,274.5,
159.0,274.5,
159.75,274.5,
160.5,274.5,
161.25,274.5,-89.41106080070466
162.0,274.5,-89.12979569196634
162.75,274.5,-88.99316732057545
163.5,274.5,-88.82546147846433
164.25,274.5,-89.13078315227001
165.0,274.5,-88.90176556400066
165.75,274.5,-88.80406205603386
166.5,274.5,-88.41191317516409
167.25,274.5,-88.3302246410797
168.0,274.5,-89.0755804643715
168.75,274.5,-90.21546836456228
169.5,274.5,-91.2776828197409
170.25,274.5,-92.15158806641195
171.0,274.5,-92.6390684921797
171.75,274.5,-92.67511963388266
172.5,274.5,-92.83798126414793
173.25,274.5,-93.44388415556688
174.0,274.5,-93.33901292596943
174.75,274.5,-92.83442830882005
175.5,274.5,-92.44960686204433
176.25,274.5,-92.31531149282684
177.0,274.5,-89.86755155146399
177.75,274.5,-89.6131059723058
178.5,274.5,-88.42063492063491
179.25,274.5,-87.87908957327494
180.0,274.5,-86.5
180.75,274.5,-86.52357563850687
181.5,274.5,
182.25,274.5,-89.62617260787994
183.0,274.5,-90.78787878787881
183.75,274.5,-93.88718447342964
184.5,274.5,-94.0233988300585
185.25,274.5,-93.55905531988489
186.0,274.5,-93.90129259694476
186.75,274.5,-94.26874941984126
187.5,274.5,-95.05186626624172
188.25,274.5,-95.6262901664585
189.0,274.5,-95.92028653598796
189.75,274.5,-96.18595088491212
190.5,274.5,-95.9559487057706
191.25,274.5,-95.67854488188978
192.0,274.5,
192.75,274.5,
193.5,274.5,
194.25,274.5,
195.0,274.5,
195.75,274.5,
196.5,274.5,
197.25,274.5,
198.0,274.5,
198.75,274.5,
199.5,274.5,
200.25,274.5,
201.0,274.5,
201.75,274.5,
202.5,274.5,
203.25,274.5,-84.944746745821
204.0,274.5,-84.95129046695507
204.75,274.5,-85.90757277234017
205.5,274.5,-84.6389435149413
206.25,274.5,-83.86957220177263
207.0,274.5,-83.68197886476656
207.75,274.5,-83.42360834120069
208.5,274.5,-83.07780919903519
209.25,274.5,-82.30224933575023
210.0,274.5,-81.32969361062908
210.75,274.5,-80.46204114575852
211.5,274.5,-80.3327697676306
212.25,274.5,-80.8179921957549
213.0,274.5,-81.10485970217816
213.75,274.5,-81.0448727163669
214.5,274.5,-79.24930135072194
215.25,274.5,-78.62929822131159
216.0,274.5,-80.43635148728266
216.75,274.5,-81.22467078836226
217.5,274.5,-81.63969765847675
218.25,274.5,-82.11519089896473
219.0,274.5,-82.49160992612731
219.75,274.5,-81.83271936978967
220.5,274.5,-82.98380223464362
221.25,274.5,-83.28145725687945
222.0,274.5,-83.61207957108239
222.75,274.5,-83.5753033863308
223.5,274.5,-83.5249418451471
224.25,274.5,-83.01642597182511
225.0,274.5,-83.89171917263405
225.75,274.5,-84.66976224092107
226.5,274.5,-83.08731276542318
227.25,274.5,-82.99116984493202
228.0,274.5,-82.91702827432061
228.75,274.5,-82.9213905523526
229.5,274.5,-83.0118408581934
230.25,274.5,-83.05836905721134
231.0,274.5,-82.99744967142308
231.75,274.5,-83.16337280809465
232.5,274.5,-84.26512968299711
233.25,274.5,-84.83893232292358
234.0,274.5,-83.77179056236281
234.75,274.5,-83.73971987322211
235.5,274.5,-84.82719232581995
236.25,274.5,-85.99775091046855
237.0,274.5,-89.51761252446184
237.75,274.5,-90.65743902819825
238.5,274.5,-90.54667202283052
239.25,274.5,-90.42978030044095
240.0,274.5,-90.76497964100578
240.75,274.5,-90.61434484133105
241.5,274.5,-90.541573685114
242.25,274.5,-90.57015403864618
243.0,274.5,-90.34372156626976
243.75,274.5,-90.26350867291059
244.5,274.5,-89.69553845787492
245.25,274.5,-89.58315023444706
246.0,274.5,-89.95271185590286
246.75,274.5,-90.26659726431754
247.5,274.5,-90.5
248.25,274.5,-90.70889748549322
249.0,274.5,
249.75,274.5,
250.5,274.5,
251.25,274.5,
252.0,274.5,
252.75,274.5,
253.5,274.5,
254.25,274.5,
255.0,274.5,
255.75,274.5,
256.5,274.5,
257.25,274.5,
258.0,274.5,
258.75,274.5,
123.0,275.25,
123.75,275.25,
124.5,275.25,
125.25,275.25,
126.0,275.25,
126.75,275.25,
127.5,275.25,
128.25,275.25,
129.0,275.25,
129.75,275.25,
130.5,275.25,
131.25,275.25,
132.0,275.25,
132.75,275.25,
133.5,275.25,
134.25,275.25,
135.0,275.25,
135.75,275.25,
136.5,275.25,
137.25,275.25,
138.0,275.25,
138.75,275.25,
139.5,275.25,
140.25,275.25,
141.0,275.25,
141.75,275.25,
142.5,275.25,
143.25,275.25,
144.0,275.25,
144.75,275.25,
145.5,275.25,
146.25,275.25,
147.0,275.25,
147.75,275.25,
148.5,275.25,
149.25,275.25,
150.0,275.25,
150.75,275.25,
151.5,275.25,
152.25,275.25,
153.0,275.25,
153.75,275.25,
154.5,275.25,
155.25,275.25,
156.0,275.25,
156.75,275.25,
157.5,275.25,
158.25,275.25,
159.0,275.25,
159.75,275.25,
160.5,275.25,
161.25,275.25,-89.97761194029849
162.0,275.25,-89.2138949707564
162.75,275.25,-89.1055204240742
163.5,275.25,-89.39519186871749
164.25,275.25,-89.20823945520861
165.0,275.25,-89.0014837180563
165.75,275.25,-88.83558943204298
166.5,275.25,-88.32010391050109
167.25,275.25,-88.18766268435995
168.0,275.25,-89.27603422382307
168.75,275.25,-90.59071686561114
169.5,275.25,-91.46524166109124
170.25,275.25,-91.89562054502491
171.0,275.25,-92.14532637947384
171.75,275.25,-92.23450000280532
172.5,275.25,-92.19534037599621
173.25,275.25,-93.4517711608162
174.0,275.25,-93.34098729594417
174.75,275.25,-93.0496894409938
175.5,275.25,-92.97984886649876
176.25,275.25,-92.93469387755101
177.0,275.25,
177.75,275.25,
178.5,275.25,
179.25,275.25,
180.0,275.25,
180.75,275.25,
181.5,275.25,
182.25,275.25,
183.0,275.25,
183.75,275.25,-94.60306122448979
184.5,275.25,-94.70465994962217
185.25,275.25,-94.86180124223604
186.0,275.25,-95.08962264150945
186.75,275.25,-95.38716814159291
187.5,275.25,-95.71585365853657
188.25,275.25,-95.99752475247523
189.0,275.25,-96.16013824884793
189.75,275.25,-96.18999999999998
190.5,275.25,-96.12541528239203
191.25,275.25,
192.0,275.25,
192.75,275.25,
193.5,275.25,
194.25,275.25,
195.0,275.25,
195.75,275.25,
196.5,275.25,
197.25,275.25,
198.0,275.25,
198.75,275.25,
199.5,275.25,
200.25,275.25,
201.0,275.25,
201.75,275.25,
202.5,275.25,
203.25,275.25,
204.0,275.25,-85.05251641137856
204.75,275.25,-85.0
205.5,275.25,-83.5649658988594
206.25,275.25,-83.38900710731455
207.0,275.25,-83.1331473344895
207.75,275.25,-82.7770071820554
208.5,275.25,-82.2715492374583
209.25,275.25,-80.72304123714085
210.0,275.25,-80.0088519525767
210.75,275.25,-79.9747216406652
211.5,275.25,-80.02618659119027
212.25,275.25,-80.2374371753571
213.0,275.25,-80.35930007412873
213.75,275.25,-80.29605784123073
214.5,275.25,-78.39863270655052
215.25,275.25,-77.71603263120181
216.0,275.25,-80.01146816947559
216.75,275.25,-80.73134787405449
217.5,275.25,-80.87759008510119
218.25,275.25,-81.16177542349095
219.0,275.25,-80.65086962231582
219.75,275.25,-81.8165793220461
220.5,275.25,-83.4252606070027
221.25,275.25,-83.9514579697879
222.0,275.25,-84.08703989771355
222.75,275.25,-83.84449438002474
223.5,275.25,-83.06571536503544
224.25,275.25,-83.20748394216898
225.0,275.25,-83.92169449663442
225.75,275.25,-84.70216228610434
226.5,275.25,-84.02729033655129
227.25,275.25,-83.57401699475932
228.0,275.25,-83.19523776091117
228.75,275.25,-82.67806644878418
229.5,275.25,-82.97820751348871
230.25,275.25,-83.20331549829562
231.0,275.25,-83.057072654346
231.75,275.25,-83.55341301215635
232.5,275.25,-85.14475536212886
233.25,275.25,-85.66930808913473
234.0,275.25,-84.58551061886516
234.75,275.25,-83.92073329404168
235.5,275.25,-85.29554597337825
236.25,275.25,-86.35268008522027
237.0,275.25,-88.17457677692327
237.75,275.25,-90.34537816288815
238.5,275.25,-90.18148352223227
239.25,275.25,-90.09271912086342
240.0,275.25,-90.43270097618411
240.75,275.25,-90.52124189691115
241.5,275.25,-90.46136288347014
242.25,275.25,-89.97948141218896
243.0,275.25,-89.38705109939222
243.75,275.25,-88.8950511013938
244.5,275.25,-89.30601620691543
245.25,275.25,-89.55534610164378
246.0,275.25,-90.36151837004796
246.75,275.25,-90.75559701492539
247.5,275.25,-91.10204780855494
248.25,275.25,-91.27463546945208
249.0,275.25,
249.75,275.25,
250.5,275.25,
251.25,275.25,
252.0,275.25,
252.75,275.25,
253.5,275.25,
254.25,275.25,
255.0,275.25,
255.75,275.25,
256.5,275.25,
257.25,275.25,
258.0,275.25,
258.75,275.25,
123.0,276.0,
123.75,276.0,
124.5,276.0,
125.25,276.0,
126.0,276.0,
126.75,276.0,
127.5,276.0,
128.25,276.0,
129.0,276.0,
129.75,276.0,
130.5,276.0,
131.25,276.0,
132.0,276.0,
132.75,276.0,
133.5,276.0,
134.25,276.0,
135.0,276.0,
135.75,276.0,
136.5,276.0,
137.25,276.0,
138.0,276.0,
138.75,276.0,
139.5,276.0,
140.25,276.0,
141.0,276.0,
141.75,276.0,
142.5,276.0,
143.25,276.0,
144.0,276.0,
144.75,276.0,
145.5,276.0,
146.25,276.0,
147.0,276.0,
147.75,276.0,
148.5,276.0,
149.25,276.0,
150.0,276.0,
150.75,276.0,
151.5,276.0,
152.25,276.0,
153.0,276.0,
153.75,276.0,
154.5,276.0,
155.25,276.0,
156.0,276.0,
156.75,276.0,
157.5,276.0,
158.25,276.0,
159.0,276.0,
159.75,276.0,-90.11281179138321
160.5,276.0,-90.18010752688173
161.25,276.0,-89.5864481158401
162.0,276.0,-89.4426987060998
162.75,276.0,-89.35457060841954
163.5,276.0,-89.58159641801127
164.25,276.0,-89.37838699434221
165.0,276.0,-89.22249011476517
165.75,276.0,-88.96048883659225
166.5,276.0,-88.77716311642442
167.25,276.0,-89.0088430385174
168.0,276.0,-90.19021190716447
168.75,276.0,-91.8872527563108
169.5,276.0,-92.35631625708945
170.25,276.0,-92.21621041818048
171.0,276.0,-92.08156282469278
171.75,276.0,-92.03603412431433
172.5,276.0,-92.3310929556378
173.25,276.0,-93.51183510874785
174.0,276.0,-93.41935483870967
174.75,276.0,-93.34224706496089
175.5,276.0,-93.03305785123968
176.25,276.0,
177.0,276.0,
177.75,276.0,
178.5,276.0,
179.25,276.0,
180.0,276.0,
180.75,276.0,
181.5,276.0,
182.25,276.0,
183.0,276.0,
183.75,276.0,
184.5,276.0,-94.82438016528927
185.25,276.0,-94.97004889975551
186.0,276.0,-95.1590909090909
186.75,276.0,-95.38258785942492
187.5,276.0,-95.61301369863013
188.25,276.0,-95.80882352941175
189.0,276.0,-95.93421052631578
189.75,276.0,-95.97848664688426
190.5,276.0,
191.25,276.0,
192.0,276.0,
192.75,276.0,
193.5,276.0,
194.25,276.0,
195.0,276.0,
195.75,276.0,
196.5,276.0,
197.25,276.0,
198.0,276.0,
198.75,276.0,
199.5,276.0,
200.25,276.0,
201.0,276.0,
201.75,276.0,
202.5,276.0,
203.25,276.0,
204.0,276.0,-85.0
204.75,276.0,-84.94748358862144
205.5,276.0,-82.33099579242635
206.25,276.0,-80.6844377759826
207.0,276.0,-80.47698504027618
207.75,276.0,-80.20199472785663
208.5,276.0,-80.16872168083579
209.25,276.0,-79.38267055155944
210.0,276.0,-79.1639344262295
210.75,276.0,-79.06523016118467
211.5,276.0,-78.8303886117087
212.25,276.0,-79.18357326640134
213.0,276.0,-80.88235294117648
213.75,276.0,-81.25553511850534
214.5,276.0,-81.71014110777716
215.25,276.0,-81.37307921413452
216.0,276.0,-81.22222222222221
216.75,276.0,-81.3413381405941
217.5,276.0,-81.23735104148398
218.25,276.0,-80.9997984090298
219.0,276.0,-80.51066217732884
219.75,276.0,-81.94243897958366
220.5,276.0,-84.18619147631206
221.25,276.0,-85.38079356903248
222.0,276.0,-84.70315487571705
222.75,276.0,-83.59793840185738
223.5,276.0,-83.21778196295662
224.25,276.0,-83.39664735004112
225.0,276.0,-83.12730733131714
225.75,276.0,-84.4645604457634
226.5,276.0,-84.06859209467842
227.25,276.0,-83.27963933187425
228.0,276.0,-82.58221797323137
228.75,276.0,-82.0370424394175
229.5,276.0,-82.4628190836767
230.25,276.0,-83.67217295933268
231.0,276.0,-84.1746987951807
231.75,276.0,-84.30508432023116
232.5,276.0,-84.51008067133186
233.25,276.0,-84.70217987805962
234.0,276.0,-84.26229508196722
234.75,276.0,-84.46929634176979
235.5,276.0,-84.65821529782578
236.25,276.0,-86.95458573791207
237.0,276.0,-88.12968860580324
237.75,276.0,-90.2412127958344
238.5,276.0,-90.27017444869193
239.25,276.0,-90.25389716608058
240.0,276.0,-90.5376516773733
240.75,276.0,-90.39834019445456
241.5,276.0,-89.9433530189684
242.25,276.0,-88.7038266237426
243.0,276.0,-87.5319694777003
243.75,276.0,-88.03194612419993
244.5,276.0,-88.94017216707621
245.25,276.0,-89.97091068379294
246.0,276.0,-90.70833333333333
246.75,276.0,-91.11382933437989
247.5,276.0,-91.43750940745572
248.25,276.0,-91.54182623099315
249.0,276.0,-93.61111111111111
249.75,276.0,-93.52339181286551
250.5,276.0,
251.25,276.0,
252.0,276.0,
252.75,276.0,
253.5,276.0,
254.25,276.0,
255.0,276.0,
255.75,276.0,
256.5,276.0,
257.25,276.0,
258.0,276.0,
258.75,276.0,
123.0,276.75,
123.75,276.75,
124.5,276.75,
125.25,276.75,
126.0,276.75,
126.75,276.75,
127.5,276.75,
128.25,276.75,
129.0,276.75,
129.75,276.75,
130.5,276.75,
131.25,276.75,
132.0,276.75,
132.75,276.75,
133.5,276.75,
134.25,276.75,
135.0,276.75,
135.75,276.75,
136.5,276.75,
137.25,276.75,
138.0,276.75,
138.75,276.75,
139.5,276.75,
140.25,276.75,
141.0,276.75,
141.75,276.75,
142.5,276.75,
143.25,276.75,
144.0,276.75,
144.75,276.75,
145.5,276.75,
146.25,276.75,
147.0,276.75,
147.75,276.75,
148.5,276.75,
149.25,276.75,
150.0,276.75,
150.75,276.75,
151.5,276.75,
152.25,276.75,
153.0,276.75,
153.75,276.75,
154.5,276.75,
155.25,276.75,
156.0,276.75,
156.75,276.75,
157.5,276.75,
158.25,276.75,
159.0,276.75,-90.04478458049886
159.75,276.75,-90.11723163841809
160.5,276.75,-90.20614035087719
161.25,276.75,-90.03383793410508
162.0,276.75,-89.84686435589065
162.75,276.75,-89.70890074541668
163.5,276.75,-89.55877568251555
164.25,276.75,-89.6077807398088
165.0,276.75,-89.43106173966109
165.75,276.75,-89.11077148096435
166.5,276.75,-88.7463628518687
167.25,276.75,-88.70329476745127
168.0,276.75,-90.84449138211674
168.75,276.75,-93.62388590520037
169.5,276.75,-93.460705994549
170.25,276.75,-92.57458047864269
171.0,276.75,-92.06400148845483
171.75,276.75,-92.28320174315554
172.5,276.75,-92.21016061266597
173.25,276.75,-93.56136622015718
174.0,276.75,-93.47863267438193
174.75,276.75,-94.0
175.5,276.75,
176.25,276.75,
177.0,276.75,
177.75,276.75,
178.5,276.75,
179.25,276.75,
180.0,276.75,
180.75,276.75,
181.5,276.75,
182.25,276.75,
183.0,276.75,
183.75,276.75,
184.5,276.75,
185.25,276.75,
186.0,276.75,-95.18326039387307
186.75,276.75,-95.35287081339713
187.5,276.75,-95.5207808564232
188.25,276.75,-95.66370558375634
189.0,276.75,
189.75,276.75,
190.5,276.75,
191.25,276.75,
192.0,276.75,
192.75,276.75,
193.5,276.75,
194.25,276.75,
195.0,276.75,
195.75,276.75,
196.5,276.75,
197.25,276.75,
198.0,276.75,
198.75,276.75,
199.5,276.75,
200.25,276.75,
201.0,276.75,
201.75,276.75,
202.5,276.75,
203.25,276.75,
204.0,276.75,
204.75,276.75,
205.5,276.75,-80.18650417737518
206.25,276.75,-79.92538166705886
207.0,276.75,-79.75755298212599
207.75,276.75,-79.38449995875801
208.5,276.75,-79.21496505494044
209.25,276.75,-78.47440486947819
210.0,276.75,-78.20735770271384
210.75,276.75,-78.04807520605567
211.5,276.75,-78.0479175378799
212.25,276.75,-78.82637463516049
213.0,276.75,-80.20411702608958
213.75,276.75,-82.61982296176996
214.5,276.75,-84.0128857422952
215.25,276.75,-84.47784803795227
216.0,276.75,-82.40571259102515
216.75,276.75,-81.88917579828454
217.5,276.75,-81.56832408437135
218.25,276.75,-80.51001829976627
219.0,276.75,-80.07978059450542
219.75,276.75,-81.51392064651552
220.5,276.75,-86.06276066400147
221.25,276.75,-87.37877559435343
222.0,276.75,-84.9353927946969
222.75,276.75,-83.61188429712884
223.5,276.75,-83.32870562676277
224.25,276.75,-83.22432325348927
225.0,276.75,-83.40624952294189
225.75,276.75,-84.25019641971866
226.5,276.75,-83.85300385145018
227.25,276.75,-83.3733660032193
228.0,276.75,-82.09912422943596
228.75,276.75,-80.44601716474376
229.5,276.75,-81.31953726911222
230.25,276.75,-84.38879880955416
231.0,276.75,-85.84456442082137
231.75,276.75,-85.17477187226018
232.5,276.75,-84.66753880433916
233.25,276.75,-84.23208235258247
234.0,276.75,-84.00941788628037
234.75,276.75,-84.60768389210466
235.5,276.75,-84.82714360465738
236.25,276.75,-87.06969752058968
237.0,276.75,-87.99711730985511
237.75,276.75,-89.26400696779207
238.5,276.75,-90.23228707767804
239.25,276.75,-90.18355740204312
240.0,276.75,-90.46574069823603
240.75,276.75,-89.70630530249309
241.5,276.75,-88.79593944131534
242.25,276.75,-87.12653275501071
243.0,276.75,-86.13741676067163
243.75,276.75,-87.11917781081695
244.5,276.75,-89.11026695799592
245.25,276.75,-90.64642857142856
246.0,276.75,-91.3927253992964
246.75,276.75,-91.77695671844367
247.5,276.75,-91.84294703090066
248.25,276.75,-91.83331909648918
249.0,276.75,-93.53478260869566
249.75,276.75,-93.44366197183099
250.5,276.75,-93.38571428571427
251.25,276.75,
252.0,276.75,
252.75,276.75,
253.5,276.75,
254.25,276.75,
255.0,276.75,
255.75,276.75,
256.5,276.75,
257.25,276.75,
258.0,276.75,
258.75,276.75,
123.0,277.5,
123.75,277.5,
124.5,277.5,
125.25,277.5,
126.0,277.5,
126.75,277.5,
127.5,277.5,
128.25,277.5,
129.0,277.5,
129.75,277.5,
130.5,277.5,
131.25,277.5,
132.0,277.5,
132.75,277.5,
133.5,277.5,
134.25,277.5,
135.0,277.5,
135.75,277.5,
136.5,277.5,
137.25,277.5,
138.0,277.5,
138.75,277.5,
139.5,277.5,
140.25,277.5,
141.0,277.5,
141.75,277.5,
142.5,277.5,
143.25,277.5,
144.0,277.5,
144.75,277.5,
145.5,277.5,
146.25,277.5,
147.0,277.5,
147.75,277.5,
148.5,277.5,
149.25,277.5,
150.0,277.5,
150.75,277.5,
151.5,277.5,
152.25,277.5,
153.0,277.5,
153.75,277.5,
154.5,277.5,
155.25,277.5,
156.0,277.5,
156.75,277.5,
157.5,277.5,
158.25,277.5,-89.95964360587003
159.0,277.5,-90.01881720430109
159.75,277.5,-90.10087719298245
160.5,277.5,-90.21296296296296
161.25,277.5,-90.15957095290139
162.0,277.5,-90.15629689250571
162.75,277.5,-90.47166272001917
163.5,277.5,-90.26617828672894
164.25,277.5,-89.98767697143809
165.0,277.5,-89.65427722462599
165.75,277.5,-89.3104828960504
166.5,277.5,-88.92373606124582
167.25,277.5,-88.97554221857314
168.0,277.5,-90.89093593010395
168.75,277.5,-93.25423498113265
169.5,277.5,-93.2616633776166
170.25,277.5,-92.52735610948216
171.0,277.5,-92.41906022405875
171.75,277.5,-92.00844348936532
172.5,277.5,-92.85310472659869
173.25,277.5,-94.0
174.0,277.5,-94.0
174.75,277.5,-94.0
175.5,277.5,
176.25,277.5,
177.0,277.5,
177.75,277.5,
178.5,277.5,
179.25,277.5,
180.0,277.5,
180.75,277.5,
181.5,277.5,
182.25,277.5,
183.0,277.5,
183.75,277.5,
184.5,277.5,
185.25,277.5,
186.0,277.5,
186.75,277.5,
187.5,277.5,
188.25,277.5,
189.0,277.5,
189.75,277.5,
190.5,277.5,
191.25,277.5,
192.0,277.5,
192.75,277.5,-96.01436265709157
193.5,277.5,
194.25,277.5,
195.0,277.5,-92.65503875968993
195.75,277.5,-92.53992015968063
196.5,277.5,-92.42063492063492
197.25,277.5,-92.30952380952381
198.0,277.5,
198.75,277.5,
199.5,277.5,
200.25,277.5,
201.0,277.5,
201.75,277.5,
202.5,277.5,
203.25,277.5,
204.0,277.5,
204.75,277.5,
205.5,277.5,-78.0
206.25,277.5,-78.27991617792244
207.0,277.5,-78.04218573101039
207.75,277.5,-78.07492743595176
208.5,277.5,-77.68039080633758
209.25,277.5,-77.61030425709082
210.0,277.5,-77.36960319977635
210.75,277.5,-77.66917635063511
211.5,277.5,-77.64972102834652
212.25,277.5,-78.33996557939668
213.0,277.5,-80.25687005123429
213.75,277.5,-82.62917568023224
214.5,277.5,-84.09519063045103
215.25,277.5,-84.24998808294748
216.0,277.5,-82.35700638426766
216.75,277.5,-81.52614489730867
217.5,277.5,-81.06386400183781
218.25,277.5,-80.19563913305083
219.0,277.5,-80.1196657714115
219.75,277.5,-81.09199766236274
220.5,277.5,-84.36308074928563
221.25,277.5,-85.66057113664613
222.0,277.5,-83.60281260974651
222.75,277.5,-83.36990321817883
223.5,277.5,-83.53003846839394
224.25,277.5,-83.52416344903324
225.0,277.5,-84.34745817039554
225.75,277.5,-84.45557114756436
226.5,277.5,-84.184957883946
227.25,277.5,-83.78423674254319
228.0,277.5,-83.0425136730202
228.75,277.5,-81.45871235373099
229.5,277.5,-82.28720050441363
230.25,277.5,-84.6872496693674
231.0,277.5,-85.62018242335083
231.75,277.5,-85.26164522333791
232.5,277.5,-84.77471127247458
233.25,277.5,-84.48971961766429
234.0,277.5,-83.86229881410026
234.75,277.5,-84.69992526831506
235.5,277.5,-84.91178967423355
236.25,277.5,-88.13043965132503
237.0,277.5,-88.95890726397322
237.75,277.5,-89.02600000197228
238.5,277.5,-89.46601740571901
239.25,277.5,-90.15367364001277
240.0,277.5,-89.9170365011351
240.75,277.5,-89.45273703956413
241.5,277.5,-88.56181843740032
242.25,277.5,-87.34736934482027
243.0,277.5,-86.52356842421355
243.75,277.5,-87.87851582174139
244.5,277.5,-90.5892857142857
245.25,277.5,-92.14604339284378
246.0,277.5,-92.43271611157489
246.75,277.5,-92.42877168820628
247.5,277.5,-92.24452724732186
248.25,277.5,-92.09879723257052
249.0,277.5,-93.41304347826087
249.75,277.5,-93.33193277310924
250.5,277.5,-93.28947368421053
251.25,277.5,
252.0,277.5,
252.75,277.5,
253.5,277.5,
254.25,277.5,
255.0,277.5,
255.75,277.5,
256.5,277.5,
257.25,277.5,
258.0,277.5,
258.75,277.5,
123.0,278.25,
123.75,278.25,
124.5,278.25,
125.25,278.25,
126.0,278.25,
126.75,278.25,
127.5,278.25,
128.25,278.25,
129.0,278.25,
129.75,278.25,
130.5,278.25,
131.25,278.25,
132.0,278.25,
132.75,278.25,
133.5,278.25,
134.25,278.25,
135.0,278.25,
135.75,278.25,
136.5,278.25,
137.25,278.25,
138.0,278.25,
138.75,278.25,
139.5,278.25,
140.25,278.25,
141.0,278.25,
141.75,278.25,
142.5,278.25,
143.25,278.25,
144.0,278.25,
144.75,278.25,
145.5,278.25,
146.25,278.25,
147.0,278.25,
147.75,278.25,
148.5,278.25,
149.25,278.25,
150.0,278.25,
150.75,278.25,
151.5,278.25,
152.25,278.25,
153.0,278.25,
153.75,278.25,
154.5,278.25,
155.25,278.25,
156.0,278.25,
156.75,278.25,
157.5,278.25,
158.25,278.25,-89.91431924882629
159.0,278.25,-89.96806853582554
159.75,278.25,-90.0491452991453
160.5,278.25,-90.17424242424242
161.25,278.25,-90.22906324354493
162.0,278.25,-90.61269903295121
162.75,278.25,-90.77905277879076
163.5,278.25,-90.69250811753069
164.25,278.25,-90.34055546645149
165.0,278.25,-89.8712672905587
165.75,278.25,-89.6285096495499
166.5,278.25,-89.51569653555791
167.25,278.25,-89.78140512693037
168.0,278.25,-90.98933228793265
168.75,278.25,-92.00976813346271
169.5,278.25,-92.5301876660624
170.25,278.25,-92.4245942406598
171.0,278.25,-92.2822840737474
171.75,278.25,-92.20359128169666
172.5,278.25,-93.1320763176839
173.25,278.25,-93.99999999999999
174.0,278.25,
174.75,278.25,
175.5,278.25,
176.25,278.25,
177.0,278.25,
177.75,278.25,
178.5,278.25,
179.25,278.25,
180.0,278.25,
180.75,278.25,
181.5,278.25,
182.25,278.25,
183.0,278.25,
183.75,278.25,
184.5,278.25,
185.25,278.25,
186.0,278.25,
186.75,278.25,
187.5,278.25,
188.25,278.25,
189.0,278.25,
189.75,278.25,
190.5,278.25,
191.25,278.25,
192.0,278.25,
192.75,278.25,
193.5,278.25,-92.91928721174004
194.25,278.25,-92.82863849765258
195.0,278.25,-92.70356234096691
195.75,278.25,-92.55291005291006
196.5,278.25,-92.39501312335959
197.25,278.25,-92.25124378109453
198.0,278.25,-92.13718820861679
198.75,278.25,
199.5,278.25,
200.25,278.25,
201.0,278.25,
201.75,278.25,
202.5,278.25,
203.25,278.25,
204.0,278.25,
204.75,278.25,
205.5,278.25,-74.95209580838323
206.25,278.25,-77.8028384201567
207.0,278.25,-77.48099365096223
207.75,278.25,-78.85980557131406
208.5,278.25,-78.22553130041365
209.25,278.25,-77.15520903879444
210.0,278.25,-76.08050637869441
210.75,278.25,-74.8008298656542
211.5,278.25,-75.26018529280805
212.25,278.25,-77.66969058561601
213.0,278.25,-80.48274379343289
213.75,278.25,-83.00903673860113
214.5,278.25,-84.8866276766828
215.25,278.25,-84.627869334359
216.0,278.25,-81.97137228229423
216.75,278.25,-78.85499840765196
217.5,278.25,-78.3286530863865
218.25,278.25,-79.24757964262665
219.0,278.25,-79.56009048213306
219.75,278.25,-79.358070691125
220.5,278.25,-77.7976023911313
221.25,278.25,-77.81850279033122
222.0,278.25,-81.11649494645283
222.75,278.25,-84.14768329247981
223.5,278.25,-84.35932978914194
224.25,278.25,-83.97029460191611
225.0,278.25,-84.1793073742124
225.75,278.25,-84.62005170167794
226.5,278.25,-84.45718560081386
227.25,278.25,-84.60258250419425
228.0,278.25,-85.24396390125465
228.75,278.25,-86.2723441266178
229.5,278.25,-85.99606433605967
230.25,278.25,-85.41107734227624
231.0,278.25,-85.38235859293636
231.75,278.25,-85.04722404221339
232.5,278.25,-84.77592673916973
233.25,278.25,-84.52758288316086
234.0,278.25,-85.03533600973792
234.75,278.25,-84.76374318911542
235.5,278.25,-84.94756205647342
236.25,278.25,-88.11957196852644
237.0,278.25,-88.90602310167358
237.75,278.25,-88.82460924606531
238.5,278.25,-89.80417915918667
239.25,278.25,-90.1277299981761
240.0,278.25,-89.89811190633118
240.75,278.25,-89.52989313096657
241.5,278.25,-88.9960043983098
242.25,278.25,-88.4678412112323
243.0,278.25,-88.6656935164
243.75,278.25,-90.56255307104443
244.5,278.25,-93.2755770676236
245.25,278.25,-94.04358882344206
246.0,278.25,-93.48908552827359
246.75,278.25,-92.94177740225823
247.5,278.25,-92.51552612523743
248.25,278.25,-92.27224645706666
249.0,278.25,-93.23333333333333
249.75,278.25,-93.18627450980394
250.5,278.25,-93.17407407407407
251.25,278.25,
252.0,278.25,
252.75,278.25,
253.5,278.25,
254.25,278.25,
255.0,278.25,
255.75,278.25,
256.5,278.25,
257.25,278.25,
258.0,278.25,
258.75,278.25,
123.0,279.0,
123.75,279.0,
124.5,279.0,
125.25,279.0,
126.0,279.0,
126.75,279.0,
127.5,279.0,
128.25,279.0,
129.0,279.0,
129.75,279.0,
130.5,279.0,
131.25,279.0,
132.0,279.0,
132.75,279.0,
133.5,279.0,
134.25,279.0,
135.0,279.0,
135.75,279.0,
136.5,279.0,
137.25,279.0,
138.0,279.0,
138.75,279.0,
139.5,279.0,
140.25,279.0,
141.0,279.0,
141.75,279.0,
142.5,279.0,
143.25,279.0,
144.0,279.0,
144.75,279.0,
145.5,279.0,
146.25,279.0,
147.0,279.0,
147.75,279.0,
148.5,279.0,
149.25,279.0,
150.0,279.0,
150.75,279.0,
151.5,279.0,
152.25,279.0,
153.0,279.0,
153.75,279.0,
154.5,279.0,
155.25,279.0,
156.0,279.0,
156.75,279.0,
157.5,279.0,-89.82751937984496
158.25,279.0,-89.85178117048345
159.0,279.0,-89.88888888888889
159.75,279.0,-89.94900497512438
160.5,279.0,-90.05303030303031
161.25,279.0,-90.62571442265065
162.0,279.0,-90.67860906217068
162.75,279.0,-90.96193961385639
163.5,279.0,-90.85706802760413
164.25,279.0,-90.47280665522908
165.0,279.0,-90.20338983050847
165.75,279.0,-90.52279513209086
166.5,279.0,-89.87520458074354
167.25,279.0,-90.48544219220267
168.0,279.0,-90.94565217391303
168.75,279.0,-91.73946879988854
169.5,279.0,-91.88609198226946
170.25,279.0,-92.005096973123
171.0,279.0,-92.00000000000001
171.75,279.0,-92.45654041338477
172.5,279.0,-92.44220237485925
173.25,279.0,-94.39309576837418
174.0,279.0,
174.75,279.0,
175.5,279.0,
176.25,279.0,
177.0,279.0,
177.75,279.0,
178.5,279.0,
179.25,279.0,
180.0,279.0,
180.75,279.0,
181.5,279.0,
182.25,279.0,
183.0,279.0,
183.75,279.0,
184.5,279.0,
185.25,279.0,
186.0,279.0,
186.75,279.0,
187.5,279.0,
188.25,279.0,
189.0,279.0,
189.75,279.0,
190.5,279.0,
191.25,279.0,
192.0,279.0,
192.75,279.0,-93.08956916099774
193.5,279.0,-93.03763440860216
194.25,279.0,-92.93613707165109
195.0,279.0,-92.77777777777779
195.75,279.0,-92.57326007326007
196.5,279.0,-92.35507246376812
197.25,279.0,-92.16329966329967
198.0,279.0,-92.02380952380953
198.75,279.0,-91.94020356234095
199.5,279.0,
200.25,279.0,
201.0,279.0,
201.75,279.0,
202.5,279.0,
203.25,279.0,
204.0,279.0,
204.75,279.0,
205.5,279.0,-74.81395348837209
206.25,279.0,-74.75572519083968
207.0,279.0,-79.07142857142857
207.75,279.0,-78.45927148603388
208.5,279.0,-77.56537102473499
209.25,279.0,-76.76889561028096
210.0,279.0,-74.85785056533395
210.75,279.0,-72.28649653194606
211.5,279.0,-73.03676108576492
212.25,279.0,-76.80557480195144
213.0,279.0,-80.33333333333333
213.75,279.0,-83.34651276006497
214.5,279.0,-86.00021136130314
215.25,279.0,-86.61935099440066
216.0,279.0,-81.56896551724137
216.75,279.0,-75.5235955001358
217.5,279.0,-76.3095100028994
218.25,279.0,-78.11905588624543
219.0,279.0,-78.5
219.75,279.0,-77.37153236916782
220.5,279.0,-73.68969657809274
221.25,279.0,-72.65381773936697
222.0,279.0,-79.94418758256273
222.75,279.0,-86.02294768331642
223.5,279.0,-85.254063128609
224.25,279.0,-83.98999689526605
225.0,279.0,-84.99999999999713
225.75,279.0,-84.44295491842742
226.5,279.0,-84.45458868430369
227.25,279.0,-85.00594122645951
228.0,279.0,-86.55698151950719
228.75,279.0,-88.7614192410237
229.5,279.0,-88.22494140112654
230.25,279.0,-86.46033812986887
231.0,279.0,-85.66666666666664
231.75,279.0,-85.39306508643604
232.5,279.0,-85.25894557627794
233.25,279.0,-85.22592786779859
234.0,279.0,-85.17317237422992
234.75,279.0,-86.54001882573218
235.5,279.0,-87.16461502141578
236.25,279.0,-87.5188372977611
237.0,279.0,-89.02777777777777
237.75,279.0,-89.14540765408495
238.5,279.0,-89.03549196544903
239.25,279.0,-89.78038153614524
240.0,279.0,-89.66628086419752
240.75,279.0,-89.52416944156387
241.5,279.0,-89.62186906956381
242.25,279.0,-89.7688555178048
243.0,279.0,-90.59405940594058
243.75,279.0,-92.55784578325449
244.5,279.0,-94.55928419731634
245.25,279.0,-94.90479920368182
246.0,279.0,-93.98795180722891
246.75,279.0,-93.030832249315
247.5,279.0,-92.53278506334742
248.25,279.0,-92.30680997171972
249.0,279.0,-93.00000000000001
249.75,279.0,-93.01648351648352
250.5,279.0,-93.0483870967742
251.25,279.0,
252.0,279.0,
252.75,279.0,
253.5,279.0,
254.25,279.0,
255.0,279.0,
255.75,279.0,
256.5,279.0,
257.25,279.0,
258.0,279.0,
258.75,279.0,
123.0,279.75,
123.75,279.75,
124.5,279.75,
125.25,279.75,
126.0,279.75,
126.75,279.75,
127.5,279.75,
128.25,279.75,
129.0,279.75,
129.75,279.75,
130.5,279.75,
131.25,279.75,
132.0,279.75,
132.75,279.75,
133.5,279.75,
134.25,279.75,
135.0,279.75,
135.75,279.75,
136.5,279.75,
137.25,279.75,
138.0,279.75,
138.75,279.75,
139.5,279.75,
140.25,279.75,
141.0,279.75,
141.75,279.75,
142.5,279.75,
143.25,279.75,
144.0,279.75,
144.75,279.75,
145.5,279.75,
146.25,279.75,
147.0,279.75,
147.75,279.75,
148.5,279.75,
149.25,279.75,
150.0,279.75,
150.75,279.75,
151.5,279.75,
152.25,279.75,
153.0,279.75,
153.75,279.75,
154.5,279.75,
155.25,279.75,
156.0,279.75,
156.75,279.75,
157.5,279.75,-89.7699600798403
158.25,279.75,-89.77645502645503
159.0,279.75,-89.78663003663002
159.75,279.75,-89.80376344086022
160.5,279.75,-89.96096832103576
161.25,279.75,-90.02625407223161
162.0,279.75,-90.1035830507732
162.75,279.75,-90.33393068361575
163.5,279.75,-90.2961386663632
164.25,279.75,-90.32941054939582
165.0,279.75,-90.69496845204905
165.75,279.75,-90.6866282142611
166.5,279.75,-90.54591787566802
167.25,279.75,-90.95413306838694
168.0,279.75,-91.1771021306365
168.75,279.75,-91.65727239734147
169.5,279.75,-92.03084097794037
170.25,279.75,-91.96608528992112
171.0,279.75,-92.45793724601401
171.75,279.75,-92.50356019126042
172.5,279.75,-93.3486625054284
173.25,279.75,-94.47235023041476
174.0,279.75,-94.47798165137615
174.75,279.75,
175.5,279.75,
176.25,279.75,
177.0,279.75,
177.75,279.75,
178.5,279.75,
179.25,279.75,
180.0,279.75,
180.75,279.75,
181.5,279.75,
182.25,279.75,
183.0,279.75,
183.75,279.75,
184.5,279.75,
185.25,279.75,
186.0,279.75,
186.75,279.75,
187.5,279.75,
188.25,279.75,
189.0,279.75,
189.75,279.75,
190.5,279.75,
191.25,279.75,
192.0,279.75,-93.22562358276643
192.75,279.75,-93.23446327683617
193.5,279.75,-93.20175438596492
194.25,279.75,-93.09829059829059
195.0,279.75,-92.89800995024875
195.75,279.75,-92.60752688172043
196.5,279.75,-92.2883597883598
197.25,279.75,-92.02380952380952
198.0,279.75,-91.8574297188755
198.75,279.75,-91.78104575163398
199.5,279.75,-91.76509186351704
200.25,279.75,
201.0,279.75,
201.75,279.75,
202.5,279.75,
203.25,279.75,
204.0,279.75,
204.75,279.75,
205.5,279.75,
206.25,279.75,-82.28901164709136
207.0,279.75,-81.69524333238407
207.75,279.75,-80.75428296275065
208.5,279.75,-80.02489545643014
209.25,279.75,-78.4455238290338
210.0,279.75,-76.13671839346625
210.75,279.75,-74.34429536687568
211.5,279.75,-75.3279426813045
212.25,279.75,-78.75314094773749
213.0,279.75,-82.00140501944925
213.75,279.75,-83.01526827930506
214.5,279.75,-84.64220962670927
215.25,279.75,-85.0074217451188
216.0,279.75,-82.33787469945136
216.75,279.75,-78.59468420807836
217.5,279.75,-78.19758138124195
218.25,279.75,-77.83790603259403
219.0,279.75,-78.52904900147234
219.75,279.75,-76.74674254605048
220.5,279.75,-75.16394646767678
221.25,279.75,-75.32114364492888
222.0,279.75,-79.46442989775369
222.75,279.75,-82.53026036415206
223.5,279.75,-82.28314318810727
224.25,279.75,-82.55254744562151
225.0,279.75,-83.61053933522234
225.75,279.75,-83.52396041808811
226.5,279.75,-84.5592672002371
227.25,279.75,-84.82762372340227
228.0,279.75,-85.9724750113296
228.75,279.75,-87.49907026089103
229.5,279.75,-87.43184721749456
230.25,279.75,-86.53813670677397
231.0,279.75,-85.86172437647035
231.75,279.75,-85.49963010325916
232.5,279.75,-85.31575859542679
233.25,279.75,-85.28000687168726
234.0,279.75,-85.20740725051559
234.75,279.75,-86.77577344017733
235.5,279.75,-87.1560933068653
236.25,279.75,-87.44556444763676
237.0,279.75,
237.75,279.75,-89.01323098480343
238.5,279.75,-88.89546688812788
239.25,279.75,-89.89472736224036
240.0,279.75,-89.86608879770976
240.75,279.75,-89.87842144109273
241.5,279.75,-90.23241900246563
242.25,279.75,-90.63105804333992
243.0,279.75,-91.56877471811502
243.75,279.75,-92.87900802653157
244.5,279.75,-94.03957552993558
245.25,279.75,-94.28168059634064
246.0,279.75,-93.4283013772617
246.75,279.75,-92.58681146146802
247.5,279.75,-92.30584937510646
248.25,279.75,-92.22548819288362
249.0,279.75,-92.75423728813558
249.75,279.75,-92.84883720930233
250.5,279.75,-92.92857142857143
251.25,279.75,
252.0,279.75,
252.75,279.75,
253.5,279.75,
254.25,279.75,
255.0,279.75,
255.75,279.75,
256.5,279.75,
257.25,279.75,
258.0,279.75,
258.75,279.75,
123.0,280.5,
123.75,280.5,
124.5,280.5,
125.25,280.5,
126.0,280.5,
126.75,280.5,
127.5,280.5,
128.25,280.5,
129.0,280.5,
129.75,280.5,
130.5,280.5,
131.25,280.5,
132.0,280.5,
132.75,280.5,
133.5,280.5,
134.25,280.5,
135.0,280.5,
135.75,280.5,
136.5,280.5,
137.25,280.5,
138.0,280.5,
138.75,280.5,
139.5,280.5,
140.25,280.5,
141.0,280.5,
141.75,280.5,
142.5,280.5,
143.25,280.5,
144.0,280.5,
144.75,280.5,
145.5,280.5,
146.25,280.5,
147.0,280.5,
147.75,280.5,
148.5,280.5,
149.25,280.5,
150.0,280.5,
150.75,280.5,
151.5,280.5,
152.25,280.5,
153.0,280.5,
153.75,280.5,
154.5,280.5,
155.25,280.5,
156.0,280.5,
156.75,280.5,
157.5,280.5,-89.71031746031747
158.25,280.5,-89.69750656167979
159.0,280.5,-89.67753623188406
159.75,280.5,-89.73456992609789
160.5,280.5,-89.72834645669292
161.25,280.5,-89.5893069725297
162.0,280.5,-89.36167693234817
162.75,280.5,-88.9164665787906
163.5,280.5,-89.16335699864455
164.25,280.5,-90.12097480220578
165.0,280.5,-90.63891257361544
165.75,280.5,-90.92374204130145
166.5,280.5,-90.3852480941554
167.25,280.5,-90.31270857643284
168.0,280.5,-91.0153418242902
168.75,280.5,-91.85015735068032
169.5,280.5,-92.5747874575406
170.25,280.5,-92.84276533848436
171.0,280.5,-92.65923946876947
171.75,280.5,-92.66483946280042
172.5,280.5,-93.39609009774756
173.25,280.5,-94.55491990846681
174.0,280.5,
174.75,280.5,
175.5,280.5,
176.25,280.5,
177.0,280.5,
177.75,280.5,
178.5,280.5,
179.25,280.5,
180.0,280.5,
180.75,280.5,
181.5,280.5,
182.25,280.5,
183.0,280.5,
183.75,280.5,
184.5,280.5,
185.25,280.5,
186.0,280.5,
186.75,280.5,
187.5,280.5,
188.25,280.5,
189.0,280.5,
189.75,280.5,
190.5,280.5,
191.25,280.5,
192.0,280.5,-93.36021505376345
192.75,280.5,-93.41228070175438
193.5,280.5,-93.42592592592594
194.25,280.5,-93.34848484848484
195.0,280.5,-93.10606060606062
195.75,280.5,-92.67094017094017
196.5,280.5,-92.16666666666666
197.25,280.5,-91.79078014184397
198.0,280.5,-91.61111111111111
198.75,280.5,-91.5717299578059
199.5,280.5,-91.6025641025641
200.25,280.5,-91.66049382716051
201.0,280.5,
201.75,280.5,
202.5,280.5,
203.25,280.5,
204.0,280.5,
204.75,280.5,
205.5,280.5,-81.25
206.25,280.5,-83.46166690229278
207.0,280.5,-83.13567498245251
207.75,280.5,-82.81843556467918
208.5,280.5,-82.16976959659372
209.25,280.5,-81.39822899774516
210.0,280.5,-80.24330689866159
210.75,280.5,-79.21939408062863
211.5,280.5,-79.74954877578202
212.25,280.5,-81.38153151774779
213.0,280.5,-83.00496108506667
213.75,280.5,-83.69958634351849
214.5,280.5,-83.99766631218243
215.25,280.5,-84.08814534908628
216.0,280.5,-83.47945543391441
216.75,280.5,-82.17824262758703
217.5,280.5,-80.83795193071465
218.25,280.5,-80.35303118541202
219.0,280.5,-78.26261149506763
219.75,280.5,-77.23965308917576
220.5,280.5,-76.58451163048602
221.25,280.5,-77.27079187169277
222.0,280.5,-77.84677431099136
222.75,280.5,-77.34089557831301
223.5,280.5,-78.79677005739408
224.25,280.5,-80.72449152531266
225.0,280.5,-80.89013184178984
225.75,280.5,-82.22100467195698
226.5,280.5,-84.01397294410822
227.25,280.5,-84.5216944334386
228.0,280.5,-85.07580333070936
228.75,280.5,-85.87718988108075
229.5,280.5,-86.19107588434936
230.25,280.5,-85.93822177063244
231.0,280.5,-85.81096317420395
231.75,280.5,-85.52618706419692
232.5,280.5,-85.34752556886367
233.25,280.5,-85.32832592390434
234.0,280.5,-86.95106668655824
234.75,280.5,-86.88181340654936
235.5,280.5,
236.25,280.5,
237.0,280.5,
237.75,280.5,
238.5,280.5,-88.06349206349206
239.25,280.5,-90.03543830131831
240.0,280.5,-90.07614539504439
240.75,280.5,-90.18589166274982
241.5,280.5,-90.74166666666666
242.25,280.5,-91.17834125710577
243.0,280.5,-91.83875852253922
243.75,280.5,-92.73606957948157
244.5,280.5,-93.26235093696762
245.25,280.5,-93.20029005987134
246.0,280.5,-92.55485893416927
246.75,280.5,-92.09826438731565
247.5,280.5,-92.07834877843304
248.25,280.5,-92.37179487179488
249.0,280.5,-92.56666666666668
249.75,280.5,-92.7183908045977
250.5,280.5,-92.83333333333334
251.25,280.5,
252.0,280.5,
252.75,280.5,
253.5,280.5,
254.25,280.5,
255.0,280.5,
255.75,280.5,
256.5,280.5,
257.25,280.5,
258.0,280.5,
258.75,280.5,
123.0,281.25,
123.75,281.25,
124.5,281.25,
125.25,281.25,
126.0,281.25,
126.75,281.25,
127.5,281.25,
128.25,281.25,
129.0,281.25,
129.75,281.25,
130.5,281.25,
131.25,281.25,
132.0,281.25,
132.75,281.25,
133.5,281.25,
134.25,281.25,
135.0,281.25,
135.75,281.25,
136.5,281.25,
137.25,281.25,
138.0,281.25,
138.75,281.25,
139.5,281.25,
140.25,281.25,
141.0,281.25,
141.75,281.25,
142.5,281.25,
143.25,281.25,
144.0,281.25,
144.75,281.25,
145.5,281.25,
146.25,281.25,
147.0,281.25,
147.75,281.25,
148.5,281.25,
149.25,281.25,
150.0,281.25,
150.75,281.25,
151.5,281.25,
152.25,281.25,
153.0,281.25,
153.75,281.25,
154.5,281.25,
155.25,281.25,
156.0,281.25,
156.75,281.25,
157.5,281.25,-89.6547619047619
158.25,281.25,-89.62562189054727
159.0,281.25,-88.39956704259475
159.75,281.25,-89.54789339194573
160.5,281.25,-89.39983672141625
161.25,281.25,-89.3624823134863
162.0,281.25,-89.10264175821173
162.75,281.25,-88.63938880912853
163.5,281.25,-88.94711411542936
164.25,281.25,-90.30197029657376
165.0,281.25,-91.18748473104343
165.75,281.25,-91.42184185749348
166.5,281.25,-90.40034991762039
167.25,281.25,-90.15205344071504
168.0,281.25,-91.24962447157509
168.75,281.25,-92.42562588322315
169.5,281.25,-92.96976571340602
170.25,281.25,-93.33060505197994
171.0,281.25,-93.03457791132233
171.75,281.25,-93.53379103196738
172.5,281.25,-93.49230769230769
173.25,281.25,
174.0,281.25,
174.75,281.25,
175.5,281.25,
176.25,281.25,
177.0,281.25,
177.75,281.25,
178.5,281.25,
179.25,281.25,
180.0,281.25,
180.75,281.25,
181.5,281.25,
182.25,281.25,
183.0,281.25,
183.75,281.25,
184.5,281.25,
185.25,281.25,
186.0,281.25,
186.75,281.25,
187.5,281.25,
188.25,281.25,
189.0,281.25,
189.75,281.25,
190.5,281.25,
191.25,281.25,
192.0,281.25,-93.49688473520249
192.75,281.25,-93.61111111111111
193.5,281.25,-93.7121212121212
194.25,281.25,-93.72807017543857
195.0,281.25,-93.48765432098766
195.75,281.25,-92.80303030303031
196.5,281.25,-91.92028985507245
197.25,281.25,-91.3888888888889
198.0,281.25,-91.25968992248062
198.75,281.25,-91.31720430107525
199.5,281.25,-91.4272030651341
200.25,281.25,-91.53954802259888
201.0,281.25,
201.75,281.25,-87.02282157676348
202.5,281.25,-86.5
203.25,281.25,
204.0,281.25,-89.0
204.75,281.25,-92.7155172413793
205.5,281.25,-88.25449679806006
206.25,281.25,-87.81864517015462
207.0,281.25,-84.63587927499951
207.75,281.25,-84.4690915291254
208.5,281.25,-84.49321325755642
209.25,281.25,-84.98687391716652
210.0,281.25,-85.24129727344615
210.75,281.25,-85.20195488300217
211.5,281.25,-85.59046873443182
212.25,281.25,-85.26238717986902
213.0,281.25,-85.19910333921123
213.75,281.25,-85.20365597640375
214.5,281.25,-84.37702519344256
215.25,281.25,-84.0410662203092
216.0,281.25,-84.25753089274573
216.75,281.25,-84.48000322836903
217.5,281.25,-83.43701829942627
218.25,281.25,-82.39732573659953
219.0,281.25,-79.84694396926159
219.75,281.25,-78.60505801052525
220.5,281.25,-77.6975505923515
221.25,281.25,-77.60718630930471
222.0,281.25,-77.46647273768168
222.75,281.25,-76.42582785896234
223.5,281.25,-77.6179258474115
224.25,281.25,-80.24718995003211
225.0,281.25,-80.18397315743064
225.75,281.25,-81.71508593045687
226.5,281.25,-84.13380216469653
227.25,281.25,-84.4635824995101
228.0,281.25,-84.73568203958244
228.75,281.25,-85.22057989870106
229.5,281.25,-85.61269699547881
230.25,281.25,-85.65126325381762
231.0,281.25,-85.87447285718059
231.75,281.25,-85.70932722375441
232.5,281.25,-85.57138998347527
233.25,281.25,-87.49999999999999
234.0,281.25,-87.42122538293216
234.75,281.25,
235.5,281.25,
236.25,281.25,
237.0,281.25,
237.75,281.25,
238.5,281.25,
239.25,281.25,
240.0,281.25,-90.26367614879649
240.75,281.25,-90.5
241.5,281.25,-91.12775036322466
242.25,281.25,-91.52272840345611
243.0,281.25,-91.99497533285975
243.75,281.25,-92.43742769378066
244.5,281.25,-92.68030709060619
245.25,281.25,-92.58367963732528
246.0,281.25,-92.23894846209642
246.75,281.25,-92.02237622599404
247.5,281.25,-92.08064516129032
248.25,281.25,-92.28260869565217
249.0,281.25,-92.48507462686568
249.75,281.25,-92.99496697417982
250.5,281.25,-93.25406656862195
251.25,281.25,-93.0609756097561
252.0,281.25,-93.27167019027486
252.75,281.25,
253.5,281.25,
254.25,281.25,
255.0,281.25,
255.75,281.25,
256.5,281.25,
257.25,281.25,
258.0,281.25,
258.75,281.25,
123.0,282.0,
123.75,282.0,
124.5,282.0,
125.25,282.0,
126.0,282.0,
126.75,282.0,
127.5,282.0,
128.25,282.0,
129.0,282.0,
129.75,282.0,
130.5,282.0,
131.25,282.0,
132.0,282.0,
132.75,282.0,
133.5,282.0,
134.25,282.0,
135.0,282.0,
135.75,282.0,
136.5,282.0,
137.25,282.0,
138.0,282.0,
138.75,282.0,
139.5,282.0,
140.25,282.0,
141.0,282.0,
141.75,282.0,
142.5,282.0,
143.25,282.0,
144.0,282.0,
144.75,282.0,
145.5,282.0,
146.25,282.0,
147.0,282.0,
147.75,282.0,
148.5,282.0,
149.25,282.0,
150.0,282.0,
150.75,282.0,
151.5,282.0,
152.25,282.0,
153.0,282.0,
153.75,282.0,
154.5,282.0,
155.25,282.0,
156.0,282.0,
156.75,282.0,
157.5,282.0,
158.25,282.0,-88.05083399523433
159.0,282.0,-88.0677966101695
159.75,282.0,-89.33091915381208
160.5,282.0,-89.17790254758427
161.25,282.0,-89.21848020844585
162.0,282.0,-89.20458891013385
162.75,282.0,-89.2685747956624
163.5,282.0,-89.98783122086076
164.25,282.0,-91.81785384750938
165.0,282.0,-93.08213552361396
165.75,282.0,-92.54279392443676
166.5,282.0,-91.36303492846666
167.25,282.0,-91.27969646896018
168.0,282.0,-92.50312066574202
168.75,282.0,-93.73276387466646
169.5,282.0,-93.96448905350941
170.25,282.0,-93.93015254786069
171.0,282.0,-93.87966804979253
171.75,282.0,-93.72110517369296
172.5,282.0,-93.51123595505618
173.25,282.0,
174.0,282.0,
174.75,282.0,
175.5,282.0,
176.25,282.0,
177.0,282.0,
177.75,282.0,
178.5,282.0,
179.25,282.0,
180.0,282.0,
180.75,282.0,
181.5,282.0,
182.25,282.0,
183.0,282.0,
183.75,282.0,
184.5,282.0,
185.25,282.0,
186.0,282.0,
186.75,282.0,
187.5,282.0,
188.25,282.0,
189.0,282.0,
189.75,282.0,
190.5,282.0,
191.25,282.0,-93.46692111959288
192.0,282.0,-93.61111111111111
192.75,282.0,-93.79353233830845
193.5,282.0,-94.01515151515153
194.25,282.0,-94.2283950617284
195.0,282.0,-94.16666666666667
195.75,282.0,-93.10606060606062
196.5,282.0,-91.3888888888889
197.25,282.0,-90.74561403508771
198.0,282.0,-90.83333333333334
198.75,282.0,-91.06209150326798
199.5,282.0,-91.2719298245614
200.25,282.0,-89.7377495960881
201.0,282.0,-87.41304347826086
201.75,282.0,-88.86391820462792
202.5,282.0,-88.868501529052
203.25,282.0,-88.66117647058823
204.0,282.0,-89.41489361702128
204.75,282.0,-89.72026677662247
205.5,282.0,-90.83331271647698
206.25,282.0,-87.49646591047394
207.0,282.0,-87.34746152834406
207.75,282.0,-87.31764097127986
208.5,282.0,-87.12513664910624
209.25,282.0,-87.86282674867846
210.0,282.0,-88.99904397705545
210.75,282.0,-90.5382150725727
211.5,282.0,-90.04175159064754
212.25,282.0,-87.93329015247019
213.0,282.0,-86.69585253456222
213.75,282.0,-87.16395554345192
214.5,282.0,-86.11132179479581
215.25,282.0,-84.61050217802251
216.0,282.0,-85.78571428571429
216.75,282.0,-87.5128314292759
217.5,282.0,-87.43478384906521
218.25,282.0,-84.8378786971256
219.0,282.0,-80.81105610561055
219.75,282.0,-78.59459720949181
220.5,282.0,-79.74674632460611
221.25,282.0,-78.65987623934434
222.0,282.0,-77.60714285714286
222.75,282.0,-78.10524506298478
223.5,282.0,-79.02496580027359
224.25,282.0,-81.33508789850991
225.0,282.0,-82.89754098360653
225.75,282.0,-83.21882126232245
226.5,282.0,-83.56582229150429
227.25,282.0,-84.36312597287726
228.0,282.0,-84.55688336520078
228.75,282.0,-84.97558431501322
229.5,282.0,-85.25939401918447
230.25,282.0,-85.35468115667287
231.0,282.0,-85.69384574278588
231.75,282.0,-85.61314598300915
232.5,282.0,-86.80493808742354
233.25,282.0,-87.57877461706784
234.0,282.0,-87.49999999999999
234.75,282.0,
235.5,282.0,
236.25,282.0,
237.0,282.0,
237.75,282.0,
238.5,282.0,
239.25,282.0,
240.0,282.0,-90.5
240.75,282.0,-90.73632385120351
241.5,282.0,-91.31746978964642
242.25,282.0,-91.62246229478347
243.0,282.0,-91.94747682801236
243.75,282.0,-92.22382718644029
244.5,282.0,-92.36833192209991
245.25,282.0,-92.33725721012361
246.0,282.0,-92.196261682243
246.75,282.0,-92.24285714285715
247.5,282.0,-92.22727272727273
248.25,282.0,-92.52001601889825
249.0,282.0,-92.81407035175879
249.75,282.0,-93.1175172131507
250.5,282.0,-93.03246753246754
251.25,282.0,-93.29603399433428
252.0,282.0,-93.50000000000001
252.75,282.0,-93.64486921529175
253.5,282.0,
254.25,282.0,
255.0,282.0,
255.75,282.0,
256.5,282.0,
257.25,282.0,
258.0,282.0,
258.75,282.0,
123.0,282.75,
123.75,282.75,
124.5,282.75,
125.25,282.75,
126.0,282.75,
126.75,282.75,
127.5,282.75,
128.25,282.75,
129.0,282.75,
129.75,282.75,
130.5,282.75,
131.25,282.75,
132.0,282.75,
132.75,282.75,
133.5,282.75,
134.25,282.75,
135.0,282.75,
135.75,282.75,
136.5,282.75,
137.25,282.75,
138.0,282.75,
138.75,282.75,
139.5,282.75,
140.25,282.75,
141.0,282.75,
141.75,282.75,
142.5,282.75,
143.25,282.75,
144.0,282.75,
144.75,282.75,
145.5,282.75,
146.25,282.75,
147.0,282.75,
147.75,282.75,
148.5,282.75,
149.25,282.75,
150.0,282.75,
150.75,282.75,
151.5,282.75,
152.25,282.75,
153.0,282.75,
153.75,282.75,
154.5,282.75,
155.25,282.75,
156.0,282.75,
156.75,282.75,
157.5,282.75,-86.55828779599271
158.25,282.75,-86.57511737089202
159.0,282.75,-87.6985716264119
159.75,282.75,-88.91531017001007
160.5,282.75,-88.8564468618285
161.25,282.75,-88.83882096399168
162.0,282.75,-89.00629520790334
162.75,282.75,-89.45081461174986
163.5,282.75,-90.75583824732368
164.25,282.75,-93.54048483813382
165.0,282.75,-95.71038963130701
165.75,282.75,-94.04088718838398
166.5,282.75,-92.34047024018942
167.25,282.75,-92.21027625931892
168.0,282.75,-93.47038793922891
168.75,282.75,-94.86271549317325
169.5,282.75,-94.76818099704766
170.25,282.75,-94.26806116815244
171.0,282.75,-94.12162162162163
171.75,282.75,-93.8533834586466
172.5,282.75,-93.65068493150686
173.25,282.75,
174.0,282.75,
174.75,282.75,
175.5,282.75,
176.25,282.75,
177.0,282.75,
177.75,282.75,
178.5,282.75,
179.25,282.75,
180.0,282.75,
180.75,282.75,
181.5,282.75,
182.25,282.75,
183.0,282.75,
183.75,282.75,
184.5,282.75,
185.25,282.75,
186.0,282.75,
186.75,282.75,
187.5,282.75,
188.25,282.75,
189.0,282.75,
189.75,282.75,
190.5,282.75,
191.25,282.75,-93.505291005291
192.0,282.75,-93.67216117216118
192.75,282.75,-93.8978494623656
193.5,282.75,-94.20940170940172
194.25,282.75,-94.62121212121212
195.0,282.75,-94.92424242424244
195.75,282.75,-93.61111111111111
196.5,282.75,-90.5952380952381
197.25,282.75,-90.11904761904762
198.0,282.75,-90.52469135802468
198.75,282.75,-90.90579710144928
199.5,282.75,-90.06327395744148
200.25,282.75,-89.45568300312827
201.0,282.75,-88.75499502565157
201.75,282.75,-88.60083727874957
202.5,282.75,-88.62814139274688
203.25,282.75,-88.54140127388536
204.0,282.75,-89.36108918705602
204.75,282.75,-89.76757067619106
205.5,282.75,-88.97142194824407
206.25,282.75,-89.0730705095203
207.0,282.75,-88.0520907949828
207.75,282.75,-88.12444408867492
208.5,282.75,-87.69254815351977
209.25,282.75,-88.90973146129802
210.0,282.75,-90.81352605612625
210.75,282.75,-93.4074598289188
211.5,282.75,-92.63039123753673
212.25,282.75,-90.40567554725133
213.0,282.75,-88.71446889343937
213.75,282.75,-87.76109814618236
214.5,282.75,-86.39886856250625
215.25,282.75,-86.16087176249172
216.0,282.75,-87.45020263650213
216.75,282.75,-90.74624757677154
217.5,282.75,-89.90484084866095
218.25,282.75,-86.83390079023971
219.0,282.75,-82.71372767835334
219.75,282.75,-80.87396098060516
220.5,282.75,-79.52088796482072
221.25,282.75,-79.29447709648318
222.0,282.75,-78.0904111077701
222.75,282.75,-76.6647034358975
223.5,282.75,-78.03955129565585
224.25,282.75,-83.76107813733307
225.0,282.75,-87.54257438919997
225.75,282.75,-85.63542080543768
226.5,282.75,-84.01489714537914
227.25,282.75,-84.43661198152788
228.0,282.75,-84.49054951966589
228.75,282.75,-84.9324665288908
229.5,282.75,-85.0271077595394
230.25,282.75,-85.18866117862385
231.0,282.75,-86.6330314560443
231.75,282.75,-86.69727737391266
232.5,282.75,-86.71605364401239
233.25,282.75,
234.0,282.75,
234.75,282.75,
235.5,282.75,
236.25,282.75,
237.0,282.75,
237.75,282.75,
238.5,282.75,
239.25,282.75,
240.0,282.75,
240.75,282.75,
241.5,282.75,-91.41980448072641
242.25,282.75,-91.65471355552802
243.0,282.75,-91.88857298363946
243.75,282.75,-92.08114037951705
244.5,282.75,-92.19309946667421
245.25,282.75,-92.9074074074074
246.0,282.75,-92.6372549019608
246.75,282.75,-92.46296296296296
247.5,282.75,-92.64216798384484
248.25,282.75,-92.80750646953439
249.0,282.75,-93.07078985740527
249.75,282.75,-93.05371900826447
250.5,282.75,-93.36617100371748
251.25,282.75,-93.61464968152866
252.0,282.75,-93.78647214854111
252.75,282.75,
253.5,282.75,
254.25,282.75,
255.0,282.75,
255.75,282.75,
256.5,282.75,
257.25,282.75,
258.0,282.75,
258.75,282.75,
123.0,283.5,
123.75,283.5,
124.5,283.5,
125.25,283.5,
126.0,283.5,
126.75,283.5,
127.5,283.5,
128.25,283.5,
129.0,283.5,
129.75,283.5,
130.5,283.5,
131.25,283.5,
132.0,283.5,
132.75,283.5,
133.5,283.5,
134.25,283.5,
135.0,283.5,
135.75,283.5,
136.5,283.5,
137.25,283.5,
138.0,283.5,
138.75,283.5,
139.5,283.5,
140.25,283.5,
141.0,283.5,
141.75,283.5,
142.5,283.5,
143.25,283.5,
144.0,283.5,
144.75,283.5,
145.5,283.5,
146.25,283.5,
147.0,283.5,
147.75,283.5,
148.5,283.5,
149.25,283.5,
150.0,283.5,
150.75,283.5,
151.5,283.5,
152.25,283.5,
153.0,283.5,
153.75,283.5,
154.5,283.5,
155.25,283.5,
156.0,283.5,
156.75,283.5,
157.5,283.5,
158.25,283.5,-86.35081585081585
159.0,283.5,-86.30246913580245
159.75,283.5,-88.5911648035115
160.5,283.5,-88.40074133250931
161.25,283.5,-88.82591422732484
162.0,283.5,-88.48509613948244
162.75,283.5,-88.2996740251096
163.5,283.5,-89.66656328527274
164.25,283.5,-92.42723547677527
165.0,283.5,-94.60645524282634
165.75,283.5,-93.26422795700994
166.5,283.5,-92.15055709210628
167.25,283.5,-92.32155662862581
168.0,283.5,-93.50693532404003
168.75,283.5,-94.59001938541597
169.5,283.5,-94.69523144453314
170.25,283.5,-94.27098237933012
171.0,283.5,-94.19811320754717
171.75,283.5,-93.93344709897612
172.5,283.5,
173.25,283.5,
174.0,283.5,
174.75,283.5,
175.5,283.5,
176.25,283.5,
177.0,283.5,
177.75,283.5,
178.5,283.5,
179.25,283.5,
180.0,283.5,
180.75,283.5,
181.5,283.5,
182.25,283.5,
183.0,283.5,
183.75,283.5,
184.5,283.5,
185.25,283.5,
186.0,283.5,
186.75,283.5,
187.5,283.5,
188.25,283.5,
189.0,283.5,
189.75,283.5,
190.5,283.5,
191.25,283.5,-93.49737532808399
192.0,283.5,-93.65942028985508
192.75,283.5,-93.87566137566138
193.5,283.5,-94.16666666666667
194.25,283.5,-94.52898550724639
195.0,283.5,-94.72222222222223
195.75,283.5,-93.45238095238095
196.5,283.5,-90.83333333333334
197.25,283.5,-90.22264696766196
198.0,283.5,-90.3707451701932
198.75,283.5,-89.82937375656512
199.5,283.5,-89.22301671098012
200.25,283.5,-89.19523644094383
201.0,283.5,-87.46590121906047
201.75,283.5,-87.7332865451939
202.5,283.5,-87.74633436290695
203.25,283.5,-88.05732199589845
204.0,283.5,-88.3764627257137
204.75,283.5,-87.97699195312934
205.5,283.5,-89.27929393871712
206.25,283.5,-89.11075459216893
207.0,283.5,-89.14105146488596
207.75,283.5,-89.15508741681617
208.5,283.5,-88.97820679406281
209.25,283.5,-89.30057237478353
210.0,283.5,-90.21477007014809
210.75,283.5,-92.21965324859741
211.5,283.5,-91.57991411915965
212.25,283.5,-89.30066520046346
213.0,283.5,-87.75459301129342
213.75,283.5,-87.95917729260152
214.5,283.5,-86.56750731254904
215.25,283.5,-85.68235593702283
216.0,283.5,-86.56160032115201
216.75,283.5,-89.03448626298041
217.5,283.5,-88.28276025050218
218.25,283.5,-85.86066807257097
219.0,283.5,-83.59097913967929
219.75,283.5,-83.04875657831315
220.5,283.5,-81.1386929594426
221.25,283.5,-80.98937221355693
222.0,283.5,-79.76595229094471
222.75,283.5,-77.96674388149549
223.5,283.5,-79.30849532037438
224.25,283.5,-83.99310497959712
225.0,283.5,-86.81784575239199
225.75,283.5,-85.77246353117542
226.5,283.5,-84.46856316531375
227.25,283.5,-84.77881002589316
228.0,283.5,-84.69970856051924
228.75,283.5,-84.5118072422733
229.5,283.5,-85.52385430916553
230.25,283.5,-85.66508058916777
231.0,283.5,-86.6532258064516
231.75,283.5,-86.78973509933775
232.5,283.5,
233.25,283.5,
234.0,283.5,
234.75,283.5,
235.5,283.5,
236.25,283.5,
237.0,283.5,
237.75,283.5,
238.5,283.5,
239.25,283.5,
240.0,283.5,
240.75,283.5,
241.5,283.5,
242.25,283.5,-93.52649006622515
243.0,283.5,-93.43548387096774
243.75,283.5,-93.30582524271844
244.5,283.5,-93.13636363636364
245.25,283.5,-92.94303797468353
246.0,283.5,-92.76315789473684
246.75,283.5,-92.97163658652354
247.5,283.5,-93.01401988274282
248.25,283.5,-93.17946965608024
249.0,283.5,-93.16037735849056
249.75,283.5,-93.5
250.5,283.5,-93.79032258064517
251.25,283.5,-92.61404577719162
252.0,283.5,-92.47619047619047
252.75,283.5,-92.31506849315068
253.5,283.5,-91.9795918367347
254.25,283.5,-91.65903890160183
255.0,283.5,-91.38400000000001
255.75,283.5,
256.5,283.5,
257.25,283.5,
258.0,283.5,
258.75,283.5,
123.0,284.25,
123.75,284.25,
124.5,284.25,
125.25,284.25,
126.0,284.25,
126.75,284.25,
127.5,284.25,
128.25,284.25,
129.0,284.25,
129.75,284.25,
130.5,284.25,
131.25,284.25,
132.0,284.25,
132.75,284.25,
133.5,284.25,
134.25,284.25,
135.0,284.25,
135.75,284.25,
136.5,284.25,
137.25,284.25,
138.0,284.25,
138.75,284.25,
139.5,284.25,
140.25,284.25,
141.0,284.25,
141.75,284.25,
142.5,284.25,
143.25,284.25,
144.0,284.25,
144.75,284.25,
145.5,284.25,
146.25,284.25,
147.0,284.25,
147.75,284.25,
148.5,284.25,
149.25,284.25,
150.0,284.25,
150.75,284.25,
151.5,284.25,
152.25,284.25,
153.0,284.25,
153.75,284.25,
154.5,284.25,
155.25,284.25,
156.0,284.25,
156.75,284.25,
157.5,284.25,
158.25,284.25,-86.14444444444443
159.0,284.25,-86.03623188405797
159.75,284.25,-89.33084815603794
160.5,284.25,-88.96926804786268
161.25,284.25,-88.19953997917567
162.0,284.25,-87.13527230656449
162.75,284.25,-86.21674437397172
163.5,284.25,-87.21468641535647
164.25,284.25,-89.2738561898383
165.0,284.25,-89.73886238950122
165.75,284.25,-90.41020224376408
166.5,284.25,-91.04938144482693
167.25,284.25,-91.6328041653215
168.0,284.25,-92.59740217406143
168.75,284.25,-93.42000542928155
169.5,284.25,-93.83003349394056
170.25,284.25,-93.51791650454471
171.0,284.25,-94.1342412451362
171.75,284.25,-93.92011834319527
172.5,284.25,
173.25,284.25,
174.0,284.25,
174.75,284.25,
175.5,284.25,
176.25,284.25,
177.0,284.25,
177.75,284.25,
178.5,284.25,
179.25,284.25,
180.0,284.25,
180.75,284.25,
181.5,284.25,
182.25,284.25,
183.0,284.25,
183.75,284.25,
184.5,284.25,
185.25,284.25,
186.0,284.25,
186.75,284.25,
187.5,284.25,
188.25,284.25,
189.0,284.25,
189.75,284.25,
190.5,284.25,
191.25,284.25,-93.44527363184079
192.0,284.25,-93.57744107744107
192.75,284.25,-93.73809523809524
193.5,284.25,-93.91843971631205
194.25,284.25,-94.05555555555556
195.0,284.25,-93.90350877192982
195.75,284.25,-92.64604067503247
196.5,284.25,-91.2998682355117
197.25,284.25,-90.6463886349251
198.0,284.25,-90.00637498691886
198.75,284.25,-89.45359606459485
199.5,284.25,-88.25560842548767
200.25,284.25,-87.43294332111618
201.0,284.25,-87.11074207391853
201.75,284.25,-86.97444328537242
202.5,284.25,-87.06056494126754
203.25,284.25,-87.78783425384385
204.0,284.25,-88.31485755677978
204.75,284.25,-88.30271956665995
205.5,284.25,-88.55114741417488
206.25,284.25,-88.47433313420069
207.0,284.25,-89.32253037125689
207.75,284.25,-89.11961972571473
208.5,284.25,-89.50605954524416
209.25,284.25,-89.3198407792847
210.0,284.25,-88.16145321557845
210.75,284.25,-86.96696572302844
211.5,284.25,-87.02206195684816
212.25,284.25,-87.4200676367842
213.0,284.25,-87.72148129810384
213.75,284.25,-87.10742883368157
214.5,284.25,-85.80781174838059
215.25,284.25,-85.52606429784495
216.0,284.25,-83.56215261066215
216.75,284.25,-80.74149392200312
217.5,284.25,-81.06823256574783
218.25,284.25,-82.57041813151375
219.0,284.25,-83.33291911143395
219.75,284.25,-82.75848258555627
220.5,284.25,-82.65925343456503
221.25,284.25,-82.48579500525001
222.0,284.25,-83.16091232901066
222.75,284.25,-84.30146399075197
223.5,284.25,-84.1264096741242
224.25,284.25,-84.013329832354
225.0,284.25,-84.86925185244223
225.75,284.25,-84.79315071193098
226.5,284.25,-84.26399215921047
227.25,284.25,-83.82720800607724
228.0,284.25,-84.7203051665567
228.75,284.25,-84.7300267215399
229.5,284.25,-85.51425935033141
230.25,284.25,-86.8677758318739
231.0,284.25,-86.55645161290322
231.75,284.25,-86.68406593406593
232.5,284.25,
233.25,284.25,
234.0,284.25,
234.75,284.25,
235.5,284.25,
236.25,284.25,
237.0,284.25,
237.75,284.25,
238.5,284.25,
239.25,284.25,
240.0,284.25,
240.75,284.25,
241.5,284.25,
242.25,284.25,-93.45604395604396
243.0,284.25,-93.37096774193549
243.75,284.25,-93.26119402985076
244.5,284.25,-93.13025210084032
245.25,284.25,-92.9909090909091
246.0,284.25,-93.29535805568617
246.75,284.25,-93.2969765470472
247.5,284.25,-93.39186887172548
248.25,284.25,-93.33486238532112
249.0,284.25,-93.67224880382776
249.75,284.25,-92.91214980615902
250.5,284.25,-93.01898605970204
251.25,284.25,-92.96691592094689
252.0,284.25,-92.73746857881814
252.75,284.25,-92.44360902255639
253.5,284.25,-91.98293515358363
254.25,284.25,-91.5680473372781
255.0,284.25,-91.23940149625935
255.75,284.25,-91.0
256.5,284.25,
257.25,284.25,
258.0,284.25,
258.75,284.25,
123.0,285.0,
123.75,285.0,
124.5,285.0,
125.25,285.0,
126.0,285.0,
126.75,285.0,
127.5,285.0,
128.25,285.0,
129.0,285.0,
129.75,285.0,
130.5,285.0,
131.25,285.0,
132.0,285.0,
132.75,285.0,
133.5,285.0,
134.25,285.0,
135.0,285.0,
135.75,285.0,
136.5,285.0,
137.25,285.0,
138.0,285.0,
138.75,285.0,
139.5,285.0,
140.25,285.0,
141.0,285.0,
141.75,285.0,
142.5,285.0,
143.25,285.0,
144.0,285.0,
144.75,285.0,
145.5,285.0,
146.25,285.0,
147.0,285.0,
147.75,285.0,
148.5,285.0,
149.25,285.0,
150.0,285.0,
150.75,285.0,
151.5,285.0,
152.25,285.0,
153.0,285.0,
153.75,285.0,
154.5,285.0,
155.25,285.0,
156.0,285.0,
156.75,285.0,
157.5,285.0,
158.25,285.0,
159.0,285.0,-89.125
159.75,285.0,-89.49220807728612
160.5,285.0,-88.84212789776457
161.25,285.0,-87.82672901738597
162.0,285.0,-86.30881786676935
162.75,285.0,-84.69350734700807
163.5,285.0,-85.47052082751051
164.25,285.0,-88.0450326593358
165.0,285.0,-88.00000000000158
165.75,285.0,-88.79085202560645
166.5,285.0,-89.91763786018116
167.25,285.0,-90.76858116971067
168.0,285.0,-91.54457507186555
168.75,285.0,-92.16032973517699
169.5,285.0,-92.86265471686661
170.25,285.0,-92.79683435812025
171.0,285.0,-92.83333333333333
171.75,285.0,
172.5,285.0,
173.25,285.0,
174.0,285.0,
174.75,285.0,
175.5,285.0,
176.25,285.0,
177.0,285.0,
177.75,285.0,
178.5,285.0,
179.25,285.0,
180.0,285.0,
180.75,285.0,
181.5,285.0,
182.25,285.0,
183.0,285.0,
183.75,285.0,
184.5,285.0,
185.25,285.0,
186.0,285.0,
186.75,285.0,
187.5,285.0,
188.25,285.0,
189.0,285.0,
189.75,285.0,
190.5,285.0,
191.25,285.0,
192.0,285.0,-93.45238095238095
192.75,285.0,-93.54417670682732
193.5,285.0,-93.61111111111111
194.25,285.0,-93.58527131782945
195.0,285.0,-92.61538461538461
195.75,285.0,-91.9926871673723
196.5,285.0,-91.20466010088879
197.25,285.0,-90.5358625029765
198.0,285.0,-89.48881011425703
198.75,285.0,-88.37558753158623
199.5,285.0,-87.60954528442271
200.25,285.0,-87.0050811322272
201.0,285.0,-86.70967741935483
201.75,285.0,-86.48244677773151
202.5,285.0,-86.49188236353332
203.25,285.0,-87.2034436113466
204.0,285.0,-88.35569105691057
204.75,285.0,-88.96816393456105
205.5,285.0,-89.25283004995588
206.25,285.0,-88.90089203731317
207.0,285.0,-88.37037037037037
207.75,285.0,-88.90561131916489
208.5,285.0,-89.8832170539693
209.25,285.0,-90.22786640703544
210.0,285.0,-87.20901639344261
210.75,285.0,-84.30354458528008
211.5,285.0,-84.88543747502996
212.25,285.0,-86.92825153769948
213.0,285.0,-88.49999999999494
213.75,285.0,-86.52705599470494
214.5,285.0,-86.04351600732562
215.25,285.0,-86.27320673829
216.0,285.0,-82.26639344262294
216.75,285.0,-75.71866778163502
217.5,285.0,-77.09087066779374
218.25,285.0,-80.98884817848513
219.0,285.0,-82.73333333333333
219.75,285.0,-83.39551325941196
220.5,285.0,-82.79460554896109
221.25,285.0,-82.32784459831656
222.0,285.0,-84.98989898989899
222.75,285.0,-87.70761599899409
223.5,285.0,-86.98392648177425
224.25,285.0,-84.89431014755077
225.0,285.0,-84.7936507936508
225.75,285.0,-84.26969459898677
226.5,285.0,-84.00577756509915
227.25,285.0,-83.73318599667158
228.0,285.0,-84.24474347142892
228.75,285.0,-85.37516334737006
229.5,285.0,-86.17473118279568
230.25,285.0,-86.09946236559139
231.0,285.0,
231.75,285.0,
232.5,285.0,
233.25,285.0,
234.0,285.0,
234.75,285.0,
235.5,285.0,
236.25,285.0,
237.0,285.0,
237.75,285.0,
238.5,285.0,
239.25,285.0,
240.0,285.0,
240.75,285.0,
241.5,285.0,
242.25,285.0,
243.0,285.0,
243.75,285.0,
244.5,285.0,
245.25,285.0,
246.0,285.0,-93.10869565217392
246.75,285.0,-93.26393442622951
247.5,285.0,-93.5
248.25,285.0,-93.80901287553648
249.0,285.0,-93.06060606060606
249.75,285.0,-93.35106194652056
250.5,285.0,-93.52442368986732
251.25,285.0,-93.45185686872108
252.0,285.0,-93.18181818181817
252.75,285.0,-92.55675675675677
253.5,285.0,-91.9056603773585
254.25,285.0,-91.37354085603113
255.0,285.0,-91.0
255.75,285.0,-90.76059850374064
256.5,285.0,-90.616
257.25,285.0,
258.0,285.0,
258.75,285.0,
123.0,285.75,
123.75,285.75,
124.5,285.75,
125.25,285.75,
126.0,285.75,
126.75,285.75,
127.5,285.75,
128.25,285.75,
129.0,285.75,
129.75,285.75,
130.5,285.75,
131.25,285.75,
132.0,285.75,
132.75,285.75,
133.5,285.75,
134.25,285.75,
135.0,285.75,
135.75,285.75,
136.5,285.75,
137.25,285.75,
138.0,285.75,
138.75,285.75,
139.5,285.75,
140.25,285.75,
141.0,285.75,
141.75,285.75,
142.5,285.75,
143.25,285.75,
144.0,285.75,
144.75,285.75,
145.5,285.75,
146.25,285.75,
147.0,285.75,
147.75,285.75,
148.5,285.75,
149.25,285.75,
150.0,285.75,
150.75,285.75,
151.5,285.75,
152.25,285.75,
153.0,285.75,
153.75,285.75,
154.5,285.75,
155.25,285.75,
156.0,285.75,
156.75,285.75,
157.5,285.75,
158.25,285.75,-90.46111111111111
159.0,285.75,-90.06884057971016
159.75,285.75,-89.93984527277462
160.5,285.75,-89.37088217336647
161.25,285.75,-88.4598860467545
162.0,285.75,-87.15537410205846
162.75,285.75,-86.05742971172634
163.5,285.75,-86.66356635998415
164.25,285.75,-88.12657650245072
165.0,285.75,-88.55198088943514
165.75,285.75,-89.10288238352216
166.5,285.75,-89.40290308893276
167.25,285.75,-90.02324616166004
168.0,285.75,-90.5834690252241
168.75,285.75,-91.06383941892558
169.5,285.75,-91.89815450412144
170.25,285.75,-92.01337959513306
171.0,285.75,-92.57377049180329
171.75,285.75,-92.49222797927462
172.5,285.75,
173.25,285.75,
174.0,285.75,
174.75,285.75,
175.5,285.75,
176.25,285.75,
177.0,285.75,
177.75,285.75,
178.5,285.75,
179.25,285.75,
180.0,285.75,
180.75,285.75,
181.5,285.75,
182.25,285.75,
183.0,285.75,
183.75,285.75,
184.5,285.75,
185.25,285.75,
186.0,285.75,
186.75,285.75,
187.5,285.75,
188.25,285.75,
189.0,285.75,
189.75,285.75,
190.5,285.75,
191.25,285.75,
192.0,285.75,-93.31424936386769
192.75,285.75,-92.24831213769377
193.5,285.75,-92.37979533615835
194.25,285.75,-91.42443673422954
195.0,285.75,-91.23942289723946
195.75,285.75,-90.82472692068826
196.5,285.75,-90.06868496154765
197.25,285.75,-89.55906043639214
198.0,285.75,-88.57887688896888
198.75,285.75,-88.02252677363347
199.5,285.75,-86.99136844410751
200.25,285.75,-86.67796370600497
201.0,285.75,-86.3486941343739
201.75,285.75,-85.78238339204896
202.5,285.75,-85.32475042731373
203.25,285.75,-86.00097603609915
204.0,285.75,-88.4421713671402
204.75,285.75,-90.43199299954604
205.5,285.75,-90.68854617539277
206.25,285.75,-89.51601138154591
207.0,285.75,-88.2427404104019
207.75,285.75,-87.5123426308084
208.5,285.75,-87.74337343395086
209.25,285.75,-87.80680878375446
210.0,285.75,-86.284594801348
210.75,285.75,-84.48265233710146
211.5,285.75,-84.41160048668509
212.25,285.75,-84.90473915544861
213.0,285.75,-85.77824729916473
213.75,285.75,-85.22520029746323
214.5,285.75,-84.65601138172497
215.25,285.75,-84.36166554861316
216.0,285.75,-82.59598946118633
216.75,285.75,-79.72109693140243
217.5,285.75,-80.0713580069501
218.25,285.75,-82.05963939229557
219.0,285.75,-83.20958366383823
219.75,285.75,-82.27511871407145
220.5,285.75,-81.97878743917329
221.25,285.75,-81.84357496031856
222.0,285.75,-83.94691004545736
222.75,285.75,-86.00976235487066
223.5,285.75,-85.9915940021284
224.25,285.75,-84.68945988958227
225.0,285.75,-84.66654505335325
225.75,285.75,-84.40849449914649
226.5,285.75,-84.23831783929393
227.25,285.75,-84.38325984938442
228.0,285.75,-84.22901466834875
228.75,285.75,-86.81237285540331
229.5,285.75,-86.28090507726269
230.25,285.75,-86.19871794871794
231.0,285.75,
231.75,285.75,
232.5,285.75,
233.25,285.75,
234.0,285.75,
234.75,285.75,
235.5,285.75,
236.25,285.75,
237.0,285.75,
237.75,285.75,
238.5,285.75,
239.25,285.75,
240.0,285.75,
240.75,285.75,
241.5,285.75,
242.25,285.75,
243.0,285.75,
243.75,285.75,
244.5,285.75,
245.25,285.75,-93.2759336099585
246.0,285.75,-93.41022443890273
246.75,285.75,-93.60650887573964
247.5,285.75,-93.86860068259385
248.25,285.75,-92.98121283060807
249.0,285.75,-93.37645107794361
249.75,285.75,-93.80588085290022
250.5,285.75,-93.67463670928784
251.25,285.75,-93.68824863449072
252.0,285.75,-92.8953971876212
252.75,285.75,-91.6781479390175
253.5,285.75,-90.57250299867086
254.25,285.75,-89.79396092362346
255.0,285.75,-89.29169986740216
255.75,285.75,-88.9681123590023
256.5,285.75,-90.34096109839818
257.25,285.75,
258.0,285.75,
258.75,285.75,
123.0,286.5,
123.75,286.5,
124.5,286.5,
125.25,286.5,
126.0,286.5,
126.75,286.5,
127.5,286.5,
128.25,286.5,
129.0,286.5,
129.75,286.5,
130.5,286.5,
131.25,286.5,
132.0,286.5,
132.75,286.5,
133.5,286.5,
134.25,286.5,
135.0,286.5,
135.75,286.5,
136.5,286.5,
137.25,286.5,
138.0,286.5,
138.75,286.5,
139.5,286.5,
140.25,286.5,
141.0,286.5,
141.75,286.5,
142.5,286.5,
143.25,286.5,
144.0,286.5,
144.75,286.5,
145.5,286.5,
146.25,286.5,
147.0,286.5,
147.75,286.5,
148.5,286.5,
149.25,286.5,
150.0,286.5,
150.75,286.5,
151.5,286.5,
152.25,286.5,
153.0,286.5,
153.75,286.5,
154.5,286.5,
155.25,286.5,
156.0,286.5,
156.75,286.5,
157.5,286.5,
158.25,286.5,-91.20920745920745
159.0,286.5,-91.03395061728394
159.75,286.5,-90.22775144625821
160.5,286.5,-90.61814563679245
161.25,286.5,-89.98010051473521
162.0,286.5,-89.24043493729279
162.75,286.5,-88.77548758197747
163.5,286.5,-88.86532138286145
164.25,286.5,-89.14006695426015
165.0,286.5,-89.43624536275154
165.75,286.5,-89.5940152514711
166.5,286.5,-89.81555697823303
167.25,286.5,-90.04671654734335
168.0,286.5,-89.68019363771926
168.75,286.5,-90.09708324514672
169.5,286.5,-91.08720930232559
170.25,286.5,-90.70406134136482
171.0,286.5,-91.62337662337663
171.75,286.5,-91.74035989717225
172.5,286.5,
173.25,286.5,
174.0,286.5,
174.75,286.5,
175.5,286.5,
176.25,286.5,
177.0,286.5,
177.75,286.5,
178.5,286.5,
179.25,286.5,
180.0,286.5,
180.75,286.5,
181.5,286.5,
182.25,286.5,
183.0,286.5,
183.75,286.5,
184.5,286.5,
185.25,286.5,
186.0,286.5,
186.75,286.5,
187.5,286.5,
188.25,286.5,
189.0,286.5,
189.75,286.5,
190.5,286.5,
191.25,286.5,-91.96185567010309
192.0,286.5,-92.05445544554456
192.75,286.5,-91.61062636159429
193.5,286.5,-91.65950111539242
194.25,286.5,-90.40659790649306
195.0,286.5,-90.16730654687677
195.75,286.5,-89.60113523271264
196.5,286.5,-89.14144813181713
197.25,286.5,-88.62355335822362
198.0,286.5,-87.66503060114918
198.75,286.5,-86.23896797061212
199.5,286.5,-86.14656495572362
200.25,286.5,-85.85546514744108
201.0,286.5,-86.14105104991225
201.75,286.5,-85.3570156705647
202.5,286.5,-84.09664837161452
203.25,286.5,-84.15366838202924
204.0,286.5,-88.37685686519505
204.75,286.5,-93.26167387423341
205.5,286.5,-92.94624796573447
206.25,286.5,-90.24312021370822
207.0,286.5,-87.96275752773374
207.75,286.5,-86.23015503087194
208.5,286.5,-84.57103204642947
209.25,286.5,-83.84983886453439
210.0,286.5,-84.31817833614217
210.75,286.5,-83.81654721844782
211.5,286.5,-83.41393943094396
212.25,286.5,-82.52451355404177
213.0,286.5,-81.28885337594883
213.75,286.5,-82.69044012159644
214.5,286.5,-83.19275857858102
215.25,286.5,-83.11173561225728
216.0,286.5,-82.79883731767555
216.75,286.5,-83.27993390315862
217.5,286.5,-83.1467452300786
218.25,286.5,-83.43576370437265
219.0,286.5,-84.22248121016078
219.75,286.5,-82.9590018192756
220.5,286.5,-81.4158235747099
221.25,286.5,-81.20726606956401
222.0,286.5,-82.065403464256
222.75,286.5,-83.43021657831697
223.5,286.5,-84.02778296426303
224.25,286.5,-83.90992075123248
225.0,286.5,-83.34028766274703
225.75,286.5,-83.14376887947381
226.5,286.5,-84.07324643919863
227.25,286.5,-84.33420853177309
228.0,286.5,-87.03244815754138
228.75,286.5,-86.90945215043692
229.5,286.5,
230.25,286.5,
231.0,286.5,
231.75,286.5,
232.5,286.5,
233.25,286.5,
234.0,286.5,
234.75,286.5,
235.5,286.5,
236.25,286.5,
237.0,286.5,
237.75,286.5,
238.5,286.5,
239.25,286.5,
240.0,286.5,
240.75,286.5,
241.5,286.5,
242.25,286.5,
243.0,286.5,
243.75,286.5,
244.5,286.5,
245.25,286.5,-93.5
246.0,286.5,-93.65929203539824
246.75,286.5,-93.8701799485861
247.5,286.5,-94.12790697674419
248.25,286.5,-93.08407722415629
249.0,286.5,-93.55497349547863
249.75,286.5,-93.70609184629804
250.5,286.5,-94.50178189593728
251.25,286.5,-94.60274631790607
252.0,286.5,-93.35420098846787
252.75,286.5,-91.44995758352437
253.5,286.5,-90.04210526315788
254.25,286.5,-89.26165553583226
255.0,286.5,-88.83988568780414
255.75,286.5,-88.59551598400866
256.5,286.5,-88.44534600672307
257.25,286.5,
258.0,286.5,
258.75,286.5,
123.0,287.25,
123.75,287.25,
124.5,287.25,
125.25,287.25,
126.0,287.25,
126.75,287.25,
127.5,287.25,
128.25,287.25,
129.0,287.25,
129.75,287.25,
130.5,287.25,
131.25,287.25,
132.0,287.25,
132.75,287.25,
133.5,287.25,
134.25,287.25,
135.0,287.25,
135.75,287.25,
136.5,287.25,
137.25,287.25,
138.0,287.25,
138.75,287.25,
139.5,287.25,
140.25,287.25,
141.0,287.25,
141.75,287.25,
142.5,287.25,
143.25,287.25,
144.0,287.25,
144.75,287.25,
145.5,287.25,
146.25,287.25,
147.0,287.25,
147.75,287.25,
148.5,287.25,
149.25,287.25,
150.0,287.25,
150.75,287.25,
151.5,287.25,
152.25,287.25,
153.0,287.25,
153.75,287.25,
154.5,287.25,
155.25,287.25,
156.0,287.25,
156.75,287.25,
157.5,287.25,-91.96129326047358
158.25,287.25,-92.02230046948358
159.0,287.25,-92.11137071651089
159.75,287.25,-91.47131153027483
160.5,287.25,-91.70533685304977
161.25,287.25,-92.36549157251932
162.0,287.25,-92.30849219171652
162.75,287.25,-92.45113513020694
163.5,287.25,-92.03348581974929
164.25,287.25,-91.15481873609616
165.0,287.25,-90.48324437219469
165.75,287.25,-89.8536938981866
166.5,287.25,-89.37420863368563
167.25,287.25,-89.2112577641387
168.0,287.25,-89.4555652270916
168.75,287.25,-89.56356810586601
169.5,287.25,-89.36414466445409
170.25,287.25,-89.82768462774008
171.0,287.25,-90.7082066869301
171.75,287.25,-91.0
172.5,287.25,-91.188605108055
173.25,287.25,
174.0,287.25,
174.75,287.25,
175.5,287.25,
176.25,287.25,
177.0,287.25,
177.75,287.25,
178.5,287.25,
179.25,287.25,
180.0,287.25,
180.75,287.25,
181.5,287.25,
182.25,287.25,
183.0,287.25,
183.75,287.25,
184.5,287.25,
185.25,287.25,
186.0,287.25,
186.75,287.25,
187.5,287.25,
188.25,287.25,
189.0,287.25,
189.75,287.25,
190.5,287.25,
191.25,287.25,-91.26763485477177
192.0,287.25,-91.2206982543641
192.75,287.25,-91.16863905325445
193.5,287.25,-89.67406092136348
194.25,287.25,-89.48808671528927
195.0,287.25,-89.04207574656672
195.75,287.25,-88.78040016029263
196.5,287.25,-88.30190914324275
197.25,287.25,-87.71393288708354
198.0,287.25,-86.66468308034776
198.75,287.25,-85.68735984225418
199.5,287.25,-85.96345196779623
200.25,287.25,-86.3059508500474
201.0,287.25,-86.56834623238595
201.75,287.25,-85.56323598435178
202.5,287.25,-83.84188098816097
203.25,287.25,-83.55638422697884
204.0,287.25,-88.16352080087708
204.75,287.25,-94.10110452833074
205.5,287.25,-93.38696985234746
206.25,287.25,-89.93890304173036
207.0,287.25,-87.54794284829697
207.75,287.25,-85.73722375796187
208.5,287.25,-83.79874339771229
209.25,287.25,-83.21550242009128
210.0,287.25,-83.62364048301356
210.75,287.25,-83.49922911918489
211.5,287.25,-83.26694659594696
212.25,287.25,-81.81349351720648
213.0,287.25,-80.28099845986983
213.75,287.25,-81.85932024204274
214.5,287.25,-83.04134717545729
215.25,287.25,-82.99141246585008
216.0,287.25,-83.45082638997434
216.75,287.25,-83.89803882985701
217.5,287.25,-83.86374849277024
218.25,287.25,-83.76470011696298
219.0,287.25,-84.77791172519329
219.75,287.25,-82.92804358903385
220.5,287.25,-81.19319873042242
221.25,287.25,-80.97760249066891
222.0,287.25,-80.82658794665484
222.75,287.25,-81.62886194365615
223.5,287.25,-82.37451222000645
224.25,287.25,-82.76071894761385
225.0,287.25,-82.73788323257551
225.75,287.25,-82.81072840956608
226.5,287.25,-82.84179782484117
227.25,287.25,-88.0
228.0,287.25,-88.0
228.75,287.25,
229.5,287.25,
230.25,287.25,
231.0,287.25,
231.75,287.25,
232.5,287.25,
233.25,287.25,
234.0,287.25,
234.75,287.25,
235.5,287.25,
236.25,287.25,
237.0,287.25,
237.75,287.25,
238.5,287.25,
239.25,287.25,
240.0,287.25,
240.75,287.25,
241.5,287.25,
242.25,287.25,
243.0,287.25,
243.75,287.25,
244.5,287.25,
245.25,287.25,
246.0,287.25,
246.75,287.25,
247.5,287.25,-92.84109589041095
248.25,287.25,-93.16541353383458
249.0,287.25,-92.63292803154782
249.75,287.25,-93.58257042945269
250.5,287.25,-94.58273452111429
251.25,287.25,-94.76300913175822
252.0,287.25,-92.78165484129835
252.75,287.25,-90.29045284107299
253.5,287.25,-89.04890345957406
254.25,287.25,-88.60605188265002
255.0,287.25,-88.2806627883887
255.75,287.25,-88.1641939318926
256.5,287.25,-88.09979936877427
257.25,287.25,-85.80985915492958
258.0,287.25,
258.75,287.25,
123.0,288.0,
123.75,288.0,
124.5,288.0,
125.25,288.0,
126.0,288.0,
126.75,288.0,
127.5,288.0,
128.25,288.0,
129.0,288.0,
129.75,288.0,
130.5,288.0,
131.25,288.0,
132.0,288.0,
132.75,288.0,
133.5,288.0,
134.25,288.0,
135.0,288.0,
135.75,288.0,
136.5,288.0,
137.25,288.0,
138.0,288.0,
138.75,288.0,
139.5,288.0,
140.25,288.0,
141.0,288.0,
141.75,288.0,
142.5,288.0,
143.25,288.0,
144.0,288.0,
144.75,288.0,
145.5,288.0,
146.25,288.0,
147.0,288.0,
147.75,288.0,
148.5,288.0,
149.25,288.0,
150.0,288.0,
150.75,288.0,
151.5,288.0,
152.25,288.0,
153.0,288.0,
153.75,288.0,
154.5,288.0,
155.25,288.0,
156.0,288.0,
156.75,288.0,
157.5,288.0,
158.25,288.0,-92.80215419501135
159.0,288.0,-93.13095238095238
159.75,288.0,-93.61345381526104
160.5,288.0,-93.41763558012849
161.25,288.0,-93.94409109248409
162.0,288.0,-95.39095837097783
162.75,288.0,-96.42499403159287
163.5,288.0,-95.78939162450297
164.25,288.0,-93.57751857625824
165.0,288.0,-91.2653783342406
165.75,288.0,-89.61372164996865
166.5,288.0,-88.35464759812947
167.25,288.0,-88.0188774883848
168.0,288.0,-88.46963636363637
168.75,288.0,-88.99250597719859
169.5,288.0,-88.65791940018742
170.25,288.0,-89.42622950819673
171.0,288.0,-89.95652173913044
171.75,288.0,-90.35857461024499
172.5,288.0,
173.25,288.0,
174.0,288.0,
174.75,288.0,
175.5,288.0,
176.25,288.0,
177.0,288.0,
177.75,288.0,
178.5,288.0,
179.25,288.0,
180.0,288.0,
180.75,288.0,
181.5,288.0,
182.25,288.0,
183.0,288.0,
183.75,288.0,
184.5,288.0,
185.25,288.0,
186.0,288.0,
186.75,288.0,
187.5,288.0,
188.25,288.0,
189.0,288.0,
189.75,288.0,
190.5,288.0,
191.25,288.0,
192.0,288.0,-90.42307692307693
192.75,288.0,-90.23087818696884
193.5,288.0,-88.81784309666735
194.25,288.0,-89.03258714104298
195.0,288.0,-88.7889692994855
195.75,288.0,-88.43123308711782
196.5,288.0,-87.4745557295796
197.25,288.0,-86.59583375688712
198.0,288.0,-85.88128772635815
198.75,288.0,-85.1566231389107
199.5,288.0,-85.7059237789542
200.25,288.0,-87.00971343844344
201.0,288.0,-87.5525812619503
201.75,288.0,-86.00274177168933
202.5,288.0,-84.94485488426544
203.25,288.0,-84.84830298149069
204.0,288.0,-86.94444444444444
204.75,288.0,-90.0586622106634
205.5,288.0,-89.94519990046521
206.25,288.0,-88.17705981536307
207.0,288.0,-87.13552188552188
207.75,288.0,-86.46260783805542
208.5,288.0,-85.39475681055734
209.25,288.0,-84.52277263556016
210.0,288.0,-84.10714285714285
210.75,288.0,-83.365615190499
211.5,288.0,-82.95433611242584
212.25,288.0,-82.30773166489821
213.0,288.0,-82.07100396301188
213.75,288.0,-82.42955245425927
214.5,288.0,-82.91840377382546
215.25,288.0,-83.51182509463922
216.0,288.0,-84.19444444444443
216.75,288.0,-84.23361996601356
217.5,288.0,-84.25668137329477
218.25,288.0,-83.45684783471957
219.0,288.0,-82.99180327868854
219.75,288.0,-81.23350754746791
220.5,288.0,-79.44344880732629
221.25,288.0,-78.79499252727183
222.0,288.0,-79.36144578313252
222.75,288.0,-80.12186746420234
223.5,288.0,-81.07556368771668
224.25,288.0,-81.74576883406282
225.0,288.0,-81.87076944489549
225.75,288.0,-82.14300695589327
226.5,288.0,-83.45196353436184
227.25,288.0,-88.0
228.0,288.0,-88.0
228.75,288.0,
229.5,288.0,
230.25,288.0,
231.0,288.0,
231.75,288.0,
232.5,288.0,
233.25,288.0,
234.0,288.0,
234.75,288.0,
235.5,288.0,
236.25,288.0,
237.0,288.0,
237.75,288.0,
238.5,288.0,
239.25,288.0,
240.0,288.0,
240.75,288.0,
241.5,288.0,
242.25,288.0,
243.0,288.0,
243.75,288.0,
244.5,288.0,
245.25,288.0,
246.0,288.0,
246.75,288.0,
247.5,288.0,-92.61797752808988
248.25,288.0,-91.39604587123537
249.0,288.0,-91.95275590551181
249.75,288.0,-92.4912414370276
250.5,288.0,-93.08329257214729
251.25,288.0,-92.6572480283506
252.0,288.0,-90.35135135135135
252.75,288.0,-88.31424145724807
253.5,288.0,-87.82710038893572
254.25,288.0,-87.8551148281845
255.0,288.0,-87.92717464598786
255.75,288.0,-88.0008182390911
256.5,288.0,-87.74304757527005
257.25,288.0,-85.76016260162604
258.0,288.0,-85.7
258.75,288.0,
123.0,288.75,
123.75,288.75,
124.5,288.75,
125.25,288.75,
126.0,288.75,
126.75,288.75,
127.5,288.75,
128.25,288.75,
129.0,288.75,
129.75,288.75,
130.5,288.75,
131.25,288.75,
132.0,288.75,
132.75,288.75,
133.5,288.75,
134.25,288.75,
135.0,288.75,
135.75,288.75,
136.5,288.75,
137.25,288.75,
138.0,288.75,
138.75,288.75,
139.5,288.75,
140.25,288.75,
141.0,288.75,
141.75,288.75,
142.5,288.75,
143.25,288.75,
144.0,288.75,
144.75,288.75,
145.5,288.75,
146.25,288.75,
147.0,288.75,
147.75,288.75,
148.5,288.75,
149.25,288.75,
150.0,288.75,
150.75,288.75,
151.5,288.75,
152.25,288.75,
153.0,288.75,
153.75,288.75,
154.5,288.75,
155.25,288.75,
156.0,288.75,
156.75,288.75,
157.5,288.75,
158.25,288.75,
159.0,288.75,-93.95054200542006
159.75,288.75,-94.62943262411348
160.5,288.75,-94.63145906058891
161.25,288.75,-95.39731532524807
162.0,288.75,-97.24131322311274
162.75,288.75,-98.72319515179703
163.5,288.75,-98.2016164834769
164.25,288.75,-95.32076825288206
165.0,288.75,-91.86691067887443
165.75,288.75,-89.01393668464661
166.5,288.75,-87.35078673283002
167.25,288.75,-87.0782120318962
168.0,288.75,-87.71838056369342
168.75,288.75,-88.53709677419354
169.5,288.75,-88.23768658294746
170.25,288.75,-88.87845303867404
171.0,288.75,
171.75,288.75,
172.5,288.75,
173.25,288.75,
174.0,288.75,
174.75,288.75,
175.5,288.75,
176.25,288.75,
177.0,288.75,
177.75,288.75,
178.5,288.75,
179.25,288.75,
180.0,288.75,
180.75,288.75,
181.5,288.75,
182.25,288.75,
183.0,288.75,
183.75,288.75,
184.5,288.75,
185.25,288.75,
186.0,288.75,
186.75,288.75,
187.5,288.75,
188.25,288.75,
189.0,288.75,
189.75,288.75,
190.5,288.75,
191.25,288.75,
192.0,288.75,
192.75,288.75,
193.5,288.75,-88.76427918610806
194.25,288.75,-88.57343994857432
195.0,288.75,-88.34933998637354
195.75,288.75,-87.78110447604197
196.5,288.75,-87.40066087787253
197.25,288.75,-86.7255673656834
198.0,288.75,-85.48856341292004
198.75,288.75,-84.29209152624887
199.5,288.75,-84.91327261877537
200.25,288.75,-87.85994494601428
201.0,288.75,-89.7162693132252
201.75,288.75,-87.27844029714726
202.5,288.75,-84.18799698446516
203.25,288.75,-83.44737668032683
204.0,288.75,-85.32103303282909
204.75,288.75,-87.23063366031566
205.5,288.75,-87.34065101886681
206.25,288.75,-86.75858284393131
207.0,288.75,-86.09532897051467
207.75,288.75,-86.54968837936167
208.5,288.75,-86.73594680680227
209.25,288.75,-85.87524890924293
210.0,288.75,-84.70138409806653
210.75,288.75,-83.87578029288098
211.5,288.75,-83.19817340500244
212.25,288.75,-82.51965140749532
213.0,288.75,-82.525586424717
213.75,288.75,-82.77647058022687
214.5,288.75,-83.53965626349778
215.25,288.75,-84.23963277309359
216.0,288.75,-84.96096166630953
216.75,288.75,-85.79974244283906
217.5,288.75,-85.58511414141825
218.25,288.75,-83.73775606816773
219.0,288.75,-82.11264670701082
219.75,288.75,-79.4511015723215
220.5,288.75,-75.61091745168424
221.25,288.75,-74.64467904953476
222.0,288.75,-77.11552138105242
222.75,288.75,-78.75449852248973
223.5,288.75,-80.08420757280473
224.25,288.75,-80.94907714160621
225.0,288.75,-81.81600349623307
225.75,288.75,-82.39747134853846
226.5,288.75,-82.80416209201611
227.25,288.75,
228.0,288.75,
228.75,288.75,
229.5,288.75,
230.25,288.75,
231.0,288.75,
231.75,288.75,
232.5,288.75,
233.25,288.75,
234.0,288.75,
234.75,288.75,
235.5,288.75,
236.25,288.75,
237.0,288.75,
237.75,288.75,
238.5,288.75,
239.25,288.75,
240.0,288.75,
240.75,288.75,
241.5,288.75,
242.25,288.75,
243.0,288.75,
243.75,288.75,
244.5,288.75,
245.25,288.75,
246.0,288.75,
246.75,288.75,
247.5,288.75,-90.45531974965883
248.25,288.75,-90.69218427687372
249.0,288.75,-90.84196688578626
249.75,288.75,-91.01334033932748
250.5,288.75,-90.854141686212
251.25,288.75,-89.87850467289721
252.0,288.75,-88.16161355733786
252.75,288.75,-87.1053387473724
253.5,288.75,-87.12905576417664
254.25,288.75,-87.32244205214774
255.0,288.75,-87.49443794622248
255.75,288.75,-87.66449969252393
256.5,288.75,-87.82100714021423
257.25,288.75,-85.68181818181817
258.0,288.75,-85.6360544217687
258.75,288.75,
123.0,289.5,
123.75,289.5,
124.5,289.5,
125.25,289.5,
126.0,289.5,
126.75,289.5,
127.5,289.5,
128.25,289.5,
129.0,289.5,
129.75,289.5,
130.5,289.5,
131.25,289.5,
132.0,289.5,
132.75,289.5,
133.5,289.5,
134.25,289.5,
135.0,289.5,
135.75,289.5,
136.5,289.5,
137.25,289.5,
138.0,289.5,
138.75,289.5,
139.5,289.5,
140.25,289.5,
141.0,289.5,
141.75,289.5,
142.5,289.5,
143.25,289.5,
144.0,289.5,
144.75,289.5,
145.5,289.5,
146.25,289.5,
147.0,289.5,
147.75,289.5,
148.5,289.5,
149.25,289.5,
150.0,289.5,
150.75,289.5,
151.5,289.5,
152.25,289.5,
153.0,289.5,
153.75,289.5,
154.5,289.5,
155.25,289.5,
156.0,289.5,
156.75,289.5,
157.5,289.5,
158.25,289.5,
159.0,289.5,
159.75,289.5,-95.23348348348348
160.5,289.5,-96.14393939393939
161.25,289.5,-95.85957697914738
162.0,289.5,-97.32327494333217
162.75,289.5,-98.44623859468491
163.5,289.5,-97.99285229801076
164.25,289.5,-95.53170902807173
165.0,289.5,-92.18591372884124
165.75,289.5,-88.95640580186063
166.5,289.5,-87.4303616751269
167.25,289.5,-87.21092055175801
168.0,289.5,-87.58301696753698
168.75,289.5,-88.07843686332554
169.5,289.5,
170.25,289.5,
171.0,289.5,
171.75,289.5,
172.5,289.5,
173.25,289.5,
174.0,289.5,
174.75,289.5,
175.5,289.5,
176.25,289.5,
177.0,289.5,
177.75,289.5,
178.5,289.5,
179.25,289.5,
180.0,289.5,
180.75,289.5,
181.5,289.5,
182.25,289.5,
183.0,289.5,
183.75,289.5,
184.5,289.5,
185.25,289.5,
186.0,289.5,
186.75,289.5,
187.5,289.5,
188.25,289.5,
189.0,289.5,
189.75,289.5,
190.5,289.5,
191.25,289.5,
192.0,289.5,
192.75,289.5,-88.77740863787375
193.5,289.5,-88.09834136501178
194.25,289.5,-88.05116725991526
195.0,289.5,-88.02125244162409
195.75,289.5,-87.98755773490157
196.5,289.5,-87.70759936948795
197.25,289.5,-87.11897946935476
198.0,289.5,-85.96890234929438
198.75,289.5,-85.03643515802158
199.5,289.5,-85.61173184357543
200.25,289.5,-87.69850776739884
201.0,289.5,-89.00139832201356
201.75,289.5,-87.05951091043447
202.5,289.5,-84.34859302813945
203.25,289.5,-83.88142041307971
204.0,289.5,-84.9027389402739
204.75,289.5,-86.09954386061474
205.5,289.5,-86.8842980500679
206.25,289.5,-86.65315095915062
207.0,289.5,-86.279810810264
207.75,289.5,-87.05568846960409
208.5,289.5,-87.8072061269209
209.25,289.5,-87.30370830557233
210.0,289.5,-86.36483990482297
210.75,289.5,-85.02816864255303
211.5,289.5,-83.91532054182079
212.25,289.5,-83.30190903786006
213.0,289.5,-82.71617173152221
213.75,289.5,-83.23479910885423
214.5,289.5,-84.33355795148248
215.25,289.5,-85.10146515718193
216.0,289.5,-85.06443233250462
216.75,289.5,-85.50162776288921
217.5,289.5,-85.0415089578602
218.25,289.5,-83.81298492656796
219.0,289.5,-81.63111318118305
219.75,289.5,-78.94847433622573
220.5,289.5,-75.78754598930205
221.25,289.5,-75.03823844957333
222.0,289.5,-76.76384323250693
222.75,289.5,-78.53871242659424
223.5,289.5,-79.17545348467168
224.25,289.5,-80.08445026546809
225.0,289.5,-80.03797712686388
225.75,289.5,-80.51820989670328
226.5,289.5,-80.77777777777777
227.25,289.5,
228.0,289.5,
228.75,289.5,
229.5,289.5,
230.25,289.5,
231.0,289.5,
231.75,289.5,
232.5,289.5,
233.25,289.5,
234.0,289.5,
234.75,289.5,
235.5,289.5,
236.25,289.5,
237.0,289.5,
237.75,289.5,
238.5,289.5,
239.25,289.5,
240.0,289.5,
240.75,289.5,
241.5,289.5,
242.25,289.5,
243.0,289.5,
243.75,289.5,
244.5,289.5,
245.25,289.5,
246.0,289.5,
246.75,289.5,
247.5,289.5,-89.89196708009737
248.25,289.5,-89.93884585856517
249.0,289.5,-89.89739899159468
249.75,289.5,-89.69112554550155
250.5,289.5,-89.16938775510204
251.25,289.5,-88.65184436738522
252.0,289.5,-87.56077838180761
252.75,289.5,-87.04366982966856
253.5,289.5,-87.0156803237228
254.25,289.5,-87.25776502393879
255.0,289.5,-87.72571200701196
255.75,289.5,-87.39145603514403
256.5,289.5,-86.55502818154851
257.25,289.5,-86.64390879973669
258.0,289.5,-85.55714285714286
258.75,289.5,-85.54371584699453
123.0,290.25,
123.75,290.25,
124.5,290.25,
125.25,290.25,
126.0,290.25,
126.75,290.25,
127.5,290.25,
128.25,290.25,
129.0,290.25,
129.75,290.25,
130.5,290.25,
131.25,290.25,
132.0,290.25,
132.75,290.25,
133.5,290.25,
134.25,290.25,
135.0,290.25,
135.75,290.25,
136.5,290.25,
137.25,290.25,
138.0,290.25,
138.75,290.25,
139.5,290.25,
140.25,290.25,
141.0,290.25,
141.75,290.25,
142.5,290.25,
143.25,290.25,
144.0,290.25,
144.75,290.25,
145.5,290.25,
146.25,290.25,
147.0,290.25,
147.75,290.25,
148.5,290.25,
149.25,290.25,
150.0,290.25,
150.75,290.25,
151.5,290.25,
152.25,290.25,
153.0,290.25,
153.75,290.25,
154.5,290.25,
155.25,290.25,
156.0,290.25,
156.75,290.25,
157.5,290.25,
158.25,290.25,
159.0,290.25,
159.75,290.25,-98.46408839779005
160.5,290.25,-96.40875508139575
161.25,290.25,-96.16489657896157
162.0,290.25,-96.93347172770758
162.75,290.25,-96.990820988208
163.5,290.25,-96.49575482385525
164.25,290.25,-94.77221700899904
165.0,290.25,-92.35479550847276
165.75,290.25,-90.05879123635847
166.5,290.25,-88.73308662183585
167.25,290.25,-87.9212686647562
168.0,290.25,-88.05579399141631
168.75,290.25,-88.4140127388535
169.5,290.25,
170.25,290.25,
171.0,290.25,
171.75,290.25,
172.5,290.25,
173.25,290.25,
174.0,290.25,
174.75,290.25,
175.5,290.25,
176.25,290.25,
177.0,290.25,
177.75,290.25,
178.5,290.25,
179.25,290.25,
180.0,290.25,
180.75,290.25,
181.5,290.25,
182.25,290.25,
183.0,290.25,
183.75,290.25,
184.5,290.25,
185.25,290.25,
186.0,290.25,
186.75,290.25,
187.5,290.25,
188.25,290.25,
189.0,290.25,
189.75,290.25,
190.5,290.25,
191.25,290.25,
192.0,290.25,-88.9080118694362
192.75,290.25,-88.72
193.5,290.25,-88.1815301431912
194.25,290.25,-88.10420250776272
195.0,290.25,-88.06645659480655
195.75,290.25,-88.10192380130025
196.5,290.25,-88.0
197.25,290.25,-87.64683378553651
198.0,290.25,-87.25740396759026
198.75,290.25,-87.35610609940588
199.5,290.25,-86.97294565041022
200.25,290.25,-87.1395192695045
201.0,290.25,-87.62226087311689
201.75,290.25,-86.42587619175508
202.5,290.25,-84.6707098983601
203.25,290.25,-84.15898164276449
204.0,290.25,-85.23120462832675
204.75,290.25,-85.50308294811009
205.5,290.25,-86.57964693830863
206.25,290.25,-86.98267152203383
207.0,290.25,-87.28880285613609
207.75,290.25,-88.4523857237558
208.5,290.25,-90.17150779913652
209.25,290.25,-90.41485238899091
210.0,290.25,-88.91083311829676
210.75,290.25,-86.49706868408308
211.5,290.25,-85.3696539370526
212.25,290.25,-84.4841405812322
213.0,290.25,-84.4494945835044
213.75,290.25,-85.39115189004343
214.5,290.25,-86.91415223173753
215.25,290.25,-86.83976549392412
216.0,290.25,-85.40550021218516
216.75,290.25,-83.93234864910286
217.5,290.25,-83.9476571481887
218.25,290.25,-83.18478420123523
219.0,290.25,-81.54805867789747
219.75,290.25,-79.66199725690564
220.5,290.25,-77.75047042482318
221.25,290.25,-77.01523774060269
222.0,290.25,-77.78749536285514
222.75,290.25,-78.82716899998998
223.5,290.25,-78.98937343710189
224.25,290.25,-78.94709777851502
225.0,290.25,-79.59986763454526
225.75,290.25,-80.09231941193151
226.5,290.25,
227.25,290.25,
228.0,290.25,
228.75,290.25,
229.5,290.25,
230.25,290.25,
231.0,290.25,
231.75,290.25,
232.5,290.25,
233.25,290.25,
234.0,290.25,
234.75,290.25,
235.5,290.25,
236.25,290.25,
237.0,290.25,
237.75,290.25,
238.5,290.25,
239.25,290.25,
240.0,290.25,
240.75,290.25,
241.5,290.25,
242.25,290.25,
243.0,290.25,
243.75,290.25,
244.5,290.25,
245.25,290.25,
246.0,290.25,
246.75,290.25,
247.5,290.25,-89.35157872887635
248.25,290.25,-89.3762347478858
249.0,290.25,-89.16938338896905
249.75,290.25,-89.60943840758861
250.5,290.25,-88.89403209251324
251.25,290.25,-87.88550338005632
252.0,290.25,-86.67796799573193
252.75,290.25,-85.64730367624352
253.5,290.25,-85.83291810780726
254.25,290.25,-86.74888825668613
255.0,290.25,-87.5657216239307
255.75,290.25,-88.20323763816224
256.5,290.25,-88.01570334507966
257.25,290.25,-86.69374034810679
258.0,290.25,-86.76526246056885
258.75,290.25,-85.47802197802199
123.0,291.0,
123.75,291.0,
124.5,291.0,
125.25,291.0,
126.0,291.0,
126.75,291.0,
127.5,291.0,
128.25,291.0,
129.0,291.0,
129.75,291.0,
130.5,291.0,
131.25,291.0,
132.0,291.0,
132.75,291.0,
133.5,291.0,
134.25,291.0,
135.0,291.0,
135.75,291.0,
136.5,291.0,
137.25,291.0,
138.0,291.0,
138.75,291.0,
139.5,291.0,
140.25,291.0,
141.0,291.0,
141.75,291.0,
142.5,291.0,
143.25,291.0,
144.0,291.0,
144.75,291.0,
145.5,291.0,
146.25,291.0,
147.0,291.0,
147.75,291.0,
148.5,291.0,
149.25,291.0,
150.0,291.0,
150.75,291.0,
151.5,291.0,
152.25,291.0,
153.0,291.0,
153.75,291.0,
154.5,291.0,
155.25,291.0,
156.0,291.0,
156.75,291.0,
157.5,291.0,
158.25,291.0,
159.0,291.0,-98.23076923076923
159.75,291.0,-98.2917933130699
160.5,291.0,-98.36923076923077
161.25,291.0,-98.45933014354067
162.0,291.0,-97.1881051175657
162.75,291.0,-97.11039264867186
163.5,291.0,-96.59595959595958
164.25,291.0,-95.43653366716956
165.0,291.0,-93.66666666666666
165.75,291.0,-91.73673839165687
166.5,291.0,-90.2882075016874
167.25,291.0,-89.61031684313373
168.0,291.0,-88.76470588235294
168.75,291.0,
169.5,291.0,
170.25,291.0,
171.0,291.0,
171.75,291.0,
172.5,291.0,
173.25,291.0,
174.0,291.0,
174.75,291.0,
175.5,291.0,
176.25,291.0,
177.0,291.0,
177.75,291.0,
178.5,291.0,
179.25,291.0,
180.0,291.0,
180.75,291.0,
181.5,291.0,
182.25,291.0,
183.0,291.0,
183.75,291.0,
184.5,291.0,
185.25,291.0,
186.0,291.0,
186.75,291.0,
187.5,291.0,
188.25,291.0,
189.0,291.0,
189.75,291.0,
190.5,291.0,
191.25,291.0,
192.0,291.0,-88.94736842105262
192.75,291.0,-88.71995451167948
193.5,291.0,-88.23239086087605
194.25,291.0,-88.10688236142967
195.0,291.0,-88.00000000000031
195.75,291.0,-88.21050143048517
196.5,291.0,-88.53055667896652
197.25,291.0,-88.37193342635314
198.0,291.0,-87.99999999999999
198.75,291.0,-87.98833923642496
199.5,291.0,-87.57570914902115
200.25,291.0,-87.23110436422303
201.0,291.0,-87.9999999999965
201.75,291.0,-86.35477597934533
202.5,291.0,-84.36781691264792
203.25,291.0,-84.02879915245704
204.0,291.0,-84.25831485587584
204.75,291.0,-84.93350693733233
205.5,291.0,-86.86823753832697
206.25,291.0,-88.17361480663945
207.0,291.0,-89.05263157894734
207.75,291.0,-90.27610550165168
208.5,291.0,-91.58163620264374
209.25,291.0,-91.89133939418286
210.0,291.0,-90.61241610738256
210.75,291.0,-88.42459993559908
211.5,291.0,-87.01137197358769
212.25,291.0,-87.43542757389503
213.0,291.0,-87.375
213.75,291.0,-87.00740971297184
214.5,291.0,-87.73945912429646
215.25,291.0,-87.8833776584911
216.0,291.0,-85.6114457831325
216.75,291.0,-82.2828592846707
217.5,291.0,-82.54323925235076
218.25,291.0,-83.29478377244348
219.0,291.0,-82.24074074074073
219.75,291.0,-80.74648020619995
220.5,291.0,-79.24147992667953
221.25,291.0,-78.60647079139295
222.0,291.0,-78.24733753531841
222.75,291.0,-77.78582448771522
223.5,291.0,-76.20769230769231
224.25,291.0,-76.47872340425532
225.0,291.0,-76.6923076923077
225.75,291.0,
226.5,291.0,
227.25,291.0,
228.0,291.0,
228.75,291.0,
229.5,291.0,
230.25,291.0,
231.0,291.0,
231.75,291.0,
232.5,291.0,
233.25,291.0,
234.0,291.0,
234.75,291.0,
235.5,291.0,
236.25,291.0,
237.0,291.0,
237.75,291.0,
238.5,291.0,
239.25,291.0,
240.0,291.0,
240.75,291.0,
241.5,291.0,
242.25,291.0,
243.0,291.0,
243.75,291.0,
244.5,291.0,
245.25,291.0,
246.0,291.0,
246.75,291.0,
247.5,291.0,-89.14113527708572
248.25,291.0,-88.97154191218142
249.0,291.0,-89.8974358974359
249.75,291.0,-89.42381554798247
250.5,291.0,-88.73172727737712
251.25,291.0,-87.71820457849815
252.0,291.0,-86.15503875968993
252.75,291.0,-84.22063129629895
253.5,291.0,-84.75890627638114
254.25,291.0,-86.58582598299208
255.0,291.0,-87.73118279569891
255.75,291.0,-87.94811958726903
256.5,291.0,-88.37062581003518
257.25,291.0,-88.6697193360157
258.0,291.0,-86.84810126582279
258.75,291.0,
123.0,291.75,
123.75,291.75,
124.5,291.75,
125.25,291.75,
126.0,291.75,
126.75,291.75,
127.5,291.75,
128.25,291.75,
129.0,291.75,
129.75,291.75,
130.5,291.75,
131.25,291.75,
132.0,291.75,
132.75,291.75,
133.5,291.75,
134.25,291.75,
135.0,291.75,
135.75,291.75,
136.5,291.75,
137.25,291.75,
138.0,291.75,
138.75,291.75,
139.5,291.75,
140.25,291.75,
141.0,291.75,
141.75,291.75,
142.5,291.75,
143.25,291.75,
144.0,291.75,
144.75,291.75,
145.5,291.75,
146.25,291.75,
147.0,291.75,
147.75,291.75,
148.5,291.75,
149.25,291.75,
150.0,291.75,
150.75,291.75,
151.5,291.75,
152.25,291.75,
153.0,291.75,
153.75,291.75,
154.5,291.75,
155.25,291.75,
156.0,291.75,
156.75,291.75,
157.5,291.75,
158.25,291.75,-98.04743083003953
159.0,291.75,-98.05985037406482
159.75,291.75,-98.07643312101911
160.5,291.75,-98.09795918367347
161.25,291.75,-98.12371134020619
162.0,291.75,-96.68577006530059
162.75,291.75,-96.4622646398004
163.5,291.75,-96.0729942498322
164.25,291.75,-95.37426500464237
165.0,291.75,-94.3799531187537
165.75,291.75,-93.24965511708305
166.5,291.75,-92.26055043634504
167.25,291.75,-91.63823410728519
168.0,291.75,-90.69960451254995
168.75,291.75,
169.5,291.75,
170.25,291.75,
171.0,291.75,
171.75,291.75,
172.5,291.75,
173.25,291.75,
174.0,291.75,
174.75,291.75,
175.5,291.75,
176.25,291.75,
177.0,291.75,
177.75,291.75,
178.5,291.75,
179.25,291.75,
180.0,291.75,
180.75,291.75,
181.5,291.75,
182.25,291.75,
183.0,291.75,
183.75,291.75,
184.5,291.75,
185.25,291.75,
186.0,291.75,
186.75,291.75,
187.5,291.75,
188.25,291.75,
189.0,291.75,
189.75,291.75,
190.5,291.75,
191.25,291.75,-89.18781725888323
192.0,291.75,-88.96657459755728
192.75,291.75,-87.91872145351572
193.5,291.75,-88.07583480164931
194.25,291.75,-88.15461107354868
195.0,291.75,-88.26700824208932
195.75,291.75,-88.72456998121928
196.5,291.75,-89.45776980082289
197.25,291.75,-89.44700472670104
198.0,291.75,-88.6263202915323
198.75,291.75,-87.59565223064062
199.5,291.75,-87.0125711076851
200.25,291.75,-85.9333959983886
201.0,291.75,-85.78663565094496
201.75,291.75,-84.84783573135441
202.5,291.75,-84.29867288799261
203.25,291.75,-84.1661442674228
204.0,291.75,-84.20104505859001
204.75,291.75,-84.60343119097546
205.5,291.75,-85.36486718972175
206.25,291.75,-88.70161939751969
207.0,291.75,-89.26287148097373
207.75,291.75,-90.37049683816477
208.5,291.75,-91.29926339218116
209.25,291.75,-91.41150580159868
210.0,291.75,-90.62969782211087
210.75,291.75,-89.84402739445474
211.5,291.75,-88.10077496721269
212.25,291.75,-88.00988561023748
213.0,291.75,-87.79807601882182
213.75,291.75,-87.96976615973537
214.5,291.75,-88.3438921996229
215.25,291.75,-88.01120355806313
216.0,291.75,-86.4864965412632
216.75,291.75,-84.00776051827036
217.5,291.75,-83.44413462879946
218.25,291.75,-83.62806763621948
219.0,291.75,-83.29774497808086
219.75,291.75,-82.44864998655505
220.5,291.75,-80.52508993695147
221.25,291.75,-79.27640465976636
222.0,291.75,-79.08962377506298
222.75,291.75,-77.13779011892912
223.5,291.75,-76.26832844574781
224.25,291.75,-76.47560975609755
225.0,291.75,
225.75,291.75,
226.5,291.75,
227.25,291.75,
228.0,291.75,
228.75,291.75,
229.5,291.75,
230.25,291.75,
231.0,291.75,
231.75,291.75,
232.5,291.75,
233.25,291.75,
234.0,291.75,
234.75,291.75,
235.5,291.75,
236.25,291.75,
237.0,291.75,
237.75,291.75,
238.5,291.75,
239.25,291.75,
240.0,291.75,
240.75,291.75,
241.5,291.75,
242.25,291.75,
243.0,291.75,
243.75,291.75,
244.5,291.75,
245.25,291.75,
246.0,291.75,
246.75,291.75,
247.5,291.75,-89.44825109912723
248.25,291.75,-90.26722173273318
249.0,291.75,-89.99926253908204
249.75,291.75,-89.62414613339227
250.5,291.75,-89.10563396486882
251.25,291.75,-88.39529404591357
252.0,291.75,-87.42446943282216
252.75,291.75,-86.35219033276714
253.5,291.75,-86.63579425706708
254.25,291.75,-87.68812556512779
255.0,291.75,-88.14987478806559
255.75,291.75,-88.6003005391787
256.5,291.75,-88.90083364987977
257.25,291.75,-89.10559993885242
258.0,291.75,-89.24855546861919
258.75,291.75,-86.95604395604397
123.0,292.5,
123.75,292.5,
124.5,292.5,
125.25,292.5,
126.0,292.5,
126.75,292.5,
127.5,292.5,
128.25,292.5,
129.0,292.5,
129.75,292.5,
130.5,292.5,
131.25,292.5,
132.0,292.5,
132.75,292.5,
133.5,292.5,
134.25,292.5,
135.0,292.5,
135.75,292.5,
136.5,292.5,
137.25,292.5,
138.0,292.5,
138.75,292.5,
139.5,292.5,
140.25,292.5,
141.0,292.5,
141.75,292.5,
142.5,292.5,
143.25,292.5,
144.0,292.5,
144.75,292.5,
145.5,292.5,
146.25,292.5,
147.0,292.5,
147.75,292.5,
148.5,292.5,
149.25,292.5,
150.0,292.5,
150.75,292.5,
151.5,292.5,
152.25,292.5,
153.0,292.5,
153.75,292.5,
154.5,292.5,
155.25,292.5,
156.0,292.5,
156.75,292.5,
157.5,292.5,
158.25,292.5,-97.90569744597252
159.0,292.5,-97.88118811881189
159.75,292.5,-97.8485804416404
160.5,292.5,-97.80645161290323
161.25,292.5,-97.50273524490626
162.0,292.5,-97.47156589704429
162.75,292.5,-96.33692196973415
163.5,292.5,-96.08304180514256
164.25,292.5,-95.63513878286696
165.0,292.5,-94.99389239637662
165.75,292.5,-94.24194412185855
166.5,292.5,-93.52184118751676
167.25,292.5,-92.96752006809069
168.0,292.5,-91.4309861207242
168.75,292.5,-89.77707808564233
169.5,292.5,
170.25,292.5,
171.0,292.5,
171.75,292.5,
172.5,292.5,
173.25,292.5,
174.0,292.5,
174.75,292.5,
175.5,292.5,
176.25,292.5,
177.0,292.5,
177.75,292.5,
178.5,292.5,
179.25,292.5,
180.0,292.5,
180.75,292.5,
181.5,292.5,
182.25,292.5,
183.0,292.5,
183.75,292.5,
184.5,292.5,
185.25,292.5,
186.0,292.5,
186.75,292.5,
187.5,292.5,
188.25,292.5,
189.0,292.5,
189.75,292.5,
190.5,292.5,
191.25,292.5,-87.0613388427165
192.0,292.5,-87.49102125410337
192.75,292.5,-87.71671078154401
193.5,292.5,-87.98163051039012
194.25,292.5,-88.23805444750843
195.0,292.5,-88.63084371003826
195.75,292.5,-89.50456115607788
196.5,292.5,-90.90963182778394
197.25,292.5,-91.00370904879827
198.0,292.5,-88.9755928803214
198.75,292.5,-87.857760773235
199.5,292.5,-86.86224275514489
200.25,292.5,-83.24214695915978
201.0,292.5,-80.03428897830265
201.75,292.5,-81.87883673355692
202.5,292.5,-83.31479666829983
203.25,292.5,-83.8962983224252
204.0,292.5,-84.01172482182346
204.75,292.5,-84.54923159979732
205.5,292.5,-86.40399253102349
206.25,292.5,-87.85325963494826
207.0,292.5,-89.8153034889422
207.75,292.5,-90.8471668274198
208.5,292.5,-91.54098812731925
209.25,292.5,-91.43802248302066
210.0,292.5,-90.77209324025799
210.75,292.5,-89.8513637050198
211.5,292.5,-89.58161708619375
212.25,292.5,-88.09957545025847
213.0,292.5,-87.39427383174055
213.75,292.5,-88.28356663846053
214.5,292.5,-90.25026136957656
215.25,292.5,-90.8120194974979
216.0,292.5,-88.81529503974227
216.75,292.5,-86.73322232197262
217.5,292.5,-84.95059463137224
218.25,292.5,-84.46550548149865
219.0,292.5,-83.84330839567748
219.75,292.5,-83.1724371147893
220.5,292.5,-81.68774108258083
221.25,292.5,-79.92735231100049
222.0,292.5,-77.59007953279286
222.75,292.5,-77.53176767721058
223.5,292.5,
224.25,292.5,
225.0,292.5,
225.75,292.5,
226.5,292.5,
227.25,292.5,
228.0,292.5,
228.75,292.5,
229.5,292.5,
230.25,292.5,
231.0,292.5,
231.75,292.5,
232.5,292.5,
233.25,292.5,
234.0,292.5,
234.75,292.5,
235.5,292.5,
236.25,292.5,
237.0,292.5,
237.75,292.5,
238.5,292.5,
239.25,292.5,
240.0,292.5,
240.75,292.5,
241.5,292.5,
242.25,292.5,
243.0,292.5,
243.75,292.5,
244.5,292.5,
245.25,292.5,
246.0,292.5,
246.75,292.5,
247.5,292.5,-87.0952380952381
248.25,292.5,-89.65892690696232
249.0,292.5,-90.31245180674789
249.75,292.5,-90.10877693121199
250.5,292.5,-89.85374151526695
251.25,292.5,-89.56694297089517
252.0,292.5,-89.40202229663113
252.75,292.5,-89.63587959698425
253.5,292.5,-89.46495327102804
254.25,292.5,-89.24393543089747
255.0,292.5,-89.34319658555232
255.75,292.5,-89.47928494133664
256.5,292.5,-89.5742642837531
257.25,292.5,-89.63303447845135
258.0,292.5,-90.33071204272792
258.75,292.5,-87.08743169398907
123.0,293.25,
123.75,293.25,
124.5,293.25,
125.25,293.25,
126.0,293.25,
126.75,293.25,
127.5,293.25,
128.25,293.25,
129.0,293.25,
129.75,293.25,
130.5,293.25,
131.25,293.25,
132.0,293.25,
132.75,293.25,
133.5,293.25,
134.25,293.25,
135.0,293.25,
135.75,293.25,
136.5,293.25,
137.25,293.25,
138.0,293.25,
138.75,293.25,
139.5,293.25,
140.25,293.25,
141.0,293.25,
141.75,293.25,
142.5,293.25,
143.25,293.25,
144.0,293.25,
144.75,293.25,
145.5,293.25,
146.25,293.25,
147.0,293.25,
147.75,293.25,
148.5,293.25,
149.25,293.25,
150.0,293.25,
150.75,293.25,
151.5,293.25,
152.25,293.25,
153.0,293.25,
153.75,293.25,
154.5,293.25,
155.25,293.25,
156.0,293.25,
156.75,293.25,
157.5,293.25,
158.25,293.25,
159.0,293.25,-97.71764705882352
159.75,293.25,-97.64497041420118
160.5,293.25,-97.29899270639046
161.25,293.25,-97.24016675097242
162.0,293.25,-97.18000703527228
162.75,293.25,-97.13581913278219
163.5,293.25,-96.3744611617953
164.25,293.25,-96.0476889405033
165.0,293.25,-95.57026750664065
165.75,293.25,-95.0200639313525
166.5,293.25,-94.47253402550209
167.25,293.25,-93.09804678346453
168.0,293.25,-92.67947905802669
168.75,293.25,-90.86040609137055
169.5,293.25,-90.73240938166312
170.25,293.25,
171.0,293.25,
171.75,293.25,
172.5,293.25,
173.25,293.25,
174.0,293.25,
174.75,293.25,
175.5,293.25,
176.25,293.25,
177.0,293.25,
177.75,293.25,
178.5,293.25,
179.25,293.25,
180.0,293.25,
180.75,293.25,
181.5,293.25,
182.25,293.25,
183.0,293.25,
183.75,293.25,
184.5,293.25,
185.25,293.25,
186.0,293.25,
186.75,293.25,
187.5,293.25,
188.25,293.25,
189.0,293.25,
189.75,293.25,
190.5,293.25,-84.60377358490564
191.25,293.25,-86.61317285188899
192.0,293.25,-87.10810911454007
192.75,293.25,-87.31400653384547
193.5,293.25,-87.672580945435
194.25,293.25,-88.04465328065756
195.0,293.25,-88.63504524463326
195.75,293.25,-89.6366075864214
196.5,293.25,-91.15715598602252
197.25,293.25,-91.52102397156962
198.0,293.25,-89.12502402206509
198.75,293.25,-87.93428791663797
199.5,293.25,-87.13881559914104
200.25,293.25,-82.1340335782668
201.0,293.25,-78.42291598360005
201.75,293.25,-80.4769096846913
202.5,293.25,-82.37406779091692
203.25,293.25,-83.45425662295848
204.0,293.25,-83.897473241949
204.75,293.25,-85.69503662055845
205.5,293.25,-86.8705009419717
206.25,293.25,-88.94036437955813
207.0,293.25,-90.58063980583829
207.75,293.25,-91.60919171484089
208.5,293.25,-92.32005791241144
209.25,293.25,-92.01586351681587
210.0,293.25,-91.38036565921922
210.75,293.25,-90.36426822399841
211.5,293.25,-89.54893797656194
212.25,293.25,-88.25893892164757
213.0,293.25,-87.16980021025842
213.75,293.25,-88.5645760720503
214.5,293.25,-91.02457623451677
215.25,293.25,-91.63423389884592
216.0,293.25,-89.90624932477797
216.75,293.25,-88.19658538222548
217.5,293.25,-87.17045924513906
218.25,293.25,-85.21155836839112
219.0,293.25,-84.3368495153239
219.75,293.25,-83.63325761301702
220.5,293.25,-82.94309643602145
221.25,293.25,-77.51515151515152
222.0,293.25,-77.10432569974554
222.75,293.25,
223.5,293.25,
224.25,293.25,
225.0,293.25,
225.75,293.25,
226.5,293.25,
227.25,293.25,
228.0,293.25,
228.75,293.25,
229.5,293.25,
230.25,293.25,
231.0,293.25,
231.75,293.25,
232.5,293.25,
233.25,293.25,
234.0,293.25,
234.75,293.25,
235.5,293.25,
236.25,293.25,
237.0,293.25,
237.75,293.25,
238.5,293.25,
239.25,293.25,
240.0,293.25,
240.75,293.25,
241.5,293.25,
242.25,293.25,
243.0,293.25,
243.75,293.25,
244.5,293.25,
245.25,293.25,
246.0,293.25,
246.75,293.25,
247.5,293.25,-90.76908867364378
248.25,293.25,-90.79550040437543
249.0,293.25,-90.24396728734192
249.75,293.25,-90.36912632768258
250.5,293.25,-90.51926682704244
251.25,293.25,-90.65115866635138
252.0,293.25,-90.58527862364032
252.75,293.25,-90.14278985052128
253.5,293.25,-90.29958372716327
254.25,293.25,-90.64944687270338
255.0,293.25,-90.61591159346966
255.75,293.25,-90.46760305800578
256.5,293.25,-90.3241354735238
257.25,293.25,-90.81808826200133
258.0,293.25,-90.78579518729018
258.75,293.25,
123.0,294.0,
123.75,294.0,
124.5,294.0,
125.25,294.0,
126.0,294.0,
126.75,294.0,
127.5,294.0,
128.25,294.0,
129.0,294.0,
129.75,294.0,
130.5,294.0,
131.25,294.0,
132.0,294.0,
132.75,294.0,
133.5,294.0,
134.25,294.0,
135.0,294.0,
135.75,294.0,
136.5,294.0,
137.25,294.0,
138.0,294.0,
138.75,294.0,
139.5,294.0,
140.25,294.0,
141.0,294.0,
141.75,294.0,
142.5,294.0,
143.25,294.0,
144.0,294.0,
144.75,294.0,
145.5,294.0,
146.25,294.0,
147.0,294.0,
147.75,294.0,
148.5,294.0,
149.25,294.0,
150.0,294.0,
150.75,294.0,
151.5,294.0,
152.25,294.0,
153.0,294.0,
153.75,294.0,
154.5,294.0,
155.25,294.0,
156.0,294.0,
156.75,294.0,
157.5,294.0,
158.25,294.0,
159.0,294.0,
159.75,294.0,-97.49071618037135
160.5,294.0,-97.14605184124198
161.25,294.0,-97.08583465462804
162.0,294.0,-97.03597122302158
162.75,294.0,-97.00825839967483
163.5,294.0,-96.98957345971561
164.25,294.0,-96.40270431346586
165.0,294.0,-95.98185483870968
165.75,294.0,-95.5516209826388
166.5,294.0,-94.62248636326629
167.25,294.0,-94.12416638509008
168.0,294.0,-93.6774193548387
168.75,294.0,-93.31105772611534
169.5,294.0,-91.64876033057853
170.25,294.0,
171.0,294.0,
171.75,294.0,
172.5,294.0,
173.25,294.0,
174.0,294.0,
174.75,294.0,
175.5,294.0,
176.25,294.0,
177.0,294.0,
177.75,294.0,
178.5,294.0,
179.25,294.0,
180.0,294.0,
180.75,294.0,
181.5,294.0,
182.25,294.0,
183.0,294.0,
183.75,294.0,
184.5,294.0,
185.25,294.0,
186.0,294.0,
186.75,294.0,
187.5,294.0,
188.25,294.0,
189.0,294.0,
189.75,294.0,
190.5,294.0,-84.0
191.25,294.0,-86.52324945295405
192.0,294.0,-86.55681818181819
192.75,294.0,-86.65330188679245
193.5,294.0,-86.97015064162174
194.25,294.0,-87.39817434913301
195.0,294.0,-88.01540971718636
195.75,294.0,-88.81570379523437
196.5,294.0,-89.45809028658384
197.25,294.0,-89.55776581291272
198.0,294.0,-88.7120253164557
198.75,294.0,-87.695603285494
199.5,294.0,-86.44596419787929
200.25,294.0,-83.71411480876719
201.0,294.0,-81.38986406229378
201.75,294.0,-81.7584159560533
202.5,294.0,-82.44024735601076
203.25,294.0,-83.18542756338505
204.0,294.0,-84.53686635944702
204.75,294.0,-86.09188736108548
205.5,294.0,-87.95337687187809
206.25,294.0,-89.57455804342777
207.0,294.0,-92.01131911188506
207.75,294.0,-93.183249017307
208.5,294.0,-93.86327122020131
209.25,294.0,-93.53619355243963
210.0,294.0,-91.62643678160919
210.75,294.0,-89.81867397470965
211.5,294.0,-89.52901707027767
212.25,294.0,-89.59214614817328
213.0,294.0,-89.68415417558886
213.75,294.0,-89.64229372027077
214.5,294.0,-90.24064206987394
215.25,294.0,-90.48034978852131
216.0,294.0,-89.81147540983608
216.75,294.0,-88.72199000154386
217.5,294.0,-87.92150628502982
218.25,294.0,-87.43414117359448
219.0,294.0,-84.82088296054476
219.75,294.0,-84.15010622430268
220.5,294.0,-82.02670017276581
221.25,294.0,-77.84652278177458
222.0,294.0,-77.46666666666665
222.75,294.0,
223.5,294.0,
224.25,294.0,
225.0,294.0,
225.75,294.0,
226.5,294.0,
227.25,294.0,
228.0,294.0,
228.75,294.0,
229.5,294.0,
230.25,294.0,
231.0,294.0,
231.75,294.0,
232.5,294.0,
233.25,294.0,
234.0,294.0,
234.75,294.0,
235.5,294.0,
236.25,294.0,
237.0,294.0,
237.75,294.0,
238.5,294.0,
239.25,294.0,
240.0,294.0,
240.75,294.0,
241.5,294.0,
242.25,294.0,
243.0,294.0,
243.75,294.0,
244.5,294.0,
245.25,294.0,
246.0,294.0,
246.75,294.0,
247.5,294.0,-93.99999999999999
248.25,294.0,-91.2819033886085
249.0,294.0,-91.46268656716417
249.75,294.0,-91.19274920864747
250.5,294.0,-91.6442065491184
251.25,294.0,-92.23447759528283
252.0,294.0,-92.88513513513513
252.75,294.0,-93.31971299334246
253.5,294.0,-93.22280744732974
254.25,294.0,-92.67412085426538
255.0,294.0,-92.02385892116182
255.75,294.0,-91.47817942117496
256.5,294.0,-91.62331838565024
257.25,294.0,-91.39538855678907
258.0,294.0,-91.23404255319149
258.75,294.0,-94.0
123.0,294.75,
123.75,294.75,
124.5,294.75,
125.25,294.75,
126.0,294.75,
126.75,294.75,
127.5,294.75,
128.25,294.75,
129.0,294.75,
129.75,294.75,
130.5,294.75,
131.25,294.75,
132.0,294.75,
132.75,294.75,
133.5,294.75,
134.25,294.75,
135.0,294.75,
135.75,294.75,
136.5,294.75,
137.25,294.75,
138.0,294.75,
138.75,294.75,
139.5,294.75,
140.25,294.75,
141.0,294.75,
141.75,294.75,
142.5,294.75,
143.25,294.75,
144.0,294.75,
144.75,294.75,
145.5,294.75,
146.25,294.75,
147.0,294.75,
147.75,294.75,
148.5,294.75,
149.25,294.75,
150.0,294.75,
150.75,294.75,
151.5,294.75,
152.25,294.75,
153.0,294.75,
153.75,294.75,
154.5,294.75,
155.25,294.75,
156.0,294.75,
156.75,294.75,
157.5,294.75,
158.25,294.75,
159.0,294.75,
159.75,294.75,-96.75433526011561
160.5,294.75,-96.80039525691699
161.25,294.75,-96.85955056179775
162.0,294.75,-96.98810006263125
162.75,294.75,-96.99527761221401
163.5,294.75,-96.97721418664553
164.25,294.75,-96.85400276259683
165.0,294.75,-96.55479452054794
165.75,294.75,-95.61877472202325
166.5,294.75,-95.23806922919368
167.25,294.75,-94.8240385286522
168.0,294.75,-94.40192862689645
168.75,294.75,-96.36602870813398
169.5,294.75,
170.25,294.75,
171.0,294.75,
171.75,294.75,
172.5,294.75,
173.25,294.75,
174.0,294.75,
174.75,294.75,
175.5,294.75,
176.25,294.75,
177.0,294.75,
177.75,294.75,
178.5,294.75,
179.25,294.75,
180.0,294.75,
180.75,294.75,
181.5,294.75,
182.25,294.75,
183.0,294.75,
183.75,294.75,
184.5,294.75,
185.25,294.75,
186.0,294.75,
186.75,294.75,
187.5,294.75,
188.25,294.75,
189.0,294.75,
189.75,294.75,
190.5,294.75,-83.39622641509433
191.25,294.75,-84.58391842193247
192.0,294.75,-85.86112734305243
192.75,294.75,-85.73946197690901
193.5,294.75,-85.88524360584216
194.25,294.75,-86.0797521986494
195.0,294.75,-86.79964404376578
195.75,294.75,-87.79050697819909
196.5,294.75,-88.44431626323417
197.25,294.75,-88.44901898875048
198.0,294.75,-88.03464516710413
198.75,294.75,-87.60196536165301
199.5,294.75,-86.45155341576157
200.25,294.75,-84.94686088793281
201.0,294.75,-83.14807188802864
201.75,294.75,-82.95186556221431
202.5,294.75,-83.29230062882623
203.25,294.75,-83.30770420234936
204.0,294.75,-84.90076035273995
204.75,294.75,-86.9456069033615
205.5,294.75,-88.64313981963743
206.25,294.75,-90.11251796641562
207.0,294.75,-92.67402843218991
207.75,294.75,-93.99905459087117
208.5,294.75,-95.32004664663243
209.25,294.75,-95.57137034458161
210.0,294.75,-91.80965136710424
210.75,294.75,-88.41632727003281
211.5,294.75,-88.79806341771918
212.25,294.75,-90.66114532939018
213.0,294.75,-91.84614363923251
213.75,294.75,-91.14940211853084
214.5,294.75,-90.1851607046627
215.25,294.75,-89.92939388661378
216.0,294.75,-89.54351069540394
216.75,294.75,-89.0027419656294
217.5,294.75,-88.29919154951678
218.25,294.75,-87.8692940105621
219.0,294.75,-87.1328442006211
219.75,294.75,-83.39465367301368
220.5,294.75,-82.61236363636364
221.25,294.75,-78.06130268199233
222.0,294.75,
222.75,294.75,
223.5,294.75,
224.25,294.75,
225.0,294.75,
225.75,294.75,
226.5,294.75,
227.25,294.75,
228.0,294.75,
228.75,294.75,
229.5,294.75,
230.25,294.75,
231.0,294.75,
231.75,294.75,
232.5,294.75,
233.25,294.75,
234.0,294.75,
234.75,294.75,
235.5,294.75,
236.25,294.75,
237.0,294.75,
237.75,294.75,
238.5,294.75,
239.25,294.75,
240.0,294.75,
240.75,294.75,
241.5,294.75,
242.25,294.75,
243.0,294.75,
243.75,294.75,
244.5,294.75,
245.25,294.75,
246.0,294.75,
246.75,294.75,
247.5,294.75,-94.188605108055
248.25,294.75,-94.24870466321244
249.0,294.75,-92.01696553266783
249.75,294.75,-92.44706526546341
250.5,294.75,-93.08524491427741
251.25,294.75,-94.07938044530493
252.0,294.75,-95.48914194050599
252.75,294.75,-97.53886322682165
253.5,294.75,-96.96621329125988
254.25,294.75,-94.81614112350958
255.0,294.75,-93.6944562573358
255.75,294.75,-92.84236113392241
256.5,294.75,-92.28537169240485
257.25,294.75,-91.90521182856001
258.0,294.75,-94.22588235294118
258.75,294.75,
123.0,295.5,
123.75,295.5,
124.5,295.5,
125.25,295.5,
126.0,295.5,
126.75,295.5,
127.5,295.5,
128.25,295.5,
129.0,295.5,
129.75,295.5,
130.5,295.5,
131.25,295.5,
132.0,295.5,
132.75,295.5,
133.5,295.5,
134.25,295.5,
135.0,295.5,
135.75,295.5,
136.5,295.5,
137.25,295.5,
138.0,295.5,
138.75,295.5,
139.5,295.5,
140.25,295.5,
141.0,295.5,
141.75,295.5,
142.5,295.5,
143.25,295.5,
144.0,295.5,
144.75,295.5,
145.5,295.5,
146.25,295.5,
147.0,295.5,
147.75,295.5,
148.5,295.5,
149.25,295.5,
150.0,295.5,
150.75,295.5,
151.5,295.5,
152.25,295.5,
153.0,295.5,
153.75,295.5,
154.5,295.5,
155.25,295.5,
156.0,295.5,
156.75,295.5,
157.5,295.5,
158.25,295.5,
159.0,295.5,
159.75,295.5,-96.73384615384616
160.5,295.5,-96.77586206896551
161.25,295.5,-96.83121019108282
162.0,295.5,-96.89999999999999
162.75,295.5,-96.95901639344262
163.5,295.5,-96.89999999999999
164.25,295.5,-96.6081081081081
165.0,295.5,-96.34615384615384
165.75,295.5,-96.26470588235293
166.5,295.5,-96.26470588235293
167.25,295.5,-96.28536585365855
168.0,295.5,-96.30821917808218
168.75,295.5,-96.32871536523929
169.5,295.5,
170.25,295.5,
171.0,295.5,
171.75,295.5,
172.5,295.5,
173.25,295.5,
174.0,295.5,
174.75,295.5,
175.5,295.5,
176.25,295.5,
177.0,295.5,
177.75,295.5,
178.5,295.5,
179.25,295.5,
180.0,295.5,
180.75,295.5,
181.5,295.5,
182.25,295.5,
183.0,295.5,
183.75,295.5,
184.5,295.5,
185.25,295.5,
186.0,295.5,
186.75,295.5,
187.5,295.5,
188.25,295.5,
189.0,295.5,
189.75,295.5,-78.06490872210952
190.5,295.5,-78.30188679245283
191.25,295.5,-82.32219100343657
192.0,295.5,-83.82095712527924
192.75,295.5,-84.5212821395902
193.5,295.5,-84.75894042571414
194.25,295.5,-84.48217625409629
195.0,295.5,-84.77740135745049
195.75,295.5,-86.25010680462746
196.5,295.5,-87.93602157095953
197.25,295.5,-88.17520844867363
198.0,295.5,-87.67501955267188
198.75,295.5,-86.9643767960641
199.5,295.5,-86.69763780947105
200.25,295.5,-85.7264288922166
201.0,295.5,-84.58119608346269
201.75,295.5,-83.85270363987804
202.5,295.5,-83.87436014144508
203.25,295.5,-84.61376144067572
204.0,295.5,-85.5866209970529
204.75,295.5,-86.70916267849412
205.5,295.5,-89.07189599283907
206.25,295.5,-90.75092452581973
207.0,295.5,-94.05585605475218
207.75,295.5,-94.23546037007334
208.5,295.5,-95.14350663408902
209.25,295.5,-95.09145153393625
210.0,295.5,-91.82303575881815
210.75,295.5,-88.88432436578779
211.5,295.5,-89.11471812888
212.25,295.5,-90.72555627748419
213.0,295.5,-91.63879362858074
213.75,295.5,-91.27231016882745
214.5,295.5,-90.23305625009692
215.25,295.5,-89.78904287704047
216.0,295.5,-89.4286560537172
216.75,295.5,-89.04521594052818
217.5,295.5,-88.72995780590719
218.25,295.5,-88.37918589940189
219.0,295.5,-87.21505376344085
219.75,295.5,-86.91169977924943
220.5,295.5,
221.25,295.5,
222.0,295.5,
222.75,295.5,
223.5,295.5,
224.25,295.5,
225.0,295.5,
225.75,295.5,
226.5,295.5,
227.25,295.5,
228.0,295.5,
228.75,295.5,
229.5,295.5,
230.25,295.5,
231.0,295.5,
231.75,295.5,
232.5,295.5,
233.25,295.5,
234.0,295.5,
234.75,295.5,
235.5,295.5,
236.25,295.5,
237.0,295.5,
237.75,295.5,
238.5,295.5,
239.25,295.5,
240.0,295.5,
240.75,295.5,
241.5,295.5,
242.25,295.5,
243.0,295.5,
243.75,295.5,
244.5,295.5,
245.25,295.5,
246.0,295.5,
246.75,295.5,
247.5,295.5,
248.25,295.5,-94.46489104116223
249.0,295.5,-94.62337662337661
249.75,295.5,-92.95607749117957
250.5,295.5,-93.6981616075246
251.25,295.5,-94.77198082721672
252.0,295.5,-96.21087314662273
252.75,295.5,-97.42583321413244
253.5,295.5,-97.1311754684838
254.25,295.5,-95.70410137525927
255.0,295.5,-94.37039380041118
255.75,295.5,-93.41975274649631
256.5,295.5,-92.76286579212915
257.25,295.5,-94.56304985337242
258.0,295.5,-94.42477876106194
258.75,295.5,
123.0,296.25,
123.75,296.25,
124.5,296.25,
125.25,296.25,
126.0,296.25,
126.75,296.25,
127.5,296.25,
128.25,296.25,
129.0,296.25,
129.75,296.25,
130.5,296.25,
131.25,296.25,
132.0,296.25,
132.75,296.25,
133.5,296.25,
134.25,296.25,
135.0,296.25,
135.75,296.25,
136.5,296.25,
137.25,296.25,
138.0,296.25,
138.75,296.25,
139.5,296.25,
140.25,296.25,
141.0,296.25,
141.75,296.25,
142.5,296.25,
143.25,296.25,
144.0,296.25,
144.75,296.25,
145.5,296.25,
146.25,296.25,
147.0,296.25,
147.75,296.25,
148.5,296.25,
149.25,296.25,
150.0,296.25,
150.75,296.25,
151.5,296.25,
152.25,296.25,
153.0,296.25,
153.75,296.25,
154.5,296.25,
155.25,296.25,
156.0,296.25,
156.75,296.25,
157.5,296.25,
158.25,296.25,
159.0,296.25,
159.75,296.25,-96.69875776397515
160.5,296.25,-96.72707423580785
161.25,296.25,-96.75974025974027
162.0,296.25,-96.78865979381442
162.75,296.25,-96.77586206896551
163.5,296.25,-96.6081081081081
164.25,296.25,-96.26470588235293
165.0,296.25,-96.09183673469389
165.75,296.25,-96.10975609756096
166.5,296.25,-96.16917293233082
167.25,296.25,-96.22277227722772
168.0,296.25,-96.26470588235293
168.75,296.25,-96.29695431472082
169.5,296.25,
170.25,296.25,
171.0,296.25,
171.75,296.25,
172.5,296.25,
173.25,296.25,
174.0,296.25,
174.75,296.25,
175.5,296.25,
176.25,296.25,
177.0,296.25,
177.75,296.25,
178.5,296.25,
179.25,296.25,
180.0,296.25,
180.75,296.25,
181.5,296.25,
182.25,296.25,
183.0,296.25,
183.75,296.25,
184.5,296.25,
185.25,296.25,
186.0,296.25,
186.75,296.25,
187.5,296.25,
188.25,296.25,
189.0,296.25,
189.75,296.25,-77.8468899521531
190.5,296.25,-78.0916905444126
191.25,296.25,-80.48560589261784
192.0,296.25,-83.55007903796434
192.75,296.25,-83.7230825712551
193.5,296.25,-83.02331230770854
194.25,296.25,-81.91393235144777
195.0,296.25,-81.39662048452085
195.75,296.25,-83.09124016181032
196.5,296.25,-85.71966624094891
197.25,296.25,-86.3560353990747
198.0,296.25,-86.21575012389737
198.75,296.25,-85.67146022667576
199.5,296.25,-86.04769047896102
200.25,296.25,-85.4476982950077
201.0,296.25,-85.25549557155368
201.75,296.25,-84.87799335342538
202.5,296.25,-83.92224781622755
203.25,296.25,-85.1553840071598
204.0,296.25,-85.69546235312544
204.75,296.25,-86.96101445703262
205.5,296.25,-88.82202551217965
206.25,296.25,-93.51832048179209
207.0,296.25,-93.83065151822674
207.75,296.25,-94.0165885322755
208.5,296.25,-93.93030934026716
209.25,296.25,-93.4331704253366
210.0,296.25,-91.74167353208652
210.75,296.25,-90.27967066440038
211.5,296.25,-90.09311248849605
212.25,296.25,-90.55395425135876
213.0,296.25,-90.98161261286772
213.75,296.25,-90.96256826653666
214.5,296.25,-90.7811742567642
215.25,296.25,-89.67959552889566
216.0,296.25,-89.36332630176042
216.75,296.25,-89.05816281230275
217.5,296.25,-88.85148477019946
218.25,296.25,-89.0402802101576
219.0,296.25,-87.43010752688173
219.75,296.25,-87.14652014652015
220.5,296.25,
221.25,296.25,
222.0,296.25,
222.75,296.25,
223.5,296.25,
224.25,296.25,
225.0,296.25,
225.75,296.25,
226.5,296.25,
227.25,296.25,
228.0,296.25,
228.75,296.25,
229.5,296.25,
230.25,296.25,
231.0,296.25,
231.75,296.25,
232.5,296.25,
233.25,296.25,
234.0,296.25,
234.75,296.25,
235.5,296.25,
236.25,296.25,
237.0,296.25,
237.75,296.25,
238.5,296.25,
239.25,296.25,
240.0,296.25,
240.75,296.25,
241.5,296.25,
242.25,296.25,
243.0,296.25,
243.75,296.25,
244.5,296.25,
245.25,296.25,
246.0,296.25,
246.75,296.25,
247.5,296.25,
248.25,296.25,-94.6288209606987
249.0,296.25,-94.81586402266288
249.75,296.25,-95.0827067669173
250.5,296.25,-93.90017789196001
251.25,296.25,-94.75949049066654
252.0,296.25,-95.69015126232331
252.75,296.25,-96.3106796116505
253.5,296.25,-96.17212639742066
254.25,296.25,-95.38906356357978
255.0,296.25,-94.45547513730793
255.75,296.25,-93.65310468660829
256.5,296.25,-94.98293515358363
257.25,296.25,-94.7461139896373
258.0,296.25,-94.579476861167
258.75,296.25,
123.0,297.0,
123.75,297.0,
124.5,297.0,
125.25,297.0,
126.0,297.0,
126.75,297.0,
127.5,297.0,
128.25,297.0,
129.0,297.0,
129.75,297.0,
130.5,297.0,
131.25,297.0,
132.0,297.0,
132.75,297.0,
133.5,297.0,
134.25,297.0,
135.0,297.0,
135.75,297.0,
136.5,297.0,
137.25,297.0,
138.0,297.0,
138.75,297.0,
139.5,297.0,
140.25,297.0,
141.0,297.0,
141.75,297.0,
142.5,297.0,
143.25,297.0,
144.0,297.0,
144.75,297.0,
145.5,297.0,
146.25,297.0,
147.0,297.0,
147.75,297.0,
148.5,297.0,
149.25,297.0,
150.0,297.0,
150.75,297.0,
151.5,297.0,
152.25,297.0,
153.0,297.0,
153.75,297.0,
154.5,297.0,
155.25,297.0,
156.0,297.0,
156.75,297.0,
157.5,297.0,
158.25,297.0,
159.0,297.0,
159.75,297.0,-96.65430267062314
160.5,297.0,-96.6639344262295
161.25,297.0,-96.66568047337279
162.0,297.0,-96.64285714285715
162.75,297.0,-96.55479452054794
163.5,297.0,-96.34615384615384
164.25,297.0,-96.09183673469389
165.0,297.0,-96.00000000000013
165.75,297.0,-96.04639175257732
166.5,297.0,-96.12162162162163
167.25,297.0,-96.18663594470047
168.0,297.0,-96.23684210526315
168.75,297.0,
169.5,297.0,
170.25,297.0,
171.0,297.0,
171.75,297.0,
172.5,297.0,
173.25,297.0,
174.0,297.0,
174.75,297.0,
175.5,297.0,
176.25,297.0,
177.0,297.0,
177.75,297.0,
178.5,297.0,
179.25,297.0,
180.0,297.0,
180.75,297.0,
181.5,297.0,
182.25,297.0,
183.0,297.0,
183.75,297.0,
184.5,297.0,
185.25,297.0,
186.0,297.0,
186.75,297.0,
187.5,297.0,
188.25,297.0,
189.0,297.0,
189.75,297.0,-77.5567867036011
190.5,297.0,-77.78082191780823
191.25,297.0,-80.90103463632377
192.0,297.0,-82.20037252876955
192.75,297.0,-82.36774413342887
193.5,297.0,-81.84566270265759
194.25,297.0,-80.7845747860612
195.0,297.0,-80.00000000000202
195.75,297.0,-81.36088057096411
196.5,297.0,-83.82010905061232
197.25,297.0,-85.26466949266926
198.0,297.0,-84.74306243805748
198.75,297.0,-84.61874658747033
199.5,297.0,-84.32261591590174
200.25,297.0,-83.97222409979425
201.0,297.0,-84.08333333333333
201.75,297.0,-83.83560918029269
202.5,297.0,-83.53272953662804
203.25,297.0,-81.82086167800453
204.0,297.0,-86.33333333333333
204.75,297.0,-88.38129496402878
205.5,297.0,-93.42574257425743
206.25,297.0,-93.57377049180327
207.0,297.0,-93.71428571428571
207.75,297.0,-93.58649991546083
208.5,297.0,-93.47271864621223
209.25,297.0,-92.52883547924141
210.0,297.0,-91.61309523809524
210.75,297.0,-90.85962518558335
211.5,297.0,-90.5851844243507
212.25,297.0,-90.69169577583868
213.0,297.0,-90.86046511627907
213.75,297.0,-90.92050857403531
214.5,297.0,-90.90119119062068
215.25,297.0,-90.42244273257428
216.0,297.0,-90.39256026600167
216.75,297.0,-90.82114647500796
217.5,297.0,-91.99999999999999
218.25,297.0,-92.00000000000001
219.0,297.0,
219.75,297.0,
220.5,297.0,
221.25,297.0,
222.0,297.0,
222.75,297.0,
223.5,297.0,
224.25,297.0,
225.0,297.0,
225.75,297.0,
226.5,297.0,
227.25,297.0,
228.0,297.0,
228.75,297.0,
229.5,297.0,
230.25,297.0,
231.0,297.0,
231.75,297.0,
232.5,297.0,
233.25,297.0,
234.0,297.0,
234.75,297.0,
235.5,297.0,
236.25,297.0,
237.0,297.0,
237.75,297.0,
238.5,297.0,
239.25,297.0,
240.0,297.0,
240.75,297.0,
241.5,297.0,
242.25,297.0,
243.0,297.0,
243.75,297.0,
244.5,297.0,
245.25,297.0,
246.0,297.0,
246.75,297.0,
247.5,297.0,
248.25,297.0,
249.0,297.0,-94.92307692307692
249.75,297.0,-95.16717325227962
250.5,297.0,-95.47692307692307
251.25,297.0,-95.83732057416267
252.0,297.0,-96.18181818181817
252.75,297.0,-96.38509316770187
253.5,297.0,-96.34146341463415
254.25,297.0,-96.07567567567568
255.0,297.0,-95.71428571428571
255.75,297.0,-95.36654804270462
256.5,297.0,-95.07865168539325
257.25,297.0,-94.8552338530067
258.0,297.0,
258.75,297.0,
123.0,297.75,
123.75,297.75,
124.5,297.75,
125.25,297.75,
126.0,297.75,
126.75,297.75,
127.5,297.75,
128.25,297.75,
129.0,297.75,
129.75,297.75,
130.5,297.75,
131.25,297.75,
132.0,297.75,
132.75,297.75,
133.5,297.75,
134.25,297.75,
135.0,297.75,
135.75,297.75,
136.5,297.75,
137.25,297.75,
138.0,297.75,
138.75,297.75,
139.5,297.75,
140.25,297.75,
141.0,297.75,
141.75,297.75,
142.5,297.75,
143.25,297.75,
144.0,297.75,
144.75,297.75,
145.5,297.75,
146.25,297.75,
147.0,297.75,
147.75,297.75,
148.5,297.75,
149.25,297.75,
150.0,297.75,
150.75,297.75,
151.5,297.75,
152.25,297.75,
153.0,297.75,
153.75,297.75,
154.5,297.75,
155.25,297.75,
156.0,297.75,
156.75,297.75,
157.5,297.75,
158.25,297.75,
159.0,297.75,
159.75,297.75,-96.60810810810811
160.5,297.75,-96.60108303249098
161.25,297.75,-96.57920792079207
162.0,297.75,-96.52758620689656
162.75,297.75,-96.4245283018868
163.5,297.75,-96.26470588235293
164.25,297.75,-96.10975609756096
165.0,297.75,-96.04639175257732
165.75,297.75,-96.06923076923077
166.5,297.75,-96.12430939226518
167.25,297.75,-96.17999999999999
168.0,297.75,-96.22700296735904
168.75,297.75,
169.5,297.75,
170.25,297.75,
171.0,297.75,
171.75,297.75,
172.5,297.75,
173.25,297.75,
174.0,297.75,
174.75,297.75,
175.5,297.75,
176.25,297.75,
177.0,297.75,
177.75,297.75,
178.5,297.75,
179.25,297.75,
180.0,297.75,
180.75,297.75,
181.5,297.75,
182.25,297.75,
183.0,297.75,
183.75,297.75,
184.5,297.75,
185.25,297.75,
186.0,297.75,
186.75,297.75,
187.5,297.75,
188.25,297.75,
189.0,297.75,
189.75,297.75,-77.20496894409938
190.5,297.75,-79.80430966211946
191.25,297.75,-80.19313591446439
192.0,297.75,-80.94604242324608
192.75,297.75,-81.31441073859031
193.5,297.75,-81.34210966426546
194.25,297.75,-81.47453555561204
195.0,297.75,-80.86977816154031
195.75,297.75,-82.13494721180895
196.5,297.75,-83.22923398524169
197.25,297.75,-84.09755772024141
198.0,297.75,-84.55671640770751
198.75,297.75,-84.84326127021355
199.5,297.75,-83.3622865085161
200.25,297.75,-83.31950908579009
201.0,297.75,-82.37597978301392
201.75,297.75,-82.21916464891041
202.5,297.75,-82.16142557651992
203.25,297.75,
204.0,297.75,-86.85964912280701
204.75,297.75,
205.5,297.75,
206.25,297.75,-93.32596685082873
207.0,297.75,-93.36654804270462
207.75,297.75,-93.12645630054422
208.5,297.75,-92.94099507145019
209.25,297.75,-92.54554413165589
210.0,297.75,-91.51352039449002
210.75,297.75,-91.03392455537617
211.5,297.75,-90.85839807958459
212.25,297.75,-90.80891971799906
213.0,297.75,-90.840686431743
213.75,297.75,-90.86708006104776
214.5,297.75,-90.29443242419012
215.25,297.75,-90.30291232382316
216.0,297.75,-90.29759215689394
216.75,297.75,-92.0
217.5,297.75,-92.0
218.25,297.75,-91.99999999999999
219.0,297.75,
219.75,297.75,
220.5,297.75,
221.25,297.75,
222.0,297.75,
222.75,297.75,
223.5,297.75,
224.25,297.75,
225.0,297.75,
225.75,297.75,
226.5,297.75,
227.25,297.75,
228.0,297.75,
228.75,297.75,
229.5,297.75,
230.25,297.75,
231.0,297.75,
231.75,297.75,
232.5,297.75,
233.25,297.75,
234.0,297.75,
234.75,297.75,
235.5,297.75,
236.25,297.75,
237.0,297.75,
237.75,297.75,
238.5,297.75,
239.25,297.75,
240.0,297.75,
240.75,297.75,
241.5,297.75,
242.25,297.75,
243.0,297.75,
243.75,297.75,
244.5,297.75,
245.25,297.75,
246.0,297.75,
246.75,297.75,
247.5,297.75,
248.25,297.75,
249.0,297.75,
249.75,297.75,-95.17073170731707
250.5,297.75,-95.40762463343108
251.25,297.75,-95.65517241379311
252.0,297.75,-95.86770428015565
252.75,297.75,-95.98347107438018
253.5,297.75,-95.95918367346938
254.25,297.75,-95.80451127819549
255.0,297.75,-95.57377049180327
255.75,297.75,-95.32596685082873
256.5,297.75,-95.09839816933639
257.25,297.75,
258.0,297.75,
258.75,297.75,
123.0,298.5,
123.75,298.5,
124.5,298.5,
125.25,298.5,
126.0,298.5,
126.75,298.5,
127.5,298.5,
128.25,298.5,
129.0,298.5,
129.75,298.5,
130.5,298.5,
131.25,298.5,
132.0,298.5,
132.75,298.5,
133.5,298.5,
134.25,298.5,
135.0,298.5,
135.75,298.5,
136.5,298.5,
137.25,298.5,
138.0,298.5,
138.75,298.5,
139.5,298.5,
140.25,298.5,
141.0,298.5,
141.75,298.5,
142.5,298.5,
143.25,298.5,
144.0,298.5,
144.75,298.5,
145.5,298.5,
146.25,298.5,
147.0,298.5,
147.75,298.5,
148.5,298.5,
149.25,298.5,
150.0,298.5,
150.75,298.5,
151.5,298.5,
152.25,298.5,
153.0,298.5,
153.75,298.5,
154.5,298.5,
155.25,298.5,
156.0,298.5,
156.75,298.5,
157.5,298.5,
158.25,298.5,
159.0,298.5,
159.75,298.5,-96.56650831353917
160.5,298.5,-96.54878048780488
161.25,298.5,-96.51581027667986
162.0,298.5,-96.45918367346937
162.75,298.5,-96.37261146496816
163.5,298.5,-96.26470588235293
164.25,298.5,-96.16917293233082
165.0,298.5,-96.12162162162163
165.75,298.5,-96.12430939226518
166.5,298.5,-96.1551724137931
167.25,298.5,-96.19435215946844
168.0,298.5,
168.75,298.5,
169.5,298.5,
170.25,298.5,
171.0,298.5,
171.75,298.5,
172.5,298.5,
173.25,298.5,
174.0,298.5,
174.75,298.5,
175.5,298.5,
176.25,298.5,
177.0,298.5,
177.75,298.5,
178.5,298.5,
179.25,298.5,
180.0,298.5,
180.75,298.5,
181.5,298.5,
182.25,298.5,
183.0,298.5,
183.75,298.5,
184.5,298.5,
185.25,298.5,
186.0,298.5,
186.75,298.5,
187.5,298.5,
188.25,298.5,
189.0,298.5,
189.75,298.5,-79.00698572394413
190.5,298.5,-79.13053722902922
191.25,298.5,-80.9901132026725
192.0,298.5,-81.30177322228351
192.75,298.5,-82.07444613109922
193.5,298.5,-82.53028115173638
194.25,298.5,-83.21988457895071
195.0,298.5,-82.99068503527519
195.75,298.5,-83.0933892954274
196.5,298.5,-83.72855017148923
197.25,298.5,-83.698304430066
198.0,298.5,-83.84687219085588
198.75,298.5,-83.56150285459476
199.5,298.5,-82.54850097272332
200.25,298.5,-82.67742228286993
201.0,298.5,-81.70849895511891
201.75,298.5,-80.05966050265538
202.5,298.5,
203.25,298.5,
204.0,298.5,
204.75,298.5,
205.5,298.5,
206.25,298.5,-93.09839816933639
207.0,298.5,-93.07865168539327
207.75,298.5,-92.98293515358361
208.5,298.5,-92.62966700302725
209.25,298.5,-92.34492440696917
210.0,298.5,-92.0
210.75,298.5,-91.11763814270522
211.5,298.5,-90.89802276518496
212.25,298.5,-90.78042770660618
213.0,298.5,-90.87947267512226
213.75,298.5,-90.87280457019612
214.5,298.5,-90.17055963761169
215.25,298.5,-90.20102442540686
216.0,298.5,-92.0
216.75,298.5,-92.0
217.5,298.5,
218.25,298.5,
219.0,298.5,
219.75,298.5,
220.5,298.5,
221.25,298.5,
222.0,298.5,
222.75,298.5,
223.5,298.5,
224.25,298.5,
225.0,298.5,
225.75,298.5,
226.5,298.5,
227.25,298.5,
228.0,298.5,
228.75,298.5,
229.5,298.5,
230.25,298.5,
231.0,298.5,
231.75,298.5,
232.5,298.5,
233.25,298.5,
234.0,298.5,
234.75,298.5,
235.5,298.5,
236.25,298.5,
237.0,298.5,
237.75,298.5,
238.5,298.5,
239.25,298.5,
240.0,298.5,
240.75,298.5,
241.5,298.5,
242.25,298.5,
243.0,298.5,
243.75,298.5,
244.5,298.5,
245.25,298.5,
246.0,298.5,
246.75,298.5,
247.5,298.5,
248.25,298.5,
249.0,298.5,
249.75,298.5,
250.5,298.5,
251.25,298.5,-95.48071979434448
252.0,298.5,-95.6179775280899
252.75,298.5,-95.6891495601173
253.5,298.5,-95.67441860465117
254.25,298.5,-95.57808219178081
255.0,298.5,-95.42574257425743
255.75,298.5,
256.5,298.5,
257.25,298.5,
258.0,298.5,
258.75,298.5,
123.0,299.25,
123.75,299.25,
124.5,299.25,
125.25,299.25,
126.0,299.25,
126.75,299.25,
127.5,299.25,
128.25,299.25,
129.0,299.25,
129.75,299.25,
130.5,299.25,
131.25,299.25,
132.0,299.25,
132.75,299.25,
133.5,299.25,
134.25,299.25,
135.0,299.25,
135.75,299.25,
136.5,299.25,
137.25,299.25,
138.0,299.25,
138.75,299.25,
139.5,299.25,
140.25,299.25,
141.0,299.25,
141.75,299.25,
142.5,299.25,
143.25,299.25,
144.0,299.25,
144.75,299.25,
145.5,299.25,
146.25,299.25,
147.0,299.25,
147.75,299.25,
148.5,299.25,
149.25,299.25,
150.0,299.25,
150.75,299.25,
151.5,299.25,
152.25,299.25,
153.0,299.25,
153.75,299.25,
154.5,299.25,
155.25,299.25,
156.0,299.25,
156.75,299.25,
157.5,299.25,
158.25,299.25,
159.0,299.25,
159.75,299.25,-96.53265306122448
160.5,299.25,-96.51007556675063
161.25,299.25,-96.47515527950311
162.0,299.25,-96.4245283018868
162.75,299.25,-96.35840707964601
163.5,299.25,-96.28536585365855
164.25,299.25,-96.22277227722772
165.0,299.25,-96.18663594470047
165.75,299.25,-96.17999999999999
166.5,299.25,-96.19435215946844
167.25,299.25,
168.0,299.25,
168.75,299.25,
169.5,299.25,
170.25,299.25,
171.0,299.25,
171.75,299.25,
172.5,299.25,
173.25,299.25,
174.0,299.25,
174.75,299.25,
175.5,299.25,
176.25,299.25,
177.0,299.25,
177.75,299.25,
178.5,299.25,
179.25,299.25,
180.0,299.25,
180.75,299.25,
181.5,299.25,
182.25,299.25,
183.0,299.25,
183.75,299.25,
184.5,299.25,
185.25,299.25,
186.0,299.25,-84.35663983903419
186.75,299.25,-83.20391705069123
187.5,299.25,-81.8258354755784
188.25,299.25,-80.3439226519337
189.0,299.25,-76.38047138047138
189.75,299.25,-78.26868201167487
190.5,299.25,-79.29762920435061
191.25,299.25,-79.75760221155244
192.0,299.25,-80.7204017171331
192.75,299.25,-82.30804132986859
193.5,299.25,-83.72724164131624
194.25,299.25,-84.66100189538531
195.0,299.25,-84.76873759475825
195.75,299.25,-84.38566355943514
196.5,299.25,-82.71313550038705
197.25,299.25,-81.64635869738133
198.0,299.25,-81.82206366498153
198.75,299.25,-82.39787981161444
199.5,299.25,-83.05218740692823
200.25,299.25,-81.87497012587083
201.0,299.25,-79.84411764705881
201.75,299.25,
202.5,299.25,
203.25,299.25,
204.0,299.25,
204.75,299.25,
205.5,299.25,
206.25,299.25,
207.0,299.25,-92.8552338530067
207.75,299.25,-92.7461139896373
208.5,299.25,-92.56304985337243
209.25,299.25,-92.23451802705247
210.0,299.25,-91.99999999999999
210.75,299.25,-91.78497487741389
211.5,299.25,-91.62815864039544
212.25,299.25,-91.54088608813805
213.0,299.25,-91.50885469797988
213.75,299.25,-90.31638418079096
214.5,299.25,-90.39506172839505
215.25,299.25,
216.0,299.25,
216.75,299.25,
217.5,299.25,
218.25,299.25,
219.0,299.25,
219.75,299.25,
220.5,299.25,
221.25,299.25,
222.0,299.25,
222.75,299.25,
223.5,299.25,
224.25,299.25,
225.0,299.25,
225.75,299.25,
226.5,299.25,
227.25,299.25,
228.0,299.25,
228.75,299.25,
229.5,299.25,
230.25,299.25,
231.0,299.25,
231.75,299.25,
232.5,299.25,
233.25,299.25,
234.0,299.25,
234.75,299.25,
235.5,299.25,
236.25,299.25,
237.0,299.25,
237.75,299.25,
238.5,299.25,
239.25,299.25,
240.0,299.25,
240.75,299.25,
241.5,299.25,
242.25,299.25,
243.0,299.25,
243.75,299.25,
244.5,299.25,
245.25,299.25,
246.0,299.25,
246.75,299.25,
247.5,299.25,
248.25,299.25,
249.0,299.25,
249.75,299.25,
250.5,299.25,
251.25,299.25,
252.0,299.25,
252.75,299.25,
253.5,299.25,
254.25,299.25,
255.0,299.25,
255.75,299.25,
256.5,299.25,
257.25,299.25,
258.0,299.25,
258.75,299.25,
123.0,300.0,
123.75,300.0,
124.5,300.0,
125.25,300.0,
126.0,300.0,
126.75,300.0,
127.5,300.0,
128.25,300.0,
129.0,300.0,
129.75,300.0,
130.5,300.0,
131.25,300.0,
132.0,300.0,
132.75,300.0,
133.5,300.0,
134.25,300.0,
135.0,300.0,
135.75,300.0,
136.5,300.0,
137.25,300.0,
138.0,300.0,
138.75,300.0,
139.5,300.0,
140.25,300.0,
141.0,300.0,
141.75,300.0,
142.5,300.0,
143.25,300.0,
144.0,300.0,
144.75,300.0,
145.5,300.0,
146.25,300.0,
147.0,300.0,
147.75,300.0,
148.5,300.0,
149.25,300.0,
150.0,300.0,
150.75,300.0,
151.5,300.0,
152.25,300.0,
153.0,300.0,
153.75,300.0,
154.5,300.0,
155.25,300.0,
156.0,300.0,
156.75,300.0,
157.5,300.0,
158.25,300.0,
159.0,300.0,
159.75,300.0,
160.5,300.0,-96.48347107438016
161.25,300.0,-96.45110024449878
162.0,300.0,-96.4090909090909
162.75,300.0,-96.35942492012778
163.5,300.0,-96.30821917808218
164.25,300.0,-96.26470588235293
165.0,300.0,-96.23684210526315
165.75,300.0,-96.22700296735904
166.5,300.0,
167.25,300.0,
168.0,300.0,
168.75,300.0,
169.5,300.0,
170.25,300.0,
171.0,300.0,
171.75,300.0,
172.5,300.0,
173.25,300.0,
174.0,300.0,
174.75,300.0,
175.5,300.0,
176.25,300.0,
177.0,300.0,
177.75,300.0,
178.5,300.0,
179.25,300.0,
180.0,300.0,
180.75,300.0,
181.5,300.0,
182.25,300.0,
183.0,300.0,
183.75,300.0,
184.5,300.0,
185.25,300.0,-86.14336016096578
186.0,300.0,-85.25
186.75,300.0,-83.99220963172804
187.5,300.0,-82.36688311688313
188.25,300.0,-80.08254272223603
189.0,300.0,-78.61557788944725
189.75,300.0,-78.42672130879049
190.5,300.0,-77.73760090334117
191.25,300.0,-77.85598810383046
192.0,300.0,-79.64285714285714
192.75,300.0,-82.30344052508141
193.5,300.0,-84.91861819911217
194.25,300.0,-87.17807355121498
195.0,300.0,-87.95178778882146
195.75,300.0,-85.29831919985793
196.5,300.0,-80.98900475391662
197.25,300.0,-79.00130160271098
198.0,300.0,-79.81641280495676
198.75,300.0,-81.29357134097907
199.5,300.0,-82.43217284464241
200.25,300.0,-81.51530089386742
201.0,300.0,
201.75,300.0,
202.5,300.0,
203.25,300.0,
204.0,300.0,
204.75,300.0,
205.5,300.0,
206.25,300.0,
207.0,300.0,
207.75,300.0,-92.57947686116698
208.5,300.0,-92.42477876106194
209.25,300.0,-92.22588235294117
210.0,300.0,-92.0
210.75,300.0,-91.84317854165145
211.5,300.0,-91.71915510346494
212.25,300.0,-91.6366524721186
213.0,300.0,-90.14814814814815
213.75,300.0,-90.24086021505377
214.5,300.0,
215.25,300.0,
216.0,300.0,
216.75,300.0,
217.5,300.0,
218.25,300.0,
219.0,300.0,
219.75,300.0,
220.5,300.0,
221.25,300.0,
222.0,300.0,
222.75,300.0,
223.5,300.0,
224.25,300.0,
225.0,300.0,
225.75,300.0,
226.5,300.0,
227.25,300.0,
228.0,300.0,
228.75,300.0,
229.5,300.0,
230.25,300.0,
231.0,300.0,
231.75,300.0,
232.5,300.0,
233.25,300.0,
234.0,300.0,
234.75,300.0,
235.5,300.0,
236.25,300.0,
237.0,300.0,
237.75,300.0,
238.5,300.0,
239.25,300.0,
240.0,300.0,
240.75,300.0,
241.5,300.0,
242.25,300.0,
243.0,300.0,
243.75,300.0,
244.5,300.0,
245.25,300.0,
246.0,300.0,
246.75,300.0,
247.5,300.0,
248.25,300.0,
249.0,300.0,
249.75,300.0,
250.5,300.0,
251.25,300.0,
252.0,300.0,
252.75,300.0,
253.5,300.0,
254.25,300.0,
255.0,300.0,
255.75,300.0,
256.5,300.0,
257.25,300.0,
258.0,300.0,
258.75,300.0,
123.0,300.75,
123.75,300.75,
124.5,300.75,
125.25,300.75,
126.0,300.75,
126.75,300.75,
127.5,300.75,
128.25,300.75,
129.0,300.75,
129.75,300.75,
130.5,300.75,
131.25,300.75,
132.0,300.75,
132.75,300.75,
133.5,300.75,
134.25,300.75,
135.0,300.75,
135.75,300.75,
136.5,300.75,
137.25,300.75,
138.0,300.75,
138.75,300.75,
139.5,300.75,
140.25,300.75,
141.0,300.75,
141.75,300.75,
142.5,300.75,
143.25,300.75,
144.0,300.75,
144.75,300.75,
145.5,300.75,
146.25,300.75,
147.0,300.75,
147.75,300.75,
148.5,300.75,
149.25,300.75,
150.0,300.75,
150.75,300.75,
151.5,300.75,
152.25,300.75,
153.0,300.75,
153.75,300.75,
154.5,300.75,
155.25,300.75,
156.0,300.75,
156.75,300.75,
157.5,300.75,
158.25,300.75,
159.0,300.75,
159.75,300.75,
160.5,300.75,
161.25,300.75,
162.0,300.75,-96.40371991247264
162.75,300.75,-96.36602870813398
163.5,300.75,-96.32871536523929
164.25,300.75,-96.29695431472082
165.0,300.75,
165.75,300.75,
166.5,300.75,
167.25,300.75,
168.0,300.75,
168.75,300.75,
169.5,300.75,
170.25,300.75,
171.0,300.75,
171.75,300.75,
172.5,300.75,
173.25,300.75,
174.0,300.75,
174.75,300.75,
175.5,300.75,
176.25,300.75,
177.0,300.75,
177.75,300.75,
178.5,300.75,
179.25,300.75,
180.0,300.75,
180.75,300.75,
181.5,300.75,
182.25,300.75,
183.0,300.75,
183.75,300.75,
184.5,300.75,
185.25,300.75,-87.29608294930875
186.0,300.75,-86.50779036827196
186.75,300.75,-85.25
187.5,300.75,-82.49962040941983
188.25,300.75,-80.64985715522465
189.0,300.75,-78.75398172283911
189.75,300.75,-78.60062273879002
190.5,300.75,-76.72151864391908
191.25,300.75,-76.28631601558818
192.0,300.75,-78.66345725138429
192.75,300.75,-82.15566881735657
193.5,300.75,-85.63231495752567
194.25,300.75,-89.31906923700973
195.0,300.75,-91.59318031384399
195.75,300.75,-87.04283362579551
196.5,300.75,-77.65570660442211
197.25,300.75,-75.66006428680038
198.0,300.75,-77.83207283545599
198.75,300.75,-79.55837711184057
199.5,300.75,-81.55915295727297
200.25,300.75,-82.8218163019128
201.0,300.75,
201.75,300.75,
202.5,300.75,
203.25,300.75,
204.0,300.75,
204.75,300.75,
205.5,300.75,
206.25,300.75,
207.0,300.75,
207.75,300.75,
208.5,300.75,
209.25,300.75,
210.0,300.75,-92.0
210.75,300.75,
211.5,300.75,-89.94171220400729
212.25,300.75,-90.02930402930404
213.0,300.75,
213.75,300.75,
214.5,300.75,
215.25,300.75,
216.0,300.75,
216.75,300.75,
217.5,300.75,
218.25,300.75,
219.0,300.75,
219.75,300.75,
220.5,300.75,
221.25,300.75,
222.0,300.75,
222.75,300.75,
223.5,300.75,
224.25,300.75,
225.0,300.75,
225.75,300.75,
226.5,300.75,
227.25,300.75,
228.0,300.75,
228.75,300.75,
229.5,300.75,
230.25,300.75,
231.0,300.75,
231.75,300.75,
232.5,300.75,
233.25,300.75,
234.0,300.75,
234.75,300.75,
235.5,300.75,
236.25,300.75,
237.0,300.75,
237.75,300.75,
238.5,300.75,
239.25,300.75,
240.0,300.75,
240.75,300.75,
241.5,300.75,
242.25,300.75,
243.0,300.75,
243.75,300.75,
244.5,300.75,
245.25,300.75,
246.0,300.75,
246.75,300.75,
247.5,300.75,
248.25,300.75,
249.0,300.75,
249.75,300.75,
250.5,300.75,
251.25,300.75,
252.0,300.75,
252.75,300.75,
253.5,300.75,
254.25,300.75,
255.0,300.75,
255.75,300.75,
256.5,300.75,
257.25,300.75,
258.0,300.75,
258.75,300.75,
123.0,301.5,
123.75,301.5,
124.5,301.5,
125.25,301.5,
126.0,301.5,
126.75,301.5,
127.5,301.5,
128.25,301.5,
129.0,301.5,
129.75,301.5,
130.5,301.5,
131.25,301.5,
132.0,301.5,
132.75,301.5,
133.5,301.5,
134.25,301.5,
135.0,301.5,
135.75,301.5,
136.5,301.5,
137.25,301.5,
138.0,301.5,
138.75,301.5,
139.5,301.5,
140.25,301.5,-91.3874296435272
141.0,301.5,-92.75482093663912
141.75,301.5,-94.41762013729978
142.5,301.5,-94.37755102040816
143.25,301.5,-94.33561643835615
144.0,301.5,-94.29775280898878
144.75,301.5,-94.26986301369863
145.5,301.5,
146.25,301.5,
147.0,301.5,
147.75,301.5,
148.5,301.5,
149.25,301.5,
150.0,301.5,
150.75,301.5,
151.5,301.5,
152.25,301.5,
153.0,301.5,
153.75,301.5,
154.5,301.5,
155.25,301.5,
156.0,301.5,
156.75,301.5,
157.5,301.5,
158.25,301.5,
159.0,301.5,
159.75,301.5,
160.5,301.5,
161.25,301.5,
162.0,301.5,
162.75,301.5,
163.5,301.5,
164.25,301.5,
165.0,301.5,
165.75,301.5,
166.5,301.5,
167.25,301.5,
168.0,301.5,
168.75,301.5,
169.5,301.5,
170.25,301.5,
171.0,301.5,
171.75,301.5,
172.5,301.5,
173.25,301.5,
174.0,301.5,
174.75,301.5,
175.5,301.5,
176.25,301.5,
177.0,301.5,
177.75,301.5,
178.5,301.5,
179.25,301.5,
180.0,301.5,
180.75,301.5,
181.5,301.5,
182.25,301.5,-95.8062851782364
183.0,301.5,-95.63000000000001
183.75,301.5,
184.5,301.5,
185.25,301.5,-88.6741645244216
186.0,301.5,-88.13311688311688
186.75,301.5,-87.06224489795919
187.5,301.5,-84.08064516129033
188.25,301.5,-81.89932843193706
189.0,301.5,-78.5872224207609
189.75,301.5,-78.62818900764972
190.5,301.5,-77.03511339587658
191.25,301.5,-76.86416770050161
192.0,301.5,-78.7318284512038
192.75,301.5,-81.30052245276019
193.5,301.5,-84.41537065375992
194.25,301.5,-88.44983537298451
195.0,301.5,-90.54648058180457
195.75,301.5,-87.06457725612067
196.5,301.5,-79.11857923497267
197.25,301.5,-76.66913593102178
198.0,301.5,-78.36362368628622
198.75,301.5,-79.7599969571756
199.5,301.5,-80.79021608643455
200.25,301.5,-83.12204825013247
201.0,301.5,
201.75,301.5,
202.5,301.5,
203.25,301.5,
204.0,301.5,
204.75,301.5,
205.5,301.5,
206.25,301.5,
207.0,301.5,
207.75,301.5,
208.5,301.5,
209.25,301.5,
210.0,301.5,
210.75,301.5,
211.5,301.5,
212.25,301.5,
213.0,301.5,
213.75,301.5,
214.5,301.5,
215.25,301.5,
216.0,301.5,
216.75,301.5,
217.5,301.5,
218.25,301.5,
219.0,301.5,
219.75,301.5,
220.5,301.5,
221.25,301.5,
222.0,301.5,
222.75,301.5,
223.5,301.5,
224.25,301.5,
225.0,301.5,
225.75,301.5,
226.5,301.5,
227.25,301.5,
228.0,301.5,
228.75,301.5,
229.5,301.5,
230.25,301.5,
231.0,301.5,
231.75,301.5,
232.5,301.5,
233.25,301.5,
234.0,301.5,
234.75,301.5,
235.5,301.5,
236.25,301.5,
237.0,301.5,
237.75,301.5,
238.5,301.5,
239.25,301.5,
240.0,301.5,
240.75,301.5,
241.5,301.5,
242.25,301.5,
243.0,301.5,
243.75,301.5,
244.5,301.5,
245.25,301.5,
246.0,301.5,
246.75,301.5,
247.5,301.5,
248.25,301.5,
249.0,301.5,
249.75,301.5,
250.5,301.5,
251.25,301.5,
252.0,301.5,
252.75,301.5,
253.5,301.5,
254.25,301.5,
255.0,301.5,
255.75,301.5,
256.5,301.5,
257.25,301.5,
258.0,301.5,
258.75,301.5,
123.0,302.25,
123.75,302.25,
124.5,302.25,
125.25,302.25,
126.0,302.25,
126.75,302.25,
127.5,302.25,
128.25,302.25,
129.0,302.25,
129.75,302.25,
130.5,302.25,
131.25,302.25,
132.0,302.25,
132.75,302.25,
133.5,302.25,
134.25,302.25,
135.0,302.25,
135.75,302.25,
136.5,302.25,
137.25,302.25,
138.0,302.25,
138.75,302.25,
139.5,302.25,-91.37527114967462
140.25,302.25,-92.3859649122807
141.0,302.25,-92.72094995759116
141.75,302.25,-93.04077921840593
142.5,302.25,-93.31159244055645
143.25,302.25,-94.31954887218045
144.0,302.25,-94.26653696498055
144.75,302.25,-94.22932330827068
145.5,302.25,-94.21331058020479
146.25,302.25,-94.21597633136093
147.0,302.25,
147.75,302.25,
148.5,302.25,
149.25,302.25,
150.0,302.25,
150.75,302.25,
151.5,302.25,
152.25,302.25,
153.0,302.25,
153.75,302.25,
154.5,302.25,
155.25,302.25,
156.0,302.25,
156.75,302.25,
157.5,302.25,
158.25,302.25,
159.0,302.25,
159.75,302.25,
160.5,302.25,
161.25,302.25,
162.0,302.25,
162.75,302.25,
163.5,302.25,
164.25,302.25,
165.0,302.25,
165.75,302.25,
166.5,302.25,
167.25,302.25,
168.0,302.25,
168.75,302.25,
169.5,302.25,
170.25,302.25,
171.0,302.25,
171.75,302.25,
172.5,302.25,
173.25,302.25,
174.0,302.25,
174.75,302.25,
175.5,302.25,
176.25,302.25,
177.0,302.25,
177.75,302.25,
178.5,302.25,
179.25,302.25,
180.0,302.25,
180.75,302.25,
181.5,302.25,
182.25,302.25,-95.88824884792628
183.0,302.25,-95.67518703241895
183.75,302.25,-95.43911917098444
184.5,302.25,-95.21015424164524
185.25,302.25,-90.1560773480663
186.0,302.25,-89.99021352313169
186.75,302.25,-89.32339449541286
187.5,302.25,-84.3125569210828
188.25,302.25,-82.14014949945123
189.0,302.25,-79.7935316946194
189.75,302.25,-79.89945994493239
190.5,302.25,-78.85017844083866
191.25,302.25,-78.0357878389845
192.0,302.25,-79.18857158320297
192.75,302.25,-79.79958867813077
193.5,302.25,-82.08365428020021
194.25,302.25,-87.84050424824703
195.0,302.25,-91.05729304962821
195.75,302.25,-88.45239649080281
196.5,302.25,-83.5447065219818
197.25,302.25,-80.61334941878938
198.0,302.25,-80.25553982270941
198.75,302.25,-80.61008965048639
199.5,302.25,-81.23856305734098
200.25,302.25,-81.56959944961598
201.0,302.25,
201.75,302.25,
202.5,302.25,
203.25,302.25,
204.0,302.25,
204.75,302.25,
205.5,302.25,
206.25,302.25,
207.0,302.25,
207.75,302.25,
208.5,302.25,
209.25,302.25,
210.0,302.25,
210.75,302.25,
211.5,302.25,
212.25,302.25,
213.0,302.25,
213.75,302.25,
214.5,302.25,
215.25,302.25,
216.0,302.25,
216.75,302.25,
217.5,302.25,
218.25,302.25,
219.0,302.25,
219.75,302.25,
220.5,302.25,
221.25,302.25,
222.0,302.25,
222.75,302.25,
223.5,302.25,
224.25,302.25,
225.0,302.25,
225.75,302.25,
226.5,302.25,
227.25,302.25,
228.0,302.25,
228.75,302.25,
229.5,302.25,
230.25,302.25,
231.0,302.25,
231.75,302.25,
232.5,302.25,
233.25,302.25,
234.0,302.25,
234.75,302.25,
235.5,302.25,
236.25,302.25,
237.0,302.25,
237.75,302.25,
238.5,302.25,
239.25,302.25,
240.0,302.25,
240.75,302.25,
241.5,302.25,
242.25,302.25,
243.0,302.25,
243.75,302.25,
244.5,302.25,
245.25,302.25,
246.0,302.25,
246.75,302.25,
247.5,302.25,
248.25,302.25,
249.0,302.25,
249.75,302.25,
250.5,302.25,
251.25,302.25,
252.0,302.25,
252.75,302.25,
253.5,302.25,
254.25,302.25,
255.0,302.25,
255.75,302.25,
256.5,302.25,
257.25,302.25,
258.0,302.25,
258.75,302.25,
123.0,303.0,
123.75,303.0,
124.5,303.0,
125.25,303.0,
126.0,303.0,
126.75,303.0,
127.5,303.0,
128.25,303.0,
129.0,303.0,
129.75,303.0,
130.5,303.0,
131.25,303.0,
132.0,303.0,
132.75,303.0,
133.5,303.0,
134.25,303.0,
135.0,303.0,
135.75,303.0,
136.5,303.0,
137.25,303.0,
138.0,303.0,
138.75,303.0,-90.92269326683292
139.5,303.0,-91.84122782137342
140.25,303.0,-92.23204620487725
141.0,303.0,-92.66666666666667
141.75,303.0,-93.07609228122553
142.5,303.0,-93.40640579116301
143.25,303.0,-93.63752378723053
144.0,303.0,-94.22727272727272
144.75,303.0,-94.17567567567568
145.5,303.0,-94.16037735849056
146.25,303.0,-94.17315175097276
147.0,303.0,-94.2
147.75,303.0,
148.5,303.0,
149.25,303.0,
150.0,303.0,
150.75,303.0,
151.5,303.0,
152.25,303.0,
153.0,303.0,
153.75,303.0,
154.5,303.0,
155.25,303.0,
156.0,303.0,
156.75,303.0,
157.5,303.0,
158.25,303.0,
159.0,303.0,
159.75,303.0,
160.5,303.0,
161.25,303.0,
162.0,303.0,
162.75,303.0,
163.5,303.0,
164.25,303.0,
165.0,303.0,
165.75,303.0,
166.5,303.0,
167.25,303.0,
168.0,303.0,
168.75,303.0,
169.5,303.0,
170.25,303.0,
171.0,303.0,
171.75,303.0,
172.5,303.0,
173.25,303.0,
174.0,303.0,
174.75,303.0,
175.5,303.0,
176.25,303.0,
177.0,303.0,
177.75,303.0,
178.5,303.0,
179.25,303.0,
180.0,303.0,
180.75,303.0,
181.5,303.0,-96.19554455445545
182.25,303.0,-96.00495750708215
183.0,303.0,-95.75
183.75,303.0,-95.45491803278688
184.5,303.0,-95.16558441558442
185.25,303.0,-94.92933130699087
186.0,303.0,-91.77941176470587
186.75,303.0,-89.37009232119001
187.5,303.0,-87.22529454483256
188.25,303.0,-84.59014546775327
189.0,303.0,-80.53174603174602
189.75,303.0,-79.57421060104484
190.5,303.0,-78.61162265726958
191.25,303.0,-78.53263774387969
192.0,303.0,-79.02477893625446
192.75,303.0,-78.20486351880142
193.5,303.0,-79.74270055685776
194.25,303.0,-88.93161749713
195.0,303.0,-95.99999999998437
195.75,303.0,-90.60998996793793
196.5,303.0,-85.12164245287772
197.25,303.0,-82.31136185008863
198.0,303.0,-81.68652674339879
198.75,303.0,-81.35730938421021
199.5,303.0,-81.67725698203074
200.25,303.0,-81.78542562779826
201.0,303.0,
201.75,303.0,
202.5,303.0,
203.25,303.0,
204.0,303.0,
204.75,303.0,
205.5,303.0,
206.25,303.0,
207.0,303.0,
207.75,303.0,
208.5,303.0,
209.25,303.0,
210.0,303.0,
210.75,303.0,
211.5,303.0,
212.25,303.0,
213.0,303.0,
213.75,303.0,
214.5,303.0,
215.25,303.0,
216.0,303.0,
216.75,303.0,
217.5,303.0,
218.25,303.0,
219.0,303.0,
219.75,303.0,
220.5,303.0,
221.25,303.0,
222.0,303.0,
222.75,303.0,
223.5,303.0,
224.25,303.0,
225.0,303.0,
225.75,303.0,
226.5,303.0,
227.25,303.0,
228.0,303.0,
228.75,303.0,
229.5,303.0,
230.25,303.0,
231.0,303.0,
231.75,303.0,
232.5,303.0,
233.25,303.0,
234.0,303.0,
234.75,303.0,
235.5,303.0,
236.25,303.0,
237.0,303.0,
237.75,303.0,
238.5,303.0,
239.25,303.0,
240.0,303.0,
240.75,303.0,
241.5,303.0,
242.25,303.0,
243.0,303.0,
243.75,303.0,
244.5,303.0,
245.25,303.0,
246.0,303.0,
246.75,303.0,
247.5,303.0,
248.25,303.0,
249.0,303.0,
249.75,303.0,
250.5,303.0,
251.25,303.0,
252.0,303.0,
252.75,303.0,
253.5,303.0,
254.25,303.0,
255.0,303.0,
255.75,303.0,
256.5,303.0,
257.25,303.0,
258.0,303.0,
258.75,303.0,
123.0,303.75,-81.02642276422765
123.75,303.75,-81.0590909090909
124.5,303.75,-81.5330166316982
125.25,303.75,-81.5675430643699
126.0,303.75,-81.61185006045949
126.75,303.75,-81.6646337396011
127.5,303.75,-81.7203658649865
128.25,303.75,-82.3407960199005
129.0,303.75,-82.41397849462366
129.75,303.75,-82.47069597069597
130.5,303.75,
131.25,303.75,
132.0,303.75,
132.75,303.75,
133.5,303.75,
134.25,303.75,
135.0,303.75,
135.75,303.75,
136.5,303.75,
137.25,303.75,
138.0,303.75,-90.47214854111407
138.75,303.75,-90.62420382165605
139.5,303.75,-91.50474647389959
140.25,303.75,-92.00556186338879
141.0,303.75,-92.58616352201257
141.75,303.75,-93.12144702842377
142.5,303.75,-93.52068714291194
143.25,303.75,-93.7666891870154
144.0,303.75,-93.89281754161802
144.75,303.75,-94.10655737704917
145.5,303.75,-94.09731543624162
146.25,303.75,-93.61609833330495
147.0,303.75,-93.26081474133727
147.75,303.75,-92.7929948317516
148.5,303.75,-91.67717717717717
149.25,303.75,-91.0925925925926
150.0,303.75,-90.62698412698413
150.75,303.75,-90.28544061302681
151.5,303.75,
152.25,303.75,
153.0,303.75,
153.75,303.75,
154.5,303.75,
155.25,303.75,
156.0,303.75,
156.75,303.75,
157.5,303.75,
158.25,303.75,
159.0,303.75,
159.75,303.75,
160.5,303.75,
161.25,303.75,
162.0,303.75,
162.75,303.75,
163.5,303.75,
164.25,303.75,
165.0,303.75,
165.75,303.75,
166.5,303.75,
167.25,303.75,
168.0,303.75,
168.75,303.75,
169.5,303.75,
170.25,303.75,
171.0,303.75,
171.75,303.75,
172.5,303.75,
173.25,303.75,
174.0,303.75,
174.75,303.75,
175.5,303.75,
176.25,303.75,
177.0,303.75,
177.75,303.75,
178.5,303.75,
179.25,303.75,
180.0,303.75,
180.75,303.75,
181.5,303.75,-96.36583577712611
182.25,303.75,-96.16379310344827
183.0,303.75,-95.86673151750972
183.75,303.75,-95.50206611570249
184.5,303.75,-92.62126868673866
185.25,303.75,-92.90932607308231
186.0,303.75,-90.89048835338826
186.75,303.75,-91.35761389867832
187.5,303.75,-89.92581883015148
188.25,303.75,-85.80298842408871
189.0,303.75,-81.69739689372261
189.75,303.75,-79.93801476179095
190.5,303.75,-78.5126417795988
191.25,303.75,-76.29866050725903
192.0,303.75,-77.29574944117934
192.75,303.75,-78.96219046161893
193.5,303.75,-80.26786170520495
194.25,303.75,-84.21344286008426
195.0,303.75,-87.53653061873139
195.75,303.75,-85.43374079818265
196.5,303.75,-83.12742681560628
197.25,303.75,-81.84095685028889
198.0,303.75,-81.1124626732724
198.75,303.75,-81.58314106571432
199.5,303.75,-81.87783544239066
200.25,303.75,-81.8974238100651
201.0,303.75,
201.75,303.75,
202.5,303.75,
203.25,303.75,
204.0,303.75,
204.75,303.75,
205.5,303.75,
206.25,303.75,
207.0,303.75,
207.75,303.75,
208.5,303.75,
209.25,303.75,
210.0,303.75,
210.75,303.75,
211.5,303.75,
212.25,303.75,
213.0,303.75,
213.75,303.75,
214.5,303.75,
215.25,303.75,
216.0,303.75,
216.75,303.75,
217.5,303.75,
218.25,303.75,
219.0,303.75,
219.75,303.75,
220.5,303.75,
221.25,303.75,
222.0,303.75,
222.75,303.75,
223.5,303.75,
224.25,303.75,
225.0,303.75,
225.75,303.75,
226.5,303.75,
227.25,303.75,
228.0,303.75,
228.75,303.75,
229.5,303.75,
230.25,303.75,
231.0,303.75,
231.75,303.75,
232.5,303.75,
233.25,303.75,
234.0,303.75,
234.75,303.75,
235.5,303.75,
236.25,303.75,
237.0,303.75,
237.75,303.75,
238.5,303.75,
239.25,303.75,
240.0,303.75,
240.75,303.75,
241.5,303.75,
242.25,303.75,
243.0,303.75,
243.75,303.75,
244.5,303.75,
245.25,303.75,
246.0,303.75,
246.75,303.75,
247.5,303.75,
248.25,303.75,
249.0,303.75,
249.75,303.75,
250.5,303.75,
251.25,303.75,
252.0,303.75,
252.75,303.75,
253.5,303.75,
254.25,303.75,
255.0,303.75,
255.75,303.75,
256.5,303.75,
257.25,303.75,
258.0,303.75,
258.75,303.75,
123.0,304.5,-81.05434782608697
123.75,304.5,-81.48129329587786
124.5,304.5,-81.50957290132547
125.25,304.5,-81.5476755527506
126.0,304.5,-81.6013986013986
126.75,304.5,-81.67101191242612
127.5,304.5,-81.74596506743312
128.25,304.5,-81.81215892411336
129.0,304.5,-82.45698924731182
129.75,304.5,-82.51766004415009
130.5,304.5,
131.25,304.5,
132.0,304.5,
132.75,304.5,
133.5,304.5,
134.25,304.5,
135.0,304.5,
135.75,304.5,
136.5,304.5,
137.25,304.5,
138.0,304.5,-90.12987012987013
138.75,304.5,-90.23673469387755
139.5,304.5,-91.02860379495895
140.25,304.5,-91.67598999447746
141.0,304.5,-92.47953216374269
141.75,304.5,-93.20107906679013
142.5,304.5,-93.67816091954025
143.25,304.5,-93.90579077215405
144.0,304.5,-93.97724687144482
144.75,304.5,-94.03246753246755
145.5,304.5,-93.93586005830905
146.25,304.5,-93.7030004771706
147.0,304.5,-93.24188215345485
147.75,304.5,-92.62763648293463
148.5,304.5,-91.34848484848484
149.25,304.5,-90.68122977346279
150.0,304.5,-90.19892473118279
150.75,304.5,-89.88189845474615
151.5,304.5,
152.25,304.5,
153.0,304.5,
153.75,304.5,
154.5,304.5,
155.25,304.5,
156.0,304.5,
156.75,304.5,
157.5,304.5,
158.25,304.5,
159.0,304.5,
159.75,304.5,
160.5,304.5,
161.25,304.5,
162.0,304.5,
162.75,304.5,
163.5,304.5,
164.25,304.5,
165.0,304.5,
165.75,304.5,
166.5,304.5,
167.25,304.5,
168.0,304.5,
168.75,304.5,
169.5,304.5,
170.25,304.5,
171.0,304.5,
171.75,304.5,
172.5,304.5,
173.25,304.5,
174.0,304.5,
174.75,304.5,
175.5,304.5,
176.25,304.5,
177.0,304.5,
177.75,304.5,
178.5,304.5,
179.25,304.5,
180.0,304.5,
180.75,304.5,
181.5,304.5,-96.5608108108108
182.25,304.5,-96.36224489795919
183.0,304.5,-96.03301886792453
183.75,304.5,-92.70358318098722
184.5,304.5,-92.51533056531458
185.25,304.5,-92.93242776966083
186.0,304.5,-92.76962809917354
186.75,304.5,-93.73158223892385
187.5,304.5,-92.86546816084409
188.25,304.5,-87.94545082924053
189.0,304.5,-82.30372841139041
189.75,304.5,-78.10685271945073
190.5,304.5,-75.13969869835167
191.25,304.5,-74.58885723157104
192.0,304.5,-75.5404127494409
192.75,304.5,-76.43577334749224
193.5,304.5,-77.68138545855724
194.25,304.5,-76.06269683125178
195.0,304.5,-73.0732390525485
195.75,304.5,-76.33285429551557
196.5,304.5,-79.19218191250856
197.25,304.5,-80.1125549812631
198.0,304.5,-80.30676568791866
198.75,304.5,-81.3509918160641
199.5,304.5,-81.80999696217914
200.25,304.5,-79.62905092065344
201.0,304.5,
201.75,304.5,
202.5,304.5,
203.25,304.5,
204.0,304.5,
204.75,304.5,
205.5,304.5,
206.25,304.5,
207.0,304.5,
207.75,304.5,
208.5,304.5,
209.25,304.5,
210.0,304.5,
210.75,304.5,
211.5,304.5,
212.25,304.5,
213.0,304.5,
213.75,304.5,
214.5,304.5,
215.25,304.5,
216.0,304.5,
216.75,304.5,
217.5,304.5,
218.25,304.5,
219.0,304.5,
219.75,304.5,
220.5,304.5,
221.25,304.5,
222.0,304.5,
222.75,304.5,
223.5,304.5,
224.25,304.5,
225.0,304.5,
225.75,304.5,
226.5,304.5,
227.25,304.5,
228.0,304.5,
228.75,304.5,
229.5,304.5,
230.25,304.5,
231.0,304.5,
231.75,304.5,
232.5,304.5,
233.25,304.5,
234.0,304.5,
234.75,304.5,
235.5,304.5,
236.25,304.5,
237.0,304.5,
237.75,304.5,
238.5,304.5,
239.25,304.5,
240.0,304.5,
240.75,304.5,
241.5,304.5,
242.25,304.5,
243.0,304.5,
243.75,304.5,
244.5,304.5,
245.25,304.5,
246.0,304.5,
246.75,304.5,
247.5,304.5,
248.25,304.5,
249.0,304.5,
249.75,304.5,
250.5,304.5,
251.25,304.5,
252.0,304.5,
252.75,304.5,
253.5,304.5,
254.25,304.5,
255.0,304.5,
255.75,304.5,
256.5,304.5,
257.25,304.5,
258.0,304.5,
258.75,304.5,
123.0,305.25,-80.85597876347984
123.75,305.25,-80.95498987441792
124.5,305.25,-81.0974266739508
125.25,305.25,-81.42763686716326
126.0,305.25,-81.47344624988526
126.75,305.25,-81.68464894882982
127.5,305.25,-81.79093590535831
128.25,305.25,-81.87688160340237
129.0,305.25,-81.93115853837944
129.75,305.25,-82.58465608465609
130.5,305.25,-82.61740041928721
131.25,305.25,
132.0,305.25,
132.75,305.25,
133.5,305.25,
134.25,305.25,
135.0,305.25,
135.75,305.25,
136.5,305.25,
137.25,305.25,
138.0,305.25,-89.75875486381322
138.75,305.25,-89.77319587628865
139.5,305.25,-90.39132781004983
140.25,305.25,-91.21615729179054
141.0,305.25,-92.36044657097288
141.75,305.25,-93.37106918238992
142.5,305.25,-93.95311375716639
143.25,305.25,-94.12121212121211
144.0,305.25,-94.0555863196477
144.75,305.25,-93.9933328164974
145.5,305.25,-93.9525762820415
146.25,305.25,-93.65945921946454
147.0,305.25,-93.05337067571298
147.75,305.25,-92.25352420500491
148.5,305.25,-91.465218557451
149.25,305.25,-90.06589147286822
150.0,305.25,-89.62772585669782
150.75,305.25,-89.38557213930348
151.5,305.25,
152.25,305.25,
153.0,305.25,
153.75,305.25,
154.5,305.25,
155.25,305.25,
156.0,305.25,
156.75,305.25,
157.5,305.25,
158.25,305.25,
159.0,305.25,
159.75,305.25,
160.5,305.25,
161.25,305.25,
162.0,305.25,
162.75,305.25,
163.5,305.25,
164.25,305.25,
165.0,305.25,
165.75,305.25,
166.5,305.25,
167.25,305.25,
168.0,305.25,
168.75,305.25,
169.5,305.25,
170.25,305.25,
171.0,305.25,
171.75,305.25,
172.5,305.25,
173.25,305.25,
174.0,305.25,
174.75,305.25,
175.5,305.25,
176.25,305.25,
177.0,305.25,
177.75,305.25,
178.5,305.25,
179.25,305.25,
180.0,305.25,-94.54918032786887
180.75,305.25,-95.01724137931035
181.5,305.25,-92.80182147454715
182.25,305.25,-91.68181786432794
183.0,305.25,-90.54697798077288
183.75,305.25,-89.54091801972584
184.5,305.25,-89.66674190863901
185.25,305.25,-92.5148037528812
186.0,305.25,-91.99234760471585
186.75,305.25,-94.09684817166719
187.5,305.25,-93.00649372843993
188.25,305.25,-87.809962923476
189.0,305.25,-81.34390664143179
189.75,305.25,-76.38440143516941
190.5,305.25,-73.0251234592774
191.25,305.25,-72.06447667440014
192.0,305.25,-72.941850506166
192.75,305.25,-73.69072244579812
193.5,305.25,-74.66430677959828
194.25,305.25,-72.941293014382
195.0,305.25,-70.423280636976
195.75,305.25,-73.2323053757852
196.5,305.25,-76.70917372580648
197.25,305.25,-78.5266765910291
198.0,305.25,-79.33707036129243
198.75,305.25,-81.31724898843933
199.5,305.25,-79.492835573094
200.25,305.25,-79.5456893114918
201.0,305.25,
201.75,305.25,
202.5,305.25,
203.25,305.25,
204.0,305.25,
204.75,305.25,
205.5,305.25,
206.25,305.25,
207.0,305.25,
207.75,305.25,
208.5,305.25,
209.25,305.25,
210.0,305.25,
210.75,305.25,
211.5,305.25,
212.25,305.25,
213.0,305.25,
213.75,305.25,
214.5,305.25,
215.25,305.25,
216.0,305.25,
216.75,305.25,
217.5,305.25,
218.25,305.25,
219.0,305.25,
219.75,305.25,
220.5,305.25,
221.25,305.25,
222.0,305.25,
222.75,305.25,
223.5,305.25,
224.25,305.25,
225.0,305.25,
225.75,305.25,
226.5,305.25,
227.25,305.25,
228.0,305.25,
228.75,305.25,
229.5,305.25,
230.25,305.25,
231.0,305.25,
231.75,305.25,
232.5,305.25,
233.25,305.25,
234.0,305.25,
234.75,305.25,
235.5,305.25,
236.25,305.25,
237.0,305.25,
237.75,305.25,
238.5,305.25,
239.25,305.25,
240.0,305.25,
240.75,305.25,
241.5,305.25,
242.25,305.25,
243.0,305.25,
243.75,305.25,
244.5,305.25,
245.25,305.25,
246.0,305.25,
246.75,305.25,
247.5,305.25,
248.25,305.25,
249.0,305.25,
249.75,305.25,
250.5,305.25,
251.25,305.25,
252.0,305.25,
252.75,305.25,
253.5,305.25,
254.25,305.25,
255.0,305.25,
255.75,305.25,
256.5,305.25,
257.25,305.25,
258.0,305.25,
258.75,305.25,
123.0,306.0,-80.76646787747357
123.75,306.0,-81.02375434010645
124.5,306.0,-81.23913217862875
125.25,306.0,-81.31294544603192
126.0,306.0,-81.29846788450207
126.75,306.0,-81.59027800115636
127.5,306.0,-81.7032972505364
128.25,306.0,-81.77070994451374
129.0,306.0,-82.03398558187433
129.75,306.0,-82.04445728163353
130.5,306.0,-82.69047619047618
131.25,306.0,
132.0,306.0,
132.75,306.0,
133.5,306.0,
134.25,306.0,
135.0,306.0,
135.75,306.0,
136.5,306.0,
137.25,306.0,-89.6393442622951
138.0,306.0,-89.42857142857143
138.75,306.0,-89.3167701863354
139.5,306.0,-89.67531603459747
140.25,306.0,-90.6614688612956
141.0,306.0,-92.25641025641026
141.75,306.0,-93.67364516045348
142.5,306.0,-94.417051874679
143.25,306.0,-94.54757802029485
144.0,306.0,-94.09533898305085
144.75,306.0,-93.87293345654203
145.5,306.0,-93.80560131795716
146.25,306.0,-93.3741385698407
147.0,306.0,-92.57142857142857
147.75,306.0,-91.55701548568747
148.5,306.0,-90.63810460979487
149.25,306.0,-89.25555555555555
150.0,306.0,-88.94444444444444
150.75,306.0,-88.83062330623306
151.5,306.0,
152.25,306.0,
153.0,306.0,
153.75,306.0,
154.5,306.0,
155.25,306.0,
156.0,306.0,
156.75,306.0,
157.5,306.0,
158.25,306.0,
159.0,306.0,
159.75,306.0,
160.5,306.0,
161.25,306.0,
162.0,306.0,
162.75,306.0,
163.5,306.0,
164.25,306.0,
165.0,306.0,
165.75,306.0,
166.5,306.0,
167.25,306.0,
168.0,306.0,
168.75,306.0,
169.5,306.0,
170.25,306.0,
171.0,306.0,
171.75,306.0,
172.5,306.0,
173.25,306.0,
174.0,306.0,
174.75,306.0,
175.5,306.0,
176.25,306.0,
177.0,306.0,
177.75,306.0,-91.35676392572944
178.5,306.0,-92.66883116883118
179.25,306.0,-94.09143968871595
180.0,306.0,-93.83665338645417
180.75,306.0,-95.07866265784727
181.5,306.0,-94.65660801833052
182.25,306.0,-91.85030328168696
183.0,306.0,-89.12399478374267
183.75,306.0,-85.82895030950347
184.5,306.0,-86.43738520362407
185.25,306.0,-86.25808739438216
186.0,306.0,-88.4738760631835
186.75,306.0,-90.86286624989529
187.5,306.0,-89.07102867403434
188.25,306.0,-84.16461922256683
189.0,306.0,-78.38990426902858
189.75,306.0,-73.72334694607972
190.5,306.0,-70.23966690027972
191.25,306.0,-70.09021191311149
192.0,306.0,-70.56043593130778
192.75,306.0,-71.10643557885017
193.5,306.0,-72.14255704804876
194.25,306.0,-72.86503227337286
195.0,306.0,-72.76274109340763
195.75,306.0,-73.86413830936785
196.5,306.0,-76.13894146431124
197.25,306.0,-77.65007143657672
198.0,306.0,-78.58172247152226
198.75,306.0,-77.38722562506302
199.5,306.0,-79.26196902969173
200.25,306.0,-72.2270955165692
201.0,306.0,
201.75,306.0,
202.5,306.0,
203.25,306.0,
204.0,306.0,
204.75,306.0,
205.5,306.0,
206.25,306.0,
207.0,306.0,
207.75,306.0,
208.5,306.0,
209.25,306.0,
210.0,306.0,
210.75,306.0,
211.5,306.0,
212.25,306.0,
213.0,306.0,
213.75,306.0,
214.5,306.0,
215.25,306.0,
216.0,306.0,
216.75,306.0,
217.5,306.0,
218.25,306.0,
219.0,306.0,
219.75,306.0,
220.5,306.0,
221.25,306.0,
222.0,306.0,
222.75,306.0,
223.5,306.0,
224.25,306.0,
225.0,306.0,
225.75,306.0,
226.5,306.0,
227.25,306.0,
228.0,306.0,
228.75,306.0,
229.5,306.0,
230.25,306.0,
231.0,306.0,
231.75,306.0,
232.5,306.0,
233.25,306.0,
234.0,306.0,
234.75,306.0,
235.5,306.0,
236.25,306.0,
237.0,306.0,
237.75,306.0,
238.5,306.0,
239.25,306.0,
240.0,306.0,
240.75,306.0,
241.5,306.0,
242.25,306.0,
243.0,306.0,
243.75,306.0,
244.5,306.0,
245.25,306.0,
246.0,306.0,
246.75,306.0,
247.5,306.0,
248.25,306.0,
249.0,306.0,
249.75,306.0,
250.5,306.0,
251.25,306.0,
252.0,306.0,
252.75,306.0,
253.5,306.0,
254.25,306.0,
255.0,306.0,
255.75,306.0,
256.5,306.0,
257.25,306.0,
258.0,306.0,
258.75,306.0,
123.0,306.75,-80.67694589116289
123.75,306.75,-81.02586461342499
124.5,306.75,-81.37889235070324
125.25,306.75,-81.45894977531701
126.0,306.75,-81.36697982667941
126.75,306.75,-81.47067048666631
127.5,306.75,-81.88258060635734
128.25,306.75,-81.94618324189993
129.0,306.75,-81.92269697227
129.75,306.75,-82.15233924295623
130.5,306.75,-82.11346758132329
131.25,306.75,
132.0,306.75,
132.75,306.75,
133.5,306.75,
134.25,306.75,
135.0,306.75,
135.75,306.75,
136.5,306.75,
137.25,306.75,-89.51724137931035
138.0,306.75,-89.24401913875599
138.75,306.75,-89.04109589041097
139.5,306.75,-89.19249707779957
140.25,306.75,-90.25007830608283
141.0,306.75,-92.1925925925926
141.75,306.75,-93.95078451292473
142.5,306.75,-94.82450213943315
143.25,306.75,-94.93985477462667
144.0,306.75,-94.4036724878523
144.75,306.75,-93.8126715462031
145.5,306.75,-93.52531711482786
146.25,306.75,-92.81825822719338
147.0,306.75,-91.7397540240171
147.75,306.75,-90.50001695892549
148.5,306.75,-89.51651693158257
149.25,306.75,-88.36666666666667
150.0,306.75,-88.24358974358975
150.75,306.75,
151.5,306.75,
152.25,306.75,
153.0,306.75,
153.75,306.75,
154.5,306.75,
155.25,306.75,
156.0,306.75,
156.75,306.75,
157.5,306.75,
158.25,306.75,
159.0,306.75,
159.75,306.75,
160.5,306.75,
161.25,306.75,
162.0,306.75,
162.75,306.75,
163.5,306.75,
164.25,306.75,
165.0,306.75,
165.75,306.75,
166.5,306.75,
167.25,306.75,
168.0,306.75,
168.75,306.75,
169.5,306.75,
170.25,306.75,
171.0,306.75,
171.75,306.75,
172.5,306.75,
173.25,306.75,
174.0,306.75,
174.75,306.75,
175.5,306.75,
176.25,306.75,
177.0,306.75,-89.62967581047381
177.75,306.75,-90.77388535031847
178.5,306.75,-92.25918367346938
179.25,306.75,-91.84588502856721
180.0,306.75,-94.71775314464323
180.75,306.75,-96.6777757319094
181.5,306.75,-95.9901697816532
182.25,306.75,-92.44580192431084
183.0,306.75,-87.21703694911942
183.75,306.75,-84.39994266757114
184.5,306.75,-83.396162652182
185.25,306.75,-83.17889092505304
186.0,306.75,-83.83564546396359
186.75,306.75,-84.25209383352455
187.5,306.75,-82.90780924649644
188.25,306.75,-80.04600001629872
189.0,306.75,-75.84562474552307
189.75,306.75,-71.32332083816362
190.5,306.75,-67.97871953315347
191.25,306.75,-67.39812621389758
192.0,306.75,-69.63869967422997
192.75,306.75,-69.64579801771006
193.5,306.75,-70.18903299862308
194.25,306.75,-72.05145820343522
195.0,306.75,-73.3440488333854
195.75,306.75,-74.37200863334397
196.5,306.75,-74.42000544859658
197.25,306.75,-75.93399965779945
198.0,306.75,-76.41473972895362
198.75,306.75,-77.32529288785453
199.5,306.75,-80.51843817787419
200.25,306.75,
201.0,306.75,
201.75,306.75,
202.5,306.75,
203.25,306.75,
204.0,306.75,
204.75,306.75,
205.5,306.75,
206.25,306.75,
207.0,306.75,
207.75,306.75,
208.5,306.75,
209.25,306.75,
210.0,306.75,
210.75,306.75,
211.5,306.75,
212.25,306.75,
213.0,306.75,
213.75,306.75,
214.5,306.75,
215.25,306.75,
216.0,306.75,
216.75,306.75,
217.5,306.75,
218.25,306.75,
219.0,306.75,
219.75,306.75,
220.5,306.75,
221.25,306.75,
222.0,306.75,
222.75,306.75,
223.5,306.75,
224.25,306.75,
225.0,306.75,
225.75,306.75,
226.5,306.75,
227.25,306.75,
228.0,306.75,
228.75,306.75,
229.5,306.75,
230.25,306.75,
231.0,306.75,
231.75,306.75,
232.5,306.75,
233.25,306.75,
234.0,306.75,
234.75,306.75,
235.5,306.75,
236.25,306.75,
237.0,306.75,
237.75,306.75,
238.5,306.75,
239.25,306.75,
240.0,306.75,
240.75,306.75,
241.5,306.75,
242.25,306.75,
243.0,306.75,
243.75,306.75,
244.5,306.75,
245.25,306.75,
246.0,306.75,
246.75,306.75,
247.5,306.75,
248.25,306.75,
249.0,306.75,
249.75,306.75,
250.5,306.75,
251.25,306.75,
252.0,306.75,
252.75,306.75,
253.5,306.75,
254.25,306.75,
255.0,306.75,
255.75,306.75,
256.5,306.75,
257.25,306.75,
258.0,306.75,
258.75,306.75,
123.0,307.5,-80.43658399453865
123.75,307.5,-80.7938362805159
124.5,307.5,-81.18891863932332
125.25,307.5,-81.32755684803433
126.0,307.5,-81.37342896478216
126.75,307.5,-81.787102956518
127.5,307.5,-82.01380893861975
128.25,307.5,-82.21698897223547
129.0,307.5,-82.09253249861197
129.75,307.5,-81.96691067026957
130.5,307.5,-82.19254495340596
131.25,307.5,-87.85606060606061
132.0,307.5,-88.8568376068376
132.75,307.5,-89.68809523809523
133.5,307.5,-92.00000000000001
134.25,307.5,-91.50572082379863
135.0,307.5,-90.93069306930693
135.75,307.5,
136.5,307.5,
137.25,307.5,-89.54266211604094
138.0,307.5,-89.28301886792454
138.75,307.5,-89.1006711409396
139.5,307.5,-89.23076923076923
140.25,307.5,-90.31788150471058
141.0,307.5,-92.17435897435898
141.75,307.5,-93.8805797873521
142.5,307.5,-94.74074074074075
143.25,307.5,-94.80486252321765
144.0,307.5,-94.34025684609986
144.75,307.5,-93.64262510040129
145.5,307.5,-93.12676056338029
146.25,307.5,-92.07414012366432
147.0,307.5,-90.6829727187206
147.75,307.5,-89.2652756182835
148.5,307.5,-88.31598107025846
149.25,307.5,-87.60798122065727
150.0,307.5,-87.65942028985508
150.75,307.5,
151.5,307.5,
152.25,307.5,
153.0,307.5,
153.75,307.5,
154.5,307.5,
155.25,307.5,
156.0,307.5,
156.75,307.5,
157.5,307.5,
158.25,307.5,
159.0,307.5,
159.75,307.5,
160.5,307.5,
161.25,307.5,
162.0,307.5,
162.75,307.5,
163.5,307.5,
164.25,307.5,
165.0,307.5,
165.75,307.5,
166.5,307.5,
167.25,307.5,
168.0,307.5,
168.75,307.5,
169.5,307.5,
170.25,307.5,
171.0,307.5,
171.75,307.5,
172.5,307.5,
173.25,307.5,
174.0,307.5,
174.75,307.5,
175.5,307.5,
176.25,307.5,-87.89479392624727
177.0,307.5,-88.60112359550563
177.75,307.5,-89.60408921933086
178.5,307.5,-87.79442508710801
179.25,307.5,-90.38547994481483
180.0,307.5,-93.53705486044274
180.75,307.5,-95.90426596884384
181.5,307.5,-94.90683411214953
182.25,307.5,-89.82226538268895
183.0,307.5,-85.03800911194388
183.75,307.5,-82.14414002416424
184.5,307.5,-80.90290010092208
185.25,307.5,-81.1838779560627
186.0,307.5,-79.90856962669953
186.75,307.5,-79.71013864139992
187.5,307.5,-79.53384675122962
188.25,307.5,-78.30016673053213
189.0,307.5,-75.57603808582317
189.75,307.5,-71.13271203077882
190.5,307.5,-68.30135083999174
191.25,307.5,-67.82697964108101
192.0,307.5,-69.30414908760739
192.75,307.5,-69.7685388898858
193.5,307.5,-70.03563257491689
194.25,307.5,-71.20092928036892
195.0,307.5,-72.39579744352042
195.75,307.5,-73.3315711042395
196.5,307.5,-74.13335051957829
197.25,307.5,-75.47832271441574
198.0,307.5,-76.23601433406331
198.75,307.5,-76.85218628301621
199.5,307.5,
200.25,307.5,
201.0,307.5,
201.75,307.5,
202.5,307.5,
203.25,307.5,
204.0,307.5,
204.75,307.5,
205.5,307.5,
206.25,307.5,
207.0,307.5,
207.75,307.5,
208.5,307.5,
209.25,307.5,
210.0,307.5,
210.75,307.5,
211.5,307.5,
212.25,307.5,
213.0,307.5,
213.75,307.5,
214.5,307.5,
215.25,307.5,
216.0,307.5,
216.75,307.5,
217.5,307.5,
218.25,307.5,
219.0,307.5,
219.75,307.5,
220.5,307.5,
221.25,307.5,
222.0,307.5,
222.75,307.5,
223.5,307.5,
224.25,307.5,
225.0,307.5,
225.75,307.5,
226.5,307.5,
227.25,307.5,
228.0,307.5,
228.75,307.5,
229.5,307.5,
230.25,307.5,
231.0,307.5,
231.75,307.5,
232.5,307.5,
233.25,307.5,
234.0,307.5,
234.75,307.5,
235.5,307.5,
236.25,307.5,
237.0,307.5,
237.75,307.5,
238.5,307.5,
239.25,307.5,
240.0,307.5,
240.75,307.5,
241.5,307.5,
242.25,307.5,
243.0,307.5,
243.75,307.5,
244.5,307.5,
245.25,307.5,
246.0,307.5,
246.75,307.5,
247.5,307.5,
248.25,307.5,
249.0,307.5,
249.75,307.5,
250.5,307.5,
251.25,307.5,
252.0,307.5,
252.75,307.5,
253.5,307.5,
254.25,307.5,
255.0,307.5,
255.75,307.5,
256.5,307.5,
257.25,307.5,
258.0,307.5,
258.75,307.5,
123.0,308.25,-80.02680303205518
123.75,308.25,-80.32685637872629
124.5,308.25,-80.45603134651137
125.25,308.25,-80.59644846077526
126.0,308.25,-81.41497864051004
126.75,308.25,-82.5812465066884
127.5,308.25,-82.71009265270992
128.25,308.25,-82.29995020727583
129.0,308.25,-82.24981053127969
129.75,308.25,-83.48795644062545
130.5,308.25,-84.76057537850751
131.25,308.25,-88.340395480226
132.0,308.25,-89.48409669211196
132.75,308.25,-90.37444444444444
133.5,308.25,-92.49427917620137
134.25,308.25,-92.0
135.0,308.25,-91.38810198300281
135.75,308.25,-90.72189349112426
136.5,308.25,-90.09970674486803
137.25,308.25,-89.70700636942676
138.0,308.25,-89.52789699570816
138.75,308.25,-89.45882352941177
139.5,308.25,-89.696
140.25,308.25,-90.75840978593273
141.0,308.25,-92.18956336528223
141.75,308.25,-93.52205362484364
142.5,308.25,-94.27754924720674
143.25,308.25,-94.19809512326819
144.0,308.25,-93.87022515070049
144.75,308.25,-93.22620922479982
145.5,308.25,-92.59868222208789
146.25,308.25,-91.29515418502204
147.0,308.25,-89.71530656828003
147.75,308.25,-88.26551243663098
148.5,308.25,-87.42749319036048
149.25,308.25,-87.14957264957265
150.0,308.25,-87.29461279461279
150.75,308.25,
151.5,308.25,
152.25,308.25,
153.0,308.25,
153.75,308.25,
154.5,308.25,
155.25,308.25,
156.0,308.25,
156.75,308.25,
157.5,308.25,
158.25,308.25,
159.0,308.25,
159.75,308.25,
160.5,308.25,
161.25,308.25,
162.0,308.25,
162.75,308.25,
163.5,308.25,
164.25,308.25,
165.0,308.25,
165.75,308.25,
166.5,308.25,
167.25,308.25,
168.0,308.25,
168.75,308.25,
169.5,308.25,
170.25,308.25,
171.0,308.25,
171.75,308.25,
172.5,308.25,
173.25,308.25,
174.0,308.25,
174.75,308.25,
175.5,308.25,
176.25,308.25,-86.77188940092167
177.0,308.25,-87.17781155015197
177.75,308.25,-84.04807047899887
178.5,308.25,-85.23893829675926
179.25,308.25,-86.90895220815638
180.0,308.25,-88.96730255555345
180.75,308.25,-90.37341236240475
181.5,308.25,-88.56675747797897
182.25,308.25,-84.0376720365318
183.0,308.25,-80.30897996782723
183.75,308.25,-79.10460878623591
184.5,308.25,-78.34159288200743
185.25,308.25,-78.78273772968537
186.0,308.25,-78.56492760587707
186.75,308.25,-77.971752673022
187.5,308.25,-77.89452895586422
188.25,308.25,-77.39348594314117
189.0,308.25,-75.712898309881
189.75,308.25,-73.08701160264646
190.5,308.25,-69.83381963106245
191.25,308.25,-69.23349525840374
192.0,308.25,-69.09275891973307
192.75,308.25,-70.3710020236202
193.5,308.25,-70.60427092231718
194.25,308.25,-71.40808678786226
195.0,308.25,-72.34396198244065
195.75,308.25,-73.19084038734015
196.5,308.25,-73.44258437517733
197.25,308.25,-75.29822369056174
198.0,308.25,-69.78794037940379
198.75,308.25,-69.79219409282699
199.5,308.25,
200.25,308.25,
201.0,308.25,
201.75,308.25,
202.5,308.25,
203.25,308.25,
204.0,308.25,
204.75,308.25,
205.5,308.25,
206.25,308.25,
207.0,308.25,
207.75,308.25,
208.5,308.25,
209.25,308.25,
210.0,308.25,
210.75,308.25,
211.5,308.25,
212.25,308.25,
213.0,308.25,
213.75,308.25,
214.5,308.25,
215.25,308.25,
216.0,308.25,
216.75,308.25,
217.5,308.25,
218.25,308.25,
219.0,308.25,
219.75,308.25,
220.5,308.25,
221.25,308.25,
222.0,308.25,
222.75,308.25,
223.5,308.25,
224.25,308.25,
225.0,308.25,
225.75,308.25,
226.5,308.25,
227.25,308.25,
228.0,308.25,
228.75,308.25,
229.5,308.25,
230.25,308.25,
231.0,308.25,
231.75,308.25,
232.5,308.25,
233.25,308.25,
234.0,308.25,
234.75,308.25,
235.5,308.25,
236.25,308.25,
237.0,308.25,
237.75,308.25,
238.5,308.25,
239.25,308.25,
240.0,308.25,
240.75,308.25,
241.5,308.25,
242.25,308.25,
243.0,308.25,
243.75,308.25,
244.5,308.25,
245.25,308.25,
246.0,308.25,
246.75,308.25,
247.5,308.25,
248.25,308.25,
249.0,308.25,
249.75,308.25,
250.5,308.25,
251.25,308.25,
252.0,308.25,
252.75,308.25,
253.5,308.25,
254.25,308.25,
255.0,308.25,
255.75,308.25,
256.5,308.25,
257.25,308.25,
258.0,308.25,
258.75,308.25,
123.0,309.0,-79.42307692307692
123.75,309.0,-79.87353508842392
124.5,309.0,-80.07367387033399
125.25,309.0,-80.06650533618476
126.0,309.0,-81.42546583850931
126.75,309.0,-83.36143711949715
127.5,309.0,-83.1849108229545
128.25,309.0,-82.46998025370486
129.0,309.0,-83.19718309859157
129.75,309.0,-83.74441860949766
130.5,309.0,-84.60337652219484
131.25,309.0,-89.09511784511784
132.0,309.0,-90.3452380952381
132.75,309.0,-91.23982188295165
133.5,309.0,-93.06930693069306
134.25,309.0,-92.61189801699717
135.0,309.0,-92.00000000000001
135.75,309.0,-91.29180327868852
136.5,309.0,-90.59740259740259
137.25,309.0,-90.03039513677811
138.0,309.0,-89.88235294117646
138.75,309.0,-89.93301435406698
139.5,309.0,-90.2439024390244
140.25,309.0,-90.94890510948906
141.0,309.0,-92.22222222222223
141.75,309.0,-93.16864161306098
142.5,309.0,-93.78817089134833
143.25,309.0,-93.48636212013305
144.0,309.0,-93.24269717624148
144.75,309.0,-93.0511653220172
145.5,309.0,-92.03155617763073
146.25,309.0,-90.67643165422545
147.0,309.0,-89.14285714285715
147.75,309.0,-87.83081403411455
148.5,309.0,-87.11842858050981
149.25,309.0,-87.01282051282053
150.0,309.0,
150.75,309.0,
151.5,309.0,
152.25,309.0,
153.0,309.0,
153.75,309.0,
154.5,309.0,
155.25,309.0,
156.0,309.0,
156.75,309.0,
157.5,309.0,
158.25,309.0,
159.0,309.0,
159.75,309.0,
160.5,309.0,
161.25,309.0,
162.0,309.0,
162.75,309.0,
163.5,309.0,
164.25,309.0,
165.0,309.0,
165.75,309.0,
166.5,309.0,
167.25,309.0,
168.0,309.0,
168.75,309.0,
169.5,309.0,
170.25,309.0,
171.0,309.0,
171.75,309.0,
172.5,309.0,
173.25,309.0,
174.0,309.0,
174.75,309.0,
175.5,309.0,-85.5
176.25,309.0,-85.5
177.0,309.0,-85.49999999999999
177.75,309.0,-81.84473049074819
178.5,309.0,-82.09787234042552
179.25,309.0,-82.31114327062228
180.0,309.0,-82.35483870967742
180.75,309.0,-82.00252587481518
181.5,309.0,-80.05636852487699
182.25,309.0,-77.8643506283663
183.0,309.0,-75.92452830188678
183.75,309.0,-75.1577334862379
184.5,309.0,-75.20538384845463
185.25,309.0,-77.25742359976856
186.0,309.0,-77.61986301369863
186.75,309.0,-77.9582439214144
187.5,309.0,-77.85348534261303
188.25,309.0,-77.4766047152999
189.0,309.0,-76.01923076923076
189.75,309.0,-74.52154923550972
190.5,309.0,-72.93140610887299
191.25,309.0,-70.43480053675536
192.0,309.0,-69.09383378016088
192.75,309.0,-69.34283725900396
193.5,309.0,-68.94149259785034
194.25,309.0,-69.04185561956122
195.0,309.0,-69.10526315789474
195.75,309.0,-69.15352200603473
196.5,309.0,-69.18669400870999
197.25,309.0,-69.75579710144929
198.0,309.0,-69.76851851851852
198.75,309.0,
199.5,309.0,
200.25,309.0,
201.0,309.0,
201.75,309.0,
202.5,309.0,
203.25,309.0,
204.0,309.0,
204.75,309.0,
205.5,309.0,
206.25,309.0,
207.0,309.0,
207.75,309.0,
208.5,309.0,
209.25,309.0,
210.0,309.0,
210.75,309.0,
211.5,309.0,
212.25,309.0,
213.0,309.0,
213.75,309.0,
214.5,309.0,
215.25,309.0,
216.0,309.0,
216.75,309.0,
217.5,309.0,
218.25,309.0,
219.0,309.0,
219.75,309.0,
220.5,309.0,
221.25,309.0,
222.0,309.0,
222.75,309.0,
223.5,309.0,
224.25,309.0,
225.0,309.0,
225.75,309.0,
226.5,309.0,
227.25,309.0,
228.0,309.0,
228.75,309.0,
229.5,309.0,
230.25,309.0,
231.0,309.0,
231.75,309.0,
232.5,309.0,
233.25,309.0,
234.0,309.0,
234.75,309.0,
235.5,309.0,
236.25,309.0,
237.0,309.0,
237.75,309.0,
238.5,309.0,
239.25,309.0,
240.0,309.0,
240.75,309.0,
241.5,309.0,
242.25,309.0,
243.0,309.0,
243.75,309.0,
244.5,309.0,
245.25,309.0,
246.0,309.0,
246.75,309.0,
247.5,309.0,
248.25,309.0,
249.0,309.0,
249.75,309.0,
250.5,309.0,
251.25,309.0,
252.0,309.0,
252.75,309.0,
253.5,309.0,
254.25,309.0,
255.0,309.0,
255.75,309.0,
256.5,309.0,
257.25,309.0,
258.0,309.0,
258.75,309.0,
123.0,309.75,-78.39861531555304
123.75,309.75,-79.20031082080892
124.5,309.75,-79.90848707389621
125.25,309.75,-80.22858257903182
126.0,309.75,-81.10741033478429
126.75,309.75,-82.45186492053367
127.5,309.75,-82.62090573151575
128.25,309.75,-82.70436882709937
129.0,309.75,-83.3498532747601
129.75,309.75,-84.12975214456978
130.5,309.75,-85.78583105623056
131.25,309.75,-90.14147286821705
132.0,309.75,-91.41835016835017
132.75,309.75,-92.23870056497175
133.5,309.75,
134.25,309.75,-93.27810650887574
135.0,309.75,-92.70819672131147
135.75,309.75,-92.0
136.5,309.75,-91.26279863481228
137.25,309.75,-90.62420382165605
138.0,309.75,-91.00991971358006
138.75,309.75,-90.37593984962406
139.5,309.75,-90.69683257918552
140.25,309.75,-91.2577319587629
141.0,309.75,-92.0
141.75,309.75,-92.92668027820659
142.5,309.75,-93.41661633530138
143.25,309.75,-92.86098061074172
144.0,309.75,-92.6440100881107
144.75,309.75,-92.53276140969483
145.5,309.75,-91.5605468263652
146.25,309.75,-90.32969672705434
147.0,309.75,-89.01510712114495
147.75,309.75,-87.92727272727274
148.5,309.75,-87.15964912280701
149.25,309.75,
150.0,309.75,
150.75,309.75,
151.5,309.75,
152.25,309.75,
153.0,309.75,
153.75,309.75,
154.5,309.75,
155.25,309.75,
156.0,309.75,
156.75,309.75,
157.5,309.75,
158.25,309.75,
159.0,309.75,
159.75,309.75,
160.5,309.75,
161.25,309.75,
162.0,309.75,
162.75,309.75,
163.5,309.75,
164.25,309.75,
165.0,309.75,
165.75,309.75,
166.5,309.75,
167.25,309.75,
168.0,309.75,
168.75,309.75,
169.5,309.75,
170.25,309.75,
171.0,309.75,
171.75,309.75,
172.5,309.75,
173.25,309.75,
174.0,309.75,
174.75,309.75,
175.5,309.75,
176.25,309.75,-84.22811059907835
177.0,309.75,-83.82218844984803
177.75,309.75,-79.78136577195497
178.5,309.75,-79.27281488620358
179.25,309.75,-78.41505843979341
180.0,309.75,-77.4864696902512
180.75,309.75,-76.29590404042204
181.5,309.75,-75.13129833875607
182.25,309.75,-73.21495887469946
183.0,309.75,-71.61313616311423
183.75,309.75,-72.18331076834474
184.5,309.75,-73.95129974354951
185.25,309.75,-75.330348874022
186.0,309.75,-76.26312777198834
186.75,309.75,-76.30828092740767
187.5,309.75,-75.67497691989395
188.25,309.75,-76.54713578240376
189.0,309.75,-75.44671489857798
189.75,309.75,-75.58341659259408
190.5,309.75,-74.61581250753676
191.25,309.75,-72.30180759944183
192.0,309.75,-71.61403227941007
192.75,309.75,-69.43074275897686
193.5,309.75,-68.831765533042
194.25,309.75,-68.94083276048316
195.0,309.75,-69.01549186250811
195.75,309.75,-69.06952491912078
196.5,309.75,-69.7219887955182
197.25,309.75,-69.74061032863851
198.0,309.75,-69.75389863547758
198.75,309.75,
199.5,309.75,
200.25,309.75,
201.0,309.75,
201.75,309.75,
202.5,309.75,
203.25,309.75,
204.0,309.75,
204.75,309.75,
205.5,309.75,
206.25,309.75,
207.0,309.75,
207.75,309.75,
208.5,309.75,
209.25,309.75,
210.0,309.75,
210.75,309.75,
211.5,309.75,
212.25,309.75,
213.0,309.75,
213.75,309.75,
214.5,309.75,
215.25,309.75,
216.0,309.75,
216.75,309.75,
217.5,309.75,
218.25,309.75,
219.0,309.75,
219.75,309.75,
220.5,309.75,
221.25,309.75,
222.0,309.75,
222.75,309.75,
223.5,309.75,
224.25,309.75,
225.0,309.75,
225.75,309.75,
226.5,309.75,
227.25,309.75,
228.0,309.75,
228.75,309.75,
229.5,309.75,
230.25,309.75,
231.0,309.75,
231.75,309.75,
232.5,309.75,
233.25,309.75,
234.0,309.75,
234.75,309.75,
235.5,309.75,
236.25,309.75,
237.0,309.75,
237.75,309.75,
238.5,309.75,
239.25,309.75,
240.0,309.75,
240.75,309.75,
241.5,309.75,
242.25,309.75,
243.0,309.75,
243.75,309.75,
244.5,309.75,
245.25,309.75,
246.0,309.75,
246.75,309.75,
247.5,309.75,
248.25,309.75,
249.0,309.75,
249.75,309.75,
250.5,309.75,
251.25,309.75,
252.0,309.75,
252.75,309.75,
253.5,309.75,
254.25,309.75,
255.0,309.75,
255.75,309.75,
256.5,309.75,
257.25,309.75,
258.0,309.75,
258.75,309.75,
123.0,310.5,-76.95987474528096
123.75,310.5,-78.21161582352288
124.5,310.5,-79.71036106750392
125.25,310.5,-80.02978576975771
126.0,310.5,-80.50767373854337
126.75,310.5,-81.29232571778726
127.5,310.5,-81.69224125843417
128.25,310.5,-82.51869591534148
129.0,310.5,-83.6090405314978
129.75,310.5,-84.71085620840621
130.5,310.5,-86.78227100111307
131.25,310.5,-91.38502109704642
132.0,310.5,-92.58333333333333
132.75,310.5,-93.256006006006
133.5,310.5,
134.25,310.5,-93.90029325513197
135.0,310.5,-93.4025974025974
135.75,310.5,-92.73720136518772
136.5,310.5,-92.00000000000001
137.25,310.5,-91.3186119873817
138.0,310.5,-90.78651685393258
138.75,310.5,-90.73313782991201
139.5,310.5,-91.02702702702703
140.25,310.5,-91.46468401486989
141.0,310.5,-92.0
141.75,310.5,-92.53531598513011
142.5,310.5,-92.97297297297297
143.25,310.5,-92.36587695740715
144.0,310.5,-92.74169132055172
144.75,310.5,-92.10671909007934
145.5,310.5,-91.2484800941361
146.25,310.5,-90.2211434568719
147.0,310.5,-89.17086190235148
147.75,310.5,-87.78964401294498
148.5,310.5,
149.25,310.5,
150.0,310.5,
150.75,310.5,
151.5,310.5,
152.25,310.5,
153.0,310.5,
153.75,310.5,
154.5,310.5,
155.25,310.5,
156.0,310.5,
156.75,310.5,
157.5,310.5,
158.25,310.5,
159.0,310.5,
159.75,310.5,
160.5,310.5,
161.25,310.5,
162.0,310.5,
162.75,310.5,
163.5,310.5,
164.25,310.5,
165.0,310.5,
165.75,310.5,
166.5,310.5,
167.25,310.5,
168.0,310.5,
168.75,310.5,
169.5,310.5,
170.25,310.5,
171.0,310.5,
171.75,310.5,
172.5,310.5,
173.25,310.5,
174.0,310.5,
174.75,310.5,
175.5,310.5,
176.25,310.5,-83.1052060737527
177.0,310.5,-82.39887640449437
177.75,310.5,-78.18269405562626
178.5,310.5,-77.32319241406559
179.25,310.5,-76.15779235968336
180.0,310.5,-75.156958994794
180.75,310.5,-74.2144609866751
181.5,310.5,-73.63946694993
182.25,310.5,-70.21316969774763
183.0,310.5,-67.38496630417353
183.75,310.5,-69.63625396969832
184.5,310.5,-73.64695077149156
185.25,310.5,-75.36861897258437
186.0,310.5,-74.41180481558949
186.75,310.5,-70.5008709986714
187.5,310.5,-71.20073062483269
188.25,310.5,-74.42197356470359
189.0,310.5,-76.03069855467668
189.75,310.5,-76.07141822095157
190.5,310.5,-74.7414288874143
191.25,310.5,-73.88581345094727
192.0,310.5,-73.18778915150212
192.75,310.5,-69.63536488067429
193.5,310.5,-68.77346115035317
194.25,310.5,-68.87209623257739
195.0,310.5,-68.94638714814943
195.75,310.5,-69.00215243698669
196.5,310.5,-69.71491228070177
197.25,310.5,-69.73095238095239
198.0,310.5,
198.75,310.5,
199.5,310.5,
200.25,310.5,
201.0,310.5,
201.75,310.5,
202.5,310.5,
203.25,310.5,
204.0,310.5,
204.75,310.5,
205.5,310.5,
206.25,310.5,
207.0,310.5,
207.75,310.5,
208.5,310.5,
209.25,310.5,
210.0,310.5,
210.75,310.5,
211.5,310.5,
212.25,310.5,
213.0,310.5,
213.75,310.5,
214.5,310.5,
215.25,310.5,
216.0,310.5,
216.75,310.5,
217.5,310.5,
218.25,310.5,
219.0,310.5,
219.75,310.5,
220.5,310.5,
221.25,310.5,
222.0,310.5,
222.75,310.5,
223.5,310.5,
224.25,310.5,
225.0,310.5,
225.75,310.5,
226.5,310.5,
227.25,310.5,
228.0,310.5,
228.75,310.5,
229.5,310.5,
230.25,310.5,
231.0,310.5,
231.75,310.5,
232.5,310.5,
233.25,310.5,
234.0,310.5,
234.75,310.5,
235.5,310.5,
236.25,310.5,
237.0,310.5,
237.75,310.5,
238.5,310.5,
239.25,310.5,
240.0,310.5,
240.75,310.5,
241.5,310.5,
242.25,310.5,
243.0,310.5,
243.75,310.5,
244.5,310.5,
245.25,310.5,
246.0,310.5,
246.75,310.5,
247.5,310.5,
248.25,310.5,
249.0,310.5,
249.75,310.5,
250.5,310.5,
251.25,310.5,
252.0,310.5,
252.75,310.5,
253.5,310.5,
254.25,310.5,
255.0,310.5,
255.75,310.5,
256.5,310.5,
257.25,310.5,
258.0,310.5,
258.75,310.5,
123.0,311.25,-76.6098355690243
123.75,311.25,-77.86418317865133
124.5,311.25,-79.71687624624828
125.25,311.25,-79.98023001558403
126.0,311.25,-80.18816200687779
126.75,311.25,-80.66920971989039
127.5,311.25,-81.79769675437431
128.25,311.25,-82.47930697134777
129.0,311.25,-84.03161369588827
129.75,311.25,-85.91477575560815
130.5,311.25,-88.00566942668674
131.25,311.25,-92.59188034188035
132.0,311.25,-93.63095238095238
132.75,311.25,
133.5,311.25,
134.25,311.25,
135.0,311.25,-93.96960486322189
135.75,311.25,-93.37579617834395
136.5,311.25,-92.68138801261829
137.25,311.25,-92.0
138.0,311.25,-91.42705570291777
138.75,311.25,
139.5,311.25,-91.25964010282777
140.25,311.25,-91.60220994475138
141.0,311.25,-92.00000000000001
141.75,311.25,-92.3977900552486
142.5,311.25,-92.74035989717223
143.25,311.25,
144.0,311.25,-91.89567430025446
144.75,311.25,-91.18079096045197
145.5,311.25,-90.32732732732732
146.25,311.25,-89.44848484848484
147.0,311.25,-88.68115942028984
147.75,311.25,
148.5,311.25,
149.25,311.25,
150.0,311.25,-86.84890965732086
150.75,311.25,-86.80303030303031
151.5,311.25,-86.74649859943978
152.25,311.25,-86.68905472636817
153.0,311.25,
153.75,311.25,
154.5,311.25,
155.25,311.25,
156.0,311.25,
156.75,311.25,
157.5,311.25,
158.25,311.25,
159.0,311.25,
159.75,311.25,
160.5,311.25,
161.25,311.25,
162.0,311.25,
162.75,311.25,
163.5,311.25,
164.25,311.25,
165.0,311.25,
165.75,311.25,
166.5,311.25,
167.25,311.25,
168.0,311.25,
168.75,311.25,
169.5,311.25,
170.25,311.25,
171.0,311.25,
171.75,311.25,
172.5,311.25,
173.25,311.25,
174.0,311.25,
174.75,311.25,
175.5,311.25,
176.25,311.25,
177.0,311.25,-81.37032418952619
177.75,311.25,-77.10981442510044
178.5,311.25,-76.21952865683821
179.25,311.25,-75.19229739549469
180.0,311.25,-74.58118644385014
180.75,311.25,-74.0862079504541
181.5,311.25,-73.70878186821889
182.25,311.25,-69.8428196071981
183.0,311.25,-66.46253819919147
183.75,311.25,-69.7132745544029
184.5,311.25,-75.11951505553982
185.25,311.25,-78.26419822945367
186.0,311.25,-75.74663109432815
186.75,311.25,-69.28772051155528
187.5,311.25,-71.10230187429676
188.25,311.25,-76.59605165097437
189.0,311.25,-78.79931362014668
189.75,311.25,-77.67974170900726
190.5,311.25,-76.99448641059267
191.25,311.25,-75.41472083022354
192.0,311.25,-74.58797213942842
192.75,311.25,-68.15318200807688
193.5,311.25,-68.4259530791789
194.25,311.25,-68.48316062176166
195.0,311.25,-68.5172605790646
195.75,311.25,
196.5,311.25,
197.25,311.25,
198.0,311.25,
198.75,311.25,
199.5,311.25,
200.25,311.25,
201.0,311.25,
201.75,311.25,
202.5,311.25,
203.25,311.25,
204.0,311.25,
204.75,311.25,
205.5,311.25,
206.25,311.25,
207.0,311.25,
207.75,311.25,
208.5,311.25,
209.25,311.25,
210.0,311.25,
210.75,311.25,
211.5,311.25,
212.25,311.25,
213.0,311.25,
213.75,311.25,
214.5,311.25,
215.25,311.25,
216.0,311.25,
216.75,311.25,
217.5,311.25,
218.25,311.25,
219.0,311.25,
219.75,311.25,
220.5,311.25,
221.25,311.25,
222.0,311.25,
222.75,311.25,
223.5,311.25,
224.25,311.25,
225.0,311.25,
225.75,311.25,
226.5,311.25,
227.25,311.25,
228.0,311.25,
228.75,311.25,
229.5,311.25,
230.25,311.25,
231.0,311.25,
231.75,311.25,
232.5,311.25,
233.25,311.25,
234.0,311.25,
234.75,311.25,
235.5,311.25,
236.25,311.25,
237.0,311.25,
237.75,311.25,
238.5,311.25,
239.25,311.25,
240.0,311.25,
240.75,311.25,
241.5,311.25,
242.25,311.25,
243.0,311.25,
243.75,311.25,
244.5,311.25,
245.25,311.25,
246.0,311.25,
246.75,311.25,
247.5,311.25,
248.25,311.25,
249.0,311.25,
249.75,311.25,
250.5,311.25,
251.25,311.25,
252.0,311.25,
252.75,311.25,
253.5,311.25,
254.25,311.25,
255.0,311.25,
255.75,311.25,
256.5,311.25,
257.25,311.25,
258.0,311.25,
258.75,311.25,
123.0,312.0,-77.55197456229882
123.75,312.0,-78.34832120844999
124.5,312.0,-79.40346557467035
125.25,312.0,-79.83027058836181
126.0,312.0,-80.06880733944955
126.75,312.0,-80.38286717821053
127.5,312.0,-81.75472460489149
128.25,312.0,-82.62722106131355
129.0,312.0,-84.90933641975306
129.75,312.0,-86.82671735577323
130.5,312.0,-90.29389769667962
131.25,312.0,-93.49899598393573
132.0,312.0,-94.36111111111111
132.75,312.0,
133.5,312.0,
134.25,312.0,
135.0,312.0,
135.75,312.0,-93.8356940509915
136.5,312.0,-93.21348314606742
137.25,312.0,-92.57294429708223
138.0,312.0,-92.0
138.75,312.0,-91.5433403805497
139.5,312.0,
140.25,312.0,-91.69556025369978
141.0,312.0,-92.0
141.75,312.0,-92.3044397463002
142.5,312.0,
143.25,312.0,
144.0,312.0,-91.53333333333332
144.75,312.0,-90.92743764172337
145.5,312.0,-90.23809523809523
146.25,312.0,-89.5419664268585
147.0,312.0,
147.75,312.0,-86.77100271002709
148.5,312.0,-86.77160493827161
149.25,312.0,-86.75589225589225
150.0,312.0,-86.72222222222223
150.75,312.0,-86.67508417508418
151.5,312.0,-86.62345679012346
152.25,312.0,-86.57588075880759
153.0,312.0,-86.53703703703704
153.75,312.0,-86.50779727095518
154.5,312.0,
155.25,312.0,
156.0,312.0,
156.75,312.0,
157.5,312.0,
158.25,312.0,
159.0,312.0,
159.75,312.0,
160.5,312.0,
161.25,312.0,
162.0,312.0,
162.75,312.0,
163.5,312.0,
164.25,312.0,
165.0,312.0,
165.75,312.0,
166.5,312.0,
167.25,312.0,
168.0,312.0,
168.75,312.0,
169.5,312.0,
170.25,312.0,
171.0,312.0,
171.75,312.0,
172.5,312.0,
173.25,312.0,
174.0,312.0,
174.75,312.0,
175.5,312.0,
176.25,312.0,
177.0,312.0,
177.75,312.0,-76.4506661212912
178.5,312.0,-75.65689500448698
179.25,312.0,-75.50284267989406
180.0,312.0,-75.38661114670084
180.75,312.0,-74.61646736353117
181.5,312.0,-73.85051205094274
182.25,312.0,-72.31228860652261
183.0,312.0,-71.68842224744608
183.75,312.0,-75.27588777244824
184.5,312.0,-80.0608725734038
185.25,312.0,-81.95181183434872
186.0,312.0,-82.27777777777777
186.75,312.0,-82.46328504919603
187.5,312.0,-82.44788548858959
188.25,312.0,-82.27429895706301
189.0,312.0,-81.93986131282347
189.75,312.0,-81.38248578685864
190.5,312.0,-78.61450188993382
191.25,312.0,-76.88025602094437
192.0,312.0,-75.90123456790123
192.75,312.0,-74.63140980484559
193.5,312.0,-68.38274336283186
194.25,312.0,-68.43108651911467
195.0,312.0,
195.75,312.0,
196.5,312.0,
197.25,312.0,
198.0,312.0,
198.75,312.0,
199.5,312.0,
200.25,312.0,
201.0,312.0,
201.75,312.0,
202.5,312.0,
203.25,312.0,
204.0,312.0,
204.75,312.0,
205.5,312.0,
206.25,312.0,
207.0,312.0,
207.75,312.0,
208.5,312.0,
209.25,312.0,
210.0,312.0,
210.75,312.0,
211.5,312.0,
212.25,312.0,
213.0,312.0,
213.75,312.0,
214.5,312.0,
215.25,312.0,
216.0,312.0,
216.75,312.0,
217.5,312.0,
218.25,312.0,
219.0,312.0,
219.75,312.0,
220.5,312.0,
221.25,312.0,
222.0,312.0,
222.75,312.0,
223.5,312.0,
224.25,312.0,
225.0,312.0,
225.75,312.0,
226.5,312.0,
227.25,312.0,
228.0,312.0,
228.75,312.0,
229.5,312.0,
230.25,312.0,
231.0,312.0,
231.75,312.0,
232.5,312.0,
233.25,312.0,
234.0,312.0,
234.75,312.0,
235.5,312.0,
236.25,312.0,
237.0,312.0,
237.75,312.0,
238.5,312.0,
239.25,312.0,
240.0,312.0,
240.75,312.0,
241.5,312.0,
242.25,312.0,
243.0,312.0,
243.75,312.0,
244.5,312.0,
245.25,312.0,
246.0,312.0,
246.75,312.0,
247.5,312.0,
248.25,312.0,
249.0,312.0,
249.75,312.0,
250.5,312.0,
251.25,312.0,
252.0,312.0,
252.75,312.0,
253.5,312.0,
254.25,312.0,
255.0,312.0,
255.75,312.0,
256.5,312.0,
257.25,312.0,
258.0,312.0,
258.75,312.0,
123.0,312.75,-78.15638726550938
123.75,312.75,-78.75303148164465
124.5,312.75,-79.30935599925017
125.25,312.75,-79.69938620779668
126.0,312.75,-79.97199962122714
126.75,312.75,-80.12372249609233
127.5,312.75,-81.94879707003723
128.25,312.75,-83.03190412659606
129.0,312.75,-85.54542208873244
129.75,312.75,-88.7722834529181
130.5,312.75,-91.08135228076958
131.25,312.75,-93.98049645390071
132.0,312.75,
132.75,312.75,
133.5,312.75,
134.25,312.75,
135.0,312.75,
135.75,312.75,
136.5,312.75,
137.25,312.75,
138.0,312.75,-92.45665961945032
138.75,312.75,-92.0
139.5,312.75,
140.25,312.75,
141.0,312.75,
141.75,312.75,
142.5,312.75,
143.25,312.75,
144.0,312.75,
144.75,312.75,
145.5,312.75,
146.25,312.75,
147.0,312.75,-86.65347721822542
147.75,312.75,-86.64689265536724
148.5,312.75,-86.62944983818771
149.25,312.75,-86.59929078014186
150.0,312.75,-86.55860805860806
150.75,312.75,-86.51418439716313
151.5,312.75,-86.47411003236245
152.25,312.75,-86.44350282485877
153.0,312.75,-86.4232613908873
153.75,312.75,
154.5,312.75,
155.25,312.75,
156.0,312.75,
156.75,312.75,
157.5,312.75,
158.25,312.75,
159.0,312.75,
159.75,312.75,
160.5,312.75,
161.25,312.75,
162.0,312.75,
162.75,312.75,
163.5,312.75,
164.25,312.75,
165.0,312.75,
165.75,312.75,
166.5,312.75,
167.25,312.75,
168.0,312.75,
168.75,312.75,
169.5,312.75,
170.25,312.75,
171.0,312.75,
171.75,312.75,
172.5,312.75,
173.25,312.75,
174.0,312.75,
174.75,312.75,
175.5,312.75,
176.25,312.75,
177.0,312.75,
177.75,312.75,-71.53672316384181
178.5,312.75,-71.71647509578544
179.25,312.75,-73.28385086513222
180.0,312.75,-76.29349753668151
180.75,312.75,-75.77063797504007
181.5,312.75,-75.05637748705755
182.25,312.75,-75.39533257501367
183.0,312.75,-77.05066254828796
183.75,312.75,-80.24165800991004
184.5,312.75,-83.05583274354308
185.25,312.75,-83.63671523897207
186.0,312.75,-87.3050347953728
186.75,312.75,-95.92819955204178
187.5,312.75,-94.16596338176177
188.25,312.75,-88.0372220212591
189.0,312.75,-84.87576156722388
189.75,312.75,-83.42799052972227
190.5,312.75,-82.30060431380016
191.25,312.75,-79.67452104628374
192.0,312.75,-76.89283996560386
192.75,312.75,-83.75
193.5,312.75,
194.25,312.75,
195.0,312.75,
195.75,312.75,
196.5,312.75,
197.25,312.75,
198.0,312.75,
198.75,312.75,
199.5,312.75,
200.25,312.75,
201.0,312.75,
201.75,312.75,
202.5,312.75,
203.25,312.75,
204.0,312.75,
204.75,312.75,
205.5,312.75,
206.25,312.75,
207.0,312.75,
207.75,312.75,
208.5,312.75,
209.25,312.75,
210.0,312.75,
210.75,312.75,
211.5,312.75,
212.25,312.75,
213.0,312.75,
213.75,312.75,
214.5,312.75,
215.25,312.75,
216.0,312.75,
216.75,312.75,
217.5,312.75,
218.25,312.75,
219.0,312.75,
219.75,312.75,
220.5,312.75,
221.25,312.75,
222.0,312.75,
222.75,312.75,
223.5,312.75,
224.25,312.75,
225.0,312.75,
225.75,312.75,
226.5,312.75,
227.25,312.75,
228.0,312.75,
228.75,312.75,
229.5,312.75,
230.25,312.75,
231.0,312.75,
231.75,312.75,
232.5,312.75,
233.25,312.75,
234.0,312.75,
234.75,312.75,
235.5,312.75,
236.25,312.75,
237.0,312.75,
237.75,312.75,
238.5,312.75,
239.25,312.75,
240.0,312.75,
240.75,312.75,
241.5,312.75,
242.25,312.75,
243.0,312.75,
243.75,312.75,
244.5,312.75,
245.25,312.75,
246.0,312.75,
246.75,312.75,
247.5,312.75,
248.25,312.75,
249.0,312.75,
249.75,312.75,
250.5,312.75,
251.25,312.75,
252.0,312.75,
252.75,312.75,
253.5,312.75,
254.25,312.75,
255.0,312.75,
255.75,312.75,
256.5,312.75,
257.25,312.75,
258.0,312.75,
258.75,312.75,
123.0,313.5,-78.1258246936852
123.75,313.5,-78.86665506363101
124.5,313.5,-79.21876599506768
125.25,313.5,-79.53012836903865
126.0,313.5,-79.7822667143368
126.75,313.5,-79.99999999999999
127.5,313.5,-82.23785687187622
128.25,313.5,-83.38312333896361
129.0,313.5,-87.22590841094436
129.75,313.5,-89.2745735500148
130.5,313.5,-93.08333333333334
131.25,313.5,
132.0,313.5,
132.75,313.5,
133.5,313.5,
134.25,313.5,
135.0,313.5,
135.75,313.5,
136.5,313.5,
137.25,313.5,
138.0,313.5,
138.75,313.5,
139.5,313.5,
140.25,313.5,
141.0,313.5,
141.75,313.5,
142.5,313.5,
143.25,313.5,
144.0,313.5,
144.75,313.5,
145.5,313.5,
146.25,313.5,-86.5558882235529
147.0,313.5,-86.53809523809525
147.75,313.5,-86.5112044817927
148.5,313.5,-86.47435897435898
149.25,313.5,-86.4298245614035
150.0,313.5,-86.3840579710145
150.75,313.5,-86.34561403508772
151.5,313.5,-86.32051282051282
152.25,313.5,-86.30952380952381
153.0,313.5,
153.75,313.5,
154.5,313.5,
155.25,313.5,
156.0,313.5,
156.75,313.5,
157.5,313.5,
158.25,313.5,
159.0,313.5,
159.75,313.5,
160.5,313.5,
161.25,313.5,
162.0,313.5,
162.75,313.5,
163.5,313.5,
164.25,313.5,
165.0,313.5,
165.75,313.5,
166.5,313.5,
167.25,313.5,
168.0,313.5,
168.75,313.5,
169.5,313.5,
170.25,313.5,
171.0,313.5,
171.75,313.5,
172.5,313.5,
173.25,313.5,
174.0,313.5,
174.75,313.5,
175.5,313.5,
176.25,313.5,
177.0,313.5,
177.75,313.5,-71.34320987654321
178.5,313.5,-71.43589743589743
179.25,313.5,-75.86585417238985
180.0,313.5,-75.83054650223889
180.75,313.5,-74.87283615416911
181.5,313.5,-76.82982431119052
182.25,313.5,-77.96143334209748
183.0,313.5,-79.9738405170452
183.75,313.5,-82.52327517551448
184.5,313.5,-83.7302480184096
185.25,313.5,-84.24156773122365
186.0,313.5,-87.75934518424422
186.75,313.5,-94.41703652587586
187.5,313.5,-93.8482045522117
188.25,313.5,-89.31381709788016
189.0,313.5,-86.09416874829132
189.75,313.5,-84.22612983586836
190.5,313.5,-85.1964876255059
191.25,313.5,-84.8966275659824
192.0,313.5,-84.36946902654869
192.75,313.5,
193.5,313.5,
194.25,313.5,
195.0,313.5,
195.75,313.5,
196.5,313.5,
197.25,313.5,
198.0,313.5,
198.75,313.5,
199.5,313.5,
200.25,313.5,
201.0,313.5,
201.75,313.5,
202.5,313.5,
203.25,313.5,
204.0,313.5,
204.75,313.5,
205.5,313.5,
206.25,313.5,
207.0,313.5,
207.75,313.5,
208.5,313.5,
209.25,313.5,
210.0,313.5,
210.75,313.5,
211.5,313.5,
212.25,313.5,
213.0,313.5,
213.75,313.5,
214.5,313.5,
215.25,313.5,
216.0,313.5,
216.75,313.5,
217.5,313.5,
218.25,313.5,
219.0,313.5,
219.75,313.5,
220.5,313.5,
221.25,313.5,
222.0,313.5,
222.75,313.5,
223.5,313.5,
224.25,313.5,
225.0,313.5,
225.75,313.5,
226.5,313.5,
227.25,313.5,
228.0,313.5,
228.75,313.5,
229.5,313.5,
230.25,313.5,
231.0,313.5,
231.75,313.5,
232.5,313.5,
233.25,313.5,
234.0,313.5,
234.75,313.5,
235.5,313.5,
236.25,313.5,
237.0,313.5,
237.75,313.5,
238.5,313.5,
239.25,313.5,
240.0,313.5,
240.75,313.5,
241.5,313.5,
242.25,313.5,
243.0,313.5,
243.75,313.5,
244.5,313.5,
245.25,313.5,
246.0,313.5,
246.75,313.5,
247.5,313.5,
248.25,313.5,
249.0,313.5,
249.75,313.5,
250.5,313.5,
251.25,313.5,
252.0,313.5,
252.75,313.5,
253.5,313.5,
254.25,313.5,
255.0,313.5,
255.75,313.5,
256.5,313.5,
257.25,313.5,
258.0,313.5,
258.75,313.5,
123.0,314.25,-78.30095054602764
123.75,314.25,-78.47792999942276
124.5,314.25,-79.28130278534351
125.25,314.25,-79.51661285282783
126.0,314.25,-79.72847674405061
126.75,314.25,-79.91558841410136
127.5,314.25,-82.56098613576279
128.25,314.25,-86.02596120140558
129.0,314.25,-87.64224033784706
129.75,314.25,-89.4716386637055
130.5,314.25,
131.25,314.25,
132.0,314.25,
132.75,314.25,
133.5,314.25,
134.25,314.25,
135.0,314.25,
135.75,314.25,
136.5,314.25,
137.25,314.25,
138.0,314.25,
138.75,314.25,
139.5,314.25,
140.25,314.25,
141.0,314.25,
141.75,314.25,
142.5,314.25,
143.25,314.25,
144.0,314.25,
144.75,314.25,
145.5,314.25,
146.25,314.25,-86.46168582375479
147.0,314.25,-86.42743764172337
147.75,314.25,-86.38359788359789
148.5,314.25,-86.33183183183183
149.25,314.25,-86.27777777777777
150.0,314.25,-86.23063973063974
150.75,314.25,-86.19934640522875
151.5,314.25,-86.18768768768768
152.25,314.25,
153.0,314.25,
153.75,314.25,
154.5,314.25,
155.25,314.25,
156.0,314.25,
156.75,314.25,
157.5,314.25,
158.25,314.25,
159.0,314.25,
159.75,314.25,
160.5,314.25,
161.25,314.25,
162.0,314.25,
162.75,314.25,
163.5,314.25,
164.25,314.25,
165.0,314.25,
165.75,314.25,
166.5,314.25,
167.25,314.25,
168.0,314.25,
168.75,314.25,
169.5,314.25,
170.25,314.25,
171.0,314.25,
171.75,314.25,
172.5,314.25,
173.25,314.25,
174.0,314.25,
174.75,314.25,
175.5,314.25,
176.25,314.25,
177.0,314.25,
177.75,314.25,
178.5,314.25,-71.17585301837269
179.25,314.25,-76.80847590730446
180.0,314.25,-75.28547299989519
180.75,314.25,-75.68744240181712
181.5,314.25,-78.13882572393872
182.25,314.25,-79.47201802086967
183.0,314.25,-81.52542798317272
183.75,314.25,-84.25562700557165
184.5,314.25,-86.88967756161136
185.25,314.25,-87.85247288491902
186.0,314.25,-87.33670493911254
186.75,314.25,-88.82957525862486
187.5,314.25,-89.42398942185206
188.25,314.25,-87.66137522246802
189.0,314.25,-85.72092678119294
189.75,314.25,-84.26101921963968
190.5,314.25,-86.9657884151187
191.25,314.25,-85.59455958549223
192.0,314.25,-84.95925553319918
192.75,314.25,
193.5,314.25,
194.25,314.25,
195.0,314.25,
195.75,314.25,
196.5,314.25,
197.25,314.25,
198.0,314.25,
198.75,314.25,
199.5,314.25,
200.25,314.25,
201.0,314.25,
201.75,314.25,
202.5,314.25,
203.25,314.25,
204.0,314.25,
204.75,314.25,
205.5,314.25,
206.25,314.25,
207.0,314.25,
207.75,314.25,
208.5,314.25,
209.25,314.25,
210.0,314.25,
210.75,314.25,
211.5,314.25,
212.25,314.25,
213.0,314.25,
213.75,314.25,
214.5,314.25,
215.25,314.25,
216.0,314.25,
216.75,314.25,
217.5,314.25,
218.25,314.25,
219.0,314.25,
219.75,314.25,
220.5,314.25,
221.25,314.25,
222.0,314.25,
222.75,314.25,
223.5,314.25,
224.25,314.25,
225.0,314.25,
225.75,314.25,
226.5,314.25,
227.25,314.25,
228.0,314.25,
228.75,314.25,
229.5,314.25,
230.25,314.25,
231.0,314.25,
231.75,314.25,
232.5,314.25,
233.25,314.25,
234.0,314.25,
234.75,314.25,
235.5,314.25,
236.25,314.25,
237.0,314.25,
237.75,314.25,
238.5,314.25,
239.25,314.25,
240.0,314.25,
240.75,314.25,
241.5,314.25,
242.25,314.25,
243.0,314.25,
243.75,314.25,
244.5,314.25,
245.25,314.25,
246.0,314.25,
246.75,314.25,
247.5,314.25,
248.25,314.25,
249.0,314.25,
249.75,314.25,
250.5,314.25,
251.25,314.25,
252.0,314.25,
252.75,314.25,
253.5,314.25,
254.25,314.25,
255.0,314.25,
255.75,314.25,
256.5,314.25,
257.25,314.25,
258.0,314.25,
258.75,314.25,
123.0,315.0,-78.05555555555556
123.75,315.0,-78.19871794871796
124.5,315.0,-78.35144927536231
125.25,315.0,-78.48569023569023
126.0,315.0,-78.58333333333334
126.75,315.0,-78.64185750636132
127.5,315.0,-85.9070796460177
128.25,315.0,-87.5
129.0,315.0,-89.23076923076923
129.75,315.0,
130.5,315.0,
131.25,315.0,
132.0,315.0,
132.75,315.0,
133.5,315.0,
134.25,315.0,
135.0,315.0,
135.75,315.0,
136.5,315.0,
137.25,315.0,
138.0,315.0,
138.75,315.0,
139.5,315.0,
140.25,315.0,
141.0,315.0,
141.75,315.0,
142.5,315.0,
143.25,315.0,
144.0,315.0,
144.75,315.0,
145.5,315.0,
146.25,315.0,
147.0,315.0,
147.75,315.0,
148.5,315.0,
149.25,315.0,
150.0,315.0,
150.75,315.0,
151.5,315.0,
152.25,315.0,
153.0,315.0,
153.75,315.0,
154.5,315.0,
155.25,315.0,
156.0,315.0,
156.75,315.0,
157.5,315.0,
158.25,315.0,
159.0,315.0,
159.75,315.0,
160.5,315.0,
161.25,315.0,
162.0,315.0,
162.75,315.0,
163.5,315.0,
164.25,315.0,
165.0,315.0,
165.75,315.0,
166.5,315.0,
167.25,315.0,
168.0,315.0,
168.75,315.0,
169.5,315.0,
170.25,315.0,
171.0,315.0,
171.75,315.0,
172.5,315.0,
173.25,315.0,
174.0,315.0,
174.75,315.0,
175.5,315.0,
176.25,315.0,
177.0,315.0,
177.75,315.0,
178.5,315.0,
179.25,315.0,-76.39987982200857
180.0,315.0,-75.67610308473252
180.75,315.0,-76.14557333227728
181.5,315.0,-78.6809488279572
182.25,315.0,-79.80428100030741
183.0,315.0,-81.56603773584904
183.75,315.0,-84.6020379833629
184.5,315.0,-89.69404370420354
185.25,315.0,-91.34857267154415
186.0,315.0,-86.8310249307479
186.75,315.0,-85.45908548314866
187.5,315.0,-86.24121773516428
188.25,315.0,-85.8312390776325
189.0,315.0,-85.03703703703704
189.75,315.0,-84.22412459358283
190.5,315.0,-83.54452284181548
191.25,315.0,-86.01057906458799
192.0,315.0,
192.75,315.0,
193.5,315.0,
194.25,315.0,
195.0,315.0,
195.75,315.0,
196.5,315.0,
197.25,315.0,
198.0,315.0,
198.75,315.0,
199.5,315.0,
200.25,315.0,
201.0,315.0,
201.75,315.0,
202.5,315.0,
203.25,315.0,
204.0,315.0,
204.75,315.0,
205.5,315.0,
206.25,315.0,
207.0,315.0,
207.75,315.0,
208.5,315.0,
209.25,315.0,
210.0,315.0,
210.75,315.0,
211.5,315.0,
212.25,315.0,
213.0,315.0,
213.75,315.0,
214.5,315.0,
215.25,315.0,
216.0,315.0,
216.75,315.0,
217.5,315.0,
218.25,315.0,
219.0,315.0,
219.75,315.0,
220.5,315.0,
221.25,315.0,
222.0,315.0,
222.75,315.0,
223.5,315.0,
224.25,315.0,
225.0,315.0,
225.75,315.0,
226.5,315.0,
227.25,315.0,
228.0,315.0,
228.75,315.0,
229.5,315.0,
230.25,315.0,
231.0,315.0,
231.75,315.0,
232.5,315.0,
233.25,315.0,
234.0,315.0,
234.75,315.0,
235.5,315.0,
236.25,315.0,
237.0,315.0,
237.75,315.0,
238.5,315.0,
239.25,315.0,
240.0,315.0,
240.75,315.0,
241.5,315.0,
242.25,315.0,
243.0,315.0,
243.75,315.0,
244.5,315.0,
245.25,315.0,
246.0,315.0,
246.75,315.0,
247.5,315.0,
248.25,315.0,
249.0,315.0,
249.75,315.0,
250.5,315.0,
251.25,315.0,
252.0,315.0,
252.75,315.0,
253.5,315.0,
254.25,315.0,
255.0,315.0,
255.75,315.0,
256.5,315.0,
257.25,315.0,
258.0,315.0,
258.75,315.0,
123.0,315.75,-78.10750636132315
123.75,315.75,-78.21296296296296
124.5,315.75,-78.3234908136483
125.25,315.75,-78.42412935323384
126.0,315.75,-78.50396825396825
126.75,315.75,
127.5,315.75,
128.25,315.75,-87.85573122529644
129.0,315.75,
129.75,315.75,
130.5,315.75,
131.25,315.75,
132.0,315.75,
132.75,315.75,
133.5,315.75,
134.25,315.75,
135.0,315.75,
135.75,315.75,
136.5,315.75,
137.25,315.75,
138.0,315.75,
138.75,315.75,
139.5,315.75,
140.25,315.75,
141.0,315.75,
141.75,315.75,
142.5,315.75,
143.25,315.75,
144.0,315.75,
144.75,315.75,
145.5,315.75,
146.25,315.75,
147.0,315.75,
147.75,315.75,
148.5,315.75,
149.25,315.75,
150.0,315.75,
150.75,315.75,
151.5,315.75,
152.25,315.75,
153.0,315.75,
153.75,315.75,
154.5,315.75,
155.25,315.75,
156.0,315.75,
156.75,315.75,
157.5,315.75,
158.25,315.75,
159.0,315.75,
159.75,315.75,
160.5,315.75,
161.25,315.75,
162.0,315.75,
162.75,315.75,
163.5,315.75,
164.25,315.75,
165.0,315.75,
165.75,315.75,
166.5,315.75,
167.25,315.75,
168.0,315.75,
168.75,315.75,
169.5,315.75,
170.25,315.75,
171.0,315.75,
171.75,315.75,
172.5,315.75,
173.25,315.75,
174.0,315.75,
174.75,315.75,-78.38932806324111
175.5,315.75,-78.72003929273086
176.25,315.75,-74.4407114624506
177.0,315.75,-74.07505285412263
177.75,315.75,-73.75450962340688
178.5,315.75,-73.4697798706118
179.25,315.75,-74.83312523748859
180.0,315.75,-74.06103859054157
180.75,315.75,-74.7525443734419
181.5,315.75,-75.58725084303288
182.25,315.75,-79.01292471378414
183.0,315.75,-79.66254683627102
183.75,315.75,-80.75514390587985
184.5,315.75,-82.98508853207922
185.25,315.75,-83.93382425699852
186.0,315.75,-81.9303753877803
186.75,315.75,-82.32718564371466
187.5,315.75,-83.0729215707971
188.25,315.75,-83.49775989691707
189.0,315.75,-83.49171819918129
189.75,315.75,-83.248544795981
190.5,315.75,-82.82710508917556
191.25,315.75,
192.0,315.75,
192.75,315.75,
193.5,315.75,
194.25,315.75,
195.0,315.75,
195.75,315.75,
196.5,315.75,
197.25,315.75,
198.0,315.75,
198.75,315.75,
199.5,315.75,
200.25,315.75,
201.0,315.75,
201.75,315.75,
202.5,315.75,
203.25,315.75,
204.0,315.75,
204.75,315.75,
205.5,315.75,
206.25,315.75,
207.0,315.75,
207.75,315.75,
208.5,315.75,
209.25,315.75,
210.0,315.75,
210.75,315.75,
211.5,315.75,
212.25,315.75,
213.0,315.75,
213.75,315.75,
214.5,315.75,
215.25,315.75,
216.0,315.75,
216.75,315.75,
217.5,315.75,
218.25,315.75,
219.0,315.75,
219.75,315.75,
220.5,315.75,
221.25,315.75,
222.0,315.75,
222.75,315.75,
223.5,315.75,
224.25,315.75,
225.0,315.75,
225.75,315.75,
226.5,315.75,
227.25,315.75,
228.0,315.75,
228.75,315.75,
229.5,315.75,
230.25,315.75,
231.0,315.75,
231.75,315.75,
232.5,315.75,
233.25,315.75,
234.0,315.75,
234.75,315.75,
235.5,315.75,
236.25,315.75,
237.0,315.75,
237.75,315.75,
238.5,315.75,
239.25,315.75,
240.0,315.75,
240.75,315.75,
241.5,315.75,
242.25,315.75,
243.0,315.75,
243.75,315.75,
244.5,315.75,
245.25,315.75,
246.0,315.75,
246.75,315.75,
247.5,315.75,
248.25,315.75,
249.0,315.75,
249.75,315.75,
250.5,315.75,
251.25,315.75,
252.0,315.75,
252.75,315.75,
253.5,315.75,
254.25,315.75,
255.0,315.75,
255.75,315.75,
256.5,315.75,
257.25,315.75,
258.0,315.75,
258.75,315.75,
123.0,316.5,-78.14147286821705
123.75,316.5,-78.22205588822355
124.5,316.5,-78.30555555555556
125.25,316.5,-78.38333333333334
126.0,316.5,
126.75,316.5,
127.5,316.5,
128.25,316.5,
129.0,316.5,
129.75,316.5,
130.5,316.5,
131.25,316.5,
132.0,316.5,
132.75,316.5,
133.5,316.5,
134.25,316.5,
135.0,316.5,
135.75,316.5,
136.5,316.5,
137.25,316.5,
138.0,316.5,
138.75,316.5,
139.5,316.5,
140.25,316.5,
141.0,316.5,
141.75,316.5,
142.5,316.5,
143.25,316.5,
144.0,316.5,
144.75,316.5,
145.5,316.5,
146.25,316.5,
147.0,316.5,
147.75,316.5,
148.5,316.5,
149.25,316.5,
150.0,316.5,
150.75,316.5,
151.5,316.5,
152.25,316.5,
153.0,316.5,
153.75,316.5,
154.5,316.5,
155.25,316.5,
156.0,316.5,
156.75,316.5,
157.5,316.5,
158.25,316.5,
159.0,316.5,
159.75,316.5,
160.5,316.5,
161.25,316.5,
162.0,316.5,
162.75,316.5,
163.5,316.5,
164.25,316.5,
165.0,316.5,
165.75,316.5,
166.5,316.5,
167.25,316.5,
168.0,316.5,
168.75,316.5,
169.5,316.5,
170.25,316.5,
171.0,316.5,
171.75,316.5,
172.5,316.5,
173.25,316.5,-77.6029748283753
174.0,316.5,-77.94554455445545
174.75,316.5,-78.3560411311054
175.5,316.5,-75.03026841804683
176.25,316.5,-74.8006634834007
177.0,316.5,-74.26404494382022
177.75,316.5,-73.69941348973607
178.5,316.5,-73.1046511627907
179.25,316.5,-74.29645767604762
180.0,316.5,-74.39505418203461
180.75,316.5,-75.8439223082149
181.5,316.5,-74.56122509054076
182.25,316.5,-74.94011342165668
183.0,316.5,-76.63573018231415
183.75,316.5,-74.13768323730606
184.5,316.5,-68.93576940535634
185.25,316.5,-67.35496182057472
186.0,316.5,-73.27071862967362
186.75,316.5,-77.61792630683648
187.5,316.5,-80.03589319710196
188.25,316.5,-81.34504298851417
189.0,316.5,-81.97141670714734
189.75,316.5,-84.57630845769766
190.5,316.5,-85.2365124765756
191.25,316.5,
192.0,316.5,
192.75,316.5,
193.5,316.5,
194.25,316.5,
195.0,316.5,
195.75,316.5,
196.5,316.5,
197.25,316.5,
198.0,316.5,
198.75,316.5,
199.5,316.5,
200.25,316.5,
201.0,316.5,
201.75,316.5,
202.5,316.5,
203.25,316.5,
204.0,316.5,
204.75,316.5,
205.5,316.5,
206.25,316.5,
207.0,316.5,
207.75,316.5,
208.5,316.5,
209.25,316.5,
210.0,316.5,
210.75,316.5,
211.5,316.5,
212.25,316.5,
213.0,316.5,
213.75,316.5,
214.5,316.5,
215.25,316.5,
216.0,316.5,
216.75,316.5,
217.5,316.5,
218.25,316.5,
219.0,316.5,
219.75,316.5,
220.5,316.5,
221.25,316.5,
222.0,316.5,
222.75,316.5,
223.5,316.5,
224.25,316.5,
225.0,316.5,
225.75,316.5,
226.5,316.5,
227.25,316.5,
228.0,316.5,
228.75,316.5,
229.5,316.5,
230.25,316.5,
231.0,316.5,
231.75,316.5,
232.5,316.5,
233.25,316.5,
234.0,316.5,
234.75,316.5,
235.5,316.5,
236.25,316.5,
237.0,316.5,
237.75,316.5,
238.5,316.5,
239.25,316.5,
240.0,316.5,
240.75,316.5,
241.5,316.5,
242.25,316.5,
243.0,316.5,
243.75,316.5,
244.5,316.5,
245.25,316.5,
246.0,316.5,
246.75,316.5,
247.5,316.5,
248.25,316.5,
249.0,316.5,
249.75,316.5,
250.5,316.5,
251.25,316.5,
252.0,316.5,
252.75,316.5,
253.5,316.5,
254.25,316.5,
255.0,316.5,
255.75,316.5,
256.5,316.5,
257.25,316.5,
258.0,316.5,
258.75,316.5,
123.0,317.25,
123.75,317.25,
124.5,317.25,
125.25,317.25,
126.0,317.25,
126.75,317.25,
127.5,317.25,
128.25,317.25,
129.0,317.25,
129.75,317.25,
130.5,317.25,
131.25,317.25,
132.0,317.25,
132.75,317.25,
133.5,317.25,
134.25,317.25,
135.0,317.25,
135.75,317.25,
136.5,317.25,
137.25,317.25,
138.0,317.25,
138.75,317.25,
139.5,317.25,
140.25,317.25,
141.0,317.25,
141.75,317.25,
142.5,317.25,
143.25,317.25,
144.0,317.25,
144.75,317.25,
145.5,317.25,
146.25,317.25,
147.0,317.25,
147.75,317.25,
148.5,317.25,
149.25,317.25,
150.0,317.25,
150.75,317.25,
151.5,317.25,
152.25,317.25,
153.0,317.25,
153.75,317.25,
154.5,317.25,
155.25,317.25,
156.0,317.25,
156.75,317.25,
157.5,317.25,
158.25,317.25,
159.0,317.25,
159.75,317.25,
160.5,317.25,
161.25,317.25,
162.0,317.25,
162.75,317.25,
163.5,317.25,
164.25,317.25,
165.0,317.25,
165.75,317.25,
166.5,317.25,
167.25,317.25,
168.0,317.25,
168.75,317.25,
169.5,317.25,
170.25,317.25,
171.0,317.25,
171.75,317.25,
172.5,317.25,-77.06041131105398
173.25,317.25,-77.34023668639054
174.0,317.25,-77.7655737704918
174.75,317.25,-75.3859316584809
175.5,317.25,-75.33036126335094
176.25,317.25,-75.10439311886883
177.0,317.25,-74.65033193598904
177.75,317.25,-74.3575111132882
178.5,317.25,-73.70008630923633
179.25,317.25,-71.49060608367914
180.0,317.25,-73.9872632875601
180.75,317.25,-73.63807844932077
181.5,317.25,-75.20124419945562
182.25,317.25,-74.24266952602173
183.0,317.25,-74.41451564521806
183.75,317.25,-71.00606284813063
184.5,317.25,-65.39567927191236
185.25,317.25,-64.01792609808807
186.0,317.25,-69.35401124303878
186.75,317.25,-74.86004068932503
187.5,317.25,-78.52459935579145
188.25,317.25,-80.85025314597928
189.0,317.25,-82.33156844193913
189.75,317.25,-83.22759392538252
190.5,317.25,-83.95356037151703
191.25,317.25,
192.0,317.25,
192.75,317.25,
193.5,317.25,
194.25,317.25,
195.0,317.25,
195.75,317.25,
196.5,317.25,
197.25,317.25,
198.0,317.25,
198.75,317.25,
199.5,317.25,
200.25,317.25,
201.0,317.25,
201.75,317.25,
202.5,317.25,
203.25,317.25,
204.0,317.25,
204.75,317.25,
205.5,317.25,
206.25,317.25,
207.0,317.25,
207.75,317.25,
208.5,317.25,
209.25,317.25,
210.0,317.25,
210.75,317.25,
211.5,317.25,
212.25,317.25,
213.0,317.25,
213.75,317.25,
214.5,317.25,
215.25,317.25,
216.0,317.25,
216.75,317.25,
217.5,317.25,
218.25,317.25,
219.0,317.25,
219.75,317.25,
220.5,317.25,
221.25,317.25,
222.0,317.25,
222.75,317.25,
223.5,317.25,
224.25,317.25,
225.0,317.25,
225.75,317.25,
226.5,317.25,
227.25,317.25,
228.0,317.25,
228.75,317.25,
229.5,317.25,
230.25,317.25,
231.0,317.25,
231.75,317.25,
232.5,317.25,
233.25,317.25,
234.0,317.25,
234.75,317.25,
235.5,317.25,
236.25,317.25,
237.0,317.25,
237.75,317.25,
238.5,317.25,
239.25,317.25,
240.0,317.25,
240.75,317.25,
241.5,317.25,
242.25,317.25,
243.0,317.25,
243.75,317.25,
244.5,317.25,
245.25,317.25,
246.0,317.25,
246.75,317.25,
247.5,317.25,
248.25,317.25,
249.0,317.25,
249.75,317.25,
250.5,317.25,
251.25,317.25,
252.0,317.25,
252.75,317.25,
253.5,317.25,
254.25,317.25,
255.0,317.25,
255.75,317.25,
256.5,317.25,
257.25,317.25,
258.0,317.25,
258.75,317.25,
123.0,318.0,
123.75,318.0,
124.5,318.0,
125.25,318.0,
126.0,318.0,
126.75,318.0,
127.5,318.0,
128.25,318.0,
129.0,318.0,
129.75,318.0,
130.5,318.0,
131.25,318.0,
132.0,318.0,
132.75,318.0,
133.5,318.0,
134.25,318.0,
135.0,318.0,
135.75,318.0,
136.5,318.0,
137.25,318.0,
138.0,318.0,
138.75,318.0,
139.5,318.0,
140.25,318.0,
141.0,318.0,
141.75,318.0,
142.5,318.0,
143.25,318.0,
144.0,318.0,
144.75,318.0,
145.5,318.0,
146.25,318.0,
147.0,318.0,
147.75,318.0,
148.5,318.0,
149.25,318.0,
150.0,318.0,
150.75,318.0,
151.5,318.0,
152.25,318.0,
153.0,318.0,
153.75,318.0,
154.5,318.0,
155.25,318.0,
156.0,318.0,
156.75,318.0,
157.5,318.0,
158.25,318.0,
159.0,318.0,
159.75,318.0,
160.5,318.0,
161.25,318.0,
162.0,318.0,
162.75,318.0,
163.5,318.0,
164.25,318.0,
165.0,318.0,
165.75,318.0,
166.5,318.0,
167.25,318.0,
168.0,318.0,
168.75,318.0,
169.5,318.0,
170.25,318.0,
171.0,318.0,
171.75,318.0,
172.5,318.0,-76.68181818181817
173.25,318.0,-76.97470817120622
174.0,318.0,-75.51236749116606
174.75,318.0,-75.67165881676686
175.5,318.0,-75.7524457677584
176.25,318.0,-75.76858825034682
177.0,318.0,-75.29526675049398
177.75,318.0,-74.48087970684955
178.5,318.0,-73.3953955966623
179.25,318.0,-71.49734906900791
180.0,318.0,-73.5001725923369
180.75,318.0,-73.63293432865842
181.5,318.0,-73.67800298745667
182.25,318.0,-73.4958259574564
183.0,318.0,-72.14055299539172
183.75,318.0,-71.22631044641606
184.5,318.0,-68.4906794950979
185.25,318.0,-67.93903923908272
186.0,318.0,-70.71076233183857
186.75,318.0,-74.19939109941589
187.5,318.0,-77.3353409798157
188.25,318.0,-79.60276392153963
189.0,318.0,-80.75532562385881
189.75,318.0,-82.01744095693691
190.5,318.0,
191.25,318.0,
192.0,318.0,
192.75,318.0,
193.5,318.0,
194.25,318.0,
195.0,318.0,
195.75,318.0,
196.5,318.0,
197.25,318.0,
198.0,318.0,
198.75,318.0,
199.5,318.0,
200.25,318.0,
201.0,318.0,
201.75,318.0,
202.5,318.0,
203.25,318.0,
204.0,318.0,
204.75,318.0,
205.5,318.0,
206.25,318.0,
207.0,318.0,
207.75,318.0,
208.5,318.0,
209.25,318.0,
210.0,318.0,
210.75,318.0,
211.5,318.0,
212.25,318.0,
213.0,318.0,
213.75,318.0,
214.5,318.0,
215.25,318.0,
216.0,318.0,
216.75,318.0,
217.5,318.0,
218.25,318.0,
219.0,318.0,
219.75,318.0,
220.5,318.0,
221.25,318.0,
222.0,318.0,
222.75,318.0,
223.5,318.0,
224.25,318.0,
225.0,318.0,
225.75,318.0,
226.5,318.0,
227.25,318.0,
228.0,318.0,
228.75,318.0,
229.5,318.0,
230.25,318.0,
231.0,318.0,
231.75,318.0,
232.5,318.0,
233.25,318.0,
234.0,318.0,
234.75,318.0,
235.5,318.0,
236.25,318.0,
237.0,318.0,
237.75,318.0,
238.5,318.0,
239.25,318.0,
240.0,318.0,
240.75,318.0,
241.5,318.0,
242.25,318.0,
243.0,318.0,
243.75,318.0,
244.5,318.0,
245.25,318.0,
246.0,318.0,
246.75,318.0,
247.5,318.0,
248.25,318.0,
249.0,318.0,
249.75,318.0,
250.5,318.0,
251.25,318.0,
252.0,318.0,
252.75,318.0,
253.5,318.0,
254.25,318.0,
255.0,318.0,
255.75,318.0,
256.5,318.0,
257.25,318.0,
258.0,318.0,
258.75,318.0,
123.0,318.75,
123.75,318.75,
124.5,318.75,
125.25,318.75,
126.0,318.75,
126.75,318.75,
127.5,318.75,
128.25,318.75,
129.0,318.75,
129.75,318.75,
130.5,318.75,
131.25,318.75,
132.0,318.75,
132.75,318.75,
133.5,318.75,
134.25,318.75,
135.0,318.75,
135.75,318.75,
136.5,318.75,
137.25,318.75,
138.0,318.75,
138.75,318.75,
139.5,318.75,
140.25,318.75,
141.0,318.75,
141.75,318.75,
142.5,318.75,
143.25,318.75,
144.0,318.75,
144.75,318.75,
145.5,318.75,
146.25,318.75,
147.0,318.75,
147.75,318.75,
148.5,318.75,
149.25,318.75,
150.0,318.75,
150.75,318.75,
151.5,318.75,
152.25,318.75,
153.0,318.75,
153.75,318.75,
154.5,318.75,
155.25,318.75,
156.0,318.75,
156.75,318.75,
157.5,318.75,
158.25,318.75,
159.0,318.75,
159.75,318.75,
160.5,318.75,
161.25,318.75,
162.0,318.75,
162.75,318.75,
163.5,318.75,
164.25,318.75,
165.0,318.75,
165.75,318.75,
166.5,318.75,
167.25,318.75,
168.0,318.75,
168.75,318.75,
169.5,318.75,
170.25,318.75,
171.0,318.75,
171.75,318.75,-76.18152866242038
172.5,318.75,-76.21428571428571
173.25,318.75,-76.47938144329896
174.0,318.75,-75.6131562416882
174.75,318.75,-75.9767621998451
175.5,318.75,-76.41065243833529
176.25,318.75,-76.47333098013776
177.0,318.75,-75.92323064727678
177.75,318.75,-74.60786673411074
178.5,318.75,-72.99988742736384
179.25,318.75,-72.14020623079105
180.0,318.75,-71.1216174686134
180.75,318.75,-72.90233127077072
181.5,318.75,-73.24519739095646
182.25,318.75,-73.17241945367475
183.0,318.75,-71.7696877264474
183.75,318.75,-71.20109449782574
184.5,318.75,-70.06714896568836
185.25,318.75,-70.05982399492329
186.0,318.75,-72.97520930586397
186.75,318.75,-74.25829009116904
187.5,318.75,-76.27932985016623
188.25,318.75,-78.31653409893161
189.0,318.75,-74.2531806615776
189.75,318.75,
190.5,318.75,
191.25,318.75,
192.0,318.75,
192.75,318.75,
193.5,318.75,
194.25,318.75,
195.0,318.75,
195.75,318.75,
196.5,318.75,
197.25,318.75,
198.0,318.75,
198.75,318.75,
199.5,318.75,
200.25,318.75,
201.0,318.75,
201.75,318.75,
202.5,318.75,
203.25,318.75,
204.0,318.75,
204.75,318.75,
205.5,318.75,
206.25,318.75,
207.0,318.75,
207.75,318.75,
208.5,318.75,
209.25,318.75,
210.0,318.75,
210.75,318.75,
211.5,318.75,
212.25,318.75,
213.0,318.75,
213.75,318.75,
214.5,318.75,
215.25,318.75,
216.0,318.75,
216.75,318.75,
217.5,318.75,
218.25,318.75,
219.0,318.75,
219.75,318.75,
220.5,318.75,
221.25,318.75,
222.0,318.75,
222.75,318.75,
223.5,318.75,
224.25,318.75,
225.0,318.75,
225.75,318.75,
226.5,318.75,
227.25,318.75,
228.0,318.75,
228.75,318.75,
229.5,318.75,
230.25,318.75,
231.0,318.75,
231.75,318.75,
232.5,318.75,
233.25,318.75,
234.0,318.75,
234.75,318.75,
235.5,318.75,
236.25,318.75,
237.0,318.75,
237.75,318.75,
238.5,318.75,
239.25,318.75,
240.0,318.75,
240.75,318.75,
241.5,318.75,
242.25,318.75,
243.0,318.75,
243.75,318.75,
244.5,318.75,
245.25,318.75,
246.0,318.75,
246.75,318.75,
247.5,318.75,
248.25,318.75,
249.0,318.75,
249.75,318.75,
250.5,318.75,
251.25,318.75,
252.0,318.75,
252.75,318.75,
253.5,318.75,
254.25,318.75,
255.0,318.75,
255.75,318.75,
256.5,318.75,
257.25,318.75,
258.0,318.75,
258.75,318.75,
123.0,319.5,
123.75,319.5,
124.5,319.5,
125.25,319.5,
126.0,319.5,
126.75,319.5,
127.5,319.5,
128.25,319.5,
129.0,319.5,
129.75,319.5,
130.5,319.5,
131.25,319.5,
132.0,319.5,
132.75,319.5,
133.5,319.5,
134.25,319.5,
135.0,319.5,
135.75,319.5,
136.5,319.5,
137.25,319.5,
138.0,319.5,
138.75,319.5,
139.5,319.5,
140.25,319.5,
141.0,319.5,
141.75,319.5,
142.5,319.5,
143.25,319.5,
144.0,319.5,
144.75,319.5,
145.5,319.5,
146.25,319.5,
147.0,319.5,
147.75,319.5,
148.5,319.5,
149.25,319.5,
150.0,319.5,
150.75,319.5,
151.5,319.5,
152.25,319.5,
153.0,319.5,
153.75,319.5,
154.5,319.5,
155.25,319.5,
156.0,319.5,
156.75,319.5,
157.5,319.5,
158.25,319.5,
159.0,319.5,
159.75,319.5,
160.5,319.5,
161.25,319.5,
162.0,319.5,
162.75,319.5,
163.5,319.5,
164.25,319.5,
165.0,319.5,
165.75,319.5,
166.5,319.5,
167.25,319.5,
168.0,319.5,
168.75,319.5,
169.5,319.5,
170.25,319.5,
171.0,319.5,
171.75,319.5,-75.79368029739777
172.5,319.5,-75.7
173.25,319.5,-75.27953625011935
174.0,319.5,-75.58911249457071
174.75,319.5,-76.30384665515331
175.5,319.5,-77.1072626841244
176.25,319.5,-77.68047475750673
177.0,319.5,-77.2672575111758
177.75,319.5,-75.01469363250159
178.5,319.5,-72.0895255147717
179.25,319.5,-70.45528935849016
180.0,319.5,-70.29380391370611
180.75,319.5,-70.88948539493559
181.5,319.5,-72.98642099279454
182.25,319.5,-73.36333417490772
183.0,319.5,-72.47738262863815
183.75,319.5,-72.05191313611884
184.5,319.5,-71.07540225950018
185.25,319.5,-71.42609744939566
186.0,319.5,-71.72027972027972
186.75,319.5,-72.43280465172025
187.5,319.5,-73.2697419859265
188.25,319.5,-73.23753280839894
189.0,319.5,
189.75,319.5,
190.5,319.5,
191.25,319.5,
192.0,319.5,
192.75,319.5,
193.5,319.5,
194.25,319.5,
195.0,319.5,
195.75,319.5,
196.5,319.5,
197.25,319.5,
198.0,319.5,
198.75,319.5,
199.5,319.5,
200.25,319.5,
201.0,319.5,
201.75,319.5,
202.5,319.5,
203.25,319.5,
204.0,319.5,
204.75,319.5,
205.5,319.5,
206.25,319.5,
207.0,319.5,
207.75,319.5,
208.5,319.5,
209.25,319.5,
210.0,319.5,
210.75,319.5,
211.5,319.5,
212.25,319.5,
213.0,319.5,
213.75,319.5,
214.5,319.5,
215.25,319.5,
216.0,319.5,
216.75,319.5,
217.5,319.5,
218.25,319.5,
219.0,319.5,
219.75,319.5,
220.5,319.5,
221.25,319.5,
222.0,319.5,
222.75,319.5,
223.5,319.5,
224.25,319.5,
225.0,319.5,
225.75,319.5,
226.5,319.5,
227.25,319.5,
228.0,319.5,
228.75,319.5,
229.5,319.5,
230.25,319.5,
231.0,319.5,
231.75,319.5,
232.5,319.5,
233.25,319.5,
234.0,319.5,
234.75,319.5,
235.5,319.5,
236.25,319.5,
237.0,319.5,
237.75,319.5,
238.5,319.5,
239.25,319.5,
240.0,319.5,
240.75,319.5,
241.5,319.5,
242.25,319.5,
243.0,319.5,
243.75,319.5,
244.5,319.5,
245.25,319.5,
246.0,319.5,
246.75,319.5,
247.5,319.5,
248.25,319.5,
249.0,319.5,
249.75,319.5,
250.5,319.5,
251.25,319.5,
252.0,319.5,
252.75,319.5,
253.5,319.5,
254.25,319.5,
255.0,319.5,
255.75,319.5,
256.5,319.5,
257.25,319.5,
258.0,319.5,
258.75,319.5,
123.0,320.25,
123.75,320.25,
124.5,320.25,
125.25,320.25,
126.0,320.25,
126.75,320.25,
127.5,320.25,
128.25,320.25,
129.0,320.25,
129.75,320.25,
130.5,320.25,
131.25,320.25,
132.0,320.25,
132.75,320.25,
133.5,320.25,
134.25,320.25,
135.0,320.25,
135.75,320.25,
136.5,320.25,
137.25,320.25,
138.0,320.25,
138.75,320.25,
139.5,320.25,
140.25,320.25,
141.0,320.25,
141.75,320.25,
142.5,320.25,
143.25,320.25,
144.0,320.25,
144.75,320.25,
145.5,320.25,
146.25,320.25,
147.0,320.25,
147.75,320.25,
148.5,320.25,
149.25,320.25,
150.0,320.25,
150.75,320.25,
151.5,320.25,
152.25,320.25,
153.0,320.25,
153.75,320.25,
154.5,320.25,
155.25,320.25,
156.0,320.25,
156.75,320.25,
157.5,320.25,
158.25,320.25,
159.0,320.25,
159.75,320.25,
160.5,320.25,
161.25,320.25,
162.0,320.25,
162.75,320.25,
163.5,320.25,
164.25,320.25,
165.0,320.25,
165.75,320.25,
166.5,320.25,
167.25,320.25,
168.0,320.25,
168.75,320.25,
169.5,320.25,
170.25,320.25,
171.0,320.25,
171.75,320.25,-75.4917355371901
172.5,320.25,-75.26300578034682
173.25,320.25,-75.10672694069395
174.0,320.25,-75.49391687901385
174.75,320.25,-76.4378558571796
175.5,320.25,-77.86803534344887
176.25,320.25,-79.38683194238472
177.0,320.25,-79.86311258891953
177.75,320.25,-76.16334481960182
178.5,320.25,-69.67621517133918
179.25,320.25,-67.63450801309668
180.0,320.25,-69.05062377216824
180.75,320.25,-70.741975202259
181.5,320.25,-71.83045757861996
182.25,320.25,-73.78252053009594
183.0,320.25,-73.39043604647517
183.75,320.25,-73.33750210643203
184.5,320.25,-72.64345915406315
185.25,320.25,-73.30277112555592
186.0,320.25,-73.23011681554924
186.75,320.25,-73.4690665969277
187.5,320.25,-73.88750916540015
188.25,320.25,-68.25777777777778
189.0,320.25,
189.75,320.25,
190.5,320.25,
191.25,320.25,
192.0,320.25,
192.75,320.25,
193.5,320.25,
194.25,320.25,
195.0,320.25,
195.75,320.25,
196.5,320.25,
197.25,320.25,
198.0,320.25,
198.75,320.25,
199.5,320.25,
200.25,320.25,
201.0,320.25,
201.75,320.25,
202.5,320.25,
203.25,320.25,
204.0,320.25,
204.75,320.25,
205.5,320.25,
206.25,320.25,
207.0,320.25,
207.75,320.25,
208.5,320.25,
209.25,320.25,
210.0,320.25,
210.75,320.25,
211.5,320.25,
212.25,320.25,
213.0,320.25,
213.75,320.25,
214.5,320.25,
215.25,320.25,
216.0,320.25,
216.75,320.25,
217.5,320.25,
218.25,320.25,
219.0,320.25,
219.75,320.25,
220.5,320.25,
221.25,320.25,
222.0,320.25,
222.75,320.25,
223.5,320.25,
224.25,320.25,
225.0,320.25,
225.75,320.25,
226.5,320.25,
227.25,320.25,
228.0,320.25,
228.75,320.25,
229.5,320.25,
230.25,320.25,
231.0,320.25,
231.75,320.25,
232.5,320.25,
233.25,320.25,
234.0,320.25,
234.75,320.25,
235.5,320.25,
236.25,320.25,
237.0,320.25,
237.75,320.25,
238.5,320.25,
239.25,320.25,
240.0,320.25,
240.75,320.25,
241.5,320.25,
242.25,320.25,
243.0,320.25,
243.75,320.25,
244.5,320.25,
245.25,320.25,
246.0,320.25,
246.75,320.25,
247.5,320.25,
248.25,320.25,
249.0,320.25,
249.75,320.25,
250.5,320.25,
251.25,320.25,
252.0,320.25,
252.75,320.25,
253.5,320.25,
254.25,320.25,
255.0,320.25,
255.75,320.25,
256.5,320.25,
257.25,320.25,
258.0,320.25,
258.75,320.25,
123.0,321.0,
123.75,321.0,
124.5,321.0,
125.25,321.0,
126.0,321.0,
126.75,321.0,
127.5,321.0,
128.25,321.0,
129.0,321.0,
129.75,321.0,
130.5,321.0,
131.25,321.0,
132.0,321.0,
132.75,321.0,
133.5,321.0,
134.25,321.0,
135.0,321.0,
135.75,321.0,
136.5,321.0,
137.25,321.0,
138.0,321.0,
138.75,321.0,
139.5,321.0,
140.25,321.0,
141.0,321.0,
141.75,321.0,
142.5,321.0,
143.25,321.0,
144.0,321.0,
144.75,321.0,
145.5,321.0,
146.25,321.0,
147.0,321.0,
147.75,321.0,
148.5,321.0,
149.25,321.0,
150.0,321.0,
150.75,321.0,
151.5,321.0,
152.25,321.0,
153.0,321.0,
153.75,321.0,
154.5,321.0,
155.25,321.0,
156.0,321.0,
156.75,321.0,
157.5,321.0,
158.25,321.0,
159.0,321.0,
159.75,321.0,
160.5,321.0,
161.25,321.0,
162.0,321.0,
162.75,321.0,
163.5,321.0,
164.25,321.0,
165.0,321.0,
165.75,321.0,
166.5,321.0,
167.25,321.0,
168.0,321.0,
168.75,321.0,
169.5,321.0,
170.25,321.0,
171.0,321.0,
171.75,321.0,-75.37553648068669
172.5,321.0,-75.08536585365853
173.25,321.0,-75.01213067399127
174.0,321.0,-75.37680972078593
174.75,321.0,-76.47216252839605
175.5,321.0,-78.23409735702553
176.25,321.0,-80.40133138395076
177.0,321.0,-81.99999999999469
177.75,321.0,-77.41900958026119
178.5,321.0,-67.35684262164659
179.25,321.0,-65.42282625598772
180.0,321.0,-68.75492610837438
180.75,321.0,-71.14699833926049
181.5,321.0,-72.68289735117605
182.25,321.0,-73.64200647759425
183.0,321.0,-73.48484848484848
183.75,321.0,-73.28857569718797
184.5,321.0,-72.56637783986855
185.25,321.0,-71.9502487562189
186.0,321.0,-70.93333333333334
186.75,321.0,-70.1885521885522
187.5,321.0,-69.69892473118279
188.25,321.0,-69.39784946236558
189.0,321.0,
189.75,321.0,
190.5,321.0,
191.25,321.0,
192.0,321.0,
192.75,321.0,
193.5,321.0,
194.25,321.0,
195.0,321.0,
195.75,321.0,
196.5,321.0,
197.25,321.0,
198.0,321.0,
198.75,321.0,
199.5,321.0,
200.25,321.0,
201.0,321.0,
201.75,321.0,
202.5,321.0,
203.25,321.0,
204.0,321.0,
204.75,321.0,
205.5,321.0,
206.25,321.0,
207.0,321.0,
207.75,321.0,
208.5,321.0,
209.25,321.0,
210.0,321.0,
210.75,321.0,
211.5,321.0,
212.25,321.0,
213.0,321.0,
213.75,321.0,
214.5,321.0,
215.25,321.0,
216.0,321.0,
216.75,321.0,
217.5,321.0,
218.25,321.0,
219.0,321.0,
219.75,321.0,
220.5,321.0,
221.25,321.0,
222.0,321.0,
222.75,321.0,
223.5,321.0,
224.25,321.0,
225.0,321.0,
225.75,321.0,
226.5,321.0,
227.25,321.0,
228.0,321.0,
228.75,321.0,
229.5,321.0,
230.25,321.0,
231.0,321.0,
231.75,321.0,
232.5,321.0,
233.25,321.0,
234.0,321.0,
234.75,321.0,
235.5,321.0,
236.25,321.0,
237.0,321.0,
237.75,321.0,
238.5,321.0,
239.25,321.0,
240.0,321.0,
240.75,321.0,
241.5,321.0,
242.25,321.0,
243.0,321.0,
243.75,321.0,
244.5,321.0,
245.25,321.0,
246.0,321.0,
246.75,321.0,
247.5,321.0,
248.25,321.0,
249.0,321.0,
249.75,321.0,
250.5,321.0,
251.25,321.0,
252.0,321.0,
252.75,321.0,
253.5,321.0,
254.25,321.0,
255.0,321.0,
255.75,321.0,
256.5,321.0,
257.25,321.0,
258.0,321.0,
258.75,321.0,
123.0,321.75,
123.75,321.75,
124.5,321.75,
125.25,321.75,
126.0,321.75,
126.75,321.75,
127.5,321.75,
128.25,321.75,-77.15962441314555
129.0,321.75,-77.18428184281844
129.75,321.75,-77.20606060606059
130.5,321.75,-77.2200647249191
131.25,321.75,-77.22222222222223
132.0,321.75,-77.21183800623052
132.75,321.75,-77.19209039548022
133.5,321.75,-77.16790123456789
134.25,321.75,
135.0,321.75,
135.75,321.75,
136.5,321.75,
137.25,321.75,
138.0,321.75,
138.75,321.75,
139.5,321.75,
140.25,321.75,
141.0,321.75,
141.75,321.75,
142.5,321.75,
143.25,321.75,
144.0,321.75,
144.75,321.75,
145.5,321.75,
146.25,321.75,
147.0,321.75,
147.75,321.75,
148.5,321.75,
149.25,321.75,
150.0,321.75,
150.75,321.75,
151.5,321.75,
152.25,321.75,
153.0,321.75,
153.75,321.75,
154.5,321.75,
155.25,321.75,
156.0,321.75,
156.75,321.75,
157.5,321.75,
158.25,321.75,
159.0,321.75,
159.75,321.75,
160.5,321.75,
161.25,321.75,
162.0,321.75,
162.75,321.75,
163.5,321.75,
164.25,321.75,-80.3300395256917
165.0,321.75,-80.00739957716704
165.75,321.75,-79.63100436681223
166.5,321.75,-79.23969631236442
167.25,321.75,-77.68369640064269
168.0,321.75,-73.58314087759815
168.75,321.75,-73.86548223350253
169.5,321.75,-74.17560321715817
170.25,321.75,
171.0,321.75,
171.75,321.75,-75.4917355371901
172.5,321.75,-75.26300578034682
173.25,321.75,-75.13838847540424
174.0,321.75,-75.50663694775116
174.75,321.75,-76.44986932105152
175.5,321.75,-77.83888104560745
176.25,321.75,-79.30117905022692
177.0,321.75,-79.74371904061208
177.75,321.75,-76.26632873234728
178.5,321.75,-71.10906661351572
179.25,321.75,-69.54786286731968
180.0,321.75,-71.17880332630858
180.75,321.75,-72.82727878095446
181.5,321.75,-73.86672843156762
182.25,321.75,-75.08120992623151
183.0,321.75,-75.42560511822542
183.75,321.75,-75.15792031098152
184.5,321.75,-75.45173450636375
185.25,321.75,-76.1470645368558
186.0,321.75,-76.19232205851837
186.75,321.75,-76.45588757546545
187.5,321.75,-76.84134507489368
188.25,321.75,-77.23984272608126
189.0,321.75,
189.75,321.75,
190.5,321.75,
191.25,321.75,
192.0,321.75,
192.75,321.75,
193.5,321.75,
194.25,321.75,
195.0,321.75,
195.75,321.75,
196.5,321.75,
197.25,321.75,
198.0,321.75,
198.75,321.75,
199.5,321.75,
200.25,321.75,
201.0,321.75,
201.75,321.75,
202.5,321.75,
203.25,321.75,
204.0,321.75,
204.75,321.75,
205.5,321.75,
206.25,321.75,
207.0,321.75,
207.75,321.75,
208.5,321.75,
209.25,321.75,
210.0,321.75,
210.75,321.75,
211.5,321.75,
212.25,321.75,
213.0,321.75,
213.75,321.75,
214.5,321.75,
215.25,321.75,
216.0,321.75,
216.75,321.75,
217.5,321.75,
218.25,321.75,
219.0,321.75,
219.75,321.75,
220.5,321.75,
221.25,321.75,
222.0,321.75,
222.75,321.75,
223.5,321.75,
224.25,321.75,
225.0,321.75,
225.75,321.75,
226.5,321.75,
227.25,321.75,
228.0,321.75,
228.75,321.75,
229.5,321.75,
230.25,321.75,
231.0,321.75,
231.75,321.75,
232.5,321.75,
233.25,321.75,
234.0,321.75,
234.75,321.75,
235.5,321.75,
236.25,321.75,
237.0,321.75,
237.75,321.75,
238.5,321.75,
239.25,321.75,
240.0,321.75,
240.75,321.75,
241.5,321.75,
242.25,321.75,
243.0,321.75,
243.75,321.75,
244.5,321.75,
245.25,321.75,
246.0,321.75,
246.75,321.75,
247.5,321.75,
248.25,321.75,
249.0,321.75,
249.75,321.75,
250.5,321.75,
251.25,321.75,
252.0,321.75,
252.75,321.75,
253.5,321.75,
254.25,321.75,
255.0,321.75,
255.75,321.75,
256.5,321.75,
257.25,321.75,
258.0,321.75,
258.75,321.75,
123.0,322.5,
123.75,322.5,
124.5,322.5,
125.25,322.5,
126.0,322.5,
126.75,322.5,
127.5,322.5,-77.13725490196079
128.25,322.5,-77.16816816816817
129.0,322.5,-77.20289855072464
129.75,322.5,-77.23628691983122
130.5,322.5,-77.25925925925925
131.25,322.5,-77.26291079812206
132.0,322.5,-77.24561403508771
132.75,322.5,-77.21455938697318
133.5,322.5,-77.1794871794872
134.25,322.5,-77.14698162729658
135.0,322.5,
135.75,322.5,
136.5,322.5,
137.25,322.5,
138.0,322.5,
138.75,322.5,
139.5,322.5,
140.25,322.5,
141.0,322.5,
141.75,322.5,
142.5,322.5,
143.25,322.5,
144.0,322.5,
144.75,322.5,
145.5,322.5,
146.25,322.5,
147.0,322.5,
147.75,322.5,
148.5,322.5,
149.25,322.5,
150.0,322.5,
150.75,322.5,
151.5,322.5,
152.25,322.5,
153.0,322.5,
153.75,322.5,
154.5,322.5,
155.25,322.5,
156.0,322.5,
156.75,322.5,
157.5,322.5,
158.25,322.5,
159.0,322.5,
159.75,322.5,
160.5,322.5,
161.25,322.5,
162.0,322.5,
162.75,322.5,
163.5,322.5,-80.86363636363635
164.25,322.5,-80.57969151670952
165.0,322.5,-80.17415730337078
165.75,322.5,-79.67595307917888
166.5,322.5,-79.15116279069768
167.25,322.5,-77.78826448559481
168.0,322.5,-77.28141914088164
168.75,322.5,-76.82271171051511
169.5,322.5,-73.9390243902439
170.25,322.5,-74.27538461538461
171.0,322.5,
171.75,322.5,-75.79368029739777
172.5,322.5,-75.7
173.25,322.5,-75.37308591087455
174.0,322.5,-75.70727449919355
174.75,322.5,-76.33894090410875
175.5,322.5,-77.09866479787549
176.25,322.5,-77.60096634122301
177.0,322.5,-77.21534494907436
177.75,322.5,-75.83582407178172
178.5,322.5,-75.61186383136324
179.25,322.5,-75.82642207790025
180.0,322.5,-74.51062322946177
180.75,322.5,-74.36053057620134
181.5,322.5,-75.33848314606742
182.25,322.5,-76.46414444949019
183.0,322.5,-76.74278479359253
183.75,322.5,-76.63605985255165
184.5,322.5,-76.36773170340538
185.25,322.5,-77.36265684401283
186.0,322.5,-77.87496602337592
186.75,322.5,-78.47357502021872
187.5,322.5,-83.49999999999999
188.25,322.5,-84.28589420654912
189.0,322.5,
189.75,322.5,
190.5,322.5,
191.25,322.5,
192.0,322.5,
192.75,322.5,
193.5,322.5,
194.25,322.5,
195.0,322.5,
195.75,322.5,
196.5,322.5,
197.25,322.5,
198.0,322.5,
198.75,322.5,
199.5,322.5,
200.25,322.5,
201.0,322.5,
201.75,322.5,
202.5,322.5,
203.25,322.5,
204.0,322.5,
204.75,322.5,
205.5,322.5,
206.25,322.5,
207.0,322.5,
207.75,322.5,
208.5,322.5,
209.25,322.5,
210.0,322.5,
210.75,322.5,
211.5,322.5,
212.25,322.5,
213.0,322.5,
213.75,322.5,
214.5,322.5,
215.25,322.5,
216.0,322.5,
216.75,322.5,
217.5,322.5,
218.25,322.5,
219.0,322.5,
219.75,322.5,
220.5,322.5,
221.25,322.5,
222.0,322.5,
222.75,322.5,
223.5,322.5,
224.25,322.5,
225.0,322.5,
225.75,322.5,
226.5,322.5,
227.25,322.5,
228.0,322.5,
228.75,322.5,
229.5,322.5,
230.25,322.5,
231.0,322.5,
231.75,322.5,
232.5,322.5,
233.25,322.5,
234.0,322.5,
234.75,322.5,
235.5,322.5,
236.25,322.5,
237.0,322.5,
237.75,322.5,
238.5,322.5,
239.25,322.5,
240.0,322.5,
240.75,322.5,
241.5,322.5,
242.25,322.5,
243.0,322.5,
243.75,322.5,
244.5,322.5,
245.25,322.5,
246.0,322.5,
246.75,322.5,
247.5,322.5,
248.25,322.5,
249.0,322.5,
249.75,322.5,
250.5,322.5,
251.25,322.5,
252.0,322.5,
252.75,322.5,
253.5,322.5,
254.25,322.5,
255.0,322.5,
255.75,322.5,
256.5,322.5,
257.25,322.5,
258.0,322.5,
258.75,322.5,
123.0,323.25,
123.75,323.25,
124.5,323.25,
125.25,323.25,
126.0,323.25,
126.75,323.25,-77.10328638497654
127.5,323.25,-77.13213213213213
128.25,323.25,-77.17054263565892
129.0,323.25,-77.21890547263682
129.75,323.25,-78.18058950685872
130.5,323.25,-78.03589566801894
131.25,323.25,-78.0130727249651
132.0,323.25,-78.12155014114617
132.75,323.25,-77.23655913978494
133.5,323.25,-77.18565400843882
134.25,323.25,-77.1437908496732
135.0,323.25,-77.1119592875318
135.75,323.25,
136.5,323.25,
137.25,323.25,
138.0,323.25,
138.75,323.25,
139.5,323.25,
140.25,323.25,
141.0,323.25,
141.75,323.25,
142.5,323.25,
143.25,323.25,
144.0,323.25,
144.75,323.25,
145.5,323.25,
146.25,323.25,
147.0,323.25,
147.75,323.25,
148.5,323.25,
149.25,323.25,
150.0,323.25,
150.75,323.25,
151.5,323.25,
152.25,323.25,
153.0,323.25,
153.75,323.25,
154.5,323.25,
155.25,323.25,
156.0,323.25,
156.75,323.25,
157.5,323.25,
158.25,323.25,
159.0,323.25,
159.75,323.25,
160.5,323.25,
161.25,323.25,
162.0,323.25,
162.75,323.25,-81.40243902439025
163.5,323.25,-81.25953079178886
164.25,323.25,-80.94827586206897
165.0,323.25,-80.43385214007782
165.75,323.25,-79.74793388429754
166.5,323.25,-79.01020408163265
167.25,323.25,-78.37218045112782
168.0,323.25,-77.24561187846388
168.75,323.25,-76.83306917531573
169.5,323.25,-76.48405913588554
170.25,323.25,-73.98322147651007
171.0,323.25,-74.30511182108627
171.75,323.25,-76.18152866242038
172.5,323.25,-76.21428571428571
173.25,323.25,-76.53599847442054
174.0,323.25,-75.79210560887122
174.75,323.25,-76.15304037920728
175.5,323.25,-76.48871083284601
176.25,323.25,-76.5806409614933
177.0,323.25,-76.2827366982285
177.75,323.25,-76.02132202529378
178.5,323.25,-76.54706915944288
179.25,323.25,-76.77911463377336
180.0,323.25,-75.73885521714425
180.75,323.25,-75.23966834125162
181.5,323.25,-75.79897053235615
182.25,323.25,-76.65633164532464
183.0,323.25,-76.99149473349023
183.75,323.25,-77.30101505913021
184.5,323.25,-78.30972286617492
185.25,323.25,-81.2718851232311
186.0,323.25,-83.3245215335385
186.75,323.25,-83.5
187.5,323.25,-84.62635379061372
188.25,323.25,-85.30346820809247
189.0,323.25,
189.75,323.25,
190.5,323.25,
191.25,323.25,
192.0,323.25,
192.75,323.25,
193.5,323.25,
194.25,323.25,
195.0,323.25,
195.75,323.25,
196.5,323.25,
197.25,323.25,
198.0,323.25,
198.75,323.25,
199.5,323.25,
200.25,323.25,
201.0,323.25,
201.75,323.25,
202.5,323.25,
203.25,323.25,
204.0,323.25,
204.75,323.25,
205.5,323.25,
206.25,323.25,
207.0,323.25,
207.75,323.25,
208.5,323.25,
209.25,323.25,
210.0,323.25,
210.75,323.25,
211.5,323.25,
212.25,323.25,
213.0,323.25,
213.75,323.25,
214.5,323.25,
215.25,323.25,
216.0,323.25,
216.75,323.25,
217.5,323.25,
218.25,323.25,
219.0,323.25,
219.75,323.25,
220.5,323.25,
221.25,323.25,
222.0,323.25,
222.75,323.25,
223.5,323.25,
224.25,323.25,
225.0,323.25,
225.75,323.25,
226.5,323.25,
227.25,323.25,
228.0,323.25,
228.75,323.25,
229.5,323.25,
230.25,323.25,
231.0,323.25,
231.75,323.25,
232.5,323.25,
233.25,323.25,
234.0,323.25,
234.75,323.25,
235.5,323.25,
236.25,323.25,
237.0,323.25,
237.75,323.25,
238.5,323.25,
239.25,323.25,
240.0,323.25,
240.75,323.25,
241.5,323.25,
242.25,323.25,
243.0,323.25,
243.75,323.25,
244.5,323.25,
245.25,323.25,
246.0,323.25,
246.75,323.25,
247.5,323.25,
248.25,323.25,
249.0,323.25,
249.75,323.25,
250.5,323.25,
251.25,323.25,
252.0,323.25,
252.75,323.25,
253.5,323.25,
254.25,323.25,
255.0,323.25,
255.75,323.25,
256.5,323.25,
257.25,323.25,
258.0,323.25,
258.75,323.25,
123.0,324.0,
123.75,324.0,
124.5,324.0,
125.25,324.0,
126.0,324.0,-77.06666666666666
126.75,324.0,-77.08672086720868
127.5,324.0,-77.1159420289855
128.25,324.0,-78.61301663906374
129.0,324.0,-78.30494037478704
129.75,324.0,-78.00323355410225
130.5,324.0,-77.78292297266773
131.25,324.0,-77.7461995936346
132.0,324.0,-77.91566265060241
132.75,324.0,-78.20094713639232
133.5,324.0,-78.51240494661648
134.25,324.0,-78.80347352659355
135.0,324.0,-77.0952380952381
135.75,324.0,-77.07256235827666
136.5,324.0,
137.25,324.0,
138.0,324.0,
138.75,324.0,
139.5,324.0,
140.25,324.0,
141.0,324.0,
141.75,324.0,
142.5,324.0,
143.25,324.0,
144.0,324.0,
144.75,324.0,
145.5,324.0,
146.25,324.0,
147.0,324.0,
147.75,324.0,
148.5,324.0,
149.25,324.0,
150.0,324.0,
150.75,324.0,
151.5,324.0,
152.25,324.0,
153.0,324.0,
153.75,324.0,
154.5,324.0,
155.25,324.0,
156.0,324.0,
156.75,324.0,
157.5,324.0,
158.25,324.0,
159.0,324.0,
159.75,324.0,
160.5,324.0,
161.25,324.0,
162.0,324.0,-81.8076923076923
162.75,324.0,-81.870820668693
163.5,324.0,-81.8076923076923
164.25,324.0,-81.50956937799045
165.0,324.0,-80.86363636363636
165.75,324.0,-79.87267080745343
166.5,324.0,-78.76829268292681
167.25,324.0,-77.87837837837837
168.0,324.0,-76.98233215547702
168.75,324.0,-76.66420399093346
169.5,324.0,-76.45439439529348
170.25,324.0,-73.62456747404845
171.0,324.0,-73.9736842105263
171.75,324.0,-74.24777448071215
172.5,324.0,-76.68181818181817
173.25,324.0,-76.97876421838235
174.0,324.0,-75.7684518451845
174.75,324.0,-75.95792354730878
175.5,324.0,-76.09236401429338
176.25,324.0,-76.087034277602
177.0,324.0,-75.95447284345047
177.75,324.0,-75.96891520225498
178.5,324.0,-76.18313481321061
179.25,324.0,-76.18539605804408
180.0,324.0,-75.77941176470588
180.75,324.0,-75.55216190853339
181.5,324.0,-75.8706236711552
182.25,324.0,-77.30847125480014
183.0,324.0,-77.47493257727679
183.75,324.0,-78.057487226091
184.5,324.0,-80.25155280618752
185.25,324.0,-82.82527349623363
186.0,324.0,-84.87096774193549
186.75,324.0,-86.27158970320609
187.5,324.0,-87.07338950801848
188.25,324.0,-87.47217639879379
189.0,324.0,
189.75,324.0,
190.5,324.0,
191.25,324.0,
192.0,324.0,
192.75,324.0,
193.5,324.0,
194.25,324.0,
195.0,324.0,
195.75,324.0,
196.5,324.0,
197.25,324.0,
198.0,324.0,
198.75,324.0,
199.5,324.0,
200.25,324.0,
201.0,324.0,
201.75,324.0,
202.5,324.0,
203.25,324.0,
204.0,324.0,
204.75,324.0,
205.5,324.0,
206.25,324.0,
207.0,324.0,
207.75,324.0,
208.5,324.0,
209.25,324.0,
210.0,324.0,
210.75,324.0,
211.5,324.0,
212.25,324.0,
213.0,324.0,
213.75,324.0,
214.5,324.0,
215.25,324.0,
216.0,324.0,
216.75,324.0,
217.5,324.0,
218.25,324.0,
219.0,324.0,
219.75,324.0,
220.5,324.0,
221.25,324.0,
222.0,324.0,
222.75,324.0,
223.5,324.0,
224.25,324.0,
225.0,324.0,
225.75,324.0,
226.5,324.0,
227.25,324.0,
228.0,324.0,
228.75,324.0,
229.5,324.0,
230.25,324.0,
231.0,324.0,
231.75,324.0,
232.5,324.0,
233.25,324.0,
234.0,324.0,
234.75,324.0,
235.5,324.0,
236.25,324.0,
237.0,324.0,
237.75,324.0,
238.5,324.0,
239.25,324.0,
240.0,324.0,
240.75,324.0,
241.5,324.0,
242.25,324.0,
243.0,324.0,
243.75,324.0,
244.5,324.0,
245.25,324.0,
246.0,324.0,
246.75,324.0,
247.5,324.0,
248.25,324.0,
249.0,324.0,
249.75,324.0,
250.5,324.0,
251.25,324.0,
252.0,324.0,
252.75,324.0,
253.5,324.0,
254.25,324.0,
255.0,324.0,
255.75,324.0,
256.5,324.0,
257.25,324.0,
258.0,324.0,
258.75,324.0,
123.0,324.75,
123.75,324.75,
124.5,324.75,
125.25,324.75,
126.0,324.75,-77.04535147392292
126.75,324.75,-77.06060606060606
127.5,324.75,-78.98654287612625
128.25,324.75,-78.66899494551826
129.0,324.75,-78.29699000658249
129.75,324.75,-77.90761017102525
130.5,324.75,-77.5960067176712
131.25,324.75,-77.53987930190833
132.0,324.75,-77.78777561163128
132.75,324.75,-78.16602316602317
133.5,324.75,-78.55001992514397
134.25,324.75,-78.88759260836244
135.0,324.75,-79.16379627576225
135.75,324.75,-77.04975124378109
136.5,324.75,-77.03809523809524
137.25,324.75,
138.0,324.75,
138.75,324.75,
139.5,324.75,
140.25,324.75,
141.0,324.75,
141.75,324.75,
142.5,324.75,
143.25,324.75,
144.0,324.75,
144.75,324.75,
145.5,324.75,
146.25,324.75,
147.0,324.75,
147.75,324.75,
148.5,324.75,
149.25,324.75,
150.0,324.75,
150.75,324.75,
151.5,324.75,
152.25,324.75,
153.0,324.75,
153.75,324.75,
154.5,324.75,
155.25,324.75,
156.0,324.75,
156.75,324.75,
157.5,324.75,
158.25,324.75,
159.0,324.75,
159.75,324.75,
160.5,324.75,
161.25,324.75,
162.0,324.75,-82.21954674220964
162.75,324.75,-82.43233082706766
163.5,324.75,-82.54568527918781
164.25,324.75,-82.37671232876713
165.0,324.75,-81.62389380530973
165.75,324.75,-80.11224489795919
166.5,324.75,-78.31188118811882
167.25,324.75,-77.04098360655738
168.0,324.75,-76.51863354037266
168.75,324.75,-76.25050400933745
169.5,324.75,-76.25900984653654
170.25,324.75,-76.24785972254358
171.0,324.75,-73.6150159744409
171.75,324.75,-73.91618497109826
172.5,324.75,-75.93497331462909
173.25,324.75,-77.34023668639054
174.0,324.75,-77.57792728605723
174.75,324.75,-75.7898790129931
175.5,324.75,-75.84025383195417
176.25,324.75,-75.81990620608913
177.0,324.75,-75.75441991991501
177.75,324.75,-75.88229544886183
178.5,324.75,-75.88242427735837
179.25,324.75,-75.82722796177019
180.0,324.75,-75.67850828333464
180.75,324.75,-75.62486661724185
181.5,324.75,-77.9601113205978
182.25,324.75,-78.2226567732449
183.0,324.75,-78.7778758410292
183.75,324.75,-80.71376385047076
184.5,324.75,-82.44839565968486
185.25,324.75,-85.05633802816901
186.0,324.75,-86.76066286588723
186.75,324.75,-87.79145074091711
187.5,324.75,-88.25396560678905
188.25,324.75,-88.37725140655202
189.0,324.75,-90.42028985507247
189.75,324.75,
190.5,324.75,
191.25,324.75,
192.0,324.75,
192.75,324.75,
193.5,324.75,
194.25,324.75,
195.0,324.75,
195.75,324.75,
196.5,324.75,
197.25,324.75,
198.0,324.75,
198.75,324.75,
199.5,324.75,
200.25,324.75,
201.0,324.75,
201.75,324.75,
202.5,324.75,
203.25,324.75,
204.0,324.75,
204.75,324.75,
205.5,324.75,
206.25,324.75,
207.0,324.75,
207.75,324.75,
208.5,324.75,
209.25,324.75,
210.0,324.75,
210.75,324.75,
211.5,324.75,
212.25,324.75,
213.0,324.75,
213.75,324.75,
214.5,324.75,
215.25,324.75,
216.0,324.75,
216.75,324.75,
217.5,324.75,
218.25,324.75,
219.0,324.75,
219.75,324.75,
220.5,324.75,
221.25,324.75,
222.0,324.75,
222.75,324.75,
223.5,324.75,
224.25,324.75,
225.0,324.75,
225.75,324.75,
226.5,324.75,
227.25,324.75,
228.0,324.75,
228.75,324.75,
229.5,324.75,
230.25,324.75,
231.0,324.75,
231.75,324.75,
232.5,324.75,
233.25,324.75,
234.0,324.75,
234.75,324.75,
235.5,324.75,
236.25,324.75,
237.0,324.75,
237.75,324.75,
238.5,324.75,
239.25,324.75,
240.0,324.75,
240.75,324.75,
241.5,324.75,
242.25,324.75,
243.0,324.75,
243.75,324.75,
244.5,324.75,
245.25,324.75,
246.0,324.75,
246.75,324.75,
247.5,324.75,
248.25,324.75,
249.0,324.75,
249.75,324.75,
250.5,324.75,
251.25,324.75,
252.0,324.75,
252.75,324.75,
253.5,324.75,
254.25,324.75,
255.0,324.75,
255.75,324.75,
256.5,324.75,
257.25,324.75,
258.0,324.75,
258.75,324.75,
123.0,325.5,
123.75,325.5,
124.5,325.5,
125.25,325.5,-77.01457194899818
126.0,325.5,-77.01904761904763
126.75,325.5,-79.4306819764277
127.5,325.5,-79.1797686146544
128.25,325.5,-78.8466689292692
129.0,325.5,-78.42947702060223
129.75,325.5,-77.980008310633
130.5,325.5,-77.64516129032259
131.25,325.5,-77.59132285140089
132.0,325.5,-77.84592737978409
132.75,325.5,-78.2780895210753
133.5,325.5,-78.7160030052592
134.25,325.5,-79.07853086170611
135.0,325.5,-79.35517970401692
135.75,325.5,-79.56079769697843
136.5,325.5,-77.01587301587301
137.25,325.5,
138.0,325.5,
138.75,325.5,
139.5,325.5,
140.25,325.5,
141.0,325.5,
141.75,325.5,
142.5,325.5,
143.25,325.5,
144.0,325.5,
144.75,325.5,
145.5,325.5,
146.25,325.5,
147.0,325.5,
147.75,325.5,
148.5,325.5,
149.25,325.5,
150.0,325.5,
150.75,325.5,
151.5,325.5,
152.25,325.5,
153.0,325.5,
153.75,325.5,
154.5,325.5,
155.25,325.5,
156.0,325.5,
156.75,325.5,
157.5,325.5,
158.25,325.5,
159.0,325.5,
159.75,325.5,
160.5,325.5,
161.25,325.5,-82.26029055690071
162.0,325.5,-82.61688311688312
162.75,325.5,-83.02941176470588
163.5,325.5,-83.44736842105263
164.25,325.5,-83.65841584158416
165.0,325.5,-83.02941176470588
165.75,325.5,-80.63207547169812
166.5,325.5,-77.35714285714285
167.25,325.5,-75.60389610389609
168.0,325.5,-75.36206896551724
168.75,325.5,-75.68497109826589
169.5,325.5,-75.93534932221064
170.25,325.5,-76.14112516354122
171.0,325.5,-73.28823529411764
171.75,325.5,-73.5965147453083
172.5,325.5,-73.83962264150944
173.25,325.5,-77.6029748283753
174.0,325.5,-77.6783634038926
174.75,325.5,-77.90453750989074
175.5,325.5,-75.6678115082679
176.25,325.5,-75.64378349919161
177.0,325.5,-75.68248102936326
177.75,325.5,-75.76762529463466
178.5,325.5,-75.72494807318367
179.25,325.5,-75.6732112401527
180.0,325.5,-75.61716097567209
180.75,325.5,-77.41827002224527
181.5,325.5,-78.82238494417318
182.25,325.5,-79.70585544988246
183.0,325.5,-82.09033231915848
183.75,325.5,-83.3282136977396
184.5,325.5,-85.65671641791045
185.25,325.5,-87.61080539275032
186.0,325.5,-88.67388074830063
186.75,325.5,-88.89859983758804
187.5,325.5,-88.9861492008602
188.25,325.5,-88.7648254136054
189.0,325.5,-89.47498339121545
189.75,325.5,-88.7602940942221
190.5,325.5,-87.53191489361703
191.25,325.5,-87.07865168539327
192.0,325.5,
192.75,325.5,
193.5,325.5,
194.25,325.5,
195.0,325.5,
195.75,325.5,
196.5,325.5,
197.25,325.5,
198.0,325.5,
198.75,325.5,
199.5,325.5,
200.25,325.5,
201.0,325.5,
201.75,325.5,
202.5,325.5,
203.25,325.5,
204.0,325.5,
204.75,325.5,
205.5,325.5,
206.25,325.5,
207.0,325.5,
207.75,325.5,
208.5,325.5,
209.25,325.5,
210.0,325.5,
210.75,325.5,
211.5,325.5,
212.25,325.5,
213.0,325.5,
213.75,325.5,
214.5,325.5,
215.25,325.5,
216.0,325.5,
216.75,325.5,
217.5,325.5,
218.25,325.5,
219.0,325.5,
219.75,325.5,
220.5,325.5,
221.25,325.5,
222.0,325.5,
222.75,325.5,
223.5,325.5,
224.25,325.5,
225.0,325.5,
225.75,325.5,
226.5,325.5,
227.25,325.5,
228.0,325.5,
228.75,325.5,
229.5,325.5,
230.25,325.5,
231.0,325.5,
231.75,325.5,
232.5,325.5,
233.25,325.5,
234.0,325.5,
234.75,325.5,
235.5,325.5,
236.25,325.5,
237.0,325.5,
237.75,325.5,
238.5,325.5,
239.25,325.5,
240.0,325.5,
240.75,325.5,
241.5,325.5,
242.25,325.5,
243.0,325.5,
243.75,325.5,
244.5,325.5,
245.25,325.5,
246.0,325.5,
246.75,325.5,
247.5,325.5,
248.25,325.5,
249.0,325.5,
249.75,325.5,
250.5,325.5,
251.25,325.5,
252.0,325.5,
252.75,325.5,
253.5,325.5,
254.25,325.5,
255.0,325.5,
255.75,325.5,
256.5,325.5,
257.25,325.5,
258.0,325.5,
258.75,325.5,
123.0,326.25,
123.75,326.25,
124.5,326.25,
125.25,326.25,-76.99267399267399
126.0,326.25,-79.85051920064308
126.75,326.25,-79.70671017033777
127.5,326.25,-79.49803988976807
128.25,326.25,-79.19027188359838
129.0,326.25,-78.74102613321632
129.75,326.25,-78.1337725580063
130.5,326.25,-77.49226941531899
131.25,326.25,-77.34909716251073
132.0,326.25,-77.9093076388199
132.75,326.25,-78.55469100703277
133.5,326.25,-79.0582194401506
134.25,326.25,-79.40850490127235
135.0,326.25,-79.64579193527098
135.75,326.25,-79.808182771701
136.5,326.25,-76.99201596806387
137.25,326.25,
138.0,326.25,
138.75,326.25,
139.5,326.25,
140.25,326.25,
141.0,326.25,
141.75,326.25,
142.5,326.25,
143.25,326.25,
144.0,326.25,
144.75,326.25,
145.5,326.25,
146.25,326.25,
147.0,326.25,
147.75,326.25,
148.5,326.25,
149.25,326.25,
150.0,326.25,
150.75,326.25,
151.5,326.25,
152.25,326.25,
153.0,326.25,
153.75,326.25,
154.5,326.25,
155.25,326.25,
156.0,326.25,
156.75,326.25,
157.5,326.25,
158.25,326.25,
159.0,326.25,
159.75,326.25,
160.5,326.25,
161.25,326.25,-82.45336787564767
162.0,326.25,-82.91637010676156
162.75,326.25,-83.52061855670102
163.5,326.25,-84.3
164.25,326.25,-85.17567567567566
165.0,326.25,-85.35365853658537
165.75,326.25,-81.8076923076923
166.5,326.25,-75.36206896551724
167.25,326.25,-73.49999999999999
168.0,326.25,-74.10674157303372
168.75,326.25,-74.97945205479454
169.5,326.25,-75.69909502262443
170.25,326.25,-76.02008147128643
171.0,326.25,-73.03246753246752
171.75,326.25,-73.32775119617224
172.5,326.25,-73.57675906183368
173.25,326.25,
174.0,326.25,-75.89083820662768
174.75,326.25,-77.8952724684266
175.5,326.25,-78.01506923940683
176.25,326.25,-75.62531571433802
177.0,326.25,-75.5450743924373
177.75,326.25,-75.46263848592169
178.5,326.25,-75.64354773057195
179.25,326.25,-75.60533628202369
180.0,326.25,-77.19929245549557
180.75,326.25,-77.9256579940617
181.5,326.25,-80.29601927917636
182.25,326.25,-83.30170065628073
183.0,326.25,-84.45813538274244
183.75,326.25,-86.33604804102619
184.5,326.25,-88.22157438562132
185.25,326.25,-89.03603262261161
186.0,326.25,-89.32026711548208
186.75,326.25,-89.70201582534025
187.5,326.25,-89.63947615270992
188.25,326.25,-89.74985929082574
189.0,326.25,-89.43421607257642
189.75,326.25,-89.08398576512455
190.5,326.25,-88.1984358013818
191.25,326.25,-86.77837837837839
192.0,326.25,-86.42013129102844
192.75,326.25,
193.5,326.25,
194.25,326.25,
195.0,326.25,
195.75,326.25,
196.5,326.25,
197.25,326.25,
198.0,326.25,
198.75,326.25,
199.5,326.25,
200.25,326.25,
201.0,326.25,
201.75,326.25,
202.5,326.25,
203.25,326.25,
204.0,326.25,
204.75,326.25,
205.5,326.25,
206.25,326.25,
207.0,326.25,
207.75,326.25,
208.5,326.25,
209.25,326.25,
210.0,326.25,
210.75,326.25,
211.5,326.25,
212.25,326.25,
213.0,326.25,
213.75,326.25,
214.5,326.25,
215.25,326.25,
216.0,326.25,
216.75,326.25,
217.5,326.25,
218.25,326.25,
219.0,326.25,
219.75,326.25,
220.5,326.25,
221.25,326.25,
222.0,326.25,
222.75,326.25,
223.5,326.25,
224.25,326.25,
225.0,326.25,
225.75,326.25,
226.5,326.25,
227.25,326.25,
228.0,326.25,
228.75,326.25,
229.5,326.25,
230.25,326.25,
231.0,326.25,
231.75,326.25,
232.5,326.25,
233.25,326.25,
234.0,326.25,
234.75,326.25,
235.5,326.25,
236.25,326.25,
237.0,326.25,
237.75,326.25,
238.5,326.25,
239.25,326.25,
240.0,326.25,
240.75,326.25,
241.5,326.25,
242.25,326.25,
243.0,326.25,
243.75,326.25,
244.5,326.25,
245.25,326.25,
246.0,326.25,
246.75,326.25,
247.5,326.25,
248.25,326.25,
249.0,326.25,
249.75,326.25,
250.5,326.25,
251.25,326.25,
252.0,326.25,
252.75,326.25,
253.5,326.25,
254.25,326.25,
255.0,326.25,
255.75,326.25,
256.5,326.25,
257.25,326.25,
258.0,326.25,
258.75,326.25,
123.0,327.0,
123.75,327.0,
124.5,327.0,
125.25,327.0,
126.0,327.0,-80.13924050632912
126.75,327.0,-80.06981740064447
127.5,327.0,-79.95705521472392
128.25,327.0,-79.75878220140515
129.0,327.0,-79.375
129.75,327.0,-78.56834532374101
130.5,327.0,-77.10526315789474
131.25,327.0,-76.67164179104479
132.0,327.0,-78.14285714285714
132.75,327.0,-79.17061611374406
133.5,327.0,-79.65934065934066
134.25,327.0,-79.90367775831872
135.0,327.0,-80.03846153846153
135.75,327.0,-80.11944202266783
136.5,327.0,-80.17150395778364
137.25,327.0,
138.0,327.0,
138.75,327.0,
139.5,327.0,
140.25,327.0,
141.0,327.0,
141.75,327.0,
142.5,327.0,
143.25,327.0,
144.0,327.0,
144.75,327.0,
145.5,327.0,
146.25,327.0,
147.0,327.0,
147.75,327.0,
148.5,327.0,
149.25,327.0,
150.0,327.0,
150.75,327.0,
151.5,327.0,
152.25,327.0,
153.0,327.0,
153.75,327.0,
154.5,327.0,
155.25,327.0,
156.0,327.0,
156.75,327.0,
157.5,327.0,
158.25,327.0,
159.0,327.0,
159.75,327.0,
160.5,327.0,
161.25,327.0,-82.5238726790451
162.0,327.0,-83.02941176470588
162.75,327.0,-83.71621621621621
163.5,327.0,-84.67241379310344
164.25,327.0,-85.96153846153845
165.0,327.0,-86.99999999999625
165.75,327.0,-83.02941176470588
166.5,327.0,-73.5
167.25,327.0,-72.1829268292683
168.0,327.0,-73.5
168.75,327.0,-74.68248175182481
169.5,327.0,-75.5377358490566
170.25,327.0,-76.15573770491802
171.0,327.0,
171.75,327.0,
172.5,327.0,
173.25,327.0,
174.0,327.0,
174.75,327.0,
175.5,327.0,
176.25,327.0,
177.0,327.0,
177.75,327.0,
178.5,327.0,
179.25,327.0,-77.0
180.0,327.0,-80.88009738283627
180.75,327.0,-81.6803992580697
181.5,327.0,-83.9613368715993
182.25,327.0,-85.18710963245145
183.0,327.0,-87.10000000000001
183.75,327.0,-89.060174020693
184.5,327.0,-89.69324659666866
185.25,327.0,-89.59469726510116
186.0,327.0,-89.7592267135325
186.75,327.0,-89.97515719498942
187.5,327.0,-89.97148544996779
188.25,327.0,-89.71936485650055
189.0,327.0,-89.27272727272728
189.75,327.0,-88.81610310658682
190.5,327.0,-88.46203500480787
191.25,327.0,-87.57103540426348
192.0,327.0,-86.00000000000001
192.75,327.0,-85.80990099009902
193.5,327.0,
194.25,327.0,
195.0,327.0,
195.75,327.0,
196.5,327.0,
197.25,327.0,
198.0,327.0,
198.75,327.0,
199.5,327.0,
200.25,327.0,
201.0,327.0,
201.75,327.0,
202.5,327.0,
203.25,327.0,
204.0,327.0,
204.75,327.0,
205.5,327.0,
206.25,327.0,
207.0,327.0,
207.75,327.0,
208.5,327.0,
209.25,327.0,
210.0,327.0,
210.75,327.0,
211.5,327.0,
212.25,327.0,
213.0,327.0,
213.75,327.0,
214.5,327.0,
215.25,327.0,
216.0,327.0,
216.75,327.0,
217.5,327.0,
218.25,327.0,
219.0,327.0,
219.75,327.0,
220.5,327.0,
221.25,327.0,
222.0,327.0,
222.75,327.0,
223.5,327.0,
224.25,327.0,
225.0,327.0,
225.75,327.0,
226.5,327.0,
227.25,327.0,
228.0,327.0,
228.75,327.0,
229.5,327.0,
230.25,327.0,
231.0,327.0,
231.75,327.0,
232.5,327.0,
233.25,327.0,
234.0,327.0,
234.75,327.0,
235.5,327.0,
236.25,327.0,
237.0,327.0,
237.75,327.0,
238.5,327.0,
239.25,327.0,
240.0,327.0,
240.75,327.0,
241.5,327.0,
242.25,327.0,
243.0,327.0,
243.75,327.0,
244.5,327.0,
245.25,327.0,
246.0,327.0,
246.75,327.0,
247.5,327.0,
248.25,327.0,
249.0,327.0,
249.75,327.0,
250.5,327.0,
251.25,327.0,
252.0,327.0,
252.75,327.0,
253.5,327.0,
254.25,327.0,
255.0,327.0,
255.75,327.0,
256.5,327.0,
257.25,327.0,
258.0,327.0,
258.75,327.0,
123.0,327.75,
123.75,327.75,
124.5,327.75,
125.25,327.75,-81.67307692307692
126.0,327.75,-80.46367732464958
126.75,327.75,-80.49562834550585
127.5,327.75,-80.5347080905144
128.25,327.75,-80.57254115562189
129.0,327.75,-80.56667672141936
129.75,327.75,-80.35433973073617
130.5,327.75,-79.59925359872044
131.25,327.75,-79.30954428202924
132.0,327.75,-80.17413330684414
132.75,327.75,-80.533443064492
133.5,327.75,-80.57963850074229
134.25,327.75,-80.54840884195151
135.0,327.75,-80.50798945441962
135.75,327.75,-80.47346671608717
136.5,327.75,-81.66616766467065
137.25,327.75,
138.0,327.75,
138.75,327.75,
139.5,327.75,
140.25,327.75,
141.0,327.75,
141.75,327.75,
142.5,327.75,
143.25,327.75,
144.0,327.75,
144.75,327.75,
145.5,327.75,
146.25,327.75,
147.0,327.75,
147.75,327.75,
148.5,327.75,
149.25,327.75,
150.0,327.75,
150.75,327.75,
151.5,327.75,
152.25,327.75,
153.0,327.75,
153.75,327.75,
154.5,327.75,
155.25,327.75,
156.0,327.75,
156.75,327.75,
157.5,327.75,
158.25,327.75,
159.0,327.75,
159.75,327.75,
160.5,327.75,
161.25,327.75,-82.45336787564767
162.0,327.75,-82.91637010676156
162.75,327.75,-83.52061855670102
163.5,327.75,-84.3
164.25,327.75,-85.17567567567566
165.0,327.75,-85.35365853658537
165.75,327.75,-81.8076923076923
166.5,327.75,-75.36206896551724
167.25,327.75,-73.49999999999999
168.0,327.75,-74.10674157303372
168.75,327.75,-74.97945205479454
169.5,327.75,-75.69909502262443
170.25,327.75,-76.25159235668788
171.0,327.75,
171.75,327.75,
172.5,327.75,
173.25,327.75,
174.0,327.75,
174.75,327.75,
175.5,327.75,
176.25,327.75,
177.0,327.75,
177.75,327.75,
178.5,327.75,-76.59713024282561
179.25,327.75,-80.7884161703019
180.0,327.75,-80.60873128187514
180.75,327.75,-81.48417975784778
181.5,327.75,-83.82024245375038
182.25,327.75,-86.025463093559
183.0,327.75,-88.34683429806222
183.75,327.75,-89.57260745924704
184.5,327.75,-90.16632615374817
185.25,327.75,-90.23793472598543
186.0,327.75,-89.82384124520809
186.75,327.75,-89.86087754801437
187.5,327.75,-89.6394094885106
188.25,327.75,-89.03420940061325
189.0,327.75,-88.30656839352261
189.75,327.75,-88.15865684796434
190.5,327.75,-87.83553092611243
191.25,327.75,-87.186124508627
192.0,327.75,-86.78714631668528
192.75,327.75,-85.57789702266649
193.5,327.75,-83.90715667311412
194.25,327.75,
195.0,327.75,
195.75,327.75,
196.5,327.75,
197.25,327.75,
198.0,327.75,
198.75,327.75,
199.5,327.75,
200.25,327.75,
201.0,327.75,
201.75,327.75,
202.5,327.75,
203.25,327.75,
204.0,327.75,
204.75,327.75,
205.5,327.75,
206.25,327.75,
207.0,327.75,
207.75,327.75,
208.5,327.75,
209.25,327.75,
210.0,327.75,
210.75,327.75,
211.5,327.75,
212.25,327.75,
213.0,327.75,
213.75,327.75,
214.5,327.75,
215.25,327.75,
216.0,327.75,
216.75,327.75,
217.5,327.75,
218.25,327.75,
219.0,327.75,
219.75,327.75,
220.5,327.75,
221.25,327.75,
222.0,327.75,
222.75,327.75,
223.5,327.75,
224.25,327.75,
225.0,327.75,
225.75,327.75,
226.5,327.75,
227.25,327.75,
228.0,327.75,
228.75,327.75,
229.5,327.75,
230.25,327.75,
231.0,327.75,
231.75,327.75,
232.5,327.75,
233.25,327.75,
234.0,327.75,
234.75,327.75,
235.5,327.75,
236.25,327.75,
237.0,327.75,
237.75,327.75,
238.5,327.75,
239.25,327.75,
240.0,327.75,
240.75,327.75,
241.5,327.75,
242.25,327.75,
243.0,327.75,
243.75,327.75,
244.5,327.75,
245.25,327.75,
246.0,327.75,
246.75,327.75,
247.5,327.75,
248.25,327.75,
249.0,327.75,
249.75,327.75,
250.5,327.75,
251.25,327.75,
252.0,327.75,
252.75,327.75,
253.5,327.75,
254.25,327.75,
255.0,327.75,
255.75,327.75,
256.5,327.75,
257.25,327.75,
258.0,327.75,
258.75,327.75,
123.0,328.5,
123.75,328.5,
124.5,328.5,
125.25,328.5,-81.90300546448087
126.0,328.5,-81.95
126.75,328.5,-80.93161246217925
127.5,328.5,-81.14120439038861
128.25,328.5,-81.4734404094699
129.0,328.5,-82.04278922345483
129.75,328.5,-83.1170875848377
130.5,328.5,-85.0
131.25,328.5,-85.56957087126139
132.0,328.5,-83.66339548577037
132.75,328.5,-82.32454652224978
133.5,328.5,-81.62809917355372
134.25,328.5,-81.23449707383169
135.0,328.5,-80.99183834013469
135.75,328.5,-80.83267262562376
136.5,328.5,-81.91666666666667
137.25,328.5,
138.0,328.5,
138.75,328.5,
139.5,328.5,
140.25,328.5,
141.0,328.5,
141.75,328.5,
142.5,328.5,
143.25,328.5,
144.0,328.5,
144.75,328.5,
145.5,328.5,
146.25,328.5,
147.0,328.5,
147.75,328.5,
148.5,328.5,
149.25,328.5,
150.0,328.5,
150.75,328.5,
151.5,328.5,
152.25,328.5,
153.0,328.5,
153.75,328.5,
154.5,328.5,
155.25,328.5,
156.0,328.5,
156.75,328.5,
157.5,328.5,
158.25,328.5,
159.0,328.5,
159.75,328.5,
160.5,328.5,
161.25,328.5,-82.26029055690071
162.0,328.5,-82.61688311688312
162.75,328.5,-83.02941176470588
163.5,328.5,-83.44736842105263
164.25,328.5,-83.65841584158416
165.0,328.5,-83.02941176470588
165.75,328.5,-80.63207547169812
166.5,328.5,-77.35714285714285
167.25,328.5,-75.60389610389609
168.0,328.5,-75.36206896551724
168.75,328.5,-75.68497109826589
169.5,328.5,-76.11290322580645
170.25,328.5,-76.50879765395895
171.0,328.5,
171.75,328.5,
172.5,328.5,
173.25,328.5,
174.0,328.5,
174.75,328.5,
175.5,328.5,
176.25,328.5,
177.0,328.5,
177.75,328.5,-76.49201596806387
178.5,328.5,-76.46491228070175
179.25,328.5,-80.8467516636139
180.0,328.5,-81.60970629809957
180.75,328.5,-81.74721072042263
181.5,328.5,-85.15063091482651
182.25,328.5,-87.37539135237066
183.0,328.5,-88.9089522156595
183.75,328.5,-89.96530421050511
184.5,328.5,-91.32384278336762
185.25,328.5,-91.5933091371547
186.0,328.5,-90.60792078787578
186.75,328.5,-89.70240218208482
187.5,328.5,-89.06588882362364
188.25,328.5,-88.28624035017694
189.0,328.5,-87.50130448585675
189.75,328.5,-87.44288459561784
190.5,328.5,-87.2535582764551
191.25,328.5,-86.77996154845667
192.0,328.5,-86.83082672684024
192.75,328.5,-86.02528903259126
193.5,328.5,-84.0
194.25,328.5,-84.09284332688588
195.0,328.5,
195.75,328.5,
196.5,328.5,
197.25,328.5,
198.0,328.5,
198.75,328.5,
199.5,328.5,
200.25,328.5,
201.0,328.5,
201.75,328.5,
202.5,328.5,
203.25,328.5,
204.0,328.5,
204.75,328.5,
205.5,328.5,
206.25,328.5,
207.0,328.5,
207.75,328.5,
208.5,328.5,
209.25,328.5,
210.0,328.5,
210.75,328.5,
211.5,328.5,
212.25,328.5,
213.0,328.5,
213.75,328.5,
214.5,328.5,
215.25,328.5,
216.0,328.5,
216.75,328.5,
217.5,328.5,
218.25,328.5,
219.0,328.5,
219.75,328.5,
220.5,328.5,
221.25,328.5,
222.0,328.5,
222.75,328.5,
223.5,328.5,
224.25,328.5,
225.0,328.5,
225.75,328.5,
226.5,328.5,
227.25,328.5,
228.0,328.5,
228.75,328.5,
229.5,328.5,
230.25,328.5,
231.0,328.5,
231.75,328.5,
232.5,328.5,
233.25,328.5,
234.0,328.5,
234.75,328.5,
235.5,328.5,
236.25,328.5,
237.0,328.5,
237.75,328.5,
238.5,328.5,
239.25,328.5,
240.0,328.5,
240.75,328.5,
241.5,328.5,
242.25,328.5,
243.0,328.5,
243.75,328.5,
244.5,328.5,
245.25,328.5,
246.0,328.5,
246.75,328.5,
247.5,328.5,
248.25,328.5,
249.0,328.5,
249.75,328.5,
250.5,328.5,
251.25,328.5,
252.0,328.5,
252.75,328.5,
253.5,328.5,
254.25,328.5,
255.0,328.5,
255.75,328.5,
256.5,328.5,
257.25,328.5,
258.0,328.5,
258.75,328.5,
123.0,329.25,
123.75,329.25,
124.5,329.25,
125.25,329.25,
126.0,329.25,-82.22619047619048
126.75,329.25,-82.38636363636364
127.5,329.25,-81.65080029107885
128.25,329.25,-82.17838002590739
129.0,329.25,-83.04500029920412
129.75,329.25,-84.46846439236269
130.5,329.25,-86.27523791752192
131.25,329.25,-86.68814222802152
132.0,329.25,-85.07496087207227
132.75,329.25,-83.44787644787645
133.5,329.25,-82.41952976660232
134.25,329.25,-81.79996593715406
135.0,329.25,-81.41079692644375
135.75,329.25,-82.2723880597015
136.5,329.25,-82.15
137.25,329.25,
138.0,329.25,
138.75,329.25,
139.5,329.25,
140.25,329.25,
141.0,329.25,
141.75,329.25,
142.5,329.25,
143.25,329.25,
144.0,329.25,
144.75,329.25,
145.5,329.25,
146.25,329.25,
147.0,329.25,
147.75,329.25,
148.5,329.25,
149.25,329.25,
150.0,329.25,
150.75,329.25,
151.5,329.25,
152.25,329.25,
153.0,329.25,
153.75,329.25,
154.5,329.25,
155.25,329.25,
156.0,329.25,
156.75,329.25,
157.5,329.25,
158.25,329.25,
159.0,329.25,
159.75,329.25,-86.51486988847583
160.5,329.25,-86.5682302771855
161.25,329.25,-86.63397129186603
162.0,329.25,-83.04945283420724
162.75,329.25,-82.43233082706766
163.5,329.25,-82.54568527918781
164.25,329.25,-82.37671232876713
165.0,329.25,-81.62389380530973
165.75,329.25,-80.11224489795919
166.5,329.25,-78.31188118811882
167.25,329.25,-77.04098360655738
168.0,329.25,-76.51863354037266
168.75,329.25,-76.47247706422019
169.5,329.25,-76.63310580204778
170.25,329.25,-76.85751295336787
171.0,329.25,
171.75,329.25,
172.5,329.25,
173.25,329.25,
174.0,329.25,
174.75,329.25,
175.5,329.25,
176.25,329.25,
177.0,329.25,
177.75,329.25,
178.5,329.25,
179.25,329.25,-81.45273631840794
180.0,329.25,-81.57202971350254
180.75,329.25,-82.42628753465871
181.5,329.25,-85.59027484285393
182.25,329.25,-87.1780803314121
183.0,329.25,-88.82567283418233
183.75,329.25,-90.07204478275865
184.5,329.25,-91.48819040267526
185.25,329.25,-91.80595414675774
186.0,329.25,-90.64998856246812
186.75,329.25,-89.57007776491089
187.5,329.25,-88.61017943962156
188.25,329.25,-87.3610531775732
189.0,329.25,-86.31218556591776
189.75,329.25,-85.53132189281574
190.5,329.25,-85.63749142302579
191.25,329.25,-85.82271249913707
192.0,329.25,-86.55568430994519
192.75,329.25,-85.16695059625212
193.5,329.25,-85.30609384509553
194.25,329.25,-84.21719457013575
195.0,329.25,
195.75,329.25,
196.5,329.25,
197.25,329.25,
198.0,329.25,
198.75,329.25,
199.5,329.25,
200.25,329.25,
201.0,329.25,
201.75,329.25,
202.5,329.25,
203.25,329.25,
204.0,329.25,
204.75,329.25,
205.5,329.25,
206.25,329.25,
207.0,329.25,
207.75,329.25,
208.5,329.25,
209.25,329.25,
210.0,329.25,
210.75,329.25,
211.5,329.25,
212.25,329.25,
213.0,329.25,
213.75,329.25,
214.5,329.25,
215.25,329.25,
216.0,329.25,
216.75,329.25,
217.5,329.25,
218.25,329.25,
219.0,329.25,
219.75,329.25,
220.5,329.25,
221.25,329.25,
222.0,329.25,
222.75,329.25,
223.5,329.25,
224.25,329.25,
225.0,329.25,
225.75,329.25,
226.5,329.25,
227.25,329.25,
228.0,329.25,
228.75,329.25,
229.5,329.25,
230.25,329.25,
231.0,329.25,
231.75,329.25,
232.5,329.25,
233.25,329.25,
234.0,329.25,
234.75,329.25,
235.5,329.25,
236.25,329.25,
237.0,329.25,
237.75,329.25,
238.5,329.25,
239.25,329.25,
240.0,329.25,
240.75,329.25,
241.5,329.25,
242.25,329.25,
243.0,329.25,
243.75,329.25,
244.5,329.25,
245.25,329.25,
246.0,329.25,
246.75,329.25,
247.5,329.25,
248.25,329.25,
249.0,329.25,
249.75,329.25,
250.5,329.25,
251.25,329.25,
252.0,329.25,
252.75,329.25,
253.5,329.25,
254.25,329.25,
255.0,329.25,
255.75,329.25,
256.5,329.25,
257.25,329.25,
258.0,329.25,
258.75,329.25,
123.0,330.0,
123.75,330.0,
124.5,330.0,
125.25,330.0,
126.0,330.0,-82.45
126.75,330.0,-82.66056910569107
127.5,330.0,-82.96739130434783
128.25,330.0,-82.54681847591222
129.0,330.0,-83.35434412265757
129.75,330.0,-84.41328148556336
130.5,330.0,-85.40524056923424
131.25,330.0,-85.59112818307206
132.0,330.0,-84.7831325301205
132.75,330.0,-83.68486684788958
133.5,330.0,-82.78554420462402
134.25,330.0,-82.14931124310291
135.0,330.0,-82.75
135.75,330.0,-82.51190476190477
136.5,330.0,
137.25,330.0,
138.0,330.0,
138.75,330.0,
139.5,330.0,
140.25,330.0,
141.0,330.0,
141.75,330.0,
142.5,330.0,
143.25,330.0,
144.0,330.0,
144.75,330.0,
145.5,330.0,
146.25,330.0,
147.0,330.0,
147.75,330.0,
148.5,330.0,
149.25,330.0,
150.0,330.0,
150.75,330.0,
151.5,330.0,
152.25,330.0,
153.0,330.0,
153.75,330.0,
154.5,330.0,
155.25,330.0,
156.0,330.0,
156.75,330.0,
157.5,330.0,
158.25,330.0,
159.0,330.0,
159.75,330.0,
160.5,330.0,-86.46330275229357
161.25,330.0,-86.52077922077922
162.0,330.0,-83.11405295315683
162.75,330.0,-82.89479391244363
163.5,330.0,-82.60647571606475
164.25,330.0,-82.16356726427601
165.0,330.0,-80.86363636363636
165.75,330.0,-79.87267080745343
166.5,330.0,-78.76829268292681
167.25,330.0,-77.87837837837837
168.0,330.0,-77.35714285714285
168.75,330.0,-77.1512455516014
169.5,330.0,-77.14044943820224
170.25,330.0,
171.0,330.0,
171.75,330.0,
172.5,330.0,
173.25,330.0,
174.0,330.0,
174.75,330.0,
175.5,330.0,
176.25,330.0,
177.0,330.0,
177.75,330.0,-77.41950113378684
178.5,330.0,-77.31182795698925
179.25,330.0,-80.13987955477874
180.0,330.0,-80.34782608695652
180.75,330.0,-80.92809613886725
181.5,330.0,-83.35925735515715
182.25,330.0,-85.20932855243072
183.0,330.0,-87.10346835232473
183.75,330.0,-88.98704426376443
184.5,330.0,-90.1588985958011
185.25,330.0,-90.66386971888724
186.0,330.0,-90.10655737704919
186.75,330.0,-89.92732323486027
187.5,330.0,-88.86785699609615
188.25,330.0,-86.30110750840518
189.0,330.0,-84.30044345898004
189.75,330.0,-84.45253481900924
190.5,330.0,-85.1021664076022
191.25,330.0,-85.56509307712898
192.0,330.0,-85.45091194072386
192.75,330.0,-86.18318073688907
193.5,330.0,-85.41649077109624
194.25,330.0,-84.37402597402597
195.0,330.0,
195.75,330.0,
196.5,330.0,
197.25,330.0,
198.0,330.0,
198.75,330.0,
199.5,330.0,
200.25,330.0,
201.0,330.0,
201.75,330.0,
202.5,330.0,
203.25,330.0,
204.0,330.0,
204.75,330.0,
205.5,330.0,
206.25,330.0,
207.0,330.0,
207.75,330.0,
208.5,330.0,
209.25,330.0,
210.0,330.0,
210.75,330.0,
211.5,330.0,
212.25,330.0,
213.0,330.0,
213.75,330.0,
214.5,330.0,
215.25,330.0,
216.0,330.0,
216.75,330.0,
217.5,330.0,
218.25,330.0,
219.0,330.0,
219.75,330.0,
220.5,330.0,
221.25,330.0,
222.0,330.0,
222.75,330.0,
223.5,330.0,
224.25,330.0,
225.0,330.0,
225.75,330.0,
226.5,330.0,
227.25,330.0,
228.0,330.0,
228.75,330.0,
229.5,330.0,
230.25,330.0,
231.0,330.0,
231.75,330.0,
232.5,330.0,
233.25,330.0,
234.0,330.0,
234.75,330.0,
235.5,330.0,
236.25,330.0,
237.0,330.0,
237.75,330.0,
238.5,330.0,
239.25,330.0,
240.0,330.0,
240.75,330.0,
241.5,330.0,
242.25,330.0,
243.0,330.0,
243.75,330.0,
244.5,330.0,
245.25,330.0,
246.0,330.0,
246.75,330.0,
247.5,330.0,
248.25,330.0,
249.0,330.0,
249.75,330.0,
250.5,330.0,
251.25,330.0,
252.0,330.0,
252.75,330.0,
253.5,330.0,
254.25,330.0,
255.0,330.0,
255.75,330.0,
256.5,330.0,
257.25,330.0,
258.0,330.0,
258.75,330.0,
123.0,330.75,
123.75,330.75,
124.5,330.75,
125.25,330.75,
126.0,330.75,
126.75,330.75,-82.83450704225353
127.5,330.75,-83.13738738738739
128.25,330.75,-83.54069767441861
129.0,330.75,-84.04850746268657
129.75,330.75,-83.93828158144608
130.5,330.75,-84.46424284210462
131.25,330.75,-84.55298895798961
132.0,330.75,-84.14539425000686
132.75,330.75,-84.23387096774192
133.5,330.75,-83.6993670886076
134.25,330.75,-83.25980392156863
135.0,330.75,-82.92557251908397
135.75,330.75,
136.5,330.75,
137.25,330.75,
138.0,330.75,
138.75,330.75,
139.5,330.75,
140.25,330.75,
141.0,330.75,
141.75,330.75,
142.5,330.75,
143.25,330.75,
144.0,330.75,
144.75,330.75,
145.5,330.75,
146.25,330.75,
147.0,330.75,
147.75,330.75,
148.5,330.75,
149.25,330.75,
150.0,330.75,
150.75,330.75,
151.5,330.75,
152.25,330.75,
153.0,330.75,
153.75,330.75,
154.5,330.75,
155.25,330.75,
156.0,330.75,
156.75,330.75,
157.5,330.75,
158.25,330.75,
159.0,330.75,
159.75,330.75,
160.5,330.75,-86.34798099762469
161.25,330.75,-86.3918918918919
162.0,330.75,-86.4525222551929
162.75,330.75,-83.06691771551685
163.5,330.75,-82.6479014017309
164.25,330.75,-82.12831935003635
165.0,330.75,-81.48247888629746
165.75,330.75,-79.74793388429754
166.5,330.75,-79.01020408163265
167.25,330.75,-78.37218045112782
168.0,330.75,-77.92622950819671
168.75,330.75,-77.67679558011051
169.5,330.75,-77.57780320366133
170.25,330.75,
171.0,330.75,
171.75,330.75,
172.5,330.75,
173.25,330.75,
174.0,330.75,
174.75,330.75,
175.5,330.75,
176.25,330.75,
177.0,330.75,-77.52834467120182
177.75,330.75,-77.41242937853107
178.5,330.75,-77.2701754385965
179.25,330.75,-77.11111111111111
180.0,330.75,-79.0824578856928
180.75,330.75,-79.2862302362289
181.5,330.75,-81.15469012838903
182.25,330.75,-82.8054845598282
183.0,330.75,-85.30924125020783
183.75,330.75,-87.15199291001446
184.5,330.75,-88.3460861737931
185.25,330.75,-89.39714636182758
186.0,330.75,-89.85707762202811
186.75,330.75,-91.45769418948957
187.5,330.75,-90.2747982731434
188.25,330.75,-85.02115758250558
189.0,330.75,-82.25471187838191
189.75,330.75,-83.45441614899907
190.5,330.75,-84.7274635504925
191.25,330.75,-85.31146348756577
192.0,330.75,-85.54721731538974
192.75,330.75,-86.1276344040547
193.5,330.75,-85.55737331993704
194.25,330.75,-85.59616216262052
195.0,330.75,
195.75,330.75,
196.5,330.75,
197.25,330.75,
198.0,330.75,
198.75,330.75,
199.5,330.75,
200.25,330.75,
201.0,330.75,
201.75,330.75,
202.5,330.75,
203.25,330.75,
204.0,330.75,
204.75,330.75,
205.5,330.75,
206.25,330.75,
207.0,330.75,
207.75,330.75,
208.5,330.75,
209.25,330.75,
210.0,330.75,
210.75,330.75,
211.5,330.75,
212.25,330.75,
213.0,330.75,
213.75,330.75,
214.5,330.75,
215.25,330.75,
216.0,330.75,
216.75,330.75,
217.5,330.75,
218.25,330.75,
219.0,330.75,
219.75,330.75,
220.5,330.75,
221.25,330.75,
222.0,330.75,
222.75,330.75,
223.5,330.75,
224.25,330.75,
225.0,330.75,
225.75,330.75,
226.5,330.75,
227.25,330.75,
228.0,330.75,
228.75,330.75,
229.5,330.75,
230.25,330.75,
231.0,330.75,
231.75,330.75,
232.5,330.75,
233.25,330.75,
234.0,330.75,
234.75,330.75,
235.5,330.75,
236.25,330.75,
237.0,330.75,
237.75,330.75,
238.5,330.75,
239.25,330.75,
240.0,330.75,
240.75,330.75,
241.5,330.75,
242.25,330.75,
243.0,330.75,
243.75,330.75,
244.5,330.75,
245.25,330.75,
246.0,330.75,
246.75,330.75,
247.5,330.75,
248.25,330.75,
249.0,330.75,
249.75,330.75,
250.5,330.75,
251.25,330.75,
252.0,330.75,
252.75,330.75,
253.5,330.75,
254.25,330.75,
255.0,330.75,
255.75,330.75,
256.5,330.75,
257.25,330.75,
258.0,330.75,
258.75,330.75,
123.0,331.5,
123.75,331.5,
124.5,331.5,
125.25,331.5,
126.0,331.5,
126.75,331.5,
127.5,331.5,-83.19117647058823
128.25,331.5,-83.51576576576576
129.0,331.5,-83.8804347826087
129.75,331.5,-84.23101265822785
130.5,331.5,-84.47222222222223
131.25,331.5,-84.5105633802817
132.0,331.5,-84.32894736842105
132.75,331.5,-84.0028735632184
133.5,331.5,-83.63461538461539
134.25,331.5,-83.29330708661416
135.0,331.5,
135.75,331.5,
136.5,331.5,
137.25,331.5,
138.0,331.5,
138.75,331.5,
139.5,331.5,
140.25,331.5,
141.0,331.5,
141.75,331.5,
142.5,331.5,
143.25,331.5,
144.0,331.5,
144.75,331.5,
145.5,331.5,
146.25,331.5,
147.0,331.5,
147.75,331.5,
148.5,331.5,
149.25,331.5,
150.0,331.5,
150.75,331.5,
151.5,331.5,
152.25,331.5,
153.0,331.5,
153.75,331.5,
154.5,331.5,
155.25,331.5,
156.0,331.5,
156.75,331.5,-86.92380952380954
157.5,331.5,-86.85964912280703
158.25,331.5,-86.78271604938273
159.0,331.5,-86.69892473118279
159.75,331.5,-86.61904761904762
160.5,331.5,-86.55555555555556
161.25,331.5,-86.6185506086175
162.0,331.5,-86.31176470588234
162.75,331.5,-86.37692307692306
163.5,331.5,-83.01143674052894
164.25,331.5,-82.4383033865164
165.0,331.5,-81.81062529047942
165.75,331.5,-81.15745901457596
166.5,331.5,-79.15116279069768
167.25,331.5,-78.67808219178082
168.0,331.5,-78.31188118811882
168.75,331.5,-78.06832971800434
169.5,331.5,
170.25,331.5,
171.0,331.5,
171.75,331.5,
172.5,331.5,
173.25,331.5,
174.0,331.5,
174.75,331.5,
175.5,331.5,
176.25,331.5,-77.66457023060796
177.0,331.5,-77.56989247311827
177.75,331.5,-77.43859649122808
178.5,331.5,-77.25925925925927
179.25,331.5,-77.03030303030302
180.0,331.5,-77.96039825483837
180.75,331.5,-77.77181508416824
181.5,331.5,-79.06643367810166
182.25,331.5,-80.70359263570381
183.0,331.5,-82.91478812718981
183.75,331.5,-84.74475169543007
184.5,331.5,-86.66180080111606
185.25,331.5,-87.26007664983004
186.0,331.5,-88.55350412648342
186.75,331.5,-90.09408670794117
187.5,331.5,-88.87342934467426
188.25,331.5,-85.16333089697592
189.0,331.5,-83.19451351147025
189.75,331.5,-84.26628248343263
190.5,331.5,-85.27298566485419
191.25,331.5,-85.6307966710405
192.0,331.5,-85.72636719529167
192.75,331.5,-85.74896096246364
193.5,331.5,-85.68062885677169
194.25,331.5,-85.70727057504206
195.0,331.5,
195.75,331.5,
196.5,331.5,
197.25,331.5,
198.0,331.5,
198.75,331.5,
199.5,331.5,
200.25,331.5,
201.0,331.5,
201.75,331.5,
202.5,331.5,
203.25,331.5,
204.0,331.5,
204.75,331.5,
205.5,331.5,
206.25,331.5,
207.0,331.5,
207.75,331.5,
208.5,331.5,
209.25,331.5,
210.0,331.5,
210.75,331.5,
211.5,331.5,
212.25,331.5,
213.0,331.5,
213.75,331.5,
214.5,331.5,
215.25,331.5,
216.0,331.5,
216.75,331.5,
217.5,331.5,
218.25,331.5,
219.0,331.5,
219.75,331.5,
220.5,331.5,
221.25,331.5,
222.0,331.5,
222.75,331.5,
223.5,331.5,
224.25,331.5,
225.0,331.5,
225.75,331.5,
226.5,331.5,
227.25,331.5,
228.0,331.5,
228.75,331.5,
229.5,331.5,
230.25,331.5,
231.0,331.5,
231.75,331.5,
232.5,331.5,
233.25,331.5,
234.0,331.5,
234.75,331.5,
235.5,331.5,
236.25,331.5,
237.0,331.5,
237.75,331.5,
238.5,331.5,
239.25,331.5,
240.0,331.5,
240.75,331.5,
241.5,331.5,
242.25,331.5,
243.0,331.5,
243.75,331.5,
244.5,331.5,
245.25,331.5,
246.0,331.5,
246.75,331.5,
247.5,331.5,
248.25,331.5,
249.0,331.5,
249.75,331.5,
250.5,331.5,
251.25,331.5,
252.0,331.5,
252.75,331.5,
253.5,331.5,
254.25,331.5,
255.0,331.5,
255.75,331.5,
256.5,331.5,
257.25,331.5,
258.0,331.5,
258.75,331.5,
123.0,332.25,
123.75,332.25,
124.5,332.25,
125.25,332.25,
126.0,332.25,
126.75,332.25,
127.5,332.25,
128.25,332.25,-83.42605633802818
129.0,332.25,-83.68495934959348
129.75,332.25,-83.91363636363636
130.5,332.25,-84.0606796116505
131.25,332.25,-84.08333333333334
132.0,332.25,-83.97429906542055
132.75,332.25,-83.76694915254237
133.5,332.25,-83.51296296296296
134.25,332.25,
135.0,332.25,
135.75,332.25,
136.5,332.25,
137.25,332.25,
138.0,332.25,
138.75,332.25,
139.5,332.25,
140.25,332.25,
141.0,332.25,
141.75,332.25,
142.5,332.25,
143.25,332.25,
144.0,332.25,
144.75,332.25,
145.5,332.25,
146.25,332.25,
147.0,332.25,
147.75,332.25,
148.5,332.25,
149.25,332.25,
150.0,332.25,
150.75,332.25,
151.5,332.25,
152.25,332.25,
153.0,332.25,
153.75,332.25,
154.5,332.25,
155.25,332.25,
156.0,332.25,-87.01559454191033
156.75,332.25,-86.962441314554
157.5,332.25,-86.88795518207283
158.25,332.25,-86.79084967320262
159.0,332.25,-86.67765567765568
159.75,332.25,-86.56589147286822
160.5,332.25,-86.47892720306513
161.25,332.25,-86.43262411347519
162.0,332.25,-86.42679127725857
162.75,332.25,-86.24566473988439
163.5,332.25,-86.31661891117477
164.25,332.25,-82.95446392620521
165.0,332.25,-82.31099669110223
165.75,332.25,-81.68191618090577
166.5,332.25,-79.23969631236442
167.25,332.25,-78.87759336099585
168.0,332.25,
168.75,332.25,
169.5,332.25,
170.25,332.25,
171.0,332.25,
171.75,332.25,
172.5,332.25,
173.25,332.25,
174.0,332.25,
174.75,332.25,
175.5,332.25,
176.25,332.25,-77.73708920187794
177.0,332.25,-77.65109034267913
177.75,332.25,-77.52136752136751
178.5,332.25,-77.32121212121213
179.25,332.25,-77.01754385964912
180.0,332.25,-77.16837337740448
180.75,332.25,-76.6135287632142
181.5,332.25,-77.25887663110933
182.25,332.25,-78.99606837951065
183.0,332.25,-81.28260917337683
183.75,332.25,-83.76800042151629
184.5,332.25,-85.08612962400257
185.25,332.25,-85.50670478237417
186.0,332.25,-85.21911341632115
186.75,332.25,-83.93178604358656
187.5,332.25,-84.40804019775639
188.25,332.25,-85.92456693970726
189.0,332.25,-86.77988988280535
189.75,332.25,-86.29364331158813
190.5,332.25,-85.96793273011261
191.25,332.25,-85.940139719551
192.0,332.25,-85.89348777889319
192.75,332.25,-85.84574857648788
193.5,332.25,-85.79317879815845
194.25,332.25,-85.76144589290874
195.0,332.25,
195.75,332.25,
196.5,332.25,
197.25,332.25,
198.0,332.25,
198.75,332.25,
199.5,332.25,
200.25,332.25,
201.0,332.25,
201.75,332.25,
202.5,332.25,
203.25,332.25,
204.0,332.25,
204.75,332.25,
205.5,332.25,
206.25,332.25,
207.0,332.25,
207.75,332.25,
208.5,332.25,
209.25,332.25,
210.0,332.25,
210.75,332.25,
211.5,332.25,
212.25,332.25,
213.0,332.25,
213.75,332.25,
214.5,332.25,
215.25,332.25,
216.0,332.25,
216.75,332.25,
217.5,332.25,
218.25,332.25,
219.0,332.25,
219.75,332.25,
220.5,332.25,
221.25,332.25,
222.0,332.25,
222.75,332.25,
223.5,332.25,
224.25,332.25,
225.0,332.25,
225.75,332.25,
226.5,332.25,
227.25,332.25,
228.0,332.25,
228.75,332.25,
229.5,332.25,
230.25,332.25,
231.0,332.25,
231.75,332.25,
232.5,332.25,
233.25,332.25,
234.0,332.25,
234.75,332.25,
235.5,332.25,
236.25,332.25,
237.0,332.25,
237.75,332.25,
238.5,332.25,
239.25,332.25,
240.0,332.25,
240.75,332.25,
241.5,332.25,
242.25,332.25,
243.0,332.25,
243.75,332.25,
244.5,332.25,
245.25,332.25,
246.0,332.25,
246.75,332.25,
247.5,332.25,
248.25,332.25,
249.0,332.25,
249.75,332.25,
250.5,332.25,
251.25,332.25,
252.0,332.25,
252.75,332.25,
253.5,332.25,
254.25,332.25,
255.0,332.25,
255.75,332.25,
256.5,332.25,
257.25,332.25,
258.0,332.25,
258.75,332.25,
123.0,333.0,
123.75,333.0,
124.5,333.0,
125.25,333.0,
126.0,333.0,
126.75,333.0,
127.5,333.0,
128.25,333.0,
129.0,333.0,
129.75,333.0,
130.5,333.0,
131.25,333.0,
132.0,333.0,
132.75,333.0,
133.5,333.0,
134.25,333.0,
135.0,333.0,
135.75,333.0,
136.5,333.0,
137.25,333.0,
138.0,333.0,
138.75,333.0,
139.5,333.0,
140.25,333.0,
141.0,333.0,
141.75,333.0,
142.5,333.0,
143.25,333.0,
144.0,333.0,
144.75,333.0,
145.5,333.0,
146.25,333.0,
147.0,333.0,
147.75,333.0,
148.5,333.0,
149.25,333.0,
150.0,333.0,
150.75,333.0,
151.5,333.0,
152.25,333.0,
153.0,333.0,
153.75,333.0,
154.5,333.0,
155.25,333.0,
156.0,333.0,-87.07407407407408
156.75,333.0,-87.0231884057971
157.5,333.0,-86.94202898550724
158.25,333.0,-86.82222222222222
159.0,333.0,-86.66666666666669
159.75,333.0,-86.50282485875705
160.5,333.0,-86.37777777777778
161.25,333.0,-86.32338308457712
162.0,333.0,-86.33333333333333
162.75,333.0,-86.38047138047138
163.5,333.0,
164.25,333.0,
165.0,333.0,
165.75,333.0,
166.5,333.0,
167.25,333.0,
168.0,333.0,
168.75,333.0,
169.5,333.0,
170.25,333.0,
171.0,333.0,
171.75,333.0,
172.5,333.0,
173.25,333.0,
174.0,333.0,
174.75,333.0,
175.5,333.0,-77.87596899224805
176.25,333.0,-77.83715012722645
177.0,333.0,-77.77777777777779
177.75,333.0,-77.68159203980099
178.5,333.0,-77.51515151515152
179.25,333.0,-77.20987654320989
180.0,333.0,-76.66666666666667
180.75,333.0,-76.08935756903011
181.5,333.0,-76.48625859163249
182.25,333.0,-78.30652553381698
183.0,333.0,-80.37209302325583
183.75,333.0,-82.7455522114154
184.5,333.0,-83.9618765393702
185.25,333.0,-84.17775134712092
186.0,333.0,-83.07314900356342
186.75,333.0,-80.35236139343161
187.5,333.0,-81.67539921207589
188.25,333.0,-86.5005092371342
189.0,333.0,-88.99999999999476
189.75,333.0,-87.32447437243194
190.5,333.0,-86.1004088804977
191.25,333.0,-86.00216815835326
192.0,333.0,-85.965714059392
192.75,333.0,-85.59660155682928
193.5,333.0,-85.8717903991069
194.25,333.0,-85.82641848315933
195.0,333.0,
195.75,333.0,
196.5,333.0,
197.25,333.0,
198.0,333.0,
198.75,333.0,
199.5,333.0,
200.25,333.0,
201.0,333.0,
201.75,333.0,
202.5,333.0,
203.25,333.0,
204.0,333.0,
204.75,333.0,
205.5,333.0,
206.25,333.0,
207.0,333.0,
207.75,333.0,
208.5,333.0,
209.25,333.0,
210.0,333.0,
210.75,333.0,
211.5,333.0,
212.25,333.0,
213.0,333.0,
213.75,333.0,
214.5,333.0,
215.25,333.0,
216.0,333.0,
216.75,333.0,
217.5,333.0,
218.25,333.0,
219.0,333.0,
219.75,333.0,
220.5,333.0,
221.25,333.0,
222.0,333.0,
222.75,333.0,
223.5,333.0,
224.25,333.0,
225.0,333.0,
225.75,333.0,
226.5,333.0,
227.25,333.0,
228.0,333.0,
228.75,333.0,
229.5,333.0,
230.25,333.0,
231.0,333.0,
231.75,333.0,
232.5,333.0,
233.25,333.0,
234.0,333.0,
234.75,333.0,
235.5,333.0,
236.25,333.0,
237.0,333.0,
237.75,333.0,
238.5,333.0,
239.25,333.0,
240.0,333.0,
240.75,333.0,
241.5,333.0,
242.25,333.0,
243.0,333.0,
243.75,333.0,
244.5,333.0,
245.25,333.0,
246.0,333.0,
246.75,333.0,
247.5,333.0,
248.25,333.0,
249.0,333.0,
249.75,333.0,
250.5,333.0,
251.25,333.0,
252.0,333.0,
252.75,333.0,
253.5,333.0,
254.25,333.0,
255.0,333.0,
255.75,333.0,
256.5,333.0,
257.25,333.0,
258.0,333.0,
258.75,333.0,
123.0,333.75,
123.75,333.75,
124.5,333.75,
125.25,333.75,
126.0,333.75,
126.75,333.75,
127.5,333.75,
128.25,333.75,
129.0,333.75,
129.75,333.75,
130.5,333.75,
131.25,333.75,
132.0,333.75,
132.75,333.75,
133.5,333.75,
134.25,333.75,
135.0,333.75,
135.75,333.75,
136.5,333.75,
137.25,333.75,
138.0,333.75,
138.75,333.75,
139.5,333.75,
140.25,333.75,
141.0,333.75,
141.75,333.75,
142.5,333.75,
143.25,333.75,
144.0,333.75,
144.75,333.75,
145.5,333.75,
146.25,333.75,
147.0,333.75,
147.75,333.75,
148.5,333.75,
149.25,333.75,
150.0,333.75,
150.75,333.75,
151.5,333.75,
152.25,333.75,
153.0,333.75,
153.75,333.75,
154.5,333.75,-89.43036750483559
155.25,333.75,-88.39354067686395
156.0,333.75,-88.24026188041022
156.75,333.75,-88.04423590857503
157.5,333.75,-87.80187333688131
158.25,333.75,-87.50313043871348
159.0,333.75,-87.13599300906206
159.75,333.75,-86.7348433988149
160.5,333.75,-86.24786324786325
161.25,333.75,-86.18840579710144
162.0,333.75,-86.2316384180791
162.75,333.75,-86.31623931623932
163.5,333.75,-86.40453074433657
164.25,333.75,
165.0,333.75,
165.75,333.75,
166.5,333.75,
167.25,333.75,
168.0,333.75,
168.75,333.75,
169.5,333.75,
170.25,333.75,
171.0,333.75,
171.75,333.75,
172.5,333.75,
173.25,333.75,
174.0,333.75,
174.75,333.75,
175.5,333.75,-77.96806387225548
176.25,333.75,-77.95767195767196
177.0,333.75,-77.94139194139193
177.75,333.75,-77.91397849462366
178.5,333.75,-77.86324786324788
179.25,333.75,-77.75757575757576
180.0,333.75,-77.51515151515152
180.75,333.75,-77.1111111111111
181.5,333.75,-77.51671091144237
182.25,333.75,-78.79399412356462
183.0,333.75,-80.15634662045268
183.75,333.75,-82.17088271174902
184.5,333.75,-82.67765054726618
185.25,333.75,-83.10053313014781
186.0,333.75,-83.29920768468143
186.75,333.75,-82.0451424162356
187.5,333.75,-83.17666812815358
188.25,333.75,-85.8961801389407
189.0,333.75,-87.19949133774712
189.75,333.75,-86.74558722218427
190.5,333.75,-86.17432085960903
191.25,333.75,-86.02524398390105
192.0,333.75,-85.97361511613977
192.75,333.75,-85.60703547116955
193.5,333.75,-85.91830924035332
194.25,333.75,-85.87049128641671
195.0,333.75,
195.75,333.75,
196.5,333.75,
197.25,333.75,
198.0,333.75,
198.75,333.75,
199.5,333.75,
200.25,333.75,
201.0,333.75,
201.75,333.75,
202.5,333.75,
203.25,333.75,
204.0,333.75,
204.75,333.75,
205.5,333.75,
206.25,333.75,
207.0,333.75,
207.75,333.75,
208.5,333.75,
209.25,333.75,
210.0,333.75,
210.75,333.75,
211.5,333.75,
212.25,333.75,
213.0,333.75,
213.75,333.75,
214.5,333.75,
215.25,333.75,
216.0,333.75,
216.75,333.75,
217.5,333.75,
218.25,333.75,
219.0,333.75,
219.75,333.75,
220.5,333.75,
221.25,333.75,
222.0,333.75,
222.75,333.75,
223.5,333.75,
224.25,333.75,
225.0,333.75,
225.75,333.75,
226.5,333.75,
227.25,333.75,
228.0,333.75,
228.75,333.75,
229.5,333.75,
230.25,333.75,
231.0,333.75,
231.75,333.75,
232.5,333.75,
233.25,333.75,
234.0,333.75,
234.75,333.75,
235.5,333.75,
236.25,333.75,
237.0,333.75,
237.75,333.75,
238.5,333.75,
239.25,333.75,
240.0,333.75,
240.75,333.75,
241.5,333.75,
242.25,333.75,
243.0,333.75,
243.75,333.75,
244.5,333.75,
245.25,333.75,
246.0,333.75,
246.75,333.75,
247.5,333.75,
248.25,333.75,
249.0,333.75,
249.75,333.75,
250.5,333.75,
251.25,333.75,
252.0,333.75,
252.75,333.75,
253.5,333.75,
254.25,333.75,
255.0,333.75,
255.75,333.75,
256.5,333.75,
257.25,333.75,
258.0,333.75,
258.75,333.75,
123.0,334.5,
123.75,334.5,
124.5,334.5,
125.25,334.5,
126.0,334.5,
126.75,334.5,
127.5,334.5,
128.25,334.5,
129.0,334.5,
129.75,334.5,
130.5,334.5,
131.25,334.5,
132.0,334.5,
132.75,334.5,
133.5,334.5,
134.25,334.5,
135.0,334.5,
135.75,334.5,
136.5,334.5,
137.25,334.5,
138.0,334.5,
138.75,334.5,
139.5,334.5,
140.25,334.5,
141.0,334.5,
141.75,334.5,
142.5,334.5,
143.25,334.5,
144.0,334.5,
144.75,334.5,
145.5,334.5,
146.25,334.5,
147.0,334.5,
147.75,334.5,
148.5,334.5,
149.25,334.5,
150.0,334.5,
150.75,334.5,
151.5,334.5,
152.25,334.5,
153.0,334.5,
153.75,334.5,-89.5696324951644
154.5,334.5,-89.5
155.25,334.5,-88.56202725140342
156.0,334.5,-88.40705433746425
156.75,334.5,-88.20015645900438
157.5,334.5,-87.94457382394039
158.25,334.5,-87.63053173961865
159.0,334.5,-87.20537897310513
159.75,334.5,-86.64448436604668
160.5,334.5,-86.18112889637743
161.25,334.5,-86.05376344086022
162.0,334.5,-86.15151515151516
162.75,334.5,-86.28042328042326
163.5,334.5,-86.39393939393939
164.25,334.5,-86.484593837535
165.0,334.5,
165.75,334.5,
166.5,334.5,
167.25,334.5,
168.0,334.5,
168.75,334.5,
169.5,334.5,
170.25,334.5,
171.0,334.5,
171.75,334.5,
172.5,334.5,
173.25,334.5,
174.0,334.5,
174.75,334.5,
175.5,334.5,-78.06349206349206
176.25,334.5,-78.08398950131235
177.0,334.5,-78.11594202898551
177.75,334.5,-78.16931216931216
178.5,334.5,-78.26666666666667
179.25,334.5,-78.46376811594203
180.0,334.5,-78.88888888888889
180.75,334.5,-79.52380952380952
181.5,334.5,-79.34177215189874
182.25,334.5,-79.20222058807455
183.0,334.5,-80.26257614005576
183.75,334.5,-81.46696790124366
184.5,334.5,-82.51534304457167
185.25,334.5,-83.11687591886947
186.0,334.5,-83.59071266902589
186.75,334.5,-83.86154018950646
187.5,334.5,-84.60565991102324
188.25,334.5,-85.52389097800337
189.0,334.5,-85.67724315594326
189.75,334.5,-85.91845376255921
190.5,334.5,-86.01824313766343
191.25,334.5,-85.9862328828188
192.0,334.5,-85.66724835345045
192.75,334.5,-85.55161169406064
193.5,334.5,-85.94150901266644
194.25,334.5,-86.56017070587502
195.0,334.5,
195.75,334.5,
196.5,334.5,
197.25,334.5,
198.0,334.5,
198.75,334.5,
199.5,334.5,
200.25,334.5,
201.0,334.5,
201.75,334.5,
202.5,334.5,
203.25,334.5,
204.0,334.5,
204.75,334.5,
205.5,334.5,
206.25,334.5,
207.0,334.5,
207.75,334.5,
208.5,334.5,
209.25,334.5,
210.0,334.5,
210.75,334.5,
211.5,334.5,
212.25,334.5,
213.0,334.5,
213.75,334.5,
214.5,334.5,
215.25,334.5,
216.0,334.5,
216.75,334.5,
217.5,334.5,
218.25,334.5,
219.0,334.5,
219.75,334.5,
220.5,334.5,
221.25,334.5,
222.0,334.5,
222.75,334.5,
223.5,334.5,
224.25,334.5,
225.0,334.5,
225.75,334.5,
226.5,334.5,
227.25,334.5,
228.0,334.5,
228.75,334.5,
229.5,334.5,
230.25,334.5,
231.0,334.5,
231.75,334.5,
232.5,334.5,
233.25,334.5,
234.0,334.5,
234.75,334.5,
235.5,334.5,
236.25,334.5,
237.0,334.5,
237.75,334.5,
238.5,334.5,
239.25,334.5,
240.0,334.5,
240.75,334.5,
241.5,334.5,
242.25,334.5,
243.0,334.5,
243.75,334.5,
244.5,334.5,
245.25,334.5,
246.0,334.5,
246.75,334.5,
247.5,334.5,
248.25,334.5,
249.0,334.5,
249.75,334.5,
250.5,334.5,
251.25,334.5,
252.0,334.5,
252.75,334.5,
253.5,334.5,
254.25,334.5,
255.0,334.5,
255.75,334.5,
256.5,334.5,
257.25,334.5,
258.0,334.5,
258.75,334.5,
123.0,335.25,
123.75,335.25,
124.5,335.25,
125.25,335.25,
126.0,335.25,
126.75,335.25,
127.5,335.25,
128.25,335.25,
129.0,335.25,
129.75,335.25,
130.5,335.25,
131.25,335.25,
132.0,335.25,
132.75,335.25,
133.5,335.25,
134.25,335.25,
135.0,335.25,
135.75,335.25,
136.5,335.25,
137.25,335.25,
138.0,335.25,
138.75,335.25,
139.5,335.25,
140.25,335.25,
141.0,335.25,
141.75,335.25,
142.5,335.25,
143.25,335.25,
144.0,335.25,
144.75,335.25,
145.5,335.25,
146.25,335.25,
147.0,335.25,
147.75,335.25,
148.5,335.25,
149.25,335.25,
150.0,335.25,
150.75,335.25,
151.5,335.25,
152.25,335.25,
153.0,335.25,
153.75,335.25,-91.17195765645961
154.5,335.25,-90.92949951242655
155.25,335.25,-89.8407960199005
156.0,335.25,-88.007819180639
156.75,335.25,-87.17620874826163
157.5,335.25,-87.23367378437923
158.25,335.25,-87.22386076352855
159.0,335.25,-87.48058453959204
159.75,335.25,-86.83514326835014
160.5,335.25,-86.16533994519116
161.25,335.25,-86.04927468138838
162.0,335.25,-86.16190476190475
162.75,335.25,-86.30864197530865
163.5,335.25,-86.42616033755274
164.25,335.25,-86.5151515151515
165.0,335.25,
165.75,335.25,
166.5,335.25,
167.25,335.25,
168.0,335.25,
168.75,335.25,
169.5,335.25,
170.25,335.25,
171.0,335.25,
171.75,335.25,
172.5,335.25,
173.25,335.25,
174.0,335.25,
174.75,335.25,
175.5,335.25,-78.15238095238095
176.25,335.25,-78.19900497512437
177.0,335.25,-78.26936026936028
177.75,335.25,-78.38095238095238
178.5,335.25,-78.56737588652483
179.25,335.25,-78.88888888888889
180.0,335.25,-79.40350877192982
180.75,335.25,-79.90476190476191
181.5,335.25,-79.77961969770843
182.25,335.25,-79.24765957446809
183.0,335.25,-79.79441795979311
183.75,335.25,-81.53490395862116
184.5,335.25,-82.48806566518111
185.25,335.25,-83.20234401041887
186.0,335.25,-84.09973849458672
186.75,335.25,-84.7094087954492
187.5,335.25,-85.12444810038293
188.25,335.25,-85.48813213290542
189.0,335.25,-85.51455785095573
189.75,335.25,-85.65604229505453
190.5,335.25,-85.83116248215183
191.25,335.25,-85.59392040183721
192.0,335.25,-85.54579876639428
192.75,335.25,-85.98900389267844
193.5,335.25,-86.53012265170328
194.25,335.25,-86.56441902468394
195.0,335.25,
195.75,335.25,
196.5,335.25,
197.25,335.25,
198.0,335.25,
198.75,335.25,
199.5,335.25,
200.25,335.25,
201.0,335.25,
201.75,335.25,
202.5,335.25,
203.25,335.25,
204.0,335.25,
204.75,335.25,
205.5,335.25,
206.25,335.25,
207.0,335.25,
207.75,335.25,
208.5,335.25,
209.25,335.25,
210.0,335.25,
210.75,335.25,
211.5,335.25,
212.25,335.25,
213.0,335.25,
213.75,335.25,
214.5,335.25,
215.25,335.25,
216.0,335.25,
216.75,335.25,
217.5,335.25,
218.25,335.25,
219.0,335.25,
219.75,335.25,
220.5,335.25,
221.25,335.25,
222.0,335.25,
222.75,335.25,
223.5,335.25,
224.25,335.25,
225.0,335.25,
225.75,335.25,
226.5,335.25,
227.25,335.25,
228.0,335.25,
228.75,335.25,
229.5,335.25,
230.25,335.25,
231.0,335.25,
231.75,335.25,
232.5,335.25,
233.25,335.25,
234.0,335.25,
234.75,335.25,
235.5,335.25,
236.25,335.25,
237.0,335.25,
237.75,335.25,
238.5,335.25,
239.25,335.25,
240.0,335.25,
240.75,335.25,
241.5,335.25,
242.25,335.25,
243.0,335.25,
243.75,335.25,
244.5,335.25,
245.25,335.25,
246.0,335.25,
246.75,335.25,
247.5,335.25,
248.25,335.25,
249.0,335.25,
249.75,335.25,
250.5,335.25,
251.25,335.25,
252.0,335.25,
252.75,335.25,
253.5,335.25,
254.25,335.25,
255.0,335.25,
255.75,335.25,
256.5,335.25,
257.25,335.25,
258.0,335.25,
258.75,335.25,
123.0,336.0,
123.75,336.0,
124.5,336.0,
125.25,336.0,
126.0,336.0,
126.75,336.0,
127.5,336.0,
128.25,336.0,
129.0,336.0,
129.75,336.0,
130.5,336.0,
131.25,336.0,
132.0,336.0,
132.75,336.0,
133.5,336.0,
134.25,336.0,
135.0,336.0,
135.75,336.0,
136.5,336.0,
137.25,336.0,
138.0,336.0,
138.75,336.0,
139.5,336.0,
140.25,336.0,
141.0,336.0,
141.75,336.0,
142.5,336.0,
143.25,336.0,
144.0,336.0,
144.75,336.0,
145.5,336.0,
146.25,336.0,
147.0,336.0,
147.75,336.0,
148.5,336.0,
149.25,336.0,
150.0,336.0,
150.75,336.0,
151.5,336.0,
152.25,336.0,-92.96881091617932
153.0,336.0,-92.85185185185186
153.75,336.0,-88.7081796538463
154.5,336.0,-88.6619155174358
155.25,336.0,-88.30414389611677
156.0,336.0,-88.21951219512194
156.75,336.0,-88.09089528678231
157.5,336.0,-87.93202298337967
158.25,336.0,-87.81811087022332
159.0,336.0,-87.58171521035598
159.75,336.0,-87.1642367265783
160.5,336.0,-86.73667711598746
161.25,336.0,-86.45023622355963
162.0,336.0,-86.55140186915888
162.75,336.0,-86.4248366013072
163.5,336.0,-86.50877192982458
164.25,336.0,-86.57632398753894
165.0,336.0,
165.75,336.0,
166.5,336.0,
167.25,336.0,
168.0,336.0,
168.75,336.0,
169.5,336.0,
170.25,336.0,
171.0,336.0,
171.75,336.0,
172.5,336.0,
173.25,336.0,
174.0,336.0,
174.75,336.0,
175.5,336.0,
176.25,336.0,-78.29024943310658
177.0,336.0,-78.3809523809524
177.75,336.0,-78.5140562248996
178.5,336.0,-78.71111111111112
179.25,336.0,-78.9922480620155
180.0,336.0,-79.33333333333334
180.75,336.0,-79.58024691358025
181.5,336.0,-79.52380952380952
182.25,336.0,-79.26694341426284
183.0,336.0,-79.02912621359224
183.75,336.0,-80.98994729168272
184.5,336.0,-82.52954250667744
185.25,336.0,-83.25844784361495
186.0,336.0,-84.33933036954711
186.75,336.0,-85.06934125143482
187.5,336.0,-85.29146750335866
188.25,336.0,-85.48287398111192
189.0,336.0,-85.56600626661267
189.75,336.0,-85.6485075434355
190.5,336.0,-85.46244556908222
191.25,336.0,-85.4625652324991
192.0,336.0,-85.43555093555094
192.75,336.0,-86.50290817239993
193.5,336.0,-86.53830780976332
194.25,336.0,-85.79675324675324
195.0,336.0,
195.75,336.0,
196.5,336.0,
197.25,336.0,
198.0,336.0,
198.75,336.0,
199.5,336.0,
200.25,336.0,
201.0,336.0,
201.75,336.0,
202.5,336.0,
203.25,336.0,
204.0,336.0,
204.75,336.0,
205.5,336.0,
206.25,336.0,
207.0,336.0,
207.75,336.0,
208.5,336.0,
209.25,336.0,
210.0,336.0,
210.75,336.0,
211.5,336.0,
212.25,336.0,
213.0,336.0,
213.75,336.0,
214.5,336.0,
215.25,336.0,
216.0,336.0,
216.75,336.0,
217.5,336.0,
218.25,336.0,
219.0,336.0,
219.75,336.0,
220.5,336.0,
221.25,336.0,
222.0,336.0,
222.75,336.0,
223.5,336.0,
224.25,336.0,
225.0,336.0,
225.75,336.0,
226.5,336.0,
227.25,336.0,
228.0,336.0,
228.75,336.0,
229.5,336.0,
230.25,336.0,
231.0,336.0,
231.75,336.0,
232.5,336.0,
233.25,336.0,
234.0,336.0,
234.75,336.0,
235.5,336.0,
236.25,336.0,
237.0,336.0,
237.75,336.0,
238.5,336.0,
239.25,336.0,
240.0,336.0,
240.75,336.0,
241.5,336.0,
242.25,336.0,
243.0,336.0,
243.75,336.0,
244.5,336.0,
245.25,336.0,
246.0,336.0,
246.75,336.0,
247.5,336.0,
248.25,336.0,
249.0,336.0,
249.75,336.0,
250.5,336.0,
251.25,336.0,
252.0,336.0,
252.75,336.0,
253.5,336.0,
254.25,336.0,
255.0,336.0,
255.75,336.0,
256.5,336.0,
257.25,336.0,
258.0,336.0,
258.75,336.0,
123.0,336.75,
123.75,336.75,
124.5,336.75,
125.25,336.75,
126.0,336.75,
126.75,336.75,
127.5,336.75,
128.25,336.75,
129.0,336.75,
129.75,336.75,
130.5,336.75,
131.25,336.75,
132.0,336.75,
132.75,336.75,
133.5,336.75,
134.25,336.75,
135.0,336.75,
135.75,336.75,
136.5,336.75,
137.25,336.75,
138.0,336.75,
138.75,336.75,
139.5,336.75,
140.25,336.75,
141.0,336.75,
141.75,336.75,
142.5,336.75,
143.25,336.75,
144.0,336.75,
144.75,336.75,
145.5,336.75,
146.25,336.75,
147.0,336.75,
147.75,336.75,
148.5,336.75,
149.25,336.75,
150.0,336.75,
150.75,336.75,
151.5,336.75,-93.15238095238094
152.25,336.75,-93.07511737089204
153.0,336.75,-89.11964986636661
153.75,336.75,-88.8834934684639
154.5,336.75,-88.83560925824145
155.25,336.75,-88.7919737201232
156.0,336.75,-88.5139878170352
156.75,336.75,-88.3983694290053
157.5,336.75,-88.15520896383406
158.25,336.75,-87.97339488363166
159.0,336.75,-87.98497972511797
159.75,336.75,-87.67738766167864
160.5,336.75,-87.03841569716516
161.25,336.75,-87.08613524744995
162.0,336.75,-86.99293702177751
162.75,336.75,-86.60493827160495
163.5,336.75,-86.62869198312237
164.25,336.75,-86.66060606060607
165.0,336.75,
165.75,336.75,
166.5,336.75,
167.25,336.75,
168.0,336.75,
168.75,336.75,
169.5,336.75,
170.25,336.75,
171.0,336.75,
171.75,336.75,
172.5,336.75,
173.25,336.75,
174.0,336.75,
174.75,336.75,
175.5,336.75,
176.25,336.75,
177.0,336.75,-78.44783715012721
177.75,336.75,-78.57516339869282
178.5,336.75,-78.74261603375527
179.25,336.75,-78.94623655913978
180.0,336.75,-79.15032679738563
180.75,336.75,-79.27536231884058
181.5,336.75,-79.2482269503546
182.25,336.75,-79.08641975308642
183.0,336.75,-79.03808086930745
183.75,336.75,-79.97481885797683
184.5,336.75,-81.54154197971171
185.25,336.75,-82.23844396070781
186.0,336.75,-84.65174182583144
186.75,336.75,-85.5176162897585
187.5,336.75,-85.36840425888074
188.25,336.75,-85.48845070551556
189.0,336.75,-85.25160726364294
189.75,336.75,-85.3201063231409
190.5,336.75,-85.34795779136408
191.25,336.75,-85.67021402738779
192.0,336.75,-86.46005496978114
192.75,336.75,-86.5085178875639
193.5,336.75,-86.54410747243902
194.25,336.75,-85.77714932126696
195.0,336.75,
195.75,336.75,
196.5,336.75,
197.25,336.75,
198.0,336.75,
198.75,336.75,
199.5,336.75,
200.25,336.75,
201.0,336.75,
201.75,336.75,
202.5,336.75,
203.25,336.75,
204.0,336.75,
204.75,336.75,
205.5,336.75,
206.25,336.75,
207.0,336.75,
207.75,336.75,
208.5,336.75,
209.25,336.75,
210.0,336.75,
210.75,336.75,
211.5,336.75,
212.25,336.75,
213.0,336.75,
213.75,336.75,
214.5,336.75,
215.25,336.75,
216.0,336.75,
216.75,336.75,
217.5,336.75,
218.25,336.75,
219.0,336.75,
219.75,336.75,
220.5,336.75,
221.25,336.75,
222.0,336.75,
222.75,336.75,
223.5,336.75,
224.25,336.75,
225.0,336.75,
225.75,336.75,
226.5,336.75,
227.25,336.75,
228.0,336.75,
228.75,336.75,
229.5,336.75,
230.25,336.75,
231.0,336.75,
231.75,336.75,
232.5,336.75,
233.25,336.75,
234.0,336.75,
234.75,336.75,
235.5,336.75,
236.25,336.75,
237.0,336.75,
237.75,336.75,
238.5,336.75,
239.25,336.75,
240.0,336.75,
240.75,336.75,
241.5,336.75,
242.25,336.75,
243.0,336.75,
243.75,336.75,
244.5,336.75,
245.25,336.75,
246.0,336.75,
246.75,336.75,
247.5,336.75,
248.25,336.75,
249.0,336.75,
249.75,336.75,
250.5,336.75,
251.25,336.75,
252.0,336.75,
252.75,336.75,
253.5,336.75,
254.25,336.75,
255.0,336.75,
255.75,336.75,
256.5,336.75,
257.25,336.75,
258.0,336.75,
258.75,336.75,
123.0,337.5,
123.75,337.5,
124.5,337.5,
125.25,337.5,
126.0,337.5,
126.75,337.5,
127.5,337.5,
128.25,337.5,
129.0,337.5,
129.75,337.5,
130.5,337.5,
131.25,337.5,
132.0,337.5,
132.75,337.5,
133.5,337.5,
134.25,337.5,
135.0,337.5,
135.75,337.5,
136.5,337.5,
137.25,337.5,
138.0,337.5,
138.75,337.5,
139.5,337.5,
140.25,337.5,
141.0,337.5,
141.75,337.5,
142.5,337.5,
143.25,337.5,
144.0,337.5,
144.75,337.5,
145.5,337.5,
146.25,337.5,
147.0,337.5,
147.75,337.5,
148.5,337.5,
149.25,337.5,
150.0,337.5,
150.75,337.5,-89.0
151.5,337.5,-90.05118848012624
152.25,337.5,-88.00708732098892
153.0,337.5,-88.33044505734617
153.75,337.5,-89.12380359448144
154.5,337.5,-89.05945449289726
155.25,337.5,-89.02530163636624
156.0,337.5,-88.93059856224306
156.75,337.5,-88.96344741923492
157.5,337.5,-88.59737417943106
158.25,337.5,-88.09071678967327
159.0,337.5,-87.96687162824578
159.75,337.5,-87.80232508455819
160.5,337.5,-87.17156095014356
161.25,337.5,-86.7594749132253
162.0,337.5,-87.41369299625015
162.75,337.5,-87.36853983390596
163.5,337.5,-86.75757575757576
164.25,337.5,-86.75350140056024
165.0,337.5,
165.75,337.5,
166.5,337.5,
167.25,337.5,
168.0,337.5,
168.75,337.5,
169.5,337.5,
170.25,337.5,
171.0,337.5,
171.75,337.5,
172.5,337.5,
173.25,337.5,
174.0,337.5,
174.75,337.5,
175.5,337.5,
176.25,337.5,
177.0,337.5,
177.75,337.5,-78.58792650918635
178.5,337.5,-78.71794871794872
179.25,337.5,-78.85823754789271
180.0,337.5,-78.98245614035088
180.75,337.5,-79.05164319248827
181.5,337.5,-79.03703703703705
182.25,337.5,-78.9451476793249
183.0,337.5,-78.81159420289855
183.75,337.5,-80.1105836354735
184.5,337.5,-80.52696750195771
185.25,337.5,-83.28239116182861
186.0,337.5,-83.7375332593908
186.75,337.5,-84.75199522283937
187.5,337.5,-85.09711960051966
188.25,337.5,-85.2614085850715
189.0,337.5,-85.38574518559868
189.75,337.5,-85.47591791454845
190.5,337.5,-85.54434272491069
191.25,337.5,-86.41956550586718
192.0,337.5,-86.47525486145418
192.75,337.5,-86.51798674535661
193.5,337.5,-85.75
194.25,337.5,-85.76160541586074
195.0,337.5,
195.75,337.5,
196.5,337.5,
197.25,337.5,
198.0,337.5,
198.75,337.5,
199.5,337.5,
200.25,337.5,
201.0,337.5,
201.75,337.5,
202.5,337.5,
203.25,337.5,
204.0,337.5,
204.75,337.5,
205.5,337.5,
206.25,337.5,
207.0,337.5,
207.75,337.5,
208.5,337.5,
209.25,337.5,
210.0,337.5,
210.75,337.5,
211.5,337.5,
212.25,337.5,
213.0,337.5,
213.75,337.5,
214.5,337.5,
215.25,337.5,
216.0,337.5,
216.75,337.5,
217.5,337.5,
218.25,337.5,
219.0,337.5,
219.75,337.5,
220.5,337.5,
221.25,337.5,
222.0,337.5,
222.75,337.5,
223.5,337.5,
224.25,337.5,
225.0,337.5,
225.75,337.5,
226.5,337.5,
227.25,337.5,
228.0,337.5,
228.75,337.5,
229.5,337.5,
230.25,337.5,
231.0,337.5,
231.75,337.5,
232.5,337.5,
233.25,337.5,
234.0,337.5,
234.75,337.5,
235.5,337.5,
236.25,337.5,
237.0,337.5,
237.75,337.5,
238.5,337.5,
239.25,337.5,
240.0,337.5,
240.75,337.5,
241.5,337.5,
242.25,337.5,
243.0,337.5,
243.75,337.5,
244.5,337.5,
245.25,337.5,
246.0,337.5,
246.75,337.5,
247.5,337.5,
248.25,337.5,
249.0,337.5,
249.75,337.5,
250.5,337.5,
251.25,337.5,
252.0,337.5,
252.75,337.5,
253.5,337.5,
254.25,337.5,
255.0,337.5,
255.75,337.5,
256.5,337.5,
257.25,337.5,
258.0,337.5,
258.75,337.5,
123.0,338.25,
123.75,338.25,
124.5,338.25,
125.25,338.25,
126.0,338.25,
126.75,338.25,
127.5,338.25,
128.25,338.25,
129.0,338.25,
129.75,338.25,
130.5,338.25,
131.25,338.25,
132.0,338.25,
132.75,338.25,
133.5,338.25,
134.25,338.25,
135.0,338.25,
135.75,338.25,
136.5,338.25,
137.25,338.25,
138.0,338.25,
138.75,338.25,
139.5,338.25,
140.25,338.25,
141.0,338.25,
141.75,338.25,
142.5,338.25,
143.25,338.25,
144.0,338.25,
144.75,338.25,
145.5,338.25,
146.25,338.25,
147.0,338.25,
147.75,338.25,
148.5,338.25,
149.25,338.25,
150.0,338.25,-88.03786191536749
150.75,338.25,-88.62694300518135
151.5,338.25,-89.82621904671288
152.25,338.25,-88.10945659583064
153.0,338.25,-88.57923761861724
153.75,338.25,-88.81915535100646
154.5,338.25,-88.93978188863804
155.25,338.25,-89.2569290674379
156.0,338.25,-89.40169486162121
156.75,338.25,-89.96223312906547
157.5,338.25,-89.55610816580024
158.25,338.25,-88.4152467741318
159.0,338.25,-87.87312908926847
159.75,338.25,-87.6252173243987
160.5,338.25,-86.95297520327628
161.25,338.25,-86.64872340352291
162.0,338.25,-86.43251180777456
162.75,338.25,-87.65554844523383
163.5,338.25,-86.87055016181229
164.25,338.25,-86.8407960199005
165.0,338.25,
165.75,338.25,
166.5,338.25,
167.25,338.25,
168.0,338.25,
168.75,338.25,
169.5,338.25,
170.25,338.25,
171.0,338.25,
171.75,338.25,
172.5,338.25,
173.25,338.25,
174.0,338.25,
174.75,338.25,
175.5,338.25,
176.25,338.25,
177.0,338.25,
177.75,338.25,
178.5,338.25,-78.67160493827161
179.25,338.25,-78.76836158192091
180.0,338.25,-78.84735202492212
180.75,338.25,-78.88888888888889
181.5,338.25,-78.88025889967638
182.25,338.25,-78.82424242424243
183.0,338.25,-78.73712737127371
183.75,338.25,-78.63849765258217
184.5,338.25,-81.68610265430671
185.25,338.25,-82.06429828140992
186.0,338.25,-82.46086177734264
186.75,338.25,-84.79831850828027
187.5,338.25,-84.95541087782692
188.25,338.25,-85.23353258000974
189.0,338.25,-85.33824938526563
189.75,338.25,-85.42046754030906
190.5,338.25,-86.4175253878263
191.25,338.25,-86.4581874146747
192.0,338.25,-85.70324675324675
192.75,338.25,-85.72285067873304
193.5,338.25,-85.73839458413926
194.25,338.25,
195.0,338.25,
195.75,338.25,
196.5,338.25,
197.25,338.25,
198.0,338.25,
198.75,338.25,
199.5,338.25,
200.25,338.25,
201.0,338.25,
201.75,338.25,
202.5,338.25,
203.25,338.25,
204.0,338.25,
204.75,338.25,
205.5,338.25,
206.25,338.25,
207.0,338.25,
207.75,338.25,
208.5,338.25,
209.25,338.25,
210.0,338.25,
210.75,338.25,
211.5,338.25,
212.25,338.25,
213.0,338.25,
213.75,338.25,
214.5,338.25,
215.25,338.25,
216.0,338.25,
216.75,338.25,
217.5,338.25,
218.25,338.25,
219.0,338.25,
219.75,338.25,
220.5,338.25,
221.25,338.25,
222.0,338.25,
222.75,338.25,
223.5,338.25,
224.25,338.25,
225.0,338.25,
225.75,338.25,
226.5,338.25,
227.25,338.25,
228.0,338.25,
228.75,338.25,
229.5,338.25,
230.25,338.25,
231.0,338.25,
231.75,338.25,
232.5,338.25,
233.25,338.25,
234.0,338.25,
234.75,338.25,
235.5,338.25,
236.25,338.25,
237.0,338.25,
237.75,338.25,
238.5,338.25,
239.25,338.25,
240.0,338.25,
240.75,338.25,
241.5,338.25,
242.25,338.25,
243.0,338.25,
243.75,338.25,
244.5,338.25,
245.25,338.25,
246.0,338.25,
246.75,338.25,
247.5,338.25,
248.25,338.25,
249.0,338.25,
249.75,338.25,
250.5,338.25,
251.25,338.25,
252.0,338.25,
252.75,338.25,
253.5,338.25,
254.25,338.25,
255.0,338.25,
255.75,338.25,
256.5,338.25,
257.25,338.25,
258.0,338.25,
258.75,338.25,
123.0,339.0,
123.75,339.0,
124.5,339.0,
125.25,339.0,
126.0,339.0,
126.75,339.0,
127.5,339.0,
128.25,339.0,
129.0,339.0,
129.75,339.0,
130.5,339.0,
131.25,339.0,
132.0,339.0,
132.75,339.0,
133.5,339.0,
134.25,339.0,
135.0,339.0,
135.75,339.0,
136.5,339.0,
137.25,339.0,
138.0,339.0,
138.75,339.0,
139.5,339.0,
140.25,339.0,
141.0,339.0,
141.75,339.0,
142.5,339.0,
143.25,339.0,
144.0,339.0,
144.75,339.0,
145.5,339.0,
146.25,339.0,
147.0,339.0,
147.75,339.0,
148.5,339.0,
149.25,339.0,
150.0,339.0,-87.43478260869564
150.75,339.0,-88.05573770491803
151.5,339.0,-87.46626872846726
152.25,339.0,-88.17548902037146
153.0,339.0,-88.91304347826086
153.75,339.0,-89.37781686207222
154.5,339.0,-89.53979221563053
155.25,339.0,-89.24951129031534
156.0,339.0,-89.48958333333333
156.75,339.0,-90.79684671490239
157.5,339.0,-90.21363390234721
158.25,339.0,-88.2941385882567
159.0,339.0,-87.48275862068964
159.75,339.0,-87.23939903710175
160.5,339.0,-87.10963048466597
161.25,339.0,-86.32776175867286
162.0,339.0,-86.2069231682698
162.75,339.0,-87.89729130578496
163.5,339.0,-86.95698924731182
164.25,339.0,-86.91397849462365
165.0,339.0,
165.75,339.0,
166.5,339.0,
167.25,339.0,
168.0,339.0,
168.75,339.0,
169.5,339.0,
170.25,339.0,
171.0,339.0,
171.75,339.0,
172.5,339.0,
173.25,339.0,
174.0,339.0,
174.75,339.0,
175.5,339.0,
176.25,339.0,
177.0,339.0,
177.75,339.0,
178.5,339.0,
179.25,339.0,
180.0,339.0,
180.75,339.0,
181.5,339.0,
182.25,339.0,
183.0,339.0,
183.75,339.0,
184.5,339.0,
185.25,339.0,-82.92153996101365
186.0,339.0,
186.75,339.0,
187.5,339.0,
188.25,339.0,
189.0,339.0,
189.75,339.0,
190.5,339.0,
191.25,339.0,
192.0,339.0,
192.75,339.0,
193.5,339.0,
194.25,339.0,
195.0,339.0,
195.75,339.0,
196.5,339.0,
197.25,339.0,
198.0,339.0,
198.75,339.0,
199.5,339.0,
200.25,339.0,
201.0,339.0,
201.75,339.0,
202.5,339.0,
203.25,339.0,
204.0,339.0,
204.75,339.0,
205.5,339.0,
206.25,339.0,
207.0,339.0,
207.75,339.0,
208.5,339.0,
209.25,339.0,
210.0,339.0,
210.75,339.0,
211.5,339.0,
212.25,339.0,
213.0,339.0,
213.75,339.0,
214.5,339.0,
215.25,339.0,
216.0,339.0,
216.75,339.0,
217.5,339.0,
218.25,339.0,
219.0,339.0,
219.75,339.0,
220.5,339.0,
221.25,339.0,
222.0,339.0,
222.75,339.0,
223.5,339.0,
224.25,339.0,
225.0,339.0,
225.75,339.0,
226.5,339.0,
227.25,339.0,
228.0,339.0,
228.75,339.0,
229.5,339.0,
230.25,339.0,
231.0,339.0,
231.75,339.0,
232.5,339.0,
233.25,339.0,
234.0,339.0,
234.75,339.0,
235.5,339.0,
236.25,339.0,
237.0,339.0,
237.75,339.0,
238.5,339.0,
239.25,339.0,
240.0,339.0,
240.75,339.0,
241.5,339.0,
242.25,339.0,
243.0,339.0,
243.75,339.0,
244.5,339.0,
245.25,339.0,
246.0,339.0,
246.75,339.0,
247.5,339.0,
248.25,339.0,
249.0,339.0,
249.75,339.0,
250.5,339.0,
251.25,339.0,
252.0,339.0,
252.75,339.0,
253.5,339.0,
254.25,339.0,
255.0,339.0,
255.75,339.0,
256.5,339.0,
257.25,339.0,
258.0,339.0,
258.75,339.0,
123.0,339.75,
123.75,339.75,
124.5,339.75,
125.25,339.75,
126.0,339.75,
126.75,339.75,
127.5,339.75,
128.25,339.75,
129.0,339.75,
129.75,339.75,
130.5,339.75,
131.25,339.75,
132.0,339.75,
132.75,339.75,
133.5,339.75,
134.25,339.75,
135.0,339.75,
135.75,339.75,
136.5,339.75,
137.25,339.75,
138.0,339.75,
138.75,339.75,
139.5,339.75,
140.25,339.75,
141.0,339.75,
141.75,339.75,
142.5,339.75,
143.25,339.75,
144.0,339.75,
144.75,339.75,
145.5,339.75,
146.25,339.75,-89.06684981684982
147.0,339.75,-88.71236559139784
147.75,339.75,-88.2549751243781
148.5,339.75,-90.617109603363
149.25,339.75,-90.91316990310642
150.0,339.75,-90.64638663364066
150.75,339.75,-90.64291778845309
151.5,339.75,-89.52638603125891
152.25,339.75,-89.4161097922342
153.0,339.75,-90.13885003037416
153.75,339.75,-90.75979110361801
154.5,339.75,-90.95183342687538
155.25,339.75,-90.17242165113781
156.0,339.75,-88.14475087445122
156.75,339.75,-87.81849782255102
157.5,339.75,-87.24644249907732
158.25,339.75,-86.44821494473244
159.0,339.75,-86.40722736426653
159.75,339.75,-86.56604863282415
160.5,339.75,-86.68794420979918
161.25,339.75,-85.86088129322313
162.0,339.75,-85.87487903789736
162.75,339.75,-85.86973626064186
163.5,339.75,-87.0176600441501
164.25,339.75,-86.97069597069597
165.0,339.75,
165.75,339.75,
166.5,339.75,
167.25,339.75,
168.0,339.75,
168.75,339.75,
169.5,339.75,
170.25,339.75,
171.0,339.75,
171.75,339.75,
172.5,339.75,
173.25,339.75,
174.0,339.75,
174.75,339.75,
175.5,339.75,
176.25,339.75,
177.0,339.75,
177.75,339.75,
178.5,339.75,
179.25,339.75,
180.0,339.75,
180.75,339.75,
181.5,339.75,
182.25,339.75,
183.0,339.75,
183.75,339.75,
184.5,339.75,
185.25,339.75,
186.0,339.75,
186.75,339.75,
187.5,339.75,
188.25,339.75,
189.0,339.75,
189.75,339.75,
190.5,339.75,
191.25,339.75,
192.0,339.75,
192.75,339.75,
193.5,339.75,
194.25,339.75,
195.0,339.75,
195.75,339.75,
196.5,339.75,
197.25,339.75,
198.0,339.75,
198.75,339.75,
199.5,339.75,
200.25,339.75,
201.0,339.75,
201.75,339.75,
202.5,339.75,
203.25,339.75,
204.0,339.75,
204.75,339.75,
205.5,339.75,
206.25,339.75,
207.0,339.75,
207.75,339.75,
208.5,339.75,
209.25,339.75,
210.0,339.75,
210.75,339.75,
211.5,339.75,
212.25,339.75,
213.0,339.75,
213.75,339.75,
214.5,339.75,
215.25,339.75,
216.0,339.75,
216.75,339.75,
217.5,339.75,
218.25,339.75,
219.0,339.75,
219.75,339.75,
220.5,339.75,
221.25,339.75,
222.0,339.75,
222.75,339.75,
223.5,339.75,
224.25,339.75,
225.0,339.75,
225.75,339.75,
226.5,339.75,
227.25,339.75,
228.0,339.75,
228.75,339.75,
229.5,339.75,
230.25,339.75,
231.0,339.75,
231.75,339.75,
232.5,339.75,
233.25,339.75,
234.0,339.75,
234.75,339.75,
235.5,339.75,
236.25,339.75,
237.0,339.75,
237.75,339.75,
238.5,339.75,
239.25,339.75,
240.0,339.75,
240.75,339.75,
241.5,339.75,
242.25,339.75,
243.0,339.75,
243.75,339.75,
244.5,339.75,
245.25,339.75,
246.0,339.75,
246.75,339.75,
247.5,339.75,
248.25,339.75,
249.0,339.75,
249.75,339.75,
250.5,339.75,
251.25,339.75,
252.0,339.75,
252.75,339.75,
253.5,339.75,
254.25,339.75,
255.0,339.75,
255.75,339.75,
256.5,339.75,
257.25,339.75,
258.0,339.75,
258.75,339.75,
123.0,340.5,
123.75,340.5,
124.5,340.5,
125.25,340.5,
126.0,340.5,
126.75,340.5,
127.5,340.5,
128.25,340.5,
129.0,340.5,
129.75,340.5,
130.5,340.5,
131.25,340.5,
132.0,340.5,
132.75,340.5,
133.5,340.5,
134.25,340.5,
135.0,340.5,
135.75,340.5,
136.5,340.5,
137.25,340.5,
138.0,340.5,
138.75,340.5,
139.5,340.5,
140.25,340.5,
141.0,340.5,
141.75,340.5,
142.5,340.5,
143.25,340.5,
144.0,340.5,
144.75,340.5,
145.5,340.5,
146.25,340.5,-89.36037527593818
147.0,340.5,-88.98118279569893
147.75,340.5,-91.16371517105543
148.5,340.5,-90.51437099270396
149.25,340.5,-90.42757229756926
150.0,340.5,-89.85980009462978
150.75,340.5,-89.64725257168507
151.5,340.5,-89.01793948017028
152.25,340.5,-89.64484771823722
153.0,340.5,-90.3276940443184
153.75,340.5,-91.79039199451412
154.5,340.5,-93.34526005164147
155.25,340.5,-93.15706166428164
156.0,340.5,-86.77341301654397
156.75,340.5,-80.03686110274892
157.5,340.5,-80.4801779935275
158.25,340.5,-83.29260604496999
159.0,340.5,-84.94209006729866
159.75,340.5,-85.76038438427506
160.5,340.5,-86.20401977986921
161.25,340.5,-85.3330054774619
162.0,340.5,-85.49258662510948
162.75,340.5,-85.5839974911812
163.5,340.5,
164.25,340.5,
165.0,340.5,
165.75,340.5,
166.5,340.5,
167.25,340.5,
168.0,340.5,
168.75,340.5,
169.5,340.5,
170.25,340.5,
171.0,340.5,
171.75,340.5,
172.5,340.5,
173.25,340.5,
174.0,340.5,
174.75,340.5,
175.5,340.5,
176.25,340.5,
177.0,340.5,
177.75,340.5,
178.5,340.5,
179.25,340.5,
180.0,340.5,
180.75,340.5,
181.5,340.5,
182.25,340.5,
183.0,340.5,
183.75,340.5,
184.5,340.5,
185.25,340.5,
186.0,340.5,
186.75,340.5,
187.5,340.5,
188.25,340.5,
189.0,340.5,
189.75,340.5,
190.5,340.5,
191.25,340.5,
192.0,340.5,
192.75,340.5,
193.5,340.5,
194.25,340.5,
195.0,340.5,
195.75,340.5,
196.5,340.5,
197.25,340.5,
198.0,340.5,
198.75,340.5,
199.5,340.5,
200.25,340.5,
201.0,340.5,
201.75,340.5,
202.5,340.5,
203.25,340.5,
204.0,340.5,
204.75,340.5,
205.5,340.5,
206.25,340.5,
207.0,340.5,
207.75,340.5,
208.5,340.5,
209.25,340.5,
210.0,340.5,
210.75,340.5,
211.5,340.5,
212.25,340.5,
213.0,340.5,
213.75,340.5,
214.5,340.5,
215.25,340.5,
216.0,340.5,
216.75,340.5,
217.5,340.5,
218.25,340.5,
219.0,340.5,
219.75,340.5,
220.5,340.5,
221.25,340.5,
222.0,340.5,
222.75,340.5,
223.5,340.5,
224.25,340.5,
225.0,340.5,
225.75,340.5,
226.5,340.5,
227.25,340.5,
228.0,340.5,
228.75,340.5,
229.5,340.5,
230.25,340.5,
231.0,340.5,
231.75,340.5,
232.5,340.5,
233.25,340.5,
234.0,340.5,
234.75,340.5,
235.5,340.5,
236.25,340.5,
237.0,340.5,
237.75,340.5,
238.5,340.5,
239.25,340.5,
240.0,340.5,
240.75,340.5,
241.5,340.5,
242.25,340.5,
243.0,340.5,
243.75,340.5,
244.5,340.5,
245.25,340.5,
246.0,340.5,
246.75,340.5,
247.5,340.5,
248.25,340.5,
249.0,340.5,
249.75,340.5,
250.5,340.5,
251.25,340.5,
252.0,340.5,
252.75,340.5,
253.5,340.5,
254.25,340.5,
255.0,340.5,
255.75,340.5,
256.5,340.5,
257.25,340.5,
258.0,340.5,
258.75,340.5,
123.0,341.25,
123.75,341.25,
124.5,341.25,
125.25,341.25,
126.0,341.25,
126.75,341.25,
127.5,341.25,
128.25,341.25,
129.0,341.25,
129.75,341.25,
130.5,341.25,
131.25,341.25,
132.0,341.25,
132.75,341.25,
133.5,341.25,
134.25,341.25,
135.0,341.25,
135.75,341.25,
136.5,341.25,
137.25,341.25,
138.0,341.25,
138.75,341.25,
139.5,341.25,
140.25,341.25,
141.0,341.25,
141.75,341.25,
142.5,341.25,
143.25,341.25,
144.0,341.25,
144.75,341.25,
145.5,341.25,-89.98375262054506
146.25,341.25,-89.77910052910053
147.0,341.25,-91.91319320920454
147.75,341.25,-91.37261189156605
148.5,341.25,-90.55151907040154
149.25,341.25,-89.94237743490915
150.0,341.25,-88.81927011116785
150.75,341.25,-88.14616579329682
151.5,341.25,-87.98016342076919
152.25,341.25,-88.99917123413026
153.0,341.25,-90.36570592028998
153.75,341.25,-91.88321277519404
154.5,341.25,-93.9299738586226
155.25,341.25,-94.19526755671336
156.0,341.25,-86.37348254872325
156.75,341.25,-78.04779158040027
157.5,341.25,-78.67645041941759
158.25,341.25,-81.81101797584232
159.0,341.25,-83.90638435009147
159.75,341.25,-85.09450246699994
160.5,341.25,-85.7884857638817
161.25,341.25,-84.63157894736842
162.0,341.25,-84.92041747638692
162.75,341.25,-82.58429118773947
163.5,341.25,
164.25,341.25,
165.0,341.25,
165.75,341.25,
166.5,341.25,
167.25,341.25,
168.0,341.25,
168.75,341.25,
169.5,341.25,
170.25,341.25,
171.0,341.25,
171.75,341.25,
172.5,341.25,
173.25,341.25,
174.0,341.25,
174.75,341.25,
175.5,341.25,
176.25,341.25,
177.0,341.25,
177.75,341.25,
178.5,341.25,
179.25,341.25,
180.0,341.25,
180.75,341.25,
181.5,341.25,
182.25,341.25,
183.0,341.25,
183.75,341.25,
184.5,341.25,
185.25,341.25,
186.0,341.25,
186.75,341.25,
187.5,341.25,
188.25,341.25,
189.0,341.25,
189.75,341.25,
190.5,341.25,
191.25,341.25,
192.0,341.25,
192.75,341.25,
193.5,341.25,
194.25,341.25,
195.0,341.25,
195.75,341.25,
196.5,341.25,
197.25,341.25,
198.0,341.25,
198.75,341.25,
199.5,341.25,
200.25,341.25,
201.0,341.25,
201.75,341.25,
202.5,341.25,
203.25,341.25,
204.0,341.25,
204.75,341.25,
205.5,341.25,
206.25,341.25,
207.0,341.25,
207.75,341.25,
208.5,341.25,
209.25,341.25,
210.0,341.25,
210.75,341.25,
211.5,341.25,
212.25,341.25,
213.0,341.25,
213.75,341.25,
214.5,341.25,
215.25,341.25,
216.0,341.25,
216.75,341.25,
217.5,341.25,
218.25,341.25,
219.0,341.25,
219.75,341.25,
220.5,341.25,
221.25,341.25,
222.0,341.25,
222.75,341.25,
223.5,341.25,
224.25,341.25,
225.0,341.25,
225.75,341.25,
226.5,341.25,
227.25,341.25,
228.0,341.25,
228.75,341.25,
229.5,341.25,
230.25,341.25,
231.0,341.25,
231.75,341.25,
232.5,341.25,
233.25,341.25,
234.0,341.25,
234.75,341.25,
235.5,341.25,
236.25,341.25,
237.0,341.25,
237.75,341.25,
238.5,341.25,
239.25,341.25,
240.0,341.25,
240.75,341.25,
241.5,341.25,
242.25,341.25,
243.0,341.25,
243.75,341.25,
244.5,341.25,
245.25,341.25,
246.0,341.25,
246.75,341.25,
247.5,341.25,
248.25,341.25,
249.0,341.25,
249.75,341.25,
250.5,341.25,
251.25,341.25,
252.0,341.25,
252.75,341.25,
253.5,341.25,
254.25,341.25,
255.0,341.25,
255.75,341.25,
256.5,341.25,
257.25,341.25,
258.0,341.25,
258.75,341.25,
123.0,342.0,
123.75,342.0,
124.5,342.0,
125.25,342.0,
126.0,342.0,
126.75,342.0,
127.5,342.0,
128.25,342.0,
129.0,342.0,
129.75,342.0,
130.5,342.0,
131.25,342.0,
132.0,342.0,
132.75,342.0,
133.5,342.0,
134.25,342.0,
135.0,342.0,
135.75,342.0,
136.5,342.0,
137.25,342.0,
138.0,342.0,
138.75,342.0,
139.5,342.0,
140.25,342.0,
141.0,342.0,
141.75,342.0,
142.5,342.0,
143.25,342.0,
144.0,342.0,
144.75,342.0,
145.5,342.0,-90.44047619047619
146.25,342.0,-92.6157822760336
147.0,342.0,-92.34037075180225
147.75,342.0,-91.83609494111934
148.5,342.0,-90.9140027456364
149.25,342.0,-89.70053667647919
150.0,342.0,-87.61979166666667
150.75,342.0,-85.9839866867341
151.5,342.0,-86.11812347381097
152.25,342.0,-88.01923932172204
153.0,342.0,-89.7799823633157
153.75,342.0,-91.13822324721255
154.5,342.0,-91.96686251165062
155.25,342.0,-91.17022374219033
156.0,342.0,-86.71428571428574
156.75,342.0,-81.79134195548885
157.5,342.0,-81.06372400373992
158.25,342.0,-82.42569059591486
159.0,342.0,-83.85500963391137
159.75,342.0,-84.88296558790638
160.5,342.0,-85.56828095500985
161.25,342.0,-84.1997441704326
162.0,342.0,-84.5581395348837
162.75,342.0,
163.5,342.0,
164.25,342.0,
165.0,342.0,
165.75,342.0,
166.5,342.0,
167.25,342.0,
168.0,342.0,
168.75,342.0,
169.5,342.0,
170.25,342.0,
171.0,342.0,
171.75,342.0,
172.5,342.0,
173.25,342.0,
174.0,342.0,
174.75,342.0,
175.5,342.0,
176.25,342.0,
177.0,342.0,
177.75,342.0,
178.5,342.0,
179.25,342.0,
180.0,342.0,
180.75,342.0,
181.5,342.0,
182.25,342.0,
183.0,342.0,
183.75,342.0,
184.5,342.0,
185.25,342.0,
186.0,342.0,
186.75,342.0,
187.5,342.0,
188.25,342.0,
189.0,342.0,
189.75,342.0,
190.5,342.0,
191.25,342.0,
192.0,342.0,
192.75,342.0,
193.5,342.0,
194.25,342.0,
195.0,342.0,
195.75,342.0,
196.5,342.0,
197.25,342.0,
198.0,342.0,
198.75,342.0,
199.5,342.0,
200.25,342.0,
201.0,342.0,
201.75,342.0,
202.5,342.0,
203.25,342.0,
204.0,342.0,
204.75,342.0,
205.5,342.0,
206.25,342.0,
207.0,342.0,
207.75,342.0,
208.5,342.0,
209.25,342.0,
210.0,342.0,
210.75,342.0,
211.5,342.0,
212.25,342.0,
213.0,342.0,
213.75,342.0,
214.5,342.0,
215.25,342.0,
216.0,342.0,
216.75,342.0,
217.5,342.0,
218.25,342.0,
219.0,342.0,
219.75,342.0,
220.5,342.0,
221.25,342.0,
222.0,342.0,
222.75,342.0,
223.5,342.0,
224.25,342.0,
225.0,342.0,
225.75,342.0,
226.5,342.0,
227.25,342.0,
228.0,342.0,
228.75,342.0,
229.5,342.0,
230.25,342.0,
231.0,342.0,
231.75,342.0,
232.5,342.0,
233.25,342.0,
234.0,342.0,
234.75,342.0,
235.5,342.0,
236.25,342.0,
237.0,342.0,
237.75,342.0,
238.5,342.0,
239.25,342.0,
240.0,342.0,
240.75,342.0,
241.5,342.0,
242.25,342.0,
243.0,342.0,
243.75,342.0,
244.5,342.0,
245.25,342.0,
246.0,342.0,
246.75,342.0,
247.5,342.0,
248.25,342.0,
249.0,342.0,
249.75,342.0,
250.5,342.0,
251.25,342.0,
252.0,342.0,
252.75,342.0,
253.5,342.0,
254.25,342.0,
255.0,342.0,
255.75,342.0,
256.5,342.0,
257.25,342.0,
258.0,342.0,
258.75,342.0,
123.0,342.75,
123.75,342.75,
124.5,342.75,
125.25,342.75,
126.0,342.75,
126.75,342.75,
127.5,342.75,
128.25,342.75,
129.0,342.75,
129.75,342.75,
130.5,342.75,
131.25,342.75,
132.0,342.75,
132.75,342.75,
133.5,342.75,
134.25,342.75,
135.0,342.75,
135.75,342.75,
136.5,342.75,
137.25,342.75,
138.0,342.75,
138.75,342.75,
139.5,342.75,
140.25,342.75,
141.0,342.75,
141.75,342.75,
142.5,342.75,
143.25,342.75,
144.0,342.75,
144.75,342.75,
145.5,342.75,-93.1069749944678
146.25,342.75,-93.05904867064503
147.0,342.75,-92.9347425885295
147.75,342.75,-92.62525856125028
148.5,342.75,-91.86268964048189
149.25,342.75,-90.10018814675448
150.0,342.75,-87.0510931401733
150.75,342.75,-83.64832450038645
151.5,342.75,-84.37418561982467
152.25,342.75,-87.42287039840608
153.0,342.75,-89.52598885353312
153.75,342.75,-90.41732646099001
154.5,342.75,-90.52338427302867
155.25,342.75,-89.34721836917517
156.0,342.75,-87.07293350034413
156.75,342.75,-84.03646537114874
157.5,342.75,-83.3504036044203
158.25,342.75,-83.63684680126286
159.0,342.75,-84.33764084174722
159.75,342.75,-85.01902552083776
160.5,342.75,-85.56123657962644
161.25,342.75,-82.55399061032864
162.0,342.75,
162.75,342.75,
163.5,342.75,
164.25,342.75,
165.0,342.75,
165.75,342.75,
166.5,342.75,
167.25,342.75,
168.0,342.75,
168.75,342.75,
169.5,342.75,
170.25,342.75,
171.0,342.75,
171.75,342.75,
172.5,342.75,
173.25,342.75,
174.0,342.75,
174.75,342.75,
175.5,342.75,
176.25,342.75,
177.0,342.75,
177.75,342.75,
178.5,342.75,
179.25,342.75,
180.0,342.75,
180.75,342.75,
181.5,342.75,
182.25,342.75,
183.0,342.75,
183.75,342.75,
184.5,342.75,
185.25,342.75,
186.0,342.75,
186.75,342.75,
187.5,342.75,
188.25,342.75,
189.0,342.75,
189.75,342.75,
190.5,342.75,
191.25,342.75,
192.0,342.75,
192.75,342.75,
193.5,342.75,
194.25,342.75,
195.0,342.75,
195.75,342.75,
196.5,342.75,
197.25,342.75,
198.0,342.75,
198.75,342.75,
199.5,342.75,
200.25,342.75,
201.0,342.75,
201.75,342.75,
202.5,342.75,
203.25,342.75,
204.0,342.75,
204.75,342.75,
205.5,342.75,
206.25,342.75,
207.0,342.75,
207.75,342.75,
208.5,342.75,
209.25,342.75,
210.0,342.75,
210.75,342.75,
211.5,342.75,
212.25,342.75,
213.0,342.75,
213.75,342.75,
214.5,342.75,
215.25,342.75,
216.0,342.75,
216.75,342.75,
217.5,342.75,
218.25,342.75,
219.0,342.75,
219.75,342.75,
220.5,342.75,
221.25,342.75,
222.0,342.75,
222.75,342.75,
223.5,342.75,
224.25,342.75,
225.0,342.75,
225.75,342.75,
226.5,342.75,
227.25,342.75,
228.0,342.75,
228.75,342.75,
229.5,342.75,
230.25,342.75,
231.0,342.75,
231.75,342.75,
232.5,342.75,
233.25,342.75,
234.0,342.75,
234.75,342.75,
235.5,342.75,
236.25,342.75,
237.0,342.75,
237.75,342.75,
238.5,342.75,
239.25,342.75,
240.0,342.75,
240.75,342.75,
241.5,342.75,
242.25,342.75,
243.0,342.75,
243.75,342.75,
244.5,342.75,
245.25,342.75,
246.0,342.75,
246.75,342.75,
247.5,342.75,
248.25,342.75,
249.0,342.75,
249.75,342.75,
250.5,342.75,
251.25,342.75,
252.0,342.75,
252.75,342.75,
253.5,342.75,
254.25,342.75,
255.0,342.75,
255.75,342.75,
256.5,342.75,
257.25,342.75,
258.0,342.75,
258.75,342.75,
123.0,343.5,
123.75,343.5,
124.5,343.5,
125.25,343.5,
126.0,343.5,
126.75,343.5,
127.5,343.5,
128.25,343.5,
129.0,343.5,
129.75,343.5,
130.5,343.5,
131.25,343.5,
132.0,343.5,
132.75,343.5,
133.5,343.5,
134.25,343.5,
135.0,343.5,
135.75,343.5,
136.5,343.5,
137.25,343.5,
138.0,343.5,
138.75,343.5,
139.5,343.5,
140.25,343.5,
141.0,343.5,
141.75,343.5,
142.5,343.5,
143.25,343.5,
144.0,343.5,
144.75,343.5,
145.5,343.5,-93.45222470140438
146.25,343.5,-93.52962890159863
147.0,343.5,-93.60860280658937
147.75,343.5,-93.64049177246552
148.5,343.5,-93.4245283018868
149.25,343.5,-92.32780147747374
150.0,343.5,-89.53656462585035
150.75,343.5,-85.64070352609691
151.5,343.5,-86.46822453016816
152.25,343.5,-89.1002042212199
153.0,343.5,-90.26636517643878
153.75,343.5,-90.49779128324546
154.5,343.5,-90.14591206685475
155.25,343.5,-88.90688904369328
156.0,343.5,-87.57867939526835
156.75,343.5,-86.24977633235486
157.5,343.5,-84.51141795007965
158.25,343.5,-84.3394066533825
159.0,343.5,-84.54486745802326
159.75,343.5,-84.88547774754484
160.5,343.5,-82.07843137254902
161.25,343.5,
162.0,343.5,
162.75,343.5,
163.5,343.5,
164.25,343.5,
165.0,343.5,
165.75,343.5,
166.5,343.5,
167.25,343.5,
168.0,343.5,
168.75,343.5,
169.5,343.5,
170.25,343.5,
171.0,343.5,
171.75,343.5,
172.5,343.5,
173.25,343.5,
174.0,343.5,
174.75,343.5,
175.5,343.5,
176.25,343.5,
177.0,343.5,
177.75,343.5,
178.5,343.5,
179.25,343.5,
180.0,343.5,
180.75,343.5,
181.5,343.5,
182.25,343.5,
183.0,343.5,
183.75,343.5,
184.5,343.5,
185.25,343.5,
186.0,343.5,
186.75,343.5,
187.5,343.5,
188.25,343.5,
189.0,343.5,
189.75,343.5,
190.5,343.5,
191.25,343.5,
192.0,343.5,
192.75,343.5,
193.5,343.5,
194.25,343.5,
195.0,343.5,
195.75,343.5,
196.5,343.5,
197.25,343.5,
198.0,343.5,
198.75,343.5,
199.5,343.5,
200.25,343.5,
201.0,343.5,
201.75,343.5,
202.5,343.5,
203.25,343.5,
204.0,343.5,
204.75,343.5,
205.5,343.5,
206.25,343.5,
207.0,343.5,
207.75,343.5,
208.5,343.5,
209.25,343.5,
210.0,343.5,
210.75,343.5,
211.5,343.5,
212.25,343.5,
213.0,343.5,
213.75,343.5,
214.5,343.5,
215.25,343.5,
216.0,343.5,
216.75,343.5,
217.5,343.5,
218.25,343.5,
219.0,343.5,
219.75,343.5,
220.5,343.5,
221.25,343.5,
222.0,343.5,
222.75,343.5,
223.5,343.5,
224.25,343.5,
225.0,343.5,
225.75,343.5,
226.5,343.5,
227.25,343.5,
228.0,343.5,
228.75,343.5,
229.5,343.5,
230.25,343.5,
231.0,343.5,
231.75,343.5,
232.5,343.5,
233.25,343.5,
234.0,343.5,
234.75,343.5,
235.5,343.5,
236.25,343.5,
237.0,343.5,
237.75,343.5,
238.5,343.5,
239.25,343.5,
240.0,343.5,
240.75,343.5,
241.5,343.5,
242.25,343.5,
243.0,343.5,
243.75,343.5,
244.5,343.5,
245.25,343.5,
246.0,343.5,
246.75,343.5,
247.5,343.5,
248.25,343.5,
249.0,343.5,
249.75,343.5,
250.5,343.5,
251.25,343.5,
252.0,343.5,
252.75,343.5,
253.5,343.5,
254.25,343.5,
255.0,343.5,
255.75,343.5,
256.5,343.5,
257.25,343.5,
258.0,343.5,
258.75,343.5,
123.0,344.25,
123.75,344.25,
124.5,344.25,
125.25,344.25,
126.0,344.25,
126.75,344.25,
127.5,344.25,
128.25,344.25,
129.0,344.25,
129.75,344.25,
130.5,344.25,
131.25,344.25,
132.0,344.25,
132.75,344.25,
133.5,344.25,
134.25,344.25,
135.0,344.25,
135.75,344.25,
136.5,344.25,
137.25,344.25,
138.0,344.25,
138.75,344.25,
139.5,344.25,
140.25,344.25,
141.0,344.25,
141.75,344.25,
142.5,344.25,
143.25,344.25,
144.0,344.25,
144.75,344.25,
145.5,344.25,-93.76062185135436
146.25,344.25,-93.94280381584406
147.0,344.25,-94.1922666480061
147.75,344.25,-94.52568885120813
148.5,344.25,-94.87601247975041
149.25,344.25,-94.80149679258729
150.0,344.25,-94.31526620146022
150.75,344.25,-95.29820333362677
151.5,344.25,-94.80059529602067
152.25,344.25,-92.9442584060291
153.0,344.25,-91.9789101542153
153.75,344.25,-91.22860451642526
154.5,344.25,-90.46912319907726
155.25,344.25,-89.11203500721282
156.0,344.25,-88.14148946637911
156.75,344.25,-87.2358444092542
157.5,344.25,-85.37591221369338
158.25,344.25,-85.11932985415523
159.0,344.25,-85.12473482257747
159.75,344.25,-85.27519770885539
160.5,344.25,
161.25,344.25,
162.0,344.25,
162.75,344.25,
163.5,344.25,
164.25,344.25,
165.0,344.25,
165.75,344.25,
166.5,344.25,
167.25,344.25,
168.0,344.25,
168.75,344.25,
169.5,344.25,
170.25,344.25,
171.0,344.25,
171.75,344.25,
172.5,344.25,
173.25,344.25,
174.0,344.25,
174.75,344.25,
175.5,344.25,
176.25,344.25,
177.0,344.25,
177.75,344.25,
178.5,344.25,
179.25,344.25,
180.0,344.25,
180.75,344.25,
181.5,344.25,
182.25,344.25,
183.0,344.25,
183.75,344.25,
184.5,344.25,
185.25,344.25,
186.0,344.25,
186.75,344.25,
187.5,344.25,
188.25,344.25,
189.0,344.25,
189.75,344.25,
190.5,344.25,
191.25,344.25,
192.0,344.25,
192.75,344.25,
193.5,344.25,
194.25,344.25,
195.0,344.25,
195.75,344.25,
196.5,344.25,
197.25,344.25,
198.0,344.25,
198.75,344.25,
199.5,344.25,
200.25,344.25,
201.0,344.25,
201.75,344.25,
202.5,344.25,
203.25,344.25,
204.0,344.25,
204.75,344.25,
205.5,344.25,
206.25,344.25,
207.0,344.25,
207.75,344.25,
208.5,344.25,
209.25,344.25,
210.0,344.25,
210.75,344.25,
211.5,344.25,
212.25,344.25,
213.0,344.25,
213.75,344.25,
214.5,344.25,
215.25,344.25,
216.0,344.25,
216.75,344.25,
217.5,344.25,
218.25,344.25,
219.0,344.25,
219.75,344.25,
220.5,344.25,
221.25,344.25,
222.0,344.25,
222.75,344.25,
223.5,344.25,
224.25,344.25,
225.0,344.25,
225.75,344.25,
226.5,344.25,
227.25,344.25,
228.0,344.25,
228.75,344.25,
229.5,344.25,
230.25,344.25,
231.0,344.25,
231.75,344.25,
232.5,344.25,
233.25,344.25,
234.0,344.25,
234.75,344.25,
235.5,344.25,
236.25,344.25,
237.0,344.25,
237.75,344.25,
238.5,344.25,
239.25,344.25,
240.0,344.25,
240.75,344.25,
241.5,344.25,
242.25,344.25,
243.0,344.25,
243.75,344.25,
244.5,344.25,
245.25,344.25,
246.0,344.25,
246.75,344.25,
247.5,344.25,
248.25,344.25,
249.0,344.25,
249.75,344.25,
250.5,344.25,
251.25,344.25,
252.0,344.25,
252.75,344.25,
253.5,344.25,
254.25,344.25,
255.0,344.25,
255.75,344.25,
256.5,344.25,
257.25,344.25,
258.0,344.25,
258.75,344.25,
123.0,345.0,
123.75,345.0,
124.5,345.0,
125.25,345.0,
126.0,345.0,
126.75,345.0,
127.5,345.0,
128.25,345.0,
129.0,345.0,
129.75,345.0,
130.5,345.0,
131.25,345.0,
132.0,345.0,
132.75,345.0,
133.5,345.0,
134.25,345.0,
135.0,345.0,
135.75,345.0,
136.5,345.0,
137.25,345.0,
138.0,345.0,
138.75,345.0,
139.5,345.0,
140.25,345.0,
141.0,345.0,
141.75,345.0,
142.5,345.0,
143.25,345.0,
144.0,345.0,
144.75,345.0,
145.5,345.0,-93.99741606488928
146.25,345.0,-94.23416193553322
147.0,345.0,-94.55172413793103
147.75,345.0,-94.9618326016145
148.5,345.0,-95.38267644362969
149.25,345.0,-95.48175118441831
150.0,345.0,-96.40909090909089
150.75,345.0,-99.65059767702678
151.5,345.0,-98.89475712459583
152.25,345.0,-96.13914214829398
153.0,345.0,-93.49397590361447
153.75,345.0,-92.1138344607697
154.5,345.0,-91.02860472973114
155.25,345.0,-89.37638194340745
156.0,345.0,-88.37626689189189
156.75,345.0,-88.3127530391314
157.5,345.0,-84.5974025974026
158.25,345.0,-84.1643059490085
159.0,345.0,-83.92307692307692
159.75,345.0,
160.5,345.0,
161.25,345.0,
162.0,345.0,
162.75,345.0,
163.5,345.0,
164.25,345.0,
165.0,345.0,
165.75,345.0,
166.5,345.0,
167.25,345.0,
168.0,345.0,
168.75,345.0,
169.5,345.0,
170.25,345.0,
171.0,345.0,
171.75,345.0,
172.5,345.0,
173.25,345.0,
174.0,345.0,
174.75,345.0,
175.5,345.0,
176.25,345.0,
177.0,345.0,
177.75,345.0,
178.5,345.0,
179.25,345.0,
180.0,345.0,
180.75,345.0,
181.5,345.0,
182.25,345.0,
183.0,345.0,
183.75,345.0,
184.5,345.0,
185.25,345.0,
186.0,345.0,
186.75,345.0,
187.5,345.0,
188.25,345.0,
189.0,345.0,
189.75,345.0,
190.5,345.0,
191.25,345.0,
192.0,345.0,
192.75,345.0,
193.5,345.0,
194.25,345.0,
195.0,345.0,
195.75,345.0,
196.5,345.0,
197.25,345.0,
198.0,345.0,
198.75,345.0,
199.5,345.0,
200.25,345.0,
201.0,345.0,
201.75,345.0,
202.5,345.0,
203.25,345.0,
204.0,345.0,
204.75,345.0,
205.5,345.0,
206.25,345.0,
207.0,345.0,
207.75,345.0,
208.5,345.0,
209.25,345.0,
210.0,345.0,
210.75,345.0,
211.5,345.0,
212.25,345.0,
213.0,345.0,
213.75,345.0,
214.5,345.0,
215.25,345.0,
216.0,345.0,
216.75,345.0,
217.5,345.0,
218.25,345.0,
219.0,345.0,
219.75,345.0,
220.5,345.0,
221.25,345.0,
222.0,345.0,
222.75,345.0,
223.5,345.0,
224.25,345.0,
225.0,345.0,
225.75,345.0,
226.5,345.0,
227.25,345.0,
228.0,345.0,
228.75,345.0,
229.5,345.0,
230.25,345.0,
231.0,345.0,
231.75,345.0,
232.5,345.0,
233.25,345.0,
234.0,345.0,
234.75,345.0,
235.5,345.0,
236.25,345.0,
237.0,345.0,
237.75,345.0,
238.5,345.0,
239.25,345.0,
240.0,345.0,
240.75,345.0,
241.5,345.0,
242.25,345.0,
243.0,345.0,
243.75,345.0,
244.5,345.0,
245.25,345.0,
246.0,345.0,
246.75,345.0,
247.5,345.0,
248.25,345.0,
249.0,345.0,
249.75,345.0,
250.5,345.0,
251.25,345.0,
252.0,345.0,
252.75,345.0,
253.5,345.0,
254.25,345.0,
255.0,345.0,
255.75,345.0,
256.5,345.0,
257.25,345.0,
258.0,345.0,
258.75,345.0,
