x_m,y_m,idw_rssi_dbm
67.0,79.0,
67.75,79.0,
68.5,79.0,
69.25,79.0,
70.0,79.0,
70.75,79.0,
71.5,79.0,
72.25,79.0,
73.0,79.0,
73.75,79.0,
74.5,79.0,
75.25,79.0,
76.0,79.0,
76.75,79.0,
77.5,79.0,
78.25,79.0,
79.0,79.0,
79.75,79.0,
80.5,79.0,
81.25,79.0,
82.0,79.0,
82.75,79.0,
83.5,79.0,
84.25,79.0,
85.0,79.0,
85.75,79.0,
86.5,79.0,
87.25,79.0,
88.0,79.0,
88.75,79.0,
89.5,79.0,
90.25,79.0,
91.0,79.0,
91.75,79.0,
92.5,79.0,
93.25,79.0,
94.0,79.0,
94.75,79.0,
95.5,79.0,
96.25,79.0,
97.0,79.0,
97.75,79.0,
98.5,79.0,
99.25,79.0,
100.0,79.0,
100.75,79.0,
101.5,79.0,
102.25,79.0,
103.0,79.0,
103.75,79.0,
104.5,79.0,
105.25,79.0,
106.0,79.0,
106.75,79.0,
107.5,79.0,
108.25,79.0,
109.0,79.0,
109.75,79.0,
110.5,79.0,
111.25,79.0,
112.0,79.0,
112.75,79.0,
113.5,79.0,
114.25,79.0,
115.0,79.0,
115.75,79.0,
116.5,79.0,
117.25,79.0,
118.0,79.0,
118.75,79.0,
119.5,79.0,
120.25,79.0,
121.0,79.0,
121.75,79.0,
122.5,79.0,
123.25,79.0,
124.0,79.0,
124.75,79.0,
125.5,79.0,
126.25,79.0,
127.0,79.0,
127.75,79.0,
128.5,79.0,
129.25,79.0,
130.0,79.0,
130.75,79.0,
131.5,79.0,
132.25,79.0,
133.0,79.0,
133.75,79.0,
134.5,79.0,
135.25,79.0,
136.0,79.0,
136.75,79.0,
137.5,79.0,
138.25,79.0,
139.0,79.0,
139.75,79.0,
140.5,79.0,
141.25,79.0,
142.0,79.0,
142.75,79.0,
143.5,79.0,
144.25,79.0,
145.0,79.0,
145.75,79.0,
146.5,79.0,
147.25,79.0,
148.0,79.0,
148.75,79.0,
149.5,79.0,
150.25,79.0,
151.0,79.0,
151.75,79.0,
152.5,79.0,
153.25,79.0,
154.0,79.0,
154.75,79.0,
155.5,79.0,
156.25,79.0,
157.0,79.0,
157.75,79.0,
158.5,79.0,
159.25,79.0,
160.0,79.0,
160.75,79.0,
161.5,79.0,
162.25,79.0,
163.0,79.0,
163.75,79.0,
164.5,79.0,
165.25,79.0,
166.0,79.0,
166.75,79.0,
167.5,79.0,
168.25,79.0,
169.0,79.0,
169.75,79.0,
170.5,79.0,
171.25,79.0,
172.0,79.0,
172.75,79.0,
173.5,79.0,-92.24806201550389
174.25,79.0,-92.32569974554707
175.0,79.0,-92.44444444444444
175.75,79.0,-92.45213439664668
176.5,79.0,-92.76686414433821
177.25,79.0,-93.3387192664527
178.0,79.0,-94.34352673313967
178.75,79.0,-95.81460700627352
179.5,79.0,-95.26547241461988
180.25,79.0,-93.26737232203635
181.0,79.0,-92.15942028985506
181.75,79.0,-91.66625916677846
182.5,79.0,-91.39598575907013
183.25,79.0,-91.23870139715999
67.0,79.75,
67.75,79.75,
68.5,79.75,
69.25,79.75,
70.0,79.75,
70.75,79.75,
71.5,79.75,
72.25,79.75,
73.0,79.75,
73.75,79.75,
74.5,79.75,
75.25,79.75,
76.0,79.75,
76.75,79.75,
77.5,79.75,
78.25,79.75,
79.0,79.75,
79.75,79.75,
80.5,79.75,
81.25,79.75,
82.0,79.75,
82.75,79.75,
83.5,79.75,
84.25,79.75,
85.0,79.75,
85.75,79.75,
86.5,79.75,
87.25,79.75,
88.0,79.75,
88.75,79.75,
89.5,79.75,
90.25,79.75,
91.0,79.75,
91.75,79.75,
92.5,79.75,
93.25,79.75,
94.0,79.75,
94.75,79.75,
95.5,79.75,
96.25,79.75,
97.0,79.75,
97.75,79.75,
98.5,79.75,
99.25,79.75,
100.0,79.75,
100.75,79.75,
101.5,79.75,
102.25,79.75,
103.0,79.75,
103.75,79.75,
104.5,79.75,
105.25,79.75,
106.0,79.75,
106.75,79.75,
107.5,79.75,
108.25,79.75,
109.0,79.75,
109.75,79.75,
110.5,79.75,
111.25,79.75,
112.0,79.75,
112.75,79.75,
113.5,79.75,
114.25,79.75,
115.0,79.75,
115.75,79.75,
116.5,79.75,
117.25,79.75,
118.0,79.75,
118.75,79.75,
119.5,79.75,
120.25,79.75,
121.0,79.75,
121.75,79.75,
122.5,79.75,
123.25,79.75,
124.0,79.75,
124.75,79.75,
125.5,79.75,
126.25,79.75,
127.0,79.75,
127.75,79.75,
128.5,79.75,
129.25,79.75,
130.0,79.75,
130.75,79.75,
131.5,79.75,
132.25,79.75,
133.0,79.75,
133.75,79.75,
134.5,79.75,
135.25,79.75,
136.0,79.75,
136.75,79.75,
137.5,79.75,
138.25,79.75,
139.0,79.75,
139.75,79.75,
140.5,79.75,
141.25,79.75,
142.0,79.75,
142.75,79.75,
143.5,79.75,
144.25,79.75,
145.0,79.75,
145.75,79.75,
146.5,79.75,
147.25,79.75,
148.0,79.75,
148.75,79.75,
149.5,79.75,
150.25,79.75,
151.0,79.75,
151.75,79.75,
152.5,79.75,
153.25,79.75,
154.0,79.75,
154.75,79.75,
155.5,79.75,
156.25,79.75,
157.0,79.75,
157.75,79.75,
158.5,79.75,
159.25,79.75,
160.0,79.75,
160.75,79.75,
161.5,79.75,
162.25,79.75,
163.0,79.75,
163.75,79.75,
164.5,79.75,
165.25,79.75,
166.0,79.75,
166.75,79.75,
167.5,79.75,
168.25,79.75,
169.0,79.75,
169.75,79.75,
170.5,79.75,-92.64604462474644
171.25,79.75,-92.57725321888411
172.0,79.75,-92.5
172.75,79.75,-92.42274678111589
173.5,79.75,-92.21075332978567
174.25,79.75,-91.77177873468037
175.0,79.75,-91.87965276488814
175.75,79.75,-91.9320333198117
176.5,79.75,-92.23984824907178
177.25,79.75,-92.34898137514843
178.0,79.75,-92.69796885786508
178.75,79.75,-93.49182773439793
179.5,79.75,-93.08851337108428
180.25,79.75,-92.10176235186586
181.0,79.75,-91.64702807801979
181.75,79.75,-91.41443180417582
182.5,79.75,-91.20183300129206
183.25,79.75,-91.08139960854031
67.0,80.5,
67.75,80.5,
68.5,80.5,
69.25,80.5,
70.0,80.5,
70.75,80.5,
71.5,80.5,
72.25,80.5,
73.0,80.5,
73.75,80.5,
74.5,80.5,
75.25,80.5,
76.0,80.5,
76.75,80.5,
77.5,80.5,
78.25,80.5,
79.0,80.5,
79.75,80.5,
80.5,80.5,
81.25,80.5,
82.0,80.5,
82.75,80.5,
83.5,80.5,
84.25,80.5,
85.0,80.5,
85.75,80.5,
86.5,80.5,
87.25,80.5,
88.0,80.5,
88.75,80.5,
89.5,80.5,
90.25,80.5,
91.0,80.5,
91.75,80.5,
92.5,80.5,
93.25,80.5,
94.0,80.5,
94.75,80.5,
95.5,80.5,
96.25,80.5,
97.0,80.5,
97.75,80.5,
98.5,80.5,
99.25,80.5,
100.0,80.5,
100.75,80.5,
101.5,80.5,
102.25,80.5,
103.0,80.5,
103.75,80.5,
104.5,80.5,
105.25,80.5,
106.0,80.5,
106.75,80.5,
107.5,80.5,
108.25,80.5,
109.0,80.5,
109.75,80.5,
110.5,80.5,
111.25,80.5,
112.0,80.5,
112.75,80.5,
113.5,80.5,
114.25,80.5,
115.0,80.5,
115.75,80.5,
116.5,80.5,
117.25,80.5,
118.0,80.5,
118.75,80.5,
119.5,80.5,
120.25,80.5,
121.0,80.5,
121.75,80.5,
122.5,80.5,
123.25,80.5,
124.0,80.5,
124.75,80.5,
125.5,80.5,
126.25,80.5,
127.0,80.5,
127.75,80.5,
128.5,80.5,
129.25,80.5,
130.0,80.5,
130.75,80.5,
131.5,80.5,
132.25,80.5,
133.0,80.5,
133.75,80.5,
134.5,80.5,
135.25,80.5,
136.0,80.5,
136.75,80.5,
137.5,80.5,
138.25,80.5,
139.0,80.5,
139.75,80.5,
140.5,80.5,
141.25,80.5,
142.0,80.5,
142.75,80.5,
143.5,80.5,
144.25,80.5,
145.0,80.5,
145.75,80.5,
146.5,80.5,
147.25,80.5,
148.0,80.5,
148.75,80.5,
149.5,80.5,
150.25,80.5,
151.0,80.5,
151.75,80.5,
152.5,80.5,
153.25,80.5,
154.0,80.5,
154.75,80.5,
155.5,80.5,
156.25,80.5,
157.0,80.5,
157.75,80.5,
158.5,80.5,
159.25,80.5,
160.0,80.5,
160.75,80.5,
161.5,80.5,
162.25,80.5,
163.0,80.5,
163.75,80.5,
164.5,80.5,
165.25,80.5,
166.0,80.5,
166.75,80.5,
167.5,80.5,
168.25,80.5,
169.0,80.5,
169.75,80.5,-92.75653206650831
170.5,80.5,-92.69148936170214
171.25,80.5,-92.6031518624642
172.0,80.5,-92.50000000000001
172.75,80.5,-92.39684813753583
173.5,80.5,-92.12407735093767
174.25,80.5,-92.03035045265392
175.0,80.5,-91.56709503061056
175.75,80.5,-91.69816554754823
176.5,80.5,-91.58274470232087
177.25,80.5,-91.26423873269373
178.0,80.5,-90.44098367859664
178.75,80.5,-89.18474209044743
179.5,80.5,-89.7876135700592
180.25,80.5,-91.16064967924387
181.0,80.5,-91.4439748285902
181.75,80.5,-91.31239894428344
182.5,80.5,-91.05513511599706
183.25,80.5,-90.98855406598139
67.0,81.25,
67.75,81.25,
68.5,81.25,
69.25,81.25,
70.0,81.25,
70.75,81.25,
71.5,81.25,
72.25,81.25,
73.0,81.25,
73.75,81.25,
74.5,81.25,
75.25,81.25,
76.0,81.25,
76.75,81.25,
77.5,81.25,
78.25,81.25,
79.0,81.25,
79.75,81.25,
80.5,81.25,
81.25,81.25,
82.0,81.25,
82.75,81.25,
83.5,81.25,
84.25,81.25,
85.0,81.25,
85.75,81.25,
86.5,81.25,
87.25,81.25,
88.0,81.25,
88.75,81.25,
89.5,81.25,
90.25,81.25,
91.0,81.25,
91.75,81.25,
92.5,81.25,
93.25,81.25,
94.0,81.25,
94.75,81.25,
95.5,81.25,
96.25,81.25,
97.0,81.25,
97.75,81.25,
98.5,81.25,
99.25,81.25,
100.0,81.25,
100.75,81.25,
101.5,81.25,
102.25,81.25,
103.0,81.25,
103.75,81.25,
104.5,81.25,
105.25,81.25,
106.0,81.25,
106.75,81.25,
107.5,81.25,
108.25,81.25,
109.0,81.25,
109.75,81.25,
110.5,81.25,
111.25,81.25,
112.0,81.25,
112.75,81.25,
113.5,81.25,
114.25,81.25,
115.0,81.25,
115.75,81.25,
116.5,81.25,
117.25,81.25,
118.0,81.25,
118.75,81.25,
119.5,81.25,
120.25,81.25,
121.0,81.25,
121.75,81.25,
122.5,81.25,
123.25,81.25,
124.0,81.25,
124.75,81.25,
125.5,81.25,
126.25,81.25,
127.0,81.25,
127.75,81.25,
128.5,81.25,
129.25,81.25,
130.0,81.25,
130.75,81.25,
131.5,81.25,
132.25,81.25,
133.0,81.25,
133.75,81.25,
134.5,81.25,
135.25,81.25,
136.0,81.25,
136.75,81.25,
137.5,81.25,
138.25,81.25,
139.0,81.25,
139.75,81.25,
140.5,81.25,
141.25,81.25,
142.0,81.25,
142.75,81.25,
143.5,81.25,
144.25,81.25,
145.0,81.25,
145.75,81.25,
146.5,81.25,
147.25,81.25,
148.0,81.25,
148.75,81.25,
149.5,81.25,
150.25,81.25,
151.0,81.25,
151.75,81.25,
152.5,81.25,
153.25,81.25,
154.0,81.25,
154.75,81.25,
155.5,81.25,
156.25,81.25,
157.0,81.25,
157.75,81.25,
158.5,81.25,
159.25,81.25,
160.0,81.25,
160.75,81.25,
161.5,81.25,
162.25,81.25,
163.0,81.25,
163.75,81.25,
164.5,81.25,
165.25,81.25,
166.0,81.25,
166.75,81.25,
167.5,81.25,-93.14604462474647
168.25,81.25,-93.21719457013576
169.0,81.25,-92.65164119713218
169.75,81.25,-91.9161172090629
170.5,81.25,-91.91795152687367
171.25,81.25,-91.85906816263108
172.0,81.25,-90.27703562340969
172.75,81.25,-90.39442806279136
173.5,81.25,-90.42830364014858
174.25,81.25,-90.38766771028072
175.0,81.25,-91.3933328570037
175.75,81.25,-91.20324375731037
176.5,81.25,-91.26333195636023
177.25,81.25,-90.69628550799655
178.0,81.25,-89.64216311935405
178.75,81.25,-88.3538222959098
179.5,81.25,-89.01960154641043
180.25,81.25,-91.00871614477677
181.0,81.25,-91.47521808605119
181.75,81.25,-91.27890035545147
182.5,81.25,-90.97257411994588
183.25,81.25,-90.95357627351592
67.0,82.0,
67.75,82.0,
68.5,82.0,
69.25,82.0,
70.0,82.0,
70.75,82.0,
71.5,82.0,
72.25,82.0,
73.0,82.0,
73.75,82.0,
74.5,82.0,
75.25,82.0,
76.0,82.0,
76.75,82.0,
77.5,82.0,
78.25,82.0,
79.0,82.0,
79.75,82.0,
80.5,82.0,
81.25,82.0,
82.0,82.0,
82.75,82.0,
83.5,82.0,
84.25,82.0,
85.0,82.0,
85.75,82.0,
86.5,82.0,
87.25,82.0,
88.0,82.0,
88.75,82.0,
89.5,82.0,
90.25,82.0,
91.0,82.0,
91.75,82.0,
92.5,82.0,
93.25,82.0,
94.0,82.0,
94.75,82.0,
95.5,82.0,
96.25,82.0,
97.0,82.0,
97.75,82.0,
98.5,82.0,
99.25,82.0,
100.0,82.0,
100.75,82.0,
101.5,82.0,
102.25,82.0,
103.0,82.0,
103.75,82.0,
104.5,82.0,
105.25,82.0,
106.0,82.0,
106.75,82.0,
107.5,82.0,
108.25,82.0,
109.0,82.0,
109.75,82.0,
110.5,82.0,
111.25,82.0,
112.0,82.0,
112.75,82.0,
113.5,82.0,
114.25,82.0,
115.0,82.0,
115.75,82.0,
116.5,82.0,
117.25,82.0,
118.0,82.0,
118.75,82.0,
119.5,82.0,
120.25,82.0,
121.0,82.0,
121.75,82.0,
122.5,82.0,
123.25,82.0,
124.0,82.0,
124.75,82.0,
125.5,82.0,
126.25,82.0,
127.0,82.0,
127.75,82.0,
128.5,82.0,
129.25,82.0,
130.0,82.0,
130.75,82.0,
131.5,82.0,
132.25,82.0,
133.0,82.0,
133.75,82.0,
134.5,82.0,
135.25,82.0,
136.0,82.0,
136.75,82.0,
137.5,82.0,
138.25,82.0,
139.0,82.0,
139.75,82.0,
140.5,82.0,
141.25,82.0,
142.0,82.0,
142.75,82.0,
143.5,82.0,
144.25,82.0,
145.0,82.0,
145.75,82.0,
146.5,82.0,
147.25,82.0,
148.0,82.0,
148.75,82.0,
149.5,82.0,
150.25,82.0,
151.0,82.0,
151.75,82.0,
152.5,82.0,
153.25,82.0,
154.0,82.0,
154.75,82.0,
155.5,82.0,
156.25,82.0,
157.0,82.0,
157.75,82.0,
158.5,82.0,
159.25,82.0,
160.0,82.0,
160.75,82.0,
161.5,82.0,
162.25,82.0,
163.0,82.0,
163.75,82.0,
164.5,82.0,
165.25,82.0,
166.0,82.0,-93.0
166.75,82.0,-93.05251641137855
167.5,82.0,-93.12371134020619
168.25,82.0,-91.88625610834123
169.0,82.0,-91.96424611973391
169.75,82.0,-90.90406164083639
170.5,82.0,-90.90783727753579
171.25,82.0,-90.81405179249698
172.0,82.0,-90.48854447439352
172.75,82.0,-90.1192963047893
173.5,82.0,-89.69703546201013
174.25,82.0,-90.21595262526486
175.0,82.0,-91.33770590512235
175.75,82.0,-91.08251852488141
176.5,82.0,-91.18560892159269
177.25,82.0,-90.78080339413988
178.0,82.0,-90.03508771929826
178.75,82.0,-89.66074604812367
179.5,82.0,-90.23621575021554
180.25,82.0,-91.30556505769087
181.0,82.0,-91.66666666666663
181.75,82.0,-91.25737321566164
182.5,82.0,-90.47735904177623
183.25,82.0,-90.16877849826716
67.0,82.75,
67.75,82.75,
68.5,82.75,
69.25,82.75,
70.0,82.75,
70.75,82.75,
71.5,82.75,
72.25,82.75,
73.0,82.75,
73.75,82.75,
74.5,82.75,
75.25,82.75,
76.0,82.75,
76.75,82.75,
77.5,82.75,
78.25,82.75,
79.0,82.75,
79.75,82.75,
80.5,82.75,
81.25,82.75,
82.0,82.75,
82.75,82.75,
83.5,82.75,
84.25,82.75,
85.0,82.75,
85.75,82.75,
86.5,82.75,
87.25,82.75,
88.0,82.75,
88.75,82.75,
89.5,82.75,
90.25,82.75,
91.0,82.75,
91.75,82.75,
92.5,82.75,
93.25,82.75,
94.0,82.75,
94.75,82.75,
95.5,82.75,
96.25,82.75,
97.0,82.75,
97.75,82.75,
98.5,82.75,
99.25,82.75,
100.0,82.75,
100.75,82.75,
101.5,82.75,
102.25,82.75,
103.0,82.75,
103.75,82.75,
104.5,82.75,
105.25,82.75,
106.0,82.75,
106.75,82.75,
107.5,82.75,
108.25,82.75,
109.0,82.75,
109.75,82.75,
110.5,82.75,
111.25,82.75,
112.0,82.75,
112.75,82.75,
113.5,82.75,
114.25,82.75,
115.0,82.75,
115.75,82.75,
116.5,82.75,
117.25,82.75,
118.0,82.75,
118.75,82.75,
119.5,82.75,
120.25,82.75,
121.0,82.75,
121.75,82.75,
122.5,82.75,
123.25,82.75,
124.0,82.75,
124.75,82.75,
125.5,82.75,
126.25,82.75,
127.0,82.75,
127.75,82.75,
128.5,82.75,
129.25,82.75,
130.0,82.75,
130.75,82.75,
131.5,82.75,
132.25,82.75,
133.0,82.75,
133.75,82.75,
134.5,82.75,
135.25,82.75,
136.0,82.75,
136.75,82.75,
137.5,82.75,
138.25,82.75,
139.0,82.75,
139.75,82.75,
140.5,82.75,
141.25,82.75,
142.0,82.75,
142.75,82.75,
143.5,82.75,
144.25,82.75,
145.0,82.75,
145.75,82.75,
146.5,82.75,
147.25,82.75,
148.0,82.75,
148.75,82.75,
149.5,82.75,
150.25,82.75,
151.0,82.75,
151.75,82.75,
152.5,82.75,
153.25,82.75,
154.0,82.75,
154.75,82.75,
155.5,82.75,
156.25,82.75,
157.0,82.75,
157.75,82.75,
158.5,82.75,
159.25,82.75,
160.0,82.75,
160.75,82.75,
161.5,82.75,
162.25,82.75,
163.0,82.75,
163.75,82.75,
164.5,82.75,
165.25,82.75,
166.0,82.75,-92.94748358862144
166.75,82.75,-93.0
167.5,82.75,-91.83209206506781
168.25,82.75,-91.93096081980369
169.0,82.75,-91.03078886217659
169.75,82.75,-91.18256124265727
170.5,82.75,-91.25435793187957
171.25,82.75,-91.00481891631686
172.0,82.75,-90.71421328645576
172.75,82.75,-90.39197280882516
173.5,82.75,-90.13202678297563
174.25,82.75,-89.86321460071343
175.0,82.75,-89.62957751871936
175.75,82.75,-89.73907287505007
176.5,82.75,-90.94179714314463
177.25,82.75,-91.0620639506899
178.0,82.75,-90.84949953707883
178.75,82.75,-90.64341261035482
179.5,82.75,-91.17526826774913
180.25,82.75,-92.12600872722682
181.0,82.75,-92.85674914335375
181.75,82.75,-91.61391815076911
182.5,82.75,-89.33243337193883
183.25,82.75,-88.75893780022238
67.0,83.5,
67.75,83.5,
68.5,83.5,
69.25,83.5,
70.0,83.5,
70.75,83.5,
71.5,83.5,
72.25,83.5,
73.0,83.5,
73.75,83.5,
74.5,83.5,
75.25,83.5,
76.0,83.5,
76.75,83.5,
77.5,83.5,
78.25,83.5,
79.0,83.5,
79.75,83.5,
80.5,83.5,
81.25,83.5,
82.0,83.5,
82.75,83.5,
83.5,83.5,
84.25,83.5,
85.0,83.5,
85.75,83.5,
86.5,83.5,
87.25,83.5,
88.0,83.5,
88.75,83.5,
89.5,83.5,
90.25,83.5,
91.0,83.5,
91.75,83.5,
92.5,83.5,
93.25,83.5,
94.0,83.5,
94.75,83.5,
95.5,83.5,
96.25,83.5,
97.0,83.5,
97.75,83.5,
98.5,83.5,
99.25,83.5,
100.0,83.5,
100.75,83.5,
101.5,83.5,
102.25,83.5,
103.0,83.5,
103.75,83.5,
104.5,83.5,
105.25,83.5,
106.0,83.5,
106.75,83.5,
107.5,83.5,
108.25,83.5,
109.0,83.5,
109.75,83.5,
110.5,83.5,
111.25,83.5,
112.0,83.5,
112.75,83.5,
113.5,83.5,
114.25,83.5,
115.0,83.5,
115.75,83.5,
116.5,83.5,
117.25,83.5,
118.0,83.5,
118.75,83.5,
119.5,83.5,
120.25,83.5,
121.0,83.5,
121.75,83.5,
122.5,83.5,
123.25,83.5,
124.0,83.5,
124.75,83.5,
125.5,83.5,
126.25,83.5,
127.0,83.5,
127.75,83.5,
128.5,83.5,
129.25,83.5,
130.0,83.5,
130.75,83.5,
131.5,83.5,
132.25,83.5,
133.0,83.5,
133.75,83.5,
134.5,83.5,
135.25,83.5,
136.0,83.5,
136.75,83.5,
137.5,83.5,
138.25,83.5,
139.0,83.5,
139.75,83.5,
140.5,83.5,
141.25,83.5,
142.0,83.5,
142.75,83.5,
143.5,83.5,
144.25,83.5,
145.0,83.5,
145.75,83.5,
146.5,83.5,
147.25,83.5,
148.0,83.5,
148.75,83.5,
149.5,83.5,
150.25,83.5,
151.0,83.5,
151.75,83.5,
152.5,83.5,
153.25,83.5,
154.0,83.5,
154.75,83.5,
155.5,83.5,
156.25,83.5,
157.0,83.5,
157.75,83.5,
158.5,83.5,
159.25,83.5,
160.0,83.5,
160.75,83.5,
161.5,83.5,
162.25,83.5,
163.0,83.5,-84.56589147286823
163.75,83.5,-84.8882235528942
164.5,83.5,-87.43315508021391
165.25,83.5,-88.89238398994439
166.0,83.5,-91.41386161757829
166.75,83.5,-89.86668582617456
167.5,83.5,-90.02949438567391
168.25,83.5,-90.42418273623012
169.0,83.5,-90.43394983263761
169.75,83.5,-90.93805890348017
170.5,83.5,-91.3656822057145
171.25,83.5,-91.56578465981106
172.0,83.5,-91.00940625496108
172.75,83.5,-90.52831734593974
173.5,83.5,-90.21297166091072
174.25,83.5,-89.91872982572487
175.0,83.5,-89.65211819309188
175.75,83.5,-89.23611106774162
176.5,83.5,-90.50003176245316
177.25,83.5,-90.5540539955516
178.0,83.5,-90.64005003165809
178.75,83.5,-90.80227211466975
179.5,83.5,-91.22278321585613
180.25,83.5,-92.02956573183779
181.0,83.5,-92.54753915413404
181.75,83.5,-91.43044122376556
182.5,83.5,-89.4444059908669
183.25,83.5,-88.92332936735119
67.0,84.25,
67.75,84.25,
68.5,84.25,
69.25,84.25,
70.0,84.25,
70.75,84.25,
71.5,84.25,
72.25,84.25,
73.0,84.25,
73.75,84.25,
74.5,84.25,
75.25,84.25,
76.0,84.25,
76.75,84.25,
77.5,84.25,
78.25,84.25,
79.0,84.25,
79.75,84.25,
80.5,84.25,
81.25,84.25,
82.0,84.25,
82.75,84.25,
83.5,84.25,
84.25,84.25,
85.0,84.25,
85.75,84.25,
86.5,84.25,
87.25,84.25,
88.0,84.25,
88.75,84.25,
89.5,84.25,
90.25,84.25,
91.0,84.25,
91.75,84.25,
92.5,84.25,
93.25,84.25,
94.0,84.25,
94.75,84.25,
95.5,84.25,
96.25,84.25,
97.0,84.25,
97.75,84.25,
98.5,84.25,
99.25,84.25,
100.0,84.25,
100.75,84.25,
101.5,84.25,
102.25,84.25,
103.0,84.25,
103.75,84.25,
104.5,84.25,
105.25,84.25,
106.0,84.25,
106.75,84.25,
107.5,84.25,
108.25,84.25,
109.0,84.25,
109.75,84.25,
110.5,84.25,
111.25,84.25,
112.0,84.25,
112.75,84.25,
113.5,84.25,
114.25,84.25,
115.0,84.25,
115.75,84.25,
116.5,84.25,
117.25,84.25,
118.0,84.25,
118.75,84.25,
119.5,84.25,
120.25,84.25,
121.0,84.25,
121.75,84.25,
122.5,84.25,
123.25,84.25,
124.0,84.25,
124.75,84.25,
125.5,84.25,
126.25,84.25,
127.0,84.25,
127.75,84.25,
128.5,84.25,
129.25,84.25,
130.0,84.25,
130.75,84.25,
131.5,84.25,
132.25,84.25,
133.0,84.25,
133.75,84.25,
134.5,84.25,
135.25,84.25,
136.0,84.25,
136.75,84.25,
137.5,84.25,
138.25,84.25,
139.0,84.25,
139.75,84.25,
140.5,84.25,
141.25,84.25,
142.0,84.25,
142.75,84.25,
143.5,84.25,
144.25,84.25,
145.0,84.25,
145.75,84.25,
146.5,84.25,
147.25,84.25,
148.0,84.25,
148.75,84.25,
149.5,84.25,
150.25,84.25,
151.0,84.25,
151.75,84.25,
152.5,84.25,
153.25,84.25,
154.0,84.25,
154.75,84.25,
155.5,84.25,
156.25,84.25,
157.0,84.25,
157.75,84.25,
158.5,84.25,
159.25,84.25,
160.0,84.25,
160.75,84.25,
161.5,84.25,-83.82599580712788
162.25,84.25,-84.07981220657277
163.0,84.25,-84.43002544529261
163.75,84.25,-86.72385160790637
164.5,84.25,-87.23406290139769
165.25,84.25,-88.71231569400709
166.0,84.25,-88.26210652208972
166.75,84.25,-89.7745106832989
167.5,84.25,-90.04436028161997
168.25,84.25,-90.38388707866442
169.0,84.25,-90.56989456293272
169.75,84.25,-91.37225290660844
170.5,84.25,-92.40661262190807
171.25,84.25,-92.62212811450502
172.0,84.25,-91.31606622802286
172.75,84.25,-90.68552241978482
173.5,84.25,-90.39550798387415
174.25,84.25,-89.86857640689722
175.0,84.25,-89.34496613502606
175.75,84.25,-89.33396108746685
176.5,84.25,-89.5549586698885
177.25,84.25,-90.75895541014205
178.0,84.25,-90.90780203073304
178.75,84.25,-91.03120371781472
179.5,84.25,-91.25163567404367
180.25,84.25,-91.50662237482925
181.0,84.25,-91.59027060088657
181.75,84.25,-91.019002327234
182.5,84.25,-90.12203569052105
183.25,84.25,-89.68852937043752
67.0,85.0,
67.75,85.0,
68.5,85.0,
69.25,85.0,
70.0,85.0,
70.75,85.0,
71.5,85.0,
72.25,85.0,
73.0,85.0,
73.75,85.0,
74.5,85.0,
75.25,85.0,
76.0,85.0,
76.75,85.0,
77.5,85.0,
78.25,85.0,
79.0,85.0,
79.75,85.0,
80.5,85.0,
81.25,85.0,
82.0,85.0,
82.75,85.0,
83.5,85.0,
84.25,85.0,
85.0,85.0,
85.75,85.0,
86.5,85.0,
87.25,85.0,
88.0,85.0,
88.75,85.0,
89.5,85.0,
90.25,85.0,
91.0,85.0,
91.75,85.0,
92.5,85.0,
93.25,85.0,
94.0,85.0,
94.75,85.0,
95.5,85.0,
96.25,85.0,
97.0,85.0,
97.75,85.0,
98.5,85.0,
99.25,85.0,
100.0,85.0,
100.75,85.0,
101.5,85.0,
102.25,85.0,
103.0,85.0,
103.75,85.0,
104.5,85.0,
105.25,85.0,
106.0,85.0,
106.75,85.0,
107.5,85.0,
108.25,85.0,
109.0,85.0,
109.75,85.0,
110.5,85.0,
111.25,85.0,
112.0,85.0,
112.75,85.0,
113.5,85.0,
114.25,85.0,
115.0,85.0,
115.75,85.0,
116.5,85.0,
117.25,85.0,
118.0,85.0,
118.75,85.0,
119.5,85.0,
120.25,85.0,
121.0,85.0,
121.75,85.0,
122.5,85.0,
123.25,85.0,
124.0,85.0,
124.75,85.0,
125.5,85.0,
126.25,85.0,
127.0,85.0,
127.75,85.0,
128.5,85.0,
129.25,85.0,
130.0,85.0,
130.75,85.0,
131.5,85.0,
132.25,85.0,
133.0,85.0,
133.75,85.0,
134.5,85.0,
135.25,85.0,
136.0,85.0,
136.75,85.0,
137.5,85.0,
138.25,85.0,
139.0,85.0,
139.75,85.0,
140.5,85.0,
141.25,85.0,
142.0,85.0,
142.75,85.0,
143.5,85.0,
144.25,85.0,
145.0,85.0,
145.75,85.0,
146.5,85.0,
147.25,85.0,
148.0,85.0,
148.75,85.0,
149.5,85.0,
150.25,85.0,
151.0,85.0,
151.75,85.0,
152.5,85.0,
153.25,85.0,
154.0,85.0,
154.75,85.0,
155.5,85.0,
156.25,85.0,
157.0,85.0,
157.75,85.0,
158.5,85.0,
159.25,85.0,
160.0,85.0,
160.75,85.0,-83.34920634920634
161.5,85.0,-83.494623655914
162.25,85.0,-83.77881619937693
163.0,85.0,-84.82608695652173
163.75,85.0,-86.46271395216742
164.5,85.0,-87.10234945928588
165.25,85.0,-87.61528810325427
166.0,85.0,-88.14039125431532
166.75,85.0,-89.63829614630744
167.5,85.0,-89.92753652684225
168.25,85.0,-90.279648204505
169.0,85.0,-90.51562499999999
169.75,85.0,-91.37059466289881
170.5,85.0,-93.1551669202745
171.25,85.0,-93.73163132803364
172.0,85.0,-91.24397590361443
172.75,85.0,-90.89602470867156
173.5,85.0,-90.54606864882277
174.25,85.0,-89.55872089297685
175.0,85.0,-89.07142857142857
175.75,85.0,-89.12616925165872
176.5,85.0,-90.61391211627459
177.25,85.0,-91.75957479400587
178.0,85.0,-91.42924528301887
178.75,85.0,-91.5087863644795
179.5,85.0,-91.52551738518481
180.25,85.0,-91.22367259652545
181.0,85.0,-91.10377358490564
181.75,85.0,-90.83227710481572
182.5,85.0,-90.42975127827869
183.25,85.0,-90.1513861688404
67.0,85.75,
67.75,85.75,
68.5,85.75,
69.25,85.75,
70.0,85.75,
70.75,85.75,
71.5,85.75,
72.25,85.75,
73.0,85.75,
73.75,85.75,
74.5,85.75,
75.25,85.75,
76.0,85.75,
76.75,85.75,
77.5,85.75,
78.25,85.75,
79.0,85.75,
79.75,85.75,
80.5,85.75,
81.25,85.75,
82.0,85.75,
82.75,85.75,
83.5,85.75,
84.25,85.75,
85.0,85.75,
85.75,85.75,
86.5,85.75,
87.25,85.75,
88.0,85.75,
88.75,85.75,
89.5,85.75,
90.25,85.75,
91.0,85.75,
91.75,85.75,
92.5,85.75,
93.25,85.75,
94.0,85.75,
94.75,85.75,
95.5,85.75,
96.25,85.75,
97.0,85.75,
97.75,85.75,
98.5,85.75,
99.25,85.75,
100.0,85.75,
100.75,85.75,
101.5,85.75,
102.25,85.75,
103.0,85.75,
103.75,85.75,
104.5,85.75,
105.25,85.75,
106.0,85.75,
106.75,85.75,
107.5,85.75,
108.25,85.75,
109.0,85.75,
109.75,85.75,
110.5,85.75,
111.25,85.75,
112.0,85.75,
112.75,85.75,
113.5,85.75,
114.25,85.75,
115.0,85.75,
115.75,85.75,
116.5,85.75,
117.25,85.75,
118.0,85.75,
118.75,85.75,
119.5,85.75,
120.25,85.75,
121.0,85.75,
121.75,85.75,
122.5,85.75,
123.25,85.75,
124.0,85.75,
124.75,85.75,
125.5,85.75,
126.25,85.75,
127.0,85.75,
127.75,85.75,
128.5,85.75,
129.25,85.75,
130.0,85.75,
130.75,85.75,
131.5,85.75,
132.25,85.75,
133.0,85.75,
133.75,85.75,
134.5,85.75,
135.25,85.75,
136.0,85.75,
136.75,85.75,
137.5,85.75,
138.25,85.75,
139.0,85.75,
139.75,85.75,
140.5,85.75,
141.25,85.75,
142.0,85.75,
142.75,85.75,
143.5,85.75,
144.25,85.75,
145.0,85.75,
145.75,85.75,
146.5,85.75,
147.25,85.75,
148.0,85.75,
148.75,85.75,
149.5,85.75,
150.25,85.75,
151.0,85.75,
151.75,85.75,
152.5,85.75,
153.25,85.75,
154.0,85.75,
154.75,85.75,
155.5,85.75,
156.25,85.75,
157.0,85.75,
157.75,85.75,
158.5,85.75,
159.25,85.75,
160.0,85.75,-82.96825396825396
160.75,85.75,-85.79526355365687
161.5,85.75,-85.61725047950046
162.25,85.75,-84.77084150173165
163.0,85.75,-85.0096869719213
163.75,85.75,-86.12372406854887
164.5,85.75,-86.70467774445953
165.25,85.75,-85.94967462433486
166.0,85.75,-88.009454500118
166.75,85.75,-89.44293997704001
167.5,85.75,-89.79346972042651
168.25,85.75,-90.33302193954928
169.0,85.75,-90.70433588465745
169.75,85.75,-90.63320075112425
170.5,85.75,-91.26810043145014
171.25,85.75,-91.28282717318466
172.0,85.75,-89.81659003202232
172.75,85.75,-89.12164972728715
173.5,85.75,-88.5650778831823
174.25,85.75,-88.43234723659967
175.0,85.75,-88.92034647768541
175.75,85.75,-89.20443724126557
176.5,85.75,-91.09554372858216
177.25,85.75,-91.67911091676865
178.0,85.75,-92.1093762149608
178.75,85.75,-91.97216854478863
179.5,85.75,-91.99454078259402
180.25,85.75,-92.13447132234593
181.0,85.75,-91.76766638172487
181.75,85.75,-91.58808731799321
182.5,85.75,-91.2352711516311
183.25,85.75,-91.01553665184575
67.0,86.5,
67.75,86.5,
68.5,86.5,
69.25,86.5,
70.0,86.5,
70.75,86.5,
71.5,86.5,
72.25,86.5,
73.0,86.5,
73.75,86.5,
74.5,86.5,
75.25,86.5,
76.0,86.5,
76.75,86.5,
77.5,86.5,
78.25,86.5,
79.0,86.5,
79.75,86.5,
80.5,86.5,
81.25,86.5,
82.0,86.5,
82.75,86.5,
83.5,86.5,
84.25,86.5,
85.0,86.5,
85.75,86.5,
86.5,86.5,
87.25,86.5,
88.0,86.5,
88.75,86.5,
89.5,86.5,
90.25,86.5,
91.0,86.5,
91.75,86.5,
92.5,86.5,
93.25,86.5,
94.0,86.5,
94.75,86.5,
95.5,86.5,
96.25,86.5,
97.0,86.5,
97.75,86.5,
98.5,86.5,
99.25,86.5,
100.0,86.5,
100.75,86.5,
101.5,86.5,
102.25,86.5,
103.0,86.5,
103.75,86.5,
104.5,86.5,
105.25,86.5,
106.0,86.5,
106.75,86.5,
107.5,86.5,
108.25,86.5,
109.0,86.5,
109.75,86.5,
110.5,86.5,
111.25,86.5,
112.0,86.5,
112.75,86.5,
113.5,86.5,
114.25,86.5,
115.0,86.5,
115.75,86.5,
116.5,86.5,
117.25,86.5,
118.0,86.5,
118.75,86.5,
119.5,86.5,
120.25,86.5,
121.0,86.5,
121.75,86.5,
122.5,86.5,
123.25,86.5,
124.0,86.5,
124.75,86.5,
125.5,86.5,
126.25,86.5,
127.0,86.5,
127.75,86.5,
128.5,86.5,
129.25,86.5,
130.0,86.5,
130.75,86.5,
131.5,86.5,
132.25,86.5,
133.0,86.5,
133.75,86.5,
134.5,86.5,
135.25,86.5,
136.0,86.5,
136.75,86.5,
137.5,86.5,
138.25,86.5,
139.0,86.5,
139.75,86.5,
140.5,86.5,
141.25,86.5,
142.0,86.5,
142.75,86.5,
143.5,86.5,
144.25,86.5,
145.0,86.5,
145.75,86.5,
146.5,86.5,
147.25,86.5,
148.0,86.5,
148.75,86.5,
149.5,86.5,
150.25,86.5,
151.0,86.5,
151.75,86.5,
152.5,86.5,
153.25,86.5,
154.0,86.5,
154.75,86.5,
155.5,86.5,
156.25,86.5,
157.0,86.5,
157.75,86.5,
158.5,86.5,
159.25,86.5,-84.32151029748285
160.0,86.5,-85.81103889474936
160.75,86.5,-85.3797728864532
161.5,86.5,-84.00022012855507
162.25,86.5,-84.23503044273225
163.0,86.5,-84.53384940749602
163.75,86.5,-85.76023918117673
164.5,86.5,-86.63943234722316
165.25,86.5,-86.15440068705716
166.0,86.5,-87.27121641911299
166.75,86.5,-88.4408104366887
167.5,86.5,-89.55078460728049
168.25,86.5,-90.6078391113116
169.0,86.5,-91.28586384100801
169.75,86.5,-90.29642799340253
170.5,86.5,-89.13081725312144
171.25,86.5,-88.70061489673442
172.0,86.5,-87.55164158686729
172.75,86.5,-84.20400239222279
173.5,86.5,-84.87372304199772
174.25,86.5,-87.51294201130254
175.0,86.5,-88.90166244012397
175.75,86.5,-89.61203317418057
176.5,86.5,-91.61169947670074
177.25,86.5,-91.92150492369352
178.0,86.5,-91.79950323819521
178.75,86.5,-91.41969352232415
179.5,86.5,-91.54542308947657
180.25,86.5,-92.09900557284062
181.0,86.5,-92.33842671703549
181.75,86.5,-92.38496359287139
182.5,86.5,-91.61378442248761
183.25,86.5,-91.37742194503629
67.0,87.25,
67.75,87.25,
68.5,87.25,
69.25,87.25,
70.0,87.25,
70.75,87.25,
71.5,87.25,
72.25,87.25,
73.0,87.25,
73.75,87.25,
74.5,87.25,
75.25,87.25,
76.0,87.25,
76.75,87.25,
77.5,87.25,
78.25,87.25,
79.0,87.25,
79.75,87.25,
80.5,87.25,
81.25,87.25,
82.0,87.25,
82.75,87.25,
83.5,87.25,
84.25,87.25,
85.0,87.25,
85.75,87.25,
86.5,87.25,
87.25,87.25,
88.0,87.25,
88.75,87.25,
89.5,87.25,
90.25,87.25,
91.0,87.25,
91.75,87.25,
92.5,87.25,
93.25,87.25,
94.0,87.25,
94.75,87.25,
95.5,87.25,
96.25,87.25,
97.0,87.25,
97.75,87.25,
98.5,87.25,
99.25,87.25,
100.0,87.25,
100.75,87.25,
101.5,87.25,
102.25,87.25,
103.0,87.25,
103.75,87.25,
104.5,87.25,
105.25,87.25,
106.0,87.25,
106.75,87.25,
107.5,87.25,
108.25,87.25,
109.0,87.25,
109.75,87.25,
110.5,87.25,
111.25,87.25,
112.0,87.25,
112.75,87.25,
113.5,87.25,
114.25,87.25,
115.0,87.25,
115.75,87.25,
116.5,87.25,
117.25,87.25,
118.0,87.25,
118.75,87.25,
119.5,87.25,
120.25,87.25,
121.0,87.25,
121.75,87.25,
122.5,87.25,
123.25,87.25,
124.0,87.25,
124.75,87.25,
125.5,87.25,
126.25,87.25,
127.0,87.25,
127.75,87.25,
128.5,87.25,
129.25,87.25,
130.0,87.25,
130.75,87.25,
131.5,87.25,
132.25,87.25,
133.0,87.25,
133.75,87.25,
134.5,87.25,
135.25,87.25,
136.0,87.25,
136.75,87.25,
137.5,87.25,
138.25,87.25,
139.0,87.25,
139.75,87.25,
140.5,87.25,
141.25,87.25,
142.0,87.25,
142.75,87.25,
143.5,87.25,
144.25,87.25,
145.0,87.25,
145.75,87.25,
146.5,87.25,
147.25,87.25,
148.0,87.25,
148.75,87.25,
149.5,87.25,
150.25,87.25,
151.0,87.25,
151.75,87.25,
152.5,87.25,
153.25,87.25,
154.0,87.25,
154.75,87.25,
155.5,87.25,
156.25,87.25,
157.0,87.25,
157.75,87.25,-85.27490421455938
158.5,87.25,-87.41362863992255
159.25,87.25,-86.63849552285906
160.0,87.25,-86.84193256313927
160.75,87.25,-83.99015582966872
161.5,87.25,-83.71632426172701
162.25,87.25,-83.31874503026076
163.0,87.25,-83.64557870006853
163.75,87.25,-84.86597572708058
164.5,87.25,-86.36828737787981
165.25,87.25,-87.02671001783526
166.0,87.25,-87.48654497969089
166.75,87.25,-87.3523757913666
167.5,87.25,-88.31390397105591
168.25,87.25,-90.14121058382803
169.0,87.25,-91.67055971496863
169.75,87.25,-89.77481968533552
170.5,87.25,-88.57715138411325
171.25,87.25,-88.39512669258616
172.0,87.25,-86.70929369052205
172.75,87.25,-82.78693524601154
173.5,87.25,-83.7332749358207
174.25,87.25,-87.3389906570455
175.0,87.25,-88.94509301670244
175.75,87.25,-89.59420367473635
176.5,87.25,-91.79762627863045
177.25,87.25,-92.04434860985366
178.0,87.25,-92.09337793646222
178.75,87.25,-91.34584943207514
179.5,87.25,-91.70720306202408
180.25,87.25,-92.84709195389227
181.0,87.25,-93.4665288577969
181.75,87.25,-92.83517362920485
182.5,87.25,-92.72656286737411
183.25,87.25,-92.63527644036054
67.0,88.0,
67.75,88.0,
68.5,88.0,
69.25,88.0,
70.0,88.0,
70.75,88.0,
71.5,88.0,
72.25,88.0,
73.0,88.0,
73.75,88.0,
74.5,88.0,
75.25,88.0,
76.0,88.0,
76.75,88.0,
77.5,88.0,
78.25,88.0,
79.0,88.0,
79.75,88.0,
80.5,88.0,
81.25,88.0,
82.0,88.0,
82.75,88.0,
83.5,88.0,
84.25,88.0,
85.0,88.0,
85.75,88.0,
86.5,88.0,
87.25,88.0,
88.0,88.0,
88.75,88.0,
89.5,88.0,
90.25,88.0,
91.0,88.0,
91.75,88.0,
92.5,88.0,
93.25,88.0,
94.0,88.0,
94.75,88.0,
95.5,88.0,
96.25,88.0,
97.0,88.0,
97.75,88.0,
98.5,88.0,
99.25,88.0,
100.0,88.0,
100.75,88.0,
101.5,88.0,
102.25,88.0,
103.0,88.0,
103.75,88.0,
104.5,88.0,
105.25,88.0,
106.0,88.0,
106.75,88.0,
107.5,88.0,
108.25,88.0,
109.0,88.0,
109.75,88.0,
110.5,88.0,
111.25,88.0,
112.0,88.0,
112.75,88.0,
113.5,88.0,
114.25,88.0,
115.0,88.0,
115.75,88.0,
116.5,88.0,
117.25,88.0,
118.0,88.0,
118.75,88.0,
119.5,88.0,
120.25,88.0,
121.0,88.0,
121.75,88.0,
122.5,88.0,
123.25,88.0,
124.0,88.0,
124.75,88.0,
125.5,88.0,
126.25,88.0,
127.0,88.0,
127.75,88.0,
128.5,88.0,
129.25,88.0,
130.0,88.0,
130.75,88.0,
131.5,88.0,
132.25,88.0,
133.0,88.0,
133.75,88.0,
134.5,88.0,
135.25,88.0,
136.0,88.0,
136.75,88.0,
137.5,88.0,
138.25,88.0,
139.0,88.0,
139.75,88.0,
140.5,88.0,
141.25,88.0,
142.0,88.0,
142.75,88.0,
143.5,88.0,
144.25,88.0,
145.0,88.0,
145.75,88.0,
146.5,88.0,
147.25,88.0,
148.0,88.0,
148.75,88.0,
149.5,88.0,
150.25,88.0,
151.0,88.0,
151.75,88.0,
152.5,88.0,
153.25,88.0,
154.0,88.0,
154.75,88.0,
155.5,88.0,
156.25,88.0,
157.0,88.0,
157.75,88.0,-86.03117913832199
158.5,88.0,-87.88870399050977
159.25,88.0,-87.8687502967495
160.0,88.0,-85.82635822614705
160.75,88.0,-84.80883214320922
161.5,88.0,-83.66727774093226
162.25,88.0,-81.97261136952518
163.0,88.0,-81.646197960343
163.75,88.0,-84.05861596974529
164.5,88.0,-87.48379165197659
165.25,88.0,-88.55940073328725
166.0,88.0,-87.64285714285714
166.75,88.0,-87.00942170512954
167.5,88.0,-87.16060505812091
168.25,88.0,-86.88734124740813
169.0,88.0,-86.87650602409636
169.75,88.0,-87.08924698489943
170.5,88.0,-87.55237019205009
171.25,88.0,-87.65482859737173
172.0,88.0,-86.46428571428571
172.75,88.0,-85.06196284993388
173.5,88.0,-85.28238797285158
174.25,88.0,-87.08971927431122
175.0,88.0,-87.86206896551722
175.75,88.0,-89.48067657165245
176.5,88.0,-92.5089437819421
177.25,88.0,-93.35762777348495
178.0,88.0,-93.25
178.75,88.0,-93.48195333828124
179.5,88.0,-93.5741416540704
180.25,88.0,-93.85348338114468
181.0,88.0,-94.04178551055334
181.75,88.0,-94.1666388944368
182.5,88.0,-92.8328722411621
183.25,88.0,-92.59073249589885
67.0,88.75,
67.75,88.75,
68.5,88.75,
69.25,88.75,
70.0,88.75,
70.75,88.75,
71.5,88.75,
72.25,88.75,
73.0,88.75,
73.75,88.75,
74.5,88.75,
75.25,88.75,
76.0,88.75,
76.75,88.75,
77.5,88.75,
78.25,88.75,
79.0,88.75,
79.75,88.75,
80.5,88.75,
81.25,88.75,
82.0,88.75,
82.75,88.75,
83.5,88.75,
84.25,88.75,
85.0,88.75,
85.75,88.75,
86.5,88.75,
87.25,88.75,
88.0,88.75,
88.75,88.75,
89.5,88.75,
90.25,88.75,
91.0,88.75,
91.75,88.75,
92.5,88.75,
93.25,88.75,
94.0,88.75,
94.75,88.75,
95.5,88.75,
96.25,88.75,
97.0,88.75,
97.75,88.75,
98.5,88.75,
99.25,88.75,
100.0,88.75,
100.75,88.75,
101.5,88.75,
102.25,88.75,
103.0,88.75,
103.75,88.75,
104.5,88.75,
105.25,88.75,
106.0,88.75,
106.75,88.75,
107.5,88.75,
108.25,88.75,
109.0,88.75,
109.75,88.75,
110.5,88.75,
111.25,88.75,
112.0,88.75,
112.75,88.75,
113.5,88.75,
114.25,88.75,
115.0,88.75,
115.75,88.75,
116.5,88.75,
117.25,88.75,
118.0,88.75,
118.75,88.75,
119.5,88.75,
120.25,88.75,
121.0,88.75,
121.75,88.75,
122.5,88.75,
123.25,88.75,
124.0,88.75,
124.75,88.75,
125.5,88.75,
126.25,88.75,
127.0,88.75,
127.75,88.75,
128.5,88.75,
129.25,88.75,
130.0,88.75,
130.75,88.75,
131.5,88.75,
132.25,88.75,
133.0,88.75,
133.75,88.75,
134.5,88.75,
135.25,88.75,
136.0,88.75,
136.75,88.75,
137.5,88.75,
138.25,88.75,
139.0,88.75,
139.75,88.75,
140.5,88.75,
141.25,88.75,
142.0,88.75,
142.75,88.75,
143.5,88.75,
144.25,88.75,
145.0,88.75,
145.75,88.75,
146.5,88.75,
147.25,88.75,
148.0,88.75,
148.75,88.75,
149.5,88.75,
150.25,88.75,
151.0,88.75,
151.75,88.75,
152.5,88.75,
153.25,88.75,
154.0,88.75,
154.75,88.75,
155.5,88.75,
156.25,88.75,
157.0,88.75,
157.75,88.75,-89.12747553522553
158.5,88.75,-88.59002503509254
159.25,88.75,-88.39459526365229
160.0,88.75,-86.2953934620079
160.75,88.75,-85.14654815369911
161.5,88.75,-83.54595539360353
162.25,88.75,-80.62517844444048
163.0,88.75,-78.45526863952821
163.75,88.75,-82.73007601536932
164.5,88.75,-89.65041813073537
165.25,88.75,-91.12408159471835
166.0,88.75,-87.44034325320428
166.75,88.75,-86.93564821021585
167.5,88.75,-86.50142653324367
168.25,88.75,-84.20508026374036
169.0,88.75,-81.42973665652507
169.75,88.75,-83.45523464225911
170.5,88.75,-85.94293650328866
171.25,88.75,-86.4298422426181
172.0,88.75,-85.67548293464117
172.75,88.75,-85.26014244936938
173.5,88.75,-86.3691106397357
174.25,88.75,-86.23153370256296
175.0,88.75,-85.32391509693531
175.75,88.75,-88.69771254013597
176.5,88.75,-94.92942255255541
177.25,88.75,-96.29992920986386
178.0,88.75,-95.00802328608003
178.75,88.75,-95.3029605992228
179.5,88.75,-95.14202374022055
180.25,88.75,-94.61915754240735
181.0,88.75,-94.28565618464754
181.75,88.75,-93.68552366000489
182.5,88.75,-93.41105122401046
183.25,88.75,-92.77485061867831
67.0,89.5,
67.75,89.5,
68.5,89.5,
69.25,89.5,
70.0,89.5,
70.75,89.5,
71.5,89.5,
72.25,89.5,
73.0,89.5,
73.75,89.5,
74.5,89.5,
75.25,89.5,
76.0,89.5,
76.75,89.5,
77.5,89.5,
78.25,89.5,
79.0,89.5,
79.75,89.5,
80.5,89.5,
81.25,89.5,
82.0,89.5,
82.75,89.5,
83.5,89.5,
84.25,89.5,
85.0,89.5,
85.75,89.5,
86.5,89.5,
87.25,89.5,
88.0,89.5,
88.75,89.5,
89.5,89.5,
90.25,89.5,
91.0,89.5,
91.75,89.5,
92.5,89.5,
93.25,89.5,
94.0,89.5,
94.75,89.5,
95.5,89.5,
96.25,89.5,
97.0,89.5,
97.75,89.5,
98.5,89.5,
99.25,89.5,
100.0,89.5,
100.75,89.5,
101.5,89.5,
102.25,89.5,
103.0,89.5,
103.75,89.5,
104.5,89.5,
105.25,89.5,
106.0,89.5,
106.75,89.5,
107.5,89.5,
108.25,89.5,
109.0,89.5,
109.75,89.5,
110.5,89.5,
111.25,89.5,
112.0,89.5,
112.75,89.5,
113.5,89.5,
114.25,89.5,
115.0,89.5,
115.75,89.5,
116.5,89.5,
117.25,89.5,
118.0,89.5,
118.75,89.5,
119.5,89.5,
120.25,89.5,
121.0,89.5,
121.75,89.5,
122.5,89.5,
123.25,89.5,
124.0,89.5,
124.75,89.5,
125.5,89.5,
126.25,89.5,
127.0,89.5,
127.75,89.5,
128.5,89.5,
129.25,89.5,
130.0,89.5,
130.75,89.5,
131.5,89.5,
132.25,89.5,
133.0,89.5,
133.75,89.5,
134.5,89.5,
135.25,89.5,
136.0,89.5,
136.75,89.5,
137.5,89.5,
138.25,89.5,
139.0,89.5,
139.75,89.5,
140.5,89.5,
141.25,89.5,
142.0,89.5,
142.75,89.5,
143.5,89.5,
144.25,89.5,
145.0,89.5,
145.75,89.5,
146.5,89.5,
147.25,89.5,
148.0,89.5,
148.75,89.5,
149.5,89.5,
150.25,89.5,
151.0,89.5,
151.75,89.5,
152.5,89.5,
153.25,89.5,
154.0,89.5,
154.75,89.5,
155.5,89.5,
156.25,89.5,
157.0,89.5,-93.33910891089108
157.75,89.5,-90.48433757683216
158.5,89.5,-90.07386481264231
159.25,89.5,-89.80804870372083
160.0,89.5,-87.49308387875685
160.75,89.5,-86.50121151763503
161.5,89.5,-84.9481734272313
162.25,89.5,-82.62654264413631
163.0,89.5,-80.34602767467207
163.75,89.5,-83.78984952013977
164.5,89.5,-88.19697154719746
165.25,89.5,-89.40562194915437
166.0,89.5,-86.45964432284539
166.75,89.5,-86.56237223054161
167.5,89.5,-86.05334846765042
168.25,89.5,-83.82770275934021
169.0,89.5,-82.10733120584909
169.75,89.5,-83.12251301101807
170.5,89.5,-84.64683661870303
171.25,89.5,-85.31093669840111
172.0,89.5,-85.57418121200236
172.75,89.5,-85.94465308580564
173.5,89.5,-86.8377654285525
174.25,89.5,-86.39009388059323
175.0,89.5,-85.96731967841608
175.75,89.5,-89.5289085407548
176.5,89.5,-94.74938499384994
177.25,89.5,-96.04448742972424
178.0,89.5,-95.38246408729165
178.75,89.5,-95.46170914790211
179.5,89.5,-95.38090128755367
180.25,89.5,-94.79799886179454
181.0,89.5,-94.15407833056258
181.75,89.5,-93.62262474870657
182.5,89.5,-93.25441636011435
183.25,89.5,-92.42348698046501
67.0,90.25,
67.75,90.25,
68.5,90.25,
69.25,90.25,
70.0,90.25,
70.75,90.25,
71.5,90.25,
72.25,90.25,
73.0,90.25,
73.75,90.25,
74.5,90.25,
75.25,90.25,
76.0,90.25,
76.75,90.25,
77.5,90.25,
78.25,90.25,
79.0,90.25,
79.75,90.25,
80.5,90.25,
81.25,90.25,
82.0,90.25,
82.75,90.25,
83.5,90.25,
84.25,90.25,
85.0,90.25,
85.75,90.25,
86.5,90.25,
87.25,90.25,
88.0,90.25,
88.75,90.25,
89.5,90.25,
90.25,90.25,
91.0,90.25,
91.75,90.25,
92.5,90.25,
93.25,90.25,
94.0,90.25,
94.75,90.25,
95.5,90.25,
96.25,90.25,
97.0,90.25,
97.75,90.25,
98.5,90.25,
99.25,90.25,
100.0,90.25,
100.75,90.25,
101.5,90.25,
102.25,90.25,
103.0,90.25,
103.75,90.25,
104.5,90.25,
105.25,90.25,
106.0,90.25,
106.75,90.25,
107.5,90.25,
108.25,90.25,
109.0,90.25,
109.75,90.25,
110.5,90.25,
111.25,90.25,
112.0,90.25,
112.75,90.25,
113.5,90.25,
114.25,90.25,
115.0,90.25,
115.75,90.25,
116.5,90.25,
117.25,90.25,
118.0,90.25,
118.75,90.25,
119.5,90.25,
120.25,90.25,
121.0,90.25,
121.75,90.25,
122.5,90.25,
123.25,90.25,
124.0,90.25,
124.75,90.25,
125.5,90.25,
126.25,90.25,
127.0,90.25,
127.75,90.25,
128.5,90.25,
129.25,90.25,
130.0,90.25,
130.75,90.25,
131.5,90.25,
132.25,90.25,
133.0,90.25,
133.75,90.25,
134.5,90.25,
135.25,90.25,
136.0,90.25,
136.75,90.25,
137.5,90.25,
138.25,90.25,
139.0,90.25,
139.75,90.25,
140.5,90.25,
141.25,90.25,
142.0,90.25,
142.75,90.25,
143.5,90.25,
144.25,90.25,
145.0,90.25,
145.75,90.25,
146.5,90.25,
147.25,90.25,
148.0,90.25,
148.75,90.25,
149.5,90.25,
150.25,90.25,
151.0,90.25,
151.75,90.25,
152.5,90.25,
153.25,90.25,
154.0,90.25,
154.75,90.25,
155.5,90.25,-93.31864988558353
156.25,90.25,-93.3328729281768
157.0,90.25,-93.3483606557377
157.75,90.25,-91.21003781658341
158.5,90.25,-91.01289753944643
159.25,90.25,-89.51631942518338
160.0,90.25,-88.76543543356891
160.75,90.25,-87.99732694351304
161.5,90.25,-87.80406703644958
162.25,90.25,-88.45817303188193
163.0,90.25,-89.40233393764619
163.75,90.25,-86.82352917858573
164.5,90.25,-83.5015343523952
165.25,90.25,-82.58291952153118
166.0,90.25,-84.45800115089494
166.75,90.25,-85.21093925491724
167.5,90.25,-85.13442357355271
168.25,90.25,-84.50445836899551
169.0,90.25,-83.58997498249639
169.75,90.25,-84.03861509217452
170.5,90.25,-84.66895408944092
171.25,90.25,-84.90693671308522
172.0,90.25,-85.48830305419277
172.75,90.25,-86.1780857613363
173.5,90.25,-86.52044945323321
174.25,90.25,-87.31458562621552
175.0,90.25,-88.23295673024539
175.75,90.25,-90.99957459966276
176.5,90.25,-93.6017426988715
177.25,90.25,-94.80358169648665
178.0,90.25,-95.45704318675769
178.75,90.25,-96.37802337302764
179.5,90.25,-96.05099797289188
180.25,90.25,-94.91687564945
181.0,90.25,-93.90731521686627
181.75,90.25,-92.74943925926912
182.5,90.25,-92.33574596509492
183.25,90.25,-92.1212080186425
67.0,91.0,
67.75,91.0,
68.5,91.0,
69.25,91.0,
70.0,91.0,
70.75,91.0,
71.5,91.0,
72.25,91.0,
73.0,91.0,
73.75,91.0,
74.5,91.0,
75.25,91.0,
76.0,91.0,
76.75,91.0,
77.5,91.0,
78.25,91.0,
79.0,91.0,
79.75,91.0,
80.5,91.0,
81.25,91.0,
82.0,91.0,
82.75,91.0,
83.5,91.0,
84.25,91.0,
85.0,91.0,
85.75,91.0,
86.5,91.0,
87.25,91.0,
88.0,91.0,
88.75,91.0,
89.5,91.0,
90.25,91.0,
91.0,91.0,
91.75,91.0,
92.5,91.0,
93.25,91.0,
94.0,91.0,
94.75,91.0,
95.5,91.0,
96.25,91.0,
97.0,91.0,
97.75,91.0,
98.5,91.0,
99.25,91.0,
100.0,91.0,
100.75,91.0,
101.5,91.0,
102.25,91.0,
103.0,91.0,
103.75,91.0,
104.5,91.0,
105.25,91.0,
106.0,91.0,
106.75,91.0,
107.5,91.0,
108.25,91.0,
109.0,91.0,
109.75,91.0,
110.5,91.0,
111.25,91.0,
112.0,91.0,
112.75,91.0,
113.5,91.0,
114.25,91.0,
115.0,91.0,
115.75,91.0,
116.5,91.0,
117.25,91.0,
118.0,91.0,
118.75,91.0,
119.5,91.0,
120.25,91.0,
121.0,91.0,
121.75,91.0,
122.5,91.0,
123.25,91.0,
124.0,91.0,
124.75,91.0,
125.5,91.0,
126.25,91.0,
127.0,91.0,
127.75,91.0,
128.5,91.0,
129.25,91.0,
130.0,91.0,
130.75,91.0,
131.5,91.0,
132.25,91.0,
133.0,91.0,
133.75,91.0,
134.5,91.0,
135.25,91.0,
136.0,91.0,
136.75,91.0,
137.5,91.0,
138.25,91.0,
139.0,91.0,
139.75,91.0,
140.5,91.0,
141.25,91.0,
142.0,91.0,
142.75,91.0,
143.5,91.0,
144.25,91.0,
145.0,91.0,
145.75,91.0,
146.5,91.0,
147.25,91.0,
148.0,91.0,
148.75,91.0,
149.5,91.0,
150.25,91.0,
151.0,91.0,
151.75,91.0,
152.5,91.0,
153.25,91.0,
154.0,91.0,
154.75,91.0,-93.30345211581293
155.5,91.0,-93.31741573033707
156.25,91.0,-93.33540925266904
157.0,91.0,-93.00000000000001
157.75,91.0,-91.86631038993546
158.5,91.0,-91.86208107815052
159.25,91.0,-90.7704341415708
160.0,91.0,-90.08754698901745
160.75,91.0,-89.44960221652285
161.5,91.0,-89.74311280909403
162.25,91.0,-92.13985234973701
163.0,91.0,-94.99999999998984
163.75,91.0,-89.2010004041465
164.5,91.0,-79.73576654023599
165.25,91.0,-77.66891550850032
166.0,91.0,-82.82562747688242
166.75,91.0,-84.94915550889287
167.5,91.0,-84.91865934744186
168.25,91.0,-84.70599713379299
169.0,91.0,-84.42187499999999
169.75,91.0,-84.2721345107842
170.5,91.0,-84.88629881531553
171.25,91.0,-84.87342098049885
172.0,91.0,-85.00489186405768
172.75,91.0,-86.36432382729463
173.5,91.0,-86.80491654869795
174.25,91.0,-88.88781794151397
175.0,91.0,-89.89583333333331
175.75,91.0,-91.59095683691739
176.5,91.0,-93.1918033143404
177.25,91.0,-94.28177606869231
178.0,91.0,-95.49561403508773
178.75,91.0,-97.72347505495756
179.5,91.0,-96.97498396289714
180.25,91.0,-94.50453307534465
181.0,91.0,-93.01449275362317
181.75,91.0,-91.98372650728419
182.5,91.0,-91.75562652355171
183.25,91.0,-91.70481876819642
67.0,91.75,
67.75,91.75,
68.5,91.75,
69.25,91.75,
70.0,91.75,
70.75,91.75,
71.5,91.75,
72.25,91.75,
73.0,91.75,
73.75,91.75,
74.5,91.75,
75.25,91.75,
76.0,91.75,
76.75,91.75,
77.5,91.75,
78.25,91.75,
79.0,91.75,
79.75,91.75,
80.5,91.75,
81.25,91.75,
82.0,91.75,
82.75,91.75,
83.5,91.75,
84.25,91.75,
85.0,91.75,
85.75,91.75,
86.5,91.75,
87.25,91.75,
88.0,91.75,
88.75,91.75,
89.5,91.75,
90.25,91.75,
91.0,91.75,
91.75,91.75,
92.5,91.75,
93.25,91.75,
94.0,91.75,
94.75,91.75,
95.5,91.75,
96.25,91.75,
97.0,91.75,
97.75,91.75,
98.5,91.75,
99.25,91.75,
100.0,91.75,
100.75,91.75,
101.5,91.75,
102.25,91.75,
103.0,91.75,
103.75,91.75,
104.5,91.75,
105.25,91.75,
106.0,91.75,
106.75,91.75,
107.5,91.75,
108.25,91.75,
109.0,91.75,
109.75,91.75,
110.5,91.75,
111.25,91.75,
112.0,91.75,
112.75,91.75,
113.5,91.75,
114.25,91.75,
115.0,91.75,
115.75,91.75,
116.5,91.75,
117.25,91.75,
118.0,91.75,
118.75,91.75,
119.5,91.75,
120.25,91.75,
121.0,91.75,
121.75,91.75,
122.5,91.75,
123.25,91.75,
124.0,91.75,
124.75,91.75,
125.5,91.75,
126.25,91.75,
127.0,91.75,
127.75,91.75,
128.5,91.75,
129.25,91.75,
130.0,91.75,
130.75,91.75,
131.5,91.75,
132.25,91.75,
133.0,91.75,
133.75,91.75,
134.5,91.75,
135.25,91.75,
136.0,91.75,
136.75,91.75,
137.5,91.75,
138.25,91.75,
139.0,91.75,
139.75,91.75,
140.5,91.75,
141.25,91.75,
142.0,91.75,
142.75,91.75,
143.5,91.75,
144.25,91.75,
145.0,91.75,
145.75,91.75,
146.5,91.75,
147.25,91.75,
148.0,91.75,
148.75,91.75,
149.5,91.75,
150.25,91.75,
151.0,91.75,
151.75,91.75,
152.5,91.75,
153.25,91.75,
154.0,91.75,-93.28621730382292
154.75,91.75,-93.29663212435233
155.5,91.75,-93.31143344709898
156.25,91.75,-92.21044922540452
157.0,91.75,-92.44770524033918
157.75,91.75,-92.09404588907707
158.5,91.75,-92.3904465409807
159.25,91.75,-92.34328897493185
160.0,91.75,-91.30536134244359
160.75,91.75,-90.44853508133197
161.5,91.75,-90.31777336181717
162.25,91.75,-91.36950249299352
163.0,91.75,-91.87337996624873
163.75,91.75,-87.95884374959557
164.5,91.75,-82.07030022426467
165.25,91.75,-80.55983543451659
166.0,91.75,-82.9471342778086
166.75,91.75,-84.59138864924729
167.5,91.75,-84.80399072204615
168.25,91.75,-84.65978511145526
169.0,91.75,-84.60405789896069
169.75,91.75,-84.41336253061831
170.5,91.75,-85.36757240367528
171.25,91.75,-84.33255855515469
172.0,91.75,-85.00540049358104
172.75,91.75,-86.52205178780844
173.5,91.75,-86.99566076975363
174.25,91.75,-89.26270490272954
175.0,91.75,-91.18848851695114
175.75,91.75,-91.91897680083756
176.5,91.75,-92.66011787876951
177.25,91.75,-93.19574679695212
178.0,91.75,-93.80781572364924
178.75,91.75,-94.84352135692485
179.5,91.75,-94.20501792886785
180.25,91.75,-92.46265269170686
181.0,91.75,-91.28414755004555
181.75,91.75,-90.9356836215531
182.5,91.75,-91.2106196980284
183.25,91.75,-91.47413108171096
67.0,92.5,
67.75,92.5,
68.5,92.5,
69.25,92.5,
70.0,92.5,
70.75,92.5,
71.5,92.5,
72.25,92.5,
73.0,92.5,
73.75,92.5,
74.5,92.5,
75.25,92.5,
76.0,92.5,
76.75,92.5,
77.5,92.5,
78.25,92.5,
79.0,92.5,
79.75,92.5,
80.5,92.5,
81.25,92.5,
82.0,92.5,
82.75,92.5,
83.5,92.5,
84.25,92.5,
85.0,92.5,
85.75,92.5,
86.5,92.5,
87.25,92.5,
88.0,92.5,
88.75,92.5,
89.5,92.5,
90.25,92.5,
91.0,92.5,
91.75,92.5,
92.5,92.5,
93.25,92.5,
94.0,92.5,
94.75,92.5,
95.5,92.5,
96.25,92.5,
97.0,92.5,
97.75,92.5,
98.5,92.5,
99.25,92.5,
100.0,92.5,
100.75,92.5,
101.5,92.5,
102.25,92.5,
103.0,92.5,
103.75,92.5,
104.5,92.5,
105.25,92.5,
106.0,92.5,
106.75,92.5,
107.5,92.5,
108.25,92.5,
109.0,92.5,
109.75,92.5,
110.5,92.5,
111.25,92.5,
112.0,92.5,
112.75,92.5,
113.5,92.5,
114.25,92.5,
115.0,92.5,
115.75,92.5,
116.5,92.5,
117.25,92.5,
118.0,92.5,
118.75,92.5,
119.5,92.5,
120.25,92.5,
121.0,92.5,
121.75,92.5,
122.5,92.5,
123.25,92.5,
124.0,92.5,
124.75,92.5,
125.5,92.5,
126.25,92.5,
127.0,92.5,
127.75,92.5,
128.5,92.5,
129.25,92.5,
130.0,92.5,
130.75,92.5,
131.5,92.5,
132.25,92.5,
133.0,92.5,
133.75,92.5,
134.5,92.5,
135.25,92.5,
136.0,92.5,
136.75,92.5,
137.5,92.5,
138.25,92.5,
139.0,92.5,
139.75,92.5,
140.5,92.5,
141.25,92.5,
142.0,92.5,
142.75,92.5,
143.5,92.5,
144.25,92.5,
145.0,92.5,
145.75,92.5,
146.5,92.5,
147.25,92.5,
148.0,92.5,
148.75,92.5,
149.5,92.5,
150.25,92.5,
151.0,92.5,
151.75,92.5,
152.5,92.5,
153.25,92.5,
154.0,92.5,-93.27654867256638
154.75,92.5,-93.28519061583577
155.5,92.5,-92.1226034308779
156.25,92.5,-92.1841499162261
157.0,92.5,-92.47578907791787
157.75,92.5,-92.74930327179105
158.5,92.5,-93.18924450454044
159.25,92.5,-93.27574351025986
160.0,92.5,-92.49219421369234
160.75,92.5,-91.76149012073675
161.5,92.5,-90.42693423292766
162.25,92.5,-90.17963614470807
163.0,92.5,-89.55736135155304
163.75,92.5,-87.01582675985534
164.5,92.5,-84.15957401724314
165.25,92.5,-83.13131032577942
166.0,92.5,-83.64474237556142
166.75,92.5,-84.43095138093625
167.5,92.5,-84.69388011163663
168.25,92.5,-84.73685683466108
169.0,92.5,-84.61864680439274
169.75,92.5,-84.41287253003706
170.5,92.5,-84.5962813376629
171.25,92.5,-84.42048719591982
172.0,92.5,-84.11590284549241
172.75,92.5,-86.13572443523398
173.5,92.5,-88.23654778066476
174.25,92.5,-89.68861676208498
175.0,92.5,-91.52310449409222
175.75,92.5,-91.89909339837635
176.5,92.5,-92.09667015681352
177.25,92.5,-91.92488102226982
178.0,92.5,-91.23045361716372
178.75,92.5,-89.4731876926437
179.5,92.5,-89.91349920813536
180.25,92.5,-90.18565653504807
181.0,92.5,-89.44951749025978
181.75,92.5,-89.92557344952851
182.5,92.5,-90.51486536384692
183.25,92.5,-90.97156583383739
67.0,93.25,
67.75,93.25,
68.5,93.25,
69.25,93.25,
70.0,93.25,
70.75,93.25,
71.5,93.25,
72.25,93.25,
73.0,93.25,
73.75,93.25,
74.5,93.25,
75.25,93.25,
76.0,93.25,
76.75,93.25,
77.5,93.25,
78.25,93.25,
79.0,93.25,
79.75,93.25,
80.5,93.25,
81.25,93.25,
82.0,93.25,
82.75,93.25,
83.5,93.25,
84.25,93.25,
85.0,93.25,
85.75,93.25,
86.5,93.25,
87.25,93.25,
88.0,93.25,
88.75,93.25,
89.5,93.25,
90.25,93.25,
91.0,93.25,
91.75,93.25,
92.5,93.25,
93.25,93.25,
94.0,93.25,
94.75,93.25,
95.5,93.25,
96.25,93.25,
97.0,93.25,
97.75,93.25,
98.5,93.25,
99.25,93.25,
100.0,93.25,
100.75,93.25,
101.5,93.25,
102.25,93.25,
103.0,93.25,
103.75,93.25,
104.5,93.25,
105.25,93.25,
106.0,93.25,
106.75,93.25,
107.5,93.25,
108.25,93.25,
109.0,93.25,
109.75,93.25,
110.5,93.25,
111.25,93.25,
112.0,93.25,
112.75,93.25,
113.5,93.25,
114.25,93.25,
115.0,93.25,
115.75,93.25,
116.5,93.25,
117.25,93.25,
118.0,93.25,
118.75,93.25,
119.5,93.25,
120.25,93.25,
121.0,93.25,
121.75,93.25,
122.5,93.25,
123.25,93.25,
124.0,93.25,
124.75,93.25,
125.5,93.25,
126.25,93.25,
127.0,93.25,
127.75,93.25,
128.5,93.25,
129.25,93.25,
130.0,93.25,
130.75,93.25,
131.5,93.25,
132.25,93.25,
133.0,93.25,
133.75,93.25,
134.5,93.25,
135.25,93.25,
136.0,93.25,
136.75,93.25,
137.5,93.25,
138.25,93.25,
139.0,93.25,
139.75,93.25,
140.5,93.25,
141.25,93.25,
142.0,93.25,
142.75,93.25,
143.5,93.25,
144.25,93.25,
145.0,93.25,
145.75,93.25,
146.5,93.25,
147.25,93.25,
148.0,93.25,
148.75,93.25,
149.5,93.25,
150.25,93.25,
151.0,93.25,
151.75,93.25,
152.5,93.25,
153.25,93.25,
154.0,93.25,-93.26411764705882
154.75,93.25,-91.80884100263302
155.5,93.25,-91.04828753128749
156.25,93.25,-91.44874197216349
157.0,93.25,-91.70804067156865
157.75,93.25,-92.64927887482713
158.5,93.25,-93.21202385046847
159.25,93.25,-93.35330474400538
160.0,93.25,-92.62758222259914
160.75,93.25,-92.04306054990454
161.5,93.25,-91.16770503912286
162.25,93.25,-90.70524687372698
163.0,93.25,-88.61447453037076
163.75,93.25,-86.8864121654893
164.5,93.25,-85.49973926444692
165.25,93.25,-85.3380028602319
166.0,93.25,-84.27238494823389
166.75,93.25,-84.62612933151532
167.5,93.25,-84.75730033149301
168.25,93.25,-84.80840085444768
169.0,93.25,-83.94007829678354
169.75,93.25,-82.95164526109194
170.5,93.25,-82.87587214578791
171.25,93.25,-83.52932761087267
172.0,93.25,-83.62078853046594
172.75,93.25,-83.32579185520362
173.5,93.25,-91.01264238327701
174.25,93.25,-91.18944589001191
175.0,93.25,-91.90690342371596
175.75,93.25,-91.70092960045764
176.5,93.25,-91.17466062417286
177.25,93.25,-91.45051575441803
178.0,93.25,-90.0466635454723
178.75,93.25,-88.36709661450024
179.5,93.25,-88.86425965404864
180.25,93.25,-89.67548142444346
181.0,93.25,-89.11291437839797
181.75,93.25,-89.74856617455903
182.5,93.25,-90.50881060774717
183.25,93.25,-91.00438037451498
67.0,94.0,
67.75,94.0,
68.5,94.0,
69.25,94.0,
70.0,94.0,
70.75,94.0,
71.5,94.0,
72.25,94.0,
73.0,94.0,
73.75,94.0,
74.5,94.0,
75.25,94.0,
76.0,94.0,
76.75,94.0,
77.5,94.0,
78.25,94.0,
79.0,94.0,
79.75,94.0,
80.5,94.0,
81.25,94.0,
82.0,94.0,
82.75,94.0,
83.5,94.0,
84.25,94.0,
85.0,94.0,
85.75,94.0,
86.5,94.0,
87.25,94.0,
88.0,94.0,
88.75,94.0,
89.5,94.0,
90.25,94.0,
91.0,94.0,
91.75,94.0,
92.5,94.0,
93.25,94.0,
94.0,94.0,
94.75,94.0,
95.5,94.0,
96.25,94.0,
97.0,94.0,
97.75,94.0,
98.5,94.0,
99.25,94.0,
100.0,94.0,
100.75,94.0,
101.5,94.0,
102.25,94.0,
103.0,94.0,
103.75,94.0,
104.5,94.0,
105.25,94.0,
106.0,94.0,
106.75,94.0,
107.5,94.0,
108.25,94.0,
109.0,94.0,
109.75,94.0,
110.5,94.0,
111.25,94.0,
112.0,94.0,
112.75,94.0,
113.5,94.0,
114.25,94.0,
115.0,94.0,
115.75,94.0,
116.5,94.0,
117.25,94.0,
118.0,94.0,
118.75,94.0,
119.5,94.0,
120.25,94.0,
121.0,94.0,
121.75,94.0,
122.5,94.0,
123.25,94.0,
124.0,94.0,
124.75,94.0,
125.5,94.0,
126.25,94.0,
127.0,94.0,
127.75,94.0,
128.5,94.0,
129.25,94.0,
130.0,94.0,
130.75,94.0,
131.5,94.0,
132.25,94.0,
133.0,94.0,
133.75,94.0,
134.5,94.0,
135.25,94.0,
136.0,94.0,
136.75,94.0,
137.5,94.0,
138.25,94.0,
139.0,94.0,
139.75,94.0,
140.5,94.0,
141.25,94.0,
142.0,94.0,
142.75,94.0,
143.5,94.0,
144.25,94.0,
145.0,94.0,
145.75,94.0,
146.5,94.0,
147.25,94.0,
148.0,94.0,
148.75,94.0,
149.5,94.0,
150.25,94.0,
151.0,94.0,
151.75,94.0,
152.5,94.0,
153.25,94.0,-93.24999999999999
154.0,94.0,-90.10833333333332
154.75,94.0,-90.36434441318768
155.5,94.0,-90.74204620841064
156.25,94.0,-90.8876949307404
157.0,94.0,-91.37727807172251
157.75,94.0,-91.94052498617354
158.5,94.0,-92.6037489938765
159.25,94.0,-92.57229313378784
160.0,94.0,-92.00949367088606
160.75,94.0,-91.42966082801934
161.5,94.0,-91.29110598143168
162.25,94.0,-90.60889687121288
163.0,94.0,-89.97264411460131
163.75,94.0,-88.21239039409642
164.5,94.0,-87.10795229646887
165.25,94.0,-86.35459952460158
166.0,94.0,-85.89631336405532
166.75,94.0,-84.90324272988072
167.5,94.0,-84.91684600410798
168.25,94.0,-83.83000143692337
169.0,94.0,-82.85254988913525
169.75,94.0,-82.84716082698654
170.5,94.0,-83.24742268041236
171.25,94.0,-83.10503282275711
172.0,94.0,-83.66666666666669
172.75,94.0,
173.5,94.0,-86.3974358974359
174.25,94.0,-91.30567818392326
175.0,94.0,-91.40636704119851
175.75,94.0,-91.06860095335064
176.5,94.0,-90.91588100920026
177.25,94.0,-91.02478719696725
178.0,94.0,-90.23279158699808
178.75,94.0,-89.59638619810956
179.5,94.0,-89.79016599630539
180.25,94.0,-90.23300381868724
181.0,94.0,-90.30929264909845
181.75,94.0,-90.50847213881383
182.5,94.0,-90.88364217614067
183.25,94.0,-90.36385744302957
67.0,94.75,
67.75,94.75,
68.5,94.75,
69.25,94.75,
70.0,94.75,
70.75,94.75,
71.5,94.75,
72.25,94.75,
73.0,94.75,
73.75,94.75,
74.5,94.75,
75.25,94.75,
76.0,94.75,
76.75,94.75,
77.5,94.75,
78.25,94.75,
79.0,94.75,
79.75,94.75,
80.5,94.75,
81.25,94.75,
82.0,94.75,
82.75,94.75,
83.5,94.75,
84.25,94.75,
85.0,94.75,
85.75,94.75,
86.5,94.75,
87.25,94.75,
88.0,94.75,
88.75,94.75,
89.5,94.75,
90.25,94.75,
91.0,94.75,
91.75,94.75,
92.5,94.75,
93.25,94.75,
94.0,94.75,
94.75,94.75,
95.5,94.75,
96.25,94.75,
97.0,94.75,
97.75,94.75,
98.5,94.75,
99.25,94.75,
100.0,94.75,
100.75,94.75,
101.5,94.75,
102.25,94.75,
103.0,94.75,
103.75,94.75,
104.5,94.75,
105.25,94.75,
106.0,94.75,
106.75,94.75,
107.5,94.75,
108.25,94.75,
109.0,94.75,
109.75,94.75,
110.5,94.75,
111.25,94.75,
112.0,94.75,
112.75,94.75,
113.5,94.75,
114.25,94.75,
115.0,94.75,
115.75,94.75,
116.5,94.75,
117.25,94.75,
118.0,94.75,
118.75,94.75,
119.5,94.75,
120.25,94.75,
121.0,94.75,
121.75,94.75,
122.5,94.75,
123.25,94.75,
124.0,94.75,
124.75,94.75,
125.5,94.75,
126.25,94.75,
127.0,94.75,
127.75,94.75,
128.5,94.75,
129.25,94.75,
130.0,94.75,
130.75,94.75,
131.5,94.75,
132.25,94.75,
133.0,94.75,
133.75,94.75,
134.5,94.75,
135.25,94.75,
136.0,94.75,
136.75,94.75,
137.5,94.75,
138.25,94.75,
139.0,94.75,
139.75,94.75,
140.5,94.75,
141.25,94.75,
142.0,94.75,
142.75,94.75,
143.5,94.75,
144.25,94.75,
145.0,94.75,
145.75,94.75,
146.5,94.75,
147.25,94.75,
148.0,94.75,
148.75,94.75,
149.5,94.75,
150.25,94.75,
151.0,94.75,
151.75,94.75,
152.5,94.75,
153.25,94.75,-88.93869731800766
154.0,94.75,-89.72468536125432
154.75,94.75,-89.92196545284781
155.5,94.75,-90.78475201795308
156.25,94.75,-91.03332088193368
157.0,94.75,-90.89489808641672
157.75,94.75,-91.54706477340305
158.5,94.75,-92.59211916485044
159.25,94.75,-92.76082517559615
160.0,94.75,-91.61848640314375
160.75,94.75,-91.02028970892384
161.5,94.75,-90.97691787807759
162.25,94.75,-90.940345699882
163.0,94.75,-90.05299336631907
163.75,94.75,-88.62507002663506
164.5,94.75,-87.77714126674259
165.25,94.75,-87.0271670418245
166.0,94.75,-86.07798175743785
166.75,94.75,-85.57706851910278
167.5,94.75,-84.24657165861797
168.25,94.75,-82.63480370814636
169.0,94.75,-81.74362621010033
169.75,94.75,-83.4343891402715
170.5,94.75,-83.2920892494929
171.25,94.75,
172.0,94.75,
172.75,94.75,
173.5,94.75,-86.54371584699454
174.25,94.75,-86.70253164556962
175.0,94.75,-90.0859325972135
175.75,94.75,-90.45040493486194
176.5,94.75,-91.55315216578313
177.25,94.75,-91.01178972083453
178.0,94.75,-90.69852436799867
178.75,94.75,-90.54235526589558
179.5,94.75,-90.6263362627278
180.25,94.75,-90.88077965612601
181.0,94.75,-90.98311317147896
181.75,94.75,-91.01050555224677
182.5,94.75,-90.73823832123938
183.25,94.75,-90.80629675983718
67.0,95.5,
67.75,95.5,
68.5,95.5,
69.25,95.5,
70.0,95.5,
70.75,95.5,
71.5,95.5,
72.25,95.5,
73.0,95.5,
73.75,95.5,
74.5,95.5,
75.25,95.5,
76.0,95.5,
76.75,95.5,
77.5,95.5,
78.25,95.5,
79.0,95.5,
79.75,95.5,
80.5,95.5,
81.25,95.5,
82.0,95.5,
82.75,95.5,
83.5,95.5,
84.25,95.5,
85.0,95.5,
85.75,95.5,
86.5,95.5,
87.25,95.5,
88.0,95.5,
88.75,95.5,
89.5,95.5,
90.25,95.5,
91.0,95.5,
91.75,95.5,
92.5,95.5,
93.25,95.5,
94.0,95.5,
94.75,95.5,
95.5,95.5,
96.25,95.5,
97.0,95.5,
97.75,95.5,
98.5,95.5,
99.25,95.5,
100.0,95.5,
100.75,95.5,
101.5,95.5,
102.25,95.5,
103.0,95.5,
103.75,95.5,
104.5,95.5,
105.25,95.5,
106.0,95.5,
106.75,95.5,
107.5,95.5,
108.25,95.5,
109.0,95.5,
109.75,95.5,
110.5,95.5,
111.25,95.5,
112.0,95.5,
112.75,95.5,
113.5,95.5,
114.25,95.5,
115.0,95.5,
115.75,95.5,
116.5,95.5,
117.25,95.5,
118.0,95.5,
118.75,95.5,
119.5,95.5,
120.25,95.5,
121.0,95.5,
121.75,95.5,
122.5,95.5,
123.25,95.5,
124.0,95.5,
124.75,95.5,
125.5,95.5,
126.25,95.5,
127.0,95.5,
127.75,95.5,
128.5,95.5,
129.25,95.5,
130.0,95.5,
130.75,95.5,
131.5,95.5,
132.25,95.5,
133.0,95.5,
133.75,95.5,
134.5,95.5,
135.25,95.5,
136.0,95.5,
136.75,95.5,
137.5,95.5,
138.25,95.5,
139.0,95.5,
139.75,95.5,
140.5,95.5,
141.25,95.5,
142.0,95.5,
142.75,95.5,
143.5,95.5,
144.25,95.5,
145.0,95.5,
145.75,95.5,
146.5,95.5,
147.25,95.5,
148.0,95.5,
148.75,95.5,
149.5,95.5,
150.25,95.5,
151.0,95.5,
151.75,95.5,
152.5,95.5,
153.25,95.5,-88.08055640336755
154.0,95.5,-89.26252602825357
154.75,95.5,-90.78071828579569
155.5,95.5,-90.33083749957235
156.25,95.5,-90.50060152772826
157.0,95.5,-90.7575115178329
157.75,95.5,-90.72436550128778
158.5,95.5,-91.94710939446799
159.25,95.5,-92.10643474927528
160.0,95.5,-91.0382364577495
160.75,95.5,-90.78655829663376
161.5,95.5,-90.66256861090382
162.25,95.5,-90.47511392183209
163.0,95.5,-90.56067473064525
163.75,95.5,-88.96806439775403
164.5,95.5,-88.20866604831187
165.25,95.5,-87.02383145738014
166.0,95.5,-86.53037495529273
166.75,95.5,-86.18783356293982
167.5,95.5,-81.51063829787233
168.25,95.5,-81.68408551068885
169.0,95.5,
169.75,95.5,
170.5,95.5,
171.25,95.5,
172.0,95.5,
172.75,95.5,
173.5,95.5,
174.25,95.5,
175.0,95.5,
175.75,95.5,-91.2089276736386
176.5,95.5,-91.49531214462488
177.25,95.5,-91.33533197349666
178.0,95.5,-91.21438653076187
178.75,95.5,-91.18967094416394
179.5,95.5,-91.08217603484667
180.25,95.5,-91.2071104089966
181.0,95.5,-91.15788258374471
181.75,95.5,-91.46158441528509
182.5,95.5,-91.63150163677568
183.25,95.5,-91.78384905836727
67.0,96.25,
67.75,96.25,
68.5,96.25,
69.25,96.25,
70.0,96.25,
70.75,96.25,
71.5,96.25,
72.25,96.25,
73.0,96.25,
73.75,96.25,
74.5,96.25,
75.25,96.25,
76.0,96.25,
76.75,96.25,
77.5,96.25,
78.25,96.25,
79.0,96.25,
79.75,96.25,
80.5,96.25,
81.25,96.25,
82.0,96.25,
82.75,96.25,
83.5,96.25,
84.25,96.25,
85.0,96.25,
85.75,96.25,
86.5,96.25,
87.25,96.25,
88.0,96.25,
88.75,96.25,
89.5,96.25,
90.25,96.25,
91.0,96.25,
91.75,96.25,
92.5,96.25,
93.25,96.25,
94.0,96.25,
94.75,96.25,
95.5,96.25,
96.25,96.25,
97.0,96.25,
97.75,96.25,
98.5,96.25,
99.25,96.25,
100.0,96.25,
100.75,96.25,
101.5,96.25,
102.25,96.25,
103.0,96.25,
103.75,96.25,
104.5,96.25,
105.25,96.25,
106.0,96.25,
106.75,96.25,
107.5,96.25,
108.25,96.25,
109.0,96.25,
109.75,96.25,
110.5,96.25,
111.25,96.25,
112.0,96.25,
112.75,96.25,
113.5,96.25,
114.25,96.25,
115.0,96.25,
115.75,96.25,
116.5,96.25,
117.25,96.25,
118.0,96.25,
118.75,96.25,
119.5,96.25,
120.25,96.25,
121.0,96.25,
121.75,96.25,
122.5,96.25,
123.25,96.25,
124.0,96.25,
124.75,96.25,
125.5,96.25,
126.25,96.25,
127.0,96.25,
127.75,96.25,
128.5,96.25,
129.25,96.25,
130.0,96.25,
130.75,96.25,
131.5,96.25,
132.25,96.25,
133.0,96.25,
133.75,96.25,
134.5,96.25,
135.25,96.25,
136.0,96.25,
136.75,96.25,
137.5,96.25,
138.25,96.25,
139.0,96.25,
139.75,96.25,
140.5,96.25,
141.25,96.25,
142.0,96.25,
142.75,96.25,
143.5,96.25,
144.25,96.25,
145.0,96.25,
145.75,96.25,
146.5,96.25,
147.25,96.25,
148.0,96.25,
148.75,96.25,
149.5,96.25,
150.25,96.25,
151.0,96.25,
151.75,96.25,
152.5,96.25,
153.25,96.25,-87.77052275242498
154.0,96.25,-90.5963492445498
154.75,96.25,-90.4433146040894
155.5,96.25,-90.31294062305896
156.25,96.25,-90.24466550015823
157.0,96.25,-89.69554192790845
157.75,96.25,-89.4843619226586
158.5,96.25,-89.09396923199483
159.25,96.25,-89.21431358915032
160.0,96.25,-89.6676417935624
160.75,96.25,-89.29179073099962
161.5,96.25,-89.3623070761335
162.25,96.25,-89.81052859034385
163.0,96.25,-90.12588393895665
163.75,96.25,-88.93991985967648
164.5,96.25,-88.6384247156518
165.25,96.25,-87.36946616524897
166.0,96.25,-85.43023897210162
166.75,96.25,-85.0100416686448
167.5,96.25,-81.38945233265719
168.25,96.25,
169.0,96.25,
169.75,96.25,
170.5,96.25,
171.25,96.25,
172.0,96.25,
172.75,96.25,
173.5,96.25,
174.25,96.25,
175.0,96.25,
175.75,96.25,-90.62836425382295
176.5,96.25,-90.48700984693862
177.25,96.25,-90.60518327229398
178.0,96.25,-90.79383577370658
178.75,96.25,-91.49597344060727
179.5,96.25,-91.72551073857548
180.25,96.25,-91.95958506465882
181.0,96.25,-91.99946944112521
181.75,96.25,-91.9547500414994
182.5,96.25,-92.37523434368215
183.25,96.25,-92.60569337693398
67.0,97.0,
67.75,97.0,
68.5,97.0,
69.25,97.0,
70.0,97.0,
70.75,97.0,
71.5,97.0,
72.25,97.0,
73.0,97.0,
73.75,97.0,
74.5,97.0,
75.25,97.0,
76.0,97.0,
76.75,97.0,
77.5,97.0,
78.25,97.0,
79.0,97.0,
79.75,97.0,
80.5,97.0,
81.25,97.0,
82.0,97.0,
82.75,97.0,
83.5,97.0,
84.25,97.0,
85.0,97.0,
85.75,97.0,
86.5,97.0,
87.25,97.0,
88.0,97.0,
88.75,97.0,
89.5,97.0,
90.25,97.0,
91.0,97.0,
91.75,97.0,
92.5,97.0,
93.25,97.0,
94.0,97.0,
94.75,97.0,
95.5,97.0,
96.25,97.0,
97.0,97.0,
97.75,97.0,
98.5,97.0,
99.25,97.0,
100.0,97.0,
100.75,97.0,
101.5,97.0,
102.25,97.0,
103.0,97.0,
103.75,97.0,
104.5,97.0,
105.25,97.0,
106.0,97.0,
106.75,97.0,
107.5,97.0,
108.25,97.0,
109.0,97.0,
109.75,97.0,
110.5,97.0,
111.25,97.0,
112.0,97.0,
112.75,97.0,
113.5,97.0,
114.25,97.0,
115.0,97.0,
115.75,97.0,
116.5,97.0,
117.25,97.0,
118.0,97.0,
118.75,97.0,
119.5,97.0,
120.25,97.0,
121.0,97.0,
121.75,97.0,
122.5,97.0,
123.25,97.0,
124.0,97.0,
124.75,97.0,
125.5,97.0,
126.25,97.0,
127.0,97.0,
127.75,97.0,
128.5,97.0,
129.25,97.0,
130.0,97.0,
130.75,97.0,
131.5,97.0,
132.25,97.0,
133.0,97.0,
133.75,97.0,
134.5,97.0,
135.25,97.0,
136.0,97.0,
136.75,97.0,
137.5,97.0,
138.25,97.0,
139.0,97.0,
139.75,97.0,
140.5,97.0,
141.25,97.0,
142.0,97.0,
142.75,97.0,
143.5,97.0,
144.25,97.0,
145.0,97.0,
145.75,97.0,
146.5,97.0,
147.25,97.0,
148.0,97.0,
148.75,97.0,
149.5,97.0,
150.25,97.0,
151.0,97.0,
151.75,97.0,
152.5,97.0,
153.25,97.0,-88.58698353952401
154.0,97.0,-90.04978863316109
154.75,97.0,-90.09727296936076
155.5,97.0,-89.78032792448631
156.25,97.0,-89.16215699080732
157.0,97.0,-89.14285714285714
157.75,97.0,-88.77114444575408
158.5,97.0,-87.72100122100122
159.25,97.0,-87.24125244640189
160.0,97.0,-88.66091954022986
160.75,97.0,-88.11500970589528
161.5,97.0,-88.42365751926096
162.25,97.0,-89.35459495570558
163.0,97.0,-89.9065934065934
163.75,97.0,-89.97114135485761
164.5,97.0,-90.13927119858516
165.25,97.0,-89.35046728971962
166.0,97.0,-89.38888888888889
166.75,97.0,
167.5,97.0,
168.25,97.0,
169.0,97.0,
169.75,97.0,
170.5,97.0,
171.25,97.0,
172.0,97.0,
172.75,97.0,
173.5,97.0,
174.25,97.0,
175.0,97.0,-88.0
175.75,97.0,-90.74432666431535
176.5,97.0,-90.86182123049143
177.25,97.0,-90.83387838010012
178.0,97.0,-91.09800609117731
178.75,97.0,-91.84023606326204
179.5,97.0,-92.17784944997982
180.25,97.0,-92.26152635413762
181.0,97.0,-92.49999999999922
181.75,97.0,-92.21571347258019
182.5,97.0,-92.88939683367435
183.25,97.0,-93.32886474443431
67.0,97.75,
67.75,97.75,
68.5,97.75,
69.25,97.75,
70.0,97.75,
70.75,97.75,
71.5,97.75,
72.25,97.75,
73.0,97.75,
73.75,97.75,
74.5,97.75,
75.25,97.75,
76.0,97.75,
76.75,97.75,
77.5,97.75,
78.25,97.75,
79.0,97.75,
79.75,97.75,
80.5,97.75,
81.25,97.75,
82.0,97.75,
82.75,97.75,
83.5,97.75,
84.25,97.75,
85.0,97.75,
85.75,97.75,
86.5,97.75,
87.25,97.75,
88.0,97.75,
88.75,97.75,
89.5,97.75,
90.25,97.75,
91.0,97.75,
91.75,97.75,
92.5,97.75,
93.25,97.75,
94.0,97.75,
94.75,97.75,
95.5,97.75,
96.25,97.75,
97.0,97.75,
97.75,97.75,
98.5,97.75,
99.25,97.75,
100.0,97.75,
100.75,97.75,
101.5,97.75,
102.25,97.75,
103.0,97.75,
103.75,97.75,
104.5,97.75,
105.25,97.75,
106.0,97.75,
106.75,97.75,
107.5,97.75,
108.25,97.75,
109.0,97.75,
109.75,97.75,
110.5,97.75,
111.25,97.75,
112.0,97.75,
112.75,97.75,
113.5,97.75,
114.25,97.75,
115.0,97.75,
115.75,97.75,
116.5,97.75,
117.25,97.75,
118.0,97.75,
118.75,97.75,
119.5,97.75,
120.25,97.75,
121.0,97.75,
121.75,97.75,
122.5,97.75,
123.25,97.75,
124.0,97.75,
124.75,97.75,
125.5,97.75,
126.25,97.75,
127.0,97.75,
127.75,97.75,
128.5,97.75,
129.25,97.75,
130.0,97.75,
130.75,97.75,
131.5,97.75,
132.25,97.75,
133.0,97.75,
133.75,97.75,
134.5,97.75,
135.25,97.75,
136.0,97.75,
136.75,97.75,
137.5,97.75,
138.25,97.75,
139.0,97.75,
139.75,97.75,
140.5,97.75,
141.25,97.75,
142.0,97.75,
142.75,97.75,
143.5,97.75,
144.25,97.75,
145.0,97.75,
145.75,97.75,
146.5,97.75,
147.25,97.75,
148.0,97.75,
148.75,97.75,
149.5,97.75,
150.25,97.75,
151.0,97.75,
151.75,97.75,
152.5,97.75,-86.39026321785784
153.25,97.75,-87.89161262115553
154.0,97.75,-88.52994549014345
154.75,97.75,-88.49465735157553
155.5,97.75,-89.03620080149209
156.25,97.75,-88.42901713754591
157.0,97.75,-88.3463860856441
157.75,97.75,-89.04782369846066
158.5,97.75,-89.10668154085783
159.25,97.75,-89.11351441121009
160.0,97.75,-89.37202749029599
160.75,97.75,-88.94049256887006
161.5,97.75,-88.91431300750143
162.25,97.75,-89.38791569126194
163.0,97.75,-89.7595094585392
163.75,97.75,-89.99131579402695
164.5,97.75,-89.76188133338417
165.25,97.75,-89.26271186440678
166.0,97.75,-89.31935483870969
166.75,97.75,
167.5,97.75,
168.25,97.75,
169.0,97.75,
169.75,97.75,
170.5,97.75,
171.25,97.75,
172.0,97.75,
172.75,97.75,
173.5,97.75,
174.25,97.75,
175.0,97.75,
175.75,97.75,-90.76174637937312
176.5,97.75,-90.07680670498347
177.25,97.75,-90.35968526293135
178.0,97.75,-91.57656122860209
178.75,97.75,-91.60265627007371
179.5,97.75,-92.03188723515818
180.25,97.75,-92.39558360969055
181.0,97.75,-92.42833063039515
181.75,97.75,-91.85325219330642
182.5,97.75,-91.26152288624048
183.25,97.75,-91.18437578223929
67.0,98.5,
67.75,98.5,
68.5,98.5,
69.25,98.5,
70.0,98.5,
70.75,98.5,
71.5,98.5,
72.25,98.5,
73.0,98.5,
73.75,98.5,
74.5,98.5,
75.25,98.5,
76.0,98.5,
76.75,98.5,
77.5,98.5,
78.25,98.5,
79.0,98.5,
79.75,98.5,
80.5,98.5,
81.25,98.5,
82.0,98.5,
82.75,98.5,
83.5,98.5,
84.25,98.5,
85.0,98.5,
85.75,98.5,
86.5,98.5,
87.25,98.5,
88.0,98.5,
88.75,98.5,
89.5,98.5,
90.25,98.5,
91.0,98.5,
91.75,98.5,
92.5,98.5,
93.25,98.5,
94.0,98.5,
94.75,98.5,
95.5,98.5,
96.25,98.5,
97.0,98.5,
97.75,98.5,
98.5,98.5,
99.25,98.5,
100.0,98.5,
100.75,98.5,
101.5,98.5,
102.25,98.5,
103.0,98.5,
103.75,98.5,
104.5,98.5,
105.25,98.5,
106.0,98.5,
106.75,98.5,
107.5,98.5,
108.25,98.5,
109.0,98.5,
109.75,98.5,
110.5,98.5,
111.25,98.5,
112.0,98.5,
112.75,98.5,
113.5,98.5,
114.25,98.5,
115.0,98.5,
115.75,98.5,
116.5,98.5,
117.25,98.5,
118.0,98.5,
118.75,98.5,
119.5,98.5,
120.25,98.5,
121.0,98.5,
121.75,98.5,
122.5,98.5,
123.25,98.5,
124.0,98.5,
124.75,98.5,
125.5,98.5,
126.25,98.5,
127.0,98.5,
127.75,98.5,
128.5,98.5,
129.25,98.5,
130.0,98.5,
130.75,98.5,
131.5,98.5,
132.25,98.5,
133.0,98.5,
133.75,98.5,
134.5,98.5,
135.25,98.5,
136.0,98.5,
136.75,98.5,
137.5,98.5,
138.25,98.5,
139.0,98.5,
139.75,98.5,
140.5,98.5,
141.25,98.5,
142.0,98.5,
142.75,98.5,
143.5,98.5,
144.25,98.5,
145.0,98.5,
145.75,98.5,
146.5,98.5,
147.25,98.5,
148.0,98.5,
148.75,98.5,
149.5,98.5,
150.25,98.5,
151.0,98.5,
151.75,98.5,-86.00161933182268
152.5,98.5,-86.21481481481482
153.25,98.5,-87.98150241186038
154.0,98.5,-88.11648749881444
154.75,98.5,-88.13901471262294
155.5,98.5,-87.80832234840025
156.25,98.5,-87.23324667026984
157.0,98.5,-86.14819725674391
157.75,98.5,-88.5579594123485
158.5,98.5,-92.27979568671967
159.25,98.5,-93.2698235153101
160.0,98.5,-91.14944720024025
160.75,98.5,-89.84059304895104
161.5,98.5,-89.84015732372893
162.25,98.5,-89.84815575070769
163.0,98.5,-89.97858007386795
163.75,98.5,-90.10367828210003
164.5,98.5,-89.8529579206907
165.25,98.5,-89.2037037037037
166.0,98.5,
166.75,98.5,
167.5,98.5,
168.25,98.5,
169.0,98.5,
169.75,98.5,
170.5,98.5,
171.25,98.5,
172.0,98.5,
172.75,98.5,
173.5,98.5,
174.25,98.5,
175.0,98.5,
175.75,98.5,-89.68994643572965
176.5,98.5,-89.99738421626067
177.25,98.5,-90.02412532886821
178.0,98.5,-90.02983639079663
178.75,98.5,-91.34673656098632
179.5,98.5,-92.09075383082687
180.25,98.5,-93.19117911297971
181.0,98.5,-94.01397276180569
181.75,98.5,-91.79696237135845
182.5,98.5,-87.4298996496958
183.25,98.5,-85.9500335993143
67.0,99.25,
67.75,99.25,
68.5,99.25,
69.25,99.25,
70.0,99.25,
70.75,99.25,
71.5,99.25,
72.25,99.25,
73.0,99.25,
73.75,99.25,
74.5,99.25,
75.25,99.25,
76.0,99.25,
76.75,99.25,
77.5,99.25,
78.25,99.25,
79.0,99.25,
79.75,99.25,
80.5,99.25,
81.25,99.25,
82.0,99.25,
82.75,99.25,
83.5,99.25,
84.25,99.25,
85.0,99.25,
85.75,99.25,
86.5,99.25,
87.25,99.25,
88.0,99.25,
88.75,99.25,
89.5,99.25,
90.25,99.25,
91.0,99.25,
91.75,99.25,
92.5,99.25,
93.25,99.25,
94.0,99.25,
94.75,99.25,
95.5,99.25,
96.25,99.25,
97.0,99.25,
97.75,99.25,
98.5,99.25,
99.25,99.25,
100.0,99.25,
100.75,99.25,
101.5,99.25,
102.25,99.25,
103.0,99.25,
103.75,99.25,
104.5,99.25,
105.25,99.25,
106.0,99.25,
106.75,99.25,
107.5,99.25,
108.25,99.25,
109.0,99.25,
109.75,99.25,
110.5,99.25,
111.25,99.25,
112.0,99.25,
112.75,99.25,
113.5,99.25,
114.25,99.25,
115.0,99.25,
115.75,99.25,
116.5,99.25,
117.25,99.25,
118.0,99.25,
118.75,99.25,
119.5,99.25,
120.25,99.25,
121.0,99.25,
121.75,99.25,
122.5,99.25,
123.25,99.25,
124.0,99.25,
124.75,99.25,
125.5,99.25,
126.25,99.25,
127.0,99.25,
127.75,99.25,
128.5,99.25,
129.25,99.25,
130.0,99.25,
130.75,99.25,
131.5,99.25,
132.25,99.25,
133.0,99.25,
133.75,99.25,
134.5,99.25,
135.25,99.25,
136.0,99.25,
136.75,99.25,
137.5,99.25,
138.25,99.25,
139.0,99.25,
139.75,99.25,
140.5,99.25,
141.25,99.25,
142.0,99.25,
142.75,99.25,
143.5,99.25,
144.25,99.25,
145.0,99.25,
145.75,99.25,
146.5,99.25,
147.25,99.25,
148.0,99.25,
148.75,99.25,
149.5,99.25,
150.25,99.25,
151.0,99.25,
151.75,99.25,-85.75031776797395
152.5,99.25,-86.5109379421559
153.25,99.25,-87.62216399151527
154.0,99.25,-88.27889235222086
154.75,99.25,-88.50891009043198
155.5,99.25,-88.3691607194152
156.25,99.25,-87.36439542705031
157.0,99.25,-85.4342862704368
157.75,99.25,-88.72872860577439
158.5,99.25,-93.23372163756113
159.25,99.25,-94.34676230057649
160.0,99.25,-92.23728987111188
160.75,99.25,-90.89926790243592
161.5,99.25,-89.93635616109795
162.25,99.25,-89.67347670902873
163.0,99.25,-90.23489391924056
163.75,99.25,-89.97056964779082
164.5,99.25,-89.98604407360884
165.25,99.25,
166.0,99.25,
166.75,99.25,
167.5,99.25,
168.25,99.25,
169.0,99.25,
169.75,99.25,
170.5,99.25,
171.25,99.25,
172.0,99.25,
172.75,99.25,
173.5,99.25,-88.48542805100182
174.25,99.25,-88.4324894514768
175.0,99.25,-87.1134650906046
175.75,99.25,-89.92418644024049
176.5,99.25,-89.85690817741694
177.25,99.25,-89.97507140582812
178.0,99.25,-89.36306382360229
178.75,99.25,-89.97198496984119
179.5,99.25,-91.1074069952349
180.25,99.25,-93.13812074712595
181.0,99.25,-94.70346917148366
181.75,99.25,-91.91161131434633
182.5,99.25,-86.04157990565784
183.25,99.25,-84.6214234103871
67.0,100.0,
67.75,100.0,
68.5,100.0,
69.25,100.0,
70.0,100.0,
70.75,100.0,
71.5,100.0,
72.25,100.0,
73.0,100.0,
73.75,100.0,
74.5,100.0,
75.25,100.0,
76.0,100.0,
76.75,100.0,
77.5,100.0,
78.25,100.0,
79.0,100.0,
79.75,100.0,
80.5,100.0,
81.25,100.0,
82.0,100.0,
82.75,100.0,
83.5,100.0,
84.25,100.0,
85.0,100.0,
85.75,100.0,
86.5,100.0,
87.25,100.0,
88.0,100.0,
88.75,100.0,
89.5,100.0,
90.25,100.0,
91.0,100.0,
91.75,100.0,
92.5,100.0,
93.25,100.0,
94.0,100.0,
94.75,100.0,
95.5,100.0,
96.25,100.0,
97.0,100.0,
97.75,100.0,
98.5,100.0,
99.25,100.0,
100.0,100.0,
100.75,100.0,
101.5,100.0,
102.25,100.0,
103.0,100.0,
103.75,100.0,
104.5,100.0,
105.25,100.0,
106.0,100.0,
106.75,100.0,
107.5,100.0,
108.25,100.0,
109.0,100.0,
109.75,100.0,
110.5,100.0,
111.25,100.0,
112.0,100.0,
112.75,100.0,
113.5,100.0,
114.25,100.0,
115.0,100.0,
115.75,100.0,
116.5,100.0,
117.25,100.0,
118.0,100.0,
118.75,100.0,
119.5,100.0,
120.25,100.0,
121.0,100.0,
121.75,100.0,
122.5,100.0,
123.25,100.0,
124.0,100.0,
124.75,100.0,
125.5,100.0,
126.25,100.0,
127.0,100.0,
127.75,100.0,
128.5,100.0,
129.25,100.0,
130.0,100.0,
130.75,100.0,
131.5,100.0,
132.25,100.0,
133.0,100.0,
133.75,100.0,
134.5,100.0,
135.25,100.0,
136.0,100.0,
136.75,100.0,
137.5,100.0,
138.25,100.0,
139.0,100.0,
139.75,100.0,
140.5,100.0,
141.25,100.0,
142.0,100.0,
142.75,100.0,
143.5,100.0,
144.25,100.0,
145.0,100.0,
145.75,100.0,
146.5,100.0,
147.25,100.0,
148.0,100.0,
148.75,100.0,
149.5,100.0,
150.25,100.0,-86.61703107454372
151.0,100.0,-81.7037037037037
151.75,100.0,-85.40897473297576
152.5,100.0,-86.15286475495667
153.25,100.0,-87.13298727326428
154.0,100.0,-87.54545454545455
154.75,100.0,-88.54464258095405
155.5,100.0,-89.36444450879188
156.25,100.0,-90.0512877038997
157.0,100.0,-90.41611624834873
157.75,100.0,-91.02100169535267
158.5,100.0,-91.65121801746591
159.25,100.0,-91.818333015756
160.0,100.0,-91.5
160.75,100.0,-91.01152438341795
161.5,100.0,-90.59554780299564
162.25,100.0,-89.87819093860134
163.0,100.0,-90.20350738824838
163.75,100.0,-90.13054354875206
164.5,100.0,-90.59322033898303
165.25,100.0,
166.0,100.0,
166.75,100.0,
167.5,100.0,
168.25,100.0,
169.0,100.0,
169.75,100.0,
170.5,100.0,
171.25,100.0,
172.0,100.0,
172.75,100.0,
173.5,100.0,-88.53418803418803
174.25,100.0,-88.88471883215458
175.0,100.0,-88.70037453183521
175.75,100.0,-89.37641156494125
176.5,100.0,-89.48146670565602
177.25,100.0,-89.2516585050411
178.0,100.0,-88.79928131416838
178.75,100.0,-88.74557987092167
179.5,100.0,-89.45622308492882
180.25,100.0,-91.15414840827314
181.0,100.0,-92.09342915811087
181.75,100.0,-90.6081747344858
182.5,100.0,-87.83198485527406
183.25,100.0,-86.67030673830195
67.0,100.75,
67.75,100.75,
68.5,100.75,
69.25,100.75,
70.0,100.75,
70.75,100.75,
71.5,100.75,
72.25,100.75,
73.0,100.75,
73.75,100.75,
74.5,100.75,
75.25,100.75,
76.0,100.75,
76.75,100.75,
77.5,100.75,
78.25,100.75,
79.0,100.75,
79.75,100.75,
80.5,100.75,
81.25,100.75,
82.0,100.75,
82.75,100.75,
83.5,100.75,
84.25,100.75,
85.0,100.75,
85.75,100.75,
86.5,100.75,
87.25,100.75,
88.0,100.75,
88.75,100.75,
89.5,100.75,
90.25,100.75,
91.0,100.75,
91.75,100.75,
92.5,100.75,
93.25,100.75,
94.0,100.75,
94.75,100.75,
95.5,100.75,
96.25,100.75,
97.0,100.75,
97.75,100.75,
98.5,100.75,
99.25,100.75,
100.0,100.75,
100.75,100.75,
101.5,100.75,
102.25,100.75,
103.0,100.75,
103.75,100.75,
104.5,100.75,
105.25,100.75,
106.0,100.75,
106.75,100.75,
107.5,100.75,
108.25,100.75,
109.0,100.75,
109.75,100.75,
110.5,100.75,
111.25,100.75,
112.0,100.75,
112.75,100.75,
113.5,100.75,
114.25,100.75,
115.0,100.75,
115.75,100.75,
116.5,100.75,
117.25,100.75,
118.0,100.75,
118.75,100.75,
119.5,100.75,
120.25,100.75,
121.0,100.75,
121.75,100.75,
122.5,100.75,
123.25,100.75,
124.0,100.75,
124.75,100.75,
125.5,100.75,
126.25,100.75,
127.0,100.75,
127.75,100.75,
128.5,100.75,
129.25,100.75,
130.0,100.75,
130.75,100.75,
131.5,100.75,
132.25,100.75,
133.0,100.75,
133.75,100.75,
134.5,100.75,
135.25,100.75,
136.0,100.75,
136.75,100.75,
137.5,100.75,
138.25,100.75,
139.0,100.75,
139.75,100.75,
140.5,100.75,
141.25,100.75,
142.0,100.75,
142.75,100.75,
143.5,100.75,
144.25,100.75,
145.0,100.75,
145.75,100.75,
146.5,100.75,
147.25,100.75,
148.0,100.75,
148.75,100.75,
149.5,100.75,-88.20514304553281
150.25,100.75,-86.85955382580028
151.0,100.75,-85.53433560062302
151.75,100.75,-85.71996152241078
152.5,100.75,-85.63681102301872
153.25,100.75,-85.99646673416079
154.0,100.75,-86.2779647388281
154.75,100.75,-87.23554907291266
155.5,100.75,-89.74466213715124
156.25,100.75,-92.83143468865822
157.0,100.75,-95.50759784740653
157.75,100.75,-92.81714302254456
158.5,100.75,-90.68217262065214
159.25,100.75,-90.22059610415118
160.0,100.75,-90.84261837998464
160.75,100.75,-90.85264212266239
161.5,100.75,-90.69260582522006
162.25,100.75,-90.50172333666215
163.0,100.75,-90.25462539916015
163.75,100.75,-90.79276686272055
164.5,100.75,-90.73341212051528
165.25,100.75,
166.0,100.75,
166.75,100.75,
167.5,100.75,
168.25,100.75,
169.0,100.75,
169.75,100.75,
170.5,100.75,
171.25,100.75,
172.0,100.75,
172.75,100.75,
173.5,100.75,-89.16272374514959
174.25,100.75,-89.05171152615766
175.0,100.75,-88.86840424782297
175.75,100.75,-89.29630348488621
176.5,100.75,-89.20491684303006
177.25,100.75,-88.7961408526914
178.0,100.75,-88.3932551401779
178.75,100.75,-88.05414623631683
179.5,100.75,-88.23162725486655
180.25,100.75,-89.20935785761326
181.0,100.75,-90.0002820800116
181.75,100.75,-89.68784580216617
182.5,100.75,-88.70921097505428
183.25,100.75,-88.05001701246498
67.0,101.5,
67.75,101.5,
68.5,101.5,
69.25,101.5,
70.0,101.5,
70.75,101.5,
71.5,101.5,
72.25,101.5,
73.0,101.5,
73.75,101.5,
74.5,101.5,
75.25,101.5,
76.0,101.5,
76.75,101.5,
77.5,101.5,
78.25,101.5,
79.0,101.5,
79.75,101.5,
80.5,101.5,
81.25,101.5,
82.0,101.5,
82.75,101.5,
83.5,101.5,
84.25,101.5,
85.0,101.5,
85.75,101.5,
86.5,101.5,
87.25,101.5,
88.0,101.5,
88.75,101.5,
89.5,101.5,
90.25,101.5,
91.0,101.5,
91.75,101.5,
92.5,101.5,
93.25,101.5,
94.0,101.5,
94.75,101.5,
95.5,101.5,
96.25,101.5,
97.0,101.5,
97.75,101.5,
98.5,101.5,
99.25,101.5,
100.0,101.5,
100.75,101.5,
101.5,101.5,
102.25,101.5,
103.0,101.5,
103.75,101.5,
104.5,101.5,
105.25,101.5,
106.0,101.5,
106.75,101.5,
107.5,101.5,
108.25,101.5,
109.0,101.5,
109.75,101.5,
110.5,101.5,
111.25,101.5,
112.0,101.5,
112.75,101.5,
113.5,101.5,
114.25,101.5,
115.0,101.5,
115.75,101.5,
116.5,101.5,
117.25,101.5,
118.0,101.5,
118.75,101.5,
119.5,101.5,
120.25,101.5,
121.0,101.5,
121.75,101.5,
122.5,101.5,
123.25,101.5,
124.0,101.5,
124.75,101.5,
125.5,101.5,
126.25,101.5,
127.0,101.5,
127.75,101.5,
128.5,101.5,
129.25,101.5,
130.0,101.5,
130.75,101.5,
131.5,101.5,
132.25,101.5,
133.0,101.5,
133.75,101.5,
134.5,101.5,
135.25,101.5,
136.0,101.5,
136.75,101.5,
137.5,101.5,
138.25,101.5,
139.0,101.5,
139.75,101.5,
140.5,101.5,
141.25,101.5,-87.81139489194499
142.0,101.5,-88.0
142.75,101.5,-91.21663442940037
143.5,101.5,-94.77272727272725
144.25,101.5,-95.08111380145277
145.0,101.5,-95.39108910891089
145.75,101.5,
146.5,101.5,
147.25,101.5,
148.0,101.5,
148.75,101.5,-92.7919627311656
149.5,101.5,-89.21137152777779
150.25,101.5,-87.92766061110964
151.0,101.5,-86.62943997138666
151.75,101.5,-86.00719629444993
152.5,101.5,-85.47060411988556
153.25,101.5,-85.05876129461669
154.0,101.5,-84.69767805965223
154.75,101.5,-85.08405191119995
155.5,101.5,-87.6814442796788
156.25,101.5,-91.5912772446115
157.0,101.5,-94.2704582528547
157.75,101.5,-92.41286152774231
158.5,101.5,-90.59183195779283
159.25,101.5,-90.38633705762513
160.0,101.5,-90.80992855012371
160.75,101.5,-90.95712770651276
161.5,101.5,-90.98272501380872
162.25,101.5,-91.08110316584501
163.0,101.5,-90.96293972880375
163.75,101.5,-90.88757733257441
164.5,101.5,-89.03174603174604
165.25,101.5,
166.0,101.5,
166.75,101.5,
167.5,101.5,
168.25,101.5,
169.0,101.5,
169.75,101.5,
170.5,101.5,
171.25,101.5,-90.98584905660377
172.0,101.5,-90.82142857142857
172.75,101.5,-89.22943178352601
173.5,101.5,-88.44002130777601
174.25,101.5,-88.42848348533143
175.0,101.5,-88.38298608598615
175.75,101.5,-88.4050056035982
176.5,101.5,-88.23485565877151
177.25,101.5,-88.49345988465609
178.0,101.5,-87.96801017690693
178.75,101.5,-87.83434536167901
179.5,101.5,-87.84483990473673
180.25,101.5,-88.18826526476043
181.0,101.5,-88.72468139413756
181.75,101.5,-88.96266528862972
182.5,101.5,-88.77980952062349
183.25,101.5,-88.5388054223052
67.0,102.25,
67.75,102.25,
68.5,102.25,
69.25,102.25,
70.0,102.25,
70.75,102.25,
71.5,102.25,
72.25,102.25,
73.0,102.25,
73.75,102.25,
74.5,102.25,
75.25,102.25,
76.0,102.25,
76.75,102.25,
77.5,102.25,
78.25,102.25,
79.0,102.25,
79.75,102.25,
80.5,102.25,
81.25,102.25,
82.0,102.25,
82.75,102.25,
83.5,102.25,
84.25,102.25,
85.0,102.25,
85.75,102.25,
86.5,102.25,
87.25,102.25,
88.0,102.25,
88.75,102.25,
89.5,102.25,
90.25,102.25,
91.0,102.25,
91.75,102.25,
92.5,102.25,
93.25,102.25,
94.0,102.25,
94.75,102.25,
95.5,102.25,
96.25,102.25,
97.0,102.25,
97.75,102.25,
98.5,102.25,
99.25,102.25,
100.0,102.25,
100.75,102.25,
101.5,102.25,
102.25,102.25,
103.0,102.25,
103.75,102.25,
104.5,102.25,
105.25,102.25,
106.0,102.25,
106.75,102.25,
107.5,102.25,
108.25,102.25,
109.0,102.25,
109.75,102.25,
110.5,102.25,
111.25,102.25,
112.0,102.25,
112.75,102.25,
113.5,102.25,
114.25,102.25,
115.0,102.25,
115.75,102.25,
116.5,102.25,
117.25,102.25,
118.0,102.25,
118.75,102.25,
119.5,102.25,
120.25,102.25,
121.0,102.25,
121.75,102.25,
122.5,102.25,
123.25,102.25,
124.0,102.25,
124.75,102.25,
125.5,102.25,
126.25,102.25,
127.0,102.25,
127.75,102.25,
128.5,102.25,
129.25,102.25,
130.0,102.25,
130.75,102.25,
131.5,102.25,
132.25,102.25,
133.0,102.25,
133.75,102.25,
134.5,102.25,
135.25,102.25,
136.0,102.25,
136.75,102.25,
137.5,102.25,
138.25,102.25,
139.0,102.25,
139.75,102.25,-87.37117903930132
140.5,102.25,-87.53510895883778
141.25,102.25,-87.75129533678756
142.0,102.25,-90.39112050739958
142.75,102.25,-91.04232804232802
143.5,102.25,-91.80396738486004
144.25,102.25,-92.646575265336
145.0,102.25,-95.48360655737704
145.75,102.25,-95.83757961783441
146.5,102.25,-96.08357771260997
147.25,102.25,
148.0,102.25,-94.0537670902006
148.75,102.25,-93.18248175182482
149.5,102.25,-89.77377737919811
150.25,102.25,-88.29655990510084
151.0,102.25,-86.8793187722545
151.75,102.25,-87.00585565839759
152.5,102.25,-85.59919180291897
153.25,102.25,-84.16518469115512
154.0,102.25,-82.66093645451403
154.75,102.25,-81.23250212291713
155.5,102.25,-83.39579036989609
156.25,102.25,-88.47954158697043
157.0,102.25,-90.24197701892248
157.75,102.25,-90.44513016540414
158.5,102.25,-91.1414227343519
159.25,102.25,-90.89404145757602
160.0,102.25,-90.94591964718573
160.75,102.25,-91.07681825458788
161.5,102.25,-91.4168791294753
162.25,102.25,-91.42482443430157
163.0,102.25,-90.98890651427129
163.75,102.25,-90.93901347286244
164.5,102.25,
165.25,102.25,
166.0,102.25,
166.75,102.25,
167.5,102.25,
168.25,102.25,
169.0,102.25,
169.75,102.25,-91.31593406593406
170.5,102.25,-91.21026490066225
171.25,102.25,-91.05952380952381
172.0,102.25,-89.16177866156275
172.75,102.25,-89.17545824402553
173.5,102.25,-88.54418516622235
174.25,102.25,-88.58134955156362
175.0,102.25,-88.62194007303707
175.75,102.25,-88.5831975154615
176.5,102.25,-88.4068059562562
177.25,102.25,-87.7639570711428
178.0,102.25,-86.72803080293161
178.75,102.25,-85.80554992582
179.5,102.25,-86.0080122404279
180.25,102.25,-87.09621621835007
181.0,102.25,-87.95581875877215
181.75,102.25,-88.32816198966768
182.5,102.25,-88.54522821569682
183.25,102.25,-88.58792986392307
67.0,103.0,
67.75,103.0,
68.5,103.0,
69.25,103.0,
70.0,103.0,
70.75,103.0,
71.5,103.0,
72.25,103.0,
73.0,103.0,
73.75,103.0,
74.5,103.0,
75.25,103.0,
76.0,103.0,
76.75,103.0,
77.5,103.0,
78.25,103.0,
79.0,103.0,
79.75,103.0,
80.5,103.0,
81.25,103.0,
82.0,103.0,
82.75,103.0,
83.5,103.0,
84.25,103.0,
85.0,103.0,
85.75,103.0,
86.5,103.0,
87.25,103.0,
88.0,103.0,
88.75,103.0,
89.5,103.0,
90.25,103.0,
91.0,103.0,
91.75,103.0,
92.5,103.0,
93.25,103.0,
94.0,103.0,
94.75,103.0,
95.5,103.0,
96.25,103.0,
97.0,103.0,
97.75,103.0,
98.5,103.0,
99.25,103.0,
100.0,103.0,
100.75,103.0,
101.5,103.0,
102.25,103.0,
103.0,103.0,
103.75,103.0,
104.5,103.0,
105.25,103.0,
106.0,103.0,
106.75,103.0,
107.5,103.0,
108.25,103.0,
109.0,103.0,
109.75,103.0,
110.5,103.0,
111.25,103.0,
112.0,103.0,
112.75,103.0,
113.5,103.0,
114.25,103.0,
115.0,103.0,
115.75,103.0,
116.5,103.0,
117.25,103.0,
118.0,103.0,
118.75,103.0,
119.5,103.0,
120.25,103.0,
121.0,103.0,
121.75,103.0,
122.5,103.0,
123.25,103.0,
124.0,103.0,
124.75,103.0,
125.5,103.0,
126.25,103.0,
127.0,103.0,
127.75,103.0,
128.5,103.0,
129.25,103.0,
130.0,103.0,
130.75,103.0,
131.5,103.0,
132.25,103.0,
133.0,103.0,
133.75,103.0,
134.5,103.0,
135.25,103.0,
136.0,103.0,
136.75,103.0,
137.5,103.0,
138.25,103.0,
139.0,103.0,-87.07692307692308
139.75,103.0,-87.18413597733709
140.5,103.0,-87.37662337662339
141.25,103.0,-87.65836298932385
142.0,103.0,-90.03999999999999
142.75,103.0,-90.79379342488919
143.5,103.0,-91.69135802469135
144.25,103.0,-92.72487851700761
145.0,103.0,-93.81818181818181
145.75,103.0,-96.04506437768241
146.5,103.0,-96.34615384615384
147.25,103.0,-95.87823680569284
148.0,103.0,-94.74371859296483
148.75,103.0,-93.65758565182729
149.5,103.0,-90.38417733887104
150.25,103.0,-88.70413025203182
151.0,103.0,-87.20833333333334
151.75,103.0,-86.95487631586526
152.5,103.0,-85.60275160949354
153.25,103.0,-84.3599435245516
154.0,103.0,-81.66855974557019
154.75,103.0,-78.43028105517257
155.5,103.0,-80.36664544013439
156.25,103.0,-87.79509455607004
157.0,103.0,-89.99999999999818
157.75,103.0,-89.77840789138972
158.5,103.0,-90.25207632486905
159.25,103.0,-90.39513468692844
160.0,103.0,-90.98558892773062
160.75,103.0,-91.04644005559197
161.5,103.0,-91.72087326678196
162.25,103.0,-91.83689438810045
163.0,103.0,-91.92307692307692
163.75,103.0,
164.5,103.0,
165.25,103.0,
166.0,103.0,
166.75,103.0,
167.5,103.0,
168.25,103.0,
169.0,103.0,
169.75,103.0,-91.44354838709677
170.5,103.0,-91.3467741935484
171.25,103.0,-88.0797212318013
172.0,103.0,-89.15032359577248
172.75,103.0,-89.11248885771288
173.5,103.0,-88.62243874499705
174.25,103.0,-88.70639067808135
175.0,103.0,-88.87499999999999
175.75,103.0,-89.09538178144976
176.5,103.0,-89.09522406965439
177.25,103.0,-88.31519929152746
178.0,103.0,-86.30237154150198
178.75,103.0,-84.19012668088561
179.5,103.0,-84.63241314619032
180.25,103.0,-86.24550806455129
181.0,103.0,-87.23255813953489
181.75,103.0,-87.81130281494877
182.5,103.0,-88.05284615615483
183.25,103.0,-87.34353240412335
67.0,103.75,
67.75,103.75,
68.5,103.75,
69.25,103.75,
70.0,103.75,
70.75,103.75,
71.5,103.75,
72.25,103.75,
73.0,103.75,
73.75,103.75,
74.5,103.75,
75.25,103.75,
76.0,103.75,
76.75,103.75,
77.5,103.75,
78.25,103.75,
79.0,103.75,
79.75,103.75,
80.5,103.75,
81.25,103.75,
82.0,103.75,
82.75,103.75,
83.5,103.75,
84.25,103.75,
85.0,103.75,
85.75,103.75,
86.5,103.75,
87.25,103.75,
88.0,103.75,
88.75,103.75,
89.5,103.75,
90.25,103.75,
91.0,103.75,
91.75,103.75,
92.5,103.75,
93.25,103.75,
94.0,103.75,
94.75,103.75,
95.5,103.75,
96.25,103.75,
97.0,103.75,
97.75,103.75,
98.5,103.75,
99.25,103.75,
100.0,103.75,
100.75,103.75,
101.5,103.75,
102.25,103.75,
103.0,103.75,
103.75,103.75,
104.5,103.75,
105.25,103.75,
106.0,103.75,
106.75,103.75,
107.5,103.75,
108.25,103.75,
109.0,103.75,
109.75,103.75,
110.5,103.75,
111.25,103.75,
112.0,103.75,
112.75,103.75,
113.5,103.75,
114.25,103.75,
115.0,103.75,
115.75,103.75,
116.5,103.75,
117.25,103.75,
118.0,103.75,
118.75,103.75,
119.5,103.75,
120.25,103.75,
121.0,103.75,
121.75,103.75,
122.5,103.75,
123.25,103.75,
124.0,103.75,
124.75,103.75,
125.5,103.75,
126.25,103.75,
127.0,103.75,
127.75,103.75,
128.5,103.75,
129.25,103.75,
130.0,103.75,
130.75,103.75,
131.5,103.75,
132.25,103.75,
133.0,103.75,
133.75,103.75,
134.5,103.75,
135.25,103.75,
136.0,103.75,
136.75,103.75,
137.5,103.75,
138.25,103.75,-86.82926829268293
139.0,103.75,-86.83282674772036
139.75,103.75,-86.91729323308272
140.5,103.75,-88.41313244112737
141.25,103.75,-89.7708516876327
142.0,103.75,-90.3771436858707
142.75,103.75,-91.21567649411847
143.5,103.75,-91.97964920209637
144.25,103.75,-92.88024349514313
145.0,103.75,-93.95660861005014
145.75,103.75,-95.0761432804513
146.5,103.75,-96.12083304686732
147.25,103.75,-95.81502944227758
148.0,103.75,-95.30136908896532
148.75,103.75,-93.45773097059521
149.5,103.75,-90.46693115813287
150.25,103.75,-88.80168973423797
151.0,103.75,-87.44069966595079
151.75,103.75,-86.53649829965318
152.5,103.75,-85.94600217790483
153.25,103.75,-85.2106960560905
154.0,103.75,-83.41710335583822
154.75,103.75,-81.36815551031131
155.5,103.75,-83.10956362170485
156.25,103.75,-87.50753489774776
157.0,103.75,-89.29118410712348
157.75,103.75,-89.45709542002704
158.5,103.75,-89.89074122872174
159.25,103.75,-90.0815532259921
160.0,103.75,-90.22933122973691
160.75,103.75,-90.33880249645188
161.5,103.75,-91.6427938793268
162.25,103.75,-91.75136002599601
163.0,103.75,
163.75,103.75,
164.5,103.75,
165.25,103.75,
166.0,103.75,
166.75,103.75,
167.5,103.75,
168.25,103.75,
169.0,103.75,
169.75,103.75,-91.60820895522387
170.5,103.75,-87.40583989700741
171.25,103.75,-88.41947122205713
172.0,103.75,-88.48417446157191
172.75,103.75,-88.51558520817652
173.5,103.75,-88.32716229313374
174.25,103.75,-88.53943780432387
175.0,103.75,-89.00176560128027
175.75,103.75,-89.62449892699519
176.5,103.75,-90.59530781103607
177.25,103.75,-90.35364943502005
178.0,103.75,-87.98262143047909
178.75,103.75,-85.61744520210425
179.5,103.75,-85.49362666699257
180.25,103.75,-86.5767506387834
181.0,103.75,-87.28363816125852
181.75,103.75,-87.79307036464037
182.5,103.75,-88.05988501136596
183.25,103.75,-87.20187107565499
67.0,104.5,
67.75,104.5,
68.5,104.5,
69.25,104.5,
70.0,104.5,
70.75,104.5,
71.5,104.5,
72.25,104.5,
73.0,104.5,
73.75,104.5,
74.5,104.5,
75.25,104.5,
76.0,104.5,
76.75,104.5,
77.5,104.5,
78.25,104.5,
79.0,104.5,
79.75,104.5,
80.5,104.5,
81.25,104.5,
82.0,104.5,
82.75,104.5,
83.5,104.5,
84.25,104.5,
85.0,104.5,
85.75,104.5,
86.5,104.5,
87.25,104.5,
88.0,104.5,
88.75,104.5,
89.5,104.5,
90.25,104.5,
91.0,104.5,
91.75,104.5,
92.5,104.5,
93.25,104.5,
94.0,104.5,
94.75,104.5,
95.5,104.5,
96.25,104.5,
97.0,104.5,
97.75,104.5,
98.5,104.5,
99.25,104.5,
100.0,104.5,
100.75,104.5,
101.5,104.5,
102.25,104.5,
103.0,104.5,
103.75,104.5,
104.5,104.5,
105.25,104.5,
106.0,104.5,
106.75,104.5,
107.5,104.5,
108.25,104.5,
109.0,104.5,
109.75,104.5,
110.5,104.5,
111.25,104.5,
112.0,104.5,
112.75,104.5,
113.5,104.5,
114.25,104.5,
115.0,104.5,
115.75,104.5,
116.5,104.5,
117.25,104.5,
118.0,104.5,
118.75,104.5,
119.5,104.5,
120.25,104.5,
121.0,104.5,
121.75,104.5,
122.5,104.5,
123.25,104.5,
124.0,104.5,
124.75,104.5,
125.5,104.5,
126.25,104.5,
127.0,104.5,
127.75,104.5,
128.5,104.5,
129.25,104.5,
130.0,104.5,
130.75,104.5,
131.5,104.5,
132.25,104.5,
133.0,104.5,
133.75,104.5,
134.5,104.5,
135.25,104.5,
136.0,104.5,
136.75,104.5,
137.5,104.5,
138.25,104.5,-86.59237536656893
139.0,104.5,-86.52307692307691
139.75,104.5,-87.78674841025685
140.5,104.5,-87.88499358700301
141.25,104.5,-89.31268412251727
142.0,104.5,-90.07353875262078
142.75,104.5,-90.92866132124476
143.5,104.5,-91.7699209308042
144.25,104.5,-92.7369794249629
145.0,104.5,-94.00809933597877
145.75,104.5,-95.31334676231131
146.5,104.5,-96.63985013399285
147.25,104.5,-96.60184478096997
148.0,104.5,-95.47238930881645
148.75,104.5,-93.66754386991013
149.5,104.5,-90.76765010839854
150.25,104.5,-89.13606214160959
151.0,104.5,-87.85124552783496
151.75,104.5,-86.81331955268502
152.5,104.5,-86.00841081313486
153.25,104.5,-85.85216322331007
154.0,104.5,-85.38257259229995
154.75,104.5,-84.85472046144409
155.5,104.5,-86.11028451466356
156.25,104.5,-88.52669590635671
157.0,104.5,-89.65142353091377
157.75,104.5,-89.50599164540378
158.5,104.5,-89.37574110956334
159.25,104.5,-89.85490271686662
160.0,104.5,-90.00511551264
160.75,104.5,-90.13079474382073
161.5,104.5,-91.03688420839451
162.25,104.5,-90.00000000000001
163.0,104.5,
163.75,104.5,
164.5,104.5,
165.25,104.5,
166.0,104.5,
166.75,104.5,
167.5,104.5,
168.25,104.5,
169.0,104.5,
169.75,104.5,-87.39714526952989
170.5,104.5,-87.62175558759914
171.25,104.5,-88.54716551431105
172.0,104.5,-88.63504928839609
172.75,104.5,-88.57830884425417
173.5,104.5,-88.31611350742621
174.25,104.5,-88.56547109141292
175.0,104.5,-88.90616325644456
175.75,104.5,-89.74750634184657
176.5,104.5,-92.75695410292073
177.25,104.5,-93.615439189632
178.0,104.5,-90.87836196752116
178.75,104.5,-88.16539617013932
179.5,104.5,-87.15291780088525
180.25,104.5,-87.17283884899365
181.0,104.5,-87.72601968090022
181.75,104.5,-88.00249815924981
182.5,104.5,-88.18378765621746
183.25,104.5,-87.08971711102765
67.0,105.25,
67.75,105.25,
68.5,105.25,
69.25,105.25,
70.0,105.25,
70.75,105.25,
71.5,105.25,
72.25,105.25,
73.0,105.25,
73.75,105.25,
74.5,105.25,
75.25,105.25,
76.0,105.25,
76.75,105.25,
77.5,105.25,
78.25,105.25,
79.0,105.25,
79.75,105.25,
80.5,105.25,
81.25,105.25,
82.0,105.25,
82.75,105.25,
83.5,105.25,
84.25,105.25,
85.0,105.25,
85.75,105.25,
86.5,105.25,
87.25,105.25,
88.0,105.25,
88.75,105.25,
89.5,105.25,
90.25,105.25,
91.0,105.25,
91.75,105.25,
92.5,105.25,
93.25,105.25,
94.0,105.25,
94.75,105.25,
95.5,105.25,
96.25,105.25,
97.0,105.25,
97.75,105.25,
98.5,105.25,
99.25,105.25,
100.0,105.25,
100.75,105.25,
101.5,105.25,
102.25,105.25,
103.0,105.25,
103.75,105.25,
104.5,105.25,
105.25,105.25,
106.0,105.25,
106.75,105.25,
107.5,105.25,
108.25,105.25,
109.0,105.25,
109.75,105.25,
110.5,105.25,
111.25,105.25,
112.0,105.25,
112.75,105.25,
113.5,105.25,
114.25,105.25,
115.0,105.25,
115.75,105.25,
116.5,105.25,
117.25,105.25,
118.0,105.25,
118.75,105.25,
119.5,105.25,
120.25,105.25,
121.0,105.25,
121.75,105.25,
122.5,105.25,
123.25,105.25,
124.0,105.25,
124.75,105.25,
125.5,105.25,
126.25,105.25,
127.0,105.25,
127.75,105.25,
128.5,105.25,
129.25,105.25,
130.0,105.25,
130.75,105.25,
131.5,105.25,
132.25,105.25,
133.0,105.25,
133.75,105.25,
134.5,105.25,
135.25,105.25,
136.0,105.25,
136.75,105.25,
137.5,105.25,-86.51928020565553
138.25,105.25,-86.3448275862069
139.0,105.25,-87.45587904366027
139.75,105.25,-87.13081262387558
140.5,105.25,-87.35029245646196
141.25,105.25,-88.32225797031107
142.0,105.25,-89.55348733374565
142.75,105.25,-90.76365216275319
143.5,105.25,-91.45130997030246
144.25,105.25,-92.24297294099878
145.0,105.25,-93.43435556842114
145.75,105.25,-95.2047419539586
146.5,105.25,-96.65773148841909
147.25,105.25,-96.84171377543343
148.0,105.25,-95.4757640755389
148.75,105.25,-93.41984949595341
149.5,105.25,-90.81503653304847
150.25,105.25,-89.50834276156107
151.0,105.25,-88.57143801510067
151.75,105.25,-87.3571253801391
152.5,105.25,-86.1623918025715
153.25,105.25,-86.01461794525437
154.0,105.25,-85.87321355980856
154.75,105.25,-86.37223782240495
155.5,105.25,-87.46596890591516
156.25,105.25,-89.11813016215224
157.0,105.25,-89.92465553524997
157.75,105.25,-89.59859885249489
158.5,105.25,-89.30645092120713
159.25,105.25,-89.40428958016547
160.0,105.25,-89.41650246074907
160.75,105.25,-90.92667171010999
161.5,105.25,-90.0
162.25,105.25,-89.99999999999999
163.0,105.25,
163.75,105.25,
164.5,105.25,
165.25,105.25,
166.0,105.25,
166.75,105.25,
167.5,105.25,
168.25,105.25,
169.0,105.25,-89.42557251908396
169.75,105.25,-87.3035253603867
170.5,105.25,-87.65808731235742
171.25,105.25,-88.59282675247974
172.0,105.25,-88.91089976890413
172.75,105.25,-88.9900670603193
173.5,105.25,-88.28709331286565
174.25,105.25,-88.20822919730128
175.0,105.25,-88.8782601087302
175.75,105.25,-89.17951343761492
176.5,105.25,-93.21869198905507
177.25,105.25,-94.41198669047233
178.0,105.25,-91.89614267431836
178.75,105.25,-89.35294833871659
179.5,105.25,-87.95185515026901
180.25,105.25,-87.3551608332924
181.0,105.25,-87.97438759620698
181.75,105.25,-87.95419957682248
182.5,105.25,-87.99903753609239
183.25,105.25,
67.0,106.0,
67.75,106.0,
68.5,106.0,
69.25,106.0,
70.0,106.0,
70.75,106.0,
71.5,106.0,
72.25,106.0,
73.0,106.0,
73.75,106.0,
74.5,106.0,
75.25,106.0,
76.0,106.0,
76.75,106.0,
77.5,106.0,
78.25,106.0,
79.0,106.0,
79.75,106.0,
80.5,106.0,
81.25,106.0,
82.0,106.0,
82.75,106.0,
83.5,106.0,
84.25,106.0,
85.0,106.0,
85.75,106.0,
86.5,106.0,
87.25,106.0,
88.0,106.0,
88.75,106.0,
89.5,106.0,
90.25,106.0,
91.0,106.0,
91.75,106.0,
92.5,106.0,
93.25,106.0,
94.0,106.0,
94.75,106.0,
95.5,106.0,
96.25,106.0,
97.0,106.0,
97.75,106.0,
98.5,106.0,
99.25,106.0,
100.0,106.0,
100.75,106.0,
101.5,106.0,
102.25,106.0,
103.0,106.0,
103.75,106.0,
104.5,106.0,
105.25,106.0,
106.0,106.0,
106.75,106.0,
107.5,106.0,
108.25,106.0,
109.0,106.0,
109.75,106.0,
110.5,106.0,
111.25,106.0,
112.0,106.0,
112.75,106.0,
113.5,106.0,
114.25,106.0,
115.0,106.0,
115.75,106.0,
116.5,106.0,
117.25,106.0,
118.0,106.0,
118.75,106.0,
119.5,106.0,
120.25,106.0,
121.0,106.0,
121.75,106.0,
122.5,106.0,
123.25,106.0,
124.0,106.0,
124.75,106.0,
125.5,106.0,
126.25,106.0,
127.0,106.0,
127.75,106.0,
128.5,106.0,
129.25,106.0,
130.0,106.0,
130.75,106.0,
131.5,106.0,
132.25,106.0,
133.0,106.0,
133.75,106.0,
134.5,106.0,
135.25,106.0,
136.0,106.0,
136.75,106.0,
137.5,106.0,-86.38202247191012
138.25,106.0,-87.60395412876464
139.0,106.0,-87.0472440944882
139.75,106.0,-86.37604535066328
140.5,106.0,-86.02204732035102
141.25,106.0,-86.68787552480231
142.0,106.0,-89.03673871948716
142.75,106.0,-90.96256604734437
143.5,106.0,-91.56013488783744
144.25,106.0,-92.02355384314782
145.0,106.0,-92.87380687474379
145.75,106.0,-94.17153601955195
146.5,106.0,-95.65629253122735
147.25,106.0,-95.54046334850133
148.0,106.0,-94.52494577006506
148.75,106.0,-92.41248800234088
149.5,106.0,-91.01178887399358
150.25,106.0,-89.82796479392404
151.0,106.0,-89.66415972837687
151.75,106.0,-88.54359245364562
152.5,106.0,-86.86186788940773
153.25,106.0,-86.43838014844218
154.0,106.0,-86.35365853658537
154.75,106.0,-86.56019502259021
155.5,106.0,-87.82236991345556
156.25,106.0,-88.78752782911995
157.0,106.0,-89.30497017433554
157.75,106.0,-89.28630219836211
158.5,106.0,-89.14389001589134
159.25,106.0,-89.29563495691181
160.0,106.0,-89.30204812089879
160.75,106.0,-90.0
161.5,106.0,-90.0
162.25,106.0,-89.99999999999999
163.0,106.0,
163.75,106.0,
164.5,106.0,
165.25,106.0,
166.0,106.0,
166.75,106.0,
167.5,106.0,
168.25,106.0,-88.12959161849312
169.0,106.0,-88.40931223371881
169.75,106.0,-87.30564097333452
170.5,106.0,-87.7865366035773
171.25,106.0,-88.88031969778876
172.0,106.0,-89.75877192982458
172.75,106.0,-90.33829602965572
173.5,106.0,-88.95313579893453
174.25,106.0,-86.22501119228214
175.0,106.0,-85.20110024449876
175.75,106.0,-86.47654768967207
176.5,106.0,-89.71393413318324
177.25,106.0,-91.37807207301263
178.0,106.0,-90.75
178.75,106.0,-89.5140544414127
179.5,106.0,-88.28848530862913
180.25,106.0,-87.6939677567772
181.0,106.0,-88.61136571952336
181.75,106.0,-88.41618879018019
182.5,106.0,-88.45238095238095
183.25,106.0,
67.0,106.75,
67.75,106.75,
68.5,106.75,
69.25,106.75,
70.0,106.75,
70.75,106.75,
71.5,106.75,
72.25,106.75,
73.0,106.75,
73.75,106.75,
74.5,106.75,
75.25,106.75,
76.0,106.75,
76.75,106.75,
77.5,106.75,
78.25,106.75,
79.0,106.75,
79.75,106.75,
80.5,106.75,
81.25,106.75,
82.0,106.75,
82.75,106.75,
83.5,106.75,
84.25,106.75,
85.0,106.75,
85.75,106.75,
86.5,106.75,
87.25,106.75,
88.0,106.75,
88.75,106.75,
89.5,106.75,
90.25,106.75,
91.0,106.75,
91.75,106.75,
92.5,106.75,
93.25,106.75,
94.0,106.75,
94.75,106.75,
95.5,106.75,
96.25,106.75,
97.0,106.75,
97.75,106.75,
98.5,106.75,
99.25,106.75,
100.0,106.75,
100.75,106.75,
101.5,106.75,
102.25,106.75,
103.0,106.75,
103.75,106.75,
104.5,106.75,
105.25,106.75,
106.0,106.75,
106.75,106.75,
107.5,106.75,
108.25,106.75,
109.0,106.75,
109.75,106.75,
110.5,106.75,
111.25,106.75,
112.0,106.75,
112.75,106.75,
113.5,106.75,
114.25,106.75,
115.0,106.75,
115.75,106.75,
116.5,106.75,
117.25,106.75,
118.0,106.75,
118.75,106.75,
119.5,106.75,
120.25,106.75,
121.0,106.75,
121.75,106.75,
122.5,106.75,
123.25,106.75,
124.0,106.75,
124.75,106.75,
125.5,106.75,
126.25,106.75,
127.0,106.75,
127.75,106.75,
128.5,106.75,
129.25,106.75,
130.0,106.75,
130.75,106.75,
131.5,106.75,
132.25,106.75,
133.0,106.75,
133.75,106.75,
134.5,106.75,
135.25,106.75,
136.0,106.75,
136.75,106.75,
137.5,106.75,-88.03729659474914
138.25,106.75,-87.55375602498334
139.0,106.75,-86.866937126155
139.75,106.75,-86.11669996522967
140.5,106.75,-84.73308013875081
141.25,106.75,-84.52268388345001
142.0,106.75,-88.80319366400191
142.75,106.75,-91.7804666810527
143.5,106.75,-91.84912523888347
144.25,106.75,-91.96265881546618
145.0,106.75,-92.39286103159857
145.75,106.75,-93.41330657704928
146.5,106.75,-94.02005502134124
147.25,106.75,-93.69448463348284
148.0,106.75,-92.9962095530389
148.75,106.75,-91.42049719324747
149.5,106.75,-90.55305018292222
150.25,106.75,-90.4115678136859
151.0,106.75,-90.87339222362654
151.75,106.75,-89.7905979796744
152.5,106.75,-87.85230974280539
153.25,106.75,-86.87403746855392
154.0,106.75,-86.47627878805994
154.75,106.75,-86.91842097078435
155.5,106.75,-87.24571389390177
156.25,106.75,-87.82900741733468
157.0,106.75,-88.51431859069076
157.75,106.75,-88.90894512176484
158.5,106.75,-88.91933543651169
159.25,106.75,-88.42175786423716
160.0,106.75,-89.99999999999999
160.75,106.75,-89.99999999999999
161.5,106.75,-90.0
162.25,106.75,
163.0,106.75,
163.75,106.75,
164.5,106.75,
165.25,106.75,
166.0,106.75,
166.75,106.75,
167.5,106.75,-87.72291021671826
168.25,106.75,-87.86643765674653
169.0,106.75,-88.09268759429075
169.75,106.75,-87.15948016355834
170.5,106.75,-87.67137604154195
171.25,106.75,-88.61312658074203
172.0,106.75,-90.50507696165302
172.75,106.75,-92.81330811738827
173.5,106.75,-91.13403372909555
174.25,106.75,-83.48748035125902
175.0,106.75,-78.62674579620727
175.75,106.75,-82.00446778411785
176.5,106.75,-86.14370081103468
177.25,106.75,-88.33397474881909
178.0,106.75,-88.84652800287333
178.75,106.75,-88.88789467869658
179.5,106.75,-88.07611851975513
180.25,106.75,-87.69558466956778
181.0,106.75,-89.35185185185188
181.75,106.75,-89.03439153439153
182.5,106.75,-88.85429769392033
183.25,106.75,
67.0,107.5,
67.75,107.5,
68.5,107.5,
69.25,107.5,
70.0,107.5,
70.75,107.5,
71.5,107.5,
72.25,107.5,
73.0,107.5,
73.75,107.5,
74.5,107.5,
75.25,107.5,
76.0,107.5,
76.75,107.5,
77.5,107.5,
78.25,107.5,
79.0,107.5,
79.75,107.5,
80.5,107.5,
81.25,107.5,
82.0,107.5,
82.75,107.5,
83.5,107.5,
84.25,107.5,
85.0,107.5,
85.75,107.5,
86.5,107.5,
87.25,107.5,
88.0,107.5,
88.75,107.5,
89.5,107.5,
90.25,107.5,
91.0,107.5,
91.75,107.5,
92.5,107.5,
93.25,107.5,
94.0,107.5,
94.75,107.5,
95.5,107.5,
96.25,107.5,
97.0,107.5,
97.75,107.5,
98.5,107.5,
99.25,107.5,
100.0,107.5,
100.75,107.5,
101.5,107.5,
102.25,107.5,
103.0,107.5,
103.75,107.5,
104.5,107.5,
105.25,107.5,
106.0,107.5,
106.75,107.5,
107.5,107.5,
108.25,107.5,
109.0,107.5,
109.75,107.5,
110.5,107.5,
111.25,107.5,
112.0,107.5,
112.75,107.5,
113.5,107.5,
114.25,107.5,
115.0,107.5,
115.75,107.5,
116.5,107.5,
117.25,107.5,
118.0,107.5,
118.75,107.5,
119.5,107.5,
120.25,107.5,
121.0,107.5,
121.75,107.5,
122.5,107.5,
123.25,107.5,
124.0,107.5,
124.75,107.5,
125.5,107.5,
126.25,107.5,
127.0,107.5,
127.75,107.5,
128.5,107.5,
129.25,107.5,
130.0,107.5,
130.75,107.5,
131.5,107.5,
132.25,107.5,
133.0,107.5,
133.75,107.5,
134.5,107.5,
135.25,107.5,
136.0,107.5,
136.75,107.5,
137.5,107.5,-88.18482080112437
138.25,107.5,-87.74289521350794
139.0,107.5,-87.11422930475251
139.75,107.5,-86.46991429766356
140.5,107.5,-85.27988687976693
141.25,107.5,-85.35327046124135
142.0,107.5,-89.34772970375307
142.75,107.5,-91.72585173590416
143.5,107.5,-91.98745776943487
144.25,107.5,-92.06852826986983
145.0,107.5,-92.47960334843283
145.75,107.5,-92.5657291668282
146.5,107.5,-92.80158119359128
147.25,107.5,-91.9308544141284
148.0,107.5,-91.46743603612273
148.75,107.5,-90.58486878334513
149.5,107.5,-89.93423271500843
150.25,107.5,-89.825074304824
151.0,107.5,-90.39259981570807
151.75,107.5,-89.34626662629857
152.5,107.5,-87.89906655956567
153.25,107.5,-87.08674559701582
154.0,107.5,-86.67088269752539
154.75,107.5,-86.55218569875201
155.5,107.5,-86.6862794879562
156.25,107.5,-87.44366884813468
157.0,107.5,-87.42685836576808
157.75,107.5,-87.57356809347701
158.5,107.5,-88.08550573514077
159.25,107.5,-90.0
160.0,107.5,-90.0
160.75,107.5,-90.00000000000001
161.5,107.5,
162.25,107.5,
163.0,107.5,
163.75,107.5,
164.5,107.5,
165.25,107.5,
166.0,107.5,
166.75,107.5,-89.46428571428572
167.5,107.5,-88.84414990859231
168.25,107.5,-88.70114546455403
169.0,107.5,-88.5842251288149
169.75,107.5,-87.47832879508918
170.5,107.5,-87.60979524796751
171.25,107.5,-88.08773092294197
172.0,107.5,-89.3817859679545
172.75,107.5,-91.43697640318476
173.5,107.5,-89.78068516183272
174.25,107.5,-83.65875247404861
175.0,107.5,-79.73812733391048
175.75,107.5,-81.66472844152469
176.5,107.5,-84.66602316443377
177.25,107.5,-86.62072445031158
178.0,107.5,-87.53125861698061
178.75,107.5,-87.78687606393045
179.5,107.5,-87.60430916552667
180.25,107.5,-87.43226679075241
181.0,107.5,-89.73655913978493
181.75,107.5,-89.40286975717439
182.5,107.5,
183.25,107.5,
67.0,108.25,
67.75,108.25,
68.5,108.25,
69.25,108.25,
70.0,108.25,
70.75,108.25,
71.5,108.25,
72.25,108.25,
73.0,108.25,
73.75,108.25,
74.5,108.25,
75.25,108.25,
76.0,108.25,
76.75,108.25,
77.5,108.25,
78.25,108.25,
79.0,108.25,
79.75,108.25,
80.5,108.25,
81.25,108.25,
82.0,108.25,
82.75,108.25,
83.5,108.25,
84.25,108.25,
85.0,108.25,
85.75,108.25,
86.5,108.25,
87.25,108.25,
88.0,108.25,
88.75,108.25,
89.5,108.25,
90.25,108.25,
91.0,108.25,
91.75,108.25,
92.5,108.25,
93.25,108.25,
94.0,108.25,
94.75,108.25,
95.5,108.25,
96.25,108.25,
97.0,108.25,
97.75,108.25,
98.5,108.25,
99.25,108.25,
100.0,108.25,
100.75,108.25,
101.5,108.25,
102.25,108.25,
103.0,108.25,
103.75,108.25,
104.5,108.25,
105.25,108.25,
106.0,108.25,
106.75,108.25,
107.5,108.25,
108.25,108.25,
109.0,108.25,
109.75,108.25,
110.5,108.25,
111.25,108.25,
112.0,108.25,
112.75,108.25,
113.5,108.25,
114.25,108.25,
115.0,108.25,
115.75,108.25,
116.5,108.25,
117.25,108.25,
118.0,108.25,
118.75,108.25,
119.5,108.25,
120.25,108.25,
121.0,108.25,
121.75,108.25,
122.5,108.25,
123.25,108.25,
124.0,108.25,
124.75,108.25,
125.5,108.25,
126.25,108.25,
127.0,108.25,
127.75,108.25,
128.5,108.25,
129.25,108.25,
130.0,108.25,
130.75,108.25,
131.5,108.25,
132.25,108.25,
133.0,108.25,
133.75,108.25,
134.5,108.25,
135.25,108.25,
136.0,108.25,
136.75,108.25,
137.5,108.25,-88.46464173894266
138.25,108.25,-88.15518412613154
139.0,108.25,-87.7687531996847
139.75,108.25,-87.6788793921552
140.5,108.25,-87.47811866879677
141.25,108.25,-88.49740139137008
142.0,108.25,-91.06884847703338
142.75,108.25,-92.98085463237825
143.5,108.25,-92.89302373188556
144.25,108.25,-92.06531132285212
145.0,108.25,-92.12133478399963
145.75,108.25,-92.04880376600649
146.5,108.25,-92.03975231606076
147.25,108.25,-91.0517907889203
148.0,108.25,-90.65231698513782
148.75,108.25,-89.99649725495341
149.5,108.25,-88.93918007053067
150.25,108.25,-87.9126338240137
151.0,108.25,-87.39365357373885
151.75,108.25,-87.6769876078697
152.5,108.25,-87.19584110213054
153.25,108.25,-86.83664041939349
154.0,108.25,-86.57498753829691
154.75,108.25,-86.48061907973278
155.5,108.25,-86.53383237853818
156.25,108.25,-86.57722403721968
157.0,108.25,-86.93898887183818
157.75,108.25,-87.10825343881655
158.5,108.25,-90.0
159.25,108.25,-90.0
160.0,108.25,
160.75,108.25,
161.5,108.25,
162.25,108.25,
163.0,108.25,
163.75,108.25,
164.5,108.25,
165.25,108.25,
166.0,108.25,-89.80847953216374
166.75,108.25,-89.60915492957747
167.5,108.25,-88.84914594017575
168.25,108.25,-88.60483224550556
169.0,108.25,-88.33078051152388
169.75,108.25,-87.10850609002905
170.5,108.25,-87.05966741076246
171.25,108.25,-86.88393446767888
172.0,108.25,-86.48350869656889
172.75,108.25,-85.65391930079925
173.5,108.25,-85.54263602764748
174.25,108.25,-84.6244398199439
175.0,108.25,-83.16633469484535
175.75,108.25,-83.46912431802647
176.5,108.25,-84.72374573887649
177.25,108.25,-85.97154165572275
178.0,108.25,-86.78274286594622
178.75,108.25,-87.19259155160152
179.5,108.25,-87.11668704194413
180.25,108.25,-86.71278458844132
181.0,108.25,-89.9731182795699
181.75,108.25,-89.66117216117216
182.5,108.25,
183.25,108.25,
67.0,109.0,
67.75,109.0,
68.5,109.0,
69.25,109.0,
70.0,109.0,
70.75,109.0,
71.5,109.0,
72.25,109.0,
73.0,109.0,
73.75,109.0,
74.5,109.0,
75.25,109.0,
76.0,109.0,
76.75,109.0,
77.5,109.0,
78.25,109.0,
79.0,109.0,
79.75,109.0,
80.5,109.0,
81.25,109.0,
82.0,109.0,
82.75,109.0,
83.5,109.0,
84.25,109.0,
85.0,109.0,
85.75,109.0,
86.5,109.0,
87.25,109.0,
88.0,109.0,
88.75,109.0,
89.5,109.0,
90.25,109.0,
91.0,109.0,
91.75,109.0,
92.5,109.0,
93.25,109.0,
94.0,109.0,
94.75,109.0,
95.5,109.0,
96.25,109.0,
97.0,109.0,
97.75,109.0,
98.5,109.0,
99.25,109.0,
100.0,109.0,
100.75,109.0,
101.5,109.0,
102.25,109.0,
103.0,109.0,
103.75,109.0,
104.5,109.0,
105.25,109.0,
106.0,109.0,
106.75,109.0,
107.5,109.0,
108.25,109.0,
109.0,109.0,
109.75,109.0,
110.5,109.0,
111.25,109.0,
112.0,109.0,
112.75,109.0,
113.5,109.0,
114.25,109.0,
115.0,109.0,
115.75,109.0,
116.5,109.0,
117.25,109.0,
118.0,109.0,
118.75,109.0,
119.5,109.0,
120.25,109.0,
121.0,109.0,
121.75,109.0,
122.5,109.0,
123.25,109.0,
124.0,109.0,
124.75,109.0,
125.5,109.0,
126.25,109.0,
127.0,109.0,
127.75,109.0,
128.5,109.0,
129.25,109.0,
130.0,109.0,
130.75,109.0,
131.5,109.0,
132.25,109.0,
133.0,109.0,
133.75,109.0,
134.5,109.0,
135.25,109.0,
136.0,109.0,
136.75,109.0,
137.5,109.0,-88.82427204846014
138.25,109.0,-88.68203189050814
139.0,109.0,-88.57894736842105
139.75,109.0,-88.88406226522213
140.5,109.0,-89.31384960383573
141.25,109.0,-90.55951280402529
142.0,109.0,-92.63071278064375
142.75,109.0,-94.76777785295535
143.5,109.0,-94.09177318281475
144.25,109.0,-92.10799820394148
145.0,109.0,-91.9999999999991
145.75,109.0,-91.61121671138451
146.5,109.0,-91.05331134883983
147.25,109.0,-90.4345006867446
148.0,109.0,-90.17738359201773
148.75,109.0,-89.55272276608797
149.5,109.0,-87.8706520060294
150.25,109.0,-86.76077423733302
151.0,109.0,-86.00000000000166
151.75,109.0,-86.46964075728516
152.5,109.0,-86.73241608836649
153.25,109.0,-86.67527698847407
154.0,109.0,-86.7078359287868
154.75,109.0,-86.88350824105255
155.5,109.0,-87.1385233609351
156.25,109.0,-87.41165157167735
157.0,109.0,-87.3913043478261
157.75,109.0,-88.07971014492753
158.5,109.0,-88.26190476190476
159.25,109.0,
160.0,109.0,
160.75,109.0,
161.5,109.0,
162.25,109.0,
163.0,109.0,
163.75,109.0,
164.5,109.0,
165.25,109.0,
166.0,109.0,-90.02777777777779
166.75,109.0,-89.83695652173914
167.5,109.0,-88.97200097043257
168.25,109.0,-88.63170590909219
169.0,109.0,-88.18750000000001
169.75,109.0,-86.98893041895118
170.5,109.0,-86.5650820414049
171.25,109.0,-86.1120950628305
172.0,109.0,-84.91106719367589
172.75,109.0,-83.18649133847092
173.5,109.0,-83.59279700736553
174.25,109.0,-84.54431918633541
175.0,109.0,-84.50793650793649
175.75,109.0,-84.6373127239979
176.5,109.0,-85.23082487886566
177.25,109.0,-85.98079385856738
178.0,109.0,-86.68995834684358
178.75,109.0,-86.2234223990028
179.5,109.0,-86.86559139784946
180.25,109.0,-87.23118279569893
181.0,109.0,
181.75,109.0,
182.5,109.0,
183.25,109.0,
67.0,109.75,
67.75,109.75,
68.5,109.75,
69.25,109.75,
70.0,109.75,
70.75,109.75,
71.5,109.75,
72.25,109.75,
73.0,109.75,
73.75,109.75,
74.5,109.75,
75.25,109.75,
76.0,109.75,
76.75,109.75,
77.5,109.75,
78.25,109.75,
79.0,109.75,
79.75,109.75,
80.5,109.75,
81.25,109.75,
82.0,109.75,
82.75,109.75,
83.5,109.75,
84.25,109.75,
85.0,109.75,
85.75,109.75,
86.5,109.75,
87.25,109.75,
88.0,109.75,
88.75,109.75,
89.5,109.75,
90.25,109.75,
91.0,109.75,
91.75,109.75,
92.5,109.75,
93.25,109.75,
94.0,109.75,
94.75,109.75,
95.5,109.75,
96.25,109.75,
97.0,109.75,
97.75,109.75,
98.5,109.75,
99.25,109.75,
100.0,109.75,
100.75,109.75,
101.5,109.75,
102.25,109.75,
103.0,109.75,
103.75,109.75,
104.5,109.75,
105.25,109.75,
106.0,109.75,
106.75,109.75,
107.5,109.75,
108.25,109.75,
109.0,109.75,
109.75,109.75,
110.5,109.75,
111.25,109.75,
112.0,109.75,
112.75,109.75,
113.5,109.75,
114.25,109.75,
115.0,109.75,
115.75,109.75,
116.5,109.75,
117.25,109.75,
118.0,109.75,
118.75,109.75,
119.5,109.75,
120.25,109.75,
121.0,109.75,
121.75,109.75,
122.5,109.75,
123.25,109.75,
124.0,109.75,
124.75,109.75,
125.5,109.75,
126.25,109.75,
127.0,109.75,
127.75,109.75,
128.5,109.75,
129.25,109.75,
130.0,109.75,
130.75,109.75,
131.5,109.75,
132.25,109.75,
133.0,109.75,
133.75,109.75,
134.5,109.75,
135.25,109.75,
136.0,109.75,
136.75,109.75,-85.7596566523605
137.5,109.75,-88.21711744749388
138.25,109.75,-88.96019557982345
139.0,109.75,-89.09252150009442
139.75,109.75,-89.53784207412009
140.5,109.75,-90.10126117700709
141.25,109.75,-91.09629561404992
142.0,109.75,-92.47880577617848
142.75,109.75,-93.51540255932288
143.5,109.75,-92.90465294844876
144.25,109.75,-91.46248949565037
145.0,109.75,-91.19264923408137
145.75,109.75,-90.8119428123082
146.5,109.75,-90.48735786882008
147.25,109.75,-90.04190403498487
148.0,109.75,-89.59792013236378
148.75,109.75,-89.08221456210602
149.5,109.75,-87.92759019632032
150.25,109.75,-86.96227666515507
151.0,109.75,-86.38691313669305
151.75,109.75,-86.56310698583292
152.5,109.75,-86.37477215895031
153.25,109.75,-86.09202545124202
154.0,109.75,-86.06097942018607
154.75,109.75,-86.39352462569856
155.5,109.75,-86.74207334857235
156.25,109.75,-87.0587275923584
157.0,109.75,-87.18847352024923
157.75,109.75,-87.55291005291005
158.5,109.75,-87.80905077262693
159.25,109.75,
160.0,109.75,
160.75,109.75,
161.5,109.75,
162.25,109.75,
163.0,109.75,
163.75,109.75,
164.5,109.75,
165.25,109.75,-90.38291139240506
166.0,109.75,-90.3191056910569
166.75,109.75,-90.17553191489361
167.5,109.75,-88.66812038085092
168.25,109.75,-88.8754884143844
169.0,109.75,-88.24569954254667
169.75,109.75,-87.01219029843126
170.5,109.75,-86.45241044252452
171.25,109.75,-85.98937023096724
172.0,109.75,-85.18721015072808
172.75,109.75,-84.08075993469109
173.5,109.75,-84.08401979275858
174.25,109.75,-84.67081693276775
175.0,109.75,-84.96854137685052
175.75,109.75,-85.18982655627919
176.5,109.75,-85.55070943344572
177.25,109.75,-86.01717282909414
178.0,109.75,-86.52346671417097
178.75,109.75,-85.06143043595559
179.5,109.75,-86.34988962472406
180.25,109.75,-86.74908424908425
181.0,109.75,
181.75,109.75,
182.5,109.75,
183.25,109.75,
67.0,110.5,
67.75,110.5,
68.5,110.5,
69.25,110.5,
70.0,110.5,
70.75,110.5,
71.5,110.5,
72.25,110.5,
73.0,110.5,
73.75,110.5,
74.5,110.5,
75.25,110.5,
76.0,110.5,
76.75,110.5,
77.5,110.5,
78.25,110.5,
79.0,110.5,
79.75,110.5,
80.5,110.5,
81.25,110.5,
82.0,110.5,
82.75,110.5,
83.5,110.5,
84.25,110.5,
85.0,110.5,
85.75,110.5,
86.5,110.5,
87.25,110.5,
88.0,110.5,
88.75,110.5,
89.5,110.5,
90.25,110.5,
91.0,110.5,
91.75,110.5,
92.5,110.5,
93.25,110.5,
94.0,110.5,
94.75,110.5,
95.5,110.5,
96.25,110.5,
97.0,110.5,
97.75,110.5,
98.5,110.5,
99.25,110.5,
100.0,110.5,
100.75,110.5,
101.5,110.5,
102.25,110.5,
103.0,110.5,
103.75,110.5,
104.5,110.5,
105.25,110.5,
106.0,110.5,
106.75,110.5,
107.5,110.5,
108.25,110.5,
109.0,110.5,
109.75,110.5,
110.5,110.5,
111.25,110.5,
112.0,110.5,
112.75,110.5,
113.5,110.5,
114.25,110.5,
115.0,110.5,
115.75,110.5,
116.5,110.5,
117.25,110.5,
118.0,110.5,
118.75,110.5,
119.5,110.5,
120.25,110.5,
121.0,110.5,
121.75,110.5,
122.5,110.5,
123.25,110.5,
124.0,110.5,
124.75,110.5,
125.5,110.5,
126.25,110.5,
127.0,110.5,
127.75,110.5,
128.5,110.5,
129.25,110.5,
130.0,110.5,
130.75,110.5,
131.5,110.5,
132.25,110.5,
133.0,110.5,
133.75,110.5,
134.5,110.5,
135.25,110.5,
136.0,110.5,
136.75,110.5,-86.17977528089888
137.5,110.5,-88.44918821407096
138.25,110.5,-89.16458227925322
139.0,110.5,-89.38727695540115
139.75,110.5,-89.81594296677201
140.5,110.5,-90.30506273535717
141.25,110.5,-90.9661611140929
142.0,110.5,-91.72335029816992
142.75,110.5,-91.90891689034578
143.5,110.5,-91.19724057520405
144.25,110.5,-89.86134000777778
145.0,110.5,-88.76210547551743
145.75,110.5,-89.5286506315888
146.5,110.5,-90.03000641880412
147.25,110.5,-89.93418037188641
148.0,110.5,-89.46781033596884
148.75,110.5,-89.31100609259728
149.5,110.5,-87.6864897099723
150.25,110.5,-87.77331116720829
151.0,110.5,-87.19121489073497
151.75,110.5,-86.37948710707268
152.5,110.5,-85.55040073660201
153.25,110.5,-85.27426520229356
154.0,110.5,-85.77764934418599
154.75,110.5,-86.5992735372268
155.5,110.5,-86.47368421052632
156.25,110.5,-86.23555789374423
157.0,110.5,-86.747311827957
157.75,110.5,-87.12703962703962
158.5,110.5,-87.42063492063492
159.25,110.5,
160.0,110.5,
160.75,110.5,
161.5,110.5,
162.25,110.5,
163.0,110.5,
163.75,110.5,
164.5,110.5,
165.25,110.5,-90.6590909090909
166.0,110.5,-90.67592592592592
166.75,110.5,-90.63607594936708
167.5,110.5,-89.45879556259905
168.25,110.5,-89.47700077272349
169.0,110.5,-88.67999661580981
169.75,110.5,-87.45726696581852
170.5,110.5,-86.29682261907273
171.25,110.5,-86.07934075507121
172.0,110.5,-85.81346879841561
172.75,110.5,-85.26795118202519
173.5,110.5,-84.99341278822297
174.25,110.5,-85.03198252051772
175.0,110.5,-85.27493859315348
175.75,110.5,-85.4934213731606
176.5,110.5,-85.76331929400774
177.25,110.5,-86.0968723399782
178.0,110.5,-84.28464866477695
178.75,110.5,-84.76663570879339
179.5,110.5,
180.25,110.5,
181.0,110.5,
181.75,110.5,
182.5,110.5,
183.25,110.5,
67.0,111.25,
67.75,111.25,
68.5,111.25,
69.25,111.25,
70.0,111.25,
70.75,111.25,
71.5,111.25,
72.25,111.25,
73.0,111.25,
73.75,111.25,
74.5,111.25,
75.25,111.25,
76.0,111.25,
76.75,111.25,
77.5,111.25,
78.25,111.25,
79.0,111.25,
79.75,111.25,
80.5,111.25,
81.25,111.25,
82.0,111.25,
82.75,111.25,
83.5,111.25,
84.25,111.25,
85.0,111.25,
85.75,111.25,
86.5,111.25,
87.25,111.25,
88.0,111.25,
88.75,111.25,
89.5,111.25,
90.25,111.25,
91.0,111.25,
91.75,111.25,
92.5,111.25,
93.25,111.25,
94.0,111.25,
94.75,111.25,
95.5,111.25,
96.25,111.25,
97.0,111.25,
97.75,111.25,
98.5,111.25,
99.25,111.25,
100.0,111.25,
100.75,111.25,
101.5,111.25,
102.25,111.25,
103.0,111.25,
103.75,111.25,
104.5,111.25,
105.25,111.25,
106.0,111.25,
106.75,111.25,
107.5,111.25,
108.25,111.25,
109.0,111.25,
109.75,111.25,
110.5,111.25,
111.25,111.25,
112.0,111.25,
112.75,111.25,
113.5,111.25,
114.25,111.25,
115.0,111.25,
115.75,111.25,
116.5,111.25,
117.25,111.25,
118.0,111.25,
118.75,111.25,
119.5,111.25,
120.25,111.25,
121.0,111.25,
121.75,111.25,
122.5,111.25,
123.25,111.25,
124.0,111.25,
124.75,111.25,
125.5,111.25,
126.25,111.25,
127.0,111.25,
127.75,111.25,
128.5,111.25,
129.25,111.25,
130.0,111.25,
130.75,111.25,
131.5,111.25,
132.25,111.25,
133.0,111.25,
133.75,111.25,
134.5,111.25,
135.25,111.25,
136.0,111.25,
136.75,111.25,
137.5,111.25,-88.5405008438626
138.25,111.25,-88.67755157808443
139.0,111.25,-89.38908734074937
139.75,111.25,-89.77654344112476
140.5,111.25,-90.16324196989815
141.25,111.25,-90.59216084284074
142.0,111.25,-90.9091034678124
142.75,111.25,-90.94205341048904
143.5,111.25,-90.47887960924736
144.25,111.25,-89.0984720517929
145.0,111.25,-88.15279602667614
145.75,111.25,-89.15700930196002
146.5,111.25,-89.9612227940112
147.25,111.25,-89.95407966379757
148.0,111.25,-89.49461694873646
148.75,111.25,-88.91991580249243
149.5,111.25,-88.36651215619466
150.25,111.25,-87.79802461579092
151.0,111.25,-87.27958852566111
151.75,111.25,-86.41876747469816
152.5,111.25,-85.35057185522426
153.25,111.25,-85.10969158708387
154.0,111.25,-85.70454441548942
154.75,111.25,-86.43555802743788
155.5,111.25,-86.58583491005618
156.25,111.25,-85.2456647398844
157.0,111.25,
157.75,111.25,
158.5,111.25,
159.25,111.25,
160.0,111.25,
160.75,111.25,
161.5,111.25,
162.25,111.25,
163.0,111.25,
163.75,111.25,
164.5,111.25,
165.25,111.25,-90.94402985074626
166.0,111.25,-90.27918743128669
166.75,111.25,-90.57337687283903
167.5,111.25,-90.1393084961702
168.25,111.25,-90.21371116652678
169.0,111.25,-89.89014940005003
169.75,111.25,-88.16018471102966
170.5,111.25,-86.41363051864552
171.25,111.25,-86.07926470393008
172.0,111.25,-86.17579819075662
172.75,111.25,-85.88159141230362
173.5,111.25,-85.53934560044033
174.25,111.25,-85.33231432208731
175.0,111.25,-84.4119560072444
175.75,111.25,-84.26732029562292
176.5,111.25,-84.15167259861872
177.25,111.25,-80.5
178.0,111.25,-80.36870897155362
178.75,111.25,
179.5,111.25,
180.25,111.25,
181.0,111.25,
181.75,111.25,
182.5,111.25,
183.25,111.25,
67.0,112.0,
67.75,112.0,
68.5,112.0,
69.25,112.0,
70.0,112.0,
70.75,112.0,
71.5,112.0,
72.25,112.0,
73.0,112.0,
73.75,112.0,
74.5,112.0,
75.25,112.0,
76.0,112.0,
76.75,112.0,
77.5,112.0,
78.25,112.0,
79.0,112.0,
79.75,112.0,
80.5,112.0,
81.25,112.0,
82.0,112.0,
82.75,112.0,
83.5,112.0,
84.25,112.0,
85.0,112.0,
85.75,112.0,
86.5,112.0,
87.25,112.0,
88.0,112.0,
88.75,112.0,
89.5,112.0,
90.25,112.0,
91.0,112.0,
91.75,112.0,
92.5,112.0,
93.25,112.0,
94.0,112.0,
94.75,112.0,
95.5,112.0,
96.25,112.0,
97.0,112.0,
97.75,112.0,
98.5,112.0,
99.25,112.0,
100.0,112.0,
100.75,112.0,
101.5,112.0,
102.25,112.0,
103.0,112.0,
103.75,112.0,
104.5,112.0,
105.25,112.0,
106.0,112.0,
106.75,112.0,
107.5,112.0,
108.25,112.0,
109.0,112.0,
109.75,112.0,
110.5,112.0,
111.25,112.0,
112.0,112.0,
112.75,112.0,
113.5,112.0,
114.25,112.0,
115.0,112.0,
115.75,112.0,
116.5,112.0,
117.25,112.0,
118.0,112.0,
118.75,112.0,
119.5,112.0,
120.25,112.0,
121.0,112.0,
121.75,112.0,
122.5,112.0,
123.25,112.0,
124.0,112.0,
124.75,112.0,
125.5,112.0,
126.25,112.0,
127.0,112.0,
127.75,112.0,
128.5,112.0,
129.25,112.0,
130.0,112.0,
130.75,112.0,
131.5,112.0,
132.25,112.0,
133.0,112.0,
133.75,112.0,
134.5,112.0,
135.25,112.0,
136.0,112.0,
136.75,112.0,
137.5,112.0,
138.25,112.0,-88.59257575288694
139.0,112.0,-88.76548307184144
139.75,112.0,-89.24660261622898
140.5,112.0,-89.8396612254707
141.25,112.0,-90.17121911296425
142.0,112.0,-90.17841409691633
142.75,112.0,-90.56061895182438
143.5,112.0,-90.2804236896811
144.25,112.0,-89.57931467523589
145.0,112.0,-89.25564681724848
145.75,112.0,-89.655015395557
146.5,112.0,-89.71670105280201
147.25,112.0,-89.79910774955583
148.0,112.0,-89.63934426229508
148.75,112.0,-89.57229551513491
149.5,112.0,-88.66885875617521
150.25,112.0,-88.41162302524461
151.0,112.0,-87.99070753179002
151.75,112.0,-87.1740723151273
152.5,112.0,-86.12889840132786
153.25,112.0,-85.85599851777603
154.0,112.0,-86.16355140186916
154.75,112.0,-86.56312625250501
155.5,112.0,-86.98857142857145
156.25,112.0,
157.0,112.0,
157.75,112.0,
158.5,112.0,
159.25,112.0,
160.0,112.0,
160.75,112.0,
161.5,112.0,
162.25,112.0,
163.0,112.0,
163.75,112.0,-90.60477582846003
164.5,112.0,-90.8690476190476
165.25,112.0,-90.06111708816975
166.0,112.0,-90.45652173913042
166.75,112.0,-90.96298227866677
167.5,112.0,-91.55220938137322
168.25,112.0,-91.74081959978398
169.0,112.0,-91.81764069264068
169.75,112.0,-90.28721893578589
170.5,112.0,-87.95058256327842
171.25,112.0,-87.02531973322009
172.0,112.0,-86.65527401296406
172.75,112.0,-86.40324407576156
173.5,112.0,-86.08681279142722
174.25,112.0,-85.8223277440376
175.0,112.0,-84.61033428333926
175.75,112.0,-84.47223979546322
176.5,112.0,-82.24421900641502
177.25,112.0,-80.63129102844638
178.0,112.0,-80.49999999999999
178.75,112.0,
179.5,112.0,
180.25,112.0,
181.0,112.0,
181.75,112.0,
182.5,112.0,
183.25,112.0,
67.0,112.75,
67.75,112.75,
68.5,112.75,
69.25,112.75,
70.0,112.75,
70.75,112.75,
71.5,112.75,
72.25,112.75,
73.0,112.75,
73.75,112.75,
74.5,112.75,
75.25,112.75,
76.0,112.75,
76.75,112.75,
77.5,112.75,
78.25,112.75,
79.0,112.75,
79.75,112.75,
80.5,112.75,
81.25,112.75,
82.0,112.75,
82.75,112.75,
83.5,112.75,
84.25,112.75,
85.0,112.75,
85.75,112.75,
86.5,112.75,
87.25,112.75,
88.0,112.75,
88.75,112.75,
89.5,112.75,
90.25,112.75,
91.0,112.75,
91.75,112.75,
92.5,112.75,
93.25,112.75,
94.0,112.75,
94.75,112.75,
95.5,112.75,
96.25,112.75,
97.0,112.75,
97.75,112.75,
98.5,112.75,
99.25,112.75,
100.0,112.75,
100.75,112.75,
101.5,112.75,
102.25,112.75,
103.0,112.75,
103.75,112.75,
104.5,112.75,
105.25,112.75,
106.0,112.75,
106.75,112.75,
107.5,112.75,
108.25,112.75,
109.0,112.75,
109.75,112.75,
110.5,112.75,
111.25,112.75,
112.0,112.75,
112.75,112.75,
113.5,112.75,
114.25,112.75,
115.0,112.75,
115.75,112.75,
116.5,112.75,
117.25,112.75,
118.0,112.75,
118.75,112.75,
119.5,112.75,
120.25,112.75,
121.0,112.75,
121.75,112.75,
122.5,112.75,
123.25,112.75,
124.0,112.75,
124.75,112.75,
125.5,112.75,
126.25,112.75,
127.0,112.75,
127.75,112.75,
128.5,112.75,
129.25,112.75,
130.0,112.75,
130.75,112.75,
131.5,112.75,
132.25,112.75,
133.0,112.75,
133.75,112.75,
134.5,112.75,
135.25,112.75,
136.0,112.75,
136.75,112.75,
137.5,112.75,
138.25,112.75,
139.0,112.75,-89.00889679715303
139.75,112.75,-88.60281503938556
140.5,112.75,-89.18426168547502
141.25,112.75,-89.57504008775638
142.0,112.75,-90.32610183376663
142.75,112.75,-90.26892689652779
143.5,112.75,-90.40291388057928
144.25,112.75,-90.08901759407568
145.0,112.75,-89.98598172094356
145.75,112.75,-89.64258591338573
146.5,112.75,-89.89876476672998
147.25,112.75,-89.970131169252
148.0,112.75,-89.76129683171922
148.75,112.75,-89.53185639420717
149.5,112.75,-89.38396198821128
150.25,112.75,-89.11482876632695
151.0,112.75,-88.83091569135503
151.75,112.75,-88.38674907719246
152.5,112.75,-87.61400325564016
153.25,112.75,-86.96481879935563
154.0,112.75,-86.83900501567437
154.75,112.75,-87.16385265947805
155.5,112.75,-87.63423788241684
156.25,112.75,-88.24054054054054
157.0,112.75,
157.75,112.75,
158.5,112.75,
159.25,112.75,
160.0,112.75,
160.75,112.75,
161.5,112.75,
162.25,112.75,
163.0,112.75,
163.75,112.75,-90.30777777777776
164.5,112.75,-90.54131652661064
165.25,112.75,-90.89539007092199
166.0,112.75,-90.43484925388285
166.75,112.75,-91.10223654993445
167.5,112.75,-91.9706241615862
168.25,112.75,-92.90570250772932
169.0,112.75,-93.3948324538766
169.75,112.75,-92.28593960034792
170.5,112.75,-89.8314618191454
171.25,112.75,-88.24620045693851
172.0,112.75,-87.87640931109874
172.75,112.75,-87.626635422769
173.5,112.75,-86.55549473711515
174.25,112.75,-86.25055094296273
175.0,112.75,-83.04453104224707
175.75,112.75,-82.72501039031113
176.5,112.75,-82.46506628870989
177.25,112.75,
178.0,112.75,
178.75,112.75,
179.5,112.75,
180.25,112.75,
181.0,112.75,
181.75,112.75,
182.5,112.75,
183.25,112.75,
67.0,113.5,
67.75,113.5,
68.5,113.5,
69.25,113.5,
70.0,113.5,
70.75,113.5,
71.5,113.5,
72.25,113.5,
73.0,113.5,
73.75,113.5,
74.5,113.5,
75.25,113.5,
76.0,113.5,
76.75,113.5,
77.5,113.5,
78.25,113.5,
79.0,113.5,
79.75,113.5,
80.5,113.5,
81.25,113.5,
82.0,113.5,
82.75,113.5,
83.5,113.5,
84.25,113.5,
85.0,113.5,
85.75,113.5,
86.5,113.5,
87.25,113.5,
88.0,113.5,
88.75,113.5,
89.5,113.5,
90.25,113.5,
91.0,113.5,
91.75,113.5,
92.5,113.5,
93.25,113.5,
94.0,113.5,
94.75,113.5,
95.5,113.5,
96.25,113.5,
97.0,113.5,
97.75,113.5,
98.5,113.5,
99.25,113.5,
100.0,113.5,
100.75,113.5,
101.5,113.5,
102.25,113.5,
103.0,113.5,
103.75,113.5,
104.5,113.5,
105.25,113.5,
106.0,113.5,
106.75,113.5,
107.5,113.5,
108.25,113.5,
109.0,113.5,
109.75,113.5,
110.5,113.5,
111.25,113.5,
112.0,113.5,
112.75,113.5,
113.5,113.5,
114.25,113.5,
115.0,113.5,
115.75,113.5,
116.5,113.5,
117.25,113.5,
118.0,113.5,
118.75,113.5,
119.5,113.5,
120.25,113.5,
121.0,113.5,
121.75,113.5,
122.5,113.5,
123.25,113.5,
124.0,113.5,
124.75,113.5,
125.5,113.5,
126.25,113.5,
127.0,113.5,
127.75,113.5,
128.5,113.5,
129.25,113.5,
130.0,113.5,
130.75,113.5,
131.5,113.5,
132.25,113.5,
133.0,113.5,
133.75,113.5,
134.5,113.5,
135.25,113.5,
136.0,113.5,
136.75,113.5,
137.5,113.5,
138.25,113.5,
139.0,113.5,
139.75,113.5,-88.54403450356432
140.5,113.5,-88.88732394366198
141.25,113.5,-89.68810640766627
142.0,113.5,-90.21838788596379
142.75,113.5,-90.13147530800165
143.5,113.5,-90.56881624597965
144.25,113.5,-90.56458733167378
145.0,113.5,-90.05260565944818
145.75,113.5,-90.15905411783535
146.5,113.5,-90.11809235427705
147.25,113.5,-90.0110798970262
148.0,113.5,-89.85759498588486
148.75,113.5,-89.1836215382855
149.5,113.5,-88.87194627194442
150.25,113.5,-89.96104260124542
151.0,113.5,-91.02257462513754
151.75,113.5,-90.3963896411144
152.5,113.5,-89.3703035414256
153.25,113.5,-88.00969226379604
154.0,113.5,-87.41867188641295
154.75,113.5,-88.14661943093473
155.5,113.5,-89.17004531361792
156.25,113.5,-90.23780822672809
157.0,113.5,-88.54424778761063
157.75,113.5,
158.5,113.5,
159.25,113.5,
160.0,113.5,
160.75,113.5,
161.5,113.5,
162.25,113.5,-90.71333333333334
163.0,113.5,-90.56561194813146
163.75,113.5,-91.08288086472888
164.5,113.5,-90.988236692965
165.25,113.5,-90.99187591135716
166.0,113.5,-90.22604139203796
166.75,113.5,-90.8240170769781
167.5,113.5,-91.76720647773281
168.25,113.5,-92.76315789473685
169.0,113.5,-93.22789606640202
169.75,113.5,-92.3701878746117
170.5,113.5,-90.62937462529976
171.25,113.5,-89.11468663581884
172.0,113.5,-88.28467754002693
172.75,113.5,-87.66160946926502
173.5,113.5,-87.23626373626375
174.25,113.5,-86.93521528039447
175.0,113.5,-84.56451612903226
175.75,113.5,-84.47350993377482
176.5,113.5,
177.25,113.5,
178.0,113.5,
178.75,113.5,
179.5,113.5,
180.25,113.5,
181.0,113.5,
181.75,113.5,
182.5,113.5,
183.25,113.5,
67.0,114.25,
67.75,114.25,
68.5,114.25,
69.25,114.25,
70.0,114.25,
70.75,114.25,
71.5,114.25,
72.25,114.25,
73.0,114.25,
73.75,114.25,
74.5,114.25,
75.25,114.25,
76.0,114.25,
76.75,114.25,
77.5,114.25,
78.25,114.25,
79.0,114.25,
79.75,114.25,
80.5,114.25,
81.25,114.25,
82.0,114.25,
82.75,114.25,
83.5,114.25,
84.25,114.25,
85.0,114.25,
85.75,114.25,
86.5,114.25,
87.25,114.25,
88.0,114.25,
88.75,114.25,
89.5,114.25,
90.25,114.25,
91.0,114.25,
91.75,114.25,
92.5,114.25,
93.25,114.25,
94.0,114.25,
94.75,114.25,
95.5,114.25,
96.25,114.25,
97.0,114.25,
97.75,114.25,
98.5,114.25,
99.25,114.25,
100.0,114.25,
100.75,114.25,
101.5,114.25,
102.25,114.25,
103.0,114.25,
103.75,114.25,
104.5,114.25,
105.25,114.25,
106.0,114.25,
106.75,114.25,
107.5,114.25,
108.25,114.25,
109.0,114.25,
109.75,114.25,
110.5,114.25,
111.25,114.25,
112.0,114.25,
112.75,114.25,
113.5,114.25,
114.25,114.25,
115.0,114.25,
115.75,114.25,
116.5,114.25,
117.25,114.25,
118.0,114.25,
118.75,114.25,
119.5,114.25,
120.25,114.25,
121.0,114.25,
121.75,114.25,
122.5,114.25,
123.25,114.25,
124.0,114.25,
124.75,114.25,
125.5,114.25,
126.25,114.25,
127.0,114.25,
127.75,114.25,
128.5,114.25,
129.25,114.25,
130.0,114.25,
130.75,114.25,
131.5,114.25,
132.25,114.25,
133.0,114.25,
133.75,114.25,
134.5,114.25,
135.25,114.25,
136.0,114.25,
136.75,114.25,
137.5,114.25,
138.25,114.25,
139.0,114.25,
139.75,114.25,-88.06569343065695
140.5,114.25,-88.61119450530342
141.25,114.25,-89.38618247501363
142.0,114.25,-89.81255153247713
142.75,114.25,-90.23974302498425
143.5,114.25,-90.55748030272957
144.25,114.25,-90.41802423737694
145.0,114.25,-90.57203040324906
145.75,114.25,-90.7567010719341
146.5,114.25,-90.98424029512435
147.25,114.25,-90.98458871620093
148.0,114.25,-89.37726964877254
148.75,114.25,-86.80214404918468
149.5,114.25,-87.52735938631383
150.25,114.25,-91.40649405649314
151.0,114.25,-93.6575434481548
151.75,114.25,-92.83499693188793
152.5,114.25,-90.59891672570363
153.25,114.25,-89.43566921543665
154.0,114.25,-88.75104220779512
154.75,114.25,-88.4625247957731
155.5,114.25,-88.84476115434443
156.25,114.25,-88.8458081866019
157.0,114.25,-89.5
157.75,114.25,-89.71343873517786
158.5,114.25,
159.25,114.25,
160.0,114.25,
160.75,114.25,
161.5,114.25,-92.75157232704403
162.25,114.25,-90.9721767594108
163.0,114.25,-90.70422259625968
163.75,114.25,-90.97059138728804
164.5,114.25,-90.73281737764577
165.25,114.25,-90.54773068770291
166.0,114.25,-90.12014739458922
166.75,114.25,-90.09590136097727
167.5,114.25,-90.83909068735282
168.25,114.25,-91.69455402741576
169.0,114.25,-92.14531789748855
169.75,114.25,-91.80693518098815
170.5,114.25,-90.43614189164077
171.25,114.25,-89.3880967929183
172.0,114.25,-88.5750606319633
172.75,114.25,-88.13949555395706
173.5,114.25,-87.67026167621329
174.25,114.25,-87.33187390542906
175.0,114.25,-84.62903225806451
175.75,114.25,-84.54395604395603
176.5,114.25,
177.25,114.25,
178.0,114.25,
178.75,114.25,
179.5,114.25,
180.25,114.25,
181.0,114.25,
181.75,114.25,
182.5,114.25,
183.25,114.25,
67.0,115.0,
67.75,115.0,
68.5,115.0,
69.25,115.0,
70.0,115.0,
70.75,115.0,
71.5,115.0,
72.25,115.0,
73.0,115.0,
73.75,115.0,
74.5,115.0,
75.25,115.0,
76.0,115.0,
76.75,115.0,
77.5,115.0,
78.25,115.0,
79.0,115.0,
79.75,115.0,
80.5,115.0,
81.25,115.0,
82.0,115.0,
82.75,115.0,
83.5,115.0,
84.25,115.0,
85.0,115.0,
85.75,115.0,
86.5,115.0,
87.25,115.0,
88.0,115.0,
88.75,115.0,
89.5,115.0,
90.25,115.0,
91.0,115.0,
91.75,115.0,
92.5,115.0,
93.25,115.0,
94.0,115.0,
94.75,115.0,
95.5,115.0,
96.25,115.0,
97.0,115.0,
97.75,115.0,
98.5,115.0,
99.25,115.0,
100.0,115.0,
100.75,115.0,
101.5,115.0,
102.25,115.0,
103.0,115.0,
103.75,115.0,
104.5,115.0,
105.25,115.0,
106.0,115.0,
106.75,115.0,
107.5,115.0,
108.25,115.0,
109.0,115.0,
109.75,115.0,
110.5,115.0,
111.25,115.0,
112.0,115.0,
112.75,115.0,
113.5,115.0,
114.25,115.0,
115.0,115.0,
115.75,115.0,
116.5,115.0,
117.25,115.0,
118.0,115.0,
118.75,115.0,
119.5,115.0,
120.25,115.0,
121.0,115.0,
121.75,115.0,
122.5,115.0,
123.25,115.0,
124.0,115.0,
124.75,115.0,
125.5,115.0,
126.25,115.0,
127.0,115.0,
127.75,115.0,
128.5,115.0,
129.25,115.0,
130.0,115.0,
130.75,115.0,
131.5,115.0,
132.25,115.0,
133.0,115.0,
133.75,115.0,
134.5,115.0,
135.25,115.0,
136.0,115.0,
136.75,115.0,
137.5,115.0,
138.25,115.0,
139.0,115.0,-88.00000000000006
139.75,115.0,-88.04147465437786
140.5,115.0,-88.18367346938774
141.25,115.0,-88.84330941013074
142.0,115.0,-89.31501139331962
142.75,115.0,-89.61566486364929
143.5,115.0,-91.12524031859381
144.25,115.0,-91.3721866586363
145.0,115.0,-91.0909090909091
145.75,115.0,-91.37438464659388
146.5,115.0,-91.75738658443332
147.25,115.0,-91.8843804544453
148.0,115.0,-89.02708058124172
148.75,115.0,-84.45169741632911
149.5,115.0,-85.71979367022207
150.25,115.0,-92.20711394713909
151.0,115.0,-95.99999999999314
151.75,115.0,-93.5401305539194
152.5,115.0,-90.80236692046336
153.25,115.0,-89.56319984839585
154.0,115.0,-89.63279307944715
154.75,115.0,-89.39627153920566
155.5,115.0,-89.16106308398048
156.25,115.0,-89.17713717034603
157.0,115.0,-88.44444444444444
157.75,115.0,
158.5,115.0,
159.25,115.0,-94.0
160.0,115.0,
160.75,115.0,-92.85374149659864
161.5,115.0,-91.39865405709881
162.25,115.0,-91.21744845810251
163.0,115.0,-90.92307692307692
163.75,115.0,-90.93412898176562
164.5,115.0,-90.51880593468456
165.25,115.0,-90.0689967030573
166.0,115.0,-89.70207129094412
166.75,115.0,-89.39740664696565
167.5,115.0,-89.49009038965536
168.25,115.0,-90.19973923417312
169.0,115.0,-90.72602739726027
169.75,115.0,-90.77193237445205
170.5,115.0,-90.45652173913044
171.25,115.0,-90.00551707586608
172.0,115.0,-89.59165902841428
172.75,115.0,-89.8510101010101
173.5,115.0,-89.58870967741935
174.25,115.0,-89.4274193548387
175.0,115.0,
175.75,115.0,
176.5,115.0,
177.25,115.0,
178.0,115.0,
178.75,115.0,
179.5,115.0,
180.25,115.0,
181.0,115.0,
181.75,115.0,
182.5,115.0,
183.25,115.0,
67.0,115.75,
67.75,115.75,
68.5,115.75,
69.25,115.75,
70.0,115.75,
70.75,115.75,
71.5,115.75,
72.25,115.75,
73.0,115.75,
73.75,115.75,
74.5,115.75,
75.25,115.75,
76.0,115.75,
76.75,115.75,
77.5,115.75,
78.25,115.75,
79.0,115.75,
79.75,115.75,
80.5,115.75,
81.25,115.75,
82.0,115.75,
82.75,115.75,
83.5,115.75,
84.25,115.75,
85.0,115.75,
85.75,115.75,
86.5,115.75,
87.25,115.75,
88.0,115.75,
88.75,115.75,
89.5,115.75,
90.25,115.75,
91.0,115.75,
91.75,115.75,
92.5,115.75,
93.25,115.75,
94.0,115.75,
94.75,115.75,
95.5,115.75,
96.25,115.75,
97.0,115.75,
97.75,115.75,
98.5,115.75,
99.25,115.75,
100.0,115.75,
100.75,115.75,
101.5,115.75,
102.25,115.75,
103.0,115.75,
103.75,115.75,
104.5,115.75,
105.25,115.75,
106.0,115.75,
106.75,115.75,
107.5,115.75,
108.25,115.75,
109.0,115.75,
109.75,115.75,
110.5,115.75,
111.25,115.75,
112.0,115.75,
112.75,115.75,
113.5,115.75,
114.25,115.75,
115.0,115.75,
115.75,115.75,
116.5,115.75,
117.25,115.75,
118.0,115.75,
118.75,115.75,
119.5,115.75,
120.25,115.75,
121.0,115.75,
121.75,115.75,
122.5,115.75,
123.25,115.75,
124.0,115.75,
124.75,115.75,
125.5,115.75,
126.25,115.75,
127.0,115.75,
127.75,115.75,
128.5,115.75,
129.25,115.75,
130.0,115.75,
130.75,115.75,
131.5,115.75,
132.25,115.75,
133.0,115.75,
133.75,115.75,
134.5,115.75,
135.25,115.75,
136.0,115.75,
136.75,115.75,
137.5,115.75,
138.25,115.75,-88.06569343065695
139.0,115.75,-88.04147465437786
139.75,115.75,-88.10112359550561
140.5,115.75,-88.88136272774919
141.25,115.75,-90.19090611615923
142.0,115.75,-90.86179029504447
142.75,115.75,-90.74659422370219
143.5,115.75,-91.17851637285186
144.25,115.75,-91.58869092781143
145.0,115.75,-91.62832307906625
145.75,115.75,-92.04545815398498
146.5,115.75,-92.22850624781731
147.25,115.75,-92.04307344880237
148.0,115.75,-89.96754821929542
148.75,115.75,-87.04203814083361
149.5,115.75,-87.51739999027765
150.25,115.75,-90.20385347976864
151.0,115.75,-92.00963659277902
151.75,115.75,-91.0259696193349
152.5,115.75,-90.02390439008093
153.25,115.75,-89.4927007038459
154.0,115.75,-89.42791888479158
154.75,115.75,-89.4689440332307
155.5,115.75,-89.58969328557593
156.25,115.75,-89.51825795149657
157.0,115.75,-90.1048632218845
157.75,115.75,-90.10975609756098
158.5,115.75,-93.86031782749568
159.25,115.75,-93.84910324250917
160.0,115.75,-93.28450301845317
160.75,115.75,-93.09050711685492
161.5,115.75,-92.0476749194103
162.25,115.75,-91.8589563313391
163.0,115.75,-91.53766451348112
163.75,115.75,-91.26337779376145
164.5,115.75,-90.43805087376003
165.25,115.75,-89.6750145435832
166.0,115.75,-88.8636142059776
166.75,115.75,-88.35134628206478
167.5,115.75,-88.41909085453047
168.25,115.75,-88.82608336834524
169.0,115.75,-89.51082698487201
169.75,115.75,-89.88954412309532
170.5,115.75,-89.83566344466514
171.25,115.75,-89.69928063304293
172.0,115.75,-89.49181768185538
172.75,115.75,-89.2913548451534
173.5,115.75,-89.81622516556291
174.25,115.75,-89.64010989010988
175.0,115.75,
175.75,115.75,
176.5,115.75,
177.25,115.75,
178.0,115.75,
178.75,115.75,
179.5,115.75,
180.25,115.75,
181.0,115.75,
181.75,115.75,
182.5,115.75,
183.25,115.75,
67.0,116.5,
67.75,116.5,
68.5,116.5,
69.25,116.5,
70.0,116.5,
70.75,116.5,
71.5,116.5,
72.25,116.5,
73.0,116.5,
73.75,116.5,
74.5,116.5,
75.25,116.5,
76.0,116.5,
76.75,116.5,
77.5,116.5,
78.25,116.5,
79.0,116.5,
79.75,116.5,
80.5,116.5,
81.25,116.5,
82.0,116.5,
82.75,116.5,
83.5,116.5,
84.25,116.5,
85.0,116.5,
85.75,116.5,
86.5,116.5,
87.25,116.5,
88.0,116.5,
88.75,116.5,
89.5,116.5,
90.25,116.5,
91.0,116.5,
91.75,116.5,
92.5,116.5,
93.25,116.5,
94.0,116.5,
94.75,116.5,
95.5,116.5,
96.25,116.5,
97.0,116.5,
97.75,116.5,
98.5,116.5,
99.25,116.5,
100.0,116.5,
100.75,116.5,
101.5,116.5,
102.25,116.5,
103.0,116.5,
103.75,116.5,
104.5,116.5,
105.25,116.5,
106.0,116.5,
106.75,116.5,
107.5,116.5,
108.25,116.5,
109.0,116.5,
109.75,116.5,
110.5,116.5,
111.25,116.5,
112.0,116.5,
112.75,116.5,
113.5,116.5,
114.25,116.5,
115.0,116.5,
115.75,116.5,
116.5,116.5,
117.25,116.5,
118.0,116.5,
118.75,116.5,
119.5,116.5,
120.25,116.5,
121.0,116.5,
121.75,116.5,
122.5,116.5,
123.25,116.5,
124.0,116.5,
124.75,116.5,
125.5,116.5,
126.25,116.5,
127.0,116.5,
127.75,116.5,
128.5,116.5,
129.25,116.5,
130.0,116.5,
130.75,116.5,
131.5,116.5,
132.25,116.5,
133.0,116.5,
133.75,116.5,
134.5,116.5,
135.25,116.5,
136.0,116.5,
136.75,116.5,
137.5,116.5,
138.25,116.5,-88.17786561264822
139.0,116.5,-88.18367346938774
139.75,116.5,-88.91757796533241
140.5,116.5,-89.42273534635879
141.25,116.5,-90.55909554144884
142.0,116.5,-90.99961442484405
142.75,116.5,-91.29857946974616
143.5,116.5,-91.59967141833407
144.25,116.5,-92.07463456044091
145.0,116.5,-91.82399809301339
145.75,116.5,-92.84428058941774
146.5,116.5,-94.32659932659931
147.25,116.5,-94.62103341857136
148.0,116.5,-92.03507845778572
148.75,116.5,-89.62483446877081
149.5,116.5,-88.68171714365103
150.25,116.5,-87.79205136829819
151.0,116.5,-86.2060674943172
151.75,116.5,-87.35623045468783
152.5,116.5,-88.350659629203
153.25,116.5,-88.61750235864069
154.0,116.5,-88.99916550663113
154.75,116.5,-89.57917227385727
155.5,116.5,-90.31766033185521
156.25,116.5,-90.51195013549847
157.0,116.5,-90.53076923076924
157.75,116.5,-91.64680916228416
158.5,116.5,-93.85433070866142
159.25,116.5,-93.83905033011074
160.0,116.5,-93.32328791055205
160.75,116.5,-93.17202406330307
161.5,116.5,-92.35723500592333
162.25,116.5,-92.22912571647433
163.0,116.5,-91.93506733312722
163.75,116.5,-91.39757105611783
164.5,116.5,-90.77695167286245
165.25,116.5,-89.55576197429242
166.0,116.5,-88.25325382355918
166.75,116.5,-87.33669319622088
167.5,116.5,-87.4721389126916
168.25,116.5,-88.32473999488953
169.0,116.5,-88.74187358257232
169.75,116.5,-89.25839025296798
170.5,116.5,-89.28601642199551
171.25,116.5,-89.35597199191301
172.0,116.5,-89.30807287576565
172.75,116.5,-89.21345454545454
173.5,116.5,
174.25,116.5,
175.0,116.5,
175.75,116.5,
176.5,116.5,
177.25,116.5,
178.0,116.5,
178.75,116.5,
179.5,116.5,
180.25,116.5,
181.0,116.5,
181.75,116.5,
182.5,116.5,
183.25,116.5,
67.0,117.25,
67.75,117.25,
68.5,117.25,
69.25,117.25,
70.0,117.25,
70.75,117.25,
71.5,117.25,
72.25,117.25,
73.0,117.25,
73.75,117.25,
74.5,117.25,
75.25,117.25,
76.0,117.25,
76.75,117.25,
77.5,117.25,
78.25,117.25,
79.0,117.25,
79.75,117.25,
80.5,117.25,
81.25,117.25,
82.0,117.25,
82.75,117.25,
83.5,117.25,
84.25,117.25,
85.0,117.25,
85.75,117.25,
86.5,117.25,
87.25,117.25,
88.0,117.25,
88.75,117.25,
89.5,117.25,
90.25,117.25,
91.0,117.25,
91.75,117.25,
92.5,117.25,
93.25,117.25,
94.0,117.25,
94.75,117.25,
95.5,117.25,
96.25,117.25,
97.0,117.25,
97.75,117.25,
98.5,117.25,
99.25,117.25,
100.0,117.25,
100.75,117.25,
101.5,117.25,
102.25,117.25,
103.0,117.25,
103.75,117.25,
104.5,117.25,
105.25,117.25,
106.0,117.25,
106.75,117.25,
107.5,117.25,
108.25,117.25,
109.0,117.25,
109.75,117.25,
110.5,117.25,
111.25,117.25,
112.0,117.25,
112.75,117.25,
113.5,117.25,
114.25,117.25,
115.0,117.25,
115.75,117.25,
116.5,117.25,
117.25,117.25,
118.0,117.25,
118.75,117.25,
119.5,117.25,
120.25,117.25,
121.0,117.25,
121.75,117.25,
122.5,117.25,
123.25,117.25,
124.0,117.25,
124.75,117.25,
125.5,117.25,
126.25,117.25,
127.0,117.25,
127.75,117.25,
128.5,117.25,
129.25,117.25,
130.0,117.25,
130.75,117.25,
131.5,117.25,
132.25,117.25,
133.0,117.25,
133.75,117.25,
134.5,117.25,
135.25,117.25,
136.0,117.25,
136.75,117.25,
137.5,117.25,-88.36
138.25,117.25,-88.36
139.0,117.25,-89.30988586829935
139.75,117.25,-89.60154121673712
140.5,117.25,-89.9777808578375
141.25,117.25,-90.69166660556819
142.0,117.25,-91.04136722587546
142.75,117.25,-91.11006698475153
143.5,117.25,-91.27699901813011
144.25,117.25,-91.65036645120335
145.0,117.25,-92.17685081090886
145.75,117.25,-92.83441013090221
146.5,117.25,-94.9630751007514
147.25,117.25,-95.45198382379353
148.0,117.25,-92.59316534072131
148.75,117.25,-90.11194731890876
149.5,117.25,-89.05236787986924
150.25,117.25,-87.21723402254663
151.0,117.25,-85.26283037651439
151.75,117.25,-86.46107673960948
152.5,117.25,-87.69715734496955
153.25,117.25,-88.05092491705602
154.0,117.25,-89.01474501452148
154.75,117.25,-90.23359416832665
155.5,117.25,-91.00945748337098
156.25,117.25,-91.13616767662396
157.0,117.25,-91.57756334428218
157.75,117.25,-92.19144285607405
158.5,117.25,-92.441178335164
159.25,117.25,-93.8497430013152
160.0,117.25,-93.43942109793367
160.75,117.25,-93.26450156304271
161.5,117.25,-92.70431939713318
162.25,117.25,-92.69558112397033
163.0,117.25,-92.4835378642175
163.75,117.25,-91.89609087644025
164.5,117.25,-91.0379501425146
165.25,117.25,-90.08506440756645
166.0,117.25,-88.38091645074458
166.75,117.25,-87.16248242438982
167.5,117.25,-87.30880882250244
168.25,117.25,-88.12387607673563
169.0,117.25,-88.60942369137312
169.75,117.25,-89.25624772243425
170.5,117.25,-89.742450715995
171.25,117.25,-89.85606060606061
172.0,117.25,-90.12529976019184
172.75,117.25,-90.29980842911877
173.5,117.25,
174.25,117.25,
175.0,117.25,
175.75,117.25,
176.5,117.25,
177.25,117.25,
178.0,117.25,
178.75,117.25,
179.5,117.25,
180.25,117.25,
181.0,117.25,
181.75,117.25,
182.5,117.25,
183.25,117.25,
67.0,118.0,
67.75,118.0,
68.5,118.0,
69.25,118.0,
70.0,118.0,
70.75,118.0,
71.5,118.0,
72.25,118.0,
73.0,118.0,
73.75,118.0,
74.5,118.0,
75.25,118.0,
76.0,118.0,
76.75,118.0,
77.5,118.0,
78.25,118.0,
79.0,118.0,
79.75,118.0,
80.5,118.0,
81.25,118.0,
82.0,118.0,
82.75,118.0,
83.5,118.0,
84.25,118.0,
85.0,118.0,
85.75,118.0,
86.5,118.0,
87.25,118.0,
88.0,118.0,
88.75,118.0,
89.5,118.0,
90.25,118.0,
91.0,118.0,
91.75,118.0,
92.5,118.0,
93.25,118.0,
94.0,118.0,
94.75,118.0,
95.5,118.0,
96.25,118.0,
97.0,118.0,
97.75,118.0,
98.5,118.0,
99.25,118.0,
100.0,118.0,
100.75,118.0,
101.5,118.0,
102.25,118.0,
103.0,118.0,
103.75,118.0,
104.5,118.0,
105.25,118.0,
106.0,118.0,
106.75,118.0,
107.5,118.0,
108.25,118.0,
109.0,118.0,
109.75,118.0,
110.5,118.0,
111.25,118.0,
112.0,118.0,
112.75,118.0,
113.5,118.0,
114.25,118.0,
115.0,118.0,
115.75,118.0,
116.5,118.0,
117.25,118.0,
118.0,118.0,
118.75,118.0,
119.5,118.0,
120.25,118.0,
121.0,118.0,
121.75,118.0,
122.5,118.0,
123.25,118.0,
124.0,118.0,
124.75,118.0,
125.5,118.0,
126.25,118.0,
127.0,118.0,
127.75,118.0,
128.5,118.0,
129.25,118.0,
130.0,118.0,
130.75,118.0,
131.5,118.0,
132.25,118.0,
133.0,118.0,
133.75,118.0,
134.5,118.0,
135.25,118.0,
136.0,118.0,
136.75,118.0,
137.5,118.0,-88.52941176470587
138.25,118.0,-89.7623715706691
139.0,118.0,-89.93165388020064
139.75,118.0,-90.190294392998
140.5,118.0,-90.46447137852384
141.25,118.0,-90.9171710572476
142.0,118.0,-90.81827515400411
142.75,118.0,-90.71447977879822
143.5,118.0,-90.9228836132269
144.25,118.0,-91.03347467904527
145.0,118.0,-91.12570145903479
145.75,118.0,-92.08349264080577
146.5,118.0,-93.09261772432491
147.25,118.0,-93.55241467137407
148.0,118.0,-92.2142857142857
148.75,118.0,-90.40668483250894
149.5,118.0,-89.71105853373956
150.25,118.0,-88.85379087571589
151.0,118.0,-87.9927344782034
151.75,118.0,-87.81693353960414
152.5,118.0,-86.65495066172852
153.25,118.0,-86.4427373971174
154.0,118.0,-88.7892998678996
154.75,118.0,-91.52929775421278
155.5,118.0,-92.1410777898195
156.25,118.0,-91.69017582476057
157.0,118.0,-92.10595522712454
157.75,118.0,-92.34994805963404
158.5,118.0,-92.57801514271674
159.25,118.0,-93.4649923944717
160.0,118.0,-93.43503937007874
160.75,118.0,-93.45881029735597
161.5,118.0,-93.09149201670128
162.25,118.0,-93.24645622388665
163.0,118.0,-93.21375338753387
163.75,118.0,-92.46545416429983
164.5,118.0,-91.37828312089609
165.25,118.0,-90.71394859509267
166.0,118.0,-89.65989847715738
166.75,118.0,-88.29415857899174
167.5,118.0,-88.09590108993412
168.25,118.0,-88.53450880527868
169.0,118.0,-88.65748031496062
169.75,118.0,-89.1378539379475
170.5,118.0,-89.54237906789103
171.25,118.0,-89.52226463104324
172.0,118.0,-89.81666666666666
172.75,118.0,
173.5,118.0,
174.25,118.0,
175.0,118.0,
175.75,118.0,
176.5,118.0,
177.25,118.0,
178.0,118.0,
178.75,118.0,
179.5,118.0,
180.25,118.0,
181.0,118.0,
181.75,118.0,
182.5,118.0,
183.25,118.0,
67.0,118.75,
67.75,118.75,
68.5,118.75,
69.25,118.75,
70.0,118.75,
70.75,118.75,
71.5,118.75,
72.25,118.75,
73.0,118.75,
73.75,118.75,
74.5,118.75,
75.25,118.75,
76.0,118.75,
76.75,118.75,
77.5,118.75,
78.25,118.75,
79.0,118.75,
79.75,118.75,
80.5,118.75,
81.25,118.75,
82.0,118.75,
82.75,118.75,
83.5,118.75,
84.25,118.75,
85.0,118.75,
85.75,118.75,
86.5,118.75,
87.25,118.75,
88.0,118.75,
88.75,118.75,
89.5,118.75,
90.25,118.75,
91.0,118.75,
91.75,118.75,
92.5,118.75,
93.25,118.75,
94.0,118.75,
94.75,118.75,
95.5,118.75,
96.25,118.75,
97.0,118.75,
97.75,118.75,
98.5,118.75,
99.25,118.75,
100.0,118.75,
100.75,118.75,
101.5,118.75,
102.25,118.75,
103.0,118.75,
103.75,118.75,
104.5,118.75,
105.25,118.75,
106.0,118.75,
106.75,118.75,
107.5,118.75,
108.25,118.75,
109.0,118.75,
109.75,118.75,
110.5,118.75,
111.25,118.75,
112.0,118.75,
112.75,118.75,
113.5,118.75,
114.25,118.75,
115.0,118.75,
115.75,118.75,
116.5,118.75,
117.25,118.75,
118.0,118.75,
118.75,118.75,
119.5,118.75,
120.25,118.75,
121.0,118.75,
121.75,118.75,
122.5,118.75,
123.25,118.75,
124.0,118.75,
124.75,118.75,
125.5,118.75,
126.25,118.75,
127.0,118.75,
127.75,118.75,
128.5,118.75,
129.25,118.75,
130.0,118.75,
130.75,118.75,
131.5,118.75,
132.25,118.75,
133.0,118.75,
133.75,118.75,
134.5,118.75,
135.25,118.75,
136.0,118.75,
136.75,118.75,
137.5,118.75,-90.09200764873336
138.25,118.75,-90.22054518252403
139.0,118.75,-90.43028627193696
139.75,118.75,-90.62583631572173
140.5,118.75,-90.85731261452506
141.25,118.75,-90.98238822088979
142.0,118.75,-90.6851363424968
142.75,118.75,-90.17517310723646
143.5,118.75,-90.39699337334183
144.25,118.75,-90.65233853935712
145.0,118.75,-90.09763970139035
145.75,118.75,-90.8699382563265
146.5,118.75,-92.11358872778942
147.25,118.75,-92.49844926037932
148.0,118.75,-91.20631596969828
148.75,118.75,-90.12691341163514
149.5,118.75,-90.12107191188294
150.25,118.75,-90.17484638576583
151.0,118.75,-90.80131911985615
151.75,118.75,-88.8144403926301
152.5,118.75,-84.68477277452668
153.25,118.75,-83.73099980341533
154.0,118.75,-88.67173890553002
154.75,118.75,-93.50397816533207
155.5,118.75,-93.3417173368034
156.25,118.75,-92.61003907827308
157.0,118.75,-92.32684025159688
157.75,118.75,-92.49581582666477
158.5,118.75,-92.71704079180945
159.25,118.75,-93.48272825751248
160.0,118.75,-93.46203787581868
160.75,118.75,-93.46900885896746
161.5,118.75,-93.29123107438028
162.25,118.75,-93.62062057766413
163.0,118.75,-93.9293816286812
163.75,118.75,-92.98668394614091
164.5,118.75,-91.2665308705738
165.25,118.75,-91.00481010647566
166.0,118.75,-90.57141481120979
166.75,118.75,-89.4980079681275
167.5,118.75,-89.16109557048182
168.25,118.75,-89.18770249998066
169.0,118.75,-88.90360188814394
169.75,118.75,-89.20226250589495
170.5,118.75,-89.49600018822645
171.25,118.75,
172.0,118.75,
172.75,118.75,
173.5,118.75,
174.25,118.75,
175.0,118.75,
175.75,118.75,
176.5,118.75,
177.25,118.75,
178.0,118.75,
178.75,118.75,
179.5,118.75,
180.25,118.75,
181.0,118.75,
181.75,118.75,
182.5,118.75,
183.25,118.75,
67.0,119.5,
67.75,119.5,
68.5,119.5,
69.25,119.5,
70.0,119.5,
70.75,119.5,
71.5,119.5,
72.25,119.5,
73.0,119.5,
73.75,119.5,
74.5,119.5,
75.25,119.5,
76.0,119.5,
76.75,119.5,
77.5,119.5,
78.25,119.5,
79.0,119.5,
79.75,119.5,
80.5,119.5,
81.25,119.5,
82.0,119.5,
82.75,119.5,
83.5,119.5,
84.25,119.5,
85.0,119.5,
85.75,119.5,
86.5,119.5,
87.25,119.5,
88.0,119.5,
88.75,119.5,
89.5,119.5,
90.25,119.5,
91.0,119.5,
91.75,119.5,
92.5,119.5,
93.25,119.5,
94.0,119.5,
94.75,119.5,
95.5,119.5,
96.25,119.5,
97.0,119.5,
97.75,119.5,
98.5,119.5,
99.25,119.5,
100.0,119.5,
100.75,119.5,
101.5,119.5,
102.25,119.5,
103.0,119.5,
103.75,119.5,
104.5,119.5,
105.25,119.5,
106.0,119.5,
106.75,119.5,
107.5,119.5,
108.25,119.5,
109.0,119.5,
109.75,119.5,
110.5,119.5,
111.25,119.5,
112.0,119.5,
112.75,119.5,
113.5,119.5,
114.25,119.5,
115.0,119.5,
115.75,119.5,
116.5,119.5,
117.25,119.5,
118.0,119.5,
118.75,119.5,
119.5,119.5,
120.25,119.5,
121.0,119.5,
121.75,119.5,
122.5,119.5,
123.25,119.5,
124.0,119.5,
124.75,119.5,
125.5,119.5,
126.25,119.5,
127.0,119.5,
127.75,119.5,
128.5,119.5,
129.25,119.5,
130.0,119.5,
130.75,119.5,
131.5,119.5,
132.25,119.5,
133.0,119.5,
133.75,119.5,
134.5,119.5,
135.25,119.5,-92.56654343807763
136.0,119.5,-92.35123966942149
136.75,119.5,-91.12741312741313
137.5,119.5,-91.5661478966827
138.25,119.5,-91.47264584723357
139.0,119.5,-91.5096778860397
139.75,119.5,-91.01199028898289
140.5,119.5,-91.2619076166297
141.25,119.5,-91.45423842286506
142.0,119.5,-91.30885165440631
142.75,119.5,-90.72564499572664
143.5,119.5,-90.94327573253196
144.25,119.5,-90.94700951464587
145.0,119.5,-90.36855511232561
145.75,119.5,-90.87286833216024
146.5,119.5,-91.69273836062213
147.25,119.5,-92.15372819636315
148.0,119.5,-91.40517760348253
148.75,119.5,-90.62469548224655
149.5,119.5,-90.56269113149847
150.25,119.5,-90.533479026502
151.0,119.5,-90.5356609967174
151.75,119.5,-88.89604661991987
152.5,119.5,-85.3099745965993
153.25,119.5,-84.53938771305084
154.0,119.5,-88.66767469292594
154.75,119.5,-92.91393186141805
155.5,119.5,-93.04378753189611
156.25,119.5,-92.55898467901868
157.0,119.5,-92.27719576743148
157.75,119.5,-92.62644144056728
158.5,119.5,-93.39526222988368
159.25,119.5,-93.41438213515828
160.0,119.5,-93.48227248488067
160.75,119.5,-93.3345098955309
161.5,119.5,-93.51206688501983
162.25,119.5,-93.5539571145547
163.0,119.5,-93.75411560430396
163.75,119.5,-92.92402162040591
164.5,119.5,-91.41287878787878
165.25,119.5,-91.07285292892075
166.0,119.5,-90.87470939782175
166.75,119.5,-90.36747339421791
167.5,119.5,-89.6842105263158
168.25,119.5,-89.42406068661458
169.0,119.5,-88.54716981132076
169.75,119.5,-88.50853242320818
170.5,119.5,-88.51020408163265
171.25,119.5,
172.0,119.5,
172.75,119.5,
173.5,119.5,
174.25,119.5,
175.0,119.5,
175.75,119.5,
176.5,119.5,
177.25,119.5,
178.0,119.5,
178.75,119.5,
179.5,119.5,
180.25,119.5,
181.0,119.5,
181.75,119.5,
182.5,119.5,
183.25,119.5,
67.0,120.25,
67.75,120.25,
68.5,120.25,
69.25,120.25,
70.0,120.25,
70.75,120.25,
71.5,120.25,
72.25,120.25,
73.0,120.25,
73.75,120.25,
74.5,120.25,
75.25,120.25,
76.0,120.25,
76.75,120.25,
77.5,120.25,
78.25,120.25,
79.0,120.25,
79.75,120.25,
80.5,120.25,
81.25,120.25,
82.0,120.25,
82.75,120.25,
83.5,120.25,
84.25,120.25,
85.0,120.25,
85.75,120.25,
86.5,120.25,
87.25,120.25,
88.0,120.25,
88.75,120.25,
89.5,120.25,
90.25,120.25,
91.0,120.25,
91.75,120.25,
92.5,120.25,
93.25,120.25,
94.0,120.25,
94.75,120.25,
95.5,120.25,
96.25,120.25,
97.0,120.25,
97.75,120.25,
98.5,120.25,
99.25,120.25,
100.0,120.25,
100.75,120.25,
101.5,120.25,
102.25,120.25,
103.0,120.25,
103.75,120.25,
104.5,120.25,
105.25,120.25,
106.0,120.25,
106.75,120.25,
107.5,120.25,
108.25,120.25,
109.0,120.25,
109.75,120.25,
110.5,120.25,
111.25,120.25,
112.0,120.25,
112.75,120.25,
113.5,120.25,
114.25,120.25,
115.0,120.25,
115.75,120.25,
116.5,120.25,
117.25,120.25,
118.0,120.25,
118.75,120.25,
119.5,120.25,
120.25,120.25,
121.0,120.25,
121.75,120.25,
122.5,120.25,
123.25,120.25,
124.0,120.25,
124.75,120.25,
125.5,120.25,
126.25,120.25,
127.0,120.25,
127.75,120.25,
128.5,120.25,
129.25,120.25,
130.0,120.25,
130.75,120.25,
131.5,120.25,
132.25,120.25,
133.0,120.25,
133.75,120.25,
134.5,120.25,
135.25,120.25,
136.0,120.25,-93.641425389755
136.75,120.25,-91.83592429507222
137.5,120.25,-92.00242981602109
138.25,120.25,-91.83432111130047
139.0,120.25,-91.71869226623838
139.75,120.25,-91.12264485221708
140.5,120.25,-91.7264803922774
141.25,120.25,-92.19233569783285
142.0,120.25,-92.92210901266574
142.75,120.25,-93.77803940215323
143.5,120.25,-93.43759724943183
144.25,120.25,-92.23842453397477
145.0,120.25,-91.76386665797341
145.75,120.25,-91.43593036249655
146.5,120.25,-92.42236168154197
147.25,120.25,-92.46088355542439
148.0,120.25,-92.8792333718956
148.75,120.25,-93.22126333592422
149.5,120.25,-92.60608874796111
150.25,120.25,-91.25398116099734
151.0,120.25,-90.16919028384929
151.75,120.25,-88.93480149706814
152.5,120.25,-87.36203811120379
153.25,120.25,-87.09567924714652
154.0,120.25,-89.06907990346988
154.75,120.25,-91.14060352971448
155.5,120.25,-92.17260588939811
156.25,120.25,-92.27429480420318
157.0,120.25,-92.30277206019481
157.75,120.25,-92.46657354622143
158.5,120.25,-93.34918054364773
159.25,120.25,-93.38960067498658
160.0,120.25,-93.33152399481348
160.75,120.25,-93.41694032863856
161.5,120.25,-93.41038959983074
162.25,120.25,-93.23165140254
163.0,120.25,-93.18461923434474
163.75,120.25,-92.63920451772127
164.5,120.25,-91.78197771425461
165.25,120.25,-91.3284932478066
166.0,120.25,-91.05876458525657
166.75,120.25,-90.7274725819919
167.5,120.25,-90.12737707658385
168.25,120.25,-89.86145648312612
169.0,120.25,-88.81322957198442
169.75,120.25,-88.71597633136093
170.5,120.25,-88.67048054919908
171.25,120.25,
172.0,120.25,
172.75,120.25,
173.5,120.25,
174.25,120.25,
175.0,120.25,
175.75,120.25,
176.5,120.25,
177.25,120.25,
178.0,120.25,
178.75,120.25,
179.5,120.25,
180.25,120.25,
181.0,120.25,
181.75,120.25,
182.5,120.25,
183.25,120.25,
67.0,121.0,
67.75,121.0,
68.5,121.0,
69.25,121.0,
70.0,121.0,
70.75,121.0,
71.5,121.0,
72.25,121.0,
73.0,121.0,
73.75,121.0,
74.5,121.0,
75.25,121.0,
76.0,121.0,
76.75,121.0,
77.5,121.0,
78.25,121.0,
79.0,121.0,
79.75,121.0,
80.5,121.0,
81.25,121.0,
82.0,121.0,
82.75,121.0,
83.5,121.0,
84.25,121.0,
85.0,121.0,
85.75,121.0,
86.5,121.0,
87.25,121.0,
88.0,121.0,
88.75,121.0,
89.5,121.0,
90.25,121.0,
91.0,121.0,
91.75,121.0,
92.5,121.0,
93.25,121.0,
94.0,121.0,
94.75,121.0,
95.5,121.0,
96.25,121.0,
97.0,121.0,
97.75,121.0,
98.5,121.0,
99.25,121.0,
100.0,121.0,
100.75,121.0,
101.5,121.0,
102.25,121.0,
103.0,121.0,
103.75,121.0,
104.5,121.0,
105.25,121.0,
106.0,121.0,
106.75,121.0,
107.5,121.0,
108.25,121.0,
109.0,121.0,
109.75,121.0,
110.5,121.0,
111.25,121.0,
112.0,121.0,
112.75,121.0,
113.5,121.0,
114.25,121.0,
115.0,121.0,
115.75,121.0,
116.5,121.0,
117.25,121.0,
118.0,121.0,
118.75,121.0,
119.5,121.0,
120.25,121.0,
121.0,121.0,
121.75,121.0,
122.5,121.0,
123.25,121.0,
124.0,121.0,
124.75,121.0,
125.5,121.0,
126.25,121.0,
127.0,121.0,
127.75,121.0,
128.5,121.0,
129.25,121.0,
130.0,121.0,
130.75,121.0,
131.5,121.0,
132.25,121.0,
133.0,121.0,
133.75,121.0,
134.5,121.0,
135.25,121.0,
136.0,121.0,-94.04347826086958
136.75,121.0,-93.28016806444676
137.5,121.0,-92.89210389114793
138.25,121.0,-92.47502901121456
139.0,121.0,-92.07407407407408
139.75,121.0,-91.81913059077314
140.5,121.0,-91.4606752910279
141.25,121.0,-92.1958256467611
142.0,121.0,-93.76487093153762
142.75,121.0,-95.77303993804586
143.5,121.0,-95.1752591187054
144.25,121.0,-93.2318730980995
145.0,121.0,-92.64556962025316
145.75,121.0,-92.07835162607208
146.5,121.0,-92.83123948115535
147.25,121.0,-93.27381467902818
148.0,121.0,-93.74848116646417
148.75,121.0,-94.87514312880039
149.5,121.0,-94.32889588120804
150.25,121.0,-92.1761764455883
151.0,121.0,-90.59420289855072
151.75,121.0,-89.45722419483391
152.5,121.0,-88.60654983421341
153.25,121.0,-88.71880586482759
154.0,121.0,-89.5388349514563
154.75,121.0,-90.62471163654935
155.5,121.0,-91.62534648359525
156.25,121.0,-92.17987585516086
157.0,121.0,-92.44339622641508
157.75,121.0,-92.6536390790563
158.5,121.0,-93.32441865289276
159.25,121.0,-93.38220721667099
160.0,121.0,-93.36726398412904
160.75,121.0,-93.487891938297
161.5,121.0,-93.45392175379452
162.25,121.0,-93.29707858199242
163.0,121.0,-92.85593220338983
163.75,121.0,-92.56718679341512
164.5,121.0,-92.07409239107488
165.25,121.0,-91.55911043224702
166.0,121.0,-91.2540944123314
166.75,121.0,-90.97470139006853
167.5,121.0,-90.38881594191704
168.25,121.0,-90.15629316736555
169.0,121.0,-89.0
169.75,121.0,-88.88029925187031
170.5,121.0,-88.808
171.25,121.0,
172.0,121.0,
172.75,121.0,
173.5,121.0,
174.25,121.0,
175.0,121.0,
175.75,121.0,
176.5,121.0,
177.25,121.0,
178.0,121.0,
178.75,121.0,
179.5,121.0,
180.25,121.0,
181.0,121.0,
181.75,121.0,
182.5,121.0,
183.25,121.0,
67.0,121.75,
67.75,121.75,
68.5,121.75,
69.25,121.75,
70.0,121.75,
70.75,121.75,
71.5,121.75,
72.25,121.75,
73.0,121.75,
73.75,121.75,
74.5,121.75,
75.25,121.75,
76.0,121.75,
76.75,121.75,
77.5,121.75,
78.25,121.75,
79.0,121.75,
79.75,121.75,
80.5,121.75,
81.25,121.75,
82.0,121.75,
82.75,121.75,
83.5,121.75,
84.25,121.75,
85.0,121.75,
85.75,121.75,
86.5,121.75,
87.25,121.75,
88.0,121.75,
88.75,121.75,
89.5,121.75,
90.25,121.75,
91.0,121.75,
91.75,121.75,
92.5,121.75,
93.25,121.75,
94.0,121.75,
94.75,121.75,-96.93469387755103
95.5,121.75,-96.86698337292161
96.25,121.75,-96.78378378378378
97.0,121.75,-96.69139465875371
97.75,121.75,-96.6024844720497
98.5,121.75,-96.5323076923077
99.25,121.75,-96.4913294797688
100.0,121.75,
100.75,121.75,
101.5,121.75,
102.25,121.75,
103.0,121.75,
103.75,121.75,
104.5,121.75,
105.25,121.75,
106.0,121.75,
106.75,121.75,
107.5,121.75,
108.25,121.75,
109.0,121.75,
109.75,121.75,
110.5,121.75,
111.25,121.75,
112.0,121.75,
112.75,121.75,
113.5,121.75,
114.25,121.75,
115.0,121.75,
115.75,121.75,
116.5,121.75,
117.25,121.75,
118.0,121.75,
118.75,121.75,
119.5,121.75,
120.25,121.75,
121.0,121.75,
121.75,121.75,
122.5,121.75,
123.25,121.75,
124.0,121.75,
124.75,121.75,
125.5,121.75,
126.25,121.75,
127.0,121.75,
127.75,121.75,
128.5,121.75,
129.25,121.75,
130.0,121.75,
130.75,121.75,
131.5,121.75,
132.25,121.75,
133.0,121.75,
133.75,121.75,
134.5,121.75,-96.0037037037037
135.25,121.75,-94.56162484069796
136.0,121.75,-94.08002152038675
136.75,121.75,-93.80438564791876
137.5,121.75,-93.61282687289844
138.25,121.75,-92.7230451750054
139.0,121.75,-91.77255914631164
139.75,121.75,-91.31726233697533
140.5,121.75,-90.957446292782
141.25,121.75,-91.13977883461513
142.0,121.75,-92.7453253834441
142.75,121.75,-94.36821616457628
143.5,121.75,-94.13522742958358
144.25,121.75,-93.10215207167406
145.0,121.75,-92.79851026320657
145.75,121.75,-92.83327064678802
146.5,121.75,-93.14914483863043
147.25,121.75,-93.55933427401916
148.0,121.75,-93.83027887553995
148.75,121.75,-94.37362145297605
149.5,121.75,-93.96571547469664
150.25,121.75,-92.47497164378841
151.0,121.75,-90.9341021667199
151.75,121.75,-89.95350853822983
152.5,121.75,-90.04884511642464
153.25,121.75,-89.99588476102427
154.0,121.75,-90.73104140288292
154.75,121.75,-91.1186604091299
155.5,121.75,-91.8176584891914
156.25,121.75,-92.43506350106429
157.0,121.75,-92.69013069950682
157.75,121.75,-92.86037952113206
158.5,121.75,-93.38087378099512
159.25,121.75,-93.45533833164143
160.0,121.75,-93.34529293960514
160.75,121.75,-93.38477426212363
161.5,121.75,-93.35008851626532
162.25,121.75,-93.20220480943337
163.0,121.75,-93.02412435632037
163.75,121.75,-92.42127009730855
164.5,121.75,-92.21980004070738
165.25,121.75,-91.71189357865391
166.0,121.75,-91.42195371419477
166.75,121.75,-91.16930629690415
167.5,121.75,-90.55662131884544
168.25,121.75,-90.35732700080511
169.0,121.75,-89.11970074812966
169.75,121.75,-89.0
170.5,121.75,
171.25,121.75,
172.0,121.75,
172.75,121.75,
173.5,121.75,
174.25,121.75,
175.0,121.75,
175.75,121.75,
176.5,121.75,
177.25,121.75,
178.0,121.75,
178.75,121.75,
179.5,121.75,
180.25,121.75,
181.0,121.75,
181.75,121.75,
182.5,121.75,
183.25,121.75,
67.0,122.5,
67.75,122.5,
68.5,122.5,
69.25,122.5,
70.0,122.5,
70.75,122.5,
71.5,122.5,
72.25,122.5,
73.0,122.5,
73.75,122.5,
74.5,122.5,
75.25,122.5,
76.0,122.5,
76.75,122.5,
77.5,122.5,
78.25,122.5,
79.0,122.5,
79.75,122.5,
80.5,122.5,
81.25,122.5,
82.0,122.5,
82.75,122.5,
83.5,122.5,
84.25,122.5,
85.0,122.5,
85.75,122.5,
86.5,122.5,
87.25,122.5,
88.0,122.5,
88.75,122.5,
89.5,122.5,
90.25,122.5,
91.0,122.5,
91.75,122.5,
92.5,122.5,
93.25,122.5,
94.0,122.5,-97.03305785123966
94.75,122.5,-96.97984886649876
95.5,122.5,-96.90243902439025
96.25,122.5,-96.79783393501805
97.0,122.5,-96.672131147541
97.75,122.5,-96.54585152838428
98.5,122.5,-96.44827586206897
99.25,122.5,-96.39920948616599
100.0,122.5,-96.39726027397259
100.75,122.5,-96.42693409742121
101.5,122.5,
102.25,122.5,
103.0,122.5,
103.75,122.5,
104.5,122.5,
105.25,122.5,
106.0,122.5,
106.75,122.5,
107.5,122.5,
108.25,122.5,
109.0,122.5,
109.75,122.5,
110.5,122.5,
111.25,122.5,
112.0,122.5,
112.75,122.5,
113.5,122.5,
114.25,122.5,
115.0,122.5,
115.75,122.5,
116.5,122.5,
117.25,122.5,
118.0,122.5,
118.75,122.5,
119.5,122.5,
120.25,122.5,
121.0,122.5,
121.75,122.5,
122.5,122.5,
123.25,122.5,
124.0,122.5,
124.75,122.5,
125.5,122.5,
126.25,122.5,
127.0,122.5,
127.75,122.5,
128.5,122.5,
129.25,122.5,
130.0,122.5,
130.75,122.5,
131.5,122.5,
132.25,122.5,
133.0,122.5,
133.75,122.5,-95.94094488188975
134.5,122.5,-96.03846153846153
135.25,122.5,-94.95428141748278
136.0,122.5,-94.591492431149
136.75,122.5,-94.39536457780348
137.5,122.5,-93.72852107654384
138.25,122.5,-92.97000829785965
139.0,122.5,-92.00193876472991
139.75,122.5,-90.73854911164825
140.5,122.5,-89.78978347491564
141.25,122.5,-89.56740983831028
142.0,122.5,-91.2332398362447
142.75,122.5,-92.46719254044226
143.5,122.5,-92.71062073914605
144.25,122.5,-92.46053029304568
145.0,122.5,-92.14720023284485
145.75,122.5,-92.61463201380961
146.5,122.5,-93.33413297180297
147.25,122.5,-93.84898202888992
148.0,122.5,-94.02094106577475
148.75,122.5,-94.14741002770391
149.5,122.5,-93.39679955360384
150.25,122.5,-92.72886295540285
151.0,122.5,-92.03810755945668
151.75,122.5,-90.95139210666551
152.5,122.5,-90.59834516429196
153.25,122.5,-90.57865674754514
154.0,122.5,-91.27315754845105
154.75,122.5,-91.47036587857853
155.5,122.5,-92.13541170871014
156.25,122.5,-92.72601848359326
157.0,122.5,-92.9281014197755
157.75,122.5,-92.98547621165943
158.5,122.5,-93.60839325630876
159.25,122.5,-93.75931555964861
160.0,122.5,-93.4191290337342
160.75,122.5,-93.18730275565555
161.5,122.5,-93.12768542978469
162.25,122.5,-93.03852670323322
163.0,122.5,-92.91520326827553
163.75,122.5,-92.77008790454482
164.5,122.5,-92.90521284271286
165.25,122.5,-91.80780574622659
166.0,122.5,-91.54866293850232
166.75,122.5,-91.32105590246864
167.5,122.5,-90.66975773733628
168.25,122.5,-89.3295194508009
169.0,122.5,-89.19200000000001
169.75,122.5,
170.5,122.5,
171.25,122.5,
172.0,122.5,
172.75,122.5,
173.5,122.5,
174.25,122.5,
175.0,122.5,
175.75,122.5,
176.5,122.5,
177.25,122.5,
178.0,122.5,
178.75,122.5,
179.5,122.5,
180.25,122.5,
181.0,122.5,
181.75,122.5,
182.5,122.5,
183.25,122.5,
67.0,123.25,
67.75,123.25,
68.5,123.25,
69.25,123.25,
70.0,123.25,
70.75,123.25,
71.5,123.25,
72.25,123.25,
73.0,123.25,
73.75,123.25,
74.5,123.25,
75.25,123.25,
76.0,123.25,
76.75,123.25,
77.5,123.25,
78.25,123.25,
79.0,123.25,
79.75,123.25,
80.5,123.25,
81.25,123.25,
82.0,123.25,
82.75,123.25,
83.5,123.25,
84.25,123.25,
85.0,123.25,
85.75,123.25,
86.5,123.25,
87.25,123.25,
88.0,123.25,
88.75,123.25,
89.5,123.25,
90.25,123.25,
91.0,123.25,
91.75,123.25,
92.5,123.25,
93.25,123.25,
94.0,123.25,-97.09779951100245
94.75,123.25,-97.0496894409938
95.5,123.25,-96.96837944664031
96.25,123.25,-96.84158415841584
97.0,123.25,-96.66863905325444
97.75,123.25,-96.48051948051948
98.5,123.25,-96.3375796178344
99.25,123.25,-96.28089887640448
100.0,123.25,-96.29953917050693
100.75,123.25,-96.35766423357666
101.5,123.25,-96.42693409742121
102.25,123.25,
103.0,123.25,
103.75,123.25,
104.5,123.25,
105.25,123.25,
106.0,123.25,
106.75,123.25,
107.5,123.25,
108.25,123.25,
109.0,123.25,
109.75,123.25,
110.5,123.25,
111.25,123.25,
112.0,123.25,
112.75,123.25,
113.5,123.25,
114.25,123.25,
115.0,123.25,
115.75,123.25,
116.5,123.25,
117.25,123.25,
118.0,123.25,
118.75,123.25,
119.5,123.25,
120.25,123.25,
121.0,123.25,
121.75,123.25,
122.5,123.25,
123.25,123.25,
124.0,123.25,
124.75,123.25,
125.5,123.25,
126.25,123.25,
127.0,123.25,
127.75,123.25,
128.5,123.25,
129.25,123.25,
130.0,123.25,
130.75,123.25,
131.5,123.25,-95.78642987249545
132.25,123.25,-95.91877637130803
133.0,123.25,-95.48746842216609
133.75,123.25,-95.63522888222995
134.5,123.25,-95.81854475311083
135.25,123.25,-95.34546363587664
136.0,123.25,-95.20514366240238
136.75,123.25,-94.88657345356769
137.5,123.25,-94.44374627771425
138.25,123.25,-93.47629687018069
139.0,123.25,-92.23186010653184
139.75,123.25,-90.94989022718849
140.5,123.25,-89.65207419979589
141.25,123.25,-89.29080930387259
142.0,123.25,-90.72699584523474
142.75,123.25,-91.98692063646733
143.5,123.25,-92.8649809883147
144.25,123.25,-92.50468188947616
145.0,123.25,-92.05860445065926
145.75,123.25,-92.77536866968146
146.5,123.25,-94.04781384425996
147.25,123.25,-94.73785418906999
148.0,123.25,-94.47999908045065
148.75,123.25,-94.32919401454642
149.5,123.25,-94.09198120182856
150.25,123.25,-92.96471330230784
151.0,123.25,-92.30960560813467
151.75,123.25,-91.59277772221468
152.5,123.25,-90.94052332274799
153.25,123.25,-91.36472851367407
154.0,123.25,-91.12955197879228
154.75,123.25,-91.68458984034598
155.5,123.25,-92.34959427679325
156.25,123.25,-92.77841965371987
157.0,123.25,-92.9755820418286
157.75,123.25,-93.01489780684513
158.5,123.25,-93.58473858700876
159.25,123.25,-93.8227474447197
160.0,123.25,-93.21482129189847
160.75,123.25,-92.96341404198759
161.5,123.25,-92.85249359576802
162.25,123.25,-92.83246172906009
163.0,123.25,-92.76903723989484
163.75,123.25,-92.69488351669371
164.5,123.25,-92.60745033974976
165.25,123.25,-92.67894736842106
166.0,123.25,-92.5815390016898
166.75,123.25,-92.19014084507043
167.5,123.25,
168.25,123.25,
169.0,123.25,
169.75,123.25,
170.5,123.25,
171.25,123.25,
172.0,123.25,
172.75,123.25,
173.5,123.25,
174.25,123.25,
175.0,123.25,
175.75,123.25,
176.5,123.25,
177.25,123.25,
178.0,123.25,
178.75,123.25,
179.5,123.25,
180.25,123.25,
181.0,123.25,
181.75,123.25,
182.5,123.25,
183.25,123.25,
67.0,124.0,
67.75,124.0,
68.5,124.0,
69.25,124.0,
70.0,124.0,
70.75,124.0,
71.5,124.0,
72.25,124.0,
73.0,124.0,
73.75,124.0,
74.5,124.0,
75.25,124.0,
76.0,124.0,
76.75,124.0,
77.5,124.0,
78.25,124.0,
79.0,124.0,
79.75,124.0,
80.5,124.0,
81.25,124.0,
82.0,124.0,
82.75,124.0,
83.5,124.0,
84.25,124.0,
85.0,124.0,
85.75,124.0,
86.5,124.0,
87.25,124.0,
88.0,124.0,
88.75,124.0,
89.5,124.0,
90.25,124.0,
91.0,124.0,
91.75,124.0,
92.5,124.0,
93.25,124.0,-97.19256017505471
94.0,124.0,-97.18181818181819
94.75,124.0,-97.15094339622641
95.5,124.0,-97.08163265306122
96.25,124.0,-96.94482758620688
97.0,124.0,-96.71428571428571
97.75,124.0,-96.42268041237114
98.5,124.0,-96.19999999999999
99.25,124.0,-96.14049586776858
100.0,124.0,-96.19999999999999
100.75,124.0,-96.29953917050693
101.5,124.0,-96.39726027397259
102.25,124.0,
103.0,124.0,
103.75,124.0,
104.5,124.0,
105.25,124.0,
106.0,124.0,
106.75,124.0,
107.5,124.0,
108.25,124.0,
109.0,124.0,
109.75,124.0,
110.5,124.0,
111.25,124.0,
112.0,124.0,
112.75,124.0,
113.5,124.0,
114.25,124.0,
115.0,124.0,
115.75,124.0,
116.5,124.0,
117.25,124.0,
118.0,124.0,
118.75,124.0,
119.5,124.0,
120.25,124.0,
121.0,124.0,
121.75,124.0,
122.5,124.0,
123.25,124.0,
124.0,124.0,
124.75,124.0,
125.5,124.0,
126.25,124.0,
127.0,124.0,
127.75,124.0,
128.5,124.0,
129.25,124.0,
130.0,124.0,
130.75,124.0,
131.5,124.0,-95.66452991452992
132.25,124.0,-95.29703804776793
133.0,124.0,-95.41525423728814
133.75,124.0,-95.57883801565062
134.5,124.0,-95.7990759132913
135.25,124.0,-95.3053283660003
136.0,124.0,-95.75276752767529
136.75,124.0,-95.92263236289936
137.5,124.0,-95.52126108350468
138.25,124.0,-94.20829504055827
139.0,124.0,-92.68023255813955
139.75,124.0,-91.59136056440148
140.5,124.0,-91.10469364517188
141.25,124.0,-90.92983219478246
142.0,124.0,-91.35714285714285
142.75,124.0,-91.97761764503252
143.5,124.0,-92.9465153369682
144.25,124.0,-92.96673088708289
145.0,124.0,-93.18772782503036
145.75,124.0,-94.14139464068883
146.5,124.0,-95.48196041575812
147.25,124.0,-95.8678923812241
148.0,124.0,-95.33333333333333
148.75,124.0,-94.83456857765248
149.5,124.0,-94.36617445229534
150.25,124.0,-94.04698199026969
151.0,124.0,-92.65180411241177
151.75,124.0,-92.46194670576809
152.5,124.0,-92.08148833776072
153.25,124.0,-91.16120409626456
154.0,124.0,-91.29872204472844
154.75,124.0,-91.78007117226659
155.5,124.0,-92.18651986099945
156.25,124.0,-92.52495309171488
157.0,124.0,-92.76566884939194
157.75,124.0,-92.51793202239793
158.5,124.0,-92.20577709611453
159.25,124.0,-92.13580902482774
160.0,124.0,-92.25119617224881
160.75,124.0,-92.42493599187853
161.5,124.0,-92.6042326726924
162.25,124.0,-92.6028434249523
163.0,124.0,-92.5980305736621
163.75,124.0,-92.5907383015884
164.5,124.0,-92.55710265098591
165.25,124.0,-92.74517081979934
166.0,124.0,-92.66279069767441
166.75,124.0,
167.5,124.0,
168.25,124.0,
169.0,124.0,
169.75,124.0,
170.5,124.0,
171.25,124.0,
172.0,124.0,
172.75,124.0,
173.5,124.0,
174.25,124.0,
175.0,124.0,
175.75,124.0,
176.5,124.0,
177.25,124.0,
178.0,124.0,
178.75,124.0,
179.5,124.0,
180.25,124.0,
181.0,124.0,
181.75,124.0,
182.5,124.0,
183.25,124.0,
67.0,124.75,
67.75,124.75,
68.5,124.75,
69.25,124.75,
70.0,124.75,
70.75,124.75,
71.5,124.75,
72.25,124.75,
73.0,124.75,
73.75,124.75,
74.5,124.75,
75.25,124.75,
76.0,124.75,
76.75,124.75,
77.5,124.75,
78.25,124.75,
79.0,124.75,
79.75,124.75,
80.5,124.75,
81.25,124.75,
82.0,124.75,
82.75,124.75,
83.5,124.75,
84.25,124.75,
85.0,124.75,
85.75,124.75,
86.5,124.75,
87.25,124.75,
88.0,124.75,
88.75,124.75,
89.5,124.75,
90.25,124.75,
91.0,124.75,
91.75,124.75,
92.5,124.75,
93.25,124.75,-97.26794258373207
94.0,124.75,-97.2811501597444
94.75,124.75,-97.28318584070797
95.5,124.75,-97.2547770700637
96.25,124.75,-97.15094339622644
97.0,124.75,-96.89041095890411
97.75,124.75,-96.44827586206897
98.5,124.75,-96.08196721311475
99.25,124.75,-96.02439024390242
100.0,124.75,-96.14049586776858
100.75,124.75,-96.28089887640448
101.5,124.75,-96.39920948616599
102.25,124.75,-96.4913294797688
103.0,124.75,
103.75,124.75,
104.5,124.75,
105.25,124.75,
106.0,124.75,
106.75,124.75,
107.5,124.75,
108.25,124.75,
109.0,124.75,
109.75,124.75,
110.5,124.75,
111.25,124.75,
112.0,124.75,
112.75,124.75,
113.5,124.75,
114.25,124.75,
115.0,124.75,
115.75,124.75,
116.5,124.75,
117.25,124.75,
118.0,124.75,
118.75,124.75,
119.5,124.75,
120.25,124.75,
121.0,124.75,
121.75,124.75,
122.5,124.75,
123.25,124.75,
124.0,124.75,
124.75,124.75,
125.5,124.75,
126.25,124.75,
127.0,124.75,
127.75,124.75,
128.5,124.75,
129.25,124.75,
130.0,124.75,
130.75,124.75,
131.5,124.75,-95.11801633415952
132.25,124.75,-95.18907596672638
133.0,124.75,-95.29893911528411
133.75,124.75,-95.45979959441725
134.5,124.75,-95.68847276928255
135.25,124.75,-95.76747814309581
136.0,124.75,-96.1022110118176
136.75,124.75,-96.80826919537698
137.5,124.75,-96.45866044366448
138.25,124.75,-94.77988589509097
139.0,124.75,-93.09869569986273
139.75,124.75,-92.09516917411167
140.5,124.75,-91.89612636089282
141.25,124.75,-91.92868526773869
142.0,124.75,-91.91418970877133
142.75,124.75,-92.32925903032888
143.5,124.75,-92.81303297865652
144.25,124.75,-93.48848481533493
145.0,124.75,-94.32086151560607
145.75,124.75,-94.8829028454564
146.5,124.75,-96.4032943671563
147.25,124.75,-96.77116875325778
148.0,124.75,-95.81022595303934
148.75,124.75,-95.01991343350267
149.5,124.75,-94.59663735744935
150.25,124.75,-94.38178246242668
151.0,124.75,-94.41246251616124
151.75,124.75,-92.80355598207566
152.5,124.75,-92.39895061817454
153.25,124.75,-90.79722355686731
154.0,124.75,-91.39611904654886
154.75,124.75,-92.65598208265098
155.5,124.75,-92.59336979149322
156.25,124.75,-92.4897359162841
157.0,124.75,-92.22380674548832
157.75,124.75,-91.59796858675918
158.5,124.75,-90.52002600970249
159.25,124.75,-90.21803406881394
160.0,124.75,-91.09655930311744
160.75,124.75,-91.7569122440152
161.5,124.75,-92.25134970027834
162.25,124.75,-92.49909433828766
163.0,124.75,-92.61869939167164
163.75,124.75,-92.47644962789776
164.5,124.75,-92.48750176815442
165.25,124.75,-92.2691570881226
166.0,124.75,
166.75,124.75,
167.5,124.75,
168.25,124.75,
169.0,124.75,
169.75,124.75,
170.5,124.75,
171.25,124.75,
172.0,124.75,
172.75,124.75,
173.5,124.75,
174.25,124.75,
175.0,124.75,
175.75,124.75,
176.5,124.75,
177.25,124.75,
178.0,124.75,
178.75,124.75,
179.5,124.75,
180.25,124.75,
181.0,124.75,
181.75,124.75,
182.5,124.75,
183.25,124.75,
67.0,125.5,
67.75,125.5,
68.5,125.5,
69.25,125.5,
70.0,125.5,
70.75,125.5,
71.5,125.5,
72.25,125.5,
73.0,125.5,
73.75,125.5,
74.5,125.5,
75.25,125.5,
76.0,125.5,
76.75,125.5,
77.5,125.5,
78.25,125.5,
79.0,125.5,
79.75,125.5,
80.5,125.5,
81.25,125.5,
82.0,125.5,
82.75,125.5,
83.5,125.5,
84.25,125.5,
85.0,125.5,
85.75,125.5,
86.5,125.5,
87.25,125.5,
88.0,125.5,
88.75,125.5,
89.5,125.5,
90.25,125.5,
91.0,125.5,
91.75,125.5,
92.5,125.5,
93.25,125.5,-97.3425692695214
94.0,125.5,-97.3835616438356
94.75,125.5,-97.42926829268292
95.5,125.5,-97.47058823529412
96.25,125.5,-97.47058823529412
97.0,125.5,-97.30769230769229
97.75,125.5,-96.78378378378379
98.5,125.5,-96.19999999999999
99.25,125.5,-96.08196721311475
100.0,125.5,-96.19999999999999
100.75,125.5,-96.3375796178344
101.5,125.5,-96.44827586206897
102.25,125.5,-96.5323076923077
103.0,125.5,
103.75,125.5,
104.5,125.5,
105.25,125.5,
106.0,125.5,
106.75,125.5,
107.5,125.5,
108.25,125.5,
109.0,125.5,
109.75,125.5,
110.5,125.5,
111.25,125.5,
112.0,125.5,
112.75,125.5,
113.5,125.5,
114.25,125.5,
115.0,125.5,
115.75,125.5,
116.5,125.5,
117.25,125.5,
118.0,125.5,
118.75,125.5,
119.5,125.5,
120.25,125.5,
121.0,125.5,
121.75,125.5,
122.5,125.5,
123.25,125.5,
124.0,125.5,
124.75,125.5,
125.5,125.5,
126.25,125.5,
127.0,125.5,
127.75,125.5,
128.5,125.5,-96.30555555555556
129.25,125.5,-96.12637969094922
130.0,125.5,-95.91666666666666
130.75,125.5,-95.28300685125006
131.5,125.5,-94.81353855986366
132.25,125.5,-94.87613204653786
133.0,125.5,-94.97579564169536
133.75,125.5,-95.12611687093792
134.5,125.5,-95.3487036174507
135.25,125.5,-95.4459381769007
136.0,125.5,-95.77458800248415
136.75,125.5,-96.39229666803003
137.5,125.5,-96.01996484178802
138.25,125.5,-94.62510523114496
139.0,125.5,-93.20594330599113
139.75,125.5,-92.16672460291882
140.5,125.5,-91.9469692946352
141.25,125.5,-91.97263377809412
142.0,125.5,-92.03626465682214
142.75,125.5,-92.7293842168982
143.5,125.5,-93.60640732265448
144.25,125.5,-94.14557344890686
145.0,125.5,-94.20343533785412
145.75,125.5,-94.84932795493718
146.5,125.5,-95.97318780400992
147.25,125.5,-96.32036981677241
148.0,125.5,-95.4369929443704
148.75,125.5,-94.77438628541127
149.5,125.5,-94.3291246788427
150.25,125.5,-94.01118517084441
151.0,125.5,-93.97511807140377
151.75,125.5,-94.45089417090665
152.5,125.5,-94.69205823003749
153.25,125.5,-91.86363636363636
154.0,125.5,-92.36715762371739
154.75,125.5,-92.33369275416037
155.5,125.5,-92.2612430520465
156.25,125.5,-92.10249621206323
157.0,125.5,-91.76571960875641
157.75,125.5,-91.24097506461237
158.5,125.5,-90.47652321798286
159.25,125.5,-90.30059548303772
160.0,125.5,-90.8692013572369
160.75,125.5,-91.47623520455772
161.5,125.5,-91.88517467557723
162.25,125.5,-92.14218504112243
163.0,125.5,-92.19405974038507
163.75,125.5,-92.31158378978606
164.5,125.5,-91.69444444444444
165.25,125.5,
166.0,125.5,
166.75,125.5,
167.5,125.5,
168.25,125.5,
169.0,125.5,
169.75,125.5,
170.5,125.5,
171.25,125.5,
172.0,125.5,
172.75,125.5,
173.5,125.5,
174.25,125.5,
175.0,125.5,
175.75,125.5,
176.5,125.5,
177.25,125.5,
178.0,125.5,
178.75,125.5,
179.5,125.5,
180.25,125.5,
181.0,125.5,
181.75,125.5,
182.5,125.5,
183.25,125.5,
67.0,126.25,
67.75,126.25,
68.5,126.25,
69.25,126.25,
70.0,126.25,
70.75,126.25,
71.5,126.25,
72.25,126.25,
73.0,126.25,
73.75,126.25,
74.5,126.25,
75.25,126.25,
76.0,126.25,
76.75,126.25,
77.5,126.25,
78.25,126.25,
79.0,126.25,
79.75,126.25,
80.5,126.25,
81.25,126.25,
82.0,126.25,
82.75,126.25,
83.5,126.25,
84.25,126.25,
85.0,126.25,
85.75,126.25,
86.5,126.25,
87.25,126.25,
88.0,126.25,
88.75,126.25,
89.5,126.25,
90.25,126.25,
91.0,126.25,
91.75,126.25,
92.5,126.25,
93.25,126.25,-97.40609137055837
94.0,126.25,-97.4705882352941
94.75,126.25,-97.55445544554455
95.5,126.25,-97.66165413533835
96.25,126.25,-97.78048780487805
97.0,126.25,-97.81632653061224
97.75,126.25,-97.47058823529412
98.5,126.25,-96.78378378378379
99.25,126.25,-96.44827586206897
100.0,126.25,-96.42268041237114
100.75,126.25,-96.48051948051948
101.5,126.25,-96.54585152838428
102.25,126.25,-96.6024844720497
103.0,126.25,
103.75,126.25,
104.5,126.25,
105.25,126.25,
106.0,126.25,
106.75,126.25,
107.5,126.25,
108.25,126.25,
109.0,126.25,
109.75,126.25,
110.5,126.25,
111.25,126.25,
112.0,126.25,
112.75,126.25,
113.5,126.25,
114.25,126.25,
115.0,126.25,
115.75,126.25,
116.5,126.25,
117.25,126.25,
118.0,126.25,
118.75,126.25,
119.5,126.25,
120.25,126.25,
121.0,126.25,
121.75,126.25,
122.5,126.25,
123.25,126.25,
124.0,126.25,
124.75,126.25,
125.5,126.25,
126.25,126.25,
127.0,126.25,
127.75,126.25,-96.57489451476793
128.5,126.25,-96.42283950617285
129.25,126.25,-96.21045197740114
130.0,126.25,-95.48660740601017
130.75,126.25,-95.26723913461865
131.5,126.25,-95.17971852563454
132.25,126.25,-95.0904778975975
133.0,126.25,-94.80625628494654
133.75,126.25,-94.95782121500325
134.5,126.25,-95.07932506834449
135.25,126.25,-94.93443701958769
136.0,126.25,-94.86312337659515
136.75,126.25,-94.68346902000535
137.5,126.25,-94.54451160245733
138.25,126.25,-94.13089228320531
139.0,126.25,-93.1570573450278
139.75,126.25,-92.52033053765867
140.5,126.25,-91.25556015729188
141.25,126.25,-91.26633515399554
142.0,126.25,-92.5596471665635
142.75,126.25,-94.334869698619
143.5,126.25,-94.54022955039433
144.25,126.25,-94.11453374653053
145.0,126.25,-93.95083636237432
145.75,126.25,-94.15516336866958
146.5,126.25,-94.41024558569356
147.25,126.25,-94.45890828132373
148.0,126.25,-94.23029780480118
148.75,126.25,-93.86739191702412
149.5,126.25,-93.6852405776794
150.25,126.25,-93.19675986850402
151.0,126.25,-93.60959099344181
151.75,126.25,-93.46455844300314
152.5,126.25,-93.2312912561644
153.25,126.25,-91.753164556962
154.0,126.25,-92.27431381307794
154.75,126.25,-92.21321093072693
155.5,126.25,-92.1076969048034
156.25,126.25,-91.92560109380732
157.0,126.25,-91.62830151021224
157.75,126.25,-91.21772190017316
158.5,126.25,-90.94116677934385
159.25,126.25,-90.84692897568986
160.0,126.25,-91.10478516712921
160.75,126.25,-91.47946014993914
161.5,126.25,-91.80204716661436
162.25,126.25,-91.88564009646426
163.0,126.25,-92.07079976048156
163.75,126.25,-92.20158415951691
164.5,126.25,
165.25,126.25,
166.0,126.25,
166.75,126.25,
167.5,126.25,
168.25,126.25,
169.0,126.25,
169.75,126.25,
170.5,126.25,
171.25,126.25,
172.0,126.25,
172.75,126.25,
173.5,126.25,
174.25,126.25,
175.0,126.25,
175.75,126.25,
176.5,126.25,
177.25,126.25,
178.0,126.25,
178.75,126.25,
179.5,126.25,
180.25,126.25,
181.0,126.25,
181.75,126.25,
182.5,126.25,
183.25,126.25,
67.0,127.0,
67.75,127.0,
68.5,127.0,
69.25,127.0,
70.0,127.0,
70.75,127.0,
71.5,127.0,
72.25,127.0,
73.0,127.0,
73.75,127.0,
74.5,127.0,
75.25,127.0,
76.0,127.0,
76.75,127.0,
77.5,127.0,
78.25,127.0,
79.0,127.0,
79.75,127.0,
80.5,127.0,
81.25,127.0,
82.0,127.0,
82.75,127.0,
83.5,127.0,
84.25,127.0,
85.0,127.0,
85.75,127.0,
86.5,127.0,
87.25,127.0,
88.0,127.0,
88.75,127.0,
89.5,127.0,
90.25,127.0,
91.0,127.0,
91.75,127.0,
92.5,127.0,
93.25,127.0,
94.0,127.0,-97.52631578947368
94.75,127.0,-97.62672811059909
95.5,127.0,-97.75675675675674
96.25,127.0,-97.90721649484536
97.0,127.0,-97.99999999999974
97.75,127.0,-97.81632653061224
98.5,127.0,-97.30769230769229
99.25,127.0,-96.89041095890411
100.0,127.0,-96.71428571428571
100.75,127.0,-96.66863905325444
101.5,127.0,-96.672131147541
102.25,127.0,-96.69139465875371
103.0,127.0,
103.75,127.0,
104.5,127.0,
105.25,127.0,
106.0,127.0,
106.75,127.0,
107.5,127.0,
108.25,127.0,
109.0,127.0,
109.75,127.0,
110.5,127.0,
111.25,127.0,
112.0,127.0,
112.75,127.0,
113.5,127.0,
114.25,127.0,
115.0,127.0,
115.75,127.0,
116.5,127.0,
117.25,127.0,
118.0,127.0,
118.75,127.0,
119.5,127.0,
120.25,127.0,
121.0,127.0,
121.75,127.0,
122.5,127.0,
123.25,127.0,
124.0,127.0,
124.75,127.0,
125.5,127.0,
126.25,127.0,
127.0,127.0,
127.75,127.0,-96.74872773536896
128.5,127.0,-96.59567901234566
129.25,127.0,-95.83391609948383
130.0,127.0,-95.55767250257468
130.75,127.0,-95.26025526483727
131.5,127.0,-95.07880055781571
132.25,127.0,-94.93473362939557
133.0,127.0,-94.87671232876713
133.75,127.0,-94.76514036970705
134.5,127.0,-94.84607642096883
135.25,127.0,-94.62119310948536
136.0,127.0,-94.41416309012875
136.75,127.0,-94.03752028331985
137.5,127.0,-94.11286615052865
138.25,127.0,-94.1957284822922
139.0,127.0,-93.6470588235294
139.75,127.0,-92.41610418755356
140.5,127.0,-90.54817483128824
141.25,127.0,-90.1915154774958
142.0,127.0,-92.7717554388597
142.75,127.0,-95.79409567377526
143.5,127.0,-95.36859631353985
144.25,127.0,-93.91414038608112
145.0,127.0,-93.17647058823529
145.75,127.0,-93.36715221363983
146.5,127.0,-93.82566992887519
147.25,127.0,-93.96228283313852
148.0,127.0,-93.42309875141885
148.75,127.0,-92.9165760178257
149.5,127.0,-92.4852222735632
150.25,127.0,-92.13989960148709
151.0,127.0,-92.17948717948717
151.75,127.0,-92.79193010425985
152.5,127.0,-92.69536563194399
153.25,127.0,-90.89035087719299
154.0,127.0,-91.61111111111111
154.75,127.0,-92.12722343543882
155.5,127.0,-92.01656915285903
156.25,127.0,-91.85359551846348
157.0,127.0,-91.63157894736844
157.75,127.0,-91.37630729975052
158.5,127.0,-91.16753631363702
159.25,127.0,-91.09995288254977
160.0,127.0,-91.18897637795276
160.75,127.0,-91.36210476259218
161.5,127.0,-91.26153846153848
162.25,127.0,-91.41641337386018
163.0,127.0,-91.53846153846153
163.75,127.0,
164.5,127.0,
165.25,127.0,
166.0,127.0,
166.75,127.0,
167.5,127.0,
168.25,127.0,
169.0,127.0,
169.75,127.0,
170.5,127.0,
171.25,127.0,
172.0,127.0,
172.75,127.0,
173.5,127.0,
174.25,127.0,
175.0,127.0,
175.75,127.0,
176.5,127.0,
177.25,127.0,
178.0,127.0,
178.75,127.0,
179.5,127.0,
180.25,127.0,
181.0,127.0,
181.75,127.0,
182.5,127.0,
183.25,127.0,
67.0,127.75,
67.75,127.75,
68.5,127.75,
69.25,127.75,
70.0,127.75,
70.75,127.75,
71.5,127.75,
72.25,127.75,
73.0,127.75,
73.75,127.75,
74.5,127.75,
75.25,127.75,
76.0,127.75,
76.75,127.75,
77.5,127.75,
78.25,127.75,
79.0,127.75,
79.75,127.75,
80.5,127.75,
81.25,127.75,
82.0,127.75,
82.75,127.75,
83.5,127.75,
84.25,127.75,
85.0,127.75,
85.75,127.75,
86.5,127.75,
87.25,127.75,
88.0,127.75,
88.75,127.75,
89.5,127.75,
90.25,127.75,
91.0,127.75,
91.75,127.75,
92.5,127.75,
93.25,127.75,
94.0,127.75,-97.54599406528187
94.75,127.75,-97.64
95.5,127.75,-97.7513812154696
96.25,127.75,-97.86153846153846
97.0,127.75,-97.90721649484536
97.75,127.75,-97.78048780487805
98.5,127.75,-97.47058823529412
99.25,127.75,-97.15094339622644
100.0,127.75,-96.94482758620688
100.75,127.75,-96.84158415841584
101.5,127.75,-96.79783393501805
102.25,127.75,-96.78378378378378
103.0,127.75,
103.75,127.75,
104.5,127.75,
105.25,127.75,
106.0,127.75,
106.75,127.75,
107.5,127.75,
108.25,127.75,
109.0,127.75,
109.75,127.75,
110.5,127.75,
111.25,127.75,
112.0,127.75,
112.75,127.75,
113.5,127.75,
114.25,127.75,
115.0,127.75,
115.75,127.75,
116.5,127.75,
117.25,127.75,
118.0,127.75,
118.75,127.75,
119.5,127.75,
120.25,127.75,
121.0,127.75,
121.75,127.75,
122.5,127.75,
123.25,127.75,
124.0,127.75,
124.75,127.75,
125.5,127.75,
126.25,127.75,-95.95774647887323
127.0,127.75,-96.10569105691056
127.75,127.75,-95.84192037470727
128.5,127.75,-95.55245404808234
129.25,127.75,-95.43054651715765
130.0,127.75,-95.20940217370062
130.75,127.75,-94.94626828141332
131.5,127.75,-94.6710279596525
132.25,127.75,-94.76613402419896
133.0,127.75,-94.68321602718962
133.75,127.75,-94.74418706127013
134.5,127.75,-94.6890094784466
135.25,127.75,-94.4934195412932
136.0,127.75,-94.36978380638816
136.75,127.75,-94.21421999105253
137.5,127.75,-94.21567169437823
138.25,127.75,-94.38699838778368
139.0,127.75,-94.22148923987213
139.75,127.75,-93.23485392128867
140.5,127.75,-91.71108765844305
141.25,127.75,-91.27367062569454
142.0,127.75,-92.74826485437946
142.75,127.75,-94.44181121332058
143.5,127.75,-94.05668939971261
144.25,127.75,-92.26387917025455
145.0,127.75,-91.74859301367557
145.75,127.75,-92.24618423789315
146.5,127.75,-92.72381317813496
147.25,127.75,-93.00392153853197
148.0,127.75,-92.59715479803639
148.75,127.75,-92.16378477307097
149.5,127.75,-91.81089075525713
150.25,127.75,-91.37010494464735
151.0,127.75,-91.08376484638984
151.75,127.75,-90.87204097900538
152.5,127.75,-90.18619657948514
153.25,127.75,-87.79897959183674
154.0,127.75,-90.58411864933126
154.75,127.75,-91.443661971831
155.5,127.75,-91.9732765157665
156.25,127.75,-91.8414767348722
157.0,127.75,-91.68325330031622
157.75,127.75,-91.52114567370734
158.5,127.75,-91.3964939310029
159.25,127.75,-91.34908482246642
160.0,127.75,-91.38708433611058
160.75,127.75,-91.17241379310344
161.5,127.75,-91.29618768328446
162.25,127.75,-91.41463414634146
163.0,127.75,
163.75,127.75,
164.5,127.75,
165.25,127.75,
166.0,127.75,
166.75,127.75,
167.5,127.75,
168.25,127.75,
169.0,127.75,
169.75,127.75,
170.5,127.75,
171.25,127.75,
172.0,127.75,
172.75,127.75,
173.5,127.75,
174.25,127.75,
175.0,127.75,
175.75,127.75,
176.5,127.75,
177.25,127.75,
178.0,127.75,
178.75,127.75,
179.5,127.75,
180.25,127.75,
181.0,127.75,
181.75,127.75,
182.5,127.75,
183.25,127.75,
67.0,128.5,
67.75,128.5,
68.5,128.5,
69.25,128.5,
70.0,128.5,
70.75,128.5,
71.5,128.5,
72.25,128.5,
73.0,128.5,
73.75,128.5,
74.5,128.5,
75.25,128.5,
76.0,128.5,
76.75,128.5,
77.5,128.5,
78.25,128.5,
79.0,128.5,
79.75,128.5,
80.5,128.5,
81.25,128.5,
82.0,128.5,
82.75,128.5,
83.5,128.5,
84.25,128.5,
85.0,128.5,
85.75,128.5,
86.5,128.5,
87.25,128.5,
88.0,128.5,
88.75,128.5,
89.5,128.5,
90.25,128.5,
91.0,128.5,
91.75,128.5,
92.5,128.5,
93.25,128.5,
94.0,128.5,
94.75,128.5,-97.61129568106313
95.5,128.5,-97.6896551724138
96.25,128.5,-97.7513812154696
97.0,128.5,-97.75675675675674
97.75,128.5,-97.66165413533835
98.5,128.5,-97.47058823529412
99.25,128.5,-97.2547770700637
100.0,128.5,-97.08163265306122
100.75,128.5,-96.96837944664031
101.5,128.5,-96.90243902439025
102.25,128.5,-96.86698337292161
103.0,128.5,
103.75,128.5,
104.5,128.5,
105.25,128.5,
106.0,128.5,
106.75,128.5,
107.5,128.5,
108.25,128.5,
109.0,128.5,
109.75,128.5,
110.5,128.5,
111.25,128.5,
112.0,128.5,
112.75,128.5,
113.5,128.5,
114.25,128.5,
115.0,128.5,
115.75,128.5,
116.5,128.5,
117.25,128.5,
118.0,128.5,
118.75,128.5,
119.5,128.5,
120.25,128.5,
121.0,128.5,
121.75,128.5,
122.5,128.5,
123.25,128.5,
124.0,128.5,
124.75,128.5,
125.5,128.5,-95.8235294117647
126.25,128.5,-96.00900900900902
127.0,128.5,-96.21739130434783
127.75,128.5,-95.8309624490652
128.5,128.5,-95.87524485798238
129.25,128.5,-95.74488951715871
130.0,128.5,-95.42654269265617
130.75,128.5,-95.0256397348488
131.5,128.5,-94.66730747541857
132.25,128.5,-94.56844903666446
133.0,128.5,-94.5322228835918
133.75,128.5,-94.59846493214617
134.5,128.5,-94.58977915064403
135.25,128.5,-94.44809383050872
136.0,128.5,-94.4216372789955
136.75,128.5,-94.41830874255555
137.5,128.5,-94.48807424115418
138.25,128.5,-94.93016204367976
139.0,128.5,-95.22972111852462
139.75,128.5,-94.5343820761217
140.5,128.5,-92.95229013050977
141.25,128.5,-92.43177298810377
142.0,128.5,-92.5534294720919
142.75,128.5,-92.82936477244381
143.5,128.5,-92.05686489449164
144.25,128.5,-90.5168076291595
145.0,128.5,-89.53830010493178
145.75,128.5,-90.47463551881795
146.5,128.5,-91.6812543073742
147.25,128.5,-91.74979909415468
148.0,128.5,-91.67839702752754
148.75,128.5,-91.32894519292665
149.5,128.5,-91.408513890709
150.25,128.5,-90.31652929160899
151.0,128.5,-90.16386488298127
151.75,128.5,-90.06488766936943
152.5,128.5,-90.42488825345453
153.25,128.5,-87.76511335012596
154.0,128.5,-87.72520661157024
154.75,128.5,-89.97262706134808
155.5,128.5,-91.28947368421053
156.25,128.5,-91.17407407407407
157.0,128.5,-91.7445347407563
157.75,128.5,-91.63698851981141
158.5,128.5,-91.5565706254392
159.25,128.5,-91.5219235768131
160.0,128.5,-91.19101123595506
160.75,128.5,-91.25964010282776
161.5,128.5,
162.25,128.5,
163.0,128.5,
163.75,128.5,
164.5,128.5,
165.25,128.5,
166.0,128.5,
166.75,128.5,
167.5,128.5,
168.25,128.5,
169.0,128.5,
169.75,128.5,
170.5,128.5,
171.25,128.5,
172.0,128.5,
172.75,128.5,
173.5,128.5,
174.25,128.5,
175.0,128.5,
175.75,128.5,
176.5,128.5,
177.25,128.5,
178.0,128.5,
178.75,128.5,
179.5,128.5,
180.25,128.5,
181.0,128.5,
181.75,128.5,
182.5,128.5,
183.25,128.5,
67.0,129.25,
67.75,129.25,
68.5,129.25,
69.25,129.25,
70.0,129.25,
70.75,129.25,
71.5,129.25,
72.25,129.25,
73.0,129.25,
73.75,129.25,
74.5,129.25,
75.25,129.25,
76.0,129.25,
76.75,129.25,
77.5,129.25,
78.25,129.25,
79.0,129.25,
79.75,129.25,
80.5,129.25,
81.25,129.25,
82.0,129.25,
82.75,129.25,
83.5,129.25,
84.25,129.25,
85.0,129.25,
85.75,129.25,
86.5,129.25,
87.25,129.25,
88.0,129.25,
88.75,129.25,
89.5,129.25,
90.25,129.25,
91.0,129.25,
91.75,129.25,-96.03018867924528
92.5,129.25,-96.32989690721648
93.25,129.25,
94.0,129.25,
94.75,129.25,
95.5,129.25,-97.61129568106313
96.25,129.25,-97.64
97.0,129.25,-97.62672811059909
97.75,129.25,-97.55445544554455
98.5,129.25,-97.42926829268292
99.25,129.25,-97.28318584070797
100.0,129.25,-97.15094339622641
100.75,129.25,-97.0496894409938
101.5,129.25,-96.97984886649876
102.25,129.25,-96.93469387755103
103.0,129.25,
103.75,129.25,
104.5,129.25,
105.25,129.25,
106.0,129.25,
106.75,129.25,
107.5,129.25,
108.25,129.25,
109.0,129.25,
109.75,129.25,
110.5,129.25,
111.25,129.25,
112.0,129.25,
112.75,129.25,
113.5,129.25,
114.25,129.25,
115.0,129.25,
115.75,129.25,
116.5,129.25,
117.25,129.25,
118.0,129.25,
118.75,129.25,
119.5,129.25,
120.25,129.25,
121.0,129.25,
121.75,129.25,
122.5,129.25,
123.25,129.25,
124.0,129.25,-96.19315895372233
124.75,129.25,-95.16969351918783
125.5,129.25,-96.19690940971802
126.25,129.25,-96.3239583163629
127.0,129.25,-96.80419868332552
127.75,129.25,-96.46405225317268
128.5,129.25,-96.56467811959037
129.25,129.25,-96.25737398632532
130.0,129.25,-95.79324864448289
130.75,129.25,-95.1740744391469
131.5,129.25,-94.72419817304974
132.25,129.25,-94.52137215536298
133.0,129.25,-94.49750217457017
133.75,129.25,-94.54399453109974
134.5,129.25,-94.64323733524797
135.25,129.25,-94.61809368299161
136.0,129.25,-94.44204772505836
136.75,129.25,-94.51893717211749
137.5,129.25,-94.73444821883905
138.25,129.25,-95.11233027418628
139.0,129.25,-95.44869272158795
139.75,129.25,-94.97744989582853
140.5,129.25,-93.67511541219146
141.25,129.25,-92.65332300705992
142.0,129.25,-92.31965468123285
142.75,129.25,-91.93520423244314
143.5,129.25,-90.63564043914643
144.25,129.25,-89.82946448223225
145.0,129.25,-89.12435478833906
145.75,129.25,-90.02081338366783
146.5,129.25,-91.27966364280853
147.25,129.25,-91.70958935638778
148.0,129.25,-90.73903284095172
148.75,129.25,-90.31790593700826
149.5,129.25,-89.94420921179322
150.25,129.25,-89.85967919261468
151.0,129.25,-89.82591136053124
151.75,129.25,-89.79176560042943
152.5,129.25,-89.76692571638705
153.25,129.25,-89.09050648645166
154.0,129.25,-87.67665036674818
154.75,129.25,
155.5,129.25,-88.59284332688588
156.25,129.25,
157.0,129.25,
157.75,129.25,
158.5,129.25,
159.25,129.25,
160.0,129.25,
160.75,129.25,
161.5,129.25,
162.25,129.25,
163.0,129.25,
163.75,129.25,
164.5,129.25,
165.25,129.25,
166.0,129.25,
166.75,129.25,
167.5,129.25,
168.25,129.25,
169.0,129.25,
169.75,129.25,
170.5,129.25,
171.25,129.25,
172.0,129.25,
172.75,129.25,
173.5,129.25,
174.25,129.25,
175.0,129.25,
175.75,129.25,
176.5,129.25,
177.25,129.25,
178.0,129.25,
178.75,129.25,
179.5,129.25,
180.25,129.25,
181.0,129.25,
181.75,129.25,
182.5,129.25,
183.25,129.25,
67.0,130.0,
67.75,130.0,
68.5,130.0,
69.25,130.0,
70.0,130.0,
70.75,130.0,
71.5,130.0,
72.25,130.0,
73.0,130.0,
73.75,130.0,
74.5,130.0,
75.25,130.0,
76.0,130.0,
76.75,130.0,
77.5,130.0,
78.25,130.0,
79.0,130.0,
79.75,130.0,
80.5,130.0,
81.25,130.0,
82.0,130.0,
82.75,130.0,
83.5,130.0,
84.25,130.0,
85.0,130.0,
85.75,130.0,
86.5,130.0,
87.25,130.0,
88.0,130.0,
88.75,130.0,
89.5,130.0,
90.25,130.0,
91.0,130.0,
91.75,130.0,
92.5,130.0,-95.929203539823
93.25,130.0,-96.26352941176471
94.0,130.0,-96.61538461538463
94.75,130.0,
95.5,130.0,
96.25,130.0,-97.54599406528187
97.0,130.0,-97.52631578947368
97.75,130.0,-97.4705882352941
98.5,130.0,-97.3835616438356
99.25,130.0,-97.2811501597444
100.0,130.0,-97.18181818181819
100.75,130.0,-97.09779951100245
101.5,130.0,-97.03305785123966
102.25,130.0,
103.0,130.0,
103.75,130.0,
104.5,130.0,
105.25,130.0,
106.0,130.0,
106.75,130.0,
107.5,130.0,
108.25,130.0,
109.0,130.0,
109.75,130.0,
110.5,130.0,
111.25,130.0,
112.0,130.0,
112.75,130.0,
113.5,130.0,
114.25,130.0,
115.0,130.0,
115.75,130.0,
116.5,130.0,
117.25,130.0,
118.0,130.0,
118.75,130.0,
119.5,130.0,
120.25,130.0,
121.0,130.0,
121.75,130.0,
122.5,130.0,
123.25,130.0,-95.80684104627765
124.0,130.0,-95.99999999999999
124.75,130.0,-96.0637716451684
125.5,130.0,-96.15233570708865
126.25,130.0,-96.288471526724
127.0,130.0,-96.52173913043478
127.75,130.0,-96.59911642464104
128.5,130.0,-97.10657928726259
129.25,130.0,-97.1019240549733
130.0,130.0,-96.42808219178082
130.75,130.0,-95.39813886463193
131.5,130.0,-94.75716145469057
132.25,130.0,-94.43129926426259
133.0,130.0,-94.33747300215983
133.75,130.0,-94.428626021016
134.5,130.0,-94.49431622714688
135.25,130.0,-94.84863377005931
136.0,130.0,-95.06451612903227
136.75,130.0,-95.22945650862114
137.5,130.0,-94.82948083873754
138.25,130.0,-95.12625965970471
139.0,130.0,-95.08943874978993
139.75,130.0,-94.47145854888296
140.5,130.0,-93.57710133502337
141.25,130.0,-93.07252516285229
142.0,130.0,-92.59
142.75,130.0,-92.0586618638201
143.5,130.0,-90.92150297888358
144.25,130.0,-90.31718636049209
145.0,130.0,-89.95574636723909
145.75,130.0,-90.03561496206162
146.5,130.0,-89.64160725103686
147.25,130.0,-89.59747854872778
148.0,130.0,-89.66666666666666
148.75,130.0,-89.3206440853145
149.5,130.0,-89.2798112728933
150.25,130.0,-89.44720693295753
151.0,130.0,-89.51816908675461
151.75,130.0,-89.51470598385711
152.5,130.0,-89.10257475678074
153.25,130.0,-88.98648172685036
154.0,130.0,-89.01629327902242
154.75,130.0,-87.60557986870897
155.5,130.0,
156.25,130.0,
157.0,130.0,
157.75,130.0,
158.5,130.0,
159.25,130.0,
160.0,130.0,
160.75,130.0,
161.5,130.0,
162.25,130.0,
163.0,130.0,
163.75,130.0,
164.5,130.0,
165.25,130.0,
166.0,130.0,
166.75,130.0,
167.5,130.0,
168.25,130.0,
169.0,130.0,
169.75,130.0,
170.5,130.0,
171.25,130.0,
172.0,130.0,
172.75,130.0,
173.5,130.0,
174.25,130.0,
175.0,130.0,
175.75,130.0,
176.5,130.0,
177.25,130.0,
178.0,130.0,
178.75,130.0,
179.5,130.0,
180.25,130.0,
181.0,130.0,
181.75,130.0,
182.5,130.0,
183.25,130.0,
67.0,130.75,
67.75,130.75,
68.5,130.75,
69.25,130.75,
70.0,130.75,
70.75,130.75,
71.5,130.75,
72.25,130.75,
73.0,130.75,
73.75,130.75,
74.5,130.75,
75.25,130.75,
76.0,130.75,
76.75,130.75,
77.5,130.75,
78.25,130.75,
79.0,130.75,
79.75,130.75,
80.5,130.75,
81.25,130.75,
82.0,130.75,
82.75,130.75,
83.5,130.75,
84.25,130.75,
85.0,130.75,
85.75,130.75,
86.5,130.75,
87.25,130.75,
88.0,130.75,
88.75,130.75,
89.5,130.75,
90.25,130.75,
91.0,130.75,
91.75,130.75,
92.5,130.75,-95.48741418764303
93.25,130.75,-95.80487804878048
94.0,130.75,-96.15960099750623
94.75,130.75,-96.50731707317073
95.5,130.75,
96.25,130.75,
97.0,130.75,
97.75,130.75,-97.40609137055837
98.5,130.75,-97.3425692695214
99.25,130.75,-97.26794258373207
100.0,130.75,-97.19256017505471
100.75,130.75,
101.5,130.75,
102.25,130.75,
103.0,130.75,
103.75,130.75,
104.5,130.75,
105.25,130.75,
106.0,130.75,
106.75,130.75,
107.5,130.75,
108.25,130.75,
109.0,130.75,
109.75,130.75,
110.5,130.75,
111.25,130.75,
112.0,130.75,
112.75,130.75,
113.5,130.75,
114.25,130.75,
115.0,130.75,
115.75,130.75,
116.5,130.75,
117.25,130.75,
118.0,130.75,
118.75,130.75,
119.5,130.75,
120.25,130.75,
121.0,130.75,
121.75,130.75,
122.5,130.75,
123.25,130.75,-96.83030648081218
124.0,130.75,-95.93622835483158
124.75,130.75,-96.0
125.5,130.75,-96.0786500765176
126.25,130.75,-96.185134200727
127.0,130.75,-96.39749556132577
127.75,130.75,-96.69224816098311
128.5,130.75,-97.57615961432856
129.25,130.75,-97.8054376864116
130.0,130.75,-96.74662661220722
130.75,130.75,-95.63782171250278
131.5,130.75,-94.70845247086905
132.25,130.75,-94.23652394229595
133.0,130.75,-94.02590417437845
133.75,130.75,-94.17054409259738
134.5,130.75,-94.57595035570564
135.25,130.75,-94.89865218947703
136.0,130.75,-95.1621783578103
136.75,130.75,-95.34826275465359
137.5,130.75,-94.9593003218452
138.25,130.75,-94.98816631541288
139.0,130.75,-95.08850011477658
139.75,130.75,-94.57644023084924
140.5,130.75,-93.56365038917897
141.25,130.75,-93.07762545945675
142.0,130.75,-92.64389909267442
142.75,130.75,-92.17389749242844
143.5,130.75,-91.10411421639736
144.25,130.75,-90.48972324085284
145.0,130.75,-90.02989999884018
145.75,130.75,-89.80320745449393
146.5,130.75,-88.08389492109978
147.25,130.75,-87.40870025122305
148.0,130.75,-88.69362356860155
148.75,130.75,-88.61585564658085
149.5,130.75,-88.7981843001426
150.25,130.75,-89.21783145348871
151.0,130.75,-89.25298332225344
151.75,130.75,-88.92358586354585
152.5,130.75,-88.91111573477689
153.25,130.75,-88.84520586313134
154.0,130.75,-88.91346967145459
154.75,130.75,-87.54904306220095
155.5,130.75,
156.25,130.75,
157.0,130.75,
157.75,130.75,
158.5,130.75,
159.25,130.75,
160.0,130.75,
160.75,130.75,
161.5,130.75,
162.25,130.75,
163.0,130.75,
163.75,130.75,
164.5,130.75,
165.25,130.75,
166.0,130.75,
166.75,130.75,
167.5,130.75,
168.25,130.75,
169.0,130.75,
169.75,130.75,
170.5,130.75,
171.25,130.75,
172.0,130.75,
172.75,130.75,
173.5,130.75,
174.25,130.75,
175.0,130.75,
175.75,130.75,
176.5,130.75,
177.25,130.75,
178.0,130.75,
178.75,130.75,
179.5,130.75,
180.25,130.75,
181.0,130.75,
181.75,130.75,
182.5,130.75,
183.25,130.75,
67.0,131.5,
67.75,131.5,
68.5,131.5,
69.25,131.5,
70.0,131.5,
70.75,131.5,
71.5,131.5,
72.25,131.5,
73.0,131.5,
73.75,131.5,
74.5,131.5,
75.25,131.5,
76.0,131.5,
76.75,131.5,
77.5,131.5,
78.25,131.5,
79.0,131.5,
79.75,131.5,
80.5,131.5,
81.25,131.5,
82.0,131.5,
82.75,131.5,
83.5,131.5,
84.25,131.5,
85.0,131.5,
85.75,131.5,
86.5,131.5,
87.25,131.5,-93.1174004192872
88.0,131.5,-93.19047619047618
88.75,131.5,-93.27296587926507
89.5,131.5,-93.35555555555555
90.25,131.5,-93.42577030812325
91.0,131.5,-92.74893617021277
91.75,131.5,-92.85154061624651
92.5,131.5,-92.71111111111111
93.25,131.5,-94.09762652382702
94.0,131.5,-94.28057155516171
94.75,131.5,-93.7492566178844
95.5,131.5,-94.63045234248789
96.25,131.5,-94.83805420088504
97.0,131.5,-94.84645763842562
97.75,131.5,-94.77481840193704
98.5,131.5,-94.72727272727272
99.25,131.5,-91.38932873893019
100.0,131.5,-91.23140495867769
100.75,131.5,-87.10198124577441
101.5,131.5,-81.82142857142857
102.25,131.5,-81.7140718562874
103.0,131.5,-81.61046511627907
103.75,131.5,
104.5,131.5,
105.25,131.5,
106.0,131.5,
106.75,131.5,
107.5,131.5,
108.25,131.5,
109.0,131.5,
109.75,131.5,
110.5,131.5,
111.25,131.5,
112.0,131.5,
112.75,131.5,
113.5,131.5,
114.25,131.5,
115.0,131.5,
115.75,131.5,
116.5,131.5,
117.25,131.5,
118.0,131.5,
118.75,131.5,
119.5,131.5,
120.25,131.5,-91.90994371482176
121.0,131.5,-92.19200000000001
121.75,131.5,
122.5,131.5,-96.1764705882353
123.25,131.5,-95.80309059028198
124.0,131.5,-95.84766429291135
124.75,131.5,-95.92134992348241
125.5,131.5,-96.0
126.25,131.5,-96.04142265471751
127.0,131.5,-96.06322028317419
127.75,131.5,-96.14804937141169
128.5,131.5,-96.93982451049372
129.25,131.5,-97.21844791516456
130.0,131.5,-96.17658352125781
130.75,131.5,-95.41309779290853
131.5,131.5,-94.68429336628637
132.25,131.5,-94.2864248849775
133.0,131.5,-94.12674143974937
133.75,131.5,-94.34315152886474
134.5,131.5,-94.73118360951621
135.25,131.5,-95.13881294599351
136.0,131.5,-95.473966141358
136.75,131.5,-95.70052040879906
137.5,131.5,-95.8060304909272
138.25,131.5,-95.36239069078098
139.0,131.5,-95.33164873180458
139.75,131.5,-94.705693866565
140.5,131.5,-94.5887362792534
141.25,131.5,-93.1126799070534
142.0,131.5,-92.61813518406758
142.75,131.5,-91.49619565770978
143.5,131.5,-91.23883697156565
144.25,131.5,-90.96780508340103
145.0,131.5,-90.45369917678067
145.75,131.5,-90.32099613964331
146.5,131.5,-88.70199287316882
147.25,131.5,-88.05442418092021
148.0,131.5,-89.2754044884436
148.75,131.5,-88.96720699700705
149.5,131.5,-89.11589027568866
150.25,131.5,-89.16410912682628
151.0,131.5,-88.70960118676334
151.75,131.5,-88.54810541536027
152.5,131.5,-88.4067117767053
153.25,131.5,-88.67052067975479
154.0,131.5,-88.80360721442885
154.75,131.5,-88.91490208822864
155.5,131.5,
156.25,131.5,
157.0,131.5,
157.75,131.5,
158.5,131.5,
159.25,131.5,
160.0,131.5,
160.75,131.5,
161.5,131.5,
162.25,131.5,
163.0,131.5,
163.75,131.5,
164.5,131.5,
165.25,131.5,
166.0,131.5,
166.75,131.5,
167.5,131.5,
168.25,131.5,
169.0,131.5,
169.75,131.5,
170.5,131.5,
171.25,131.5,
172.0,131.5,
172.75,131.5,
173.5,131.5,
174.25,131.5,
175.0,131.5,
175.75,131.5,
176.5,131.5,
177.25,131.5,
178.0,131.5,
178.75,131.5,
179.5,131.5,
180.25,131.5,
181.0,131.5,
181.75,131.5,
182.5,131.5,
183.25,131.5,
67.0,132.25,
67.75,132.25,
68.5,132.25,
69.25,132.25,
70.0,132.25,
70.75,132.25,
71.5,132.25,
72.25,132.25,
73.0,132.25,
73.75,132.25,
74.5,132.25,
75.25,132.25,
76.0,132.25,
76.75,132.25,
77.5,132.25,
78.25,132.25,
79.0,132.25,
79.75,132.25,
80.5,132.25,
81.25,132.25,
82.0,132.25,
82.75,132.25,
83.5,132.25,
84.25,132.25,
85.0,132.25,
85.75,132.25,-91.17433062688363
86.5,132.25,-91.56743924585825
87.25,132.25,-93.08465608465609
88.0,132.25,-93.17445482866042
88.75,132.25,-93.2836879432624
89.5,132.25,-92.8389382259904
90.25,132.25,-92.9091712056529
91.0,132.25,-92.91154422788605
91.75,132.25,-93.11367105455702
92.5,132.25,-93.05303106732399
93.25,132.25,-93.15181821766043
94.0,132.25,-92.56419149012439
94.75,132.25,-93.3169719056537
95.5,132.25,-93.35208566984457
96.25,132.25,-93.38485318289081
97.0,132.25,-94.04639726747872
97.75,132.25,-91.89395653471445
98.5,132.25,-91.48405321380781
99.25,132.25,-90.10450441239432
100.0,132.25,-84.4491660047657
100.75,132.25,-81.97388059701491
101.5,132.25,-81.84448818897637
102.25,132.25,-81.70238095238096
103.0,132.25,-81.56679389312977
103.75,132.25,-81.45422535211269
104.5,132.25,-81.37264150943396
105.25,132.25,
106.0,132.25,
106.75,132.25,
107.5,132.25,
108.25,132.25,
109.0,132.25,
109.75,132.25,
110.5,132.25,
111.25,132.25,
112.0,132.25,
112.75,132.25,
113.5,132.25,
114.25,132.25,
115.0,132.25,
115.75,132.25,
116.5,132.25,
117.25,132.25,
118.0,132.25,
118.75,132.25,
119.5,132.25,
120.25,132.25,-91.77880184331798
121.0,132.25,-92.11970074812967
121.75,132.25,-94.32556777374121
122.5,132.25,-94.73555689559285
123.25,132.25,-95.67604168363712
124.0,132.25,-95.71152847327596
124.75,132.25,-95.81486579927301
125.5,132.25,-95.95857734528248
126.25,132.25,-96.0
127.0,132.25,-95.7390049821425
127.75,132.25,-95.06048949796511
128.5,132.25,-94.21259379637625
129.25,132.25,-93.93848811565374
130.0,132.25,-94.60885165596717
130.75,132.25,-94.93818514309181
131.5,132.25,-94.66384206086184
132.25,132.25,-94.53787459001776
133.0,132.25,-94.61461734160383
133.75,132.25,-94.78486915500511
134.5,132.25,-95.01561216843439
135.25,132.25,-95.56417993267074
136.0,132.25,-95.97251822708267
136.75,132.25,-96.45141175558506
137.5,132.25,-96.4981371846679
138.25,132.25,-96.43101450756069
139.0,132.25,-95.85686913634237
139.75,132.25,-95.26497809535542
140.5,132.25,-94.6531444364699
141.25,132.25,-93.25445955246295
142.0,132.25,-91.82313629376968
142.75,132.25,-91.93881975892093
143.5,132.25,-92.27286103920734
144.25,132.25,-93.26257666759693
145.0,132.25,-94.03829975011529
145.75,132.25,-92.64375217717213
146.5,132.25,-90.61545102690025
147.25,132.25,-90.14880647799362
148.0,132.25,-90.52322476019354
148.75,132.25,-91.49768780427682
149.5,132.25,-91.04683158551559
150.25,132.25,-89.23924898908761
151.0,132.25,-87.82883858497343
151.75,132.25,-87.9347404265858
152.5,132.25,-88.1460221192604
153.25,132.25,-88.50633694803972
154.0,132.25,-88.71360893350628
154.75,132.25,-88.86327540734852
155.5,132.25,
156.25,132.25,
157.0,132.25,
157.75,132.25,
158.5,132.25,
159.25,132.25,
160.0,132.25,
160.75,132.25,
161.5,132.25,
162.25,132.25,
163.0,132.25,
163.75,132.25,
164.5,132.25,
165.25,132.25,
166.0,132.25,
166.75,132.25,
167.5,132.25,
168.25,132.25,
169.0,132.25,
169.75,132.25,
170.5,132.25,
171.25,132.25,
172.0,132.25,
172.75,132.25,
173.5,132.25,
174.25,132.25,
175.0,132.25,
175.75,132.25,
176.5,132.25,
177.25,132.25,
178.0,132.25,
178.75,132.25,
179.5,132.25,
180.25,132.25,
181.0,132.25,
181.75,132.25,
182.5,132.25,
183.25,132.25,
67.0,133.0,
67.75,133.0,
68.5,133.0,
69.25,133.0,
70.0,133.0,
70.75,133.0,
71.5,133.0,
72.25,133.0,
73.0,133.0,
73.75,133.0,
74.5,133.0,
75.25,133.0,
76.0,133.0,
76.75,133.0,
77.5,133.0,
78.25,133.0,
79.0,133.0,
79.75,133.0,
80.5,133.0,
81.25,133.0,
82.0,133.0,
82.75,133.0,
83.5,133.0,
84.25,133.0,
85.0,133.0,-89.53846153846153
85.75,133.0,-91.04809504011605
86.5,133.0,-91.51374321270782
87.25,133.0,-91.95112594840667
88.0,133.0,-93.13333333333333
88.75,133.0,-92.80201283376567
89.5,133.0,-92.96990250105978
90.25,133.0,-93.109611550227
91.0,133.0,-93.29508196721311
91.75,133.0,-93.22799619620191
92.5,133.0,-93.0989597690898
93.25,133.0,-92.65010916223102
94.0,133.0,-92.56558641975307
94.75,133.0,-92.4487265292483
95.5,133.0,-92.33386806845382
96.25,133.0,-92.2043214703893
97.0,133.0,-90.35714285714286
97.75,133.0,-89.90260358680635
98.5,133.0,-89.3142361811071
99.25,133.0,-86.81814754643302
100.0,133.0,-84.4322033898305
100.75,133.0,-83.90163782522166
101.5,133.0,-81.88043478260869
102.25,133.0,-81.68406593406593
103.0,133.0,-81.5
103.75,133.0,-81.357476635514
104.5,133.0,-81.26612903225806
105.25,133.0,-81.21938775510203
106.0,133.0,
106.75,133.0,
107.5,133.0,
108.25,133.0,
109.0,133.0,
109.75,133.0,
110.5,133.0,
111.25,133.0,
112.0,133.0,
112.75,133.0,
113.5,133.0,
114.25,133.0,
115.0,133.0,
115.75,133.0,
116.5,133.0,
117.25,133.0,
118.0,133.0,
118.75,133.0,
119.5,133.0,-91.2871287128713
120.25,133.0,-91.59206798866856
121.0,133.0,-92.00000000000001
121.75,133.0,-94.14242809258103
122.5,133.0,-94.60753155178581
123.25,133.0,-94.60125262243595
124.0,133.0,-95.47826086956523
124.75,133.0,-95.60250443867422
125.5,133.0,-95.93677971682581
126.25,133.0,-96.26099501785748
127.0,133.0,-95.96
127.75,133.0,-94.71577203753958
128.5,133.0,-92.68558491724882
129.25,133.0,-92.17247537059596
130.0,133.0,-93.64702308626974
130.75,133.0,-94.65527656142449
131.5,133.0,-94.69056607128041
132.25,133.0,-94.84951155838358
133.0,133.0,-94.97413793103448
133.75,133.0,-95.17048526715425
134.5,133.0,-95.48755074673477
135.25,133.0,-96.24405481060074
136.0,133.0,-96.77272727272731
136.75,133.0,-97.14223862736755
137.5,133.0,-97.39464271829563
138.25,133.0,-97.22499400114441
139.0,133.0,-97.375
139.75,133.0,-95.41994480108549
140.5,133.0,-94.77644297336403
141.25,133.0,-94.16298670224921
142.0,133.0,-92.71181172291298
142.75,133.0,-92.13402340679785
143.5,133.0,-92.86243980308501
144.25,133.0,-94.91890586225966
145.0,133.0,-96.99999999999403
145.75,133.0,-94.56973878259656
146.5,133.0,-91.9875035501278
147.25,133.0,-91.19561600981291
148.0,133.0,-91.70120724346076
148.75,133.0,-93.29112404264534
149.5,133.0,-92.55697153825211
150.25,133.0,-88.81767731989477
151.0,133.0,-87.00000000000196
151.75,133.0,-87.48631487275782
152.5,133.0,-88.00990138249458
153.25,133.0,-88.43468013686622
154.0,133.0,-88.67960363336086
154.75,133.0,-88.9396551724138
155.5,133.0,
156.25,133.0,
157.0,133.0,
157.75,133.0,
158.5,133.0,
159.25,133.0,
160.0,133.0,
160.75,133.0,
161.5,133.0,
162.25,133.0,
163.0,133.0,
163.75,133.0,
164.5,133.0,
165.25,133.0,
166.0,133.0,
166.75,133.0,
167.5,133.0,
168.25,133.0,
169.0,133.0,
169.75,133.0,
170.5,133.0,
171.25,133.0,
172.0,133.0,
172.75,133.0,
173.5,133.0,
174.25,133.0,
175.0,133.0,
175.75,133.0,
176.5,133.0,
177.25,133.0,
178.0,133.0,
178.75,133.0,
179.5,133.0,
180.25,133.0,
181.0,133.0,
181.75,133.0,
182.5,133.0,
183.25,133.0,
67.0,133.75,
67.75,133.75,
68.5,133.75,
69.25,133.75,
70.0,133.75,
70.75,133.75,
71.5,133.75,
72.25,133.75,
73.0,133.75,
73.75,133.75,
74.5,133.75,
75.25,133.75,
76.0,133.75,
76.75,133.75,
77.5,133.75,
78.25,133.75,-89.21336996336996
79.0,133.75,-89.14247311827957
79.75,133.75,-89.05099502487562
80.5,133.75,-88.83733712268692
81.25,133.75,-88.75097914026244
82.0,133.75,-88.67110036275695
82.75,133.75,-86.45711462219467
83.5,133.75,-86.20345158272806
84.25,133.75,-86.32828689983162
85.0,133.75,-86.36423593439184
85.75,133.75,-87.63026045459927
86.5,133.75,-88.04592949210667
87.25,133.75,-88.77348514185493
88.0,133.75,-90.92825689722811
88.75,133.75,-91.67824645176417
89.5,133.75,-92.23542011447918
90.25,133.75,-93.31275744048087
91.0,133.75,-93.4655680497729
91.75,133.75,-93.3668312504261
92.5,133.75,-93.27041350896616
93.25,133.75,-93.09208082620647
94.0,133.75,-93.07687523998014
94.75,133.75,-93.00910383924338
95.5,133.75,-92.47367931356273
96.25,133.75,-92.34431722230337
97.0,133.75,-91.46147187402029
97.75,133.75,-91.15854986747159
98.5,133.75,-89.55471786060964
99.25,133.75,-88.76069726896317
100.0,133.75,-87.33977734156088
100.75,133.75,-85.64294611614153
101.5,133.75,-84.98029054816321
102.25,133.75,-81.65322580645162
103.0,133.75,-81.39179104477611
103.75,133.75,-81.21153846153845
104.5,133.75,-83.6337569644698
105.25,133.75,-84.29281348879547
106.0,133.75,-85.05101854703693
106.75,133.75,-88.52042781799717
107.5,133.75,-89.3842355630006
108.25,133.75,-93.99999999999999
109.0,133.75,-94.0
109.75,133.75,-94.00000000000001
110.5,133.75,-93.06286836935169
111.25,133.75,-92.96837944664031
112.0,133.75,
112.75,133.75,-93.14626556016599
113.5,133.75,-93.20661605206074
114.25,133.75,-92.99694208517846
115.0,133.75,-92.91991922972738
115.75,133.75,-92.78509326129172
116.5,133.75,-92.5723092395725
117.25,133.75,-92.32699161728478
118.0,133.75,-91.67775090689238
118.75,133.75,-92.25129375372775
119.5,133.75,-92.51831845076423
120.25,133.75,-92.31047763369928
121.0,133.75,-92.6285196142203
121.75,133.75,-93.99784132346265
122.5,133.75,-94.66400985023901
123.25,133.75,-94.65528022677191
124.0,133.75,-94.85811956759896
124.75,133.75,-95.1109742304445
125.5,133.75,-95.7182969810699
126.25,133.75,-96.82054673968824
127.0,133.75,-97.2212082073508
127.75,133.75,-95.9618870656205
128.5,133.75,-93.87513928533305
129.25,133.75,-93.24250192134554
130.0,133.75,-94.02839541130524
130.75,133.75,-94.79756273329069
131.5,133.75,-95.23061202465072
132.25,133.75,-95.25651673046035
133.0,133.75,-95.53088587744979
133.75,133.75,-95.64325993027707
134.5,133.75,-95.91141872422808
135.25,133.75,-96.71849541785028
136.0,133.75,-97.49536225474405
136.75,133.75,-98.10161429923724
137.5,133.75,-98.0789494261049
138.25,133.75,-97.70842876668077
139.0,133.75,-97.62237125504949
139.75,133.75,-95.698617447061
140.5,133.75,-94.94758720793713
141.25,133.75,-94.22207015521633
142.0,133.75,-93.04288650183713
142.75,133.75,-91.9721567552795
143.5,133.75,-92.33371698288711
144.25,133.75,-93.17450200617249
145.0,133.75,-94.03910958752738
145.75,133.75,-92.98417992813191
146.5,133.75,-91.86087954133498
147.25,133.75,-91.51085881211431
148.0,133.75,-91.65058737743854
148.75,133.75,-92.312532019977
149.5,133.75,-91.63588759085825
150.25,133.75,-89.26650267352098
151.0,133.75,-87.73117265112698
151.75,133.75,-87.80913573286564
152.5,133.75,-88.20440802486578
153.25,133.75,-88.50661646046261
154.0,133.75,-88.72210513283001
154.75,133.75,-88.970207253886
155.5,133.75,
156.25,133.75,
157.0,133.75,
157.75,133.75,
158.5,133.75,
159.25,133.75,
160.0,133.75,
160.75,133.75,
161.5,133.75,
162.25,133.75,
163.0,133.75,
163.75,133.75,
164.5,133.75,
165.25,133.75,
166.0,133.75,
166.75,133.75,
167.5,133.75,
168.25,133.75,
169.0,133.75,
169.75,133.75,
170.5,133.75,
171.25,133.75,
172.0,133.75,
172.75,133.75,
173.5,133.75,
174.25,133.75,
175.0,133.75,
175.75,133.75,
176.5,133.75,
177.25,133.75,
178.0,133.75,
178.75,133.75,
179.5,133.75,
180.25,133.75,
181.0,133.75,
181.75,133.75,
182.5,133.75,
183.25,133.75,
67.0,134.5,
67.75,134.5,
68.5,134.5,
69.25,134.5,
70.0,134.5,
70.75,134.5,
71.5,134.5,
72.25,134.5,
73.0,134.5,
73.75,134.5,
74.5,134.5,
75.25,134.5,
76.0,134.5,
76.75,134.5,
77.5,134.5,
78.25,134.5,-89.27207505518763
79.0,134.5,-89.19623655913978
79.75,134.5,-88.9496380675189
80.5,134.5,-88.84567764757904
81.25,134.5,-86.97510035625176
82.0,134.5,-86.86090852260887
82.75,134.5,-86.68392142352886
83.5,134.5,-86.44786395521011
84.25,134.5,-86.71483141281358
85.0,134.5,-86.24021167545808
85.75,134.5,-87.33202422019028
86.5,134.5,-87.83552594956019
87.25,134.5,-88.69436364664901
88.0,134.5,-89.62869232300278
88.75,134.5,-90.6998018071088
89.5,134.5,-92.61215430194403
90.25,134.5,-93.55547364682496
91.0,134.5,-93.84635575982891
91.75,134.5,-93.576697337134
92.5,134.5,-93.37229308358927
93.25,134.5,-93.04402892076925
94.0,134.5,-93.01609434965337
94.75,134.5,-93.02680569593922
95.5,134.5,-92.52083275354138
96.25,134.5,-92.52816758130865
97.0,134.5,-91.49508576884509
97.75,134.5,-91.41497787737617
98.5,134.5,-89.65724468819543
99.25,134.5,-88.68643284243281
100.0,134.5,-87.58285782325603
100.75,134.5,-85.94936725643993
101.5,134.5,-84.54060039370079
102.25,134.5,-83.81831565399496
103.0,134.5,-81.20454545454545
103.75,134.5,-82.66474014744699
104.5,134.5,-83.2739902606703
105.25,134.5,-85.60046719172873
106.0,134.5,-86.8933273255025
106.75,134.5,-88.82599118942731
107.5,134.5,-89.82188036857724
108.25,134.5,-90.5267530128056
109.0,134.5,-94.0
109.75,134.5,-93.4426400922257
110.5,134.5,-93.33181039406054
111.25,134.5,-93.36152576934451
112.0,134.5,-93.33275261324043
112.75,134.5,-93.33230496154172
113.5,134.5,-93.76462676529925
114.25,134.5,-93.07288095946822
115.0,134.5,-93.00621198395235
115.75,134.5,-92.72873025172987
116.5,134.5,-92.50404505995022
117.25,134.5,-92.64470602717209
118.0,134.5,-92.36969668990349
118.75,134.5,-92.20109143243134
119.5,134.5,-92.21327465436988
120.25,134.5,-92.46097044938108
121.0,134.5,-92.50250762691898
121.75,134.5,-93.8255999575974
122.5,134.5,-94.31280174374784
123.25,134.5,-94.57636366731528
124.0,134.5,-94.51002333616698
124.75,134.5,-94.34895328224259
125.5,134.5,-94.97887137877251
126.25,134.5,-97.73430858884599
127.0,134.5,-99.29462917628273
127.75,134.5,-98.05872776726622
128.5,134.5,-95.92652329749103
129.25,134.5,-94.89589822539267
130.0,134.5,-94.87879190443628
130.75,134.5,-95.1525521749052
131.5,134.5,-95.45554485056931
132.25,134.5,-95.76467665981025
133.0,134.5,-95.94814213421267
133.75,134.5,-95.89593660233449
134.5,134.5,-96.29971596064533
135.25,134.5,-97.05995468605062
136.0,134.5,-98.1599643182238
136.75,134.5,-98.77692537575753
137.5,134.5,-98.65851314668411
138.25,134.5,-98.13704140246308
139.0,134.5,-97.60931541674233
139.75,134.5,-96.30173310259977
140.5,134.5,-95.13226337150715
141.25,134.5,-94.30832884824903
142.0,134.5,-93.30977441268264
142.75,134.5,-92.11596635128538
143.5,134.5,-91.03528166275365
144.25,134.5,-89.99134844019675
145.0,134.5,-88.94505707159765
145.75,134.5,-90.00945476882784
146.5,134.5,-90.89749621947021
147.25,134.5,-90.99035578811568
148.0,134.5,-91.17745379953729
148.75,134.5,-91.26923683500944
149.5,134.5,-90.78248423898799
150.25,134.5,-89.71894946146985
151.0,134.5,-88.61439712885638
151.75,134.5,-88.37540238519674
152.5,134.5,-88.53462081959492
153.25,134.5,-88.68735513778007
154.0,134.5,-88.89935064935064
154.75,134.5,-89.05387409200968
155.5,134.5,
156.25,134.5,
157.0,134.5,
157.75,134.5,
158.5,134.5,
159.25,134.5,
160.0,134.5,
160.75,134.5,
161.5,134.5,
162.25,134.5,
163.0,134.5,
163.75,134.5,
164.5,134.5,
165.25,134.5,
166.0,134.5,
166.75,134.5,
167.5,134.5,
168.25,134.5,
169.0,134.5,
169.75,134.5,
170.5,134.5,
171.25,134.5,
172.0,134.5,
172.75,134.5,
173.5,134.5,
174.25,134.5,
175.0,134.5,
175.75,134.5,
176.5,134.5,
177.25,134.5,
178.0,134.5,
178.75,134.5,
179.5,134.5,
180.25,134.5,
181.0,134.5,
181.75,134.5,
182.5,134.5,
183.25,134.5,
67.0,135.25,
67.75,135.25,
68.5,135.25,
69.25,135.25,
70.0,135.25,
70.75,135.25,
71.5,135.25,
72.25,135.25,
73.0,135.25,
73.75,135.25,
74.5,135.25,
75.25,135.25,
76.0,135.25,
76.75,135.25,
77.5,135.25,-89.396750524109
78.25,135.25,-89.3558201058201
79.0,135.25,-89.09890359734551
79.75,135.25,-89.15072082563859
80.5,135.25,-87.581490005785
81.25,135.25,-87.45377849055886
82.0,135.25,-87.32293047059036
82.75,135.25,-87.00586412537007
83.5,135.25,-86.98811512717452
84.25,135.25,-86.63950685406101
85.0,135.25,-86.10449220873437
85.75,135.25,-86.24999109818887
86.5,135.25,-87.52495795201827
87.25,135.25,-88.58095489575237
88.0,135.25,-89.67211369920446
88.75,135.25,-90.68698968047482
89.5,135.25,-92.38337080661377
90.25,135.25,-93.34203122381813
91.0,135.25,-93.94143459114446
91.75,135.25,-93.49979965392018
92.5,135.25,-93.02492527090077
93.25,135.25,-92.70028175760037
94.0,135.25,-92.93576771317288
94.75,135.25,-93.17826534852628
95.5,135.25,-92.69938674668936
96.25,135.25,-92.42162208413131
97.0,135.25,-92.09978433898169
97.75,135.25,-91.32168323401051
98.5,135.25,-89.82209830880524
99.25,135.25,-88.63419268962132
100.0,135.25,-87.1751570917314
100.75,135.25,-85.47062866722547
101.5,135.25,-84.55507394853207
102.25,135.25,-83.20526267244071
103.0,135.25,-82.83351130100229
103.75,135.25,-82.13021501001153
104.5,135.25,-83.71584987620348
105.25,135.25,-85.00180739620347
106.0,135.25,-87.0356430432095
106.75,135.25,-89.71452709253059
107.5,135.25,-90.6581645337547
108.25,135.25,-91.26042426129312
109.0,135.25,-93.58351880970605
109.75,135.25,-92.61764669319042
110.5,135.25,-92.72893083898069
111.25,135.25,-92.65026882836584
112.0,135.25,-92.50535959467189
112.75,135.25,-93.55016050824182
113.5,135.25,-93.21746781346194
114.25,135.25,-93.15048373894034
115.0,135.25,-92.99652627341688
115.75,135.25,-92.84802501846708
116.5,135.25,-92.84412589387276
117.25,135.25,-92.4720107177287
118.0,135.25,-92.04703113018563
118.75,135.25,-91.74381271155423
119.5,135.25,-91.9129058596491
120.25,135.25,-91.96196027881214
121.0,135.25,-92.38457604181589
121.75,135.25,-93.28494220666188
122.5,135.25,-94.20074625552051
123.25,135.25,-94.50340523830516
124.0,135.25,-94.45235559657468
124.75,135.25,-94.15151291244587
125.5,135.25,-94.72063257694089
126.25,135.25,-98.02218183750057
127.0,135.25,-99.82228077547634
127.75,135.25,-98.68660062168816
128.5,135.25,-96.87409777139077
129.25,135.25,-95.63531998204164
130.0,135.25,-95.52087574311567
130.75,135.25,-95.46675706543974
131.5,135.25,-95.42599849236709
132.25,135.25,-95.77857103872611
133.0,135.25,-95.98436592280515
133.75,135.25,-95.96653530026582
134.5,135.25,-96.25522242305722
135.25,135.25,-97.24406026798273
136.0,135.25,-98.24852627122453
136.75,135.25,-98.91036328111312
137.5,135.25,-98.7927548441449
138.25,135.25,-97.9905787348587
139.0,135.25,-97.28947368421053
139.75,135.25,-96.28384162140377
140.5,135.25,-95.69098802037206
141.25,135.25,-94.38977797431956
142.0,135.25,-93.32230065443174
142.75,135.25,-92.16854121808821
143.5,135.25,-90.4842367717024
144.25,135.25,-89.09762678355547
145.0,135.25,-88.12940323388982
145.75,135.25,-89.0224772094547
146.5,135.25,-90.21964088367817
147.25,135.25,-90.59202552467394
148.0,135.25,-90.77523507788862
148.75,135.25,-90.74358858636664
149.5,135.25,-90.43446573604068
150.25,135.25,-89.90838963846552
151.0,135.25,-89.05257096487952
151.75,135.25,-88.93705583756346
152.5,135.25,-88.86782043767533
153.25,135.25,-88.97932330827066
154.0,135.25,-89.07152974504248
154.75,135.25,
155.5,135.25,
156.25,135.25,
157.0,135.25,
157.75,135.25,
158.5,135.25,
159.25,135.25,
160.0,135.25,
160.75,135.25,
161.5,135.25,
162.25,135.25,
163.0,135.25,
163.75,135.25,
164.5,135.25,
165.25,135.25,
166.0,135.25,
166.75,135.25,
167.5,135.25,
168.25,135.25,
169.0,135.25,
169.75,135.25,
170.5,135.25,
171.25,135.25,
172.0,135.25,
172.75,135.25,
173.5,135.25,
174.25,135.25,
175.0,135.25,
175.75,135.25,
176.5,135.25,
177.25,135.25,
178.0,135.25,
178.75,135.25,
179.5,135.25,
180.25,135.25,
181.0,135.25,
181.75,135.25,
182.5,135.25,
183.25,135.25,
67.0,136.0,
67.75,136.0,
68.5,136.0,
69.25,136.0,
70.0,136.0,
70.75,136.0,
71.5,136.0,
72.25,136.0,
73.0,136.0,
73.75,136.0,
74.5,136.0,
75.25,136.0,
76.0,136.0,
76.75,136.0,
77.5,136.0,-89.48809523809524
78.25,136.0,-89.3812960469455
79.0,136.0,-89.33793492459327
79.75,136.0,-89.2504879966228
80.5,136.0,-87.83866482522853
81.25,136.0,-87.6812995033872
82.0,136.0,-87.50921968494323
82.75,136.0,-87.50888801087503
83.5,136.0,-87.07703426416207
84.25,136.0,-86.55405201143331
85.0,136.0,-85.71611257758437
85.75,136.0,-85.80332466863885
86.5,136.0,-87.05328918942067
87.25,136.0,-88.42148315710304
88.0,136.0,-89.87667304015298
88.75,136.0,-90.94037399528165
89.5,136.0,-91.91337358441956
90.25,136.0,-92.50230748834036
91.0,136.0,-93.14927048260382
91.75,136.0,-92.73826435695811
92.5,136.0,-92.09593413984474
93.25,136.0,-91.8748047916314
94.0,136.0,-92.85714285714285
94.75,136.0,-93.65788071068012
95.5,136.0,-93.39185859575169
96.25,136.0,-92.15903953126461
97.0,136.0,-91.37983370727201
97.75,136.0,-91.10853210232804
98.5,136.0,-90.10334963218872
99.25,136.0,-88.69838795727988
100.0,136.0,-86.65439770554495
100.75,136.0,-84.88130348750845
101.5,136.0,-84.08746426696457
102.25,136.0,-82.62708967624194
103.0,136.0,-81.32484725050915
103.75,136.0,-81.80522314885299
104.5,136.0,-83.19395284479677
105.25,136.0,-85.63578664218825
106.0,136.0,-87.49884792626732
106.75,136.0,-88.89909843411807
107.5,136.0,-90.2695251877595
108.25,136.0,-91.51547263104118
109.0,136.0,-92.8018100265947
109.75,136.0,-92.6636953897397
110.5,136.0,-92.75151168313764
111.25,136.0,-92.64726107921729
112.0,136.0,-92.60936015204307
112.75,136.0,-92.86328994397591
113.5,136.0,-93.04876497008108
114.25,136.0,-93.14573992523377
115.0,136.0,-93.1646665714793
115.75,136.0,-93.0527971303425
116.5,136.0,-92.95794904480924
117.25,136.0,-92.41487654129412
118.0,136.0,-91.55132192846034
118.75,136.0,-90.98675230678526
119.5,136.0,-91.082842333465
120.25,136.0,-91.70124540535778
121.0,136.0,-92.34561798610584
121.75,136.0,-92.7092939499113
122.5,136.0,-94.14707416010872
123.25,136.0,-94.50066382687244
124.0,136.0,-94.79767184035478
124.75,136.0,-94.89944764354722
125.5,136.0,-95.54745440468533
126.25,136.0,-97.19954163851156
127.0,136.0,-98.22246301807048
127.75,136.0,-97.8093854754017
128.5,136.0,-96.64951784954063
129.25,136.0,-95.8232745445737
130.0,136.0,-95.38524590163935
130.75,136.0,-95.31878808212137
131.5,136.0,-95.28364040067078
132.25,136.0,-95.55056242055846
133.0,136.0,-95.80887372013653
133.75,136.0,-95.9343568811007
134.5,136.0,-96.43800351007813
135.25,136.0,-97.0998890753597
136.0,136.0,-97.82675309369475
136.75,136.0,-98.32484810175441
137.5,136.0,-98.07836990595612
138.25,136.0,-97.09901561548081
139.0,136.0,-96.5
139.75,136.0,-96.08875663254108
140.5,136.0,-95.75050656905681
141.25,136.0,-94.99014266927016
142.0,136.0,-93.50940463236437
142.75,136.0,-92.27473644164908
143.5,136.0,-90.60205727806286
144.25,136.0,-89.63778468782063
145.0,136.0,-89.0325747155183
145.75,136.0,-89.41795209230041
146.5,136.0,-90.02614157196024
147.25,136.0,-90.35354535096381
148.0,136.0,-90.51321585903082
148.75,136.0,-90.4822523619421
149.5,136.0,-90.2901386231125
150.25,136.0,-89.35600665642113
151.0,136.0,-89.47947019867549
151.75,136.0,-89.24119416389557
152.5,136.0,-89.25
153.25,136.0,-89.2226443768997
154.0,136.0,-89.25
154.75,136.0,
155.5,136.0,
156.25,136.0,
157.0,136.0,
157.75,136.0,
158.5,136.0,
159.25,136.0,
160.0,136.0,
160.75,136.0,
161.5,136.0,
162.25,136.0,
163.0,136.0,
163.75,136.0,
164.5,136.0,
165.25,136.0,
166.0,136.0,
166.75,136.0,
167.5,136.0,
168.25,136.0,
169.0,136.0,
169.75,136.0,
170.5,136.0,
171.25,136.0,
172.0,136.0,
172.75,136.0,
173.5,136.0,
174.25,136.0,
175.0,136.0,
175.75,136.0,
176.5,136.0,
177.25,136.0,
178.0,136.0,
178.75,136.0,
179.5,136.0,
180.25,136.0,
181.0,136.0,
181.75,136.0,
182.5,136.0,
183.25,136.0,
67.0,136.75,
67.75,136.75,
68.5,136.75,
69.25,136.75,
70.0,136.75,
70.75,136.75,
71.5,136.75,
72.25,136.75,
73.0,136.75,
73.75,136.75,
74.5,136.75,
75.25,136.75,
76.0,136.75,
76.75,136.75,
77.5,136.75,-89.47667664753666
78.25,136.75,-89.48098315499006
79.0,136.75,-89.47040282981864
79.75,136.75,-88.28874119170784
80.5,136.75,-88.20867290882875
81.25,136.75,-87.8940415130848
82.0,136.75,-87.72158043906093
82.75,136.75,-87.89767796915787
83.5,136.75,-87.56485898813911
84.25,136.75,-86.01733567059371
85.0,136.75,-84.82251848930757
85.75,136.75,-84.9736126490952
86.5,136.75,-86.0417787009714
87.25,136.75,-88.03317395354021
88.0,136.75,-90.05310716701696
88.75,136.75,-91.72579872643163
89.5,136.75,-91.78375558107697
90.25,136.75,-91.76450461420282
91.0,136.75,-92.41557008286931
91.75,136.75,-92.08385810395973
92.5,136.75,-90.8909029155646
93.25,136.75,-90.45544397215001
94.0,136.75,-92.84844410633589
94.75,136.75,-94.68717792541229
95.5,136.75,-94.20579509542603
96.25,136.75,-91.69923042662265
97.0,136.75,-90.17497905397846
97.75,136.75,-90.85912484489292
98.5,136.75,-91.2862768097279
99.25,136.75,-89.2242056537151
100.0,136.75,-86.35685682633235
100.75,136.75,-84.19826482341225
101.5,136.75,-83.98134435861205
102.25,136.75,-81.49094926966916
103.0,136.75,-79.68411299424106
103.75,136.75,-80.81727151957094
104.5,136.75,-82.89842586603125
105.25,136.75,-86.06142002709693
106.0,136.75,-88.32866623537144
106.75,136.75,-89.952677590382
107.5,136.75,-90.90682076380148
108.25,136.75,-92.09948316430363
109.0,136.75,-92.234583962577
109.75,136.75,-92.77390499755028
110.5,136.75,-92.7425312827933
111.25,136.75,-92.57488395920134
112.0,136.75,-92.51453824305581
112.75,136.75,-92.74942567039552
113.5,136.75,-92.99063288092913
114.25,136.75,-93.26877803863755
115.0,136.75,-93.39695266960292
115.75,136.75,-93.36105555805693
116.5,136.75,-93.25831105535488
117.25,136.75,-92.59939177723567
118.0,136.75,-91.34241162487928
118.75,136.75,-90.21754026496198
119.5,136.75,-90.48937290095613
120.25,136.75,-91.65599946928512
121.0,136.75,-92.56788258491726
121.75,136.75,-92.94748543843194
122.5,136.75,-93.15177407530528
123.25,136.75,-94.83289323507559
124.0,136.75,-95.02520122038983
124.75,136.75,-95.57893350891229
125.5,136.75,-96.0579709679009
126.25,136.75,-96.58422604993972
127.0,136.75,-96.9664821016593
127.75,136.75,-96.75979615485156
128.5,136.75,-96.25869317500937
129.25,136.75,-95.74770351069347
130.0,136.75,-95.31118456613564
130.75,136.75,-95.04339886131699
131.5,136.75,-95.12879178092592
132.25,136.75,-95.50340119465234
133.0,136.75,-95.61647529640246
133.75,136.75,-96.05073692142425
134.5,136.75,-96.38179129942385
135.25,136.75,-97.05411545125335
136.0,136.75,-97.45746003154092
136.75,136.75,-97.54017548732631
137.5,136.75,-97.16526413554361
138.25,136.75,-96.35083532219572
139.0,136.75,-96.02631578947368
139.75,136.75,-96.01223581757509
140.5,136.75,-95.79272401664238
141.25,136.75,-95.13918491556244
142.0,136.75,-94.11583591057274
142.75,136.75,-92.21252783481303
143.5,136.75,-91.06403632852978
144.25,136.75,-90.35131883934095
145.0,136.75,-89.9157341350753
145.75,136.75,-89.96030766110566
146.5,136.75,-90.12289423996586
147.25,136.75,-90.42405627229175
148.0,136.75,-90.36607874832244
148.75,136.75,-90.71895745525227
149.5,136.75,-90.57377620291038
150.25,136.75,-89.53712738355229
151.0,136.75,-89.84533073929961
151.75,136.75,-89.62241379310345
152.5,136.75,-89.48753665689149
153.25,136.75,-89.42560975609756
154.0,136.75,
154.75,136.75,
155.5,136.75,
156.25,136.75,
157.0,136.75,
157.75,136.75,
158.5,136.75,
159.25,136.75,
160.0,136.75,
160.75,136.75,
161.5,136.75,
162.25,136.75,
163.0,136.75,
163.75,136.75,
164.5,136.75,
165.25,136.75,
166.0,136.75,
166.75,136.75,
167.5,136.75,
168.25,136.75,
169.0,136.75,
169.75,136.75,
170.5,136.75,
171.25,136.75,
172.0,136.75,
172.75,136.75,
173.5,136.75,
174.25,136.75,
175.0,136.75,
175.75,136.75,
176.5,136.75,
177.25,136.75,
178.0,136.75,
178.75,136.75,
179.5,136.75,
180.25,136.75,
181.0,136.75,
181.75,136.75,
182.5,136.75,
183.25,136.75,
67.0,137.5,
67.75,137.5,
68.5,137.5,
69.25,137.5,
70.0,137.5,
70.75,137.5,
71.5,137.5,
72.25,137.5,
73.0,137.5,
73.75,137.5,
74.5,137.5,
75.25,137.5,
76.0,137.5,
76.75,137.5,-90.29938271604938
77.5,137.5,-89.55436848270381
78.25,137.5,-89.58917453157872
79.0,137.5,-89.8973557780959
79.75,137.5,-88.98327957702075
80.5,137.5,-88.97134830298508
81.25,137.5,-88.42126664810806
82.0,137.5,-87.89202578767154
82.75,137.5,-87.73633432538752
83.5,137.5,-87.09595263454672
84.25,137.5,-84.81002043705168
85.0,137.5,-82.94720417936686
85.75,137.5,-83.53993201613982
86.5,137.5,-85.35617250121709
87.25,137.5,-86.88499729028307
88.0,137.5,-89.06894569002782
88.75,137.5,-90.9868501177906
89.5,137.5,-91.24606597505536
90.25,137.5,-91.17031599752923
91.0,137.5,-92.19170243204577
91.75,137.5,-92.41443329449254
92.5,137.5,-91.72621751198588
93.25,137.5,-91.37524788942855
94.0,137.5,-93.17167151830856
94.75,137.5,-94.320012329742
95.5,137.5,-93.88857003297106
96.25,137.5,-92.05243978646588
97.0,137.5,-90.8120092819225
97.75,137.5,-91.517055174791
98.5,137.5,-92.377664685576
99.25,137.5,-90.98445037109516
100.0,137.5,-87.44742877567128
100.75,137.5,-84.70578899685574
101.5,137.5,-84.19611001255363
102.25,137.5,-81.95248844913192
103.0,137.5,-80.25630809943236
103.75,137.5,-81.23658356426562
104.5,137.5,-83.59078011853506
105.25,137.5,-87.13640403868158
106.0,137.5,-89.5888993513715
106.75,137.5,-91.14957960789738
107.5,137.5,-91.85438530294832
108.25,137.5,-92.66873992985262
109.0,137.5,-92.70116743618574
109.75,137.5,-92.95294005901282
110.5,137.5,-92.7279353076562
111.25,137.5,-92.45641731441151
112.0,137.5,-92.36692239520875
112.75,137.5,-92.55284886506375
113.5,137.5,-92.86192871158866
114.25,137.5,-93.19905005861692
115.0,137.5,-93.70810305753248
115.75,137.5,-93.77771992581735
116.5,137.5,-93.81272464366863
117.25,137.5,-93.27951759349749
118.0,137.5,-91.94727807748897
118.75,137.5,-90.72090849335362
119.5,137.5,-91.02037914691944
120.25,137.5,-92.33335479520652
121.0,137.5,-93.3271116489253
121.75,137.5,-93.50344736117484
122.5,137.5,-93.40296220633299
123.25,137.5,-93.73008430250319
124.0,137.5,-94.91585965090246
124.75,137.5,-95.73314245716972
125.5,137.5,-96.02849525680377
126.25,137.5,-96.30450705115877
127.0,137.5,-96.32244365021114
127.75,137.5,-96.21074033357644
128.5,137.5,-95.99153997274196
129.25,137.5,-95.76360943915354
130.0,137.5,-95.4006062614597
130.75,137.5,-95.11043070450754
131.5,137.5,-95.13448607108549
132.25,137.5,-95.4742682232725
133.0,137.5,-95.79705844482683
133.75,137.5,-96.1228635407719
134.5,137.5,-96.44793237264255
135.25,137.5,-96.83539242649083
136.0,137.5,-97.06540764783307
136.75,137.5,-97.04538170019636
137.5,137.5,-96.7801766437684
138.25,137.5,-96.27658849284902
139.0,137.5,-96.07799827437445
139.75,137.5,-96.00881840741367
140.5,137.5,-95.79614472577066
141.25,137.5,-95.3886103782273
142.0,137.5,-94.66700170669837
142.75,137.5,-93.20069989740925
143.5,137.5,-91.74750529180525
144.25,137.5,-91.12000669565255
145.0,137.5,-90.12264150943398
145.75,137.5,-90.68787740506605
146.5,137.5,-91.04036040483831
147.25,137.5,-90.81248024511696
148.0,137.5,-90.94089683811744
148.75,137.5,-90.95346410684473
149.5,137.5,-89.70927690145244
150.25,137.5,-89.65306515739553
151.0,137.5,-89.95786516853933
151.75,137.5,-89.78213367609254
152.5,137.5,-89.65909090909089
153.25,137.5,
154.0,137.5,
154.75,137.5,
155.5,137.5,
156.25,137.5,
157.0,137.5,
157.75,137.5,
158.5,137.5,
159.25,137.5,
160.0,137.5,
160.75,137.5,
161.5,137.5,
162.25,137.5,
163.0,137.5,
163.75,137.5,
164.5,137.5,
165.25,137.5,
166.0,137.5,
166.75,137.5,
167.5,137.5,
168.25,137.5,
169.0,137.5,
169.75,137.5,
170.5,137.5,
171.25,137.5,
172.0,137.5,
172.75,137.5,
173.5,137.5,
174.25,137.5,
175.0,137.5,
175.75,137.5,
176.5,137.5,
177.25,137.5,
178.0,137.5,
178.75,137.5,
179.5,137.5,
180.25,137.5,
181.0,137.5,
181.75,137.5,
182.5,137.5,
183.25,137.5,
67.0,138.25,
67.75,138.25,
68.5,138.25,
69.25,138.25,
70.0,138.25,
70.75,138.25,
71.5,138.25,
72.25,138.25,
73.0,138.25,
73.75,138.25,
74.5,138.25,
75.25,138.25,
76.0,138.25,-90.28010752688172
76.75,138.25,-90.28954802259888
77.5,138.25,-90.06172867632614
78.25,138.25,-90.04349691289468
79.0,138.25,-90.0392619578511
79.75,138.25,-89.42924551838135
80.5,138.25,-89.73918985861553
81.25,138.25,-89.46239471065147
82.0,138.25,-88.34495392585686
82.75,138.25,-87.72148522250451
83.5,138.25,-86.40890153094908
84.25,138.25,-82.31175031346247
85.0,138.25,-78.98549066009642
85.75,138.25,-81.18564363566426
86.5,138.25,-85.23058575486449
87.25,138.25,-86.56261743413464
88.0,138.25,-87.5268302808126
88.75,138.25,-88.2307164004395
89.5,138.25,-89.03018711106549
90.25,138.25,-90.2516466338717
91.0,138.25,-92.11475208536761
91.75,138.25,-93.5276497772686
92.5,138.25,-94.97183944662558
93.25,138.25,-95.34178017099158
94.0,138.25,-94.11771053122295
94.75,138.25,-93.49687393821215
95.5,138.25,-93.24914947586687
96.25,138.25,-93.07193357435634
97.0,138.25,-92.8766747499222
97.75,138.25,-92.97552601719676
98.5,138.25,-94.47103419608297
99.25,138.25,-94.38653943237149
100.0,138.25,-90.85694626187525
100.75,138.25,-87.21043336852965
101.5,138.25,-85.00048900739014
102.25,138.25,-83.52340603289365
103.0,138.25,-82.66082731654392
103.75,138.25,-83.03795812410912
104.5,138.25,-84.81094778327667
105.25,138.25,-88.05355806522446
106.0,138.25,-90.78979748815985
106.75,138.25,-92.67178960994012
107.5,138.25,-92.8503853423448
108.25,138.25,-93.13099760417234
109.0,138.25,-93.39968195266844
109.75,138.25,-93.23111742260322
110.5,138.25,-92.51440517150695
111.25,138.25,-92.2539485323825
112.0,138.25,-92.17690729721245
112.75,138.25,-92.24647802738716
113.5,138.25,-92.57327039049832
114.25,138.25,-93.50358030789714
115.0,138.25,-94.14227667749272
115.75,138.25,-94.19080710510761
116.5,138.25,-94.50852669809483
117.25,138.25,-94.46057890880378
118.0,138.25,-93.00945837856932
118.75,138.25,-92.13462131383956
119.5,138.25,-92.25756755873786
120.25,138.25,-93.52824877527236
121.0,138.25,-94.74415165801705
121.75,138.25,-94.39778946017546
122.5,138.25,-93.83232199752143
123.25,138.25,-93.98902063732223
124.0,138.25,-94.72585469630572
124.75,138.25,-95.63192344846765
125.5,138.25,-95.83588020164144
126.25,138.25,-95.97610287508466
127.0,138.25,-96.09904456215736
127.75,138.25,-95.99541006306832
128.5,138.25,-95.95371465263348
129.25,138.25,-95.93761435641032
130.0,138.25,-95.71526498110745
130.75,138.25,-95.43261519475968
131.5,138.25,-95.35581701405621
132.25,138.25,-95.56707629288275
133.0,138.25,-95.8205671838144
133.75,138.25,-96.09994943320919
134.5,138.25,-96.36790717578135
135.25,138.25,-96.67060880905804
136.0,138.25,-96.82175167984002
136.75,138.25,-96.80582174930156
137.5,138.25,-96.73608456604303
138.25,138.25,-96.47865947876248
139.0,138.25,-96.32647759255251
139.75,138.25,-96.36488689929143
140.5,138.25,-95.77958194209394
141.25,138.25,-95.35027760591024
142.0,138.25,-94.69589339981273
142.75,138.25,-93.76237444027592
143.5,138.25,-93.10561056025256
144.25,138.25,-92.56067564520623
145.0,138.25,-90.49344262295081
145.75,138.25,-90.55095541401273
146.5,138.25,-91.29078172971653
147.25,138.25,-91.5776760092771
148.0,138.25,-90.23571428571427
148.75,138.25,-89.56750745241916
149.5,138.25,-89.61065204383252
150.25,138.25,-90.19323144104803
151.0,138.25,-90.0301268498943
151.75,138.25,-89.89031620553361
152.5,138.25,
153.25,138.25,
154.0,138.25,
154.75,138.25,
155.5,138.25,
156.25,138.25,
157.0,138.25,
157.75,138.25,
158.5,138.25,
159.25,138.25,
160.0,138.25,
160.75,138.25,
161.5,138.25,
162.25,138.25,
163.0,138.25,
163.75,138.25,
164.5,138.25,
165.25,138.25,
166.0,138.25,
166.75,138.25,
167.5,138.25,
168.25,138.25,
169.0,138.25,
169.75,138.25,
170.5,138.25,
171.25,138.25,
172.0,138.25,
172.75,138.25,
173.5,138.25,
174.25,138.25,
175.0,138.25,
175.75,138.25,
176.5,138.25,
177.25,138.25,
178.0,138.25,
178.75,138.25,
179.5,138.25,
180.25,138.25,
181.0,138.25,
181.75,138.25,
182.5,138.25,
183.25,138.25,
67.0,139.0,
67.75,139.0,
68.5,139.0,
69.25,139.0,
70.0,139.0,
70.75,139.0,
71.5,139.0,
72.25,139.0,
73.0,139.0,
73.75,139.0,
74.5,139.0,
75.25,139.0,
76.0,139.0,-90.26851851851852
76.75,139.0,-90.89010238832326
77.5,139.0,-90.16206870821041
78.25,139.0,-90.15055826493474
79.0,139.0,-90.08791208791209
79.75,139.0,-90.161287557459
80.5,139.0,-90.21911418655235
81.25,139.0,-90.37673644533425
82.0,139.0,-88.69616908850725
82.75,139.0,-88.37074754617872
83.5,139.0,-87.31284088748335
84.25,139.0,-80.40217821158105
85.0,139.0,-75.00000000001172
85.75,139.0,-79.79146880162732
86.5,139.0,-86.01224980399597
87.25,139.0,-86.89960969536176
88.0,139.0,-86.85574486060263
88.75,139.0,-87.0555712125709
89.5,139.0,-87.57532274301533
90.25,139.0,-89.54328291480132
91.0,139.0,-91.71428571428571
91.75,139.0,-94.59600502194297
92.5,139.0,-97.0849435204398
93.25,139.0,-97.71348519499435
94.0,139.0,-94.76552179656538
94.75,139.0,-93.08043327445348
95.5,139.0,-93.09768021376458
96.25,139.0,-93.23140561522598
97.0,139.0,-93.00000000000081
97.75,139.0,-93.4983727408595
98.5,139.0,-96.04736639356398
99.25,139.0,-96.69754091245147
100.0,139.0,-93.22949002217295
100.75,139.0,-89.31179119205005
101.5,139.0,-86.25102230684351
102.25,139.0,-84.89731676428356
103.0,139.0,-84.35714285714286
103.75,139.0,-84.34476358476488
104.5,139.0,-85.36621026697361
105.25,139.0,-88.0152592471097
106.0,139.0,-91.13552361396304
106.75,139.0,-93.78399789560164
107.5,139.0,-93.49619071538464
108.25,139.0,-93.33507479902181
109.0,139.0,-93.99999999999822
109.75,139.0,-93.35474713719947
110.5,139.0,-92.19300727843812
111.25,139.0,-91.84642302313502
112.0,139.0,-91.9879679144385
112.75,139.0,-92.03049370118774
113.5,139.0,-92.27313672198814
114.25,139.0,-93.69283569308823
115.0,139.0,-94.49999999999896
115.75,139.0,-94.36927555130262
116.5,139.0,-95.09122433709217
117.25,139.0,-95.35448806819424
118.0,139.0,-93.43707250341996
118.75,139.0,-92.07594626998804
119.5,139.0,-92.29839632537589
120.25,139.0,-94.20099984203017
121.0,139.0,-95.99999999999622
121.75,139.0,-94.79227546600355
122.5,139.0,-93.83878433014182
123.25,139.0,-93.93154517541929
124.0,139.0,-94.31681501434679
124.75,139.0,-94.54659771267437
125.5,139.0,-95.62656572793679
126.25,139.0,-95.74377699457716
127.0,139.0,-95.89361702127663
127.75,139.0,-95.96731785669587
128.5,139.0,-95.99103825146081
129.25,139.0,-95.99797138185559
130.0,139.0,-95.95645330535152
130.75,139.0,-95.82691586779754
131.5,139.0,-95.47722715554282
132.25,139.0,-95.46308040905876
133.0,139.0,-95.88888888888891
133.75,139.0,-96.10154750853751
134.5,139.0,-96.31112811218317
135.25,139.0,-96.55850860405526
136.0,139.0,-96.67539484621778
136.75,139.0,-96.91882084595203
137.5,139.0,-96.8562950402713
138.25,139.0,-96.66945074072392
139.0,139.0,-96.57142857142857
139.75,139.0,-96.57842061167364
140.5,139.0,-96.65281899109793
141.25,139.0,-95.50777844111994
142.0,139.0,-94.51390319258495
142.75,139.0,-93.89206202765648
143.5,139.0,-93.20935572464096
144.25,139.0,-92.566339532614
145.0,139.0,-91.0
145.75,139.0,
146.5,139.0,
147.25,139.0,
148.0,139.0,
148.75,139.0,
149.5,139.0,
150.25,139.0,
151.0,139.0,
151.75,139.0,
152.5,139.0,
153.25,139.0,
154.0,139.0,
154.75,139.0,
155.5,139.0,
156.25,139.0,
157.0,139.0,
157.75,139.0,
158.5,139.0,
159.25,139.0,
160.0,139.0,
160.75,139.0,
161.5,139.0,
162.25,139.0,
163.0,139.0,
163.75,139.0,
164.5,139.0,
165.25,139.0,
166.0,139.0,
166.75,139.0,
167.5,139.0,
168.25,139.0,
169.0,139.0,
169.75,139.0,
170.5,139.0,
171.25,139.0,
172.0,139.0,
172.75,139.0,
173.5,139.0,
174.25,139.0,
175.0,139.0,
175.75,139.0,
176.5,139.0,
177.25,139.0,
178.0,139.0,
178.75,139.0,
179.5,139.0,
180.25,139.0,
181.0,139.0,
181.75,139.0,
182.5,139.0,
183.25,139.0,
67.0,139.75,
67.75,139.75,
68.5,139.75,
69.25,139.75,
70.0,139.75,
70.75,139.75,
71.5,139.75,
72.25,139.75,
73.0,139.75,
73.75,139.75,
74.5,139.75,
75.25,139.75,-90.25366300366301
76.0,139.75,-90.99077148731205
76.75,139.75,-90.94317245658895
77.5,139.75,-90.53740556639562
78.25,139.75,-90.16633177566543
79.0,139.75,-90.16856763258802
79.75,139.75,-90.1785175120486
80.5,139.75,-90.21748324381215
81.25,139.75,-90.14781994472277
82.0,139.75,-88.57980770162105
82.75,139.75,-87.72926150164096
83.5,139.75,-86.26399577407744
84.25,139.75,-82.35116203413291
85.0,139.75,-79.88652339134303
85.75,139.75,-81.83842002973412
86.5,139.75,-85.11268885275715
87.25,139.75,-86.26323866948889
88.0,139.75,-86.56765323504388
88.75,139.75,-87.16498687411517
89.5,139.75,-87.6381080490875
90.25,139.75,-89.61451066167497
91.0,139.75,-91.7332213740458
91.75,139.75,-94.4543942166672
92.5,139.75,-96.16199533124485
93.25,139.75,-96.36121948942544
94.0,139.75,-94.72894201972375
94.75,139.75,-93.47564673294762
95.5,139.75,-93.48817822965204
96.25,139.75,-93.43858503767927
97.0,139.75,-93.38268143156597
97.75,139.75,-93.66523200865309
98.5,139.75,-95.15265843254073
99.25,139.75,-95.33726314129375
100.0,139.75,-92.81669594656877
100.75,139.75,-89.18009787303374
101.5,139.75,-86.7103333417209
102.25,139.75,-85.50558117559862
103.0,139.75,-85.04749992771539
103.75,139.75,-84.65157414937457
104.5,139.75,-84.62162924955578
105.25,139.75,-86.27308590939714
106.0,139.75,-89.51586380263174
106.75,139.75,-92.20458413555048
107.5,139.75,-92.49367374143729
108.25,139.75,-92.71725158070045
109.0,139.75,-93.07060035209534
109.75,139.75,-92.51204987242112
110.5,139.75,-91.09067643953644
111.25,139.75,-90.85494579478835
112.0,139.75,-91.62732529998736
112.75,139.75,-92.19024201970667
113.5,139.75,-92.54255885248993
114.25,139.75,-93.3707066261425
115.0,139.75,-94.05456446602494
115.75,139.75,-94.22686982564117
116.5,139.75,-94.61978046046613
117.25,139.75,-94.60410772523291
118.0,139.75,-93.4125129954388
118.75,139.75,-92.47104530802649
119.5,139.75,-92.47267123251864
120.25,139.75,-93.14925055869494
121.0,139.75,-93.8858884163817
121.75,139.75,-93.50692069569246
122.5,139.75,-93.46262088568251
123.25,139.75,-93.730002361151
124.0,139.75,-94.37631573880246
124.75,139.75,-94.79785091181624
125.5,139.75,-94.9498065225457
126.25,139.75,-95.63630106683657
127.0,139.75,-95.75148135306353
127.75,139.75,-95.88544726436405
128.5,139.75,-95.95412875408444
129.25,139.75,-96.01414776845812
130.0,139.75,-95.98964891636349
130.75,139.75,-95.69160942537758
131.5,139.75,-95.5937684819241
132.25,139.75,-95.5484959004031
133.0,139.75,-95.54762974346852
133.75,139.75,-96.11573541420348
134.5,139.75,-96.27669156536112
135.25,139.75,-96.48631356686765
136.0,139.75,-96.64516604182765
136.75,139.75,-96.88644282617895
137.5,139.75,-96.78584845273198
138.25,139.75,-96.70331344906539
139.0,139.75,-96.66081305644285
139.75,139.75,-96.66371907890584
140.5,139.75,-96.69608915352109
141.25,139.75,-96.46141324324796
142.0,139.75,-95.06479051669533
142.75,139.75,-94.61265844614985
143.5,139.75,-94.06288027423153
144.25,139.75,-93.49174309119697
145.0,139.75,-92.13358778625954
145.75,139.75,-91.7
146.5,139.75,
147.25,139.75,
148.0,139.75,
148.75,139.75,
149.5,139.75,
150.25,139.75,
151.0,139.75,
151.75,139.75,
152.5,139.75,
153.25,139.75,
154.0,139.75,
154.75,139.75,
155.5,139.75,
156.25,139.75,
157.0,139.75,
157.75,139.75,
158.5,139.75,
159.25,139.75,
160.0,139.75,
160.75,139.75,
161.5,139.75,
162.25,139.75,
163.0,139.75,
163.75,139.75,
164.5,139.75,
165.25,139.75,
166.0,139.75,
166.75,139.75,
167.5,139.75,
168.25,139.75,
169.0,139.75,
169.75,139.75,
170.5,139.75,
171.25,139.75,
172.0,139.75,
172.75,139.75,
173.5,139.75,
174.25,139.75,
175.0,139.75,
175.75,139.75,
176.5,139.75,
177.25,139.75,
178.0,139.75,
178.75,139.75,
179.5,139.75,
180.25,139.75,
181.0,139.75,
181.75,139.75,
182.5,139.75,
183.25,139.75,
67.0,140.5,
67.75,140.5,
68.5,140.5,
69.25,140.5,
70.0,140.5,
70.75,140.5,
71.5,140.5,
72.25,140.5,
73.0,140.5,
73.75,140.5,
74.5,140.5,
75.25,140.5,-90.24271402550092
76.0,140.5,-91.05583885772566
76.75,140.5,-91.02096523819598
77.5,140.5,-90.27807886578942
78.25,140.5,-90.20108181367401
79.0,140.5,-90.22475177767112
79.75,140.5,-90.19902529193317
80.5,140.5,-90.10584735773918
81.25,140.5,-90.00535381924533
82.0,140.5,-89.74198380824886
82.75,140.5,-87.49838146472227
83.5,140.5,-86.1118366212837
84.25,140.5,-84.89474784600797
85.0,140.5,-85.23021867844514
85.75,140.5,-84.52506970571376
86.5,140.5,-84.86762856007314
87.25,140.5,-85.65224025188105
88.0,140.5,-86.19704725061935
88.75,140.5,-87.16109091415109
89.5,140.5,-87.75872388794808
90.25,140.5,-90.09903437715826
91.0,140.5,-91.67022574740696
91.75,140.5,-93.85393536695243
92.5,140.5,-94.90078937948938
93.25,140.5,-94.99804474271072
94.0,140.5,-94.46497720658739
94.75,140.5,-93.76365277795088
95.5,140.5,-93.8532058280938
96.25,140.5,-93.74719943153357
97.0,140.5,-93.82309151102066
97.75,140.5,-93.5845181890485
98.5,140.5,-93.62661755375063
99.25,140.5,-93.54806281134283
100.0,140.5,-91.46390294055917
100.75,140.5,-88.52575713255669
101.5,140.5,-86.50180061084015
102.25,140.5,-85.51814879750306
103.0,140.5,-85.32753981859355
103.75,140.5,-84.65342381256795
104.5,140.5,-82.97351527677483
105.25,140.5,-82.83247227972012
106.0,140.5,-87.67896656596379
106.75,140.5,-91.31952532168023
107.5,140.5,-91.62650847963624
108.25,140.5,-91.82578641738817
109.0,140.5,-91.70981603330202
109.75,140.5,-91.08277476382739
110.5,140.5,-89.25136007758975
111.25,140.5,-88.93836868516917
112.0,140.5,-91.05885632366996
112.75,140.5,-92.62876487521612
113.5,140.5,-92.78576091391271
114.25,140.5,-93.01643932615978
115.0,140.5,-93.48758508472433
115.75,140.5,-93.81466170085076
116.5,140.5,-94.04419369543038
117.25,140.5,-93.8454656292312
118.0,140.5,-93.20751733148656
118.75,140.5,-92.5807390393623
119.5,140.5,-92.07743362831856
120.25,140.5,-91.11346879935834
121.0,140.5,-90.05365999935165
121.75,140.5,-91.60389574824501
122.5,140.5,-93.43656720150867
123.25,140.5,-93.886095798176
124.0,140.5,-94.44762673517005
124.75,140.5,-95.25743504384516
125.5,140.5,-95.26996238706175
126.25,140.5,-95.31291153165475
127.0,140.5,-95.6351845453766
127.75,140.5,-95.87130340090488
128.5,140.5,-95.9388382204662
129.25,140.5,-96.03558759717421
130.0,140.5,-95.77464309993202
130.75,140.5,-95.70643586854568
131.5,140.5,-95.64976228209191
132.25,140.5,-95.60416805379853
133.0,140.5,-95.58807069906263
133.75,140.5,-95.59041416675909
134.5,140.5,-95.6933962264151
135.25,140.5,-96.3600968465127
136.0,140.5,-96.88125830748781
136.75,140.5,-96.81744115033565
137.5,140.5,-96.76111872177087
138.25,140.5,-96.72500901021465
139.0,140.5,-96.71827503737752
139.75,140.5,-96.50374497288122
140.5,140.5,-96.57565063961182
141.25,140.5,-96.61957728354697
142.0,140.5,-96.62931089033728
142.75,140.5,-95.4125400556488
143.5,140.5,-94.82608695652173
144.25,140.5,-93.82283464566929
145.0,140.5,-93.1857142857143
145.75,140.5,-92.65094339622644
146.5,140.5,
147.25,140.5,
148.0,140.5,
148.75,140.5,
149.5,140.5,
150.25,140.5,
151.0,140.5,
151.75,140.5,
152.5,140.5,
153.25,140.5,
154.0,140.5,
154.75,140.5,
155.5,140.5,
156.25,140.5,
157.0,140.5,
157.75,140.5,
158.5,140.5,
159.25,140.5,
160.0,140.5,
160.75,140.5,
161.5,140.5,
162.25,140.5,
163.0,140.5,
163.75,140.5,
164.5,140.5,
165.25,140.5,
166.0,140.5,
166.75,140.5,
167.5,140.5,
168.25,140.5,
169.0,140.5,
169.75,140.5,
170.5,140.5,
171.25,140.5,
172.0,140.5,
172.75,140.5,
173.5,140.5,
174.25,140.5,
175.0,140.5,
175.75,140.5,
176.5,140.5,
177.25,140.5,
178.0,140.5,
178.75,140.5,
179.5,140.5,
180.25,140.5,
181.0,140.5,
181.75,140.5,
182.5,140.5,
183.25,140.5,
67.0,141.25,
67.75,141.25,
68.5,141.25,
69.25,141.25,
70.0,141.25,
70.75,141.25,
71.5,141.25,
72.25,141.25,
73.0,141.25,
73.75,141.25,
74.5,141.25,
75.25,141.25,
76.0,141.25,-91.13545361768317
76.75,141.25,-90.48514130636475
77.5,141.25,-90.19056999489321
78.25,141.25,-90.26535920530681
79.0,141.25,-90.33344048354222
79.75,141.25,-90.33340057521622
80.5,141.25,-90.14791711588133
81.25,141.25,-90.04807054948459
82.0,141.25,-89.93914794485926
82.75,141.25,-89.36059150892476
83.5,141.25,-86.94884275723723
84.25,141.25,-85.79559268474544
85.0,141.25,-85.93305126289741
85.75,141.25,-85.41818457015698
86.5,141.25,-85.08418723090169
87.25,141.25,-85.51583991481054
88.0,141.25,-85.94884117333729
88.75,141.25,-87.09874086521143
89.5,141.25,-87.80611284611699
90.25,141.25,-90.47424925218685
91.0,141.25,-91.58105072347966
91.75,141.25,-92.69163352761099
92.5,141.25,-94.09242439208687
93.25,141.25,-94.25001621834491
94.0,141.25,-94.21837557183717
94.75,141.25,-93.80677797908004
95.5,141.25,-94.10360850374703
96.25,141.25,-94.00189550401527
97.0,141.25,-94.06522437526851
97.75,141.25,-94.30716596300022
98.5,141.25,-92.74315314782149
99.25,141.25,-92.3856645833107
100.0,141.25,-89.59970516657623
100.75,141.25,-87.82227951105415
101.5,141.25,-86.2648217928353
102.25,141.25,-85.51777172500243
103.0,141.25,-85.49479619117518
103.75,141.25,-84.69141359034101
104.5,141.25,-82.33000205872564
105.25,141.25,-81.7571704993676
106.0,141.25,-87.25813657154315
106.75,141.25,-91.58659596069748
107.5,141.25,-91.54443110318232
108.25,141.25,-91.29279470591459
109.0,141.25,-90.92783031472487
109.75,141.25,-90.40444837115106
110.5,141.25,-88.7085545326737
111.25,141.25,-88.3752278611081
112.0,141.25,-90.87705095046557
112.75,141.25,-92.82931372937703
113.5,141.25,-92.84360560226483
114.25,141.25,-92.83266369441121
115.0,141.25,-93.1331230574373
115.75,141.25,-93.43230857337277
116.5,141.25,-93.55291897250765
117.25,141.25,-93.64942796378482
118.0,141.25,-92.95064963716135
118.75,141.25,-92.33285542445738
119.5,141.25,-91.60507559087243
120.25,141.25,-90.29664174424549
121.0,141.25,-89.21950588982445
121.75,141.25,-90.99952242688707
122.5,141.25,-93.52753854487136
123.25,141.25,-93.95557819386407
124.0,141.25,-94.47047148661922
124.75,141.25,-95.39484124890588
125.5,141.25,-95.35477825289792
126.25,141.25,-95.12417513136425
127.0,141.25,-95.38196801676924
127.75,141.25,-95.47703949416895
128.5,141.25,-95.57005050659903
129.25,141.25,-95.7482677439204
130.0,141.25,-95.71858931688217
130.75,141.25,-95.66288897426045
131.5,141.25,-95.6181434599156
132.25,141.25,-95.55673758865248
133.0,141.25,-95.51159420289856
133.75,141.25,-95.481220657277
134.5,141.25,-95.63528028454687
135.25,141.25,-96.0
136.0,141.25,-95.63911194083512
136.75,141.25,-95.75020476483954
137.5,141.25,-95.87977089836374
138.25,141.25,-96.03050219998606
139.0,141.25,-96.52819904635805
139.75,141.25,-96.6391567369386
140.5,141.25,-96.7319882985425
141.25,141.25,-96.77009930621684
142.0,141.25,-96.75399585667297
142.75,141.25,-96.71000577090727
143.5,141.25,-96.78653295128942
144.25,141.25,
145.0,141.25,
145.75,141.25,
146.5,141.25,
147.25,141.25,
148.0,141.25,
148.75,141.25,
149.5,141.25,
150.25,141.25,
151.0,141.25,
151.75,141.25,
152.5,141.25,
153.25,141.25,
154.0,141.25,
154.75,141.25,
155.5,141.25,
156.25,141.25,
157.0,141.25,
157.75,141.25,
158.5,141.25,
159.25,141.25,
160.0,141.25,
160.75,141.25,
161.5,141.25,
162.25,141.25,
163.0,141.25,
163.75,141.25,
164.5,141.25,
165.25,141.25,
166.0,141.25,
166.75,141.25,
167.5,141.25,
168.25,141.25,
169.0,141.25,
169.75,141.25,
170.5,141.25,
171.25,141.25,
172.0,141.25,
172.75,141.25,
173.5,141.25,
174.25,141.25,
175.0,141.25,
175.75,141.25,
176.5,141.25,
177.25,141.25,
178.0,141.25,
178.75,141.25,
179.5,141.25,
180.25,141.25,
181.0,141.25,
181.75,141.25,
182.5,141.25,
183.25,141.25,
67.0,142.0,
67.75,142.0,
68.5,142.0,
69.25,142.0,
70.0,142.0,
70.75,142.0,
71.5,142.0,
72.25,142.0,
73.0,142.0,
73.75,142.0,
74.5,142.0,
75.25,142.0,-91.5
76.0,142.0,-90.41666666666666
76.75,142.0,-90.46680216802169
77.5,142.0,-90.36200487117036
78.25,142.0,-90.32592740418137
79.0,142.0,-90.50152523571825
79.75,142.0,-90.73883695653504
80.5,142.0,-90.96423816612808
81.25,142.0,-90.91786333514165
82.0,142.0,-90.27777777777777
82.75,142.0,-89.3742197359411
83.5,142.0,-88.82030185703019
84.25,142.0,-86.81275765299472
85.0,142.0,-85.92073170731707
85.75,142.0,-85.65340423839126
86.5,142.0,-85.33597286677612
87.25,142.0,-85.34603957742111
88.0,142.0,-85.84980237154151
88.75,142.0,-87.05068470557178
89.5,142.0,-87.756317448496
90.25,142.0,-90.24456574423533
91.0,142.0,-91.49789768745619
91.75,142.0,-92.27291288022681
92.5,142.0,-93.62283416093692
93.25,142.0,-93.80661491514259
94.0,142.0,-94.03153653792721
94.75,142.0,-94.42024302233436
95.5,142.0,-94.25727287211859
96.25,142.0,-94.17424754333146
97.0,142.0,-94.20350462934196
97.75,142.0,-93.43009021947029
98.5,142.0,-92.1145359715683
99.25,142.0,-91.65124161173975
100.0,142.0,-89.80098638510698
100.75,142.0,-87.37861706933349
101.5,142.0,-86.19970966301324
102.25,142.0,-85.55067839392508
103.0,142.0,-85.53071672354947
103.75,142.0,-84.99154951140187
104.5,142.0,-83.9981673809825
105.25,142.0,-84.33473618490908
106.0,142.0,-87.36889035667107
106.75,142.0,-89.99268561398735
107.5,142.0,-90.62340072647953
108.25,142.0,-90.82955622671675
109.0,142.0,-90.56568823026502
109.75,142.0,-90.58621664399612
110.5,142.0,-89.70341762468004
111.25,142.0,-89.72612430117717
112.0,142.0,-90.99965800273598
112.75,142.0,-92.24179864923639
113.5,142.0,-92.57851879797043
114.25,142.0,-92.67321518668709
115.0,142.0,-92.90764785617465
115.75,142.0,-93.14862946759204
116.5,142.0,-93.23772604748778
117.25,142.0,-93.38481251947465
118.0,142.0,-93.08555133079847
118.75,142.0,-92.55810220314898
119.5,142.0,-91.61146556837393
120.25,142.0,-91.10378151098418
121.0,142.0,-90.78288744014931
121.75,142.0,-91.76577912692936
122.5,142.0,-93.09674942025639
123.25,142.0,-93.7348618045706
124.0,142.0,-94.29736275565126
124.75,142.0,-94.92984133476018
125.5,142.0,-95.0571757482732
126.25,142.0,-94.92824422077507
127.0,142.0,-95.35175202156334
127.75,142.0,-95.39226770428617
128.5,142.0,-95.45982731347218
129.25,142.0,-95.68824484823875
130.0,142.0,-95.67391304347825
130.75,142.0,-95.64130329101049
131.5,142.0,-95.62345679012346
132.25,142.0,-95.5758807588076
133.0,142.0,-95.53703703703704
133.75,142.0,-94.7287031865665
134.5,142.0,-94.54958677685951
135.25,142.0,-95.28431653123266
136.0,142.0,-95.52484472049689
136.75,142.0,-95.65821062168726
137.5,142.0,-95.81991249148588
138.25,142.0,-96.01290423710903
139.0,142.0,-96.25039745627981
139.75,142.0,-96.52796225887451
140.5,142.0,-96.86431718061672
141.25,142.0,-96.9001721743036
142.0,142.0,-96.85474860335194
142.75,142.0,-96.85023041474653
143.5,142.0,-96.8013698630137
144.25,142.0,
145.0,142.0,
145.75,142.0,
146.5,142.0,
147.25,142.0,
148.0,142.0,
148.75,142.0,
149.5,142.0,
150.25,142.0,
151.0,142.0,
151.75,142.0,
152.5,142.0,
153.25,142.0,
154.0,142.0,
154.75,142.0,
155.5,142.0,
156.25,142.0,
157.0,142.0,
157.75,142.0,
158.5,142.0,
159.25,142.0,
160.0,142.0,
160.75,142.0,
161.5,142.0,
162.25,142.0,
163.0,142.0,
163.75,142.0,
164.5,142.0,
165.25,142.0,
166.0,142.0,
166.75,142.0,
167.5,142.0,
168.25,142.0,
169.0,142.0,
169.75,142.0,
170.5,142.0,
171.25,142.0,
172.0,142.0,
172.75,142.0,
173.5,142.0,
174.25,142.0,
175.0,142.0,
175.75,142.0,
176.5,142.0,
177.25,142.0,
178.0,142.0,
178.75,142.0,
179.5,142.0,
180.25,142.0,
181.0,142.0,
181.75,142.0,
182.5,142.0,
183.25,142.0,
67.0,142.75,
67.75,142.75,
68.5,142.75,
69.25,142.75,
70.0,142.75,
70.75,142.75,
71.5,142.75,
72.25,142.75,
73.0,142.75,
73.75,142.75,
74.5,142.75,
75.25,142.75,
76.0,142.75,-90.3358547051362
76.75,142.75,-90.41255530788801
77.5,142.75,-90.06255482850123
78.25,142.75,-90.22191251606306
79.0,142.75,-90.57381275403495
79.75,142.75,-91.11456810954192
80.5,142.75,-92.22559702000795
81.25,142.75,-92.55892439558008
82.0,142.75,-90.38304219311432
82.75,142.75,-89.09965993118995
83.5,142.75,-89.01112873509602
84.25,142.75,-87.95547394125154
85.0,142.75,-86.89294566679216
85.75,142.75,-86.0880465809687
86.5,142.75,-85.7275711562044
87.25,142.75,-85.62596343620689
88.0,142.75,-85.62465546678025
88.75,142.75,-86.71077914873001
89.5,142.75,-87.67727301303475
90.25,142.75,-89.921201306363
91.0,142.75,-91.56168831168831
91.75,142.75,-92.75463993181607
92.5,142.75,-93.14454430913385
93.25,142.75,-93.33904596021137
94.0,142.75,-94.28841615208043
94.75,142.75,-94.96404875567127
95.5,142.75,-94.34873343983438
96.25,142.75,-94.28328577341728
97.0,142.75,-94.21067535423413
97.75,142.75,-92.67587757706973
98.5,142.75,-92.47087920957793
99.25,142.75,-92.27203408322444
100.0,142.75,-88.93223099648353
100.75,142.75,-87.80824223230819
101.5,142.75,-87.1352683758677
102.25,142.75,-85.64830620622902
103.0,142.75,-85.80391142228059
103.75,142.75,-84.98229235913239
104.5,142.75,-85.26678313780577
105.25,142.75,-86.0994600962867
106.0,142.75,-87.60142273142479
106.75,142.75,-89.02468950234359
107.5,142.75,-89.75082673137842
108.25,142.75,-90.41472198282133
109.0,142.75,-90.37145684320878
109.75,142.75,-90.95681218827966
110.5,142.75,-90.55315361872036
111.25,142.75,-90.63590981256999
112.0,142.75,-91.20220700577657
112.75,142.75,-91.96689355115764
113.5,142.75,-92.35701350801116
114.25,142.75,-92.5455189959578
115.0,142.75,-92.74130147308874
115.75,142.75,-92.94491653851146
116.5,142.75,-93.02391002236402
117.25,142.75,-93.21724271220687
118.0,142.75,-92.99625940547432
118.75,142.75,-92.58811140774425
119.5,142.75,-92.1907275372341
120.25,142.75,-91.85029056036953
121.0,142.75,-91.83547343785393
121.75,142.75,-92.19884266811256
122.5,142.75,-92.94733915441164
123.25,142.75,-93.52422704835702
124.0,142.75,-94.06699950828099
124.75,142.75,-94.52831526289552
125.5,142.75,-94.71758258087252
126.25,142.75,-94.68803273404485
127.0,142.75,-95.29549421319405
127.75,142.75,-95.36539357242663
128.5,142.75,-95.4388981917233
129.25,142.75,-95.79964539007094
130.0,142.75,-95.64093284791817
130.75,142.75,-95.65920398009949
131.5,142.75,-95.62121212121212
132.25,142.75,-95.58438818565399
133.0,142.75,-94.59356725146199
133.75,142.75,-94.40204081632653
134.5,142.75,-94.46977329974811
135.25,142.75,-95.13858634552601
136.0,142.75,-95.28135725845175
136.75,142.75,-95.47231270358304
137.5,142.75,-95.72547287677392
138.25,142.75,-95.94425678188786
139.0,142.75,-96.21218138827777
139.75,142.75,-96.57813677820293
140.5,142.75,-96.91258852176365
141.25,142.75,-96.98780487804878
142.0,142.75,-96.92975206611571
142.75,142.75,-96.85955056179775
143.5,142.75,-96.80039525691699
144.25,142.75,-96.75433526011561
145.0,142.75,
145.75,142.75,
146.5,142.75,
147.25,142.75,
148.0,142.75,
148.75,142.75,
149.5,142.75,
150.25,142.75,
151.0,142.75,
151.75,142.75,
152.5,142.75,
153.25,142.75,
154.0,142.75,
154.75,142.75,
155.5,142.75,
156.25,142.75,
157.0,142.75,
157.75,142.75,
158.5,142.75,
159.25,142.75,
160.0,142.75,
160.75,142.75,
161.5,142.75,
162.25,142.75,
163.0,142.75,
163.75,142.75,
164.5,142.75,
165.25,142.75,
166.0,142.75,
166.75,142.75,
167.5,142.75,
168.25,142.75,
169.0,142.75,
169.75,142.75,
170.5,142.75,
171.25,142.75,
172.0,142.75,
172.75,142.75,
173.5,142.75,
174.25,142.75,
175.0,142.75,
175.75,142.75,
176.5,142.75,
177.25,142.75,
178.0,142.75,
178.75,142.75,
179.5,142.75,
180.25,142.75,
181.0,142.75,
181.75,142.75,
182.5,142.75,
183.25,142.75,
67.0,143.5,
67.75,143.5,
68.5,143.5,
69.25,143.5,
70.0,143.5,
70.75,143.5,
71.5,143.5,
72.25,143.5,
73.0,143.5,
73.75,143.5,
74.5,143.5,
75.25,143.5,-90.33014571948998
76.0,143.5,-90.24993961190586
76.75,143.5,-89.85820459517845
77.5,143.5,-89.8976918247388
78.25,143.5,-89.87214749944977
79.0,143.5,-90.09910514065375
79.75,143.5,-90.57732646513975
80.5,143.5,-91.5724520308996
81.25,143.5,-91.80330585008466
82.0,143.5,-90.3396607431341
82.75,143.5,-89.17770354402587
83.5,143.5,-89.16937925813778
84.25,143.5,-89.1449589593041
85.0,143.5,-88.98861699537376
85.75,143.5,-87.17227824394327
86.5,143.5,-86.83193703365926
87.25,143.5,-85.90450796877464
88.0,143.5,-85.8036606145926
88.75,143.5,-85.76645235266342
89.5,143.5,-88.93989769820972
90.25,143.5,-89.54419731238984
91.0,143.5,-92.5
91.75,143.5,-93.11812227593383
92.5,143.5,-93.50549317879995
93.25,143.5,-95.02979816702913
94.0,143.5,-94.83385579937304
94.75,143.5,-94.62936508918958
95.5,143.5,-94.92763337094829
96.25,143.5,-94.88593263877561
97.0,143.5,-94.25096525096524
97.75,143.5,-92.75894121858632
98.5,143.5,-92.4565206817386
99.25,143.5,-91.7511013215859
100.0,143.5,-89.15498507383435
100.75,143.5,-88.11344177417584
101.5,143.5,-86.41062732741334
102.25,143.5,-86.45348722011359
103.0,143.5,-85.01442238005508
103.75,143.5,-85.73581611067472
104.5,143.5,-85.88138730960905
105.25,143.5,-86.9016890938803
106.0,143.5,-87.80151788503531
106.75,143.5,-88.65482596358949
107.5,143.5,-89.24240404250907
108.25,143.5,-90.14307723734309
109.0,143.5,-90.2470956512954
109.75,143.5,-90.24005787817384
110.5,143.5,-91.03964694482185
111.25,143.5,-91.10530207079292
112.0,143.5,-91.38589932451386
112.75,143.5,-91.7027174729366
113.5,143.5,-92.14713147224681
114.25,143.5,-92.4287192778501
115.0,143.5,-92.67637850171447
115.75,143.5,-92.79488382383877
116.5,143.5,-92.87838986988145
117.25,143.5,-93.1192545067389
118.0,143.5,-92.97746472302735
118.75,143.5,-92.68234168844077
119.5,143.5,-92.21482777436789
120.25,143.5,-92.34632394795078
121.0,143.5,-92.17794913293126
121.75,143.5,-92.51641955393232
122.5,143.5,-92.96677349420303
123.25,143.5,-93.48716898279918
124.0,143.5,-93.85997633257871
124.75,143.5,-94.14457178123833
125.5,143.5,-94.34274193548387
126.25,143.5,-94.4586223782648
127.0,143.5,-95.24531028968572
127.75,143.5,-95.30949340833601
128.5,143.5,-95.73717948717949
129.25,143.5,-95.77240896358543
130.0,143.5,-95.79761904761904
130.75,143.5,
131.5,143.5,
132.25,143.5,-94.59142857142857
133.0,143.5,
133.75,143.5,-94.30047505938242
134.5,143.5,-94.35365853658536
135.25,143.5,-94.94080199494671
136.0,143.5,-95.08409997557598
136.75,143.5,-95.30644670624334
137.5,143.5,-95.5813953488372
138.25,143.5,-95.83956476444031
139.0,143.5,-96.06836679327184
139.75,143.5,-96.4179622824375
140.5,143.5,-96.82965931863727
141.25,143.5,-96.92025771901933
142.0,143.5,-96.89999999999999
142.75,143.5,-96.83121019108282
143.5,143.5,-96.77586206896551
144.25,143.5,-96.73384615384616
145.0,143.5,
145.75,143.5,
146.5,143.5,
147.25,143.5,
148.0,143.5,
148.75,143.5,
149.5,143.5,
150.25,143.5,
151.0,143.5,
151.75,143.5,
152.5,143.5,
153.25,143.5,
154.0,143.5,
154.75,143.5,
155.5,143.5,
156.25,143.5,
157.0,143.5,
157.75,143.5,
158.5,143.5,
159.25,143.5,
160.0,143.5,
160.75,143.5,
161.5,143.5,
162.25,143.5,
163.0,143.5,
163.75,143.5,
164.5,143.5,
165.25,143.5,
166.0,143.5,
166.75,143.5,
167.5,143.5,
168.25,143.5,
169.0,143.5,
169.75,143.5,
170.5,143.5,
171.25,143.5,
172.0,143.5,
172.75,143.5,
173.5,143.5,
174.25,143.5,
175.0,143.5,
175.75,143.5,
176.5,143.5,
177.25,143.5,
178.0,143.5,
178.75,143.5,
179.5,143.5,
180.25,143.5,
181.0,143.5,
181.75,143.5,
182.5,143.5,
183.25,143.5,
67.0,144.25,
67.75,144.25,
68.5,144.25,
69.25,144.25,
70.0,144.25,
70.75,144.25,
71.5,144.25,
72.25,144.25,
73.0,144.25,
73.75,144.25,
74.5,144.25,
75.25,144.25,-90.20970695970696
76.0,144.25,-89.65870310040502
76.75,144.25,-89.66736354325107
77.5,144.25,-89.53745366317109
78.25,144.25,-89.55351314775784
79.0,144.25,-89.55481454369428
79.75,144.25,-89.47359004385815
80.5,144.25,-89.14278375486232
81.25,144.25,-89.13672565056625
82.0,144.25,-89.46560544352837
82.75,144.25,-89.34530709587744
83.5,144.25,-89.30824927027417
84.25,144.25,-89.40720649003526
85.0,144.25,-89.40950377058427
85.75,144.25,-89.34192305481407
86.5,144.25,-87.49830186206044
87.25,144.25,-88.51330541555438
88.0,144.25,-88.38828934929757
88.75,144.25,-87.45592138699062
89.5,144.25,-86.66877991533245
90.25,144.25,-91.98638132295719
91.0,144.25,-92.5
91.75,144.25,-93.01361867704279
92.5,144.25,-95.74340770791073
93.25,144.25,-95.62875536480688
94.0,144.25,-95.5
94.75,144.25,-94.64079967685228
95.5,144.25,-94.49258086790695
96.25,144.25,-94.15777675943973
97.0,144.25,-94.27180966113916
97.75,144.25,-94.39628870988221
98.5,144.25,-92.02319622801663
99.25,144.25,-91.51318832508926
100.0,144.25,-87.91655381978798
100.75,144.25,-87.15900914568073
101.5,144.25,-86.44316209762654
102.25,144.25,-85.20299672962692
103.0,144.25,-85.18005061195757
103.75,144.25,-85.21123368358002
104.5,144.25,-86.35449949300552
105.25,144.25,-86.7533286905105
106.0,144.25,-87.38309193684746
106.75,144.25,-88.52367099083784
107.5,144.25,-88.97207250577107
108.25,144.25,-89.99542360263436
109.0,144.25,-90.16384691045238
109.75,144.25,-90.25720580183682
110.5,144.25,-91.06002609146601
111.25,144.25,-91.0902259176575
112.0,144.25,-90.90107708951987
112.75,144.25,-91.47588909930376
113.5,144.25,-91.72196174405634
114.25,144.25,-92.35788038572258
115.0,144.25,-92.58104945526586
115.75,144.25,-92.78095662383292
116.5,144.25,-92.89056862771467
117.25,144.25,-92.66514812503024
118.0,144.25,-92.30185169382108
118.75,144.25,-92.57831703988415
119.5,144.25,-92.41278933758772
120.25,144.25,-92.36128272805858
121.0,144.25,-92.48411285228796
121.75,144.25,-92.71614634044433
122.5,144.25,-93.11237894815423
123.25,144.25,-93.43315684960133
124.0,144.25,-93.4383477188656
124.75,144.25,-93.70272518585598
125.5,144.25,-93.87233732789296
126.25,144.25,-95.14132808128241
127.0,144.25,-95.20558640436805
127.75,144.25,-95.26510768541674
128.5,144.25,-95.72530864197532
129.25,144.25,-95.75444444444443
130.0,144.25,-95.77729044834308
130.75,144.25,
131.5,144.25,
132.25,144.25,
133.0,144.25,
133.75,144.25,-94.17567567567568
134.5,144.25,-94.19675090252709
135.25,144.25,-94.67551859664033
136.0,144.25,-94.79264411175292
136.75,144.25,-95.04833135606334
137.5,144.25,-95.43951846278503
138.25,144.25,-95.80219780219778
139.0,144.25,-95.9610163224341
139.75,144.25,-96.09541368979026
140.5,144.25,-96.4179622824375
141.25,144.25,-96.59879759519036
142.0,144.25,-96.56726317456472
142.75,144.25,-96.75974025974027
143.5,144.25,-96.72707423580785
144.25,144.25,-96.69875776397515
145.0,144.25,
145.75,144.25,
146.5,144.25,
147.25,144.25,
148.0,144.25,
148.75,144.25,
149.5,144.25,
150.25,144.25,
151.0,144.25,
151.75,144.25,
152.5,144.25,
153.25,144.25,
154.0,144.25,
154.75,144.25,
155.5,144.25,
156.25,144.25,
157.0,144.25,
157.75,144.25,
158.5,144.25,
159.25,144.25,
160.0,144.25,
160.75,144.25,
161.5,144.25,
162.25,144.25,
163.0,144.25,
163.75,144.25,
164.5,144.25,
165.25,144.25,
166.0,144.25,
166.75,144.25,
167.5,144.25,
168.25,144.25,
169.0,144.25,
169.75,144.25,
170.5,144.25,
171.25,144.25,
172.0,144.25,
172.75,144.25,
173.5,144.25,
174.25,144.25,
175.0,144.25,
175.75,144.25,
176.5,144.25,
177.25,144.25,
178.0,144.25,
178.75,144.25,
179.5,144.25,
180.25,144.25,
181.0,144.25,
181.75,144.25,
182.5,144.25,
183.25,144.25,
67.0,145.0,
67.75,145.0,
68.5,145.0,
69.25,145.0,
70.0,145.0,
70.75,145.0,
71.5,145.0,
72.25,145.0,
73.0,145.0,
73.75,145.0,
74.5,145.0,
75.25,145.0,
76.0,145.0,-89.3987341772152
76.75,145.0,-89.46923017597291
77.5,145.0,-89.80548958637422
78.25,145.0,-89.67918779672868
79.0,145.0,-89.37735849056604
79.75,145.0,-88.93721275800065
80.5,145.0,-88.00401959851584
81.25,145.0,-87.68123365584074
82.0,145.0,-89.03571428571426
82.75,145.0,-89.0681645671625
83.5,145.0,-89.2547093521073
84.25,145.0,-89.7818294607346
85.0,145.0,-89.9537037037037
85.75,145.0,-89.9715191765933
86.5,145.0,-89.9333796303362
87.25,145.0,-90.1682385271237
88.0,145.0,-89.35185185185186
88.75,145.0,-87.42871287128713
89.5,145.0,
90.25,145.0,
91.0,145.0,
91.75,145.0,
92.5,145.0,
93.25,145.0,
94.0,145.0,
94.75,145.0,
95.5,145.0,
96.25,145.0,
97.0,145.0,
97.75,145.0,
98.5,145.0,
99.25,145.0,
100.0,145.0,
100.75,145.0,-83.78061224489795
101.5,145.0,-83.73387096774194
102.25,145.0,-83.64252336448598
103.0,145.0,-85.34782608695652
103.75,145.0,-85.42564801070094
104.5,145.0,-85.59432078463615
105.25,145.0,-85.87503314300227
106.0,145.0,-86.24626865671641
106.75,145.0,-86.86461813140373
107.5,145.0,-87.51753137533964
108.25,145.0,-87.73894607442678
109.0,145.0,-88.84615384615384
109.75,145.0,-90.61260104723446
110.5,145.0,-90.58183464872559
111.25,145.0,-90.63564047572626
112.0,145.0,-90.50000000000001
112.75,145.0,-90.71352313167262
113.5,145.0,-90.8896103896104
114.25,145.0,-91.00991501416429
115.0,145.0,-91.07692307692307
115.75,145.0,
116.5,145.0,
117.25,145.0,-90.87524366471735
118.0,145.0,
118.75,145.0,-90.91043083900227
119.5,145.0,-90.96236559139786
120.25,145.0,-91.06386292834891
121.0,145.0,-92.15217391304348
121.75,145.0,-92.41630099668858
122.5,145.0,-92.71924003053972
123.25,145.0,-93.02153828343522
124.0,145.0,-93.29104477611939
124.75,145.0,-93.50712919442397
125.5,145.0,-94.86688311688312
126.25,145.0,-94.9029745042493
127.0,145.0,-94.92307692307692
127.75,145.0,
128.5,145.0,
129.25,145.0,
130.0,145.0,
130.75,145.0,
131.5,145.0,
132.25,145.0,
133.0,145.0,
133.75,145.0,-94.03709198813056
134.5,145.0,-94.00819672131148
135.25,145.0,-94.00295857988166
136.0,145.0,-94.36363636363635
136.75,145.0,-94.58257486400366
137.5,145.0,-95.13076505697234
138.25,145.0,-95.77845861285721
139.0,145.0,-95.99999999999974
139.75,145.0,-95.9610163224341
140.5,145.0,-96.06836679327184
141.25,145.0,-96.2253050014964
142.0,145.0,-96.27937915742793
142.75,145.0,-96.66568047337279
143.5,145.0,-96.6639344262295
144.25,145.0,-96.65430267062314
145.0,145.0,
145.75,145.0,
146.5,145.0,
147.25,145.0,
148.0,145.0,
148.75,145.0,
149.5,145.0,
150.25,145.0,
151.0,145.0,
151.75,145.0,
152.5,145.0,
153.25,145.0,
154.0,145.0,
154.75,145.0,
155.5,145.0,
156.25,145.0,
157.0,145.0,
157.75,145.0,
158.5,145.0,
159.25,145.0,
160.0,145.0,
160.75,145.0,
161.5,145.0,
162.25,145.0,
163.0,145.0,
163.75,145.0,
164.5,145.0,
165.25,145.0,
166.0,145.0,
166.75,145.0,
167.5,145.0,
168.25,145.0,
169.0,145.0,
169.75,145.0,
170.5,145.0,
171.25,145.0,
172.0,145.0,
172.75,145.0,
173.5,145.0,
174.25,145.0,
175.0,145.0,
175.75,145.0,
176.5,145.0,
177.25,145.0,
178.0,145.0,
178.75,145.0,
179.5,145.0,
180.25,145.0,
181.0,145.0,
181.75,145.0,
182.5,145.0,
183.25,145.0,
67.0,145.75,
67.75,145.75,
68.5,145.75,
69.25,145.75,
70.0,145.75,
70.75,145.75,
71.5,145.75,
72.25,145.75,
73.0,145.75,
73.75,145.75,
74.5,145.75,
75.25,145.75,-87.746336996337
76.0,145.75,-89.2466938664133
76.75,145.75,-89.17126087107974
77.5,145.75,-89.67562057571547
78.25,145.75,-89.42602531657386
79.0,145.75,-89.18924614548581
79.75,145.75,-88.84468097947395
80.5,145.75,-88.44816019949255
81.25,145.75,-88.51931671543477
82.0,145.75,-89.46560544352837
82.75,145.75,-90.02690039738398
83.5,145.75,-90.30186683504566
84.25,145.75,-90.62555665707896
85.0,145.75,-90.73271160249861
85.75,145.75,-90.55386480044545
86.5,145.75,-90.68750504877495
87.25,145.75,-90.57436808232728
88.0,145.75,-90.56565810152776
88.75,145.75,-91.46336996336997
89.5,145.75,
90.25,145.75,
91.0,145.75,
91.75,145.75,
92.5,145.75,
93.25,145.75,
94.0,145.75,
94.75,145.75,
95.5,145.75,
96.25,145.75,
97.0,145.75,
97.75,145.75,
98.5,145.75,
99.25,145.75,
100.0,145.75,
100.75,145.75,
101.5,145.75,-83.62735849056605
102.25,145.75,-83.54577464788733
103.0,145.75,-83.43320610687022
103.75,145.75,-85.58441582336708
104.5,145.75,-85.73843026923319
105.25,145.75,-85.95856989976392
106.0,145.75,-86.22819033886086
106.75,145.75,-86.84196891191709
107.5,145.75,-87.36973201113398
108.25,145.75,-87.56581415649785
109.0,145.75,-90.0
109.75,145.75,-90.70639475492655
110.5,145.75,-90.68893620881455
111.25,145.75,-90.34455958549222
112.0,145.75,-90.5
112.75,145.75,-90.65544041450778
113.5,145.75,-90.7905569007264
114.25,145.75,-90.89301310043669
115.0,145.75,
115.75,145.75,
116.5,145.75,
117.25,145.75,
118.0,145.75,
118.75,145.75,
119.5,145.75,-91.08071278825996
120.25,145.75,-91.17136150234742
121.0,145.75,-91.29643765903307
121.75,145.75,-92.51210671573138
122.5,145.75,-92.74247511522874
123.25,145.75,-92.9745733635049
124.0,145.75,-93.18709444844988
124.75,145.75,-94.79663212435233
125.5,145.75,-94.83716707021792
126.25,145.75,-94.86790393013102
127.0,145.75,
127.75,145.75,
128.5,145.75,
129.25,145.75,
130.0,145.75,
130.75,145.75,
131.5,145.75,
132.25,145.75,-92.99999999999999
133.0,145.75,-93.0
133.75,145.75,-93.7000753735119
134.5,145.75,-93.67991525251084
135.25,145.75,-93.63944425618436
136.0,145.75,-93.7788312009377
136.75,145.75,-93.79717753360828
137.5,145.75,-94.28484125230223
138.25,145.75,-95.29891680110623
139.0,145.75,-95.77845861285721
139.75,145.75,-95.80219780219778
140.5,145.75,-95.83956476444031
141.25,145.75,-95.93965028111622
142.0,145.75,-96.01485323588354
142.75,145.75,-96.03905977328942
143.5,145.75,-96.60108303249098
144.25,145.75,-96.60810810810811
145.0,145.75,
145.75,145.75,
146.5,145.75,
147.25,145.75,
148.0,145.75,
148.75,145.75,
149.5,145.75,
150.25,145.75,
151.0,145.75,
151.75,145.75,
152.5,145.75,
153.25,145.75,
154.0,145.75,
154.75,145.75,
155.5,145.75,
156.25,145.75,
157.0,145.75,
157.75,145.75,
158.5,145.75,
159.25,145.75,
160.0,145.75,
160.75,145.75,
161.5,145.75,
162.25,145.75,
163.0,145.75,
163.75,145.75,
164.5,145.75,
165.25,145.75,
166.0,145.75,
166.75,145.75,
167.5,145.75,
168.25,145.75,
169.0,145.75,
169.75,145.75,
170.5,145.75,
171.25,145.75,
172.0,145.75,
172.75,145.75,
173.5,145.75,
174.25,145.75,
175.0,145.75,
175.75,145.75,
176.5,145.75,
177.25,145.75,
178.0,145.75,
178.75,145.75,
179.5,145.75,
180.25,145.75,
181.0,145.75,
181.75,145.75,
182.5,145.75,
183.25,145.75,
67.0,146.5,
67.75,146.5,
68.5,146.5,
69.25,146.5,
70.0,146.5,
70.75,146.5,
71.5,146.5,
72.25,146.5,
73.0,146.5,
73.75,146.5,
74.5,146.5,
75.25,146.5,-87.7572859744991
76.0,146.5,-87.75952380952381
76.75,146.5,-89.0256168424251
77.5,146.5,-89.567429597249
78.25,146.5,-89.87280103880002
79.0,146.5,-89.56335491414848
79.75,146.5,-89.14665574974651
80.5,146.5,-88.63596266939402
81.25,146.5,-88.68220901851615
82.0,146.5,-90.592537338037
82.75,146.5,-92.75184493070553
83.5,146.5,-92.64596311986047
84.25,146.5,-91.79932241882723
85.0,146.5,-91.4124678398089
85.75,146.5,-91.42564506938726
86.5,146.5,-91.29229837382044
87.25,146.5,-90.9300480188151
88.0,146.5,-91.97712184687873
88.75,146.5,-91.04887012181025
89.5,146.5,
90.25,146.5,
91.0,146.5,
91.75,146.5,
92.5,146.5,
93.25,146.5,
94.0,146.5,
94.75,146.5,
95.5,146.5,
96.25,146.5,
97.0,146.5,
97.75,146.5,
98.5,146.5,
99.25,146.5,
100.0,146.5,
100.75,146.5,
101.5,146.5,
102.25,146.5,
103.0,146.5,-83.38953488372093
103.75,146.5,-83.28592814371257
104.5,146.5,-83.17857142857142
105.25,146.5,-86.01100248897951
106.0,146.5,-86.50000000000001
106.75,146.5,-86.75933202357562
107.5,146.5,
108.25,146.5,
109.0,146.5,-90.0
109.75,146.5,
110.5,146.5,
111.25,146.5,-90.38212180746561
112.0,146.5,-90.5
112.75,146.5,-90.61787819253436
113.5,146.5,
114.25,146.5,
115.0,146.5,
115.75,146.5,
116.5,146.5,
117.25,146.5,
118.0,146.5,
118.75,146.5,
119.5,146.5,
120.25,146.5,
121.0,146.5,-91.34496124031007
121.75,146.5,-91.46007984031937
122.5,146.5,-91.57936507936509
123.25,146.5,-92.94264851410922
124.0,146.5,-94.75
124.75,146.5,-94.7853634577603
125.5,146.5,
126.25,146.5,
127.0,146.5,
127.75,146.5,
128.5,146.5,
129.25,146.5,
130.0,146.5,
130.75,146.5,
131.5,146.5,-93.0
132.25,146.5,-93.00000000000001
133.0,146.5,-93.0
133.75,146.5,-93.58548150925589
134.5,146.5,-93.53965575430307
135.25,146.5,-93.44592390600863
136.0,146.5,-93.28491620111731
136.75,146.5,-93.15888450200555
137.5,146.5,-93.36071853614996
138.25,146.5,-94.2811049637438
139.0,146.5,-95.13076505697234
139.75,146.5,-95.43951846278503
140.5,146.5,-95.5813953488372
141.25,146.5,-95.696951786599
142.0,146.5,-95.78751119433362
142.75,146.5,-95.84198079983697
143.5,146.5,-96.54878048780488
144.25,146.5,-96.56650831353917
145.0,146.5,
145.75,146.5,
146.5,146.5,
147.25,146.5,
148.0,146.5,
148.75,146.5,
149.5,146.5,
150.25,146.5,
151.0,146.5,
151.75,146.5,
152.5,146.5,
153.25,146.5,
154.0,146.5,
154.75,146.5,
155.5,146.5,
156.25,146.5,
157.0,146.5,
157.75,146.5,
158.5,146.5,
159.25,146.5,
160.0,146.5,
160.75,146.5,
161.5,146.5,
162.25,146.5,
163.0,146.5,
163.75,146.5,
164.5,146.5,
165.25,146.5,
166.0,146.5,
166.75,146.5,
167.5,146.5,
168.25,146.5,
169.0,146.5,
169.75,146.5,
170.5,146.5,
171.25,146.5,
172.0,146.5,
172.75,146.5,
173.5,146.5,
174.25,146.5,
175.0,146.5,
175.75,146.5,
176.5,146.5,
177.25,146.5,
178.0,146.5,
178.75,146.5,
179.5,146.5,
180.25,146.5,
181.0,146.5,
181.75,146.5,
182.5,146.5,
183.25,146.5,
67.0,147.25,
67.75,147.25,
68.5,147.25,
69.25,147.25,
70.0,147.25,
70.75,147.25,
71.5,147.25,
72.25,147.25,
73.0,147.25,
73.75,147.25,
74.5,147.25,
75.25,147.25,
76.0,147.25,-87.77267573696146
76.75,147.25,-87.78030303030302
77.5,147.25,-90.17418438324542
78.25,147.25,-89.97960078261698
79.0,147.25,-89.70152044316102
79.75,147.25,-89.26027679979009
80.5,147.25,-88.51869116843079
81.25,147.25,-88.36176215105596
82.0,147.25,-91.00436029609831
82.75,147.25,-93.5947726783249
83.5,147.25,-93.39007600318305
84.25,147.25,-92.51724180306854
85.0,147.25,-92.12241274312275
85.75,147.25,-91.786291903
86.5,147.25,-91.5677030575094
87.25,147.25,-91.80710717548584
88.0,147.25,-92.00126027903903
88.75,147.25,-91.83673469387753
89.5,147.25,
90.25,147.25,
91.0,147.25,
91.75,147.25,
92.5,147.25,
93.25,147.25,
94.0,147.25,
94.75,147.25,
95.5,147.25,
96.25,147.25,
97.0,147.25,
97.75,147.25,
98.5,147.25,
99.25,147.25,
100.0,147.25,
100.75,147.25,
101.5,147.25,
102.25,147.25,
103.0,147.25,
103.75,147.25,
104.5,147.25,
105.25,147.25,
106.0,147.25,
106.75,147.25,
107.5,147.25,
108.25,147.25,
109.0,147.25,
109.75,147.25,
110.5,147.25,
111.25,147.25,
112.0,147.25,
112.75,147.25,
113.5,147.25,
114.25,147.25,
115.0,147.25,
115.75,147.25,
116.5,147.25,
117.25,147.25,
118.0,147.25,
118.75,147.25,
119.5,147.25,
120.25,147.25,
121.0,147.25,
121.75,147.25,
122.5,147.25,
123.25,147.25,
124.0,147.25,
124.75,147.25,
125.5,147.25,
126.25,147.25,
127.0,147.25,
127.75,147.25,
128.5,147.25,
129.25,147.25,
130.0,147.25,
130.75,147.25,
131.5,147.25,-93.0
132.25,147.25,-93.00000000000001
133.0,147.25,-92.99999999999999
133.75,147.25,-93.48712462749292
134.5,147.25,-93.4425784065468
135.25,147.25,-93.35402481306654
136.0,147.25,-93.19777302202841
136.75,147.25,-93.03632346442774
137.5,147.25,-93.15859009038726
138.25,147.25,-93.78991076624635
139.0,147.25,-94.48177955304018
139.75,147.25,-95.04833135606334
140.5,147.25,-95.30644670624334
141.25,147.25,-95.47231270358306
142.0,147.25,-95.58866105884655
142.75,147.25,-95.6669934434781
143.5,147.25,-96.51007556675063
144.25,147.25,-96.53265306122448
145.0,147.25,
145.75,147.25,
146.5,147.25,
147.25,147.25,
148.0,147.25,
148.75,147.25,
149.5,147.25,
150.25,147.25,
151.0,147.25,
151.75,147.25,
152.5,147.25,
153.25,147.25,
154.0,147.25,
154.75,147.25,
155.5,147.25,
156.25,147.25,
157.0,147.25,
157.75,147.25,
158.5,147.25,
159.25,147.25,
160.0,147.25,
160.75,147.25,
161.5,147.25,
162.25,147.25,
163.0,147.25,
163.75,147.25,
164.5,147.25,
165.25,147.25,
166.0,147.25,
166.75,147.25,
167.5,147.25,
168.25,147.25,
169.0,147.25,
169.75,147.25,
170.5,147.25,
171.25,147.25,
172.0,147.25,
172.75,147.25,
173.5,147.25,
174.25,147.25,
175.0,147.25,
175.75,147.25,
176.5,147.25,
177.25,147.25,
178.0,147.25,
178.75,147.25,
179.5,147.25,
180.25,147.25,
181.0,147.25,
181.75,147.25,
182.5,147.25,
183.25,147.25,
67.0,148.0,
67.75,148.0,
68.5,148.0,
69.25,148.0,
70.0,148.0,
70.75,148.0,
71.5,148.0,
72.25,148.0,
73.0,148.0,
73.75,148.0,
74.5,148.0,
75.25,148.0,
76.0,148.0,-87.78333333333333
76.75,148.0,-87.79336043360433
77.5,148.0,-90.10405559786747
78.25,148.0,-89.89477870066601
79.0,148.0,-89.78318077803203
79.75,148.0,-89.61859833629694
80.5,148.0,-89.47193721072881
81.25,148.0,-89.98494883830725
82.0,148.0,-91.75
82.75,148.0,-93.14982448862368
83.5,148.0,-93.33622577244346
84.25,148.0,-92.79485881408299
85.0,148.0,-92.21811614337317
85.75,148.0,-91.8068068277369
86.5,148.0,-90.814551537203
87.25,148.0,-90.47953806178948
88.0,148.0,-90.23576309794987
88.75,148.0,-92.58846453624317
89.5,148.0,
90.25,148.0,
91.0,148.0,
91.75,148.0,
92.5,148.0,
93.25,148.0,
94.0,148.0,
94.75,148.0,
95.5,148.0,
96.25,148.0,
97.0,148.0,
97.75,148.0,
98.5,148.0,
99.25,148.0,
100.0,148.0,
100.75,148.0,
101.5,148.0,
102.25,148.0,
103.0,148.0,
103.75,148.0,
104.5,148.0,
105.25,148.0,
106.0,148.0,
106.75,148.0,
107.5,148.0,
108.25,148.0,
109.0,148.0,
109.75,148.0,
110.5,148.0,
111.25,148.0,
112.0,148.0,
112.75,148.0,
113.5,148.0,
114.25,148.0,
115.0,148.0,
115.75,148.0,
116.5,148.0,
117.25,148.0,
118.0,148.0,
118.75,148.0,
119.5,148.0,
120.25,148.0,
121.0,148.0,
121.75,148.0,
122.5,148.0,
123.25,148.0,
124.0,148.0,
124.75,148.0,
125.5,148.0,
126.25,148.0,
127.0,148.0,
127.75,148.0,
128.5,148.0,
129.25,148.0,
130.0,148.0,
130.75,148.0,
131.5,148.0,-93.0
132.25,148.0,-92.99999999999999
133.0,148.0,-93.0
133.75,148.0,-93.00000000000001
134.5,148.0,-93.366003411029
135.25,148.0,-93.32531783926827
136.0,148.0,-93.2542372881356
136.75,148.0,-93.19479131622172
137.5,148.0,-93.2793893129771
138.25,148.0,-93.75707641054356
139.0,148.0,-94.22217806041334
139.75,148.0,-94.59726098911383
140.5,148.0,-95.08409997557598
141.25,148.0,-95.28135725845175
142.0,148.0,-95.41935483870967
142.75,148.0,-95.51603866614553
143.5,148.0,-96.48347107438016
144.25,148.0,
145.0,148.0,
145.75,148.0,
146.5,148.0,
147.25,148.0,
148.0,148.0,
148.75,148.0,
149.5,148.0,
150.25,148.0,
151.0,148.0,
151.75,148.0,
152.5,148.0,
153.25,148.0,
154.0,148.0,
154.75,148.0,
155.5,148.0,
156.25,148.0,
157.0,148.0,
157.75,148.0,
158.5,148.0,
159.25,148.0,
160.0,148.0,
160.75,148.0,
161.5,148.0,
162.25,148.0,
163.0,148.0,
163.75,148.0,
164.5,148.0,
165.25,148.0,
166.0,148.0,
166.75,148.0,
167.5,148.0,
168.25,148.0,
169.0,148.0,
169.75,148.0,
170.5,148.0,
171.25,148.0,
172.0,148.0,
172.75,148.0,
173.5,148.0,
174.25,148.0,
175.0,148.0,
175.75,148.0,
176.5,148.0,
177.25,148.0,
178.0,148.0,
178.75,148.0,
179.5,148.0,
180.25,148.0,
181.0,148.0,
181.75,148.0,
182.5,148.0,
183.25,148.0,
67.0,148.75,
67.75,148.75,
68.5,148.75,
69.25,148.75,
70.0,148.75,
70.75,148.75,
71.5,148.75,
72.25,148.75,
73.0,148.75,
73.75,148.75,
74.5,148.75,
75.25,148.75,
76.0,148.75,
76.75,148.75,-87.80164319248827
77.5,148.75,-89.9710931262067
78.25,148.75,-89.98393956024564
79.0,148.75,-90.02194053032608
79.75,148.75,-90.1240891596224
80.5,148.75,-90.42783199406067
81.25,148.75,-91.30519473033472
82.0,148.75,-92.95621877693462
82.75,148.75,-94.62058181350923
83.5,148.75,-94.22636901250532
84.25,148.75,-92.87504932551587
85.0,148.75,-91.54214556855976
85.75,148.75,-90.86354697741189
86.5,148.75,-90.4348484375557
87.25,148.75,-90.14078078773147
88.0,148.75,-90.0436993469409
88.75,148.75,-88.8626149718526
89.5,148.75,
90.25,148.75,
91.0,148.75,
91.75,148.75,
92.5,148.75,
93.25,148.75,
94.0,148.75,
94.75,148.75,
95.5,148.75,
96.25,148.75,
97.0,148.75,
97.75,148.75,
98.5,148.75,
99.25,148.75,
100.0,148.75,
100.75,148.75,
101.5,148.75,
102.25,148.75,
103.0,148.75,
103.75,148.75,
104.5,148.75,
105.25,148.75,
106.0,148.75,
106.75,148.75,
107.5,148.75,
108.25,148.75,
109.0,148.75,
109.75,148.75,
110.5,148.75,
111.25,148.75,
112.0,148.75,
112.75,148.75,
113.5,148.75,
114.25,148.75,
115.0,148.75,
115.75,148.75,
116.5,148.75,
117.25,148.75,
118.0,148.75,
118.75,148.75,
119.5,148.75,
120.25,148.75,
121.0,148.75,
121.75,148.75,
122.5,148.75,
123.25,148.75,
124.0,148.75,
124.75,148.75,
125.5,148.75,
126.25,148.75,
127.0,148.75,
127.75,148.75,
128.5,148.75,
129.25,148.75,
130.0,148.75,
130.75,148.75,
131.5,148.75,-93.0
132.25,148.75,-93.00000000000001
133.0,148.75,-92.99999999999999
133.75,148.75,-93.0
134.5,148.75,-93.26921796061814
135.25,148.75,-93.27076688081225
136.0,148.75,-93.28623095198462
136.75,148.75,-93.31666125365378
137.5,148.75,-93.40724807901849
138.25,148.75,-93.58844734721575
139.0,148.75,-93.81993956836598
139.75,148.75,-94.40900158235925
140.5,148.75,-94.64363028097546
141.25,148.75,-95.13858634552601
142.0,148.75,-95.28431653123266
142.75,148.75,
143.5,148.75,
144.25,148.75,
145.0,148.75,
145.75,148.75,
146.5,148.75,
147.25,148.75,
148.0,148.75,
148.75,148.75,
149.5,148.75,
150.25,148.75,
151.0,148.75,
151.75,148.75,
152.5,148.75,
153.25,148.75,
154.0,148.75,
154.75,148.75,
155.5,148.75,
156.25,148.75,
157.0,148.75,
157.75,148.75,
158.5,148.75,
159.25,148.75,
160.0,148.75,
160.75,148.75,
161.5,148.75,
162.25,148.75,
163.0,148.75,
163.75,148.75,
164.5,148.75,
165.25,148.75,
166.0,148.75,
166.75,148.75,
167.5,148.75,
168.25,148.75,
169.0,148.75,
169.75,148.75,
170.5,148.75,
171.25,148.75,
172.0,148.75,
172.75,148.75,
173.5,148.75,
174.25,148.75,
175.0,148.75,
175.75,148.75,
176.5,148.75,
177.25,148.75,
178.0,148.75,
178.75,148.75,
179.5,148.75,
180.25,148.75,
181.0,148.75,
181.75,148.75,
182.5,148.75,
183.25,148.75,
67.0,149.5,
67.75,149.5,
68.5,149.5,
69.25,149.5,
70.0,149.5,
70.75,149.5,
71.5,149.5,
72.25,149.5,
73.0,149.5,
73.75,149.5,
74.5,149.5,
75.25,149.5,
76.0,149.5,-91.5
76.75,149.5,-90.75067053842572
77.5,149.5,-90.6915528422066
78.25,149.5,-90.08058560169808
79.0,149.5,-90.18300190041644
79.75,149.5,-90.38831191227229
80.5,149.5,-91.14115432873275
81.25,149.5,-91.76222196067444
82.0,149.5,-92.85985055324043
82.75,149.5,-94.02831005248916
83.5,149.5,-93.61551001397301
84.25,149.5,-91.87357548522621
85.0,149.5,-90.88396434846818
85.75,149.5,-90.41722497937579
86.5,149.5,-90.14421645835293
87.25,149.5,-89.95620017439151
88.0,149.5,-89.47326632259701
88.75,149.5,-88.73722360152988
89.5,149.5,-86.31818181818181
90.25,149.5,
91.0,149.5,
91.75,149.5,
92.5,149.5,
93.25,149.5,
94.0,149.5,
94.75,149.5,
95.5,149.5,
96.25,149.5,
97.0,149.5,
97.75,149.5,
98.5,149.5,
99.25,149.5,
100.0,149.5,
100.75,149.5,
101.5,149.5,
102.25,149.5,
103.0,149.5,
103.75,149.5,
104.5,149.5,
105.25,149.5,
106.0,149.5,
106.75,149.5,
107.5,149.5,
108.25,149.5,
109.0,149.5,
109.75,149.5,
110.5,149.5,
111.25,149.5,
112.0,149.5,
112.75,149.5,
113.5,149.5,
114.25,149.5,
115.0,149.5,
115.75,149.5,
116.5,149.5,
117.25,149.5,
118.0,149.5,
118.75,149.5,
119.5,149.5,
120.25,149.5,
121.0,149.5,
121.75,149.5,
122.5,149.5,
123.25,149.5,
124.0,149.5,
124.75,149.5,
125.5,149.5,
126.25,149.5,
127.0,149.5,
127.75,149.5,
128.5,149.5,
129.25,149.5,
130.0,149.5,
130.75,149.5,
131.5,149.5,
132.25,149.5,-93.0
133.0,149.5,-93.0
133.75,149.5,-93.0
134.5,149.5,-93.0
135.25,149.5,-93.15366961821849
136.0,149.5,-93.2137592137592
136.75,149.5,-93.3069177143538
137.5,149.5,-93.42202418841501
138.25,149.5,-93.56728037486624
139.0,149.5,-93.73435838717592
139.75,149.5,-93.89670596972724
140.5,149.5,-94.03145103645461
141.25,149.5,-94.46977329974811
142.0,149.5,-94.54958677685951
142.75,149.5,
143.5,149.5,
144.25,149.5,
145.0,149.5,
145.75,149.5,
146.5,149.5,
147.25,149.5,
148.0,149.5,
148.75,149.5,
149.5,149.5,
150.25,149.5,
151.0,149.5,
151.75,149.5,
152.5,149.5,
153.25,149.5,
154.0,149.5,
154.75,149.5,
155.5,149.5,
156.25,149.5,
157.0,149.5,
157.75,149.5,
158.5,149.5,
159.25,149.5,
160.0,149.5,
160.75,149.5,
161.5,149.5,
162.25,149.5,
163.0,149.5,
163.75,149.5,
164.5,149.5,
165.25,149.5,
166.0,149.5,
166.75,149.5,
167.5,149.5,
168.25,149.5,
169.0,149.5,
169.75,149.5,
170.5,149.5,
171.25,149.5,
172.0,149.5,
172.75,149.5,
173.5,149.5,
174.25,149.5,
175.0,149.5,
175.75,149.5,
176.5,149.5,
177.25,149.5,
178.0,149.5,
178.75,149.5,
179.5,149.5,
180.25,149.5,
181.0,149.5,
181.75,149.5,
182.5,149.5,
183.25,149.5,
67.0,150.25,
67.75,150.25,
68.5,150.25,
69.25,150.25,
70.0,150.25,
70.75,150.25,
71.5,150.25,
72.25,150.25,
73.0,150.25,
73.75,150.25,
74.5,150.25,
75.25,150.25,
76.0,150.25,-91.42600390081046
76.75,150.25,-91.17697368791468
77.5,150.25,-91.27360020769203
78.25,150.25,-91.03779158273491
79.0,150.25,-90.53511033478993
79.75,150.25,-90.70232186427909
80.5,150.25,-90.92759527847632
81.25,150.25,-91.25711354602242
82.0,150.25,-91.57893571491397
82.75,150.25,-91.30042198605696
83.5,150.25,-91.00281255289009
84.25,150.25,-90.52209648126538
85.0,150.25,-90.0634891709163
85.75,150.25,-89.84858113332206
86.5,150.25,-89.60280708696004
87.25,150.25,-88.99665485642429
88.0,150.25,-88.97489564027822
88.75,150.25,-88.44383684270278
89.5,150.25,-86.83552007229063
90.25,150.25,-86.79972379190635
91.0,150.25,
91.75,150.25,
92.5,150.25,
93.25,150.25,
94.0,150.25,
94.75,150.25,
95.5,150.25,
96.25,150.25,
97.0,150.25,
97.75,150.25,
98.5,150.25,
99.25,150.25,
100.0,150.25,
100.75,150.25,
101.5,150.25,
102.25,150.25,
103.0,150.25,
103.75,150.25,
104.5,150.25,
105.25,150.25,
106.0,150.25,
106.75,150.25,
107.5,150.25,
108.25,150.25,
109.0,150.25,
109.75,150.25,
110.5,150.25,
111.25,150.25,
112.0,150.25,
112.75,150.25,
113.5,150.25,
114.25,150.25,
115.0,150.25,
115.75,150.25,
116.5,150.25,
117.25,150.25,
118.0,150.25,
118.75,150.25,
119.5,150.25,
120.25,150.25,
121.0,150.25,
121.75,150.25,
122.5,150.25,
123.25,150.25,
124.0,150.25,
124.75,150.25,
125.5,150.25,
126.25,150.25,
127.0,150.25,
127.75,150.25,
128.5,150.25,
129.25,150.25,
130.0,150.25,
130.75,150.25,
131.5,150.25,
132.25,150.25,-93.0
133.0,150.25,-92.99999999999999
133.75,150.25,-93.0
134.5,150.25,-93.0
135.25,150.25,-93.0
136.0,150.25,-93.0
136.75,150.25,-93.22952295229526
137.5,150.25,-93.36885069537264
138.25,150.25,-93.51302418635977
139.0,150.25,-93.65834882340606
139.75,150.25,-93.79619094731633
140.5,150.25,-93.91619979939276
141.25,150.25,-94.40204081632653
142.0,150.25,
142.75,150.25,
143.5,150.25,
144.25,150.25,
145.0,150.25,
145.75,150.25,
146.5,150.25,
147.25,150.25,
148.0,150.25,
148.75,150.25,
149.5,150.25,
150.25,150.25,
151.0,150.25,
151.75,150.25,
152.5,150.25,
153.25,150.25,
154.0,150.25,
154.75,150.25,
155.5,150.25,
156.25,150.25,
157.0,150.25,
157.75,150.25,
158.5,150.25,
159.25,150.25,
160.0,150.25,
160.75,150.25,
161.5,150.25,
162.25,150.25,
163.0,150.25,
163.75,150.25,
164.5,150.25,
165.25,150.25,
166.0,150.25,
166.75,150.25,
167.5,150.25,
168.25,150.25,
169.0,150.25,
169.75,150.25,
170.5,150.25,
171.25,150.25,
172.0,150.25,
172.75,150.25,
173.5,150.25,
174.25,150.25,
175.0,150.25,
175.75,150.25,
176.5,150.25,
177.25,150.25,
178.0,150.25,
178.75,150.25,
179.5,150.25,
180.25,150.25,
181.0,150.25,
181.75,150.25,
182.5,150.25,
183.25,150.25,
67.0,151.0,
67.75,151.0,
68.5,151.0,
69.25,151.0,
70.0,151.0,
70.75,151.0,
71.5,151.0,
72.25,151.0,
73.0,151.0,
73.75,151.0,
74.5,151.0,
75.25,151.0,-94.2239185750636
76.0,151.0,-92.5891661594644
76.75,151.0,-90.87436847766506
77.5,151.0,-90.48490265190028
78.25,151.0,-90.11475703266355
79.0,151.0,-90.46875
79.75,151.0,-90.35605208271397
80.5,151.0,-89.78010691481465
81.25,151.0,-90.37840140432607
82.0,151.0,-90.17208413001912
82.75,151.0,-90.02637194743127
83.5,151.0,-90.00230771506621
84.25,151.0,-89.72219707996823
85.0,151.0,-89.9999999999988
85.75,151.0,-89.49796978441303
86.5,151.0,-88.7348708250529
87.25,151.0,-88.35345370370548
88.0,151.0,-88.36282534516046
88.75,151.0,-88.03184307333007
89.5,151.0,-86.76499008396978
90.25,151.0,-86.76532000544213
91.0,151.0,
91.75,151.0,
92.5,151.0,
93.25,151.0,
94.0,151.0,
94.75,151.0,
95.5,151.0,
96.25,151.0,
97.0,151.0,
97.75,151.0,
98.5,151.0,
99.25,151.0,
100.0,151.0,
100.75,151.0,
101.5,151.0,
102.25,151.0,
103.0,151.0,
103.75,151.0,
104.5,151.0,
105.25,151.0,
106.0,151.0,
106.75,151.0,
107.5,151.0,
108.25,151.0,
109.0,151.0,
109.75,151.0,
110.5,151.0,
111.25,151.0,
112.0,151.0,
112.75,151.0,
113.5,151.0,
114.25,151.0,
115.0,151.0,
115.75,151.0,
116.5,151.0,
117.25,151.0,
118.0,151.0,
118.75,151.0,
119.5,151.0,
120.25,151.0,
121.0,151.0,
121.75,151.0,
122.5,151.0,
123.25,151.0,
124.0,151.0,
124.75,151.0,
125.5,151.0,
126.25,151.0,
127.0,151.0,
127.75,151.0,
128.5,151.0,
129.25,151.0,
130.0,151.0,
130.75,151.0,
131.5,151.0,
132.25,151.0,
133.0,151.0,-93.0
133.75,151.0,-93.00000000000001
134.5,151.0,-93.0
135.25,151.0,-93.0
136.0,151.0,-93.0
136.75,151.0,-93.0
137.5,151.0,-93.00000000000001
138.25,151.0,-93.0
139.0,151.0,-93.0
139.75,151.0,-93.0
140.5,151.0,-92.99999999999999
141.25,151.0,
142.0,151.0,
142.75,151.0,
143.5,151.0,
144.25,151.0,
145.0,151.0,
145.75,151.0,
146.5,151.0,
147.25,151.0,
148.0,151.0,
148.75,151.0,
149.5,151.0,
150.25,151.0,
151.0,151.0,
151.75,151.0,
152.5,151.0,
153.25,151.0,
154.0,151.0,
154.75,151.0,
155.5,151.0,
156.25,151.0,
157.0,151.0,
157.75,151.0,
158.5,151.0,
159.25,151.0,
160.0,151.0,
160.75,151.0,
161.5,151.0,
162.25,151.0,
163.0,151.0,
163.75,151.0,
164.5,151.0,
165.25,151.0,
166.0,151.0,
166.75,151.0,
167.5,151.0,
168.25,151.0,
169.0,151.0,
169.75,151.0,
170.5,151.0,
171.25,151.0,
172.0,151.0,
172.75,151.0,
173.5,151.0,
174.25,151.0,
175.0,151.0,
175.75,151.0,
176.5,151.0,
177.25,151.0,
178.0,151.0,
178.75,151.0,
179.5,151.0,
180.25,151.0,
181.0,151.0,
181.75,151.0,
182.5,151.0,
183.25,151.0,
67.0,151.75,
67.75,151.75,
68.5,151.75,
69.25,151.75,
70.0,151.75,
70.75,151.75,
71.5,151.75,
72.25,151.75,
73.0,151.75,
73.75,151.75,
74.5,151.75,-94.22241350514537
75.25,151.75,-93.1996024092874
76.0,151.75,-92.25712602756693
76.75,151.75,-92.01899486752693
77.5,151.75,-91.4647757469823
78.25,151.75,-90.77063657557221
79.0,151.75,-90.2022688992789
79.75,151.75,-89.63963765619951
80.5,151.75,-89.41908858891478
81.25,151.75,-89.37841451622721
82.0,151.75,-89.84559435107272
82.75,151.75,-90.0330572173343
83.5,151.75,-89.67127470696671
84.25,151.75,-88.81777557399633
85.0,151.75,-88.43757111653157
85.75,151.75,-87.8066570785138
86.5,151.75,-87.74140476612027
87.25,151.75,-87.9614780282546
88.0,151.75,-88.1791266032673
88.75,151.75,-87.855303072854
89.5,151.75,-87.7103830952402
90.25,151.75,-86.75828217551049
91.0,151.75,
91.75,151.75,
92.5,151.75,
93.25,151.75,
94.0,151.75,
94.75,151.75,
95.5,151.75,
96.25,151.75,
97.0,151.75,
97.75,151.75,
98.5,151.75,
99.25,151.75,
100.0,151.75,
100.75,151.75,
101.5,151.75,
102.25,151.75,
103.0,151.75,
103.75,151.75,
104.5,151.75,
105.25,151.75,
106.0,151.75,
106.75,151.75,
107.5,151.75,
108.25,151.75,
109.0,151.75,
109.75,151.75,
110.5,151.75,
111.25,151.75,
112.0,151.75,
112.75,151.75,
113.5,151.75,
114.25,151.75,
115.0,151.75,
115.75,151.75,
116.5,151.75,
117.25,151.75,
118.0,151.75,
118.75,151.75,
119.5,151.75,
120.25,151.75,
121.0,151.75,
121.75,151.75,
122.5,151.75,
123.25,151.75,
124.0,151.75,
124.75,151.75,-92.89522821576764
125.5,151.75,-92.81073752711498
126.25,151.75,-92.71943231441047
127.0,151.75,-92.6316067653277
127.75,151.75,-92.55632411067194
128.5,151.75,
129.25,151.75,-91.98490566037736
130.0,151.75,
130.75,151.75,
131.5,151.75,
132.25,151.75,
133.0,151.75,
133.75,151.75,-93.0
134.5,151.75,-93.0
135.25,151.75,-92.99999999999999
136.0,151.75,-93.00000000000001
136.75,151.75,-93.0
137.5,151.75,-93.0
138.25,151.75,-93.0
139.0,151.75,-93.0
139.75,151.75,-93.0
140.5,151.75,-93.0
141.25,151.75,
142.0,151.75,
142.75,151.75,
143.5,151.75,
144.25,151.75,
145.0,151.75,
145.75,151.75,
146.5,151.75,
147.25,151.75,
148.0,151.75,
148.75,151.75,
149.5,151.75,
150.25,151.75,
151.0,151.75,
151.75,151.75,
152.5,151.75,
153.25,151.75,
154.0,151.75,
154.75,151.75,
155.5,151.75,
156.25,151.75,
157.0,151.75,
157.75,151.75,
158.5,151.75,
159.25,151.75,
160.0,151.75,
160.75,151.75,
161.5,151.75,
162.25,151.75,
163.0,151.75,
163.75,151.75,
164.5,151.75,
165.25,151.75,
166.0,151.75,
166.75,151.75,
167.5,151.75,
168.25,151.75,
169.0,151.75,
169.75,151.75,
170.5,151.75,
171.25,151.75,
172.0,151.75,
172.75,151.75,
173.5,151.75,
174.25,151.75,
175.0,151.75,
175.75,151.75,
176.5,151.75,
177.25,151.75,
178.0,151.75,
178.75,151.75,
179.5,151.75,
180.25,151.75,
181.0,151.75,
181.75,151.75,
182.5,151.75,
183.25,151.75,
67.0,152.5,
67.75,152.5,
68.5,152.5,
69.25,152.5,
70.0,152.5,
70.75,152.5,
71.5,152.5,
72.25,152.5,
73.0,152.5,
73.75,152.5,-94.24611137927427
74.5,152.5,-94.27184466019418
75.25,152.5,-93.46864416383998
76.0,152.5,-92.69239950603466
76.75,152.5,-92.50254906239059
77.5,152.5,-92.06655963298995
78.25,152.5,-91.42657476583696
79.0,152.5,-90.32550402873888
79.75,152.5,-89.41266837092728
80.5,152.5,-88.43127242616616
81.25,152.5,-88.42261140485593
82.0,152.5,-89.21430001501575
82.75,152.5,-90.85683903575814
83.5,152.5,-89.93531827515402
84.25,152.5,-86.34070237278536
85.0,152.5,-83.09521581617844
85.75,152.5,-84.94383945637198
86.5,152.5,-86.81798344209655
87.25,152.5,-87.6950231737888
88.0,152.5,-87.85469471042627
88.75,152.5,-88.02924076455315
89.5,152.5,-87.75218349589618
90.25,152.5,-87.79351669839134
91.0,152.5,
91.75,152.5,
92.5,152.5,
93.25,152.5,
94.0,152.5,
94.75,152.5,
95.5,152.5,
96.25,152.5,
97.0,152.5,
97.75,152.5,
98.5,152.5,
99.25,152.5,
100.0,152.5,
100.75,152.5,
101.5,152.5,
102.25,152.5,
103.0,152.5,
103.75,152.5,
104.5,152.5,
105.25,152.5,
106.0,152.5,
106.75,152.5,
107.5,152.5,
108.25,152.5,
109.0,152.5,
109.75,152.5,
110.5,152.5,
111.25,152.5,
112.0,152.5,
112.75,152.5,
113.5,152.5,
114.25,152.5,
115.0,152.5,
115.75,152.5,
116.5,152.5,
117.25,152.5,
118.0,152.5,
118.75,152.5,
119.5,152.5,
120.25,152.5,
121.0,152.5,
121.75,152.5,
122.5,152.5,
123.25,152.5,-93.08405639913231
124.0,152.5,-93.02722772277228
124.75,152.5,-92.94178082191782
125.5,152.5,-92.8313953488372
126.25,152.5,-92.70894428152494
127.0,152.5,-92.59269662921346
127.75,152.5,-92.49807197943444
128.5,152.5,-92.43181818181817
129.25,152.5,-91.83505154639175
130.0,152.5,-92.0353982300885
130.75,152.5,-92.2562929061785
131.5,152.5,
132.25,152.5,
133.0,152.5,
133.75,152.5,
134.5,152.5,
135.25,152.5,-93.0
136.0,152.5,-93.0
136.75,152.5,-93.0
137.5,152.5,-93.0
138.25,152.5,-93.0
139.0,152.5,-92.99999999999999
139.75,152.5,
140.5,152.5,
141.25,152.5,
142.0,152.5,
142.75,152.5,
143.5,152.5,
144.25,152.5,
145.0,152.5,
145.75,152.5,
146.5,152.5,
147.25,152.5,
148.0,152.5,
148.75,152.5,
149.5,152.5,
150.25,152.5,
151.0,152.5,
151.75,152.5,
152.5,152.5,
153.25,152.5,
154.0,152.5,
154.75,152.5,
155.5,152.5,
156.25,152.5,
157.0,152.5,
157.75,152.5,
158.5,152.5,
159.25,152.5,
160.0,152.5,
160.75,152.5,
161.5,152.5,
162.25,152.5,
163.0,152.5,
163.75,152.5,
164.5,152.5,
165.25,152.5,
166.0,152.5,
166.75,152.5,
167.5,152.5,
168.25,152.5,
169.0,152.5,
169.75,152.5,
170.5,152.5,
171.25,152.5,
172.0,152.5,
172.75,152.5,
173.5,152.5,
174.25,152.5,
175.0,152.5,
175.75,152.5,
176.5,152.5,
177.25,152.5,
178.0,152.5,
178.75,152.5,
179.5,152.5,
180.25,152.5,
181.0,152.5,
181.75,152.5,
182.5,152.5,
183.25,152.5,
67.0,153.25,
67.75,153.25,
68.5,153.25,
69.25,153.25,
70.0,153.25,
70.75,153.25,
71.5,153.25,-96.45628415300547
72.25,153.25,-96.29746835443039
73.0,153.25,-95.49559199216354
73.75,153.25,-94.90534998467508
74.5,153.25,-94.7802463022254
75.25,153.25,-93.7541891343422
76.0,153.25,-93.01399250695917
76.75,153.25,-92.99677231045375
77.5,153.25,-92.69901314139732
78.25,153.25,-91.9554410166118
79.0,153.25,-91.00139039929789
79.75,153.25,-89.44779973217301
80.5,153.25,-88.2838208459154
81.25,153.25,-88.16592650160986
82.0,153.25,-89.0678983089038
82.75,153.25,-91.33907966318996
83.5,153.25,-90.48156403814656
84.25,153.25,-85.79271984799752
85.0,153.25,-81.61318763790315
85.75,153.25,-84.46011758986559
86.5,153.25,-86.83806523127276
87.25,153.25,-87.71835016952747
88.0,153.25,-87.60384828019413
88.75,153.25,-87.66513758299465
89.5,153.25,-87.66932402152733
90.25,153.25,-87.84666757294164
91.0,153.25,-87.91793893129771
91.75,153.25,
92.5,153.25,
93.25,153.25,
94.0,153.25,
94.75,153.25,
95.5,153.25,
96.25,153.25,
97.0,153.25,
97.75,153.25,
98.5,153.25,
99.25,153.25,
100.0,153.25,
100.75,153.25,
101.5,153.25,
102.25,153.25,
103.0,153.25,
103.75,153.25,
104.5,153.25,
105.25,153.25,
106.0,153.25,
106.75,153.25,
107.5,153.25,
108.25,153.25,
109.0,153.25,
109.75,153.25,
110.5,153.25,
111.25,153.25,
112.0,153.25,
112.75,153.25,
113.5,153.25,
114.25,153.25,
115.0,153.25,
115.75,153.25,
116.5,153.25,
117.25,153.25,
118.0,153.25,
118.75,153.25,
119.5,153.25,
120.25,153.25,
121.0,153.25,
121.75,153.25,-95.12341772151898
122.5,153.25,-93.97436388950543
123.25,153.25,-93.86231312374267
124.0,153.25,-93.77342212938068
124.75,153.25,-93.20752685722098
125.5,153.25,-93.07579166134373
126.25,153.25,-92.9263828849239
127.0,153.25,-92.53210116731516
127.75,153.25,-92.41206896551725
128.5,153.25,-92.33944281524927
129.25,153.25,-92.30609756097562
130.0,153.25,-91.86823529411765
130.75,153.25,-92.09756097560975
131.5,153.25,-92.32929782082324
132.25,153.25,
133.0,153.25,
133.75,153.25,
134.5,153.25,
135.25,153.25,
136.0,153.25,
136.75,153.25,
137.5,153.25,
138.25,153.25,
139.0,153.25,
139.75,153.25,
140.5,153.25,
141.25,153.25,
142.0,153.25,
142.75,153.25,
143.5,153.25,
144.25,153.25,
145.0,153.25,
145.75,153.25,
146.5,153.25,
147.25,153.25,
148.0,153.25,
148.75,153.25,
149.5,153.25,
150.25,153.25,
151.0,153.25,
151.75,153.25,
152.5,153.25,
153.25,153.25,
154.0,153.25,
154.75,153.25,
155.5,153.25,
156.25,153.25,
157.0,153.25,
157.75,153.25,
158.5,153.25,
159.25,153.25,
160.0,153.25,
160.75,153.25,
161.5,153.25,
162.25,153.25,
163.0,153.25,
163.75,153.25,
164.5,153.25,
165.25,153.25,
166.0,153.25,
166.75,153.25,
167.5,153.25,
168.25,153.25,
169.0,153.25,
169.75,153.25,
170.5,153.25,
171.25,153.25,
172.0,153.25,
172.75,153.25,
173.5,153.25,
174.25,153.25,
175.0,153.25,
175.75,153.25,
176.5,153.25,
177.25,153.25,
178.0,153.25,
178.75,153.25,
179.5,153.25,
180.25,153.25,
181.0,153.25,
181.75,153.25,
182.5,153.25,
183.25,153.25,
67.0,154.0,
67.75,154.0,
68.5,154.0,
69.25,154.0,
70.0,154.0,
70.75,154.0,
71.5,154.0,-96.6025641025641
72.25,154.0,-95.75656795307037
73.0,154.0,-95.57627118644068
73.75,154.0,-94.3394425563721
74.5,154.0,-94.29336886777607
75.25,154.0,-93.83310014513431
76.0,154.0,-93.6179245283019
76.75,154.0,-93.89880956029312
77.5,154.0,-93.47202682180085
78.25,154.0,-92.47285287082707
79.0,154.0,-91.72262773722628
79.75,154.0,-90.09500264686501
80.5,154.0,-88.45085250434228
81.25,154.0,-88.03538892038033
82.0,154.0,-88.36363636363635
82.75,154.0,-89.08797880560772
83.5,154.0,-88.9267461669506
84.25,154.0,-88.24038380576104
85.0,154.0,-87.6762295081967
85.75,154.0,-87.79656676438371
86.5,154.0,-87.80985227025853
87.25,154.0,-88.01991710113582
88.0,154.0,-87.9451219512195
88.75,154.0,-87.83118468287269
89.5,154.0,-87.75211402437435
90.25,154.0,-87.78885188652733
91.0,154.0,-87.89285714285715
91.75,154.0,-87.85884353741498
92.5,154.0,
93.25,154.0,
94.0,154.0,
94.75,154.0,
95.5,154.0,
96.25,154.0,
97.0,154.0,
97.75,154.0,
98.5,154.0,
99.25,154.0,
100.0,154.0,
100.75,154.0,
101.5,154.0,
102.25,154.0,
103.0,154.0,
103.75,154.0,
104.5,154.0,
105.25,154.0,
106.0,154.0,
106.75,154.0,
107.5,154.0,
108.25,154.0,
109.0,154.0,
109.75,154.0,
110.5,154.0,
111.25,154.0,
112.0,154.0,
112.75,154.0,
113.5,154.0,
114.25,154.0,
115.0,154.0,
115.75,154.0,
116.5,154.0,
117.25,154.0,
118.0,154.0,
118.75,154.0,
119.5,154.0,
120.25,154.0,-95.23830409356725
121.0,154.0,-95.19444444444444
121.75,154.0,-94.86284309346105
122.5,154.0,-94.05503259924585
123.25,154.0,-93.95624302800432
124.0,154.0,-93.82904411764706
124.75,154.0,-93.66188911363274
125.5,154.0,-93.44671599812969
126.25,154.0,-93.20703289910385
127.0,154.0,-92.67483443708609
127.75,154.0,-92.55088977752659
128.5,154.0,-92.21153846153847
129.25,154.0,-92.19680851063829
130.0,154.0,-92.41428571428571
130.75,154.0,-91.92019950124688
131.5,154.0,-92.15841584158416
132.25,154.0,
133.0,154.0,
133.75,154.0,
134.5,154.0,
135.25,154.0,
136.0,154.0,
136.75,154.0,
137.5,154.0,
138.25,154.0,
139.0,154.0,
139.75,154.0,
140.5,154.0,
141.25,154.0,
142.0,154.0,
142.75,154.0,
143.5,154.0,
144.25,154.0,
145.0,154.0,
145.75,154.0,
146.5,154.0,
147.25,154.0,
148.0,154.0,
148.75,154.0,
149.5,154.0,
150.25,154.0,
151.0,154.0,
151.75,154.0,
152.5,154.0,
153.25,154.0,
154.0,154.0,
154.75,154.0,
155.5,154.0,
156.25,154.0,
157.0,154.0,
157.75,154.0,
158.5,154.0,
159.25,154.0,
160.0,154.0,
160.75,154.0,
161.5,154.0,
162.25,154.0,
163.0,154.0,
163.75,154.0,
164.5,154.0,
165.25,154.0,
166.0,154.0,
166.75,154.0,
167.5,154.0,
168.25,154.0,
169.0,154.0,
169.75,154.0,
170.5,154.0,
171.25,154.0,
172.0,154.0,
172.75,154.0,
173.5,154.0,
174.25,154.0,
175.0,154.0,
175.75,154.0,
176.5,154.0,
177.25,154.0,
178.0,154.0,
178.75,154.0,
179.5,154.0,
180.25,154.0,
181.0,154.0,
181.75,154.0,
182.5,154.0,
183.25,154.0,
67.0,154.75,
67.75,154.75,
68.5,154.75,
69.25,154.75,
70.0,154.75,
70.75,154.75,
71.5,154.75,-96.07992361139327
72.25,154.75,-95.93128059339932
73.0,154.75,-94.7796121429031
73.75,154.75,-94.40813383066802
74.5,154.75,-94.31318894815308
75.25,154.75,-93.94902536723997
76.0,154.75,-94.31459073225747
76.75,154.75,-94.7991645226256
77.5,154.75,-94.36805683702835
78.25,154.75,-92.92989633444385
79.0,154.75,-92.87268778358104
79.75,154.75,-90.98329330952573
80.5,154.75,-87.24327831306408
81.25,154.75,-86.45439819556742
82.0,154.75,-88.07926125432859
82.75,154.75,-88.08266998363901
83.5,154.75,-88.33087780351927
84.25,154.75,-90.20258405548446
85.0,154.75,-92.54649988065434
85.75,154.75,-89.98913226994397
86.5,154.75,-88.46908798378622
87.25,154.75,-88.42936511072625
88.0,154.75,-88.1316216033384
88.75,154.75,-87.88823860611531
89.5,154.75,-87.75883966325249
90.25,154.75,-87.68934007409176
91.0,154.75,-88.09352389122166
91.75,154.75,-87.82462686567163
92.5,154.75,-87.80714285714286
93.25,154.75,
94.0,154.75,
94.75,154.75,
95.5,154.75,
96.25,154.75,
97.0,154.75,
97.75,154.75,
98.5,154.75,
99.25,154.75,
100.0,154.75,
100.75,154.75,
101.5,154.75,
102.25,154.75,
103.0,154.75,
103.75,154.75,
104.5,154.75,
105.25,154.75,
106.0,154.75,
106.75,154.75,
107.5,154.75,
108.25,154.75,
109.0,154.75,
109.75,154.75,
110.5,154.75,
111.25,154.75,
112.0,154.75,
112.75,154.75,
113.5,154.75,
114.25,154.75,
115.0,154.75,
115.75,154.75,
116.5,154.75,
117.25,154.75,
118.0,154.75,
118.75,154.75,
119.5,154.75,-95.30714285714286
120.25,154.75,-95.27816901408453
121.0,154.75,-94.93638828228062
121.75,154.75,-94.23239456013704
122.5,154.75,-94.15603197776224
123.25,154.75,-94.05405519550327
124.0,154.75,-93.92392147187367
124.75,154.75,-93.7374835209964
125.5,154.75,-93.44411201709303
126.25,154.75,-93.06420099981908
127.0,154.75,-92.74867864595615
127.75,154.75,-92.33205221174765
128.5,154.75,-92.32365021767434
129.25,154.75,-92.0657894736842
130.0,154.75,-92.11543909348443
130.75,154.75,-91.74634146341464
131.5,154.75,-91.98062953995158
132.25,154.75,-92.20276497695853
133.0,154.75,
133.75,154.75,
134.5,154.75,
135.25,154.75,
136.0,154.75,
136.75,154.75,
137.5,154.75,
138.25,154.75,
139.0,154.75,
139.75,154.75,
140.5,154.75,
141.25,154.75,
142.0,154.75,
142.75,154.75,
143.5,154.75,
144.25,154.75,
145.0,154.75,
145.75,154.75,
146.5,154.75,
147.25,154.75,
148.0,154.75,
148.75,154.75,
149.5,154.75,
150.25,154.75,
151.0,154.75,
151.75,154.75,
152.5,154.75,
153.25,154.75,
154.0,154.75,
154.75,154.75,
155.5,154.75,
156.25,154.75,
157.0,154.75,
157.75,154.75,
158.5,154.75,
159.25,154.75,
160.0,154.75,
160.75,154.75,
161.5,154.75,
162.25,154.75,
163.0,154.75,
163.75,154.75,
164.5,154.75,
165.25,154.75,
166.0,154.75,
166.75,154.75,
167.5,154.75,
168.25,154.75,
169.0,154.75,
169.75,154.75,
170.5,154.75,
171.25,154.75,
172.0,154.75,
172.75,154.75,
173.5,154.75,
174.25,154.75,
175.0,154.75,
175.75,154.75,
176.5,154.75,
177.25,154.75,
178.0,154.75,
178.75,154.75,
179.5,154.75,
180.25,154.75,
181.0,154.75,
181.75,154.75,
182.5,154.75,
183.25,154.75,
67.0,155.5,
67.75,155.5,
68.5,155.5,
69.25,155.5,-96.23480083857442
70.0,155.5,-96.38095238095237
70.75,155.5,-94.27560964815224
71.5,155.5,-94.47564978266654
72.25,155.5,-93.99837636590536
73.0,155.5,-93.99111044249794
73.75,155.5,-93.84559079602914
74.5,155.5,-93.83609730108398
75.25,155.5,-93.90048361254598
76.0,155.5,-94.16232469449939
76.75,155.5,-94.49095049209107
77.5,155.5,-94.09146341463416
78.25,155.5,-92.93715817620894
79.0,155.5,-92.64096613406281
79.75,155.5,-90.93693983695331
80.5,155.5,-87.60944206008584
81.25,155.5,-86.83750792733079
82.0,155.5,-88.01568068424805
82.75,155.5,-88.17044167567104
83.5,155.5,-88.34116404909595
84.25,155.5,-89.96439610623297
85.0,155.5,-91.42858569716338
85.75,155.5,-89.65553604207322
86.5,155.5,-88.43853523871387
87.25,155.5,-88.31443232653712
88.0,155.5,-88.04947363863849
88.75,155.5,-87.87787740948437
89.5,155.5,-87.79013005023539
90.25,155.5,-88.5949445592009
91.0,155.5,-88.38560636339668
91.75,155.5,-88.09162291710213
92.5,155.5,-87.77380952380952
93.25,155.5,
94.0,155.5,
94.75,155.5,
95.5,155.5,
96.25,155.5,
97.0,155.5,
97.75,155.5,
98.5,155.5,
99.25,155.5,
100.0,155.5,
100.75,155.5,
101.5,155.5,
102.25,155.5,
103.0,155.5,
103.75,155.5,
104.5,155.5,
105.25,155.5,
106.0,155.5,
106.75,155.5,
107.5,155.5,
108.25,155.5,
109.0,155.5,
109.75,155.5,
110.5,155.5,
111.25,155.5,
112.0,155.5,
112.75,155.5,
113.5,155.5,
114.25,155.5,
115.0,155.5,
115.75,155.5,
116.5,155.5,
117.25,155.5,
118.0,155.5,
118.75,155.5,
119.5,155.5,-95.35526315789475
120.25,155.5,-95.01336174211674
121.0,155.5,-94.99171542357048
121.75,155.5,-94.3651558591091
122.5,155.5,-94.28867627409811
123.25,155.5,-94.18342098194108
124.0,155.5,-94.06962770970782
124.75,155.5,-93.91137745623152
125.5,155.5,-93.52588945362133
126.25,155.5,-92.84502675444384
127.0,155.5,-92.31398819794327
127.75,155.5,-92.21441526534694
128.5,155.5,-92.09585492227981
129.25,155.5,-92.23886170486739
130.0,155.5,-92.02272727272728
130.75,155.5,-92.10593220338983
131.5,155.5,-91.81818181818181
132.25,155.5,-92.03470715835141
133.0,155.5,
133.75,155.5,
134.5,155.5,
135.25,155.5,
136.0,155.5,
136.75,155.5,
137.5,155.5,
138.25,155.5,
139.0,155.5,
139.75,155.5,
140.5,155.5,
141.25,155.5,
142.0,155.5,
142.75,155.5,
143.5,155.5,
144.25,155.5,
145.0,155.5,
145.75,155.5,
146.5,155.5,
147.25,155.5,
148.0,155.5,
148.75,155.5,
149.5,155.5,
150.25,155.5,
151.0,155.5,
151.75,155.5,
152.5,155.5,
153.25,155.5,
154.0,155.5,
154.75,155.5,
155.5,155.5,
156.25,155.5,
157.0,155.5,
157.75,155.5,
158.5,155.5,
159.25,155.5,
160.0,155.5,
160.75,155.5,
161.5,155.5,
162.25,155.5,
163.0,155.5,
163.75,155.5,
164.5,155.5,
165.25,155.5,
166.0,155.5,
166.75,155.5,
167.5,155.5,
168.25,155.5,
169.0,155.5,
169.75,155.5,
170.5,155.5,
171.25,155.5,
172.0,155.5,
172.75,155.5,
173.5,155.5,
174.25,155.5,
175.0,155.5,
175.75,155.5,
176.5,155.5,
177.25,155.5,
178.0,155.5,
178.75,155.5,
179.5,155.5,
180.25,155.5,
181.0,155.5,
181.75,155.5,
182.5,155.5,
183.25,155.5,
67.0,156.25,
67.75,156.25,-95.94139194139194
68.5,156.25,-96.03532008830021
69.25,156.25,-96.16931216931218
70.0,156.25,-94.14667012484821
70.75,156.25,-94.39746659553614
71.5,156.25,-94.62800412199621
72.25,156.25,-94.25080813510964
73.0,156.25,-94.22632117626453
73.75,156.25,-93.97540477590269
74.5,156.25,-93.77933551293653
75.25,156.25,-93.72848174361584
76.0,156.25,-93.78380354486404
76.75,156.25,-93.86572688366343
77.5,156.25,-93.50687672017958
78.25,156.25,-92.79423431039874
79.0,156.25,-92.03503641560401
79.75,156.25,-90.70873490668745
80.5,156.25,-88.99844331858836
81.25,156.25,-87.73800237534297
82.0,156.25,-88.26105069380388
82.75,156.25,-88.25846569910595
83.5,156.25,-88.43338585161668
84.25,156.25,-87.9388957995389
85.0,156.25,-87.62876069082864
85.75,156.25,-88.15792560524343
86.5,156.25,-87.7034659048958
87.25,156.25,-87.55827425220906
88.0,156.25,-87.69822906620438
88.75,156.25,-88.2595921536011
89.5,156.25,-88.43391153523388
90.25,156.25,-88.56063722021091
91.0,156.25,-88.43477703154089
91.75,156.25,-88.51009488763631
92.5,156.25,-88.43960331301734
93.25,156.25,
94.0,156.25,
94.75,156.25,
95.5,156.25,
96.25,156.25,
97.0,156.25,
97.75,156.25,
98.5,156.25,
99.25,156.25,
100.0,156.25,
100.75,156.25,
101.5,156.25,
102.25,156.25,
103.0,156.25,
103.75,156.25,
104.5,156.25,
105.25,156.25,
106.0,156.25,
106.75,156.25,
107.5,156.25,
108.25,156.25,
109.0,156.25,
109.75,156.25,
110.5,156.25,
111.25,156.25,
112.0,156.25,
112.75,156.25,
113.5,156.25,
114.25,156.25,
115.0,156.25,
115.75,156.25,
116.5,156.25,
117.25,156.25,
118.0,156.25,
118.75,156.25,
119.5,156.25,-95.41296296296296
120.25,156.25,-95.0792616325639
121.0,156.25,-95.07320224076827
121.75,156.25,-94.54256620376272
122.5,156.25,-94.46870910716987
123.25,156.25,-94.34257554368135
124.0,156.25,-94.24520851542016
124.75,156.25,-94.2271054433413
125.5,156.25,-93.82846491859964
126.25,156.25,-92.47725431352978
127.0,156.25,-91.58271529241874
127.75,156.25,-91.71547577651702
128.5,156.25,-91.87711217858153
129.25,156.25,-92.12754168908016
130.0,156.25,-92.31332042692449
130.75,156.25,-92.06088082901555
131.5,156.25,
132.25,156.25,-91.88932806324111
133.0,156.25,
133.75,156.25,
134.5,156.25,
135.25,156.25,
136.0,156.25,
136.75,156.25,
137.5,156.25,
138.25,156.25,
139.0,156.25,
139.75,156.25,
140.5,156.25,
141.25,156.25,
142.0,156.25,
142.75,156.25,
143.5,156.25,
144.25,156.25,
145.0,156.25,
145.75,156.25,
146.5,156.25,
147.25,156.25,
148.0,156.25,
148.75,156.25,
149.5,156.25,
150.25,156.25,
151.0,156.25,
151.75,156.25,
152.5,156.25,
153.25,156.25,
154.0,156.25,
154.75,156.25,
155.5,156.25,
156.25,156.25,
157.0,156.25,
157.75,156.25,
158.5,156.25,
159.25,156.25,
160.0,156.25,
160.75,156.25,
161.5,156.25,
162.25,156.25,
163.0,156.25,
163.75,156.25,
164.5,156.25,
165.25,156.25,
166.0,156.25,
166.75,156.25,
167.5,156.25,
168.25,156.25,
169.0,156.25,
169.75,156.25,
170.5,156.25,
171.25,156.25,
172.0,156.25,
172.75,156.25,
173.5,156.25,
174.25,156.25,
175.0,156.25,
175.75,156.25,
176.5,156.25,
177.25,156.25,
178.0,156.25,
178.75,156.25,
179.5,156.25,
180.25,156.25,
181.0,156.25,
181.75,156.25,
182.5,156.25,
183.25,156.25,
67.0,157.0,
67.75,157.0,-95.82795698924731
68.5,157.0,-95.91397849462365
69.25,157.0,-93.91923425676526
70.0,157.0,-94.15756951596292
70.75,157.0,-94.49543530991843
71.5,157.0,-94.41939877291519
72.25,157.0,-94.70664058678518
73.0,157.0,-94.73809523809526
73.75,157.0,-94.38578313451825
74.5,157.0,-93.7934035323759
75.25,157.0,-93.46299406256874
76.0,157.0,-93.52992277992279
76.75,157.0,-93.93336445727479
77.5,157.0,-93.7230534767622
78.25,157.0,-92.66811255898449
79.0,157.0,-91.85135135135135
79.75,157.0,-90.93062046997312
80.5,157.0,-89.92424396624675
81.25,157.0,-88.28247580326637
82.0,157.0,-88.52820227841067
82.75,157.0,-88.0825589870175
83.5,157.0,-87.6900663042654
84.25,157.0,-87.0079650332673
85.0,157.0,-86.00000000000294
85.75,157.0,-87.08206009307649
86.5,157.0,-87.27267673129326
87.25,157.0,-87.11002318887148
88.0,157.0,-87.74499328367321
88.75,157.0,-88.18156076422865
89.5,157.0,-88.6805097600572
90.25,157.0,-88.91489772205591
91.0,157.0,-89.42307692307692
91.75,157.0,-88.59874386355413
92.5,157.0,-88.6427597468184
93.25,157.0,
94.0,157.0,
94.75,157.0,
95.5,157.0,
96.25,157.0,
97.0,157.0,
97.75,157.0,
98.5,157.0,
99.25,157.0,
100.0,157.0,
100.75,157.0,
101.5,157.0,
102.25,157.0,
103.0,157.0,
103.75,157.0,
104.5,157.0,
105.25,157.0,
106.0,157.0,
106.75,157.0,
107.5,157.0,
108.25,157.0,
109.0,157.0,
109.75,157.0,
110.5,157.0,
111.25,157.0,
112.0,157.0,
112.75,157.0,
113.5,157.0,
114.25,157.0,
115.0,157.0,
115.75,157.0,
116.5,157.0,
117.25,157.0,
118.0,157.0,
118.75,157.0,
119.5,157.0,-95.12773262962187
120.25,157.0,-95.15837334984188
121.0,157.0,-95.18421052631578
121.75,157.0,-94.78556635483805
122.5,157.0,-94.74218374344073
123.25,157.0,-94.56308396520234
124.0,157.0,-94.375
124.75,157.0,-94.4637000006486
125.5,157.0,-94.18039241857981
126.25,157.0,-92.17119759539452
127.0,157.0,-91.00000000000149
127.75,157.0,-91.44761100505809
128.5,157.0,-91.99919332465835
129.25,157.0,-92.10572396912067
130.0,157.0,-92.31172584640794
130.75,157.0,-92.04442970822281
131.5,157.0,
132.25,157.0,
133.0,157.0,
133.75,157.0,
134.5,157.0,
135.25,157.0,
136.0,157.0,
136.75,157.0,
137.5,157.0,
138.25,157.0,
139.0,157.0,
139.75,157.0,
140.5,157.0,
141.25,157.0,
142.0,157.0,
142.75,157.0,
143.5,157.0,
144.25,157.0,
145.0,157.0,
145.75,157.0,
146.5,157.0,
147.25,157.0,
148.0,157.0,
148.75,157.0,
149.5,157.0,
150.25,157.0,
151.0,157.0,
151.75,157.0,
152.5,157.0,
153.25,157.0,
154.0,157.0,
154.75,157.0,
155.5,157.0,
156.25,157.0,
157.0,157.0,
157.75,157.0,
158.5,157.0,
159.25,157.0,
160.0,157.0,
160.75,157.0,
161.5,157.0,
162.25,157.0,
163.0,157.0,
163.75,157.0,
164.5,157.0,
165.25,157.0,
166.0,157.0,
166.75,157.0,
167.5,157.0,
168.25,157.0,
169.0,157.0,
169.75,157.0,
170.5,157.0,
171.25,157.0,
172.0,157.0,
172.75,157.0,
173.5,157.0,
174.25,157.0,
175.0,157.0,
175.75,157.0,
176.5,157.0,
177.25,157.0,
178.0,157.0,
178.75,157.0,
179.5,157.0,
180.25,157.0,
181.0,157.0,
181.75,157.0,
182.5,157.0,
183.25,157.0,
67.0,157.75,
67.75,157.75,-95.68159203980099
68.5,157.75,-93.56156244459274
69.25,157.75,-93.7108232378123
70.0,157.75,-93.94709797666633
70.75,157.75,-94.34633158194595
71.5,157.75,-94.61093760897688
72.25,157.75,-95.35473070758697
73.0,157.75,-95.74798926347107
73.75,157.75,-95.11147678320317
74.5,157.75,-93.99895682214886
75.25,157.75,-93.09211616244791
76.0,157.75,-92.75937560224423
76.75,157.75,-92.91495012111179
77.5,157.75,-92.7304760811312
78.25,157.75,-92.35804326348278
79.0,157.75,-91.58736650634664
79.75,157.75,-91.0034117770399
80.5,157.75,-90.35232071274734
81.25,157.75,-88.82843263179761
82.0,157.75,-88.65983838316477
82.75,157.75,-87.74358880820975
83.5,157.75,-87.5645194676975
84.25,157.75,-87.19538561652647
85.0,157.75,-86.83536132711083
85.75,157.75,-87.67932185725705
86.5,157.75,-87.95002512542987
87.25,157.75,-87.93599016151376
88.0,157.75,-88.29560238908076
88.75,157.75,-88.71690331056374
89.5,157.75,-89.00946897942849
90.25,157.75,-89.1937849836327
91.0,157.75,-90.2868571065691
91.75,157.75,-90.5144034703893
92.5,157.75,-90.27548952361866
93.25,157.75,-92.33673469387755
94.0,157.75,
94.75,157.75,
95.5,157.75,
96.25,157.75,
97.0,157.75,
97.75,157.75,
98.5,157.75,
99.25,157.75,
100.0,157.75,
100.75,157.75,
101.5,157.75,
102.25,157.75,
103.0,157.75,
103.75,157.75,
104.5,157.75,
105.25,157.75,
106.0,157.75,
106.75,157.75,
107.5,157.75,
108.25,157.75,
109.0,157.75,
109.75,157.75,
110.5,157.75,
111.25,157.75,
112.0,157.75,
112.75,157.75,
113.5,157.75,
114.25,157.75,
115.0,157.75,
115.75,157.75,
116.5,157.75,
117.25,157.75,
118.0,157.75,
118.75,157.75,
119.5,157.75,-95.18150574009428
120.25,157.75,-95.23942716314635
121.0,157.75,-95.31184635012474
121.75,157.75,-95.09539319706664
122.5,157.75,-95.18081919769608
123.25,157.75,-94.9895675265554
124.0,157.75,-94.51588841316564
124.75,157.75,-94.2679178470255
125.5,157.75,-93.91382266764334
126.25,157.75,-92.71368520240836
127.0,157.75,-91.71234613057302
127.75,157.75,-91.831285949878
128.5,157.75,-92.20486042775379
129.25,157.75,-92.20664370476013
130.0,157.75,-92.37784106931362
130.75,157.75,-92.50186422919903
131.5,157.75,
132.25,157.75,
133.0,157.75,
133.75,157.75,
134.5,157.75,
135.25,157.75,
136.0,157.75,
136.75,157.75,
137.5,157.75,
138.25,157.75,
139.0,157.75,
139.75,157.75,
140.5,157.75,
141.25,157.75,
142.0,157.75,
142.75,157.75,
143.5,157.75,
144.25,157.75,
145.0,157.75,
145.75,157.75,
146.5,157.75,
147.25,157.75,
148.0,157.75,
148.75,157.75,
149.5,157.75,
150.25,157.75,
151.0,157.75,
151.75,157.75,
152.5,157.75,
153.25,157.75,
154.0,157.75,
154.75,157.75,
155.5,157.75,
156.25,157.75,
157.0,157.75,
157.75,157.75,
158.5,157.75,
159.25,157.75,
160.0,157.75,
160.75,157.75,
161.5,157.75,
162.25,157.75,
163.0,157.75,
163.75,157.75,
164.5,157.75,
165.25,157.75,
166.0,157.75,
166.75,157.75,
167.5,157.75,
168.25,157.75,
169.0,157.75,
169.75,157.75,
170.5,157.75,
171.25,157.75,
172.0,157.75,
172.75,157.75,
173.5,157.75,
174.25,157.75,
175.0,157.75,
175.75,157.75,
176.5,157.75,
177.25,157.75,
178.0,157.75,
178.75,157.75,
179.5,157.75,
180.25,157.75,
181.0,157.75,
181.75,157.75,
182.5,157.75,
183.25,157.75,
67.0,158.5,
67.75,158.5,-93.3925070640774
68.5,158.5,-93.47728911319395
69.25,158.5,-93.59894667837114
70.0,158.5,-93.79467915360375
70.75,158.5,-94.17536534719922
71.5,158.5,-94.74014678265492
72.25,158.5,-96.23317397648302
73.0,158.5,-97.29816704763259
73.75,158.5,-96.11689529300467
74.5,158.5,-94.1540453603751
75.25,158.5,-92.67265473293699
76.0,158.5,-91.43702612713696
76.75,158.5,-90.28797389582546
77.5,158.5,-90.54343046244573
78.25,158.5,-91.38472829451584
79.0,158.5,-91.19293453992168
79.75,158.5,-90.95412567482407
80.5,158.5,-89.5885087975927
81.25,158.5,-89.031496177211
82.0,158.5,-88.53880579452449
82.75,158.5,-87.75289523275372
83.5,158.5,-87.65745736791992
84.25,158.5,-88.30707020137879
85.0,158.5,-88.30197563482415
85.75,158.5,-88.66626136312398
86.5,158.5,-88.85468095016302
87.25,158.5,-88.95659957292268
88.0,158.5,-89.07409685299612
88.75,158.5,-89.29842717791044
89.5,158.5,-90.23811366031539
90.25,158.5,-91.14142356005235
91.0,158.5,-91.47544433955788
91.75,158.5,-91.75158564396386
92.5,158.5,-91.46114205362264
93.25,158.5,-92.44962216624685
94.0,158.5,-92.58264462809917
94.75,158.5,
95.5,158.5,
96.25,158.5,
97.0,158.5,
97.75,158.5,
98.5,158.5,
99.25,158.5,
100.0,158.5,
100.75,158.5,
101.5,158.5,
102.25,158.5,
103.0,158.5,
103.75,158.5,
104.5,158.5,
105.25,158.5,
106.0,158.5,
106.75,158.5,
107.5,158.5,
108.25,158.5,
109.0,158.5,
109.75,158.5,
110.5,158.5,
111.25,158.5,
112.0,158.5,
112.75,158.5,
113.5,158.5,
114.25,158.5,
115.0,158.5,
115.75,158.5,
116.5,158.5,
117.25,158.5,
118.0,158.5,
118.75,158.5,
119.5,158.5,-95.22171468728038
120.25,158.5,-95.30175303449856
121.0,158.5,-95.4162318431815
121.75,158.5,-95.3784622176662
122.5,158.5,-95.69498957971518
123.25,158.5,-95.68208347238144
124.0,158.5,-94.74486301369863
124.75,158.5,-94.10064510161293
125.5,158.5,-93.94273399014779
126.25,158.5,-93.40529940384353
127.0,158.5,-92.74593895037486
127.75,158.5,-92.52528671488629
128.5,158.5,-92.59741156276431
129.25,158.5,-92.39710561030495
130.0,158.5,-92.49677403587663
130.75,158.5,-92.5811708917296
131.5,158.5,
132.25,158.5,
133.0,158.5,
133.75,158.5,
134.5,158.5,
135.25,158.5,
136.0,158.5,
136.75,158.5,
137.5,158.5,
138.25,158.5,
139.0,158.5,
139.75,158.5,
140.5,158.5,
141.25,158.5,
142.0,158.5,
142.75,158.5,
143.5,158.5,
144.25,158.5,
145.0,158.5,
145.75,158.5,
146.5,158.5,
147.25,158.5,
148.0,158.5,
148.75,158.5,
149.5,158.5,
150.25,158.5,
151.0,158.5,
151.75,158.5,
152.5,158.5,
153.25,158.5,
154.0,158.5,
154.75,158.5,
155.5,158.5,
156.25,158.5,
157.0,158.5,
157.75,158.5,
158.5,158.5,
159.25,158.5,
160.0,158.5,
160.75,158.5,
161.5,158.5,
162.25,158.5,
163.0,158.5,
163.75,158.5,
164.5,158.5,
165.25,158.5,
166.0,158.5,
166.75,158.5,
167.5,158.5,
168.25,158.5,
169.0,158.5,
169.75,158.5,
170.5,158.5,
171.25,158.5,
172.0,158.5,
172.75,158.5,
173.5,158.5,
174.25,158.5,
175.0,158.5,
175.75,158.5,
176.5,158.5,
177.25,158.5,
178.0,158.5,
178.75,158.5,
179.5,158.5,
180.25,158.5,
181.0,158.5,
181.75,158.5,
182.5,158.5,
183.25,158.5,
67.0,159.25,-93.4523545819637
67.75,159.25,-93.12254088937998
68.5,159.25,-93.21540202331131
69.25,159.25,-93.3587403072863
70.0,159.25,-93.50660905982122
70.75,159.25,-93.78582776295676
71.5,159.25,-94.18387987243952
72.25,159.25,-95.88066850348358
73.0,159.25,-97.69013104815252
73.75,159.25,-95.839267583605
74.5,159.25,-93.73338889456804
75.25,159.25,-92.27827236430346
76.0,159.25,-90.86148097678141
76.75,159.25,-89.71235790460197
77.5,159.25,-89.95503343671022
78.25,159.25,-90.89349925252752
79.0,159.25,-90.88555725702791
79.75,159.25,-90.85808861103159
80.5,159.25,-89.62719196066713
81.25,159.25,-89.15873554220923
82.0,159.25,-88.12763074056005
82.75,159.25,-88.21541006258431
83.5,159.25,-89.09221769254547
84.25,159.25,-89.14282767740184
85.0,159.25,-89.47418819537279
85.75,159.25,-89.66672338910857
86.5,159.25,-89.31478031331552
87.25,159.25,-89.22245190533613
88.0,159.25,-90.01827265965778
88.75,159.25,-90.404370331107
89.5,159.25,-91.13396878192862
90.25,159.25,-91.45393205127044
91.0,159.25,-91.79326076357296
91.75,159.25,-92.07574750276208
92.5,159.25,-92.27279173089688
93.25,159.25,-93.42789404388138
94.0,159.25,-92.74449877750612
94.75,159.25,
95.5,159.25,
96.25,159.25,
97.0,159.25,
97.75,159.25,
98.5,159.25,
99.25,159.25,
100.0,159.25,
100.75,159.25,
101.5,159.25,
102.25,159.25,
103.0,159.25,
103.75,159.25,
104.5,159.25,
105.25,159.25,
106.0,159.25,
106.75,159.25,
107.5,159.25,
108.25,159.25,
109.0,159.25,
109.75,159.25,
110.5,159.25,
111.25,159.25,
112.0,159.25,
112.75,159.25,
113.5,159.25,
114.25,159.25,
115.0,159.25,
115.75,159.25,
116.5,159.25,
117.25,159.25,
118.0,159.25,
118.75,159.25,
119.5,159.25,-95.23903821159344
120.25,159.25,-95.3254575887668
121.0,159.25,-95.45002355872514
121.75,159.25,-95.45595966090657
122.5,159.25,-95.8144291778346
123.25,159.25,-95.87215930611318
124.0,159.25,-94.82679545639606
124.75,159.25,-94.05122712425612
125.5,159.25,-94.00018811949697
126.25,159.25,-93.74030027483774
127.0,159.25,-93.33000858781404
127.75,159.25,-93.06245326113732
128.5,159.25,-92.97838077127965
129.25,159.25,-92.60699281112875
130.0,159.25,-92.63662602758278
130.75,159.25,-92.09808612440192
131.5,159.25,
132.25,159.25,
133.0,159.25,
133.75,159.25,
134.5,159.25,
135.25,159.25,
136.0,159.25,
136.75,159.25,
137.5,159.25,
138.25,159.25,
139.0,159.25,
139.75,159.25,
140.5,159.25,
141.25,159.25,
142.0,159.25,
142.75,159.25,
143.5,159.25,
144.25,159.25,
145.0,159.25,
145.75,159.25,
146.5,159.25,
147.25,159.25,
148.0,159.25,
148.75,159.25,
149.5,159.25,
150.25,159.25,
151.0,159.25,
151.75,159.25,
152.5,159.25,
153.25,159.25,
154.0,159.25,
154.75,159.25,
155.5,159.25,
156.25,159.25,
157.0,159.25,
157.75,159.25,
158.5,159.25,
159.25,159.25,
160.0,159.25,
160.75,159.25,
161.5,159.25,
162.25,159.25,
163.0,159.25,
163.75,159.25,
164.5,159.25,
165.25,159.25,
166.0,159.25,
166.75,159.25,
167.5,159.25,
168.25,159.25,
169.0,159.25,
169.75,159.25,
170.5,159.25,
171.25,159.25,
172.0,159.25,
172.75,159.25,
173.5,159.25,
174.25,159.25,
175.0,159.25,
175.75,159.25,
176.5,159.25,
177.25,159.25,
178.0,159.25,
178.75,159.25,
179.5,159.25,
180.25,159.25,
181.0,159.25,
181.75,159.25,
182.5,159.25,
183.25,159.25,
67.0,160.0,-93.14044943820225
67.75,160.0,-93.0486244922761
68.5,160.0,-93.13710887013323
69.25,160.0,-93.26142732039038
70.0,160.0,-93.41657977059438
70.75,160.0,-93.52262921684627
71.5,160.0,-93.21940742603303
72.25,160.0,-92.80064943910324
73.0,160.0,-92.59344049977143
73.75,160.0,-92.51416443279686
74.5,160.0,-92.31018514607192
75.25,160.0,-91.80923221438087
76.0,160.0,-91.1359649122807
76.75,160.0,-90.47876824514948
77.5,160.0,-90.5339116357679
78.25,160.0,-91.05147714264218
79.0,160.0,-90.93854825405552
79.75,160.0,-90.79037134471847
80.5,160.0,-89.62803985373384
81.25,160.0,-89.24268890850767
82.0,160.0,-88.79310344827586
82.75,160.0,-88.67746216241638
83.5,160.0,-89.6524553067706
84.25,160.0,-90.09055425850072
85.0,160.0,-90.50197634244891
85.75,160.0,-91.21760591994679
86.5,160.0,-91.65636578772654
87.25,160.0,-91.72062600897947
88.0,160.0,-91.3259493670886
88.75,160.0,-91.10529280449904
89.5,160.0,-91.13346101161788
90.25,160.0,-91.63075527132972
91.0,160.0,-92.12908159504678
91.75,160.0,-92.26657286013601
92.5,160.0,-92.31967239071011
93.25,160.0,-92.29226674986717
94.0,160.0,-92.20230263157895
94.75,160.0,-92.98140043763676
95.5,160.0,
96.25,160.0,
97.0,160.0,
97.75,160.0,
98.5,160.0,
99.25,160.0,
100.0,160.0,
100.75,160.0,
101.5,160.0,
102.25,160.0,
103.0,160.0,
103.75,160.0,
104.5,160.0,
105.25,160.0,
106.0,160.0,
106.75,160.0,
107.5,160.0,
108.25,160.0,
109.0,160.0,
109.75,160.0,
110.5,160.0,
111.25,160.0,
112.0,160.0,
112.75,160.0,
113.5,160.0,
114.25,160.0,
115.0,160.0,
115.75,160.0,
116.5,160.0,
117.25,160.0,-96.0
118.0,160.0,-95.99999999999999
118.75,160.0,
119.5,160.0,-95.40449438202248
120.25,160.0,-95.30645783194471
121.0,160.0,-95.40551181102363
121.75,160.0,-95.5270418650971
122.5,160.0,-95.47463943561243
123.25,160.0,-95.36550923073969
124.0,160.0,-94.76442307692308
124.75,160.0,-94.24411902986284
125.5,160.0,-94.0557299270073
126.25,160.0,-93.86180771011334
127.0,160.0,-93.60339783978398
127.75,160.0,-93.38720629689611
128.5,160.0,-93.26407982621102
129.25,160.0,-92.78609764688125
130.0,160.0,-92.76883910386965
130.75,160.0,-92.21115973741794
131.5,160.0,
132.25,160.0,
133.0,160.0,
133.75,160.0,
134.5,160.0,
135.25,160.0,
136.0,160.0,
136.75,160.0,
137.5,160.0,
138.25,160.0,
139.0,160.0,
139.75,160.0,
140.5,160.0,
141.25,160.0,
142.0,160.0,
142.75,160.0,
143.5,160.0,
144.25,160.0,
145.0,160.0,
145.75,160.0,
146.5,160.0,
147.25,160.0,
148.0,160.0,
148.75,160.0,
149.5,160.0,
150.25,160.0,
151.0,160.0,
151.75,160.0,
152.5,160.0,
153.25,160.0,
154.0,160.0,
154.75,160.0,
155.5,160.0,
156.25,160.0,
157.0,160.0,
157.75,160.0,
158.5,160.0,
159.25,160.0,
160.0,160.0,
160.75,160.0,
161.5,160.0,
162.25,160.0,
163.0,160.0,
163.75,160.0,
164.5,160.0,
165.25,160.0,
166.0,160.0,
166.75,160.0,
167.5,160.0,
168.25,160.0,
169.0,160.0,
169.75,160.0,
170.5,160.0,
171.25,160.0,
172.0,160.0,
172.75,160.0,
173.5,160.0,
174.25,160.0,
175.0,160.0,
175.75,160.0,
176.5,160.0,
177.25,160.0,
178.0,160.0,
178.75,160.0,
179.5,160.0,
180.25,160.0,
181.0,160.0,
181.75,160.0,
182.5,160.0,
183.25,160.0,
67.0,160.75,-93.08046163014876
67.75,160.75,-92.96753167827545
68.5,160.75,-93.0517210051211
69.25,160.75,-93.19684349912532
70.0,160.75,-93.46166809627012
70.75,160.75,-93.86097526082871
71.5,160.75,-93.34322719412384
72.25,160.75,-90.13681944795522
73.0,160.75,-87.37814252785176
73.75,160.75,-89.22500962632289
74.5,160.75,-90.92765609707472
75.25,160.75,-91.4125797195301
76.0,160.75,-91.26789622740174
76.75,160.75,-91.11937915888817
77.5,160.75,-91.0705336429552
78.25,160.75,-91.31017206461416
79.0,160.75,-91.06246458634818
79.75,160.75,-90.56089829394507
80.5,160.75,-89.83055408125519
81.25,160.75,-90.02239568632241
82.0,160.75,-89.13907192541424
82.75,160.75,-89.50580839344049
83.5,160.75,-89.87738607851854
84.25,160.75,-91.02825193478085
85.0,160.75,-91.67733895635178
85.75,160.75,-92.75101140367329
86.5,160.75,-94.47790076000642
87.25,160.75,-94.95117317868264
88.0,160.75,-92.49958942535697
88.75,160.75,-90.3492835398103
89.5,160.75,-90.63264953703583
90.25,160.75,-91.73690958312135
91.0,160.75,-92.37288057546715
91.75,160.75,-92.57774786485513
92.5,160.75,-92.53841553536208
93.25,160.75,-92.41370597243491
94.0,160.75,-92.24764514522589
94.75,160.75,-91.20526995154457
95.5,160.75,
96.25,160.75,
97.0,160.75,
97.75,160.75,
98.5,160.75,
99.25,160.75,
100.0,160.75,
100.75,160.75,
101.5,160.75,
102.25,160.75,
103.0,160.75,
103.75,160.75,
104.5,160.75,
105.25,160.75,
106.0,160.75,
106.75,160.75,
107.5,160.75,
108.25,160.75,
109.0,160.75,
109.75,160.75,
110.5,160.75,
111.25,160.75,
112.0,160.75,
112.75,160.75,
113.5,160.75,
114.25,160.75,
115.0,160.75,
115.75,160.75,
116.5,160.75,
117.25,160.75,
118.0,160.75,-96.00000000000001
118.75,160.75,-96.00000000000001
119.5,160.75,-95.37017994858611
120.25,160.75,-95.41379310344827
121.0,160.75,-95.3189476187039
121.75,160.75,-95.37101692331147
122.5,160.75,-95.10932824852038
123.25,160.75,-94.9745595522114
124.0,160.75,-94.6567827390257
124.75,160.75,-94.33819793475851
125.5,160.75,-94.12173678537638
126.25,160.75,-93.93758284488867
127.0,160.75,-93.74812169203746
127.75,160.75,-93.58040979974623
128.5,160.75,-93.46119869005825
129.25,160.75,-92.91934978961616
130.0,160.75,-92.35330073349634
130.75,160.75,
131.5,160.75,
132.25,160.75,
133.0,160.75,
133.75,160.75,
134.5,160.75,
135.25,160.75,
136.0,160.75,
136.75,160.75,
137.5,160.75,
138.25,160.75,
139.0,160.75,
139.75,160.75,
140.5,160.75,
141.25,160.75,
142.0,160.75,
142.75,160.75,
143.5,160.75,
144.25,160.75,
145.0,160.75,
145.75,160.75,
146.5,160.75,
147.25,160.75,
148.0,160.75,
148.75,160.75,
149.5,160.75,
150.25,160.75,
151.0,160.75,
151.75,160.75,
152.5,160.75,
153.25,160.75,
154.0,160.75,
154.75,160.75,
155.5,160.75,
156.25,160.75,
157.0,160.75,
157.75,160.75,
158.5,160.75,
159.25,160.75,
160.0,160.75,
160.75,160.75,
161.5,160.75,
162.25,160.75,
163.0,160.75,
163.75,160.75,
164.5,160.75,
165.25,160.75,
166.0,160.75,
166.75,160.75,
167.5,160.75,
168.25,160.75,
169.0,160.75,
169.75,160.75,
170.5,160.75,
171.25,160.75,
172.0,160.75,
172.75,160.75,
173.5,160.75,
174.25,160.75,
175.0,160.75,
175.75,160.75,
176.5,160.75,
177.25,160.75,
178.0,160.75,
178.75,160.75,
179.5,160.75,
180.25,160.75,
181.0,160.75,
181.75,160.75,
182.5,160.75,
183.25,160.75,
67.0,161.5,-93.0
67.75,161.5,-92.87641064744294
68.5,161.5,-92.9405147714816
69.25,161.5,-93.06363040957666
70.0,161.5,-93.28758967999408
70.75,161.5,-93.60993058114771
71.5,161.5,-93.04469027990486
72.25,161.5,-90.24056157101619
73.0,161.5,-88.0044812310157
73.75,161.5,-89.05838365136944
74.5,161.5,-90.48322455480174
75.25,161.5,-91.18038631364126
76.0,161.5,-91.35190753433113
76.75,161.5,-91.31655817662552
77.5,161.5,-90.94674338883448
78.25,161.5,-91.03651013909861
79.0,161.5,-90.83695652173914
79.75,161.5,-90.99324324324323
80.5,161.5,-91.13235294117646
81.25,161.5,-90.27880142673943
82.0,161.5,-90.2399968555931
82.75,161.5,-90.74816562314993
83.5,161.5,-91.10135483269188
84.25,161.5,-91.55575875214922
85.0,161.5,-92.23057420915507
85.75,161.5,-93.22516725812909
86.5,161.5,-94.45806246177938
87.25,161.5,-94.73086116177446
88.0,161.5,-92.93893282642696
88.75,161.5,-91.08594640613308
89.5,161.5,-91.36798513598478
90.25,161.5,-92.49254957274755
91.0,161.5,-93.06386983910001
91.75,161.5,-93.07716720819836
92.5,161.5,-93.02230639283476
93.25,161.5,-92.5074341657623
94.0,161.5,-92.24449969119502
94.75,161.5,-92.05782846307122
95.5,161.5,-91.31818181818181
96.25,161.5,
97.0,161.5,
97.75,161.5,
98.5,161.5,
99.25,161.5,
100.0,161.5,
100.75,161.5,
101.5,161.5,
102.25,161.5,
103.0,161.5,
103.75,161.5,
104.5,161.5,
105.25,161.5,
106.0,161.5,
106.75,161.5,
107.5,161.5,
108.25,161.5,
109.0,161.5,
109.75,161.5,
110.5,161.5,
111.25,161.5,
112.0,161.5,
112.75,161.5,
113.5,161.5,
114.25,161.5,
115.0,161.5,
115.75,161.5,
116.5,161.5,
117.25,161.5,
118.0,161.5,-95.99999999999999
118.75,161.5,-96.0
119.5,161.5,-96.0
120.25,161.5,-95.35190615835778
121.0,161.5,-95.36923076923078
121.75,161.5,-95.23776808401392
122.5,161.5,-95.20243693886277
123.25,161.5,-94.74250945467048
124.0,161.5,-94.55116902283672
124.75,161.5,-94.34090245789552
125.5,161.5,-94.1561034060779
126.25,161.5,-93.99195942309267
127.0,161.5,-93.83853292653441
127.75,161.5,-93.70303616312067
128.5,161.5,-93.08756254467475
129.25,161.5,-92.53022670025189
130.0,161.5,-92.45041322314049
130.75,161.5,
131.5,161.5,
132.25,161.5,
133.0,161.5,
133.75,161.5,
134.5,161.5,
135.25,161.5,
136.0,161.5,
136.75,161.5,
137.5,161.5,
138.25,161.5,
139.0,161.5,
139.75,161.5,
140.5,161.5,
141.25,161.5,
142.0,161.5,
142.75,161.5,
143.5,161.5,
144.25,161.5,
145.0,161.5,
145.75,161.5,
146.5,161.5,
147.25,161.5,
148.0,161.5,
148.75,161.5,
149.5,161.5,
150.25,161.5,
151.0,161.5,
151.75,161.5,
152.5,161.5,
153.25,161.5,
154.0,161.5,
154.75,161.5,
155.5,161.5,
156.25,161.5,
157.0,161.5,
157.75,161.5,
158.5,161.5,
159.25,161.5,
160.0,161.5,
160.75,161.5,
161.5,161.5,
162.25,161.5,
163.0,161.5,
163.75,161.5,
164.5,161.5,
165.25,161.5,
166.0,161.5,
166.75,161.5,
167.5,161.5,
168.25,161.5,
169.0,161.5,
169.75,161.5,
170.5,161.5,
171.25,161.5,
172.0,161.5,
172.75,161.5,
173.5,161.5,
174.25,161.5,
175.0,161.5,
175.75,161.5,
176.5,161.5,
177.25,161.5,
178.0,161.5,
178.75,161.5,
179.5,161.5,
180.25,161.5,
181.0,161.5,
181.75,161.5,
182.5,161.5,
183.25,161.5,
67.0,162.25,-92.91207163974464
67.75,162.25,-92.46940545135881
68.5,162.25,-92.80651812355003
69.25,162.25,-92.88118891649056
70.0,162.25,-92.9711789580341
70.75,162.25,-92.9749509087915
71.5,162.25,-92.68438344972442
72.25,162.25,-91.45803039769565
73.0,162.25,-90.23076987485611
73.75,162.25,-90.1804388464445
74.5,162.25,-90.77573071352266
75.25,162.25,-91.21695131938712
76.0,162.25,-91.42322378287254
76.75,162.25,-91.48308161117664
77.5,162.25,-91.06257264423847
78.25,162.25,-89.9543325526932
79.0,162.25,-90.92073170731707
79.75,162.25,-91.03169014084509
80.5,162.25,
81.25,162.25,-92.21541501976284
82.0,162.25,-91.75616631430584
82.75,162.25,-91.05297405248028
83.5,162.25,-91.94186248665734
84.25,162.25,-91.84826416953992
85.0,162.25,-92.40286357467352
85.75,162.25,-93.48698338412886
86.5,162.25,-93.9432693906016
87.25,162.25,-93.8767525889548
88.0,162.25,-93.69706455507455
88.75,162.25,-94.08686801065626
89.5,162.25,-93.87209281502541
90.25,162.25,-93.71665553919155
91.0,162.25,-94.13994119635335
91.75,162.25,-93.71381578883295
92.5,162.25,-93.14588708377069
93.25,162.25,-92.47269018765132
94.0,162.25,-92.13505925142978
94.75,162.25,-91.93574751604055
95.5,162.25,-91.14781491002572
96.25,162.25,-90.99802371541502
97.0,162.25,
97.75,162.25,
98.5,162.25,
99.25,162.25,
100.0,162.25,
100.75,162.25,
101.5,162.25,
102.25,162.25,
103.0,162.25,
103.75,162.25,
104.5,162.25,
105.25,162.25,
106.0,162.25,
106.75,162.25,
107.5,162.25,
108.25,162.25,
109.0,162.25,
109.75,162.25,
110.5,162.25,
111.25,162.25,
112.0,162.25,
112.75,162.25,
113.5,162.25,
114.25,162.25,
115.0,162.25,
115.75,162.25,
116.5,162.25,
117.25,162.25,
118.0,162.25,-96.0
118.75,162.25,-96.0
119.5,162.25,-96.0
120.25,162.25,-95.4695870081687
121.0,162.25,-95.29179331306992
121.75,162.25,-95.27067669172932
122.5,162.25,-95.10035566882192
123.25,162.25,-95.02196496170436
124.0,162.25,-94.91583257506824
124.75,162.25,-94.31120375880086
125.5,162.25,-94.16394468943813
126.25,162.25,-94.02591499369505
127.0,162.25,-93.89839487782618
127.75,162.25,-93.78542603046824
128.5,162.25,-92.69952494061756
129.25,162.25,-92.59795918367348
130.0,162.25,
130.75,162.25,
131.5,162.25,
132.25,162.25,
133.0,162.25,
133.75,162.25,
134.5,162.25,
135.25,162.25,
136.0,162.25,
136.75,162.25,
137.5,162.25,
138.25,162.25,
139.0,162.25,
139.75,162.25,
140.5,162.25,
141.25,162.25,
142.0,162.25,
142.75,162.25,
143.5,162.25,
144.25,162.25,
145.0,162.25,
145.75,162.25,
146.5,162.25,
147.25,162.25,
148.0,162.25,
148.75,162.25,
149.5,162.25,
150.25,162.25,
151.0,162.25,
151.75,162.25,
152.5,162.25,
153.25,162.25,
154.0,162.25,
154.75,162.25,
155.5,162.25,
156.25,162.25,
157.0,162.25,
157.75,162.25,
158.5,162.25,
159.25,162.25,
160.0,162.25,
160.75,162.25,
161.5,162.25,
162.25,162.25,
163.0,162.25,
163.75,162.25,
164.5,162.25,
165.25,162.25,
166.0,162.25,
166.75,162.25,
167.5,162.25,
168.25,162.25,
169.0,162.25,
169.75,162.25,
170.5,162.25,
171.25,162.25,
172.0,162.25,
172.75,162.25,
173.5,162.25,
174.25,162.25,
175.0,162.25,
175.75,162.25,
176.5,162.25,
177.25,162.25,
178.0,162.25,
178.75,162.25,
179.5,162.25,
180.25,162.25,
181.0,162.25,
181.75,162.25,
182.5,162.25,
183.25,162.25,
67.0,163.0,-92.84615384615385
67.75,163.0,-92.49290472612401
68.5,163.0,-92.44509415499178
69.25,163.0,-92.70389179288485
70.0,163.0,-92.83590733590732
70.75,163.0,-92.98071678728992
71.5,163.0,-92.88051693410252
72.25,163.0,-92.24807167097973
73.0,163.0,-91.41056910569104
73.75,163.0,-91.08896585859594
74.5,163.0,-91.12317259780973
75.25,163.0,-91.18966533307518
76.0,163.0,-91.26983513331504
76.75,163.0,-90.8813074282253
77.5,163.0,-88.49691358024691
78.25,163.0,-88.60623409669212
79.0,163.0,
79.75,163.0,
80.5,163.0,
81.25,163.0,
82.0,163.0,
82.75,163.0,-92.94487750556793
83.5,163.0,-93.14972864691204
84.25,163.0,-93.31521702524637
85.0,163.0,-93.52173913043478
85.75,163.0,-93.32151281294861
86.5,163.0,-93.52635211564697
87.25,163.0,-93.74844182836334
88.0,163.0,-94.42602881914763
88.75,163.0,-95.80798327278413
89.5,163.0,-95.23335812699145
90.25,163.0,-94.17106152241597
91.0,163.0,-94.99999999999721
91.75,163.0,-93.99970735301127
92.5,163.0,-92.87405478379381
93.25,163.0,-92.15009946355308
94.0,163.0,-91.85840668223459
94.75,163.0,-92.01363187121397
95.5,163.0,-90.90449438202248
96.25,163.0,-90.80443974630022
97.0,163.0,
97.75,163.0,
98.5,163.0,
99.25,163.0,
100.0,163.0,
100.75,163.0,
101.5,163.0,
102.25,163.0,
103.0,163.0,
103.75,163.0,
104.5,163.0,
105.25,163.0,
106.0,163.0,
106.75,163.0,
107.5,163.0,
108.25,163.0,
109.0,163.0,
109.75,163.0,
110.5,163.0,
111.25,163.0,
112.0,163.0,
112.75,163.0,
113.5,163.0,
114.25,163.0,
115.0,163.0,
115.75,163.0,
116.5,163.0,
117.25,163.0,
118.0,163.0,
118.75,163.0,-96.0
119.5,163.0,-96.00000000000001
120.25,163.0,-96.00000000000001
121.0,163.0,-95.23076923076923
121.75,163.0,-95.20396600566572
122.5,163.0,-95.15584415584416
123.25,163.0,-95.08540925266904
124.0,163.0,-95.0
124.75,163.0,-94.91459074733096
125.5,163.0,-94.84415584415584
126.25,163.0,-94.79603399433427
127.0,163.0,-94.76923076923076
127.75,163.0,
128.5,163.0,
129.25,163.0,
130.0,163.0,
130.75,163.0,
131.5,163.0,
132.25,163.0,
133.0,163.0,
133.75,163.0,
134.5,163.0,
135.25,163.0,
136.0,163.0,
136.75,163.0,
137.5,163.0,
138.25,163.0,
139.0,163.0,
139.75,163.0,
140.5,163.0,
141.25,163.0,
142.0,163.0,
142.75,163.0,
143.5,163.0,
144.25,163.0,
145.0,163.0,
145.75,163.0,
146.5,163.0,
147.25,163.0,
148.0,163.0,
148.75,163.0,
149.5,163.0,
150.25,163.0,
151.0,163.0,
151.75,163.0,
152.5,163.0,
153.25,163.0,
154.0,163.0,
154.75,163.0,
155.5,163.0,
156.25,163.0,
157.0,163.0,
157.75,163.0,
158.5,163.0,
159.25,163.0,
160.0,163.0,
160.75,163.0,
161.5,163.0,
162.25,163.0,
163.0,163.0,
163.75,163.0,
164.5,163.0,
165.25,163.0,
166.0,163.0,
166.75,163.0,
167.5,163.0,
168.25,163.0,
169.0,163.0,
169.75,163.0,
170.5,163.0,
171.25,163.0,
172.0,163.0,
172.75,163.0,
173.5,163.0,
174.25,163.0,
175.0,163.0,
175.75,163.0,
176.5,163.0,
177.25,163.0,
178.0,163.0,
178.75,163.0,
179.5,163.0,
180.25,163.0,
181.0,163.0,
181.75,163.0,
182.5,163.0,
183.25,163.0,
67.0,163.75,-92.85114241177381
67.75,163.75,-92.54814029685376
68.5,163.75,-92.34990521735803
69.25,163.75,-92.32457547120615
70.0,163.75,-92.64213855875856
70.75,163.75,-92.8216447537812
71.5,163.75,-92.75522636859525
72.25,163.75,-92.42647188905156
73.0,163.75,-91.99429110091825
73.75,163.75,-91.58776167819843
74.5,163.75,-91.47899799797831
75.25,163.75,-91.41465641118793
76.0,163.75,-91.42569394513248
76.75,163.75,-89.40416393364892
77.5,163.75,-88.37345679012347
78.25,163.75,-88.48206751054852
79.0,163.75,
79.75,163.75,
80.5,163.75,
81.25,163.75,
82.0,163.75,
82.75,163.75,
83.5,163.75,-93.97305873230927
84.25,163.75,-93.3564961692936
85.0,163.75,-93.5262765292907
85.75,163.75,-93.1177160981593
86.5,163.75,-93.29491518648292
87.25,163.75,-93.56818269620962
88.0,163.75,-94.11029318945972
88.75,163.75,-94.7258035382354
89.5,163.75,-94.06804873000121
90.25,163.75,-92.92455163507587
91.0,163.75,-92.90181011520129
91.75,163.75,-92.30738694490105
92.5,163.75,-91.83569992209492
93.25,163.75,-91.81783638142029
94.0,163.75,-91.40811968763609
94.75,163.75,-91.63043287382564
95.5,163.75,-90.60557184750733
96.25,163.75,-90.57860262008732
97.0,163.75,
97.75,163.75,
98.5,163.75,
99.25,163.75,
100.0,163.75,
100.75,163.75,
101.5,163.75,
102.25,163.75,
103.0,163.75,
103.75,163.75,
104.5,163.75,
105.25,163.75,
106.0,163.75,
106.75,163.75,
107.5,163.75,
108.25,163.75,
109.0,163.75,
109.75,163.75,
110.5,163.75,
111.25,163.75,
112.0,163.75,
112.75,163.75,
113.5,163.75,
114.25,163.75,
115.0,163.75,
115.75,163.75,
116.5,163.75,
117.25,163.75,
118.0,163.75,
118.75,163.75,
119.5,163.75,-96.0
120.25,163.75,-96.0
121.0,163.75,
121.75,163.75,-95.15720524017469
122.5,163.75,-95.11622276029055
123.25,163.75,-95.06217616580312
124.0,163.75,-95.00000000000001
124.75,163.75,-94.93782383419688
125.5,163.75,-94.88377723970945
126.25,163.75,-94.84279475982534
127.0,163.75,
127.75,163.75,
128.5,163.75,
129.25,163.75,
130.0,163.75,
130.75,163.75,
131.5,163.75,
132.25,163.75,
133.0,163.75,
133.75,163.75,
134.5,163.75,
135.25,163.75,
136.0,163.75,
136.75,163.75,
137.5,163.75,
138.25,163.75,
139.0,163.75,
139.75,163.75,
140.5,163.75,
141.25,163.75,
142.0,163.75,
142.75,163.75,
143.5,163.75,
144.25,163.75,
145.0,163.75,
145.75,163.75,
146.5,163.75,
147.25,163.75,
148.0,163.75,
148.75,163.75,
149.5,163.75,
150.25,163.75,
151.0,163.75,
151.75,163.75,
152.5,163.75,
153.25,163.75,
154.0,163.75,
154.75,163.75,
155.5,163.75,
156.25,163.75,
157.0,163.75,
157.75,163.75,
158.5,163.75,
159.25,163.75,
160.0,163.75,
160.75,163.75,
161.5,163.75,
162.25,163.75,
163.0,163.75,
163.75,163.75,
164.5,163.75,
165.25,163.75,
166.0,163.75,
166.75,163.75,
167.5,163.75,
168.25,163.75,
169.0,163.75,
169.75,163.75,
170.5,163.75,
171.25,163.75,
172.0,163.75,
172.75,163.75,
173.5,163.75,
174.25,163.75,
175.0,163.75,
175.75,163.75,
176.5,163.75,
177.25,163.75,
178.0,163.75,
178.75,163.75,
179.5,163.75,
180.25,163.75,
181.0,163.75,
181.75,163.75,
182.5,163.75,
183.25,163.75,
67.0,164.5,-92.95378649996043
67.75,164.5,-92.73330474097106
68.5,164.5,-92.1813311779854
69.25,164.5,-92.08616247554384
70.0,164.5,-92.24765899457799
70.75,164.5,-92.56186127280648
71.5,164.5,-92.57335176830154
72.25,164.5,-92.43150768514842
73.0,164.5,-92.18417990053075
73.75,164.5,-92.02392865747764
74.5,164.5,-91.96032235522654
75.25,164.5,-91.60299467197443
76.0,164.5,-89.59324183201551
76.75,164.5,-89.54131550466082
77.5,164.5,-88.28968253968254
78.25,164.5,
79.0,164.5,
79.75,164.5,
80.5,164.5,
81.25,164.5,
82.0,164.5,
82.75,164.5,
83.5,164.5,-95.71491228070177
84.25,164.5,-94.34655054847035
85.0,164.5,-93.52643344364762
85.75,164.5,-92.90955327988027
86.5,164.5,-93.01868336244829
87.25,164.5,-93.14711111231568
88.0,164.5,-93.64236142702616
88.75,164.5,-93.35061692237079
89.5,164.5,-92.0983393357343
90.25,164.5,-89.50613762436743
91.0,164.5,-87.41569800518191
91.75,164.5,-88.87660223013808
92.5,164.5,-90.30396777442094
93.25,164.5,-91.12543430674701
94.0,164.5,-91.76014531277688
94.75,164.5,-92.12557586855661
95.5,164.5,-90.2906976744186
96.25,164.5,-90.34381778741866
97.0,164.5,
97.75,164.5,
98.5,164.5,
99.25,164.5,
100.0,164.5,
100.75,164.5,
101.5,164.5,
102.25,164.5,
103.0,164.5,
103.75,164.5,
104.5,164.5,
105.25,164.5,
106.0,164.5,
106.75,164.5,
107.5,164.5,
108.25,164.5,
109.0,164.5,
109.75,164.5,
110.5,164.5,
111.25,164.5,
112.0,164.5,
112.75,164.5,
113.5,164.5,
114.25,164.5,
115.0,164.5,
115.75,164.5,
116.5,164.5,
117.25,164.5,
118.0,164.5,
118.75,164.5,
119.5,164.5,
120.25,164.5,
121.0,164.5,
121.75,164.5,
122.5,164.5,
123.25,164.5,-95.04715127701375
124.0,164.5,-94.99999999999999
124.75,164.5,-94.95284872298623
125.5,164.5,
126.25,164.5,
127.0,164.5,
127.75,164.5,
128.5,164.5,
129.25,164.5,
130.0,164.5,
130.75,164.5,
131.5,164.5,
132.25,164.5,
133.0,164.5,
133.75,164.5,
134.5,164.5,
135.25,164.5,
136.0,164.5,
136.75,164.5,
137.5,164.5,
138.25,164.5,
139.0,164.5,
139.75,164.5,
140.5,164.5,
141.25,164.5,
142.0,164.5,
142.75,164.5,
143.5,164.5,
144.25,164.5,
145.0,164.5,
145.75,164.5,
146.5,164.5,
147.25,164.5,
148.0,164.5,
148.75,164.5,
149.5,164.5,
150.25,164.5,
151.0,164.5,
151.75,164.5,
152.5,164.5,
153.25,164.5,
154.0,164.5,
154.75,164.5,
155.5,164.5,
156.25,164.5,
157.0,164.5,
157.75,164.5,
158.5,164.5,
159.25,164.5,
160.0,164.5,
160.75,164.5,
161.5,164.5,
162.25,164.5,
163.0,164.5,
163.75,164.5,
164.5,164.5,
165.25,164.5,
166.0,164.5,
166.75,164.5,
167.5,164.5,
168.25,164.5,
169.0,164.5,
169.75,164.5,
170.5,164.5,
171.25,164.5,
172.0,164.5,
172.75,164.5,
173.5,164.5,
174.25,164.5,
175.0,164.5,
175.75,164.5,
176.5,164.5,
177.25,164.5,
178.0,164.5,
178.75,164.5,
179.5,164.5,
180.25,164.5,
181.0,164.5,
181.75,164.5,
182.5,164.5,
183.25,164.5,
67.0,165.25,-92.98671836127437
67.75,165.25,-92.74919184037454
68.5,165.25,-92.16031329955841
69.25,165.25,-92.03063495098735
70.0,165.25,-92.14967207392438
70.75,165.25,-92.23387265101825
71.5,165.25,-92.20116704856129
72.25,165.25,-92.05337284019993
73.0,165.25,-91.72256570435611
73.75,165.25,-91.4854784475661
74.5,165.25,-91.29229693657048
75.25,165.25,-90.0
76.0,165.25,-89.84245076586434
76.75,165.25,
77.5,165.25,
78.25,165.25,
79.0,165.25,
79.75,165.25,
80.5,165.25,
81.25,165.25,
82.0,165.25,
82.75,165.25,
83.5,165.25,-95.73095238095237
84.25,165.25,-95.74061032863851
85.0,165.25,-94.37256444806277
85.75,165.25,-93.10378343782945
86.5,165.25,-93.42809270297131
87.25,165.25,-93.30287401019966
88.0,165.25,-93.02398711812128
88.75,165.25,-92.34610696026476
89.5,165.25,-90.8078884104826
90.25,165.25,-88.11104043096131
91.0,165.25,-86.24560663767414
91.75,165.25,-87.75195658980438
92.5,165.25,-89.73386500846183
93.25,165.25,-90.87004634036961
94.0,165.25,-91.61687393163626
94.75,165.25,-91.43180492357952
95.5,165.25,-91.73577888597752
96.25,165.25,-90.1265560165975
97.0,165.25,
97.75,165.25,
98.5,165.25,
99.25,165.25,
100.0,165.25,
100.75,165.25,
101.5,165.25,
102.25,165.25,
103.0,165.25,
103.75,165.25,
104.5,165.25,
105.25,165.25,
106.0,165.25,
106.75,165.25,
107.5,165.25,
108.25,165.25,
109.0,165.25,
109.75,165.25,
110.5,165.25,
111.25,165.25,
112.0,165.25,
112.75,165.25,
113.5,165.25,
114.25,165.25,
115.0,165.25,
115.75,165.25,
116.5,165.25,
117.25,165.25,
118.0,165.25,
118.75,165.25,
119.5,165.25,
120.25,165.25,
121.0,165.25,
121.75,165.25,
122.5,165.25,
123.25,165.25,
124.0,165.25,
124.75,165.25,
125.5,165.25,
126.25,165.25,
127.0,165.25,
127.75,165.25,
128.5,165.25,
129.25,165.25,
130.0,165.25,
130.75,165.25,
131.5,165.25,
132.25,165.25,
133.0,165.25,
133.75,165.25,
134.5,165.25,
135.25,165.25,
136.0,165.25,
136.75,165.25,
137.5,165.25,
138.25,165.25,
139.0,165.25,
139.75,165.25,
140.5,165.25,
141.25,165.25,
142.0,165.25,
142.75,165.25,
143.5,165.25,
144.25,165.25,
145.0,165.25,
145.75,165.25,
146.5,165.25,
147.25,165.25,
148.0,165.25,
148.75,165.25,
149.5,165.25,
150.25,165.25,
151.0,165.25,
151.75,165.25,
152.5,165.25,
153.25,165.25,
154.0,165.25,
154.75,165.25,
155.5,165.25,
156.25,165.25,
157.0,165.25,
157.75,165.25,
158.5,165.25,
159.25,165.25,
160.0,165.25,
160.75,165.25,
161.5,165.25,
162.25,165.25,
163.0,165.25,
163.75,165.25,
164.5,165.25,
165.25,165.25,
166.0,165.25,
166.75,165.25,
167.5,165.25,
168.25,165.25,
169.0,165.25,
169.75,165.25,
170.5,165.25,
171.25,165.25,
172.0,165.25,
172.75,165.25,
173.5,165.25,
174.25,165.25,
175.0,165.25,
175.75,165.25,
176.5,165.25,
177.25,165.25,
178.0,165.25,
178.75,165.25,
179.5,165.25,
180.25,165.25,
181.0,165.25,
181.75,165.25,
182.5,165.25,
183.25,165.25,
67.0,166.0,-92.83870967741935
67.75,166.0,-92.67360937972512
68.5,166.0,-92.36279630373643
69.25,166.0,-92.2605777744132
70.0,166.0,-92.16912197996466
70.75,166.0,-92.1818660544327
71.5,166.0,-92.13776049717643
72.25,166.0,-92.03202235850695
73.0,166.0,-91.74260776629853
73.75,166.0,-91.57253216976174
74.5,166.0,-90.82142324332388
75.25,166.0,-90.15754923413567
76.0,166.0,-90.0
76.75,166.0,
77.5,166.0,
78.25,166.0,
79.0,166.0,
79.75,166.0,
80.5,166.0,
81.25,166.0,
82.0,166.0,
82.75,166.0,
83.5,166.0,
84.25,166.0,-95.75389863547758
85.0,166.0,-95.76851851851852
85.75,166.0,-92.46040065306407
86.5,166.0,-93.29866936993707
87.25,166.0,-93.11870861226043
88.0,166.0,-92.77863436123349
88.75,166.0,-92.132843558291
89.5,166.0,-90.86028798969828
90.25,166.0,-89.37364652095864
91.0,166.0,-88.46746854563243
91.75,166.0,-89.13715447411727
92.5,166.0,-90.3689104828829
93.25,166.0,-91.32068579999167
94.0,166.0,-91.91404358353509
94.75,166.0,-91.66392479435959
95.5,166.0,-91.9233449477352
96.25,166.0,
97.0,166.0,
97.75,166.0,
98.5,166.0,
99.25,166.0,
100.0,166.0,
100.75,166.0,
101.5,166.0,
102.25,166.0,
103.0,166.0,
103.75,166.0,
104.5,166.0,
105.25,166.0,
106.0,166.0,
106.75,166.0,
107.5,166.0,
108.25,166.0,
109.0,166.0,
109.75,166.0,
110.5,166.0,
111.25,166.0,
112.0,166.0,
112.75,166.0,
113.5,166.0,
114.25,166.0,
115.0,166.0,
115.75,166.0,
116.5,166.0,
117.25,166.0,
118.0,166.0,
118.75,166.0,
119.5,166.0,
120.25,166.0,
121.0,166.0,
121.75,166.0,
122.5,166.0,
123.25,166.0,
124.0,166.0,
124.75,166.0,
125.5,166.0,
126.25,166.0,
127.0,166.0,
127.75,166.0,
128.5,166.0,
129.25,166.0,
130.0,166.0,
130.75,166.0,
131.5,166.0,
132.25,166.0,
133.0,166.0,
133.75,166.0,
134.5,166.0,
135.25,166.0,
136.0,166.0,
136.75,166.0,
137.5,166.0,
138.25,166.0,
139.0,166.0,
139.75,166.0,
140.5,166.0,
141.25,166.0,
142.0,166.0,
142.75,166.0,
143.5,166.0,
144.25,166.0,
145.0,166.0,
145.75,166.0,
146.5,166.0,
147.25,166.0,
148.0,166.0,
148.75,166.0,
149.5,166.0,
150.25,166.0,
151.0,166.0,
151.75,166.0,
152.5,166.0,
153.25,166.0,
154.0,166.0,
154.75,166.0,
155.5,166.0,
156.25,166.0,
157.0,166.0,
157.75,166.0,
158.5,166.0,
159.25,166.0,
160.0,166.0,
160.75,166.0,
161.5,166.0,
162.25,166.0,
163.0,166.0,
163.75,166.0,
164.5,166.0,
165.25,166.0,
166.0,166.0,
166.75,166.0,
167.5,166.0,
168.25,166.0,
169.0,166.0,
169.75,166.0,
170.5,166.0,
171.25,166.0,
172.0,166.0,
172.75,166.0,
173.5,166.0,
174.25,166.0,
175.0,166.0,
175.75,166.0,
176.5,166.0,
177.25,166.0,
178.0,166.0,
178.75,166.0,
179.5,166.0,
180.25,166.0,
181.0,166.0,
181.75,166.0,
182.5,166.0,
183.25,166.0,
67.0,166.75,-92.71759786242347
67.75,166.75,-92.59410301953821
68.5,166.75,-92.44027960692938
69.25,166.75,-92.3618774632748
70.0,166.75,-92.48965538050507
70.75,166.75,-92.58754423799635
71.5,166.75,-92.11206749273235
72.25,166.75,-92.02499652036329
73.0,166.75,-91.30566566676028
73.75,166.75,-91.10913107833201
74.5,166.75,-90.92478808702612
75.25,166.75,
76.0,166.75,
76.75,166.75,
77.5,166.75,
78.25,166.75,
79.0,166.75,
79.75,166.75,
80.5,166.75,
81.25,166.75,
82.0,166.75,
82.75,166.75,
83.5,166.75,
84.25,166.75,
85.0,166.75,
85.75,166.75,-93.66315679625117
86.5,166.75,-93.72739626681793
87.25,166.75,-93.40080043460476
88.0,166.75,-93.13616192902987
88.75,166.75,-92.37446003498006
89.5,166.75,-91.96696132641732
90.25,166.75,-91.49734158175622
91.0,166.75,-91.27884739267866
91.75,166.75,-91.43831722217648
92.5,166.75,-91.82026601707997
93.25,166.75,-92.16747013493372
94.0,166.75,-92.02860681513256
94.75,166.75,-92.18776918831226
95.5,166.75,-92.24734212287719
96.25,166.75,-91.32608695652175
97.0,166.75,
97.75,166.75,
98.5,166.75,
99.25,166.75,
100.0,166.75,
100.75,166.75,
101.5,166.75,
102.25,166.75,
103.0,166.75,
103.75,166.75,
104.5,166.75,
105.25,166.75,
106.0,166.75,
106.75,166.75,
107.5,166.75,
108.25,166.75,
109.0,166.75,
109.75,166.75,
110.5,166.75,
111.25,166.75,
112.0,166.75,
112.75,166.75,
113.5,166.75,
114.25,166.75,
115.0,166.75,
115.75,166.75,
116.5,166.75,
117.25,166.75,
118.0,166.75,
118.75,166.75,
119.5,166.75,
120.25,166.75,
121.0,166.75,
121.75,166.75,
122.5,166.75,
123.25,166.75,
124.0,166.75,
124.75,166.75,
125.5,166.75,
126.25,166.75,
127.0,166.75,
127.75,166.75,
128.5,166.75,
129.25,166.75,
130.0,166.75,
130.75,166.75,
131.5,166.75,
132.25,166.75,
133.0,166.75,
133.75,166.75,
134.5,166.75,
135.25,166.75,
136.0,166.75,
136.75,166.75,
137.5,166.75,
138.25,166.75,
139.0,166.75,
139.75,166.75,
140.5,166.75,
141.25,166.75,
142.0,166.75,
142.75,166.75,
143.5,166.75,
144.25,166.75,
145.0,166.75,
145.75,166.75,
146.5,166.75,
147.25,166.75,
148.0,166.75,
148.75,166.75,
149.5,166.75,
150.25,166.75,
151.0,166.75,
151.75,166.75,
152.5,166.75,
153.25,166.75,
154.0,166.75,
154.75,166.75,
155.5,166.75,
156.25,166.75,
157.0,166.75,
157.75,166.75,
158.5,166.75,
159.25,166.75,
160.0,166.75,
160.75,166.75,
161.5,166.75,
162.25,166.75,
163.0,166.75,
163.75,166.75,
164.5,166.75,
165.25,166.75,
166.0,166.75,
166.75,166.75,
167.5,166.75,
168.25,166.75,
169.0,166.75,
169.75,166.75,
170.5,166.75,
171.25,166.75,
172.0,166.75,
172.75,166.75,
173.5,166.75,
174.25,166.75,
175.0,166.75,
175.75,166.75,
176.5,166.75,
177.25,166.75,
178.0,166.75,
178.75,166.75,
179.5,166.75,
180.25,166.75,
181.0,166.75,
181.75,166.75,
182.5,166.75,
183.25,166.75,
67.0,167.5,-92.62121212121214
67.75,167.5,-92.58339212478776
68.5,167.5,-92.50248481501933
69.25,167.5,-92.45318992119351
70.0,167.5,-92.4495169338571
70.75,167.5,-92.47833065810593
71.5,167.5,-92.51956665929693
72.25,167.5,-92.55908308599105
73.0,167.5,-92.4784946236559
73.75,167.5,-92.50883002207505
74.5,167.5,
75.25,167.5,
76.0,167.5,
76.75,167.5,
77.5,167.5,
78.25,167.5,
79.0,167.5,
79.75,167.5,
80.5,167.5,
81.25,167.5,
82.0,167.5,
82.75,167.5,
83.5,167.5,
84.25,167.5,
85.0,167.5,
85.75,167.5,-93.2564653896209
86.5,167.5,-93.0759845890411
87.25,167.5,-93.31085254850596
88.0,167.5,-93.2919785472776
88.75,167.5,-93.59835443593047
89.5,167.5,-93.73041073617745
90.25,167.5,-94.01752161656265
91.0,167.5,-94.19995541202556
91.75,167.5,-93.98938483362299
92.5,167.5,-93.65100757024705
93.25,167.5,-93.26124983842335
94.0,167.5,-92.7513287456641
94.75,167.5,-92.66164720017713
95.5,167.5,-92.09908623643632
96.25,167.5,-91.8457760314342
97.0,167.5,
97.75,167.5,
98.5,167.5,
99.25,167.5,
100.0,167.5,
100.75,167.5,
101.5,167.5,
102.25,167.5,
103.0,167.5,
103.75,167.5,
104.5,167.5,
105.25,167.5,
106.0,167.5,
106.75,167.5,
107.5,167.5,
108.25,167.5,
109.0,167.5,
109.75,167.5,
110.5,167.5,
111.25,167.5,
112.0,167.5,
112.75,167.5,
113.5,167.5,
114.25,167.5,
115.0,167.5,
115.75,167.5,
116.5,167.5,
117.25,167.5,
118.0,167.5,
118.75,167.5,
119.5,167.5,
120.25,167.5,
121.0,167.5,
121.75,167.5,
122.5,167.5,
123.25,167.5,
124.0,167.5,
124.75,167.5,
125.5,167.5,
126.25,167.5,
127.0,167.5,
127.75,167.5,
128.5,167.5,
129.25,167.5,
130.0,167.5,
130.75,167.5,
131.5,167.5,
132.25,167.5,
133.0,167.5,
133.75,167.5,
134.5,167.5,
135.25,167.5,
136.0,167.5,
136.75,167.5,
137.5,167.5,
138.25,167.5,
139.0,167.5,
139.75,167.5,
140.5,167.5,
141.25,167.5,
142.0,167.5,
142.75,167.5,
143.5,167.5,
144.25,167.5,
145.0,167.5,
145.75,167.5,
146.5,167.5,
147.25,167.5,
148.0,167.5,
148.75,167.5,
149.5,167.5,
150.25,167.5,
151.0,167.5,
151.75,167.5,
152.5,167.5,
153.25,167.5,
154.0,167.5,
154.75,167.5,
155.5,167.5,
156.25,167.5,
157.0,167.5,
157.75,167.5,
158.5,167.5,
159.25,167.5,
160.0,167.5,
160.75,167.5,
161.5,167.5,
162.25,167.5,
163.0,167.5,
163.75,167.5,
164.5,167.5,
165.25,167.5,
166.0,167.5,
166.75,167.5,
167.5,167.5,
168.25,167.5,
169.0,167.5,
169.75,167.5,
170.5,167.5,
171.25,167.5,
172.0,167.5,
172.75,167.5,
173.5,167.5,
174.25,167.5,
175.0,167.5,
175.75,167.5,
176.5,167.5,
177.25,167.5,
178.0,167.5,
178.75,167.5,
179.5,167.5,
180.25,167.5,
181.0,167.5,
181.75,167.5,
182.5,167.5,
183.25,167.5,
67.0,168.25,-92.57960199004975
67.75,168.25,-92.5215053763441
68.5,168.25,-92.53782458128961
69.25,168.25,-92.50664518727346
70.0,168.25,-92.49896494110148
70.75,168.25,-92.51136376390306
71.5,168.25,-92.53491256224733
72.25,168.25,-92.42039800995025
73.0,168.25,-92.45698924731184
73.75,168.25,-92.48534798534799
74.5,168.25,
75.25,168.25,
76.0,168.25,
76.75,168.25,
77.5,168.25,
78.25,168.25,
79.0,168.25,
79.75,168.25,
80.5,168.25,
81.25,168.25,
82.0,168.25,
82.75,168.25,
83.5,168.25,
84.25,168.25,
85.0,168.25,
85.75,168.25,-94.99901185770752
86.5,168.25,-93.24486852769283
87.25,168.25,-93.34105682024422
88.0,168.25,-93.92674178477586
88.75,168.25,-94.26924241261551
89.5,168.25,-94.79925261310676
90.25,168.25,-95.6435607514463
91.0,168.25,-96.17773636498576
91.75,168.25,-95.64183179370359
92.5,168.25,-94.72840301542053
93.25,168.25,-94.10770032620493
94.0,168.25,-93.63376266085486
94.75,168.25,-92.78173346602735
95.5,168.25,-92.54519134387358
96.25,168.25,-94.99901185770752
97.0,168.25,
97.75,168.25,
98.5,168.25,
99.25,168.25,
100.0,168.25,
100.75,168.25,
101.5,168.25,
102.25,168.25,
103.0,168.25,
103.75,168.25,
104.5,168.25,
105.25,168.25,
106.0,168.25,
106.75,168.25,
107.5,168.25,
108.25,168.25,
109.0,168.25,
109.75,168.25,
110.5,168.25,-95.53047619047618
111.25,168.25,
112.0,168.25,
112.75,168.25,
113.5,168.25,
114.25,168.25,
115.0,168.25,
115.75,168.25,
116.5,168.25,
117.25,168.25,
118.0,168.25,
118.75,168.25,
119.5,168.25,
120.25,168.25,
121.0,168.25,
121.75,168.25,
122.5,168.25,
123.25,168.25,
124.0,168.25,
124.75,168.25,
125.5,168.25,
126.25,168.25,
127.0,168.25,
127.75,168.25,
128.5,168.25,
129.25,168.25,
130.0,168.25,
130.75,168.25,
131.5,168.25,
132.25,168.25,
133.0,168.25,
133.75,168.25,
134.5,168.25,
135.25,168.25,
136.0,168.25,
136.75,168.25,
137.5,168.25,
138.25,168.25,
139.0,168.25,
139.75,168.25,
140.5,168.25,
141.25,168.25,
142.0,168.25,
142.75,168.25,
143.5,168.25,
144.25,168.25,
145.0,168.25,
145.75,168.25,
146.5,168.25,
147.25,168.25,
148.0,168.25,
148.75,168.25,
149.5,168.25,
150.25,168.25,
151.0,168.25,
151.75,168.25,
152.5,168.25,
153.25,168.25,
154.0,168.25,
154.75,168.25,
155.5,168.25,
156.25,168.25,
157.0,168.25,
157.75,168.25,
158.5,168.25,
159.25,168.25,
160.0,168.25,
160.75,168.25,
161.5,168.25,
162.25,168.25,
163.0,168.25,
163.75,168.25,
164.5,168.25,
165.25,168.25,
166.0,168.25,
166.75,168.25,
167.5,168.25,
168.25,168.25,
169.0,168.25,
169.75,168.25,
170.5,168.25,
171.25,168.25,
172.0,168.25,
172.75,168.25,
173.5,168.25,
174.25,168.25,
175.0,168.25,
175.75,168.25,
176.5,168.25,
177.25,168.25,
178.0,168.25,
178.75,168.25,
179.5,168.25,
180.25,168.25,
181.0,168.25,
181.75,168.25,
182.5,168.25,
183.25,168.25,
67.0,169.0,-92.55555555555554
67.75,169.0,-92.51465201465201
68.5,169.0,-92.47101449275362
69.25,169.0,-92.43265993265993
70.0,169.0,-92.40476190476193
70.75,169.0,-92.38804071246818
71.5,169.0,
72.25,169.0,
73.0,169.0,
73.75,169.0,
74.5,169.0,
75.25,169.0,
76.0,169.0,
76.75,169.0,
77.5,169.0,
78.25,169.0,
79.0,169.0,
79.75,169.0,
80.5,169.0,
81.25,169.0,
82.0,169.0,
82.75,169.0,
83.5,169.0,
84.25,169.0,
85.0,169.0,
85.75,169.0,-94.90221987315012
86.5,169.0,-94.95224719101124
87.25,169.0,-93.81330907221084
88.0,169.0,-94.06696428571428
88.75,169.0,-94.47088367518967
89.5,169.0,-95.1475102319236
90.25,169.0,-96.22064311751431
91.0,169.0,-96.99999999999818
91.75,169.0,-96.22064311751431
92.5,169.0,-95.1475102319236
93.25,169.0,-94.47088367518967
94.0,169.0,-94.06696428571428
94.75,169.0,-93.81330907221084
95.5,169.0,-94.95224719101124
96.25,169.0,-94.90221987315012
97.0,169.0,
97.75,169.0,
98.5,169.0,
99.25,169.0,
100.0,169.0,
100.75,169.0,
101.5,169.0,
102.25,169.0,
103.0,169.0,
103.75,169.0,
104.5,169.0,
105.25,169.0,
106.0,169.0,
106.75,169.0,
107.5,169.0,
108.25,169.0,
109.0,169.0,
109.75,169.0,
110.5,169.0,
111.25,169.0,-95.53118908382066
112.0,169.0,
112.75,169.0,
113.5,169.0,
114.25,169.0,
115.0,169.0,
115.75,169.0,
116.5,169.0,
117.25,169.0,
118.0,169.0,
118.75,169.0,
119.5,169.0,
120.25,169.0,
121.0,169.0,
121.75,169.0,
122.5,169.0,
123.25,169.0,
124.0,169.0,
124.75,169.0,
125.5,169.0,
126.25,169.0,
127.0,169.0,
127.75,169.0,
128.5,169.0,
129.25,169.0,
130.0,169.0,
130.75,169.0,
131.5,169.0,
132.25,169.0,
133.0,169.0,
133.75,169.0,
134.5,169.0,
135.25,169.0,
136.0,169.0,
136.75,169.0,
137.5,169.0,
138.25,169.0,
139.0,169.0,
139.75,169.0,
140.5,169.0,
141.25,169.0,
142.0,169.0,
142.75,169.0,
143.5,169.0,
144.25,169.0,
145.0,169.0,
145.75,169.0,
146.5,169.0,
147.25,169.0,
148.0,169.0,
148.75,169.0,
149.5,169.0,
150.25,169.0,
151.0,169.0,
151.75,169.0,
152.5,169.0,
153.25,169.0,
154.0,169.0,
154.75,169.0,
155.5,169.0,
156.25,169.0,
157.0,169.0,
157.75,169.0,
158.5,169.0,
159.25,169.0,
160.0,169.0,
160.75,169.0,
161.5,169.0,
162.25,169.0,
163.0,169.0,
163.75,169.0,
164.5,169.0,
165.25,169.0,
166.0,169.0,
166.75,169.0,
167.5,169.0,
168.25,169.0,
169.0,169.0,
169.75,169.0,
170.5,169.0,
171.25,169.0,
172.0,169.0,
172.75,169.0,
173.5,169.0,
174.25,169.0,
175.0,169.0,
175.75,169.0,
176.5,169.0,
177.25,169.0,
178.0,169.0,
178.75,169.0,
179.5,169.0,
180.25,169.0,
181.0,169.0,
181.75,169.0,
182.5,169.0,
183.25,169.0,
67.0,169.75,-92.54071246819338
67.75,169.75,-92.51058201058201
68.5,169.75,-92.47900262467192
69.25,169.75,-92.4502487562189
70.0,169.75,-92.42743764172336
70.75,169.75,
71.5,169.75,
72.25,169.75,
73.0,169.75,
73.75,169.75,
74.5,169.75,
75.25,169.75,
76.0,169.75,
76.75,169.75,
77.5,169.75,
78.25,169.75,
79.0,169.75,
79.75,169.75,
80.5,169.75,
81.25,169.75,
82.0,169.75,
82.75,169.75,
83.5,169.75,
84.25,169.75,
85.0,169.75,
85.75,169.75,-94.78930131004367
86.5,169.75,-95.36717442860207
87.25,169.75,-95.33511773864748
88.0,169.75,-94.25386514087923
88.75,169.75,-94.48802888072335
89.5,169.75,-94.79455434708592
90.25,169.75,-95.26255606239842
91.0,169.75,-95.68289685788737
91.75,169.75,-95.26255606239842
92.5,169.75,-94.79455434708592
93.25,169.75,-94.48802888072335
94.0,169.75,-94.25386514087923
94.75,169.75,-95.33511773864748
95.5,169.75,-95.36717442860207
96.25,169.75,-94.78930131004367
97.0,169.75,
97.75,169.75,
98.5,169.75,
99.25,169.75,
100.0,169.75,
100.75,169.75,
101.5,169.75,
102.25,169.75,
103.0,169.75,
103.75,169.75,
104.5,169.75,
105.25,169.75,
106.0,169.75,
106.75,169.75,
107.5,169.75,
108.25,169.75,
109.0,169.75,
109.75,169.75,
110.5,169.75,
111.25,169.75,
112.0,169.75,-95.52979515828677
112.75,169.75,
113.5,169.75,
114.25,169.75,
115.0,169.75,
115.75,169.75,
116.5,169.75,
117.25,169.75,
118.0,169.75,
118.75,169.75,
119.5,169.75,
120.25,169.75,
121.0,169.75,
121.75,169.75,
122.5,169.75,
123.25,169.75,
124.0,169.75,
124.75,169.75,
125.5,169.75,
126.25,169.75,
127.0,169.75,
127.75,169.75,
128.5,169.75,
129.25,169.75,
130.0,169.75,
130.75,169.75,
131.5,169.75,
132.25,169.75,
133.0,169.75,
133.75,169.75,
134.5,169.75,
135.25,169.75,
136.0,169.75,
136.75,169.75,
137.5,169.75,
138.25,169.75,
139.0,169.75,
139.75,169.75,
140.5,169.75,
141.25,169.75,
142.0,169.75,
142.75,169.75,
143.5,169.75,
144.25,169.75,
145.0,169.75,
145.75,169.75,
146.5,169.75,
147.25,169.75,
148.0,169.75,
148.75,169.75,
149.5,169.75,
150.25,169.75,
151.0,169.75,
151.75,169.75,
152.5,169.75,
153.25,169.75,
154.0,169.75,
154.75,169.75,
155.5,169.75,
156.25,169.75,
157.0,169.75,
157.75,169.75,
158.5,169.75,
159.25,169.75,
160.0,169.75,
160.75,169.75,
161.5,169.75,
162.25,169.75,
163.0,169.75,
163.75,169.75,
164.5,169.75,
165.25,169.75,
166.0,169.75,
166.75,169.75,
167.5,169.75,
168.25,169.75,
169.0,169.75,
169.75,169.75,
170.5,169.75,
171.25,169.75,
172.0,169.75,
172.75,169.75,
173.5,169.75,
174.25,169.75,
175.0,169.75,
175.75,169.75,
176.5,169.75,
177.25,169.75,
178.0,169.75,
178.75,169.75,
179.5,169.75,
180.25,169.75,
181.0,169.75,
181.75,169.75,
182.5,169.75,
183.25,169.75,
67.0,170.5,-92.53100775193798
67.75,170.5,-92.50798403193613
68.5,170.5,-92.48412698412697
69.25,170.5,-92.46190476190476
70.0,170.5,
70.75,170.5,
71.5,170.5,
72.25,170.5,
73.0,170.5,
73.75,170.5,
74.5,170.5,
75.25,170.5,
76.0,170.5,
76.75,170.5,
77.5,170.5,
78.25,170.5,
79.0,170.5,
79.75,170.5,
80.5,170.5,
81.25,170.5,
82.0,170.5,
82.75,170.5,
83.5,170.5,
84.25,170.5,
85.0,170.5,
85.75,170.5,-95.36688174250808
86.5,170.5,-95.32383257847883
87.25,170.5,-95.2571717522224
88.0,170.5,-95.14721763911803
88.75,170.5,-94.37705848307303
89.5,170.5,-94.2250782881002
90.25,170.5,-93.66087114822037
91.0,170.5,-93.04018818907615
91.75,170.5,-93.66087114822037
92.5,170.5,-94.2250782881002
93.25,170.5,-94.37705848307303
94.0,170.5,-95.14721763911803
94.75,170.5,-95.2571717522224
95.5,170.5,-95.32383257847883
96.25,170.5,-95.36688174250808
97.0,170.5,
97.75,170.5,
98.5,170.5,
99.25,170.5,
100.0,170.5,
100.75,170.5,
101.5,170.5,
102.25,170.5,
103.0,170.5,
103.75,170.5,
104.5,170.5,
105.25,170.5,
106.0,170.5,
106.75,170.5,
107.5,170.5,
108.25,170.5,
109.0,170.5,
109.75,170.5,
110.5,170.5,
111.25,170.5,
112.0,170.5,
112.75,170.5,
113.5,170.5,
114.25,170.5,
115.0,170.5,
115.75,170.5,
116.5,170.5,
117.25,170.5,
118.0,170.5,
118.75,170.5,
119.5,170.5,
120.25,170.5,
121.0,170.5,
121.75,170.5,
122.5,170.5,
123.25,170.5,
124.0,170.5,
124.75,170.5,
125.5,170.5,
126.25,170.5,
127.0,170.5,
127.75,170.5,
128.5,170.5,
129.25,170.5,
130.0,170.5,
130.75,170.5,
131.5,170.5,
132.25,170.5,
133.0,170.5,
133.75,170.5,
134.5,170.5,
135.25,170.5,
136.0,170.5,
136.75,170.5,
137.5,170.5,
138.25,170.5,
139.0,170.5,
139.75,170.5,
140.5,170.5,
141.25,170.5,
142.0,170.5,
142.75,170.5,
143.5,170.5,
144.25,170.5,
145.0,170.5,
145.75,170.5,
146.5,170.5,
147.25,170.5,
148.0,170.5,
148.75,170.5,
149.5,170.5,
150.25,170.5,
151.0,170.5,
151.75,170.5,
152.5,170.5,
153.25,170.5,
154.0,170.5,
154.75,170.5,
155.5,170.5,
156.25,170.5,
157.0,170.5,
157.75,170.5,
158.5,170.5,
159.25,170.5,
160.0,170.5,
160.75,170.5,
161.5,170.5,
162.25,170.5,
163.0,170.5,
163.75,170.5,
164.5,170.5,
165.25,170.5,
166.0,170.5,
166.75,170.5,
167.5,170.5,
168.25,170.5,
169.0,170.5,
169.75,170.5,
170.5,170.5,
171.25,170.5,
172.0,170.5,
172.75,170.5,
173.5,170.5,
174.25,170.5,
175.0,170.5,
175.75,170.5,
176.5,170.5,
177.25,170.5,
178.0,170.5,
178.75,170.5,
179.5,170.5,
180.25,170.5,
181.0,170.5,
181.75,170.5,
182.5,170.5,
183.25,170.5,
67.0,171.25,
67.75,171.25,
68.5,171.25,
69.25,171.25,
70.0,171.25,
70.75,171.25,
71.5,171.25,
72.25,171.25,
73.0,171.25,
73.75,171.25,
74.5,171.25,
75.25,171.25,
76.0,171.25,
76.75,171.25,
77.5,171.25,
78.25,171.25,
79.0,171.25,
79.75,171.25,
80.5,171.25,
81.25,171.25,
82.0,171.25,
82.75,171.25,
83.5,171.25,
84.25,171.25,
85.0,171.25,
85.75,171.25,-95.3629125396112
86.5,171.25,-95.31699119864328
87.25,171.25,-95.24450503433772
88.0,171.25,-95.12166578555293
88.75,171.25,-94.89418718336148
89.5,171.25,-94.43082266490615
90.25,171.25,-93.49402985074627
91.0,171.25,-92.64271773603318
91.75,171.25,-93.49402985074627
92.5,171.25,-94.43082266490615
93.25,171.25,-94.89418718336148
94.0,171.25,-95.12166578555293
94.75,171.25,-95.24450503433772
95.5,171.25,-95.31699119864328
96.25,171.25,-95.3629125396112
97.0,171.25,
97.75,171.25,
98.5,171.25,
99.25,171.25,
100.0,171.25,
100.75,171.25,
101.5,171.25,
102.25,171.25,
103.0,171.25,
103.75,171.25,
104.5,171.25,
105.25,171.25,
106.0,171.25,
106.75,171.25,
107.5,171.25,
108.25,171.25,
109.0,171.25,
109.75,171.25,
110.5,171.25,
111.25,171.25,
112.0,171.25,
112.75,171.25,
113.5,171.25,
114.25,171.25,
115.0,171.25,
115.75,171.25,
116.5,171.25,
117.25,171.25,
118.0,171.25,
118.75,171.25,
119.5,171.25,
120.25,171.25,
121.0,171.25,
121.75,171.25,
122.5,171.25,
123.25,171.25,
124.0,171.25,
124.75,171.25,
125.5,171.25,
126.25,171.25,
127.0,171.25,
127.75,171.25,
128.5,171.25,
129.25,171.25,
130.0,171.25,
130.75,171.25,
131.5,171.25,
132.25,171.25,
133.0,171.25,
133.75,171.25,
134.5,171.25,
135.25,171.25,
136.0,171.25,
136.75,171.25,
137.5,171.25,
138.25,171.25,
139.0,171.25,
139.75,171.25,
140.5,171.25,
141.25,171.25,
142.0,171.25,
142.75,171.25,
143.5,171.25,
144.25,171.25,
145.0,171.25,
145.75,171.25,
146.5,171.25,
147.25,171.25,
148.0,171.25,
148.75,171.25,
149.5,171.25,
150.25,171.25,
151.0,171.25,
151.75,171.25,
152.5,171.25,
153.25,171.25,
154.0,171.25,
154.75,171.25,
155.5,171.25,
156.25,171.25,
157.0,171.25,
157.75,171.25,
158.5,171.25,
159.25,171.25,
160.0,171.25,
160.75,171.25,
161.5,171.25,
162.25,171.25,
163.0,171.25,
163.75,171.25,
164.5,171.25,
165.25,171.25,
166.0,171.25,
166.75,171.25,
167.5,171.25,
168.25,171.25,
169.0,171.25,
169.75,171.25,
170.5,171.25,
171.25,171.25,
172.0,171.25,
172.75,171.25,
173.5,171.25,
174.25,171.25,
175.0,171.25,
175.75,171.25,
176.5,171.25,
177.25,171.25,
178.0,171.25,
178.75,171.25,
179.5,171.25,
180.25,171.25,
181.0,171.25,
181.75,171.25,
182.5,171.25,
183.25,171.25,
67.0,172.0,
67.75,172.0,
68.5,172.0,
69.25,172.0,
70.0,172.0,
70.75,172.0,
71.5,172.0,
72.25,172.0,
73.0,172.0,
73.75,172.0,
74.5,172.0,
75.25,172.0,
76.0,172.0,
76.75,172.0,
77.5,172.0,
78.25,172.0,
79.0,172.0,
79.75,172.0,
80.5,172.0,
81.25,172.0,
82.0,172.0,
82.75,172.0,
83.5,172.0,
84.25,172.0,
85.0,172.0,
85.75,172.0,-94.75
86.5,172.0,-95.34952978056427
87.25,172.0,-95.30388151174668
88.0,172.0,-95.2391304347826
88.75,172.0,-95.14899451553931
89.5,172.0,-95.03398058252426
90.25,172.0,-94.91993957703926
91.0,172.0,-94.86842105263158
91.75,172.0,-94.91993957703926
92.5,172.0,-95.03398058252426
93.25,172.0,-95.14899451553931
94.0,172.0,-95.2391304347826
94.75,172.0,-95.30388151174668
95.5,172.0,-95.34952978056427
96.25,172.0,-94.75
97.0,172.0,
97.75,172.0,
98.5,172.0,
99.25,172.0,
100.0,172.0,
100.75,172.0,
101.5,172.0,
102.25,172.0,
103.0,172.0,
103.75,172.0,
104.5,172.0,
105.25,172.0,
106.0,172.0,
106.75,172.0,
107.5,172.0,
108.25,172.0,
109.0,172.0,
109.75,172.0,
110.5,172.0,
111.25,172.0,
112.0,172.0,
112.75,172.0,
113.5,172.0,
114.25,172.0,
115.0,172.0,
115.75,172.0,
116.5,172.0,
117.25,172.0,
118.0,172.0,
118.75,172.0,
119.5,172.0,
120.25,172.0,
121.0,172.0,
121.75,172.0,
122.5,172.0,
123.25,172.0,
124.0,172.0,
124.75,172.0,
125.5,172.0,
126.25,172.0,
127.0,172.0,
127.75,172.0,
128.5,172.0,
129.25,172.0,
130.0,172.0,
130.75,172.0,
131.5,172.0,
132.25,172.0,
133.0,172.0,
133.75,172.0,
134.5,172.0,
135.25,172.0,
136.0,172.0,
136.75,172.0,
137.5,172.0,
138.25,172.0,
139.0,172.0,
139.75,172.0,
140.5,172.0,
141.25,172.0,
142.0,172.0,
142.75,172.0,
143.5,172.0,
144.25,172.0,
145.0,172.0,
145.75,172.0,
146.5,172.0,
147.25,172.0,
148.0,172.0,
148.75,172.0,
149.5,172.0,
150.25,172.0,
151.0,172.0,
151.75,172.0,
152.5,172.0,
153.25,172.0,
154.0,172.0,
154.75,172.0,
155.5,172.0,
156.25,172.0,
157.0,172.0,
157.75,172.0,
158.5,172.0,
159.25,172.0,
160.0,172.0,
160.75,172.0,
161.5,172.0,
162.25,172.0,
163.0,172.0,
163.75,172.0,
164.5,172.0,
165.25,172.0,
166.0,172.0,
166.75,172.0,
167.5,172.0,
168.25,172.0,
169.0,172.0,
169.75,172.0,
170.5,172.0,
171.25,172.0,
172.0,172.0,
172.75,172.0,
173.5,172.0,
174.25,172.0,
175.0,172.0,
175.75,172.0,
176.5,172.0,
177.25,172.0,
178.0,172.0,
178.75,172.0,
179.5,172.0,
180.25,172.0,
181.0,172.0,
181.75,172.0,
182.5,172.0,
183.25,172.0,
67.0,172.75,
67.75,172.75,
68.5,172.75,
69.25,172.75,
70.0,172.75,
70.75,172.75,
71.5,172.75,
72.25,172.75,
73.0,172.75,
73.75,172.75,
74.5,172.75,
75.25,172.75,
76.0,172.75,
76.75,172.75,
77.5,172.75,
78.25,172.75,
79.0,172.75,
79.75,172.75,
80.5,172.75,
81.25,172.75,
82.0,172.75,
82.75,172.75,
83.5,172.75,
84.25,172.75,
85.0,172.75,
85.75,172.75,-94.86587982832617
86.5,172.75,-95.4082681934155
87.25,172.75,-95.40497832178556
88.0,172.75,-95.4233041052473
88.75,172.75,-95.50508393793359
89.5,172.75,-95.75792437190957
90.25,172.75,-96.36150861023528
91.0,172.75,-96.91039030002653
91.75,172.75,-96.36150861023528
92.5,172.75,-95.75792437190957
93.25,172.75,-95.50508393793359
94.0,172.75,-95.4233041052473
94.75,172.75,-95.40497832178556
95.5,172.75,-95.4082681934155
96.25,172.75,-94.86587982832617
97.0,172.75,
97.75,172.75,
98.5,172.75,
99.25,172.75,
100.0,172.75,
100.75,172.75,
101.5,172.75,
102.25,172.75,
103.0,172.75,
103.75,172.75,
104.5,172.75,
105.25,172.75,
106.0,172.75,
106.75,172.75,
107.5,172.75,
108.25,172.75,
109.0,172.75,
109.75,172.75,
110.5,172.75,
111.25,172.75,
112.0,172.75,
112.75,172.75,
113.5,172.75,
114.25,172.75,
115.0,172.75,
115.75,172.75,
116.5,172.75,
117.25,172.75,
118.0,172.75,
118.75,172.75,
119.5,172.75,
120.25,172.75,
121.0,172.75,
121.75,172.75,
122.5,172.75,
123.25,172.75,
124.0,172.75,
124.75,172.75,
125.5,172.75,
126.25,172.75,
127.0,172.75,
127.75,172.75,
128.5,172.75,
129.25,172.75,
130.0,172.75,
130.75,172.75,
131.5,172.75,
132.25,172.75,
133.0,172.75,
133.75,172.75,
134.5,172.75,
135.25,172.75,
136.0,172.75,
136.75,172.75,
137.5,172.75,
138.25,172.75,
139.0,172.75,
139.75,172.75,
140.5,172.75,
141.25,172.75,
142.0,172.75,
142.75,172.75,
143.5,172.75,
144.25,172.75,
145.0,172.75,
145.75,172.75,
146.5,172.75,
147.25,172.75,
148.0,172.75,
148.75,172.75,
149.5,172.75,
150.25,172.75,
151.0,172.75,
151.75,172.75,
152.5,172.75,
153.25,172.75,
154.0,172.75,
154.75,172.75,
155.5,172.75,
156.25,172.75,
157.0,172.75,
157.75,172.75,
158.5,172.75,
159.25,172.75,
160.0,172.75,
160.75,172.75,
161.5,172.75,
162.25,172.75,
163.0,172.75,
163.75,172.75,
164.5,172.75,
165.25,172.75,
166.0,172.75,
166.75,172.75,
167.5,172.75,
168.25,172.75,
169.0,172.75,
169.75,172.75,
170.5,172.75,
171.25,172.75,
172.0,172.75,
172.75,172.75,
173.5,172.75,
174.25,172.75,
175.0,172.75,
175.75,172.75,
176.5,172.75,
177.25,172.75,
178.0,172.75,
178.75,172.75,
179.5,172.75,
180.25,172.75,
181.0,172.75,
181.75,172.75,
182.5,172.75,
183.25,172.75,
67.0,173.5,
67.75,173.5,
68.5,173.5,
69.25,173.5,
70.0,173.5,
70.75,173.5,
71.5,173.5,
72.25,173.5,
73.0,173.5,
73.75,173.5,
74.5,173.5,
75.25,173.5,
76.0,173.5,
76.75,173.5,
77.5,173.5,
78.25,173.5,
79.0,173.5,
79.75,173.5,
80.5,173.5,
81.25,173.5,
82.0,173.5,
82.75,173.5,
83.5,173.5,
84.25,173.5,
85.0,173.5,
85.75,173.5,-94.96906693711968
86.5,173.5,-95.03723404255321
87.25,173.5,-95.50557887424024
88.0,173.5,-95.5804488814399
88.75,173.5,-95.7417252162612
89.5,173.5,-96.05813953488372
90.25,173.5,-96.53665295055062
91.0,173.5,-96.82895354293758
91.75,173.5,-96.53665295055062
92.5,173.5,-96.05813953488372
93.25,173.5,-95.7417252162612
94.0,173.5,-95.5804488814399
94.75,173.5,-95.50557887424024
95.5,173.5,-95.03723404255321
96.25,173.5,-94.96906693711968
97.0,173.5,
97.75,173.5,
98.5,173.5,
99.25,173.5,
100.0,173.5,
100.75,173.5,
101.5,173.5,
102.25,173.5,
103.0,173.5,
103.75,173.5,
104.5,173.5,
105.25,173.5,
106.0,173.5,
106.75,173.5,
107.5,173.5,
108.25,173.5,
109.0,173.5,
109.75,173.5,
110.5,173.5,
111.25,173.5,
112.0,173.5,
112.75,173.5,
113.5,173.5,
114.25,173.5,
115.0,173.5,
115.75,173.5,
116.5,173.5,
117.25,173.5,
118.0,173.5,
118.75,173.5,
119.5,173.5,
120.25,173.5,
121.0,173.5,
121.75,173.5,
122.5,173.5,
123.25,173.5,
124.0,173.5,
124.75,173.5,
125.5,173.5,
126.25,173.5,
127.0,173.5,
127.75,173.5,
128.5,173.5,
129.25,173.5,
130.0,173.5,
130.75,173.5,
131.5,173.5,
132.25,173.5,
133.0,173.5,
133.75,173.5,
134.5,173.5,
135.25,173.5,
136.0,173.5,
136.75,173.5,
137.5,173.5,
138.25,173.5,
139.0,173.5,
139.75,173.5,
140.5,173.5,
141.25,173.5,
142.0,173.5,
142.75,173.5,
143.5,173.5,
144.25,173.5,
145.0,173.5,
145.75,173.5,
146.5,173.5,
147.25,173.5,
148.0,173.5,
148.75,173.5,
149.5,173.5,
150.25,173.5,
151.0,173.5,
151.75,173.5,
152.5,173.5,
153.25,173.5,
154.0,173.5,
154.75,173.5,
155.5,173.5,
156.25,173.5,
157.0,173.5,
157.75,173.5,
158.5,173.5,
159.25,173.5,
160.0,173.5,
160.75,173.5,
161.5,173.5,
162.25,173.5,
163.0,173.5,
163.75,173.5,
164.5,173.5,
165.25,173.5,
166.0,173.5,
166.75,173.5,
167.5,173.5,
168.25,173.5,
169.0,173.5,
169.75,173.5,
170.5,173.5,
171.25,173.5,
172.0,173.5,
172.75,173.5,
173.5,173.5,
174.25,173.5,
175.0,173.5,
175.75,173.5,
176.5,173.5,
177.25,173.5,
178.0,173.5,
178.75,173.5,
179.5,173.5,
180.25,173.5,
181.0,173.5,
181.75,173.5,
182.5,173.5,
183.25,173.5,
67.0,174.25,
67.75,174.25,
68.5,174.25,
69.25,174.25,
70.0,174.25,
70.75,174.25,
71.5,174.25,
72.25,174.25,
73.0,174.25,
73.75,174.25,
74.5,174.25,
75.25,174.25,
76.0,174.25,
76.75,174.25,
77.5,174.25,
78.25,174.25,
79.0,174.25,
79.75,174.25,
80.5,174.25,
81.25,174.25,
82.0,174.25,
82.75,174.25,
83.5,174.25,
84.25,174.25,
85.0,174.25,
85.75,174.25,
86.5,174.25,-95.13479809976248
87.25,174.25,-95.2531055900621
88.0,174.25,-95.42219917012449
88.75,174.25,-95.82733643539362
89.5,174.25,-96.06062617030281
90.25,174.25,-96.32135394077989
91.0,174.25,-96.44739304291649
91.75,174.25,-96.32135394077989
92.5,174.25,-96.06062617030281
93.25,174.25,-95.82733643539362
94.0,174.25,-95.42219917012449
94.75,174.25,-95.2531055900621
95.5,174.25,-95.13479809976248
96.25,174.25,
97.0,174.25,
97.75,174.25,
98.5,174.25,
99.25,174.25,
100.0,174.25,
100.75,174.25,
101.5,174.25,
102.25,174.25,
103.0,174.25,
103.75,174.25,
104.5,174.25,
105.25,174.25,
106.0,174.25,
106.75,174.25,
107.5,174.25,
108.25,174.25,
109.0,174.25,
109.75,174.25,
110.5,174.25,
111.25,174.25,
112.0,174.25,
112.75,174.25,
113.5,174.25,
114.25,174.25,
115.0,174.25,
115.75,174.25,
116.5,174.25,
117.25,174.25,
118.0,174.25,
118.75,174.25,
119.5,174.25,
120.25,174.25,
121.0,174.25,
121.75,174.25,
122.5,174.25,
123.25,174.25,
124.0,174.25,
124.75,174.25,
125.5,174.25,
126.25,174.25,
127.0,174.25,
127.75,174.25,
128.5,174.25,
129.25,174.25,
130.0,174.25,
130.75,174.25,
131.5,174.25,
132.25,174.25,
133.0,174.25,
133.75,174.25,
134.5,174.25,
135.25,174.25,
136.0,174.25,
136.75,174.25,
137.5,174.25,
138.25,174.25,
139.0,174.25,
139.75,174.25,
140.5,174.25,
141.25,174.25,
142.0,174.25,
142.75,174.25,
143.5,174.25,
144.25,174.25,
145.0,174.25,
145.75,174.25,
146.5,174.25,
147.25,174.25,
148.0,174.25,
148.75,174.25,
149.5,174.25,
150.25,174.25,
151.0,174.25,
151.75,174.25,
152.5,174.25,
153.25,174.25,
154.0,174.25,
154.75,174.25,
155.5,174.25,
156.25,174.25,
157.0,174.25,
157.75,174.25,
158.5,174.25,
159.25,174.25,
160.0,174.25,
160.75,174.25,
161.5,174.25,
162.25,174.25,
163.0,174.25,
163.75,174.25,
164.5,174.25,
165.25,174.25,
166.0,174.25,
166.75,174.25,
167.5,174.25,
168.25,174.25,
169.0,174.25,
169.75,174.25,
170.5,174.25,
171.25,174.25,
172.0,174.25,
172.75,174.25,
173.5,174.25,
174.25,174.25,
175.0,174.25,
175.75,174.25,
176.5,174.25,
177.25,174.25,
178.0,174.25,
178.75,174.25,
179.5,174.25,
180.25,174.25,
181.0,174.25,
181.75,174.25,
182.5,174.25,
183.25,174.25,
67.0,175.0,
67.75,175.0,
68.5,175.0,
69.25,175.0,
70.0,175.0,
70.75,175.0,
71.5,175.0,
72.25,175.0,
73.0,175.0,
73.75,175.0,
74.5,175.0,
75.25,175.0,
76.0,175.0,
76.75,175.0,
77.5,175.0,
78.25,175.0,
79.0,175.0,
79.75,175.0,
80.5,175.0,
81.25,175.0,
82.0,175.0,
82.75,175.0,
83.5,175.0,
84.25,175.0,
85.0,175.0,
85.75,175.0,
86.5,175.0,
87.25,175.0,-95.31103896103896
88.0,175.0,-95.46052631578948
88.75,175.0,-95.64626556016597
89.5,175.0,-95.85204081632652
90.25,175.0,-96.02810650887574
91.0,175.0,-96.1
91.75,175.0,-96.02810650887574
92.5,175.0,-95.85204081632652
93.25,175.0,-95.64626556016597
94.0,175.0,-95.46052631578948
94.75,175.0,-95.31103896103896
95.5,175.0,
96.25,175.0,
97.0,175.0,
97.75,175.0,
98.5,175.0,
99.25,175.0,
100.0,175.0,
100.75,175.0,
101.5,175.0,
102.25,175.0,
103.0,175.0,
103.75,175.0,
104.5,175.0,
105.25,175.0,
106.0,175.0,
106.75,175.0,
107.5,175.0,
108.25,175.0,
109.0,175.0,
109.75,175.0,
110.5,175.0,
111.25,175.0,
112.0,175.0,
112.75,175.0,
113.5,175.0,
114.25,175.0,
115.0,175.0,
115.75,175.0,
116.5,175.0,
117.25,175.0,
118.0,175.0,
118.75,175.0,
119.5,175.0,
120.25,175.0,
121.0,175.0,
121.75,175.0,
122.5,175.0,
123.25,175.0,
124.0,175.0,
124.75,175.0,
125.5,175.0,
126.25,175.0,
127.0,175.0,
127.75,175.0,
128.5,175.0,
129.25,175.0,
130.0,175.0,
130.75,175.0,
131.5,175.0,
132.25,175.0,
133.0,175.0,
133.75,175.0,
134.5,175.0,
135.25,175.0,
136.0,175.0,
136.75,175.0,
137.5,175.0,
138.25,175.0,
139.0,175.0,
139.75,175.0,
140.5,175.0,
141.25,175.0,
142.0,175.0,
142.75,175.0,
143.5,175.0,
144.25,175.0,
145.0,175.0,
145.75,175.0,
146.5,175.0,
147.25,175.0,
148.0,175.0,
148.75,175.0,
149.5,175.0,
150.25,175.0,
151.0,175.0,
151.75,175.0,
152.5,175.0,
153.25,175.0,
154.0,175.0,
154.75,175.0,
155.5,175.0,
156.25,175.0,
157.0,175.0,
157.75,175.0,
158.5,175.0,
159.25,175.0,
160.0,175.0,
160.75,175.0,
161.5,175.0,
162.25,175.0,
163.0,175.0,
163.75,175.0,
164.5,175.0,
165.25,175.0,
166.0,175.0,
166.75,175.0,
167.5,175.0,
168.25,175.0,
169.0,175.0,
169.75,175.0,
170.5,175.0,
171.25,175.0,
172.0,175.0,
172.75,175.0,
173.5,175.0,
174.25,175.0,
175.0,175.0,
175.75,175.0,
176.5,175.0,
177.25,175.0,
178.0,175.0,
178.75,175.0,
179.5,175.0,
180.25,175.0,
181.0,175.0,
181.75,175.0,
182.5,175.0,
183.25,175.0,
67.0,175.75,
67.75,175.75,
68.5,175.75,
69.25,175.75,
70.0,175.75,
70.75,175.75,
71.5,175.75,
72.25,175.75,
73.0,175.75,
73.75,175.75,
74.5,175.75,
75.25,175.75,
76.0,175.75,
76.75,175.75,
77.5,175.75,
78.25,175.75,
79.0,175.75,
79.75,175.75,
80.5,175.75,
81.25,175.75,
82.0,175.75,
82.75,175.75,
83.5,175.75,
84.25,175.75,
85.0,175.75,
85.75,175.75,
86.5,175.75,
87.25,175.75,
88.0,175.75,-95.45129870129871
88.75,175.75,-95.58850931677017
89.5,175.75,-95.72472924187726
90.25,175.75,-95.83
91.0,175.75,-95.87033195020746
91.75,175.75,-95.83
92.5,175.75,-95.72472924187726
93.25,175.75,-95.58850931677017
94.0,175.75,-95.45129870129871
94.75,175.75,
95.5,175.75,
96.25,175.75,
97.0,175.75,
97.75,175.75,
98.5,175.75,
99.25,175.75,
100.0,175.75,
100.75,175.75,
101.5,175.75,
102.25,175.75,
103.0,175.75,
103.75,175.75,
104.5,175.75,
105.25,175.75,
106.0,175.75,
106.75,175.75,
107.5,175.75,
108.25,175.75,
109.0,175.75,
109.75,175.75,
110.5,175.75,
111.25,175.75,
112.0,175.75,
112.75,175.75,
113.5,175.75,
114.25,175.75,
115.0,175.75,
115.75,175.75,
116.5,175.75,
117.25,175.75,
118.0,175.75,
118.75,175.75,
119.5,175.75,
120.25,175.75,
121.0,175.75,
121.75,175.75,
122.5,175.75,
123.25,175.75,
124.0,175.75,
124.75,175.75,
125.5,175.75,
126.25,175.75,
127.0,175.75,
127.75,175.75,
128.5,175.75,
129.25,175.75,
130.0,175.75,
130.75,175.75,
131.5,175.75,
132.25,175.75,
133.0,175.75,
133.75,175.75,
134.5,175.75,
135.25,175.75,
136.0,175.75,
136.75,175.75,
137.5,175.75,
138.25,175.75,
139.0,175.75,
139.75,175.75,
140.5,175.75,
141.25,175.75,
142.0,175.75,
142.75,175.75,
143.5,175.75,
144.25,175.75,
145.0,175.75,
145.75,175.75,
146.5,175.75,
147.25,175.75,
148.0,175.75,
148.75,175.75,
149.5,175.75,
150.25,175.75,
151.0,175.75,
151.75,175.75,
152.5,175.75,
153.25,175.75,
154.0,175.75,
154.75,175.75,
155.5,175.75,
156.25,175.75,
157.0,175.75,
157.75,175.75,
158.5,175.75,
159.25,175.75,
160.0,175.75,
160.75,175.75,
161.5,175.75,
162.25,175.75,
163.0,175.75,
163.75,175.75,
164.5,175.75,
165.25,175.75,
166.0,175.75,
166.75,175.75,
167.5,175.75,
168.25,175.75,
169.0,175.75,
169.75,175.75,
170.5,175.75,
171.25,175.75,
172.0,175.75,
172.75,175.75,
173.5,175.75,
174.25,175.75,
175.0,175.75,
175.75,175.75,
176.5,175.75,
177.25,175.75,
178.0,175.75,
178.75,175.75,
179.5,175.75,
180.25,175.75,
181.0,175.75,
181.75,175.75,
182.5,175.75,
183.25,175.75,
67.0,176.5,
67.75,176.5,
68.5,176.5,
69.25,176.5,
70.0,176.5,
70.75,176.5,
71.5,176.5,
72.25,176.5,
73.0,176.5,
73.75,176.5,
74.5,176.5,
75.25,176.5,
76.0,176.5,
76.75,176.5,
77.5,176.5,
78.25,176.5,
79.0,176.5,
79.75,176.5,
80.5,176.5,
81.25,176.5,
82.0,176.5,
82.75,176.5,
83.5,176.5,
84.25,176.5,
85.0,176.5,
85.75,176.5,
86.5,176.5,
87.25,176.5,
88.0,176.5,
88.75,176.5,-95.51959619952494
89.5,176.5,-95.61170212765958
90.25,176.5,-95.67836676217765
91.0,176.5,-95.70294117647059
91.75,176.5,-95.67836676217765
92.5,176.5,-95.61170212765958
93.25,176.5,-95.51959619952494
94.0,176.5,
94.75,176.5,
95.5,176.5,
96.25,176.5,
97.0,176.5,
97.75,176.5,
98.5,176.5,
99.25,176.5,
100.0,176.5,
100.75,176.5,
101.5,176.5,
102.25,176.5,
103.0,176.5,
103.75,176.5,
104.5,176.5,
105.25,176.5,
106.0,176.5,
106.75,176.5,
107.5,176.5,
108.25,176.5,
109.0,176.5,
109.75,176.5,
110.5,176.5,
111.25,176.5,
112.0,176.5,
112.75,176.5,
113.5,176.5,
114.25,176.5,
115.0,176.5,
115.75,176.5,
116.5,176.5,
117.25,176.5,
118.0,176.5,
118.75,176.5,
119.5,176.5,
120.25,176.5,
121.0,176.5,
121.75,176.5,
122.5,176.5,
123.25,176.5,
124.0,176.5,
124.75,176.5,
125.5,176.5,
126.25,176.5,
127.0,176.5,
127.75,176.5,
128.5,176.5,
129.25,176.5,
130.0,176.5,
130.75,176.5,
131.5,176.5,
132.25,176.5,
133.0,176.5,
133.75,176.5,
134.5,176.5,
135.25,176.5,
136.0,176.5,
136.75,176.5,
137.5,176.5,
138.25,176.5,
139.0,176.5,
139.75,176.5,
140.5,176.5,
141.25,176.5,
142.0,176.5,
142.75,176.5,
143.5,176.5,
144.25,176.5,
145.0,176.5,
145.75,176.5,
146.5,176.5,
147.25,176.5,
148.0,176.5,
148.75,176.5,
149.5,176.5,
150.25,176.5,
151.0,176.5,
151.75,176.5,
152.5,176.5,
153.25,176.5,
154.0,176.5,
154.75,176.5,
155.5,176.5,
156.25,176.5,
157.0,176.5,
157.75,176.5,
158.5,176.5,
159.25,176.5,
160.0,176.5,
160.75,176.5,
161.5,176.5,
162.25,176.5,
163.0,176.5,
163.75,176.5,
164.5,176.5,
165.25,176.5,
166.0,176.5,
166.75,176.5,
167.5,176.5,
168.25,176.5,
169.0,176.5,
169.75,176.5,
170.5,176.5,
171.25,176.5,
172.0,176.5,
172.75,176.5,
173.5,176.5,
174.25,176.5,
175.0,176.5,
175.75,176.5,
176.5,176.5,
177.25,176.5,
178.0,176.5,
178.75,176.5,
179.5,176.5,
180.25,176.5,
181.0,176.5,
181.75,176.5,
182.5,176.5,
183.25,176.5,
67.0,177.25,
67.75,177.25,
68.5,177.25,
69.25,177.25,
70.0,177.25,
70.75,177.25,
71.5,177.25,-98.0
72.25,177.25,-98.00000000000001
73.0,177.25,-97.99999999999999
73.75,177.25,-98.0
74.5,177.25,-98.00000000000001
75.25,177.25,
76.0,177.25,
76.75,177.25,
77.5,177.25,
78.25,177.25,
79.0,177.25,
79.75,177.25,
80.5,177.25,
81.25,177.25,
82.0,177.25,
82.75,177.25,
83.5,177.25,
84.25,177.25,
85.0,177.25,
85.75,177.25,
86.5,177.25,
87.25,177.25,
88.0,177.25,
88.75,177.25,
89.5,177.25,
90.25,177.25,
91.0,177.25,
91.75,177.25,
92.5,177.25,
93.25,177.25,
94.0,177.25,
94.75,177.25,
95.5,177.25,
96.25,177.25,
97.0,177.25,
97.75,177.25,
98.5,177.25,
99.25,177.25,
100.0,177.25,
100.75,177.25,
101.5,177.25,
102.25,177.25,
103.0,177.25,
103.75,177.25,
104.5,177.25,
105.25,177.25,
106.0,177.25,
106.75,177.25,
107.5,177.25,
108.25,177.25,
109.0,177.25,
109.75,177.25,
110.5,177.25,
111.25,177.25,
112.0,177.25,
112.75,177.25,
113.5,177.25,
114.25,177.25,
115.0,177.25,
115.75,177.25,
116.5,177.25,
117.25,177.25,
118.0,177.25,
118.75,177.25,
119.5,177.25,
120.25,177.25,
121.0,177.25,
121.75,177.25,
122.5,177.25,
123.25,177.25,
124.0,177.25,
124.75,177.25,
125.5,177.25,
126.25,177.25,
127.0,177.25,
127.75,177.25,
128.5,177.25,
129.25,177.25,
130.0,177.25,
130.75,177.25,
131.5,177.25,
132.25,177.25,
133.0,177.25,
133.75,177.25,
134.5,177.25,
135.25,177.25,
136.0,177.25,
136.75,177.25,
137.5,177.25,
138.25,177.25,
139.0,177.25,
139.75,177.25,
140.5,177.25,
141.25,177.25,
142.0,177.25,
142.75,177.25,
143.5,177.25,
144.25,177.25,
145.0,177.25,
145.75,177.25,
146.5,177.25,
147.25,177.25,
148.0,177.25,
148.75,177.25,
149.5,177.25,
150.25,177.25,
151.0,177.25,
151.75,177.25,
152.5,177.25,
153.25,177.25,
154.0,177.25,
154.75,177.25,
155.5,177.25,
156.25,177.25,
157.0,177.25,
157.75,177.25,
158.5,177.25,
159.25,177.25,
160.0,177.25,
160.75,177.25,
161.5,177.25,
162.25,177.25,
163.0,177.25,
163.75,177.25,
164.5,177.25,
165.25,177.25,
166.0,177.25,
166.75,177.25,
167.5,177.25,
168.25,177.25,
169.0,177.25,
169.75,177.25,
170.5,177.25,
171.25,177.25,
172.0,177.25,
172.75,177.25,
173.5,177.25,
174.25,177.25,
175.0,177.25,
175.75,177.25,
176.5,177.25,
177.25,177.25,
178.0,177.25,
178.75,177.25,
179.5,177.25,
180.25,177.25,
181.0,177.25,
181.75,177.25,
182.5,177.25,
183.25,177.25,
67.0,178.0,
67.75,178.0,
68.5,178.0,
69.25,178.0,
70.0,178.0,
70.75,178.0,
71.5,178.0,-98.0
72.25,178.0,-97.99999999999999
73.0,178.0,-98.0
73.75,178.0,-98.0
74.5,178.0,-98.0
75.25,178.0,-98.00000000000001
76.0,178.0,-98.0
76.75,178.0,
77.5,178.0,
78.25,178.0,
79.0,178.0,
79.75,178.0,
80.5,178.0,
81.25,178.0,
82.0,178.0,
82.75,178.0,
83.5,178.0,
84.25,178.0,
85.0,178.0,
85.75,178.0,
86.5,178.0,
87.25,178.0,
88.0,178.0,
88.75,178.0,
89.5,178.0,
90.25,178.0,
91.0,178.0,
91.75,178.0,
92.5,178.0,
93.25,178.0,
94.0,178.0,
94.75,178.0,
95.5,178.0,
96.25,178.0,
97.0,178.0,
97.75,178.0,
98.5,178.0,
99.25,178.0,
100.0,178.0,
100.75,178.0,
101.5,178.0,
102.25,178.0,
103.0,178.0,
103.75,178.0,
104.5,178.0,
105.25,178.0,
106.0,178.0,
106.75,178.0,
107.5,178.0,
108.25,178.0,
109.0,178.0,
109.75,178.0,
110.5,178.0,
111.25,178.0,
112.0,178.0,
112.75,178.0,
113.5,178.0,
114.25,178.0,
115.0,178.0,
115.75,178.0,
116.5,178.0,
117.25,178.0,
118.0,178.0,
118.75,178.0,
119.5,178.0,
120.25,178.0,
121.0,178.0,
121.75,178.0,
122.5,178.0,
123.25,178.0,
124.0,178.0,
124.75,178.0,
125.5,178.0,
126.25,178.0,
127.0,178.0,
127.75,178.0,
128.5,178.0,
129.25,178.0,
130.0,178.0,
130.75,178.0,
131.5,178.0,
132.25,178.0,
133.0,178.0,
133.75,178.0,
134.5,178.0,
135.25,178.0,
136.0,178.0,
136.75,178.0,
137.5,178.0,
138.25,178.0,
139.0,178.0,
139.75,178.0,
140.5,178.0,
141.25,178.0,
142.0,178.0,
142.75,178.0,
143.5,178.0,
144.25,178.0,
145.0,178.0,
145.75,178.0,
146.5,178.0,
147.25,178.0,
148.0,178.0,
148.75,178.0,
149.5,178.0,
150.25,178.0,
151.0,178.0,
151.75,178.0,
152.5,178.0,
153.25,178.0,
154.0,178.0,
154.75,178.0,
155.5,178.0,
156.25,178.0,
157.0,178.0,
157.75,178.0,
158.5,178.0,
159.25,178.0,
160.0,178.0,
160.75,178.0,
161.5,178.0,
162.25,178.0,
163.0,178.0,
163.75,178.0,
164.5,178.0,
165.25,178.0,
166.0,178.0,
166.75,178.0,
167.5,178.0,
168.25,178.0,
169.0,178.0,
169.75,178.0,
170.5,178.0,
171.25,178.0,
172.0,178.0,
172.75,178.0,
173.5,178.0,
174.25,178.0,
175.0,178.0,
175.75,178.0,
176.5,178.0,
177.25,178.0,
178.0,178.0,
178.75,178.0,
179.5,178.0,
180.25,178.0,
181.0,178.0,
181.75,178.0,
182.5,178.0,
183.25,178.0,
67.0,178.75,
67.75,178.75,
68.5,178.75,
69.25,178.75,
70.0,178.75,
70.75,178.75,
71.5,178.75,-97.99999999999999
72.25,178.75,-97.99999999999999
73.0,178.75,-98.0
73.75,178.75,-98.0
74.5,178.75,-98.0
75.25,178.75,-98.00000000000001
76.0,178.75,-98.0
76.75,178.75,-98.0
77.5,178.75,
78.25,178.75,
79.0,178.75,
79.75,178.75,
80.5,178.75,
81.25,178.75,
82.0,178.75,
82.75,178.75,
83.5,178.75,
84.25,178.75,
85.0,178.75,
85.75,178.75,
86.5,178.75,
87.25,178.75,
88.0,178.75,
88.75,178.75,
89.5,178.75,
90.25,178.75,
91.0,178.75,
91.75,178.75,
92.5,178.75,
93.25,178.75,
94.0,178.75,
94.75,178.75,
95.5,178.75,
96.25,178.75,
97.0,178.75,
97.75,178.75,
98.5,178.75,
99.25,178.75,
100.0,178.75,
100.75,178.75,
101.5,178.75,
102.25,178.75,
103.0,178.75,
103.75,178.75,
104.5,178.75,
105.25,178.75,
106.0,178.75,
106.75,178.75,
107.5,178.75,
108.25,178.75,
109.0,178.75,
109.75,178.75,
110.5,178.75,
111.25,178.75,
112.0,178.75,
112.75,178.75,
113.5,178.75,
114.25,178.75,
115.0,178.75,
115.75,178.75,
116.5,178.75,
117.25,178.75,
118.0,178.75,
118.75,178.75,
119.5,178.75,
120.25,178.75,
121.0,178.75,
121.75,178.75,
122.5,178.75,
123.25,178.75,
124.0,178.75,
124.75,178.75,
125.5,178.75,
126.25,178.75,
127.0,178.75,
127.75,178.75,
128.5,178.75,
129.25,178.75,
130.0,178.75,
130.75,178.75,
131.5,178.75,
132.25,178.75,
133.0,178.75,
133.75,178.75,
134.5,178.75,
135.25,178.75,
136.0,178.75,
136.75,178.75,
137.5,178.75,
138.25,178.75,
139.0,178.75,
139.75,178.75,
140.5,178.75,
141.25,178.75,
142.0,178.75,
142.75,178.75,
143.5,178.75,
144.25,178.75,
145.0,178.75,
145.75,178.75,
146.5,178.75,
147.25,178.75,
148.0,178.75,
148.75,178.75,
149.5,178.75,
150.25,178.75,
151.0,178.75,
151.75,178.75,
152.5,178.75,
153.25,178.75,
154.0,178.75,
154.75,178.75,
155.5,178.75,
156.25,178.75,
157.0,178.75,
157.75,178.75,
158.5,178.75,
159.25,178.75,
160.0,178.75,
160.75,178.75,
161.5,178.75,
162.25,178.75,
163.0,178.75,
163.75,178.75,
164.5,178.75,
165.25,178.75,
166.0,178.75,
166.75,178.75,
167.5,178.75,
168.25,178.75,
169.0,178.75,
169.75,178.75,
170.5,178.75,
171.25,178.75,
172.0,178.75,
172.75,178.75,
173.5,178.75,
174.25,178.75,
175.0,178.75,
175.75,178.75,
176.5,178.75,
177.25,178.75,
178.0,178.75,
178.75,178.75,
179.5,178.75,
180.25,178.75,
181.0,178.75,
181.75,178.75,
182.5,178.75,
183.25,178.75,
67.0,179.5,
67.75,179.5,
68.5,179.5,
69.25,179.5,
70.0,179.5,
70.75,179.5,
71.5,179.5,-98.0
72.25,179.5,-98.0
73.0,179.5,-97.99999999999999
73.75,179.5,-97.99999999999999
74.5,179.5,-98.0
75.25,179.5,-98.00000000000001
76.0,179.5,-97.99999999999999
76.75,179.5,-97.99999999999999
77.5,179.5,-98.0
78.25,179.5,
79.0,179.5,
79.75,179.5,
80.5,179.5,
81.25,179.5,
82.0,179.5,
82.75,179.5,
83.5,179.5,
84.25,179.5,
85.0,179.5,
85.75,179.5,
86.5,179.5,
87.25,179.5,
88.0,179.5,
88.75,179.5,
89.5,179.5,
90.25,179.5,
91.0,179.5,
91.75,179.5,
92.5,179.5,
93.25,179.5,
94.0,179.5,
94.75,179.5,
95.5,179.5,
96.25,179.5,
97.0,179.5,
97.75,179.5,
98.5,179.5,
99.25,179.5,
100.0,179.5,
100.75,179.5,
101.5,179.5,
102.25,179.5,
103.0,179.5,
103.75,179.5,
104.5,179.5,
105.25,179.5,
106.0,179.5,
106.75,179.5,
107.5,179.5,
108.25,179.5,
109.0,179.5,
109.75,179.5,
110.5,179.5,
111.25,179.5,
112.0,179.5,
112.75,179.5,
113.5,179.5,
114.25,179.5,
115.0,179.5,
115.75,179.5,
116.5,179.5,
117.25,179.5,
118.0,179.5,
118.75,179.5,
119.5,179.5,
120.25,179.5,
121.0,179.5,
121.75,179.5,
122.5,179.5,
123.25,179.5,
124.0,179.5,
124.75,179.5,
125.5,179.5,
126.25,179.5,
127.0,179.5,
127.75,179.5,
128.5,179.5,
129.25,179.5,
130.0,179.5,
130.75,179.5,
131.5,179.5,
132.25,179.5,
133.0,179.5,
133.75,179.5,
134.5,179.5,
135.25,179.5,
136.0,179.5,
136.75,179.5,
137.5,179.5,
138.25,179.5,
139.0,179.5,
139.75,179.5,
140.5,179.5,
141.25,179.5,
142.0,179.5,
142.75,179.5,
143.5,179.5,
144.25,179.5,
145.0,179.5,
145.75,179.5,
146.5,179.5,
147.25,179.5,
148.0,179.5,
148.75,179.5,
149.5,179.5,
150.25,179.5,
151.0,179.5,
151.75,179.5,
152.5,179.5,
153.25,179.5,
154.0,179.5,
154.75,179.5,
155.5,179.5,
156.25,179.5,
157.0,179.5,
157.75,179.5,
158.5,179.5,
159.25,179.5,
160.0,179.5,
160.75,179.5,
161.5,179.5,
162.25,179.5,
163.0,179.5,
163.75,179.5,
164.5,179.5,
165.25,179.5,
166.0,179.5,
166.75,179.5,
167.5,179.5,
168.25,179.5,
169.0,179.5,
169.75,179.5,
170.5,179.5,
171.25,179.5,
172.0,179.5,
172.75,179.5,
173.5,179.5,
174.25,179.5,
175.0,179.5,
175.75,179.5,
176.5,179.5,
177.25,179.5,
178.0,179.5,
178.75,179.5,
179.5,179.5,
180.25,179.5,
181.0,179.5,
181.75,179.5,
182.5,179.5,
183.25,179.5,
67.0,180.25,
67.75,180.25,
68.5,180.25,
69.25,180.25,
70.0,180.25,
70.75,180.25,
71.5,180.25,-98.0
72.25,180.25,-97.99999999999999
73.0,180.25,-98.0
73.75,180.25,-98.0
74.5,180.25,-98.0
75.25,180.25,-97.99999999999999
76.0,180.25,-98.0
76.75,180.25,-98.00000000000001
77.5,180.25,-98.0
78.25,180.25,-98.0
79.0,180.25,
79.75,180.25,
80.5,180.25,
81.25,180.25,
82.0,180.25,
82.75,180.25,
83.5,180.25,
84.25,180.25,
85.0,180.25,
85.75,180.25,
86.5,180.25,
87.25,180.25,
88.0,180.25,
88.75,180.25,
89.5,180.25,
90.25,180.25,
91.0,180.25,
91.75,180.25,
92.5,180.25,
93.25,180.25,
94.0,180.25,
94.75,180.25,
95.5,180.25,
96.25,180.25,
97.0,180.25,
97.75,180.25,
98.5,180.25,
99.25,180.25,
100.0,180.25,
100.75,180.25,
101.5,180.25,
102.25,180.25,
103.0,180.25,
103.75,180.25,
104.5,180.25,
105.25,180.25,
106.0,180.25,
106.75,180.25,
107.5,180.25,
108.25,180.25,
109.0,180.25,
109.75,180.25,
110.5,180.25,
111.25,180.25,
112.0,180.25,
112.75,180.25,
113.5,180.25,
114.25,180.25,
115.0,180.25,
115.75,180.25,
116.5,180.25,
117.25,180.25,
118.0,180.25,
118.75,180.25,
119.5,180.25,
120.25,180.25,
121.0,180.25,
121.75,180.25,
122.5,180.25,
123.25,180.25,
124.0,180.25,
124.75,180.25,
125.5,180.25,
126.25,180.25,
127.0,180.25,
127.75,180.25,
128.5,180.25,
129.25,180.25,
130.0,180.25,
130.75,180.25,
131.5,180.25,
132.25,180.25,
133.0,180.25,
133.75,180.25,
134.5,180.25,
135.25,180.25,
136.0,180.25,
136.75,180.25,
137.5,180.25,
138.25,180.25,
139.0,180.25,
139.75,180.25,
140.5,180.25,
141.25,180.25,
142.0,180.25,
142.75,180.25,
143.5,180.25,
144.25,180.25,
145.0,180.25,
145.75,180.25,
146.5,180.25,
147.25,180.25,
148.0,180.25,
148.75,180.25,
149.5,180.25,
150.25,180.25,
151.0,180.25,
151.75,180.25,
152.5,180.25,
153.25,180.25,
154.0,180.25,
154.75,180.25,
155.5,180.25,
156.25,180.25,
157.0,180.25,
157.75,180.25,
158.5,180.25,
159.25,180.25,
160.0,180.25,
160.75,180.25,
161.5,180.25,
162.25,180.25,
163.0,180.25,
163.75,180.25,
164.5,180.25,
165.25,180.25,
166.0,180.25,
166.75,180.25,
167.5,180.25,
168.25,180.25,
169.0,180.25,
169.75,180.25,
170.5,180.25,
171.25,180.25,
172.0,180.25,
172.75,180.25,
173.5,180.25,
174.25,180.25,
175.0,180.25,
175.75,180.25,
176.5,180.25,
177.25,180.25,
178.0,180.25,
178.75,180.25,
179.5,180.25,
180.25,180.25,
181.0,180.25,
181.75,180.25,
182.5,180.25,
183.25,180.25,
67.0,181.0,
67.75,181.0,
68.5,181.0,
69.25,181.0,
70.0,181.0,
70.75,181.0,
71.5,181.0,-98.0
72.25,181.0,-97.99999999999999
73.0,181.0,-98.0
73.75,181.0,-98.0
74.5,181.0,-98.0
75.25,181.0,-97.99999999999999
76.0,181.0,-98.0
76.75,181.0,-98.0
77.5,181.0,-97.99999999999999
78.25,181.0,-98.0
79.0,181.0,
79.75,181.0,
80.5,181.0,
81.25,181.0,
82.0,181.0,
82.75,181.0,
83.5,181.0,
84.25,181.0,
85.0,181.0,
85.75,181.0,
86.5,181.0,
87.25,181.0,
88.0,181.0,
88.75,181.0,
89.5,181.0,
90.25,181.0,
91.0,181.0,
91.75,181.0,
92.5,181.0,
93.25,181.0,
94.0,181.0,
94.75,181.0,
95.5,181.0,
96.25,181.0,
97.0,181.0,
97.75,181.0,
98.5,181.0,
99.25,181.0,
100.0,181.0,
100.75,181.0,
101.5,181.0,
102.25,181.0,
103.0,181.0,
103.75,181.0,
104.5,181.0,
105.25,181.0,
106.0,181.0,
106.75,181.0,
107.5,181.0,
108.25,181.0,
109.0,181.0,
109.75,181.0,
110.5,181.0,
111.25,181.0,
112.0,181.0,
112.75,181.0,
113.5,181.0,
114.25,181.0,
115.0,181.0,
115.75,181.0,
116.5,181.0,
117.25,181.0,
118.0,181.0,
118.75,181.0,
119.5,181.0,
120.25,181.0,
121.0,181.0,
121.75,181.0,
122.5,181.0,
123.25,181.0,
124.0,181.0,
124.75,181.0,
125.5,181.0,
126.25,181.0,
127.0,181.0,
127.75,181.0,
128.5,181.0,
129.25,181.0,
130.0,181.0,
130.75,181.0,
131.5,181.0,
132.25,181.0,
133.0,181.0,
133.75,181.0,
134.5,181.0,
135.25,181.0,
136.0,181.0,
136.75,181.0,
137.5,181.0,
138.25,181.0,
139.0,181.0,
139.75,181.0,
140.5,181.0,
141.25,181.0,
142.0,181.0,
142.75,181.0,
143.5,181.0,
144.25,181.0,
145.0,181.0,
145.75,181.0,
146.5,181.0,
147.25,181.0,
148.0,181.0,
148.75,181.0,
149.5,181.0,
150.25,181.0,
151.0,181.0,
151.75,181.0,
152.5,181.0,
153.25,181.0,
154.0,181.0,
154.75,181.0,
155.5,181.0,
156.25,181.0,
157.0,181.0,
157.75,181.0,
158.5,181.0,
159.25,181.0,
160.0,181.0,
160.75,181.0,
161.5,181.0,
162.25,181.0,
163.0,181.0,
163.75,181.0,
164.5,181.0,
165.25,181.0,
166.0,181.0,
166.75,181.0,
167.5,181.0,
168.25,181.0,
169.0,181.0,
169.75,181.0,
170.5,181.0,
171.25,181.0,
172.0,181.0,
172.75,181.0,
173.5,181.0,
174.25,181.0,
175.0,181.0,
175.75,181.0,
176.5,181.0,
177.25,181.0,
178.0,181.0,
178.75,181.0,
179.5,181.0,
180.25,181.0,
181.0,181.0,
181.75,181.0,
182.5,181.0,
183.25,181.0,
67.0,181.75,
67.75,181.75,
68.5,181.75,
69.25,181.75,
70.0,181.75,
70.75,181.75,
71.5,181.75,
72.25,181.75,-98.0
73.0,181.75,-97.99999999999999
73.75,181.75,-98.0
74.5,181.75,-97.99999999999999
75.25,181.75,-98.0
76.0,181.75,-98.0
76.75,181.75,-98.0
77.5,181.75,-97.99999999999999
78.25,181.75,-98.00000000000001
79.0,181.75,
79.75,181.75,
80.5,181.75,
81.25,181.75,
82.0,181.75,
82.75,181.75,
83.5,181.75,
84.25,181.75,
85.0,181.75,
85.75,181.75,
86.5,181.75,
87.25,181.75,
88.0,181.75,
88.75,181.75,
89.5,181.75,
90.25,181.75,
91.0,181.75,
91.75,181.75,
92.5,181.75,
93.25,181.75,
94.0,181.75,
94.75,181.75,
95.5,181.75,
96.25,181.75,
97.0,181.75,
97.75,181.75,
98.5,181.75,
99.25,181.75,
100.0,181.75,
100.75,181.75,
101.5,181.75,
102.25,181.75,
103.0,181.75,
103.75,181.75,
104.5,181.75,
105.25,181.75,
106.0,181.75,
106.75,181.75,
107.5,181.75,
108.25,181.75,
109.0,181.75,
109.75,181.75,
110.5,181.75,
111.25,181.75,
112.0,181.75,
112.75,181.75,
113.5,181.75,
114.25,181.75,
115.0,181.75,
115.75,181.75,
116.5,181.75,
117.25,181.75,
118.0,181.75,
118.75,181.75,
119.5,181.75,
120.25,181.75,
121.0,181.75,
121.75,181.75,
122.5,181.75,
123.25,181.75,
124.0,181.75,
124.75,181.75,
125.5,181.75,
126.25,181.75,
127.0,181.75,
127.75,181.75,
128.5,181.75,
129.25,181.75,
130.0,181.75,
130.75,181.75,
131.5,181.75,
132.25,181.75,
133.0,181.75,
133.75,181.75,
134.5,181.75,
135.25,181.75,
136.0,181.75,
136.75,181.75,
137.5,181.75,
138.25,181.75,
139.0,181.75,
139.75,181.75,
140.5,181.75,
141.25,181.75,
142.0,181.75,
142.75,181.75,
143.5,181.75,
144.25,181.75,
145.0,181.75,
145.75,181.75,
146.5,181.75,
147.25,181.75,
148.0,181.75,
148.75,181.75,
149.5,181.75,
150.25,181.75,
151.0,181.75,
151.75,181.75,
152.5,181.75,
153.25,181.75,
154.0,181.75,
154.75,181.75,
155.5,181.75,
156.25,181.75,
157.0,181.75,
157.75,181.75,
158.5,181.75,
159.25,181.75,
160.0,181.75,
160.75,181.75,
161.5,181.75,
162.25,181.75,
163.0,181.75,
163.75,181.75,
164.5,181.75,
165.25,181.75,
166.0,181.75,
166.75,181.75,
167.5,181.75,
168.25,181.75,
169.0,181.75,
169.75,181.75,
170.5,181.75,
171.25,181.75,
172.0,181.75,
172.75,181.75,
173.5,181.75,
174.25,181.75,
175.0,181.75,
175.75,181.75,
176.5,181.75,
177.25,181.75,
178.0,181.75,
178.75,181.75,
179.5,181.75,
180.25,181.75,
181.0,181.75,
181.75,181.75,
182.5,181.75,
183.25,181.75,
67.0,182.5,
67.75,182.5,
68.5,182.5,
69.25,182.5,
70.0,182.5,
70.75,182.5,
71.5,182.5,
72.25,182.5,-98.0
73.0,182.5,-98.0
73.75,182.5,-98.0
74.5,182.5,-98.0
75.25,182.5,-97.99999999999999
76.0,182.5,-98.0
76.75,182.5,-98.0
77.5,182.5,-98.00000000000001
78.25,182.5,-98.0
79.0,182.5,
79.75,182.5,
80.5,182.5,
81.25,182.5,
82.0,182.5,
82.75,182.5,
83.5,182.5,
84.25,182.5,
85.0,182.5,
85.75,182.5,
86.5,182.5,
87.25,182.5,
88.0,182.5,
88.75,182.5,
89.5,182.5,
90.25,182.5,
91.0,182.5,
91.75,182.5,
92.5,182.5,
93.25,182.5,
94.0,182.5,
94.75,182.5,
95.5,182.5,
96.25,182.5,
97.0,182.5,
97.75,182.5,
98.5,182.5,
99.25,182.5,
100.0,182.5,
100.75,182.5,
101.5,182.5,
102.25,182.5,
103.0,182.5,
103.75,182.5,
104.5,182.5,
105.25,182.5,
106.0,182.5,
106.75,182.5,
107.5,182.5,
108.25,182.5,
109.0,182.5,
109.75,182.5,
110.5,182.5,
111.25,182.5,
112.0,182.5,
112.75,182.5,
113.5,182.5,
114.25,182.5,
115.0,182.5,
115.75,182.5,
116.5,182.5,
117.25,182.5,
118.0,182.5,
118.75,182.5,
119.5,182.5,
120.25,182.5,
121.0,182.5,
121.75,182.5,
122.5,182.5,
123.25,182.5,
124.0,182.5,
124.75,182.5,
125.5,182.5,
126.25,182.5,
127.0,182.5,
127.75,182.5,
128.5,182.5,
129.25,182.5,
130.0,182.5,
130.75,182.5,
131.5,182.5,
132.25,182.5,
133.0,182.5,
133.75,182.5,
134.5,182.5,
135.25,182.5,
136.0,182.5,
136.75,182.5,
137.5,182.5,
138.25,182.5,
139.0,182.5,
139.75,182.5,
140.5,182.5,
141.25,182.5,
142.0,182.5,
142.75,182.5,
143.5,182.5,
144.25,182.5,
145.0,182.5,
145.75,182.5,
146.5,182.5,
147.25,182.5,
148.0,182.5,
148.75,182.5,
149.5,182.5,
150.25,182.5,
151.0,182.5,
151.75,182.5,
152.5,182.5,
153.25,182.5,
154.0,182.5,
154.75,182.5,
155.5,182.5,
156.25,182.5,
157.0,182.5,
157.75,182.5,
158.5,182.5,
159.25,182.5,
160.0,182.5,
160.75,182.5,
161.5,182.5,
162.25,182.5,
163.0,182.5,
163.75,182.5,
164.5,182.5,
165.25,182.5,
166.0,182.5,
166.75,182.5,
167.5,182.5,
168.25,182.5,
169.0,182.5,
169.75,182.5,
170.5,182.5,
171.25,182.5,
172.0,182.5,
172.75,182.5,
173.5,182.5,
174.25,182.5,
175.0,182.5,
175.75,182.5,
176.5,182.5,
177.25,182.5,
178.0,182.5,
178.75,182.5,
179.5,182.5,
180.25,182.5,
181.0,182.5,
181.75,182.5,
182.5,182.5,
183.25,182.5,
67.0,183.25,
67.75,183.25,
68.5,183.25,
69.25,183.25,
70.0,183.25,
70.75,183.25,
71.5,183.25,
72.25,183.25,
73.0,183.25,-98.0
73.75,183.25,-97.99999999999999
74.5,183.25,-98.0
75.25,183.25,-98.0
76.0,183.25,-98.0
76.75,183.25,-98.0
77.5,183.25,-98.0
78.25,183.25,-98.0
79.0,183.25,
79.75,183.25,
80.5,183.25,
81.25,183.25,
82.0,183.25,
82.75,183.25,
83.5,183.25,
84.25,183.25,
85.0,183.25,
85.75,183.25,
86.5,183.25,
87.25,183.25,
88.0,183.25,
88.75,183.25,
89.5,183.25,
90.25,183.25,
91.0,183.25,
91.75,183.25,
92.5,183.25,
93.25,183.25,
94.0,183.25,
94.75,183.25,
95.5,183.25,
96.25,183.25,
97.0,183.25,
97.75,183.25,
98.5,183.25,
99.25,183.25,
100.0,183.25,
100.75,183.25,
101.5,183.25,
102.25,183.25,
103.0,183.25,
103.75,183.25,
104.5,183.25,
105.25,183.25,
106.0,183.25,
106.75,183.25,
107.5,183.25,
108.25,183.25,
109.0,183.25,
109.75,183.25,
110.5,183.25,
111.25,183.25,
112.0,183.25,
112.75,183.25,
113.5,183.25,
114.25,183.25,
115.0,183.25,
115.75,183.25,
116.5,183.25,
117.25,183.25,
118.0,183.25,
118.75,183.25,
119.5,183.25,
120.25,183.25,
121.0,183.25,
121.75,183.25,
122.5,183.25,
123.25,183.25,
124.0,183.25,
124.75,183.25,
125.5,183.25,
126.25,183.25,
127.0,183.25,
127.75,183.25,
128.5,183.25,
129.25,183.25,
130.0,183.25,
130.75,183.25,
131.5,183.25,
132.25,183.25,
133.0,183.25,
133.75,183.25,
134.5,183.25,
135.25,183.25,
136.0,183.25,
136.75,183.25,
137.5,183.25,
138.25,183.25,
139.0,183.25,
139.75,183.25,
140.5,183.25,
141.25,183.25,
142.0,183.25,
142.75,183.25,
143.5,183.25,
144.25,183.25,
145.0,183.25,
145.75,183.25,
146.5,183.25,
147.25,183.25,
148.0,183.25,
148.75,183.25,
149.5,183.25,
150.25,183.25,
151.0,183.25,
151.75,183.25,
152.5,183.25,
153.25,183.25,
154.0,183.25,
154.75,183.25,
155.5,183.25,
156.25,183.25,
157.0,183.25,
157.75,183.25,
158.5,183.25,
159.25,183.25,
160.0,183.25,
160.75,183.25,
161.5,183.25,
162.25,183.25,
163.0,183.25,
163.75,183.25,
164.5,183.25,
165.25,183.25,
166.0,183.25,
166.75,183.25,
167.5,183.25,
168.25,183.25,
169.0,183.25,
169.75,183.25,
170.5,183.25,
171.25,183.25,
172.0,183.25,
172.75,183.25,
173.5,183.25,
174.25,183.25,
175.0,183.25,
175.75,183.25,
176.5,183.25,
177.25,183.25,
178.0,183.25,
178.75,183.25,
179.5,183.25,
180.25,183.25,
181.0,183.25,
181.75,183.25,
182.5,183.25,
183.25,183.25,
