timestamp_ms,beacon_id,rssi_dbm,x_m,y_m,path_id,nearest_waypoint_gap_ms
1574223699414.0,FDA50693-A4E2-4FB1-AFCF-C6EB07647825_10073_61418,-86.0,39.9881517264387,51.50685135321101,5dd4c93744333f00067ab1ac,115.0
1574223700083.0,FDA50693-A4E2-4FB1-AFCF-C6EB07647825_10073_61418,-86.0,40.02027376980817,52.184643486238535,5dd4c93744333f00067ab1ac,784.0
1574223702296.0,FDA50693-A4E2-4FB1-AFCF-C6EB07647825_10073_61418,-86.0,40.12117293,54.510829168095235,5dd4c93744333f00067ab1ac,599.0
1574223702572.0,FDA50693-A4E2-4FB1-AFCF-C6EB07647825_10073_61418,-96.0,40.13195625,54.82920791666667,5dd4c93744333f00067ab1ac,875.0
1574223702654.0,FDA50693-A4E2-4FB1-AFCF-C6EB07647825_10073_61418,-93.0,40.13515999,54.923798704285716,5dd4c93744333f00067ab1ac,957.0
1574223703219.0,FDA50693-A4E2-4FB1-AFCF-C6EB07647825_10073_61418,-94.0,40.15723454,55.575552301904764,5dd4c93744333f00067ab1ac,578.0
1574223703740.0,FDA50693-A4E2-4FB1-AFCF-C6EB07647825_10073_61418,-92.0,40.17759001,56.17654986714286,5dd4c93744333f00067ab1ac,57.0
1574223703865.0,FDA50693-A4E2-4FB1-AFCF-C6EB07647825_10073_61418,-95.0,40.185275836293805,56.30904137205953,5dd4c93744333f00067ab1ac,68.0
1574223704131.0,FDA50693-A4E2-4FB1-AFCF-C6EB07647825_10073_61418,-93.0,40.20662951944311,56.57011009217475,5dd4c93744333f00067ab1ac,334.0
1574223706011.0,FDA50693-A4E2-4FB1-AFCF-C6EB07647825_10073_61418,-69.0,40.27315,58.40561591064982,5dd4c93744333f00067ab1ac,131.0
1574223710383.0,FDA50693-A4E2-4FB1-AFCF-C6EB07647825_10073_61418,-91.0,36.74652837352488,61.50754832734736,5dd4c93744333f00067ab1ac,2287.0
1574223711814.0,FDA50693-A4E2-4FB1-AFCF-C6EB07647825_10073_61418,-88.0,35.27568210877373,62.264057600820934,5dd4c93744333f00067ab1ac,2129.0
1574223711991.0,FDA50693-A4E2-4FB1-AFCF-C6EB07647825_10073_61418,-95.0,35.09375353514623,62.35763002668035,5dd4c93744333f00067ab1ac,1952.0
1574223712472.0,FDA50693-A4E2-4FB1-AFCF-C6EB07647825_10073_61418,-82.0,34.599360066700875,62.61191441559774,5dd4c93744333f00067ab1ac,1471.0
1574223713152.0,FDA50693-A4E2-4FB1-AFCF-C6EB07647825_10073_61418,-97.0,33.90042543355567,62.971401701385325,5dd4c93744333f00067ab1ac,791.0
1574223713222.0,FDA50693-A4E2-4FB1-AFCF-C6EB07647825_10073_61418,-82.0,33.82847628014366,63.00840774551052,5dd4c93744333f00067ab1ac,721.0
1574223713740.0,FDA50693-A4E2-4FB1-AFCF-C6EB07647825_10073_61418,-71.0,33.29605254489482,63.282252472036944,5dd4c93744333f00067ab1ac,203.0
1574223713820.0,FDA50693-A4E2-4FB1-AFCF-C6EB07647825_10073_61418,-93.0,33.21382494099538,63.3245450938943,5dd4c93744333f00067ab1ac,123.0
1574223714258.0,FDA50693-A4E2-4FB1-AFCF-C6EB07647825_10073_61418,-73.0,33.01363315698346,63.857240161600615,5dd4c93744333f00067ab1ac,315.0
1574223715773.0,FDA50693-A4E2-4FB1-AFCF-C6EB07647825_10073_61418,-85.0,32.65884976914198,66.10651093882262,5dd4c93744333f00067ab1ac,1830.0
1574223716519.0,FDA50693-A4E2-4FB1-AFCF-C6EB07647825_10073_61418,-80.0,32.48415115044248,67.21407265486725,5dd4c93744333f00067ab1ac,2576.0
1574223718115.0,FDA50693-A4E2-4FB1-AFCF-C6EB07647825_10073_61418,-64.0,32.11039914582532,69.58360147364371,5dd4c93744333f00067ab1ac,1026.0
1574223718915.0,FDA50693-A4E2-4FB1-AFCF-C6EB07647825_10073_61418,-78.0,31.923054782608695,70.77133521739131,5dd4c93744333f00067ab1ac,226.0
1574223719658.0,FDA50693-A4E2-4FB1-AFCF-C6EB07647825_10073_61418,-82.0,31.924813505641747,71.7590552912553,5dd4c93744333f00067ab1ac,517.0
1574223722592.0,FDA50693-A4E2-4FB1-AFCF-C6EB07647825_10073_61418,-91.0,32.23514504442877,75.46023835613539,5dd4c93744333f00067ab1ac,2221.0
1574223722683.0,FDA50693-A4E2-4FB1-AFCF-C6EB07647825_10073_61418,-85.0,32.24477018758815,75.57503305923836,5dd4c93744333f00067ab1ac,2130.0
1574223723830.0,FDA50693-A4E2-4FB1-AFCF-C6EB07647825_10073_61418,-91.0,32.36608929971791,77.02195091043723,5dd4c93744333f00067ab1ac,983.0
1574223724127.0,FDA50693-A4E2-4FB1-AFCF-C6EB07647825_10073_61418,-80.0,32.397503228490834,77.39661054583921,5dd4c93744333f00067ab1ac,686.0
1574223725797.0,FDA50693-A4E2-4FB1-AFCF-C6EB07647825_10073_61418,-90.0,33.290807791323054,79.42016493725349,5dd4c93744333f00067ab1ac,984.0
1574223728555.0,FDA50693-A4E2-4FB1-AFCF-C6EB07647825_10073_61418,-87.0,35.59123146253137,82.66636159268555,5dd4c93744333f00067ab1ac,1836.0
1574223729220.0,FDA50693-A4E2-4FB1-AFCF-C6EB07647825_10073_61418,-93.0,36.14590214467551,83.44907398422373,5dd4c93744333f00067ab1ac,1171.0
1574223729590.0,FDA50693-A4E2-4FB1-AFCF-C6EB07647825_10073_61418,-86.0,36.454515907673,83.88456809680889,5dd4c93744333f00067ab1ac,801.0
1574223731420.0,FDA50693-A4E2-4FB1-AFCF-C6EB07647825_10073_61418,-83.0,38.312566653754466,85.66603213051252,5dd4c93744333f00067ab1ac,1029.0
1574223731973.0,FDA50693-A4E2-4FB1-AFCF-C6EB07647825_10073_61418,-84.0,38.95206018196265,86.11675030949543,5dd4c93744333f00067ab1ac,1582.0
1574223733027.0,FDA50693-A4E2-4FB1-AFCF-C6EB07647825_10073_61418,-87.0,40.17091403138657,86.9758044878824,5dd4c93744333f00067ab1ac,2398.0
1574223733247.0,FDA50693-A4E2-4FB1-AFCF-C6EB07647825_10073_61418,-90.0,40.42532375327771,87.15511370917758,5dd4c93744333f00067ab1ac,2178.0
1574223733685.0,FDA50693-A4E2-4FB1-AFCF-C6EB07647825_10073_61418,-96.0,40.931830381406435,87.51210206793802,5dd4c93744333f00067ab1ac,1740.0
1574223733772.0,FDA50693-A4E2-4FB1-AFCF-C6EB07647825_10073_61418,-98.0,41.03243786233612,87.58301071454112,5dd4c93744333f00067ab1ac,1653.0
1574223737465.0,FDA50693-A4E2-4FB1-AFCF-C6EB07647825_10073_61418,-92.0,45.52414865539662,90.73696027958387,5dd4c93744333f00067ab1ac,2040.0
1574223739004.0,FDA50693-A4E2-4FB1-AFCF-C6EB07647825_10073_61418,-90.0,47.47065824395319,92.09994490962288,5dd4c93744333f00067ab1ac,3579.0
1574223741331.0,FDA50693-A4E2-4FB1-AFCF-C6EB07647825_10073_61418,-90.0,50.413821215084525,94.16080601040312,5dd4c93744333f00067ab1ac,1784.0
1574223743223.0,FDA50693-A4E2-4FB1-AFCF-C6EB07647825_10073_61418,-71.0,52.72576171792111,95.83575577273172,5dd4c93744333f00067ab1ac,108.0
1574223744417.0,FDA50693-A4E2-4FB1-AFCF-C6EB07647825_10073_61418,-90.0,53.33998315493785,96.88587626015465,5dd4c93744333f00067ab1ac,1302.0
1574223744721.0,FDA50693-A4E2-4FB1-AFCF-C6EB07647825_10073_61418,-80.0,53.496367842419495,97.15324362043653,5dd4c93744333f00067ab1ac,1606.0
1574223746568.0,FDA50693-A4E2-4FB1-AFCF-C6EB07647825_10073_61418,-95.0,54.44650770353333,98.7776762337281,5dd4c93744333f00067ab1ac,3453.0
1574223747168.0,FDA50693-A4E2-4FB1-AFCF-C6EB07647825_10073_61418,-91.0,54.75516169198395,99.30537497112655,5dd4c93744333f00067ab1ac,4053.0
1574223748658.0,FDA50693-A4E2-4FB1-AFCF-C6EB07647825_10073_61418,-91.0,55.52165242996966,100.61582683566604,5dd4c93744333f00067ab1ac,4674.0
1574223749681.0,FDA50693-A4E2-4FB1-AFCF-C6EB07647825_10073_61418,-64.0,56.04790748027797,101.51555318293042,5dd4c93744333f00067ab1ac,3651.0
1574223751775.0,FDA50693-A4E2-4FB1-AFCF-C6EB07647825_10073_61418,-89.0,57.12510989997064,103.35722177645101,5dd4c93744333f00067ab1ac,1557.0
1574223753078.0,FDA50693-A4E2-4FB1-AFCF-C6EB07647825_10073_61418,-76.0,57.795403478222575,104.50320753450133,5dd4c93744333f00067ab1ac,254.0
1574223753083.0,FDA50693-A4E2-4FB1-AFCF-C6EB07647825_10073_61418,-87.0,57.797975594792995,104.50760502397965,5dd4c93744333f00067ab1ac,249.0
1574223768135.0,FDA50693-A4E2-4FB1-AFCF-C6EB07647825_10073_61418,-88.0,57.8085110495693,104.52561725253136,5dd4c93944333f00067ab1ae,148.0
1574223768652.0,FDA50693-A4E2-4FB1-AFCF-C6EB07647825_10073_61418,-94.0,57.397859520024184,103.82353562792807,5dd4c93944333f00067ab1ae,665.0
1574223769800.0,FDA50693-A4E2-4FB1-AFCF-C6EB07647825_10073_61418,-83.0,56.48600660722382,102.26456134350914,5dd4c93944333f00067ab1ae,1813.0
1574223773905.0,FDA50693-A4E2-4FB1-AFCF-C6EB07647825_10073_61418,-82.0,53.22541757669639,96.69000608432825,5dd4c93944333f00067ab1ae,699.0
1574223774434.0,FDA50693-A4E2-4FB1-AFCF-C6EB07647825_10073_61418,-92.0,52.80523448360284,95.97162856128155,5dd4c93944333f00067ab1ae,170.0
1574223775304.0,FDA50693-A4E2-4FB1-AFCF-C6EB07647825_10073_61418,-70.0,52.25772489487402,95.12068920069504,5dd4c93944333f00067ab1ae,700.0
1574223777311.0,FDA50693-A4E2-4FB1-AFCF-C6EB07647825_10073_61418,-93.0,51.0750883748914,93.34282896611641,5dd4c93944333f00067ab1ae,1897.0
1574223778158.0,FDA50693-A4E2-4FB1-AFCF-C6EB07647825_10073_61418,-72.0,50.57598865768897,92.59253119895742,5dd4c93944333f00067ab1ae,1050.0
1574223780269.0,FDA50693-A4E2-4FB1-AFCF-C6EB07647825_10073_61418,-90.0,48.77142608971292,90.76501105092275,5dd4c93944333f00067ab1ae,1061.0
1574223780552.0,FDA50693-A4E2-4FB1-AFCF-C6EB07647825_10073_61418,-92.0,48.45512653588517,90.52564827751196,5dd4c93944333f00067ab1ae,1344.0
1574223780571.0,FDA50693-A4E2-4FB1-AFCF-C6EB07647825_10073_61418,-82.0,48.43389087679426,90.50957798530416,5dd4c93944333f00067ab1ae,1363.0
1574223781001.0,FDA50693-A4E2-4FB1-AFCF-C6EB07647825_10073_61418,-82.0,47.95329438157895,90.14588189849624,5dd4c93944333f00067ab1ae,1793.0
1574223781217.0,FDA50693-A4E2-4FB1-AFCF-C6EB07647825_10073_61418,-88.0,47.71187846770335,89.96318805023922,5dd4c93944333f00067ab1ae,2009.0
1574223783564.0,FDA50693-A4E2-4FB1-AFCF-C6EB07647825_10073_61418,-88.0,45.088715736842104,87.97808406015038,5dd4c93944333f00067ab1ae,1496.0
1574223783895.0,FDA50693-A4E2-4FB1-AFCF-C6EB07647825_10073_61418,-88.0,44.718768202153115,87.69812265379358,5dd4c93944333f00067ab1ae,1165.0
1574223784091.0,FDA50693-A4E2-4FB1-AFCF-C6EB07647825_10073_61418,-90.0,44.499705613636365,87.5323449025974,5dd4c93944333f00067ab1ae,969.0
1574223784376.0,FDA50693-A4E2-4FB1-AFCF-C6EB07647825_10073_61418,-92.0,44.18117072727273,87.29129051948053,5dd4c93944333f00067ab1ae,684.0
1574223785121.0,FDA50693-A4E2-4FB1-AFCF-C6EB07647825_10073_61418,-84.0,43.358349338990365,86.66339035668057,5dd4c93944333f00067ab1ae,61.0
1574223785419.0,FDA50693-A4E2-4FB1-AFCF-C6EB07647825_10073_61418,-82.0,43.07335551963182,86.42220750898893,5dd4c93944333f00067ab1ae,359.0
1574223785466.0,FDA50693-A4E2-4FB1-AFCF-C6EB07647825_10073_61418,-89.0,43.028406830001444,86.38416860348052,5dd4c93944333f00067ab1ae,406.0
1574223785746.0,FDA50693-A4E2-4FB1-AFCF-C6EB07647825_10073_61418,-91.0,42.760627402416226,86.15755384726017,5dd4c93944333f00067ab1ae,686.0
1574223786193.0,FDA50693-A4E2-4FB1-AFCF-C6EB07647825_10073_61418,-81.0,42.3331366733784,85.79577957572272,5dd4c93944333f00067ab1ae,1133.0
1574223786701.0,FDA50693-A4E2-4FB1-AFCF-C6EB07647825_10073_61418,-82.0,41.84730828333094,85.38463566086581,5dd4c93944333f00067ab1ae,1641.0
1574223786995.0,FDA50693-A4E2-4FB1-AFCF-C6EB07647825_10073_61418,-86.0,41.566139884366464,85.14669016683446,5dd4c93944333f00067ab1ae,1935.0
1574223792812.0,FDA50693-A4E2-4FB1-AFCF-C6EB07647825_10073_61418,-80.0,36.47617683214968,80.29514730606392,5dd4c93944333f00067ab1ae,799.0
1574223792910.0,FDA50693-A4E2-4FB1-AFCF-C6EB07647825_10073_61418,-73.0,36.440488008057905,80.19821651256487,5dd4c93944333f00067ab1ae,897.0
1574223793462.0,FDA50693-A4E2-4FB1-AFCF-C6EB07647825_10073_61418,-88.0,36.23946524378585,79.65223898183557,5dd4c93944333f00067ab1ae,1449.0
1574223796711.0,FDA50693-A4E2-4FB1-AFCF-C6EB07647825_10073_61418,-87.0,35.05627147364108,76.43868645042339,5dd4c93944333f00067ab1ae,2624.0
1574223796981.0,FDA50693-A4E2-4FB1-AFCF-C6EB07647825_10073_61418,-86.0,34.95794512155149,76.17163222343622,5dd4c93944333f00067ab1ae,2354.0
1574223797750.0,FDA50693-A4E2-4FB1-AFCF-C6EB07647825_10073_61418,-86.0,34.67789710393335,75.4110222213876,5dd4c93944333f00067ab1ae,1585.0
1574223798192.0,FDA50693-A4E2-4FB1-AFCF-C6EB07647825_10073_61418,-92.0,34.51693322384594,74.97384456091233,5dd4c93944333f00067ab1ae,1143.0
1574223798284.0,FDA50693-A4E2-4FB1-AFCF-C6EB07647825_10073_61418,-82.0,34.4834294298006,74.88284830579077,5dd4c93944333f00067ab1ae,1051.0
1574223798960.0,FDA50693-A4E2-4FB1-AFCF-C6EB07647825_10073_61418,-83.0,34.23724937790221,74.21422364859329,5dd4c93944333f00067ab1ae,375.0
1574223799832.0,FDA50693-A4E2-4FB1-AFCF-C6EB07647825_10073_61418,-87.0,34.1246298529771,73.24224092366413,5dd4c93944333f00067ab1ae,497.0
1574223800608.0,FDA50693-A4E2-4FB1-AFCF-C6EB07647825_10073_61418,-92.0,34.16201658519084,72.30374296946566,5dd4c93944333f00067ab1ae,1273.0
1574223800620.0,FDA50693-A4E2-4FB1-AFCF-C6EB07647825_10073_61418,-77.0,34.16259473053435,72.28923011450382,5dd4c93944333f00067ab1ae,1285.0
1574223800984.0,FDA50693-A4E2-4FB1-AFCF-C6EB07647825_10073_61418,-71.0,34.1801318059542,71.84900684732825,5dd4c93944333f00067ab1ae,1649.0
1574223801038.0,FDA50693-A4E2-4FB1-AFCF-C6EB07647825_10073_61418,-76.0,34.18273346,71.783699,5dd4c93944333f00067ab1ae,1703.0
1574223801683.0,FDA50693-A4E2-4FB1-AFCF-C6EB07647825_10073_61418,-85.0,34.21380877221374,71.00363304580154,5dd4c93944333f00067ab1ae,2348.0
1574223801961.0,FDA50693-A4E2-4FB1-AFCF-C6EB07647825_10073_61418,-82.0,34.227202472671756,70.66741857251908,5dd4c93944333f00067ab1ae,2626.0
1574223802696.0,FDA50693-A4E2-4FB1-AFCF-C6EB07647825_10073_61418,-69.0,34.26261387496183,69.77850620610687,5dd4c93944333f00067ab1ae,3189.0
1574223802872.0,FDA50693-A4E2-4FB1-AFCF-C6EB07647825_10073_61418,-89.0,34.27109334,69.565651,5dd4c93944333f00067ab1ae,3013.0
1574223804246.0,FDA50693-A4E2-4FB1-AFCF-C6EB07647825_10073_61418,-78.0,34.337290981832055,67.90392910687024,5dd4c93944333f00067ab1ae,1639.0
1574223806354.0,FDA50693-A4E2-4FB1-AFCF-C6EB07647825_10073_61418,-90.0,34.754480672632944,65.78261592632944,5dd4c93944333f00067ab1ae,469.0
1574223806537.0,FDA50693-A4E2-4FB1-AFCF-C6EB07647825_10073_61418,-84.0,34.88645319948119,65.72834059481194,5dd4c93944333f00067ab1ae,652.0
1574223807099.0,FDA50693-A4E2-4FB1-AFCF-C6EB07647825_10073_61418,-77.0,35.2917458775616,65.56165897561608,5dd4c93944333f00067ab1ae,1214.0
1574223807669.0,FDA50693-A4E2-4FB1-AFCF-C6EB07647825_10073_61418,-68.0,35.7028078464332,65.39260466433204,5dd4c93944333f00067ab1ae,1784.0
1574223808455.0,FDA50693-A4E2-4FB1-AFCF-C6EB07647825_10073_61418,-92.0,36.26964066666667,65.15948766666668,5dd4c93944333f00067ab1ae,2570.0
1574223808977.0,FDA50693-A4E2-4FB1-AFCF-C6EB07647825_10073_61418,-84.0,36.64608689079118,65.0046695079118,5dd4c93944333f00067ab1ae,3092.0
1574223809120.0,FDA50693-A4E2-4FB1-AFCF-C6EB07647825_10073_61418,-83.0,36.749212963683526,64.96225763683529,5dd4c93944333f00067ab1ae,3235.0
1574223809243.0,FDA50693-A4E2-4FB1-AFCF-C6EB07647825_10073_61418,-84.0,36.837915809597924,64.92577749597925,5dd4c93944333f00067ab1ae,3358.0
1574223809419.0,FDA50693-A4E2-4FB1-AFCF-C6EB07647825_10073_61418,-84.0,36.96484020700389,64.87357827003892,5dd4c93944333f00067ab1ae,3534.0
1574223809641.0,FDA50693-A4E2-4FB1-AFCF-C6EB07647825_10073_61418,-86.0,37.12493802645914,64.80773606459144,5dd4c93944333f00067ab1ae,3756.0
1574223810186.0,FDA50693-A4E2-4FB1-AFCF-C6EB07647825_10073_61418,-86.0,37.5179709616083,64.64609641608301,5dd4c93944333f00067ab1ae,3409.0
1574223810566.0,FDA50693-A4E2-4FB1-AFCF-C6EB07647825_10073_61418,-91.0,37.79201227418936,64.53339354189364,5dd4c93944333f00067ab1ae,3029.0
1574223810681.0,FDA50693-A4E2-4FB1-AFCF-C6EB07647825_10073_61418,-88.0,37.87494582931258,64.49928609312582,5dd4c93944333f00067ab1ae,2914.0
1574223810946.0,FDA50693-A4E2-4FB1-AFCF-C6EB07647825_10073_61418,-89.0,38.06605358677043,64.42069066770428,5dd4c93944333f00067ab1ae,2649.0
1574223811212.0,FDA50693-A4E2-4FB1-AFCF-C6EB07647825_10073_61418,-94.0,38.25788250557717,64.34179865577173,5dd4c93944333f00067ab1ae,2383.0
1574223812640.0,FDA50693-A4E2-4FB1-AFCF-C6EB07647825_10073_61418,-92.0,39.28770091180285,63.91827311802854,5dd4c93944333f00067ab1ae,955.0
1574224197615.0,FDA50693-A4E2-4FB1-AFCF-C6EB07647825_10073_61418,-88.0,45.08036555620495,63.78523390882525,5dd4c95e27889b0006b7799d,538.0
1574224197727.0,FDA50693-A4E2-4FB1-AFCF-C6EB07647825_10073_61418,-81.0,44.95596011065654,63.781572863822326,5dd4c95e27889b0006b7799d,650.0
1574224197890.0,FDA50693-A4E2-4FB1-AFCF-C6EB07647825_10073_61418,-94.0,44.774905756867334,63.776244735827,5dd4c95e27889b0006b7799d,813.0
1574224197983.0,FDA50693-A4E2-4FB1-AFCF-C6EB07647825_10073_61418,-85.0,44.67160480654588,63.7732047609585,5dd4c95e27889b0006b7799d,906.0
1574224198071.0,FDA50693-A4E2-4FB1-AFCF-C6EB07647825_10073_61418,-81.0,44.573857670757846,63.770328225599066,5dd4c95e27889b0006b7799d,994.0
1574224198854.0,FDA50693-A4E2-4FB1-AFCF-C6EB07647825_10073_61418,-83.0,43.70413031482564,63.744733598480416,5dd4c95e27889b0006b7799d,1777.0
1574224199461.0,FDA50693-A4E2-4FB1-AFCF-C6EB07647825_10073_61418,-94.0,43.029897230469516,63.724892042080654,5dd4c95e27889b0006b7799d,2384.0
1574224199558.0,FDA50693-A4E2-4FB1-AFCF-C6EB07647825_10073_61418,-83.0,42.92215322852133,63.72172131560491,5dd4c95e27889b0006b7799d,2481.0
1574224200081.0,FDA50693-A4E2-4FB1-AFCF-C6EB07647825_10073_61418,-84.0,42.34122422832652,63.70462554295733,5dd4c95e27889b0006b7799d,2129.0
1574224200179.0,FDA50693-A4E2-4FB1-AFCF-C6EB07647825_10073_61418,-84.0,42.232369463471656,63.70142212857978,5dd4c95e27889b0006b7799d,2031.0
1574224200700.0,FDA50693-A4E2-4FB1-AFCF-C6EB07647825_10073_61418,-83.0,41.6536619890902,63.68439173173583,5dd4c95e27889b0006b7799d,1510.0
1574224201119.0,FDA50693-A4E2-4FB1-AFCF-C6EB07647825_10073_61418,-83.0,41.18825233119034,63.67069550087668,5dd4c95e27889b0006b7799d,1091.0
1574224202452.0,FDA50693-A4E2-4FB1-AFCF-C6EB07647825_10073_61418,-93.0,39.626611338648765,63.62256928913135,5dd4c95e27889b0006b7799d,242.0
1574224202531.0,FDA50693-A4E2-4FB1-AFCF-C6EB07647825_10073_61418,-73.0,39.51242086655476,63.61850055707092,5dd4c95e27889b0006b7799d,321.0
1574224202689.0,FDA50693-A4E2-4FB1-AFCF-C6EB07647825_10073_61418,-85.0,39.284039922366766,63.61036309295006,5dd4c95e27889b0006b7799d,479.0
1574224204351.0,FDA50693-A4E2-4FB1-AFCF-C6EB07647825_10073_61418,-88.0,36.88170366135124,63.52476521086865,5dd4c95e27889b0006b7799d,2141.0
1574224204977.0,FDA50693-A4E2-4FB1-AFCF-C6EB07647825_10073_61418,-94.0,35.97685257868233,63.492524372010074,5dd4c95e27889b0006b7799d,1999.0
1574224206445.0,FDA50693-A4E2-4FB1-AFCF-C6EB07647825_10073_61418,-80.0,33.85493342635334,63.416918059798576,5dd4c95e27889b0006b7799d,531.0
1574224208255.0,FDA50693-A4E2-4FB1-AFCF-C6EB07647825_10073_61418,-85.0,33.572032684345594,64.31304118762475,5dd4c95e27889b0006b7799d,1279.0
1574224208457.0,FDA50693-A4E2-4FB1-AFCF-C6EB07647825_10073_61418,-78.0,33.6485735774166,64.45889042914172,5dd4c95e27889b0006b7799d,1481.0
1574224208993.0,FDA50693-A4E2-4FB1-AFCF-C6EB07647825_10073_61418,-89.0,33.85167218477331,64.84589633732536,5dd4c95e27889b0006b7799d,1490.0
1574224209228.0,FDA50693-A4E2-4FB1-AFCF-C6EB07647825_10073_61418,-82.0,33.94071728314799,65.01557243512974,5dd4c95e27889b0006b7799d,1255.0
1574224210595.0,FDA50693-A4E2-4FB1-AFCF-C6EB07647825_10073_61418,-86.0,34.35376068726715,66.04898595332018,5dd4c95e27889b0006b7799d,112.0
1574224211624.0,FDA50693-A4E2-4FB1-AFCF-C6EB07647825_10073_61418,-82.0,33.77958500153407,67.21828783694939,5dd4c95e27889b0006b7799d,1141.0
1574224212625.0,FDA50693-A4E2-4FB1-AFCF-C6EB07647825_10073_61418,-94.0,33.22103314398422,68.35577198224853,5dd4c95e27889b0006b7799d,2142.0
1574224212798.0,FDA50693-A4E2-4FB1-AFCF-C6EB07647825_10073_61418,-88.0,33.12450020556651,68.5523601512163,5dd4c95e27889b0006b7799d,2248.0
1574224212926.0,FDA50693-A4E2-4FB1-AFCF-C6EB07647825_10073_61418,-84.0,33.053076991014684,68.69781266929652,5dd4c95e27889b0006b7799d,2120.0
1574224213690.0,FDA50693-A4E2-4FB1-AFCF-C6EB07647825_10073_61418,-82.0,32.62676967915845,69.56598238658778,5dd4c95e27889b0006b7799d,1356.0
1574224213760.0,FDA50693-A4E2-4FB1-AFCF-C6EB07647825_10073_61418,-87.0,32.58771010870041,69.64552673241289,5dd4c95e27889b0006b7799d,1286.0
1574224216239.0,FDA50693-A4E2-4FB1-AFCF-C6EB07647825_10073_61418,-95.0,32.88851963451971,72.35623046115576,5dd4c95e27889b0006b7799d,1193.0
1574224216241.0,FDA50693-A4E2-4FB1-AFCF-C6EB07647825_10073_61418,-71.0,32.890226909682355,72.35832494642175,5dd4c95e27889b0006b7799d,1195.0
1574224218531.0,FDA50693-A4E2-4FB1-AFCF-C6EB07647825_10073_61418,-74.0,33.696620420289854,74.93825137737994,5dd4c95e27889b0006b7799d,872.0
1574224219471.0,FDA50693-A4E2-4FB1-AFCF-C6EB07647825_10073_61418,-81.0,33.2610462173913,76.11857270161978,5dd4c95e27889b0006b7799d,1707.0
1574224220087.0,FDA50693-A4E2-4FB1-AFCF-C6EB07647825_10073_61418,-84.0,32.97560610144927,76.89205986729183,5dd4c95e27889b0006b7799d,1091.0
1574224222573.0,FDA50693-A4E2-4FB1-AFCF-C6EB07647825_10073_61418,-92.0,34.08886776829598,79.32563827653254,5dd4c95e27889b0006b7799d,1395.0
1574224224450.0,FDA50693-A4E2-4FB1-AFCF-C6EB07647825_10073_61418,-89.0,36.26700284147988,80.75680338266271,5dd4c95e27889b0006b7799d,431.0
1574224224718.0,FDA50693-A4E2-4FB1-AFCF-C6EB07647825_10073_61418,-88.0,36.57799921847151,80.96114661571698,5dd4c95e27889b0006b7799d,163.0
1574224225505.0,FDA50693-A4E2-4FB1-AFCF-C6EB07647825_10073_61418,-92.0,36.84435680542986,81.89815557466063,5dd4c95e27889b0006b7799d,624.0
1574224225850.0,FDA50693-A4E2-4FB1-AFCF-C6EB07647825_10073_61418,-101.0,36.88704326035503,82.34749904142012,5dd4c95e27889b0006b7799d,969.0
1574224226508.0,FDA50693-A4E2-4FB1-AFCF-C6EB07647825_10073_61418,-91.0,36.96845684684998,83.20450774034111,5dd4c95e27889b0006b7799d,1246.0
1574224226755.0,FDA50693-A4E2-4FB1-AFCF-C6EB07647825_10073_61418,-94.0,36.9990178739993,83.52621161364428,5dd4c95e27889b0006b7799d,999.0
1574224227006.0,FDA50693-A4E2-4FB1-AFCF-C6EB07647825_10073_61418,-85.0,37.03007381656805,83.85312526627219,5dd4c95e27889b0006b7799d,748.0
1574224231103.0,FDA50693-A4E2-4FB1-AFCF-C6EB07647825_10073_61418,-98.0,41.48676799710145,86.13464689730849,5dd4c95e27889b0006b7799d,1481.0
1574224231442.0,FDA50693-A4E2-4FB1-AFCF-C6EB07647825_10073_61418,-92.0,41.92852528405797,86.26697663519668,5dd4c95e27889b0006b7799d,1142.0
1574224473166.0,FDA50693-A4E2-4FB1-AFCF-C6EB07647825_10073_61418,-90.0,76.6976664516129,179.4642990501792,5dd4c96927889b0006b7799f,77.0
1574224474148.0,FDA50693-A4E2-4FB1-AFCF-C6EB07647825_10073_61418,-95.0,76.71445548387096,178.57309005376345,5dd4c96927889b0006b7799f,1059.0
1574224474429.0,FDA50693-A4E2-4FB1-AFCF-C6EB07647825_10073_61418,-90.0,76.71925967741936,178.3180699641577,5dd4c96927889b0006b7799f,892.0
1574224474880.0,FDA50693-A4E2-4FB1-AFCF-C6EB07647825_10073_61418,-92.0,76.72697032258064,177.90876725806453,5dd4c96927889b0006b7799f,441.0
1574224475992.0,FDA50693-A4E2-4FB1-AFCF-C6EB07647825_10073_61418,-89.0,76.17294307214254,176.94745598218168,5dd4c96927889b0006b7799f,671.0
1574224477565.0,FDA50693-A4E2-4FB1-AFCF-C6EB07647825_10073_61418,-93.0,74.8564828970013,175.63212787483704,5dd4c96927889b0006b7799f,2244.0
1574224478172.0,FDA50693-A4E2-4FB1-AFCF-C6EB07647825_10073_61418,-99.0,74.3484782394611,175.124560067362,5dd4c96927889b0006b7799f,2851.0
1574224532368.0,FDA50693-A4E2-4FB1-AFCF-C6EB07647825_10073_61418,-96.0,53.472323242430384,138.2821832344304,5dd4c96927889b0006b7799f,698.0
1574224548815.0,FDA50693-A4E2-4FB1-AFCF-C6EB07647825_10073_61418,-88.0,45.22715347961495,124.34076285390714,5dd4c96927889b0006b7799f,1271.0
1574224549560.0,FDA50693-A4E2-4FB1-AFCF-C6EB07647825_10073_61418,-89.0,44.503873646659116,123.53866446772366,5dd4c96927889b0006b7799f,2016.0
1574224550084.0,FDA50693-A4E2-4FB1-AFCF-C6EB07647825_10073_61418,-90.0,43.99515065005662,122.97450399207248,5dd4c96927889b0006b7799f,2540.0
1574224551109.0,FDA50693-A4E2-4FB1-AFCF-C6EB07647825_10073_61418,-84.0,43.000034101359006,121.87094580973952,5dd4c96927889b0006b7799f,3499.0
1574224551624.0,FDA50693-A4E2-4FB1-AFCF-C6EB07647825_10073_61418,-85.0,42.50004871347679,121.31647511325028,5dd4c96927889b0006b7799f,2984.0
1574224551894.0,FDA50693-A4E2-4FB1-AFCF-C6EB07647825_10073_61418,-91.0,42.23792045186863,121.02578173839184,5dd4c96927889b0006b7799f,2714.0
1574224552153.0,FDA50693-A4E2-4FB1-AFCF-C6EB07647825_10073_61418,-91.0,41.98647148980747,120.74693142695357,5dd4c96927889b0006b7799f,2455.0
1574224555837.0,FDA50693-A4E2-4FB1-AFCF-C6EB07647825_10073_61418,-94.0,38.65284214353373,117.15139562584574,5dd4c96927889b0006b7799f,1229.0
1574224567843.0,FDA50693-A4E2-4FB1-AFCF-C6EB07647825_10073_61418,-91.0,29.514427758663366,106.41073170173267,5dd4c96927889b0006b7799f,2889.0
1574224581210.0,FDA50693-A4E2-4FB1-AFCF-C6EB07647825_10073_61418,-85.0,33.351596316493314,93.9628772793462,5dd4c96927889b0006b7799f,2169.0
1574224586909.0,FDA50693-A4E2-4FB1-AFCF-C6EB07647825_10073_61418,-96.0,39.66588449544286,89.24457923580276,5dd4c96927889b0006b7799f,1138.0
1574224589264.0,FDA50693-A4E2-4FB1-AFCF-C6EB07647825_10073_61418,-94.0,42.47809076676794,87.3463193503155,5dd4c96927889b0006b7799f,786.0
1574224589796.0,FDA50693-A4E2-4FB1-AFCF-C6EB07647825_10073_61418,-88.0,43.11337473124562,86.91749800888059,5dd4c96927889b0006b7799f,254.0
1574224788183.0,FDA50693-A4E2-4FB1-AFCF-C6EB07647825_10073_61418,-91.0,87.65671921117318,149.7025541452514,5dd4c96f44333f00067ab1b8,107.0
1574224791163.0,FDA50693-A4E2-4FB1-AFCF-C6EB07647825_10073_61418,-97.0,84.21354397094971,150.65209202234638,5dd4c96f44333f00067ab1b8,1388.0
1574224791742.0,FDA50693-A4E2-4FB1-AFCF-C6EB07647825_10073_61418,-92.0,83.54455119776536,150.83658277094972,5dd4c96f44333f00067ab1b8,809.0
1574224796453.0,FDA50693-A4E2-4FB1-AFCF-C6EB07647825_10073_61418,-93.0,78.00322255239287,154.91961985298715,5dd4c96f44333f00067ab1b8,2492.0
1574224800006.0,FDA50693-A4E2-4FB1-AFCF-C6EB07647825_10073_61418,-97.0,74.1911357727611,158.37136147482013,5dd4c96f44333f00067ab1b8,1061.0
1574224801285.0,FDA50693-A4E2-4FB1-AFCF-C6EB07647825_10073_61418,-96.0,73.14225423964277,159.58737762589928,5dd4c96f44333f00067ab1b8,2340.0
1574224801946.0,FDA50693-A4E2-4FB1-AFCF-C6EB07647825_10073_61418,-94.0,72.60018176631108,160.21582694244603,5dd4c96f44333f00067ab1b8,3001.0
1574224802724.0,FDA50693-A4E2-4FB1-AFCF-C6EB07647825_10073_61418,-91.0,71.96216000496155,160.95551464028776,5dd4c96f44333f00067ab1b8,3779.0
1574224803247.0,FDA50693-A4E2-4FB1-AFCF-C6EB07647825_10073_61418,-93.0,71.53325848672786,161.4527597122302,5dd4c96f44333f00067ab1b8,3760.0
1574224803589.0,FDA50693-A4E2-4FB1-AFCF-C6EB07647825_10073_61418,-91.0,71.25279133713718,161.77791805755396,5dd4c96f44333f00067ab1b8,3418.0
1574224807179.0,FDA50693-A4E2-4FB1-AFCF-C6EB07647825_10073_61418,-91.0,68.41851162057283,164.94612168771175,5dd4c96f44333f00067ab1b8,172.0
1574224807523.0,FDA50693-A4E2-4FB1-AFCF-C6EB07647825_10073_61418,-100.0,68.3560148617185,164.78316506313521,5dd4c96f44333f00067ab1b8,516.0
1574224857600.0,FDA50693-A4E2-4FB1-AFCF-C6EB07647825_10073_61418,-81.0,62.62539813965342,114.6066470030581,5dd4c97127889b0006b779a7,178.0
1574224859938.0,FDA50693-A4E2-4FB1-AFCF-C6EB07647825_10073_61418,-90.0,62.36556673802243,111.69172584097859,5dd4c97127889b0006b779a7,1408.0
1574224860154.0,FDA50693-A4E2-4FB1-AFCF-C6EB07647825_10073_61418,-96.0,62.34156178389399,111.42242602446483,5dd4c97127889b0006b779a7,1192.0
1574224860181.0,FDA50693-A4E2-4FB1-AFCF-C6EB07647825_10073_61418,-74.0,62.33856116462793,111.38876354740061,5dd4c97127889b0006b779a7,1165.0
1574224860463.0,FDA50693-A4E2-4FB1-AFCF-C6EB07647825_10073_61418,-89.0,62.30722136340469,111.03717767584098,5dd4c97127889b0006b779a7,883.0
1574224862076.0,FDA50693-A4E2-4FB1-AFCF-C6EB07647825_10073_61418,-84.0,61.775681795120605,109.40911039090658,5dd4c97127889b0006b779a7,730.0
1574224862579.0,FDA50693-A4E2-4FB1-AFCF-C6EB07647825_10073_61418,-89.0,61.4770457306626,109.04586197532575,5dd4c97127889b0006b779a7,1233.0
1574224863582.0,FDA50693-A4E2-4FB1-AFCF-C6EB07647825_10073_61418,-68.0,60.8815547313557,108.32153163570834,5dd4c97127889b0006b779a7,2236.0
1574224866212.0,FDA50693-A4E2-4FB1-AFCF-C6EB07647825_10073_61418,-73.0,59.32009777405046,106.42224071527586,5dd4c97127889b0006b779a7,2348.0
1574224866457.0,FDA50693-A4E2-4FB1-AFCF-C6EB07647825_10073_61418,-64.0,59.1746388559745,106.24531057249793,5dd4c97127889b0006b779a7,2103.0
1574224866713.0,FDA50693-A4E2-4FB1-AFCF-C6EB07647825_10073_61418,-66.0,59.02264912933186,106.06043662739118,5dd4c97127889b0006b779a7,1847.0
1574224866731.0,FDA50693-A4E2-4FB1-AFCF-C6EB07647825_10073_61418,-82.0,59.0119623516773,106.04743767812587,5dd4c97127889b0006b779a7,1829.0
1574224867239.0,FDA50693-A4E2-4FB1-AFCF-C6EB07647825_10073_61418,-77.0,58.71035773787081,105.68057844330468,5dd4c97127889b0006b779a7,1321.0
1574224867339.0,FDA50693-A4E2-4FB1-AFCF-C6EB07647825_10073_61418,-87.0,58.650986750901026,105.60836205849736,5dd4c97127889b0006b779a7,1221.0
1574224868031.0,FDA50693-A4E2-4FB1-AFCF-C6EB07647825_10073_61418,-87.0,58.24013952107015,105.10862467563072,5dd4c97127889b0006b779a7,529.0
1574224868337.0,FDA50693-A4E2-4FB1-AFCF-C6EB07647825_10073_61418,-96.0,58.05846430094262,104.88764253812033,5dd4c97127889b0006b779a7,223.0
1574224868804.0,FDA50693-A4E2-4FB1-AFCF-C6EB07647825_10073_61418,-85.0,57.81244685540888,104.53234621068486,5dd4c97127889b0006b779a7,244.0
1574224869062.0,FDA50693-A4E2-4FB1-AFCF-C6EB07647825_10073_61418,-87.0,57.69230752219368,104.32694671214672,5dd4c97127889b0006b779a7,502.0
1574224869868.0,FDA50693-A4E2-4FB1-AFCF-C6EB07647825_10073_61418,-71.0,57.316988519978736,103.68527230973687,5dd4c97127889b0006b779a7,1308.0
1574224870347.0,FDA50693-A4E2-4FB1-AFCF-C6EB07647825_10073_61418,-86.0,57.09393913776912,103.3039298298928,5dd4c97127889b0006b779a7,1787.0
1574224872186.0,FDA50693-A4E2-4FB1-AFCF-C6EB07647825_10073_61418,-99.0,56.23759714636307,101.83986131124303,5dd4c97127889b0006b779a7,3626.0
1574224872480.0,FDA50693-A4E2-4FB1-AFCF-C6EB07647825_10073_61418,-70.0,56.100694185257375,101.60580141756003,5dd4c97127889b0006b779a7,3920.0
1574224872537.0,FDA50693-A4E2-4FB1-AFCF-C6EB07647825_10073_61418,-88.0,56.07415177443076,101.56042245858067,5dd4c97127889b0006b779a7,3977.0
1574224872921.0,FDA50693-A4E2-4FB1-AFCF-C6EB07647825_10073_61418,-99.0,55.89533974359883,101.25471157703554,5dd4c97127889b0006b779a7,4361.0
1574224873330.0,FDA50693-A4E2-4FB1-AFCF-C6EB07647825_10073_61418,-85.0,55.704886304509614,100.92909764330646,5dd4c97127889b0006b779a7,4770.0
1574224876121.0,FDA50693-A4E2-4FB1-AFCF-C6EB07647825_10073_61418,-71.0,54.405239486666076,98.70712089749269,5dd4c97127889b0006b779a7,3726.0
1574224876404.0,FDA50693-A4E2-4FB1-AFCF-C6EB07647825_10073_61418,-81.0,54.27345874519359,98.48181834677062,5dd4c97127889b0006b779a7,3443.0
1574224876985.0,FDA50693-A4E2-4FB1-AFCF-C6EB07647825_10073_61418,-87.0,54.00291241729423,98.01927141401612,5dd4c97127889b0006b779a7,2862.0
1574224877777.0,FDA50693-A4E2-4FB1-AFCF-C6EB07647825_10073_61418,-85.0,53.63411260370337,97.38874272082927,5dd4c97127889b0006b779a7,2070.0
1574224879088.0,FDA50693-A4E2-4FB1-AFCF-C6EB07647825_10073_61418,-90.0,53.02363715469124,96.34502666430407,5dd4c97127889b0006b779a7,759.0
1574224879345.0,FDA50693-A4E2-4FB1-AFCF-C6EB07647825_10073_61418,-89.0,52.90396347780632,96.14042328785328,5dd4c97127889b0006b779a7,502.0
1574224886395.0,FDA50693-A4E2-4FB1-AFCF-C6EB07647825_10073_61418,-84.0,56.96551919010417,105.70626734375,5dd4c97244333f00067ab1ba,767.0
1574224886863.0,FDA50693-A4E2-4FB1-AFCF-C6EB07647825_10073_61418,-89.0,56.37942222135417,106.30403046875,5dd4c97244333f00067ab1ba,1235.0
1574224887372.0,FDA50693-A4E2-4FB1-AFCF-C6EB07647825_10073_61418,-82.0,55.74197915064103,106.95416173076923,5dd4c97244333f00067ab1ba,1744.0
1574224887405.0,FDA50693-A4E2-4FB1-AFCF-C6EB07647825_10073_61418,-96.0,55.700651800280454,106.99631169471154,5dd4c97244333f00067ab1ba,1777.0
1574224887880.0,FDA50693-A4E2-4FB1-AFCF-C6EB07647825_10073_61418,-91.0,55.10578842387821,107.60301572115385,5dd4c97244333f00067ab1ba,2252.0
1574224888154.0,FDA50693-A4E2-4FB1-AFCF-C6EB07647825_10073_61418,-76.0,54.76264618149039,107.95298814903846,5dd4c97244333f00067ab1ba,2466.0
1574224888422.0,FDA50693-A4E2-4FB1-AFCF-C6EB07647825_10073_61418,-89.0,54.42701800280449,108.29529694711539,5dd4c97244333f00067ab1ba,2198.0
1574224888480.0,FDA50693-A4E2-4FB1-AFCF-C6EB07647825_10073_61418,-92.0,54.354382053685896,108.36937870192308,5dd4c97244333f00067ab1ba,2140.0
1574224889452.0,FDA50693-A4E2-4FB1-AFCF-C6EB07647825_10073_61418,-84.0,53.13710373397436,109.61088673076922,5dd4c97244333f00067ab1ba,1168.0
1574224889975.0,FDA50693-A4E2-4FB1-AFCF-C6EB07647825_10073_61418,-78.0,52.48212784795673,110.27889979567307,5dd4c97244333f00067ab1ba,645.0
1574224891022.0,FDA50693-A4E2-4FB1-AFCF-C6EB07647825_10073_61418,-85.0,51.139155531914895,111.39252161702127,5dd4c97244333f00067ab1ba,402.0
1574224898912.0,FDA50693-A4E2-4FB1-AFCF-C6EB07647825_10073_61418,-96.0,42.67066944709281,118.51343535572408,5dd4c97244333f00067ab1ba,521.0
1574224900682.0,FDA50693-A4E2-4FB1-AFCF-C6EB07647825_10073_61418,-98.0,40.67580823707094,118.49528430892448,5dd4c97244333f00067ab1ba,936.0
1574224901481.0,FDA50693-A4E2-4FB1-AFCF-C6EB07647825_10073_61418,-85.0,39.76006354965675,118.16107924713958,5dd4c97244333f00067ab1ba,137.0
1574224903610.0,FDA50693-A4E2-4FB1-AFCF-C6EB07647825_10073_61418,-82.0,41.55293360044726,116.93290789004845,5dd4c97244333f00067ab1ba,1992.0
1574224904868.0,FDA50693-A4E2-4FB1-AFCF-C6EB07647825_10073_61418,-97.0,42.78433852081004,116.19347474530998,5dd4c97244333f00067ab1ba,3250.0
1574224905127.0,FDA50693-A4E2-4FB1-AFCF-C6EB07647825_10073_61418,-91.0,43.03786306323767,116.04123850962853,5dd4c97244333f00067ab1ba,3509.0
1574224905646.0,FDA50693-A4E2-4FB1-AFCF-C6EB07647825_10073_61418,-94.0,43.545891007330106,115.73617825357188,5dd4c97244333f00067ab1ba,4021.0
1574224906248.0,FDA50693-A4E2-4FB1-AFCF-C6EB07647825_10073_61418,-80.0,44.13516426810784,115.38233186793391,5dd4c97244333f00067ab1ba,3419.0
1574224906710.0,FDA50693-A4E2-4FB1-AFCF-C6EB07647825_10073_61418,-86.0,44.58739723568145,115.11077533942105,5dd4c97244333f00067ab1ba,2957.0
1574224908025.0,FDA50693-A4E2-4FB1-AFCF-C6EB07647825_10073_61418,-86.0,45.87459713256305,114.33783846713878,5dd4c97244333f00067ab1ba,1642.0
1574224909339.0,FDA50693-A4E2-4FB1-AFCF-C6EB07647825_10073_61418,-80.0,47.16081817020748,113.56548937955026,5dd4c97244333f00067ab1ba,328.0
1574224911649.0,FDA50693-A4E2-4FB1-AFCF-C6EB07647825_10073_61418,-80.0,49.784996005562974,111.4660913858478,5dd4c97244333f00067ab1ba,1982.0
1574224914059.0,FDA50693-A4E2-4FB1-AFCF-C6EB07647825_10073_61418,-82.0,52.585450058744996,109.14776791455274,5dd4c97244333f00067ab1ba,4392.0
1574224914542.0,FDA50693-A4E2-4FB1-AFCF-C6EB07647825_10073_61418,-82.0,53.14670288351135,108.68314126034713,5dd4c97244333f00067ab1ba,4113.0
1574224924746.0,FDA50693-A4E2-4FB1-AFCF-C6EB07647825_10073_61418,-88.0,62.269853311018814,105.27078503786954,5dd4c97344333f00067ab1bc,174.0
1574224926025.0,FDA50693-A4E2-4FB1-AFCF-C6EB07647825_10073_61418,-88.0,60.57843690178353,106.20177235646226,5dd4c97344333f00067ab1bc,1453.0
1574224926820.0,FDA50693-A4E2-4FB1-AFCF-C6EB07647825_10073_61418,-90.0,59.5270873745419,106.78045485707305,5dd4c97344333f00067ab1bc,2248.0
1574224930997.0,FDA50693-A4E2-4FB1-AFCF-C6EB07647825_10073_61418,-86.0,54.00320438675788,109.82090366845834,5dd4c97344333f00067ab1bc,1761.0
1574224932822.0,FDA50693-A4E2-4FB1-AFCF-C6EB07647825_10073_61418,-83.0,51.61041562967467,111.15367185770751,5dd4c97344333f00067ab1bc,64.0
1574224933850.0,FDA50693-A4E2-4FB1-AFCF-C6EB07647825_10073_61418,-84.0,50.58321280632411,111.97176482213439,5dd4c97344333f00067ab1bc,1092.0
1574224939119.0,FDA50693-A4E2-4FB1-AFCF-C6EB07647825_10073_61418,-102.0,45.31829872438431,116.16488916996047,5dd4c97344333f00067ab1bc,217.0
1574224942245.0,FDA50693-A4E2-4FB1-AFCF-C6EB07647825_10073_61418,-81.0,41.870825374267824,117.37532212381338,5dd4c97344333f00067ab1bc,2042.0
1574224949295.0,FDA50693-A4E2-4FB1-AFCF-C6EB07647825_10073_61418,-83.0,45.22383161408016,116.5166508201439,5dd4c97427889b0006b779aa,202.0
1574224950077.0,FDA50693-A4E2-4FB1-AFCF-C6EB07647825_10073_61418,-81.0,45.69754016957862,117.20988538129497,5dd4c97427889b0006b779aa,984.0
1574224951929.0,FDA50693-A4E2-4FB1-AFCF-C6EB07647825_10073_61418,-92.0,46.81941772045221,118.85166339568346,5dd4c97427889b0006b779aa,1056.0
1574224952194.0,FDA50693-A4E2-4FB1-AFCF-C6EB07647825_10073_61418,-86.0,46.97994555575539,119.08658303597122,5dd4c97427889b0006b779aa,791.0
1574224952424.0,FDA50693-A4E2-4FB1-AFCF-C6EB07647825_10073_61418,-84.0,47.11927160149023,119.29047555395684,5dd4c97427889b0006b779aa,561.0
1574224952998.0,FDA50693-A4E2-4FB1-AFCF-C6EB07647825_10073_61418,-85.0,47.45564692682927,119.79597821463415,5dd4c97427889b0006b779aa,13.0
1574224961059.0,FDA50693-A4E2-4FB1-AFCF-C6EB07647825_10073_61418,-82.0,42.78640793078587,119.11543256020187,5dd4c97427889b0006b779aa,704.0
1574224961385.0,FDA50693-A4E2-4FB1-AFCF-C6EB07647825_10073_61418,-86.0,43.10087935328046,119.16068245313626,5dd4c97427889b0006b779aa,1030.0
1574225268433.0,FDA50693-A4E2-4FB1-AFCF-C6EB07647825_10073_61418,-86.0,83.6813197201581,76.22877737865613,5dd4c97c44333f00067ab1c4,203.0
1574225269073.0,FDA50693-A4E2-4FB1-AFCF-C6EB07647825_10073_61418,-98.0,83.17849322213439,75.6132026118577,5dd4c97c44333f00067ab1c4,843.0
1574225269484.0,FDA50693-A4E2-4FB1-AFCF-C6EB07647825_10073_61418,-93.0,82.85558433043478,75.21788819130435,5dd4c97c44333f00067ab1c4,1254.0
1574225352336.0,FDA50693-A4E2-4FB1-AFCF-C6EB07647825_10073_61418,-83.0,84.7787906083499,74.01260572564613,5dd4c97f27889b0006b779ae,316.0
1574225353722.0,FDA50693-A4E2-4FB1-AFCF-C6EB07647825_10073_61418,-90.0,84.18759409940358,75.53249387673957,5dd4c97f27889b0006b779ae,813.0
1574225355820.0,FDA50693-A4E2-4FB1-AFCF-C6EB07647825_10073_61418,-93.0,82.5007250070373,77.18332845179451,5dd4c97f27889b0006b779ae,1285.0
1574225356195.0,FDA50693-A4E2-4FB1-AFCF-C6EB07647825_10073_61418,-99.0,82.10964961998593,77.40491360309642,5dd4c97f27889b0006b779ae,1660.0
1574225356616.0,FDA50693-A4E2-4FB1-AFCF-C6EB07647825_10073_61418,-98.0,81.67060231878959,77.65367986629134,5dd4c97f27889b0006b779ae,2081.0
1574225361729.0,FDA50693-A4E2-4FB1-AFCF-C6EB07647825_10073_61418,-83.0,75.47536586087244,81.44243687772637,5dd4c97f27889b0006b779ae,2931.0
1574225362066.0,FDA50693-A4E2-4FB1-AFCF-C6EB07647825_10073_61418,-88.0,75.0246873859881,81.72981553954615,5dd4c97f27889b0006b779ae,3268.0
1574225363767.0,FDA50693-A4E2-4FB1-AFCF-C6EB07647825_10073_61418,-96.0,72.74989781394581,83.18035293941396,5dd4c97f27889b0006b779ae,4109.0
1574225363897.0,FDA50693-A4E2-4FB1-AFCF-C6EB07647825_10073_61418,-78.0,72.57604558327826,83.29121117691122,5dd4c97f27889b0006b779ae,3979.0
1574225364300.0,FDA50693-A4E2-4FB1-AFCF-C6EB07647825_10073_61418,-92.0,72.03710366820886,83.63487171315268,5dd4c97f27889b0006b779ae,3576.0
1574225364361.0,FDA50693-A4E2-4FB1-AFCF-C6EB07647825_10073_61418,-96.0,71.95552685228024,83.68688980920908,5dd4c97f27889b0006b779ae,3515.0
1574225364423.0,FDA50693-A4E2-4FB1-AFCF-C6EB07647825_10073_61418,-89.0,71.87261271150032,83.73976066093853,5dd4c97f27889b0006b779ae,3453.0
1574225364432.0,FDA50693-A4E2-4FB1-AFCF-C6EB07647825_10073_61418,-96.0,71.86057678783872,83.74743546199603,5dd4c97f27889b0006b779ae,3444.0
1574225365387.0,FDA50693-A4E2-4FB1-AFCF-C6EB07647825_10073_61418,-86.0,70.5834315548579,84.56181712976426,5dd4c97f27889b0006b779ae,2489.0
1574225365988.0,FDA50693-A4E2-4FB1-AFCF-C6EB07647825_10073_61418,-95.0,69.77969931923332,85.07432328927077,5dd4c97f27889b0006b779ae,1888.0
1574225365992.0,FDA50693-A4E2-4FB1-AFCF-C6EB07647825_10073_61418,-86.0,69.77435001982815,85.07773431196298,5dd4c97f27889b0006b779ae,1884.0
1574225366146.0,FDA50693-A4E2-4FB1-AFCF-C6EB07647825_10073_61418,-86.0,69.56840199272968,85.20905868561357,5dd4c97f27889b0006b779ae,1730.0
1574225366949.0,FDA50693-A4E2-4FB1-AFCF-C6EB07647825_10073_61418,-75.0,68.49453013714475,85.89382149107733,5dd4c97f27889b0006b779ae,927.0
1574225367206.0,FDA50693-A4E2-4FB1-AFCF-C6EB07647825_10073_61418,-85.0,68.15083765036351,86.11297969905266,5dd4c97f27889b0006b779ae,670.0
1574225367692.0,FDA50693-A4E2-4FB1-AFCF-C6EB07647825_10073_61418,-94.0,67.50089777263715,86.52741895615775,5dd4c97f27889b0006b779ae,184.0
1574225367834.0,FDA50693-A4E2-4FB1-AFCF-C6EB07647825_10073_61418,-88.0,67.31099764375413,86.64851026173166,5dd4c97f27889b0006b779ae,42.0
1574225367950.0,FDA50693-A4E2-4FB1-AFCF-C6EB07647825_10073_61418,-79.0,67.28247406765676,86.7519664570957,5dd4c97f27889b0006b779ae,74.0
1574225368097.0,FDA50693-A4E2-4FB1-AFCF-C6EB07647825_10073_61418,-91.0,67.33738863448845,86.8863333110561,5dd4c97f27889b0006b779ae,221.0
1574225369399.0,FDA50693-A4E2-4FB1-AFCF-C6EB07647825_10073_61418,-90.0,67.82377479785478,88.07643973184818,5dd4c97f27889b0006b779ae,1523.0
1574225369401.0,FDA50693-A4E2-4FB1-AFCF-C6EB07647825_10073_61418,-80.0,67.82452193481848,88.07826785231023,5dd4c97f27889b0006b779ae,1525.0
1574225369786.0,FDA50693-A4E2-4FB1-AFCF-C6EB07647825_10073_61418,-78.0,67.96834580033003,88.43018104125413,5dd4c97f27889b0006b779ae,1910.0
1574225371318.0,FDA50693-A4E2-4FB1-AFCF-C6EB07647825_10073_61418,-92.0,68.54065271452144,89.83052131518151,5dd4c97f27889b0006b779ae,1406.0
1574225374545.0,FDA50693-A4E2-4FB1-AFCF-C6EB07647825_10073_61418,-81.0,70.49182480784779,89.71235399702735,5dd4c97f27889b0006b779ae,1821.0
1574225374861.0,FDA50693-A4E2-4FB1-AFCF-C6EB07647825_10073_61418,-85.0,70.7392687393579,89.46883165933413,5dd4c97f27889b0006b779ae,2137.0
1574225378008.0,FDA50693-A4E2-4FB1-AFCF-C6EB07647825_10073_61418,-95.0,73.20352839904875,87.04362660642093,5dd4c97f27889b0006b779ae,3126.0
1574225380582.0,FDA50693-A4E2-4FB1-AFCF-C6EB07647825_10073_61418,-100.0,75.21910017027348,85.05999845065398,5dd4c97f27889b0006b779ae,552.0
1574225383151.0,FDA50693-A4E2-4FB1-AFCF-C6EB07647825_10073_61418,-85.0,77.47012322506056,82.81113772682228,5dd4c97f27889b0006b779ae,2017.0
1574225396990.0,FDA50693-A4E2-4FB1-AFCF-C6EB07647825_10073_61418,-90.0,75.39308723748668,84.74486146077386,5dd4c97f44333f00067ab1c6,210.0
1574225397084.0,FDA50693-A4E2-4FB1-AFCF-C6EB07647825_10073_61418,-93.0,75.2774865914093,84.79421435273932,5dd4c97f44333f00067ab1c6,304.0
1574225397695.0,FDA50693-A4E2-4FB1-AFCF-C6EB07647825_10073_61418,-84.0,74.52608239190627,85.11500815051473,5dd4c97f44333f00067ab1c6,915.0
1574225399573.0,FDA50693-A4E2-4FB1-AFCF-C6EB07647825_10073_61418,-78.0,72.21652905857295,86.10101592829251,5dd4c97f44333f00067ab1c6,2793.0
1574225399991.0,FDA50693-A4E2-4FB1-AFCF-C6EB07647825_10073_61418,-100.0,71.70247512176073,86.32047878830907,5dd4c97f44333f00067ab1c6,3211.0
1574225400086.0,FDA50693-A4E2-4FB1-AFCF-C6EB07647825_10073_61418,-91.0,71.58564468157614,86.37035671104012,5dd4c97f44333f00067ab1c6,3306.0
1574225401095.0,FDA50693-A4E2-4FB1-AFCF-C6EB07647825_10073_61418,-88.0,70.34478242740504,86.90011275352029,5dd4c97f44333f00067ab1c6,4136.0
1574225401409.0,FDA50693-A4E2-4FB1-AFCF-C6EB07647825_10073_61418,-83.0,69.95862707774228,87.06497241391551,5dd4c97f44333f00067ab1c6,3822.0
1574225401987.0,FDA50693-A4E2-4FB1-AFCF-C6EB07647825_10073_61418,-84.0,69.24780608377706,87.36844019642646,5dd4c97f44333f00067ab1c6,3244.0
1574225403717.0,FDA50693-A4E2-4FB1-AFCF-C6EB07647825_10073_61418,-84.0,67.12026227831025,88.27674342089693,5dd4c97f44333f00067ab1c6,1514.0
1574225403972.0,FDA50693-A4E2-4FB1-AFCF-C6EB07647825_10073_61418,-95.0,66.80666478097267,88.41062626612235,5dd4c97f44333f00067ab1c6,1259.0
1574225405856.0,FDA50693-A4E2-4FB1-AFCF-C6EB07647825_10073_61418,-86.0,65.90624673073782,89.41945683909611,5dd4c97f44333f00067ab1c6,625.0
1574225406107.0,FDA50693-A4E2-4FB1-AFCF-C6EB07647825_10073_61418,-79.0,66.16644045140212,89.5591400816771,5dd4c97f44333f00067ab1c6,876.0
1574225406371.0,FDA50693-A4E2-4FB1-AFCF-C6EB07647825_10073_61418,-96.0,66.44011034086577,89.7060579145113,5dd4c97f44333f00067ab1c6,1140.0
1574225407138.0,FDA50693-A4E2-4FB1-AFCF-C6EB07647825_10073_61418,-93.0,67.23520430002722,90.13289873945004,5dd4c97f44333f00067ab1c6,1766.0
1574225407813.0,FDA50693-A4E2-4FB1-AFCF-C6EB07647825_10073_61418,-94.0,67.93492844922406,90.50854092567384,5dd4c97f44333f00067ab1c6,1091.0
1574225408176.0,FDA50693-A4E2-4FB1-AFCF-C6EB07647825_10073_61418,-83.0,68.31122454723659,90.71055294582085,5dd4c97f44333f00067ab1c6,728.0
1574225752549.0,FDA50693-A4E2-4FB1-AFCF-C6EB07647825_10073_61418,-97.0,131.43156382793765,105.29654458033573,5dd4c98544333f00067ab1ca,3194.0
1574226020537.0,FDA50693-A4E2-4FB1-AFCF-C6EB07647825_10073_61418,-85.0,128.3147246865889,151.79418444606415,5dd4c98e44333f00067ab1ce,242.0
1574226020541.0,FDA50693-A4E2-4FB1-AFCF-C6EB07647825_10073_61418,-90.0,128.3146553425656,151.7876532798834,5dd4c98e44333f00067ab1ce,246.0
1574226021027.0,FDA50693-A4E2-4FB1-AFCF-C6EB07647825_10073_61418,-88.0,128.30623004373177,150.9941165889213,5dd4c98e44333f00067ab1ce,732.0
1574226021598.0,FDA50693-A4E2-4FB1-AFCF-C6EB07647825_10073_61418,-84.0,128.29633118440233,150.06179261661808,5dd4c98e44333f00067ab1ce,1303.0
1574226021765.0,FDA50693-A4E2-4FB1-AFCF-C6EB07647825_10073_61418,-77.0,128.29343607142857,149.78911642857145,5dd4c98e44333f00067ab1ce,1274.0
1574226022283.0,FDA50693-A4E2-4FB1-AFCF-C6EB07647825_10073_61418,-83.0,128.28445602040816,148.94333040816326,5dd4c98e44333f00067ab1ce,756.0
1574226022375.0,FDA50693-A4E2-4FB1-AFCF-C6EB07647825_10073_61418,-73.0,128.28286110787172,148.79311358600583,5dd4c98e44333f00067ab1ce,664.0
1574226023166.0,FDA50693-A4E2-4FB1-AFCF-C6EB07647825_10073_61418,-67.0,128.14345054433863,147.58619161058203,5dd4c98e44333f00067ab1ce,127.0
1574226024377.0,FDA50693-A4E2-4FB1-AFCF-C6EB07647825_10073_61418,-76.0,126.92387384507937,146.41573255873016,5dd4c98e44333f00067ab1ce,1338.0
1574226024729.0,FDA50693-A4E2-4FB1-AFCF-C6EB07647825_10073_61418,-86.0,126.56938086560847,146.07551655026455,5dd4c98e44333f00067ab1ce,1690.0
1574226025224.0,FDA50693-A4E2-4FB1-AFCF-C6EB07647825_10073_61418,-93.0,126.07087511322752,145.5970877883598,5dd4c98e44333f00067ab1ce,2185.0
1574226026060.0,FDA50693-A4E2-4FB1-AFCF-C6EB07647825_10073_61418,-75.0,125.22895428698413,144.78907476825398,5dd4c98e44333f00067ab1ce,1704.0
1574226026646.0,FDA50693-A4E2-4FB1-AFCF-C6EB07647825_10073_61418,-86.0,124.63880404275132,144.22269243597884,5dd4c98e44333f00067ab1ce,1118.0
1574226026829.0,FDA50693-A4E2-4FB1-AFCF-C6EB07647825_10073_61418,-74.0,124.45450797671957,144.04581877248677,5dd4c98e44333f00067ab1ce,935.0
1574226027086.0,FDA50693-A4E2-4FB1-AFCF-C6EB07647825_10073_61418,-70.0,124.1956878184127,143.79742242539683,5dd4c98e44333f00067ab1ce,678.0
1574226027160.0,FDA50693-A4E2-4FB1-AFCF-C6EB07647825_10073_61418,-89.0,124.12116372613757,143.72589974179894,5dd4c98e44333f00067ab1ce,604.0
1574226027337.0,FDA50693-A4E2-4FB1-AFCF-C6EB07647825_10073_61418,-81.0,123.94291015407407,143.55482521481483,5dd4c98e44333f00067ab1ce,427.0
1574226027467.0,FDA50693-A4E2-4FB1-AFCF-C6EB07647825_10073_61418,-66.0,123.81198945142857,143.42917725714287,5dd4c98e44333f00067ab1ce,297.0
1574226027472.0,FDA50693-A4E2-4FB1-AFCF-C6EB07647825_10073_61418,-80.0,123.80695403978835,143.42434464338626,5dd4c98e44333f00067ab1ce,292.0
1574226028920.0,FDA50693-A4E2-4FB1-AFCF-C6EB07647825_10073_61418,-82.0,122.09486029968652,142.52736234064787,5dd4c98e44333f00067ab1ce,1156.0
1574226028928.0,FDA50693-A4E2-4FB1-AFCF-C6EB07647825_10073_61418,-73.0,122.08504697304075,142.52310796238245,5dd4c98e44333f00067ab1ce,1164.0
1574226030493.0,FDA50693-A4E2-4FB1-AFCF-C6EB07647825_10073_61418,-86.0,120.16531494796237,141.69084521421107,5dd4c98e44333f00067ab1ce,2056.0
1574226031011.0,FDA50693-A4E2-4FB1-AFCF-C6EB07647825_10073_61418,-91.0,119.5299020476489,141.41537422152558,5dd4c98e44333f00067ab1ce,1538.0
1574226031529.0,FDA50693-A4E2-4FB1-AFCF-C6EB07647825_10073_61418,-92.0,118.89448914733542,141.13990322884013,5dd4c98e44333f00067ab1ce,1020.0
1574226031787.0,FDA50693-A4E2-4FB1-AFCF-C6EB07647825_10073_61418,-82.0,118.5780093630094,141.00269952978056,5dd4c98e44333f00067ab1ce,762.0
1574226034394.0,FDA50693-A4E2-4FB1-AFCF-C6EB07647825_10073_61418,-77.0,119.2952757771411,139.5281459081142,5dd4c98e44333f00067ab1ce,1845.0
1574226034413.0,FDA50693-A4E2-4FB1-AFCF-C6EB07647825_10073_61418,-91.0,119.31228809679729,139.51713389849584,5dd4c98e44333f00067ab1ce,1864.0
1574226035180.0,FDA50693-A4E2-4FB1-AFCF-C6EB07647825_10073_61418,-85.0,119.99904857976055,139.07259645758722,5dd4c98e44333f00067ab1ce,2631.0
1574226035198.0,FDA50693-A4E2-4FB1-AFCF-C6EB07647825_10073_61418,-86.0,120.0151655141717,139.06216402742248,5dd4c98e44333f00067ab1ce,2649.0
1574226035434.0,FDA50693-A4E2-4FB1-AFCF-C6EB07647825_10073_61418,-74.0,120.22647643200655,138.92538327637368,5dd4c98e44333f00067ab1ce,2885.0
1574226036440.0,FDA50693-A4E2-4FB1-AFCF-C6EB07647825_10073_61418,-93.0,121.12723398853986,138.34232634605544,5dd4c98e44333f00067ab1ce,3891.0
1574226037253.0,FDA50693-A4E2-4FB1-AFCF-C6EB07647825_10073_61418,-88.0,121.85518219277601,137.87112825028137,5dd4c98e44333f00067ab1ce,4704.0
1574226038388.0,FDA50693-A4E2-4FB1-AFCF-C6EB07647825_10073_61418,-93.0,122.87144444592244,137.2133055704492,5dd4c98e44333f00067ab1ce,3934.0
1574226038771.0,FDA50693-A4E2-4FB1-AFCF-C6EB07647825_10073_61418,-88.0,123.21437699478153,136.99132663972168,5dd4c98e44333f00067ab1ce,3551.0
1574226039750.0,FDA50693-A4E2-4FB1-AFCF-C6EB07647825_10073_61418,-81.0,124.09095914969815,136.42391835465057,5dd4c98e44333f00067ab1ce,2572.0
1574226039924.0,FDA50693-A4E2-4FB1-AFCF-C6EB07647825_10073_61418,-73.0,124.2467561823391,136.32307152972476,5dd4c98e44333f00067ab1ce,2398.0
1574226040330.0,FDA50693-A4E2-4FB1-AFCF-C6EB07647825_10073_61418,-83.0,124.61028259183465,136.08776227156451,5dd4c98e44333f00067ab1ce,1992.0
1574226043874.0,FDA50693-A4E2-4FB1-AFCF-C6EB07647825_10073_61418,-78.0,125.54003742382271,133.53125681440443,5dd4c98e44333f00067ab1ce,1552.0
1574226045420.0,FDA50693-A4E2-4FB1-AFCF-C6EB07647825_10073_61418,-87.0,124.68948582409972,132.1346936668975,5dd4c98e44333f00067ab1ce,2678.0
1574226045655.0,FDA50693-A4E2-4FB1-AFCF-C6EB07647825_10073_61418,-80.0,124.56019757963989,131.92240884175902,5dd4c98e44333f00067ab1ce,2443.0
1574226045694.0,FDA50693-A4E2-4FB1-AFCF-C6EB07647825_10073_61418,-91.0,124.53874123268697,131.88717859418284,5dd4c98e44333f00067ab1ce,2404.0
1574226045949.0,FDA50693-A4E2-4FB1-AFCF-C6EB07647825_10073_61418,-91.0,124.3984497333795,131.65682697541553,5dd4c98e44333f00067ab1ce,2149.0
1574226046728.0,FDA50693-A4E2-4FB1-AFCF-C6EB07647825_10073_61418,-80.0,123.96987295706371,130.9531253635734,5dd4c98e44333f00067ab1ce,1370.0
1574226046736.0,FDA50693-A4E2-4FB1-AFCF-C6EB07647825_10073_61418,-92.0,123.96547165512466,130.9458986461219,5dd4c98e44333f00067ab1ce,1362.0
1574226046968.0,FDA50693-A4E2-4FB1-AFCF-C6EB07647825_10073_61418,-72.0,123.83783389889197,130.73632384002772,5dd4c98e44333f00067ab1ce,1130.0
1574226046978.0,FDA50693-A4E2-4FB1-AFCF-C6EB07647825_10073_61418,-97.0,123.83233227146815,130.7272904432133,5dd4c98e44333f00067ab1ce,1120.0
1574226046988.0,FDA50693-A4E2-4FB1-AFCF-C6EB07647825_10073_61418,-100.0,123.82683064404432,130.7182570463989,5dd4c98e44333f00067ab1ce,1110.0
1574226047247.0,FDA50693-A4E2-4FB1-AFCF-C6EB07647825_10073_61418,-98.0,123.68433849376731,130.48429206890583,5dd4c98e44333f00067ab1ce,851.0
1574226048024.0,FDA50693-A4E2-4FB1-AFCF-C6EB07647825_10073_61418,-83.0,123.25686204293629,129.7823971364266,5dd4c98e44333f00067ab1ce,74.0
1574226048287.0,FDA50693-A4E2-4FB1-AFCF-C6EB07647825_10073_61418,-82.0,122.95783887228261,129.60621332880436,5dd4c98e44333f00067ab1ce,189.0
1574226048847.0,FDA50693-A4E2-4FB1-AFCF-C6EB07647825_10073_61418,-85.0,122.19247256793479,129.282252821558,5dd4c98e44333f00067ab1ce,749.0
1574226049057.0,FDA50693-A4E2-4FB1-AFCF-C6EB07647825_10073_61418,-83.0,121.90546020380435,129.16076763134058,5dd4c98e44333f00067ab1ce,959.0
1574226049841.0,FDA50693-A4E2-4FB1-AFCF-C6EB07647825_10073_61418,-85.0,120.8339473777174,128.70722292119567,5dd4c98e44333f00067ab1ce,465.0
1574226050388.0,FDA50693-A4E2-4FB1-AFCF-C6EB07647825_10073_61418,-87.0,120.15738334936351,128.32820314002828,5dd4c98e44333f00067ab1ce,82.0
1574226052209.0,FDA50693-A4E2-4FB1-AFCF-C6EB07647825_10073_61418,-94.0,119.24606943705798,125.88502384724187,5dd4c98e44333f00067ab1ce,1632.0
1574226052736.0,FDA50693-A4E2-4FB1-AFCF-C6EB07647825_10073_61418,-92.0,118.98233388967468,125.17796427157002,5dd4c98e44333f00067ab1ce,1105.0
1574226053021.0,FDA50693-A4E2-4FB1-AFCF-C6EB07647825_10073_61418,-89.0,118.83970650636492,124.7955885997171,5dd4c98e44333f00067ab1ce,820.0
1574226053024.0,FDA50693-A4E2-4FB1-AFCF-C6EB07647825_10073_61418,-87.0,118.83820516548798,124.79156359264498,5dd4c98e44333f00067ab1ce,817.0
1574226053506.0,FDA50693-A4E2-4FB1-AFCF-C6EB07647825_10073_61418,-80.0,118.59698973125883,124.14487912305516,5dd4c98e44333f00067ab1ce,335.0
1574226053769.0,FDA50693-A4E2-4FB1-AFCF-C6EB07647825_10073_61418,-88.0,118.46537218104667,123.79202016973126,5dd4c98e44333f00067ab1ce,72.0
1574226053790.0,FDA50693-A4E2-4FB1-AFCF-C6EB07647825_10073_61418,-89.0,118.45486279490805,123.7638451202263,5dd4c98e44333f00067ab1ce,51.0
1574226054023.0,FDA50693-A4E2-4FB1-AFCF-C6EB07647825_10073_61418,-93.0,118.28823766652876,123.70908242449318,5dd4c98e44333f00067ab1ce,182.0
1574226054287.0,FDA50693-A4E2-4FB1-AFCF-C6EB07647825_10073_61418,-81.0,118.08356175424079,123.72890044683491,5dd4c98e44333f00067ab1ce,446.0
1574226054573.0,FDA50693-A4E2-4FB1-AFCF-C6EB07647825_10073_61418,-99.0,117.86182951592883,123.75036997103848,5dd4c98e44333f00067ab1ce,732.0
1574226055593.0,FDA50693-A4E2-4FB1-AFCF-C6EB07647825_10073_61418,-86.0,117.07103621845263,123.8269396028134,5dd4c98e44333f00067ab1ce,665.0
1574226057441.0,FDA50693-A4E2-4FB1-AFCF-C6EB07647825_10073_61418,-90.0,116.03800767792579,124.5907881184586,5dd4c98e44333f00067ab1ce,1183.0
1574226057939.0,FDA50693-A4E2-4FB1-AFCF-C6EB07647825_10073_61418,-88.0,115.82017484919125,124.89132590627973,5dd4c98e44333f00067ab1ce,1681.0
1574226060563.0,FDA50693-A4E2-4FB1-AFCF-C6EB07647825_10073_61418,-96.0,114.69321605433831,126.29228563540754,5dd4c98e44333f00067ab1ce,101.0
1574226060819.0,FDA50693-A4E2-4FB1-AFCF-C6EB07647825_10073_61418,-90.0,114.63400668711657,125.98395932515336,5dd4c98e44333f00067ab1ce,357.0
1574226060827.0,FDA50693-A4E2-4FB1-AFCF-C6EB07647825_10073_61418,-95.0,114.63215639439089,125.97432412795793,5dd4c98e44333f00067ab1ce,365.0
1574226061335.0,FDA50693-A4E2-4FB1-AFCF-C6EB07647825_10073_61418,-97.0,114.51466280631026,125.36248910604732,5dd4c98e44333f00067ab1ce,873.0
1574226061872.0,FDA50693-A4E2-4FB1-AFCF-C6EB07647825_10073_61418,-100.0,114.39046190709904,124.71572649430324,5dd4c98e44333f00067ab1ce,872.0
1574226061977.0,FDA50693-A4E2-4FB1-AFCF-C6EB07647825_10073_61418,-99.0,114.3661768150745,124.58926453111306,5dd4c98e44333f00067ab1ce,767.0
1574226093739.0,FDA50693-A4E2-4FB1-AFCF-C6EB07647825_10073_61418,-98.0,112.49947714692786,121.61170756010686,5dd4c98e44333f00067ab1ce,2116.0
1574226094484.0,FDA50693-A4E2-4FB1-AFCF-C6EB07647825_10073_61418,-94.0,113.09424587355298,122.33480203918077,5dd4c98e44333f00067ab1ce,1371.0
1574226095262.0,FDA50693-A4E2-4FB1-AFCF-C6EB07647825_10073_61418,-96.0,113.71536006055209,123.0899262065895,5dd4c98e44333f00067ab1ce,593.0
1574226512029.0,FDA50693-A4E2-4FB1-AFCF-C6EB07647825_10073_61418,-86.0,128.37197940573046,152.08217369649807,5dd4d35bd48f840006f14474,91.0
1574226512499.0,FDA50693-A4E2-4FB1-AFCF-C6EB07647825_10073_61418,-91.0,128.64602249027237,151.52878070038912,5dd4d35bd48f840006f14474,561.0
1574226512718.0,FDA50693-A4E2-4FB1-AFCF-C6EB07647825_10073_61418,-85.0,128.77371490626103,151.27092311284048,5dd4d35bd48f840006f14474,780.0
1574226512793.0,FDA50693-A4E2-4FB1-AFCF-C6EB07647825_10073_61418,-84.0,128.81744518570923,151.18261571984436,5dd4d35bd48f840006f14474,855.0
1574226512897.0,FDA50693-A4E2-4FB1-AFCF-C6EB07647825_10073_61418,-91.0,128.87808450654404,151.06016280155643,5dd4d35bd48f840006f14474,959.0
1574226513138.0,FDA50693-A4E2-4FB1-AFCF-C6EB07647825_10073_61418,-92.0,129.01860447117085,150.77640171206227,5dd4d35bd48f840006f14474,1200.0
1574226514019.0,FDA50693-A4E2-4FB1-AFCF-C6EB07647825_10073_61418,-68.0,129.53228948708878,149.73908420233462,5dd4d35bd48f840006f14474,2081.0
1574226514569.0,FDA50693-A4E2-4FB1-AFCF-C6EB07647825_10073_61418,-96.0,129.85297820304208,149.0914966536965,5dd4d35bd48f840006f14474,2631.0
1574226514881.0,FDA50693-A4E2-4FB1-AFCF-C6EB07647825_10073_61418,-79.0,130.0348961655465,148.72413789883268,5dd4d35bd48f840006f14474,2711.0
1574226514938.0,FDA50693-A4E2-4FB1-AFCF-C6EB07647825_10073_61418,-88.0,130.0681311779271,148.65702428015564,5dd4d35bd48f840006f14474,2654.0
1574226515199.0,FDA50693-A4E2-4FB1-AFCF-C6EB07647825_10073_61418,-87.0,130.2203125504068,148.34971455252918,5dd4d35bd48f840006f14474,2393.0
1574226515563.0,FDA50693-A4E2-4FB1-AFCF-C6EB07647825_10073_61418,-87.0,130.43255017332862,147.9211293385214,5dd4d35bd48f840006f14474,2029.0
1574226515725.0,FDA50693-A4E2-4FB1-AFCF-C6EB07647825_10073_61418,-88.0,130.52700757693668,147.7303853696498,5dd4d35bd48f840006f14474,1867.0
1574226515853.0,FDA50693-A4E2-4FB1-AFCF-C6EB07647825_10073_61418,-72.0,130.6016405871949,147.5796740856031,5dd4d35bd48f840006f14474,1739.0
1574226515979.0,FDA50693-A4E2-4FB1-AFCF-C6EB07647825_10073_61418,-96.0,130.67510745666783,147.43131766536965,5dd4d35bd48f840006f14474,1613.0
1574226516702.0,FDA50693-A4E2-4FB1-AFCF-C6EB07647825_10073_61418,-76.0,131.09666735054827,146.58003439688716,5dd4d35bd48f840006f14474,890.0
1574226516754.0,FDA50693-A4E2-4FB1-AFCF-C6EB07647825_10073_61418,-90.0,131.12698701096568,146.5188079377432,5dd4d35bd48f840006f14474,838.0
1574226517410.0,FDA50693-A4E2-4FB1-AFCF-C6EB07647825_10073_61418,-72.0,131.5094811885391,145.7464126070039,5dd4d35bd48f840006f14474,182.0
1574226517670.0,FDA50693-A4E2-4FB1-AFCF-C6EB07647825_10073_61418,-69.0,131.7020073442037,145.52745794505248,5dd4d35bd48f840006f14474,78.0
1574226518168.0,FDA50693-A4E2-4FB1-AFCF-C6EB07647825_10073_61418,-88.0,132.25368500335045,145.4976925173107,5dd4d35bd48f840006f14474,576.0
1574226518277.0,FDA50693-A4E2-4FB1-AFCF-C6EB07647825_10073_61418,-77.0,132.37443372794283,145.49117759437124,5dd4d35bd48f840006f14474,685.0
1574226518678.0,FDA50693-A4E2-4FB1-AFCF-C6EB07647825_10073_61418,-78.0,132.81865610006702,145.46720985034622,5dd4d35bd48f840006f14474,1086.0
1574226519460.0,FDA50693-A4E2-4FB1-AFCF-C6EB07647825_10073_61418,-68.0,133.6849451150324,145.42046976100067,5dd4d35bd48f840006f14474,1868.0
1574226520021.0,FDA50693-A4E2-4FB1-AFCF-C6EB07647825_10073_61418,-77.0,134.3064133214206,145.38693882733975,5dd4d35bd48f840006f14474,2048.0
1574226521181.0,FDA50693-A4E2-4FB1-AFCF-C6EB07647825_10073_61418,-78.0,135.59144561983473,145.31760570247934,5dd4d35bd48f840006f14474,888.0
1574226521183.0,FDA50693-A4E2-4FB1-AFCF-C6EB07647825_10073_61418,-77.0,135.59366119276302,145.3174861626089,5dd4d35bd48f840006f14474,886.0
1574226521291.0,FDA50693-A4E2-4FB1-AFCF-C6EB07647825_10073_61418,-69.0,135.71330213089124,145.31103100960465,5dd4d35bd48f840006f14474,778.0
1574226521387.0,FDA50693-A4E2-4FB1-AFCF-C6EB07647825_10073_61418,-83.0,135.81964963144964,145.3052930958231,5dd4d35bd48f840006f14474,682.0
1574226521811.0,FDA50693-A4E2-4FB1-AFCF-C6EB07647825_10073_61418,-73.0,136.2893510922493,145.27995064328792,5dd4d35bd48f840006f14474,258.0
1574226521828.0,FDA50693-A4E2-4FB1-AFCF-C6EB07647825_10073_61418,-84.0,136.30818346213982,145.2789345543891,5dd4d35bd48f840006f14474,241.0
1574226522334.0,FDA50693-A4E2-4FB1-AFCF-C6EB07647825_10073_61418,-77.0,136.7452341485686,145.049600088845,5dd4d35bd48f840006f14474,265.0
1574226522705.0,FDA50693-A4E2-4FB1-AFCF-C6EB07647825_10073_61418,-93.0,136.98333795656467,144.74869821322804,5dd4d35bd48f840006f14474,636.0
1574226523520.0,FDA50693-A4E2-4FB1-AFCF-C6EB07647825_10073_61418,-76.0,137.50639618706813,144.0876873543929,5dd4d35bd48f840006f14474,1451.0
1574226523666.0,FDA50693-A4E2-4FB1-AFCF-C6EB07647825_10073_61418,-81.0,137.60009741609082,143.96927313919053,5dd4d35bd48f840006f14474,1597.0
1574226524007.0,FDA50693-A4E2-4FB1-AFCF-C6EB07647825_10073_61418,-95.0,137.81894754689043,143.69270295162883,5dd4d35bd48f840006f14474,1938.0
1574226524171.0,FDA50693-A4E2-4FB1-AFCF-C6EB07647825_10073_61418,-79.0,137.924200982231,143.5596897235933,5dd4d35bd48f840006f14474,1950.0
1574226524263.0,FDA50693-A4E2-4FB1-AFCF-C6EB07647825_10073_61418,-90.0,137.9832455923001,143.48507254689042,5dd4d35bd48f840006f14474,1858.0
1574226524478.0,FDA50693-A4E2-4FB1-AFCF-C6EB07647825_10073_61418,-78.0,138.12123027887463,143.3106954491609,5dd4d35bd48f840006f14474,1643.0
1574226524527.0,FDA50693-A4E2-4FB1-AFCF-C6EB07647825_10073_61418,-85.0,138.15267795162885,143.27095369200396,5dd4d35bd48f840006f14474,1594.0
1574226524694.0,FDA50693-A4E2-4FB1-AFCF-C6EB07647825_10073_61418,-69.0,138.25985675468905,143.13550729516288,5dd4d35bd48f840006f14474,1427.0
1574226524715.0,FDA50693-A4E2-4FB1-AFCF-C6EB07647825_10073_61418,-86.0,138.27333432872655,143.11847511352417,5dd4d35bd48f840006f14474,1406.0
1574226524728.0,FDA50693-A4E2-4FB1-AFCF-C6EB07647825_10073_61418,-88.0,138.281677588845,143.10793138203357,5dd4d35bd48f840006f14474,1393.0
1574226524955.0,FDA50693-A4E2-4FB1-AFCF-C6EB07647825_10073_61418,-80.0,138.42736374629814,142.92382160908193,5dd4d35bd48f840006f14474,1166.0
1574226524975.0,FDA50693-A4E2-4FB1-AFCF-C6EB07647825_10073_61418,-76.0,138.44019953109577,142.90760048371175,5dd4d35bd48f840006f14474,1146.0
1574226525199.0,FDA50693-A4E2-4FB1-AFCF-C6EB07647825_10073_61418,-89.0,138.58396032082922,142.72592387956564,5dd4d35bd48f840006f14474,922.0
1574226525264.0,FDA50693-A4E2-4FB1-AFCF-C6EB07647825_10073_61418,-96.0,138.62567662142152,142.67320522211253,5dd4d35bd48f840006f14474,857.0
1574226525277.0,FDA50693-A4E2-4FB1-AFCF-C6EB07647825_10073_61418,-73.0,138.63401988153998,142.6626614906219,5dd4d35bd48f840006f14474,844.0
1574226525543.0,FDA50693-A4E2-4FB1-AFCF-C6EB07647825_10073_61418,-74.0,138.80473581934848,142.44692052319843,5dd4d35bd48f840006f14474,578.0
1574226525574.0,FDA50693-A4E2-4FB1-AFCF-C6EB07647825_10073_61418,-83.0,138.8246312857848,142.42177777887463,5dd4d35bd48f840006f14474,547.0
1574226525842.0,FDA50693-A4E2-4FB1-AFCF-C6EB07647825_10073_61418,-78.0,138.99663080207304,142.20441469891412,5dd4d35bd48f840006f14474,279.0
1574226525847.0,FDA50693-A4E2-4FB1-AFCF-C6EB07647825_10073_61418,-91.0,138.99983974827245,142.20035941757158,5dd4d35bd48f840006f14474,274.0
1574226526524.0,FDA50693-A4E2-4FB1-AFCF-C6EB07647825_10073_61418,-78.0,138.62520226993865,141.8844890797546,5dd4d35bd48f840006f14474,403.0
1574226526562.0,FDA50693-A4E2-4FB1-AFCF-C6EB07647825_10073_61418,-79.0,138.57329523831996,141.8756594148183,5dd4d35bd48f840006f14474,441.0
1574226526646.0,FDA50693-A4E2-4FB1-AFCF-C6EB07647825_10073_61418,-83.0,138.45855337895233,141.85614120811704,5dd4d35bd48f840006f14474,525.0
1574226526897.0,FDA50693-A4E2-4FB1-AFCF-C6EB07647825_10073_61418,-89.0,138.11569377536574,141.7978189476168,5dd4d35bd48f840006f14474,776.0
1574226527069.0,FDA50693-A4E2-4FB1-AFCF-C6EB07647825_10073_61418,-70.0,137.88074615856536,141.7578530957999,5dd4d35bd48f840006f14474,948.0
1574226527363.0,FDA50693-A4E2-4FB1-AFCF-C6EB07647825_10073_61418,-79.0,137.47914965077868,141.68953937234545,5dd4d35bd48f840006f14474,1242.0
1574226527381.0,FDA50693-A4E2-4FB1-AFCF-C6EB07647825_10073_61418,-77.0,137.4545621094856,141.6853568994809,5dd4d35bd48f840006f14474,1260.0
1574226527597.0,FDA50693-A4E2-4FB1-AFCF-C6EB07647825_10073_61418,-74.0,137.15951161396885,141.6351672251062,5dd4d35bd48f840006f14474,1476.0
1574226527671.0,FDA50693-A4E2-4FB1-AFCF-C6EB07647825_10073_61418,-82.0,137.05842949976403,141.61797261444076,5dd4d35bd48f840006f14474,1550.0
1574226527857.0,FDA50693-A4E2-4FB1-AFCF-C6EB07647825_10073_61418,-74.0,136.80435823973573,141.57475372817368,5dd4d35bd48f840006f14474,1736.0
1574226528139.0,FDA50693-A4E2-4FB1-AFCF-C6EB07647825_10073_61418,-82.0,136.41915342614442,141.50922831996223,5dd4d35bd48f840006f14474,2018.0
1574226528207.0,FDA50693-A4E2-4FB1-AFCF-C6EB07647825_10073_61418,-82.0,136.3262671590373,141.49342786691835,5dd4d35bd48f840006f14474,2086.0
1574226528382.0,FDA50693-A4E2-4FB1-AFCF-C6EB07647825_10073_61418,-73.0,136.08722161868806,141.4527649362907,5dd4d35bd48f840006f14474,2261.0
1574226528602.0,FDA50693-A4E2-4FB1-AFCF-C6EB07647825_10073_61418,-62.0,135.78670722510617,141.40164582350164,5dd4d35bd48f840006f14474,2481.0
1574226528979.0,FDA50693-A4E2-4FB1-AFCF-C6EB07647825_10073_61418,-100.0,135.27173483246816,141.3140462529495,5dd4d35bd48f840006f14474,2858.0
1574226529163.0,FDA50693-A4E2-4FB1-AFCF-C6EB07647825_10073_61418,-72.0,135.02039552147238,141.27129208588957,5dd4d35bd48f840006f14474,3042.0
1574226529281.0,FDA50693-A4E2-4FB1-AFCF-C6EB07647825_10073_61418,-95.0,134.85921052855122,141.24387365266637,5dd4d35bd48f840006f14474,3160.0
1574226529390.0,FDA50693-A4E2-4FB1-AFCF-C6EB07647825_10073_61418,-71.0,134.71031930627655,141.2185464558754,5dd4d35bd48f840006f14474,3088.0
1574226529422.0,FDA50693-A4E2-4FB1-AFCF-C6EB07647825_10073_61418,-76.0,134.66660812175553,141.21111094856064,5dd4d35bd48f840006f14474,3056.0
1574226529651.0,FDA50693-A4E2-4FB1-AFCF-C6EB07647825_10073_61418,-87.0,134.35379995752714,141.1579005993393,5dd4d35bd48f840006f14474,2827.0
1574226529680.0,FDA50693-A4E2-4FB1-AFCF-C6EB07647825_10073_61418,-71.0,134.31418669655497,141.1511621708353,5dd4d35bd48f840006f14474,2798.0
1574226529698.0,FDA50693-A4E2-4FB1-AFCF-C6EB07647825_10073_61418,-94.0,134.28959915526193,141.14697969797075,5dd4d35bd48f840006f14474,2780.0
1574226529804.0,FDA50693-A4E2-4FB1-AFCF-C6EB07647825_10073_61418,-95.0,134.1448058565361,141.12234957999055,5dd4d35bd48f840006f14474,2674.0
1574226529947.0,FDA50693-A4E2-4FB1-AFCF-C6EB07647825_10073_61418,-78.0,133.9494715007079,141.0891221566777,5dd4d35bd48f840006f14474,2531.0
1574226530033.0,FDA50693-A4E2-4FB1-AFCF-C6EB07647825_10073_61418,-84.0,133.83199769230768,141.06913923076922,5dd4d35bd48f840006f14474,2445.0
1574226530075.0,FDA50693-A4E2-4FB1-AFCF-C6EB07647825_10073_61418,-84.0,133.77462676262388,141.0593801274186,5dd4d35bd48f840006f14474,2403.0
1574226530196.0,FDA50693-A4E2-4FB1-AFCF-C6EB07647825_10073_61418,-75.0,133.60934384615385,141.03126461538463,5dd4d35bd48f840006f14474,2282.0
1574226530328.0,FDA50693-A4E2-4FB1-AFCF-C6EB07647825_10073_61418,-77.0,133.4290352100047,141.0005931477112,5dd4d35bd48f840006f14474,2150.0
1574226530464.0,FDA50693-A4E2-4FB1-AFCF-C6EB07647825_10073_61418,-92.0,133.24326267579048,140.96899224162343,5dd4d35bd48f840006f14474,2014.0
1574226530466.0,FDA50693-A4E2-4FB1-AFCF-C6EB07647825_10073_61418,-67.0,133.2405307267579,140.96852752241625,5dd4d35bd48f840006f14474,2012.0
1574226530771.0,FDA50693-A4E2-4FB1-AFCF-C6EB07647825_10073_61418,-73.0,132.82390849929212,140.89765784332232,5dd4d35bd48f840006f14474,1707.0
1574226530898.0,FDA50693-A4E2-4FB1-AFCF-C6EB07647825_10073_61418,-100.0,132.6504297357244,140.86814817366684,5dd4d35bd48f840006f14474,1580.0
1574226530975.0,FDA50693-A4E2-4FB1-AFCF-C6EB07647825_10073_61418,-71.0,132.54524969797075,140.85025648419065,5dd4d35bd48f840006f14474,1503.0
1574226531246.0,FDA50693-A4E2-4FB1-AFCF-C6EB07647825_10073_61418,-72.0,132.1750706040585,140.7872870316187,5dd4d35bd48f840006f14474,1232.0
1574226531491.0,FDA50693-A4E2-4FB1-AFCF-C6EB07647825_10073_61418,-85.0,131.8404068475696,140.73035892873997,5dd4d35bd48f840006f14474,987.0
1574226531503.0,FDA50693-A4E2-4FB1-AFCF-C6EB07647825_10073_61418,-69.0,131.82401515337423,140.72757061349694,5dd4d35bd48f840006f14474,975.0
1574226531585.0,FDA50693-A4E2-4FB1-AFCF-C6EB07647825_10073_61418,-97.0,131.71200524303916,140.70851712600285,5dd4d35bd48f840006f14474,893.0
1574226531617.0,FDA50693-A4E2-4FB1-AFCF-C6EB07647825_10073_61418,-81.0,131.66829405851817,140.70108161868808,5dd4d35bd48f840006f14474,861.0
1574226531735.0,FDA50693-A4E2-4FB1-AFCF-C6EB07647825_10073_61418,-86.0,131.50710906559698,140.67366318546485,5dd4d35bd48f840006f14474,743.0
1574226532000.0,FDA50693-A4E2-4FB1-AFCF-C6EB07647825_10073_61418,-66.0,131.14512581878245,140.6120878905144,5dd4d35bd48f840006f14474,478.0
1574226532247.0,FDA50693-A4E2-4FB1-AFCF-C6EB07647825_10073_61418,-66.0,130.80773011326096,140.55469506842852,5dd4d35bd48f840006f14474,231.0
1574226532530.0,FDA50693-A4E2-4FB1-AFCF-C6EB07647825_10073_61418,-64.0,130.47674538083538,140.46023307125307,5dd4d35bd48f840006f14474,52.0
1574226532562.0,FDA50693-A4E2-4FB1-AFCF-C6EB07647825_10073_61418,-92.0,130.467240999811,140.43513342279343,5dd4d35bd48f840006f14474,84.0
1574226532564.0,FDA50693-A4E2-4FB1-AFCF-C6EB07647825_10073_61418,-68.0,130.46664697599698,140.4335646947647,5dd4d35bd48f840006f14474,86.0
1574226533346.0,FDA50693-A4E2-4FB1-AFCF-C6EB07647825_10073_61418,-71.0,130.23438366471365,139.82019203553205,5dd4d35bd48f840006f14474,868.0
1574226533559.0,FDA50693-A4E2-4FB1-AFCF-C6EB07647825_10073_61418,-62.0,130.17112012852013,139.6531225004725,5dd4d35bd48f840006f14474,1081.0
1574226533632.0,FDA50693-A4E2-4FB1-AFCF-C6EB07647825_10073_61418,-70.0,130.14943825930825,139.59586392742395,5dd4d35bd48f840006f14474,1154.0
1574226533859.0,FDA50693-A4E2-4FB1-AFCF-C6EB07647825_10073_61418,-64.0,130.08201655641656,139.4178132961633,5dd4d35bd48f840006f14474,1381.0
1574226534019.0,FDA50693-A4E2-4FB1-AFCF-C6EB07647825_10073_61418,-82.0,130.03449465129464,139.29231505386505,5dd4d35bd48f840006f14474,1541.0
1574226534406.0,FDA50693-A4E2-4FB1-AFCF-C6EB07647825_10073_61418,-64.0,129.91955104328105,138.9887661803062,5dd4d35bd48f840006f14474,1928.0
1574226534637.0,FDA50693-A4E2-4FB1-AFCF-C6EB07647825_10073_61418,-70.0,129.8509412927613,138.8075780929881,5dd4d35bd48f840006f14474,2159.0
1574226534783.0,FDA50693-A4E2-4FB1-AFCF-C6EB07647825_10073_61418,-85.0,129.80757755433754,138.69306094689097,5dd4d35bd48f840006f14474,2305.0
1574226535027.0,FDA50693-A4E2-4FB1-AFCF-C6EB07647825_10073_61418,-70.0,129.73510664902665,138.50167612738613,5dd4d35bd48f840006f14474,2549.0
1574226535178.0,FDA50693-A4E2-4FB1-AFCF-C6EB07647825_10073_61418,-65.0,129.69025785106786,138.38323716121718,5dd4d35bd48f840006f14474,2591.0
1574226535436.0,FDA50693-A4E2-4FB1-AFCF-C6EB07647825_10073_61418,-69.0,129.61362877905879,138.18087124551127,5dd4d35bd48f840006f14474,2333.0
1574226535656.0,FDA50693-A4E2-4FB1-AFCF-C6EB07647825_10073_61418,-60.0,129.54828615951615,138.00831116235116,5dd4d35bd48f840006f14474,2113.0
1574226536168.0,FDA50693-A4E2-4FB1-AFCF-C6EB07647825_10073_61418,-59.0,129.39621606312608,137.6067167869968,5dd4d35bd48f840006f14474,1601.0
1574226536196.0,FDA50693-A4E2-4FB1-AFCF-C6EB07647825_10073_61418,-85.0,129.38789972972972,137.5847545945946,5dd4d35bd48f840006f14474,1573.0
1574226536591.0,FDA50693-A4E2-4FB1-AFCF-C6EB07647825_10073_61418,-96.0,129.27058002646004,137.27493080892083,5dd4d35bd48f840006f14474,1178.0
1574226536739.0,FDA50693-A4E2-4FB1-AFCF-C6EB07647825_10073_61418,-80.0,129.22662226422227,137.15884493479496,5dd4d35bd48f840006f14474,1030.0
1574226536874.0,FDA50693-A4E2-4FB1-AFCF-C6EB07647825_10073_61418,-80.0,129.18652565677567,137.0529557928558,5dd4d35bd48f840006f14474,895.0
1574226537349.0,FDA50693-A4E2-4FB1-AFCF-C6EB07647825_10073_61418,-86.0,129.04544500094502,136.6803828860329,5dd4d35bd48f840006f14474,420.0
1574226537358.0,FDA50693-A4E2-4FB1-AFCF-C6EB07647825_10073_61418,-71.0,129.0427718937819,136.67332360990363,5dd4d35bd48f840006f14474,411.0
1574226537364.0,FDA50693-A4E2-4FB1-AFCF-C6EB07647825_10073_61418,-90.0,129.04098982233984,136.66861742581744,5dd4d35bd48f840006f14474,405.0
1574226537387.0,FDA50693-A4E2-4FB1-AFCF-C6EB07647825_10073_61418,-83.0,129.03415854847856,136.65057705348707,5dd4d35bd48f840006f14474,382.0
1574226537743.0,FDA50693-A4E2-4FB1-AFCF-C6EB07647825_10073_61418,-71.0,128.92842230958232,136.37134346437347,5dd4d35bd48f840006f14474,26.0
1574226537843.0,FDA50693-A4E2-4FB1-AFCF-C6EB07647825_10073_61418,-69.0,128.86431348858284,136.38496103298297,5dd4d35bd48f840006f14474,74.0
1574226538042.0,FDA50693-A4E2-4FB1-AFCF-C6EB07647825_10073_61418,-70.0,128.71267949166366,136.47642313519393,5dd4d35bd48f840006f14474,273.0
1574226538812.0,FDA50693-A4E2-4FB1-AFCF-C6EB07647825_10073_61418,-97.0,128.1259549809714,136.83032172163828,5dd4d35bd48f840006f14474,1043.0
1574226538824.0,FDA50693-A4E2-4FB1-AFCF-C6EB07647825_10073_61418,-72.0,128.1168112223632,136.83583702428416,5dd4d35bd48f840006f14474,1055.0
1574226538906.0,FDA50693-A4E2-4FB1-AFCF-C6EB07647825_10073_61418,-84.0,128.05432887187388,136.87352492569772,5dd4d35bd48f840006f14474,1137.0
1574226539390.0,FDA50693-A4E2-4FB1-AFCF-C6EB07647825_10073_61418,-80.0,127.68553060801015,137.09597546574847,5dd4d35bd48f840006f14474,1621.0
1574226539630.0,FDA50693-A4E2-4FB1-AFCF-C6EB07647825_10073_61418,-81.0,127.50265543584632,137.2062815186662,5dd4d35bd48f840006f14474,1861.0
1574226540133.0,FDA50693-A4E2-4FB1-AFCF-C6EB07647825_10073_61418,-75.0,127.11937955418631,137.43746462123957,5dd4d35bd48f840006f14474,2364.0
1574226540711.0,FDA50693-A4E2-4FB1-AFCF-C6EB07647825_10073_61418,-84.0,126.67895518122508,137.70311836534978,5dd4d35bd48f840006f14474,2576.0
1574226540917.0,FDA50693-A4E2-4FB1-AFCF-C6EB07647825_10073_61418,-76.0,126.5219873251178,137.79779772743748,5dd4d35bd48f840006f14474,2370.0
1574226541220.0,FDA50693-A4E2-4FB1-AFCF-C6EB07647825_10073_61418,-90.0,126.29110742026097,137.9370591192461,5dd4d35bd48f840006f14474,2067.0
1574226541290.0,FDA50693-A4E2-4FB1-AFCF-C6EB07647825_10073_61418,-83.0,126.23776882837984,137.9692317180138,5dd4d35bd48f840006f14474,1997.0
1574226541457.0,FDA50693-A4E2-4FB1-AFCF-C6EB07647825_10073_61418,-91.0,126.11051818774918,138.04598634650236,5dd4d35bd48f840006f14474,1830.0
1574226541475.0,FDA50693-A4E2-4FB1-AFCF-C6EB07647825_10073_61418,-85.0,126.0968025498369,138.0542593004712,5dd4d35bd48f840006f14474,1812.0
1574226541629.0,FDA50693-A4E2-4FB1-AFCF-C6EB07647825_10073_61418,-88.0,125.97945764769844,138.12503901776006,5dd4d35bd48f840006f14474,1658.0
1574226541687.0,FDA50693-A4E2-4FB1-AFCF-C6EB07647825_10073_61418,-94.0,125.93526281442551,138.15169631388184,5dd4d35bd48f840006f14474,1600.0
1574226541943.0,FDA50693-A4E2-4FB1-AFCF-C6EB07647825_10073_61418,-86.0,125.74019596411743,138.26935610366075,5dd4d35bd48f840006f14474,1344.0
1574226541956.0,FDA50693-A4E2-4FB1-AFCF-C6EB07647825_10073_61418,-73.0,125.73029022562523,138.27533101486046,5dd4d35bd48f840006f14474,1331.0
1574226541960.0,FDA50693-A4E2-4FB1-AFCF-C6EB07647825_10073_61418,-85.0,125.72724230608917,138.27716944907576,5dd4d35bd48f840006f14474,1327.0
1574226542235.0,FDA50693-A4E2-4FB1-AFCF-C6EB07647825_10073_61418,-76.0,125.51769783798477,138.40356180137732,5dd4d35bd48f840006f14474,1052.0
1574226542511.0,FDA50693-A4E2-4FB1-AFCF-C6EB07647825_10073_61418,-75.0,125.30739138999637,138.53041376223268,5dd4d35bd48f840006f14474,776.0
1574226542781.0,FDA50693-A4E2-4FB1-AFCF-C6EB07647825_10073_61418,-90.0,125.10165682131206,138.65450807176512,5dd4d35bd48f840006f14474,506.0
1574226543021.0,FDA50693-A4E2-4FB1-AFCF-C6EB07647825_10073_61418,-87.0,124.91878164914824,138.76481412468286,5dd4d35bd48f840006f14474,266.0
1574226543023.0,FDA50693-A4E2-4FB1-AFCF-C6EB07647825_10073_61418,-72.0,124.91725768938021,138.7657333417905,5dd4d35bd48f840006f14474,264.0
1574226543249.0,FDA50693-A4E2-4FB1-AFCF-C6EB07647825_10073_61418,-92.0,124.7450502355926,138.8696048749547,5dd4d35bd48f840006f14474,38.0
1574226543388.0,FDA50693-A4E2-4FB1-AFCF-C6EB07647825_10073_61418,-89.0,124.60721627648223,138.91339988873648,5dd4d35bd48f840006f14474,101.0
1574226543523.0,FDA50693-A4E2-4FB1-AFCF-C6EB07647825_10073_61418,-92.0,124.46168530940405,138.94859330437433,5dd4d35bd48f840006f14474,236.0
1574226543535.0,FDA50693-A4E2-4FB1-AFCF-C6EB07647825_10073_61418,-78.0,124.44874922344154,138.95172160798657,5dd4d35bd48f840006f14474,248.0
1574226544366.0,FDA50693-A4E2-4FB1-AFCF-C6EB07647825_10073_61418,-95.0,123.55292527053803,139.16835663313518,5dd4d35bd48f840006f14474,1079.0
1574226544551.0,FDA50693-A4E2-4FB1-AFCF-C6EB07647825_10073_61418,-89.0,123.35349394528272,139.21658464715745,5dd4d35bd48f840006f14474,1264.0
1574226544587.0,FDA50693-A4E2-4FB1-AFCF-C6EB07647825_10073_61418,-72.0,123.31468568739521,139.2259695579942,5dd4d35bd48f840006f14474,1300.0
1574226544829.0,FDA50693-A4E2-4FB1-AFCF-C6EB07647825_10073_61418,-73.0,123.05380795381801,139.28905701417466,5dd4d35bd48f840006f14474,1542.0
1574226545627.0,FDA50693-A4E2-4FB1-AFCF-C6EB07647825_10073_61418,-84.0,122.19355823731138,139.49708920438957,5dd4d35bd48f840006f14474,2340.0
1574226545892.0,FDA50693-A4E2-4FB1-AFCF-C6EB07647825_10073_61418,-85.0,121.90788633897272,139.56617257582684,5dd4d35bd48f840006f14474,2605.0
1574226546777.0,FDA50693-A4E2-4FB1-AFCF-C6EB07647825_10073_61418,-91.0,120.95384999923792,139.7968849672306,5dd4d35bd48f840006f14474,3071.0
1574226547207.0,FDA50693-A4E2-4FB1-AFCF-C6EB07647825_10073_61418,-84.0,120.4903069189148,139.90898251333638,5dd4d35bd48f840006f14474,2641.0
1574226548732.0,FDA50693-A4E2-4FB1-AFCF-C6EB07647825_10073_61418,-70.0,118.84634599451303,140.30653776406035,5dd4d35bd48f840006f14474,1116.0
1574226549103.0,FDA50693-A4E2-4FB1-AFCF-C6EB07647825_10073_61418,-84.0,118.4464053368389,140.40325448407253,5dd4d35bd48f840006f14474,745.0
1574226549751.0,FDA50693-A4E2-4FB1-AFCF-C6EB07647825_10073_61418,-91.0,117.74785669486359,140.57218287913426,5dd4d35bd48f840006f14474,97.0
1574226550003.0,FDA50693-A4E2-4FB1-AFCF-C6EB07647825_10073_61418,-91.0,117.83078571643757,140.5960625673131,5dd4d35bd48f840006f14474,155.0
1574226550814.0,FDA50693-A4E2-4FB1-AFCF-C6EB07647825_10073_61418,-80.0,118.81181169083034,140.58869851628694,5dd4d35bd48f840006f14474,966.0
1574226551336.0,FDA50693-A4E2-4FB1-AFCF-C6EB07647825_10073_61418,-79.0,119.44324887780078,140.58395864620599,5dd4d35bd48f840006f14474,1488.0
1574226551390.0,FDA50693-A4E2-4FB1-AFCF-C6EB07647825_10073_61418,-84.0,119.50856996610807,140.5834683148183,5dd4d35bd48f840006f14474,1542.0
1574226551609.0,FDA50693-A4E2-4FB1-AFCF-C6EB07647825_10073_61418,-75.0,119.77348326868763,140.5814797486349,5dd4d35bd48f840006f14474,1761.0
1574226552315.0,FDA50693-A4E2-4FB1-AFCF-C6EB07647825_10073_61418,-86.0,120.62749601581622,140.57506911975145,5dd4d35bd48f840006f14474,2467.0
1574226552907.0,FDA50693-A4E2-4FB1-AFCF-C6EB07647825_10073_61418,-78.0,121.34360868762944,140.56969363490867,5dd4d35bd48f840006f14474,3059.0
1574226553188.0,FDA50693-A4E2-4FB1-AFCF-C6EB07647825_10073_61418,-75.0,121.68352027678402,140.56714209565052,5dd4d35bd48f840006f14474,3340.0
1574226553204.0,FDA50693-A4E2-4FB1-AFCF-C6EB07647825_10073_61418,-79.0,121.70287467331951,140.56699681227641,5dd4d35bd48f840006f14474,3356.0
1574226553301.0,FDA50693-A4E2-4FB1-AFCF-C6EB07647825_10073_61418,-92.0,121.82021070231595,140.56611603182074,5dd4d35bd48f840006f14474,3453.0
1574226553856.0,FDA50693-A4E2-4FB1-AFCF-C6EB07647825_10073_61418,-81.0,122.49156633214083,140.56107651478064,5dd4d35bd48f840006f14474,4008.0
1574226554488.0,FDA50693-A4E2-4FB1-AFCF-C6EB07647825_10073_61418,-86.0,123.25606499529277,140.55533782150255,5dd4d35bd48f840006f14474,4640.0
1574226554635.0,FDA50693-A4E2-4FB1-AFCF-C6EB07647825_10073_61418,-74.0,123.43388351346262,140.55400303050274,5dd4d35bd48f840006f14474,4787.0
1574226554737.0,FDA50693-A4E2-4FB1-AFCF-C6EB07647825_10073_61418,-78.0,123.55726779137638,140.55307684899265,5dd4d35bd48f840006f14474,4889.0
1574226555803.0,FDA50693-A4E2-4FB1-AFCF-C6EB07647825_10073_61418,-85.0,124.84675446055357,140.5433973441913,5dd4d35bd48f840006f14474,4667.0
1574226555892.0,FDA50693-A4E2-4FB1-AFCF-C6EB07647825_10073_61418,-93.0,124.95441329128224,140.5425892054227,5dd4d35bd48f840006f14474,4578.0
1574226556176.0,FDA50693-A4E2-4FB1-AFCF-C6EB07647825_10073_61418,-90.0,125.29795382978723,140.5400104255319,5dd4d35bd48f840006f14474,4294.0
1574226557412.0,FDA50693-A4E2-4FB1-AFCF-C6EB07647825_10073_61418,-76.0,126.79308096215401,140.52878728488045,5dd4d35bd48f840006f14474,3058.0
1574226557764.0,FDA50693-A4E2-4FB1-AFCF-C6EB07647825_10073_61418,-84.0,127.21887768593484,140.5255910506496,5dd4d35bd48f840006f14474,2706.0
1574226557937.0,FDA50693-A4E2-4FB1-AFCF-C6EB07647825_10073_61418,-73.0,127.42814709847485,140.52402017416682,5dd4d35bd48f840006f14474,2533.0
1574226558201.0,FDA50693-A4E2-4FB1-AFCF-C6EB07647825_10073_61418,-83.0,127.74749464131048,140.5216229984937,5dd4d35bd48f840006f14474,2269.0
1574226558269.0,FDA50693-A4E2-4FB1-AFCF-C6EB07647825_10073_61418,-88.0,127.82975082658632,140.52100554415364,5dd4d35bd48f840006f14474,2201.0
1574226558498.0,FDA50693-A4E2-4FB1-AFCF-C6EB07647825_10073_61418,-87.0,128.10676062700057,140.51892617586142,5dd4d35bd48f840006f14474,1972.0
1574226559057.0,FDA50693-A4E2-4FB1-AFCF-C6EB07647825_10073_61418,-98.0,128.78295485595933,140.5138503379778,5dd4d35bd48f840006f14474,1413.0
1574226559194.0,FDA50693-A4E2-4FB1-AFCF-C6EB07647825_10073_61418,-69.0,128.94867687629448,140.5126063490868,5dd4d35bd48f840006f14474,1276.0
1574226559993.0,FDA50693-A4E2-4FB1-AFCF-C6EB07647825_10073_61418,-70.0,129.91518705328562,140.50535126059123,5dd4d35bd48f840006f14474,477.0
1574226560467.0,FDA50693-A4E2-4FB1-AFCF-C6EB07647825_10073_61418,-94.0,130.4885610506496,140.50104724063266,5dd4d35bd48f840006f14474,3.0
1574226560615.0,FDA50693-A4E2-4FB1-AFCF-C6EB07647825_10073_61418,-75.0,130.51832000481232,140.61804109400066,5dd4d35bd48f840006f14474,145.0
1574226561339.0,FDA50693-A4E2-4FB1-AFCF-C6EB07647825_10073_61418,-79.0,130.64878982194418,141.20233952197626,5dd4d35bd48f840006f14474,869.0
1574226561874.0,FDA50693-A4E2-4FB1-AFCF-C6EB07647825_10073_61418,-80.0,130.74520052935515,141.63410700673725,5dd4d35bd48f840006f14474,1404.0
1574226561877.0,FDA50693-A4E2-4FB1-AFCF-C6EB07647825_10073_61418,-78.0,130.74574115014437,141.63652813282002,5dd4d35bd48f840006f14474,1407.0
1574226561987.0,FDA50693-A4E2-4FB1-AFCF-C6EB07647825_10073_61418,-87.0,130.7655639124158,141.72530275585498,5dd4d35bd48f840006f14474,1517.0
1574226566799.0,FDA50693-A4E2-4FB1-AFCF-C6EB07647825_10073_61418,-74.0,131.7049476304945,145.61882424679487,5dd4d35bd48f840006f14474,95.0
1574226566916.0,FDA50693-A4E2-4FB1-AFCF-C6EB07647825_10073_61418,-87.0,131.81498629120878,145.72560737179487,5dd4d35bd48f840006f14474,212.0
1574226567025.0,FDA50693-A4E2-4FB1-AFCF-C6EB07647825_10073_61418,-97.0,131.91750094093408,145.82508908653844,5dd4d35bd48f840006f14474,321.0
1574226567138.0,FDA50693-A4E2-4FB1-AFCF-C6EB07647825_10073_61418,-92.0,132.02377759615385,145.92822150641024,5dd4d35bd48f840006f14474,434.0
1574226567392.0,FDA50693-A4E2-4FB1-AFCF-C6EB07647825_10073_61418,-87.0,132.26266494505495,146.16004128205128,5dd4d35bd48f840006f14474,688.0
1574226567563.0,FDA50693-A4E2-4FB1-AFCF-C6EB07647825_10073_61418,-76.0,132.42349067994505,146.31610892628206,5dd4d35bd48f840006f14474,859.0
1574226567768.0,FDA50693-A4E2-4FB1-AFCF-C6EB07647825_10073_61418,-80.0,132.61629346153848,146.50320756410255,5dd4d35bd48f840006f14474,1064.0
1574226567912.0,FDA50693-A4E2-4FB1-AFCF-C6EB07647825_10073_61418,-83.0,132.75172565934065,146.63463294871795,5dd4d35bd48f840006f14474,1208.0
1574226568670.0,FDA50693-A4E2-4FB1-AFCF-C6EB07647825_10073_61418,-88.0,133.46462570054945,147.3264415705128,5dd4d35bd48f840006f14474,1966.0
1574226568770.0,FDA50693-A4E2-4FB1-AFCF-C6EB07647825_10073_61418,-82.0,133.5586758379121,147.41770919871794,5dd4d35bd48f840006f14474,2066.0
1574226569510.0,FDA50693-A4E2-4FB1-AFCF-C6EB07647825_10073_61418,-88.0,134.25464685439562,148.0930896474359,5dd4d35bd48f840006f14474,1562.0
1574226570385.0,FDA50693-A4E2-4FB1-AFCF-C6EB07647825_10073_61418,-72.0,135.0775855563187,148.89168139423077,5dd4d35bd48f840006f14474,687.0
1574226570541.0,FDA50693-A4E2-4FB1-AFCF-C6EB07647825_10073_61418,-88.0,135.2243037706044,149.03405889423075,5dd4d35bd48f840006f14474,531.0
1574226571203.0,FDA50693-A4E2-4FB1-AFCF-C6EB07647825_10073_61418,-85.0,135.74390553684592,149.4177856074597,5dd4d35bd48f840006f14474,131.0
1574226571227.0,FDA50693-A4E2-4FB1-AFCF-C6EB07647825_10073_61418,-72.0,135.74760548252763,149.3992993065363,5dd4d35bd48f840006f14474,155.0
1574226571280.0,FDA50693-A4E2-4FB1-AFCF-C6EB07647825_10073_61418,-74.0,135.75577619590803,149.3584753919971,5dd4d35bd48f840006f14474,208.0
1574226571811.0,FDA50693-A4E2-4FB1-AFCF-C6EB07647825_10073_61418,-96.0,135.83763749411554,148.94946598406662,5dd4d35bd48f840006f14474,739.0
1574226572259.0,FDA50693-A4E2-4FB1-AFCF-C6EB07647825_10073_61418,-79.0,135.9067031468405,148.60438836682962,5dd4d35bd48f840006f14474,1187.0
1574226572574.0,FDA50693-A4E2-4FB1-AFCF-C6EB07647825_10073_61418,-77.0,135.95526493391273,148.36175566720985,5dd4d35bd48f840006f14474,1502.0
1574226572785.0,FDA50693-A4E2-4FB1-AFCF-C6EB07647825_10073_61418,-80.0,135.98779362303097,148.19923027159152,5dd4d35bd48f840006f14474,1713.0
1574226572936.0,FDA50693-A4E2-4FB1-AFCF-C6EB07647825_10073_61418,-98.0,136.01107244794497,148.08292062828173,5dd4d35bd48f840006f14474,1864.0
1574226573105.0,FDA50693-A4E2-4FB1-AFCF-C6EB07647825_10073_61418,-96.0,136.03712623212024,147.95274625927937,5dd4d35bd48f840006f14474,2033.0
1574226573244.0,FDA50693-A4E2-4FB1-AFCF-C6EB07647825_10073_61418,-89.0,136.0585550841934,147.8456797664313,5dd4d35bd48f840006f14474,2172.0
1574226573563.0,FDA50693-A4E2-4FB1-AFCF-C6EB07647825_10073_61418,-94.0,136.10773352887924,147.59996601665762,5dd4d35bd48f840006f14474,2491.0
1574226573693.0,FDA50693-A4E2-4FB1-AFCF-C6EB07647825_10073_61418,-87.0,136.12777490132174,147.4998318866558,5dd4d35bd48f840006f14474,2621.0
1574226573829.0,FDA50693-A4E2-4FB1-AFCF-C6EB07647825_10073_61418,-66.0,136.1487412601847,147.39507618142315,5dd4d35bd48f840006f14474,2757.0
1574226573850.0,FDA50693-A4E2-4FB1-AFCF-C6EB07647825_10073_61418,-73.0,136.1519787126562,147.37890066811516,5dd4d35bd48f840006f14474,2745.0
1574226573945.0,FDA50693-A4E2-4FB1-AFCF-C6EB07647825_10073_61418,-86.0,136.16662433097954,147.30572572696,5dd4d35bd48f840006f14474,2650.0
1574226574058.0,FDA50693-A4E2-4FB1-AFCF-C6EB07647825_10073_61418,-92.0,136.1840449085642,147.21868606011225,5dd4d35bd48f840006f14474,2537.0
1574226574614.0,FDA50693-A4E2-4FB1-AFCF-C6EB07647825_10073_61418,-76.0,136.2697603168568,146.7904200887199,5dd4d35bd48f840006f14474,1981.0
1574226574869.0,FDA50693-A4E2-4FB1-AFCF-C6EB07647825_10073_61418,-76.0,136.3090722397248,146.59400314140865,5dd4d35bd48f840006f14474,1726.0
1574226575041.0,FDA50693-A4E2-4FB1-AFCF-C6EB07647825_10073_61418,-92.0,136.33558851711027,146.46151798479087,5dd4d35bd48f840006f14474,1554.0
1574226575158.0,FDA50693-A4E2-4FB1-AFCF-C6EB07647825_10073_61418,-100.0,136.35362575230855,146.37139726778926,5dd4d35bd48f840006f14474,1437.0
1574226575292.0,FDA50693-A4E2-4FB1-AFCF-C6EB07647825_10073_61418,-94.0,136.37428378236467,146.26818208763353,5dd4d35bd48f840006f14474,1303.0
1574226575520.0,FDA50693-A4E2-4FB1-AFCF-C6EB07647825_10073_61418,-85.0,136.40943326634076,146.09256222886114,5dd4d35bd48f840006f14474,1075.0
1574226575899.0,FDA50693-A4E2-4FB1-AFCF-C6EB07647825_10073_61418,-91.0,136.46786157523087,145.80063272677893,5dd4d35bd48f840006f14474,696.0
1574226576037.0,FDA50693-A4E2-4FB1-AFCF-C6EB07647825_10073_61418,-84.0,136.48913626290062,145.6943364964693,5dd4d35bd48f840006f14474,558.0
1574226576261.0,FDA50693-A4E2-4FB1-AFCF-C6EB07647825_10073_61418,-84.0,136.52366908926308,145.5217976878508,5dd4d35bd48f840006f14474,334.0
1574226576507.0,FDA50693-A4E2-4FB1-AFCF-C6EB07647825_10073_61418,-93.0,136.56159353250047,145.33231310338584,5dd4d35bd48f840006f14474,88.0
1574226576779.0,FDA50693-A4E2-4FB1-AFCF-C6EB07647825_10073_61418,-82.0,136.43417669227864,145.15412745056054,5dd4d35bd48f840006f14474,184.0
1574226577565.0,FDA50693-A4E2-4FB1-AFCF-C6EB07647825_10073_61418,-72.0,135.8319327799471,144.68251656002016,5dd4d35bd48f840006f14474,970.0
1574226578641.0,FDA50693-A4E2-4FB1-AFCF-C6EB07647825_10073_61418,-76.0,135.0074869152286,144.03690165134148,5dd4d35bd48f840006f14474,2046.0
1574226578818.0,FDA50693-A4E2-4FB1-AFCF-C6EB07647825_10073_61418,-66.0,134.8718671029097,143.93069919889155,5dd4d35bd48f840006f14474,2223.0
1574226579174.0,FDA50693-A4E2-4FB1-AFCF-C6EB07647825_10073_61418,-71.0,134.599095051014,143.71709426628038,5dd4d35bd48f840006f14474,2579.0
1574226579311.0,FDA50693-A4E2-4FB1-AFCF-C6EB07647825_10073_61418,-74.0,134.49412378385188,143.63489236805643,5dd4d35bd48f840006f14474,2716.0
1574226579577.0,FDA50693-A4E2-4FB1-AFCF-C6EB07647825_10073_61418,-67.0,134.29031095855902,143.4752886824537,5dd4d35bd48f840006f14474,2982.0
1574226579602.0,FDA50693-A4E2-4FB1-AFCF-C6EB07647825_10073_61418,-67.0,134.271155617836,143.4602883360625,5dd4d35bd48f840006f14474,3007.0
1574226579839.0,FDA50693-A4E2-4FB1-AFCF-C6EB07647825_10073_61418,-70.0,134.08956298778185,143.3180850522736,5dd4d35bd48f840006f14474,3244.0
1574226580167.0,FDA50693-A4E2-4FB1-AFCF-C6EB07647825_10073_61418,-86.0,133.8382449174959,143.1212805076206,5dd4d35bd48f840006f14474,3572.0
1574226581138.0,FDA50693-A4E2-4FB1-AFCF-C6EB07647825_10073_61418,-89.0,133.09425148381408,142.53866705378513,5dd4d35bd48f840006f14474,3396.0
1574226581759.0,FDA50693-A4E2-4FB1-AFCF-C6EB07647825_10073_61418,-66.0,132.61843282025444,142.16605844942688,5dd4d35bd48f840006f14474,2775.0
1574226582031.0,FDA50693-A4E2-4FB1-AFCF-C6EB07647825_10073_61418,-81.0,132.41002271318806,142.00285468069026,5dd4d35bd48f840006f14474,2503.0
1574226582078.0,FDA50693-A4E2-4FB1-AFCF-C6EB07647825_10073_61418,-91.0,132.3740106726288,141.97465402947475,5dd4d35bd48f840006f14474,2456.0
1574226582221.0,FDA50693-A4E2-4FB1-AFCF-C6EB07647825_10073_61418,-84.0,132.26444212369316,141.8888520481169,5dd4d35bd48f840006f14474,2313.0
1574226582288.0,FDA50693-A4E2-4FB1-AFCF-C6EB07647825_10073_61418,-80.0,132.21310581055548,141.8486511197884,5dd4d35bd48f840006f14474,2246.0
1574226582463.0,FDA50693-A4E2-4FB1-AFCF-C6EB07647825_10073_61418,-73.0,132.07901842549438,141.74364869504976,5dd4d35bd48f840006f14474,2071.0
1574226582489.0,FDA50693-A4E2-4FB1-AFCF-C6EB07647825_10073_61418,-75.0,132.05909687114246,141.72804833480288,5dd4d35bd48f840006f14474,2045.0
1574226582722.0,FDA50693-A4E2-4FB1-AFCF-C6EB07647825_10073_61418,-78.0,131.880569095604,141.5882451064366,5dd4d35bd48f840006f14474,1812.0
1574226582898.0,FDA50693-A4E2-4FB1-AFCF-C6EB07647825_10073_61418,-93.0,131.74571549691396,141.4826426678423,5dd4d35bd48f840006f14474,1636.0
1574226583256.0,FDA50693-A4E2-4FB1-AFCF-C6EB07647825_10073_61418,-76.0,131.47141101776043,141.26783770751985,5dd4d35bd48f840006f14474,1278.0
1574226583469.0,FDA50693-A4E2-4FB1-AFCF-C6EB07647825_10073_61418,-79.0,131.30820751480036,141.14003475626654,5dd4d35bd48f840006f14474,1065.0
1574226584130.0,FDA50693-A4E2-4FB1-AFCF-C6EB07647825_10073_61418,-86.0,130.80174030608387,140.74342559768235,5dd4d35bd48f840006f14474,404.0
1574226584310.0,FDA50693-A4E2-4FB1-AFCF-C6EB07647825_10073_61418,-74.0,130.6638218528782,140.63542310366546,5dd4d35bd48f840006f14474,224.0
1574226584765.0,FDA50693-A4E2-4FB1-AFCF-C6EB07647825_10073_61418,-77.0,130.43201945812808,140.69630847290642,5dd4d35bd48f840006f14474,231.0
1574226585070.0,FDA50693-A4E2-4FB1-AFCF-C6EB07647825_10073_61418,-76.0,130.35257350457425,140.95415688951445,5dd4d35bd48f840006f14474,536.0
1574226585360.0,FDA50693-A4E2-4FB1-AFCF-C6EB07647825_10073_61418,-79.0,130.27703472906404,141.1993242364532,5dd4d35bd48f840006f14474,826.0
1574226585663.0,FDA50693-A4E2-4FB1-AFCF-C6EB07647825_10073_61418,-87.0,130.19810973258268,141.455481843772,5dd4d35bd48f840006f14474,1129.0
1574226585677.0,FDA50693-A4E2-4FB1-AFCF-C6EB07647825_10073_61418,-97.0,130.1944630330753,141.46731750879664,5dd4d35bd48f840006f14474,1143.0
1574226585771.0,FDA50693-A4E2-4FB1-AFCF-C6EB07647825_10073_61418,-76.0,130.16997805066853,141.54678554539058,5dd4d35bd48f840006f14474,1237.0
1574226586434.0,FDA50693-A4E2-4FB1-AFCF-C6EB07647825_10073_61418,-69.0,129.99728078114003,142.1072888247713,5dd4d35bd48f840006f14474,1900.0
1574226586571.0,FDA50693-A4E2-4FB1-AFCF-C6EB07647825_10073_61418,-85.0,129.96159522167488,142.22310926108375,5dd4d35bd48f840006f14474,2037.0
1574226586608.0,FDA50693-A4E2-4FB1-AFCF-C6EB07647825_10073_61418,-91.0,129.95195751583393,142.25438923293456,5dd4d35bd48f840006f14474,2074.0
1574226586628.0,FDA50693-A4E2-4FB1-AFCF-C6EB07647825_10073_61418,-68.0,129.94674794510908,142.2712973258269,5dd4d35bd48f840006f14474,2094.0
1574226586789.0,FDA50693-A4E2-4FB1-AFCF-C6EB07647825_10073_61418,-94.0,129.9048109007741,142.40740747361014,5dd4d35bd48f840006f14474,2255.0
1574226587080.0,FDA50693-A4E2-4FB1-AFCF-C6EB07647825_10073_61418,-80.0,129.82901164672765,142.65342022519354,5dd4d35bd48f840006f14474,2546.0
1574226587187.0,FDA50693-A4E2-4FB1-AFCF-C6EB07647825_10073_61418,-70.0,129.80114044334977,142.7438785221675,5dd4d35bd48f840006f14474,2653.0
1574226587407.0,FDA50693-A4E2-4FB1-AFCF-C6EB07647825_10073_61418,-76.0,129.7438351653765,142.92986754398314,5dd4d35bd48f840006f14474,2873.0
1574226587456.0,FDA50693-A4E2-4FB1-AFCF-C6EB07647825_10073_61418,-76.0,129.73107171710063,142.97129237156932,5dd4d35bd48f840006f14474,2922.0
1574226587702.0,FDA50693-A4E2-4FB1-AFCF-C6EB07647825_10073_61418,-80.0,129.66699399718507,143.17926191414497,5dd4d35bd48f840006f14474,3168.0
1574226587720.0,FDA50693-A4E2-4FB1-AFCF-C6EB07647825_10073_61418,-86.0,129.66230538353273,143.19447919774808,5dd4d35bd48f840006f14474,3186.0
1574226587726.0,FDA50693-A4E2-4FB1-AFCF-C6EB07647825_10073_61418,-80.0,129.66074251231527,143.19955162561578,5dd4d35bd48f840006f14474,3192.0
1574226588334.0,FDA50693-A4E2-4FB1-AFCF-C6EB07647825_10073_61418,-82.0,129.50237156228008,143.7135576495426,5dd4d35bd48f840006f14474,3800.0
1574226588453.0,FDA50693-A4E2-4FB1-AFCF-C6EB07647825_10073_61418,-73.0,129.47137461646727,143.81416080225193,5dd4d35bd48f840006f14474,3919.0
1574226588694.0,FDA50693-A4E2-4FB1-AFCF-C6EB07647825_10073_61418,-88.0,129.40859928923294,144.0179033216045,5dd4d35bd48f840006f14474,4160.0
1574226588715.0,FDA50693-A4E2-4FB1-AFCF-C6EB07647825_10073_61418,-74.0,129.40312923997186,144.03565681914145,5dd4d35bd48f840006f14474,4181.0
1574226588982.0,FDA50693-A4E2-4FB1-AFCF-C6EB07647825_10073_61418,-82.0,129.33358147079522,144.26137985925405,5dd4d35bd48f840006f14474,4078.0
1574226589338.0,FDA50693-A4E2-4FB1-AFCF-C6EB07647825_10073_61418,-90.0,129.24085111189305,144.56234391273753,5dd4d35bd48f840006f14474,3722.0
1574226589438.0,FDA50693-A4E2-4FB1-AFCF-C6EB07647825_10073_61418,-82.0,129.21480325826883,144.64688437719917,5dd4d35bd48f840006f14474,3622.0
1574226589550.0,FDA50693-A4E2-4FB1-AFCF-C6EB07647825_10073_61418,-74.0,129.18562966220972,144.74156969739622,5dd4d35bd48f840006f14474,3510.0
1574226590084.0,FDA50693-A4E2-4FB1-AFCF-C6EB07647825_10073_61418,-87.0,129.04653412385645,145.1930157776214,5dd4d35bd48f840006f14474,2976.0
1574226591298.0,FDA50693-A4E2-4FB1-AFCF-C6EB07647825_10073_61418,-86.0,128.73031318085856,146.2193370161858,5dd4d35bd48f840006f14474,1762.0
1574226591379.0,FDA50693-A4E2-4FB1-AFCF-C6EB07647825_10073_61418,-74.0,128.70921441942295,146.28781479239973,5dd4d35bd48f840006f14474,1681.0
1574226591611.0,FDA50693-A4E2-4FB1-AFCF-C6EB07647825_10073_61418,-76.0,128.64878339901477,146.48394866995076,5dd4d35bd48f840006f14474,1449.0
1574226591993.0,FDA50693-A4E2-4FB1-AFCF-C6EB07647825_10073_61418,-90.0,128.5492805981703,146.80689324419424,5dd4d35bd48f840006f14474,1067.0
1574226593475.0,FDA50693-A4E2-4FB1-AFCF-C6EB07647825_10073_61418,-79.0,128.29491626585047,147.2967348535199,5dd4d35bd48f840006f14474,415.0
1574226594558.0,FDA50693-A4E2-4FB1-AFCF-C6EB07647825_10073_61418,-92.0,128.35641570179274,146.2210284110188,5dd4d35bd48f840006f14474,1498.0
1574226595185.0,FDA50693-A4E2-4FB1-AFCF-C6EB07647825_10073_61418,-91.0,128.3920206383909,145.59825099693924,5dd4d35bd48f840006f14474,2125.0
1574226595189.0,FDA50693-A4E2-4FB1-AFCF-C6EB07647825_10073_61418,-89.0,128.392247783122,145.5942779352864,5dd4d35bd48f840006f14474,2129.0
1574226595260.0,FDA50693-A4E2-4FB1-AFCF-C6EB07647825_10073_61418,-69.0,128.39627960209884,145.52375609094886,5dd4d35bd48f840006f14474,2200.0
1574226595783.0,FDA50693-A4E2-4FB1-AFCF-C6EB07647825_10073_61418,-89.0,128.4259787756887,145.0042782798426,5dd4d35bd48f840006f14474,2723.0
1574226596379.0,FDA50693-A4E2-4FB1-AFCF-C6EB07647825_10073_61418,-82.0,128.45982334062091,144.41229209357238,5dd4d35bd48f840006f14474,3319.0
1574226596553.0,FDA50693-A4E2-4FB1-AFCF-C6EB07647825_10073_61418,-80.0,128.46970413642327,144.2394639116747,5dd4d35bd48f840006f14474,3493.0
1574226596642.0,FDA50693-A4E2-4FB1-AFCF-C6EB07647825_10073_61418,-83.0,128.47475810669,144.15106328989944,5dd4d35bd48f840006f14474,3582.0
1574226596819.0,FDA50693-A4E2-4FB1-AFCF-C6EB07647825_10073_61418,-80.0,128.48480926104068,143.97525531176214,5dd4d35bd48f840006f14474,3759.0
1574226597116.0,FDA50693-A4E2-4FB1-AFCF-C6EB07647825_10073_61418,-86.0,128.50167475732403,143.68025548404023,5dd4d35bd48f840006f14474,4056.0
1574226597135.0,FDA50693-A4E2-4FB1-AFCF-C6EB07647825_10073_61418,-86.0,128.5027536947967,143.66138344118934,5dd4d35bd48f840006f14474,4075.0
1574226597611.0,FDA50693-A4E2-4FB1-AFCF-C6EB07647825_10073_61418,-92.0,128.52978391779624,143.18858910450373,5dd4d35bd48f840006f14474,4551.0
1574226597685.0,FDA50693-A4E2-4FB1-AFCF-C6EB07647825_10073_61418,-94.0,128.53398609532138,143.11508746392656,5dd4d35bd48f840006f14474,4625.0
1574226597871.0,FDA50693-A4E2-4FB1-AFCF-C6EB07647825_10073_61418,-95.0,128.544548325317,142.9303400970704,5dd4d35bd48f840006f14474,4811.0
1574226597877.0,FDA50693-A4E2-4FB1-AFCF-C6EB07647825_10073_61418,-94.0,128.54488904241364,142.92438050459117,5dd4d35bd48f840006f14474,4817.0
1574226597958.0,FDA50693-A4E2-4FB1-AFCF-C6EB07647825_10073_61418,-94.0,128.5494887232182,142.84392600612156,5dd4d35bd48f840006f14474,4898.0
1574226599587.0,FDA50693-A4E2-4FB1-AFCF-C6EB07647825_10073_61418,-92.0,128.6419934149541,141.22589664801052,5dd4d35bd48f840006f14474,4908.0
1574226599695.0,FDA50693-A4E2-4FB1-AFCF-C6EB07647825_10073_61418,-93.0,128.64812632269349,141.11862398338437,5dd4d35bd48f840006f14474,4800.0
1574226600659.0,FDA50693-A4E2-4FB1-AFCF-C6EB07647825_10073_61418,-90.0,128.7028682028859,140.16111612505466,5dd4d35bd48f840006f14474,3836.0
1574226600671.0,FDA50693-A4E2-4FB1-AFCF-C6EB07647825_10073_61418,-96.0,128.70354963707916,140.1491969400962,5dd4d35bd48f840006f14474,3824.0
1574226600836.0,FDA50693-A4E2-4FB1-AFCF-C6EB07647825_10073_61418,-87.0,128.71291935723656,139.98530814691736,5dd4d35bd48f840006f14474,3659.0
1574226601017.0,FDA50693-A4E2-4FB1-AFCF-C6EB07647825_10073_61418,-95.0,128.72319765631832,139.80552710712726,5dd4d35bd48f840006f14474,3478.0
1574226601221.0,FDA50693-A4E2-4FB1-AFCF-C6EB07647825_10073_61418,-96.0,128.73478203760385,139.60290096283342,5dd4d35bd48f840006f14474,3274.0
1574226601256.0,FDA50693-A4E2-4FB1-AFCF-C6EB07647825_10073_61418,-73.0,128.7367695540009,139.56813667337124,5dd4d35bd48f840006f14474,3239.0
1574226601408.0,FDA50693-A4E2-4FB1-AFCF-C6EB07647825_10073_61418,-79.0,128.74540105378225,139.41716033056406,5dd4d35bd48f840006f14474,3087.0
1574226601456.0,FDA50693-A4E2-4FB1-AFCF-C6EB07647825_10073_61418,-87.0,128.74812679055532,139.36948359073023,5dd4d35bd48f840006f14474,3039.0
1574226601522.0,FDA50693-A4E2-4FB1-AFCF-C6EB07647825_10073_61418,-78.0,128.7518746786183,139.30392807345868,5dd4d35bd48f840006f14474,2973.0
1574226601832.0,FDA50693-A4E2-4FB1-AFCF-C6EB07647825_10073_61418,-77.0,128.76947839527767,138.9960157953651,5dd4d35bd48f840006f14474,2663.0
1574226602205.0,FDA50693-A4E2-4FB1-AFCF-C6EB07647825_10073_61418,-93.0,128.7906596414517,138.62552779623962,5dd4d35bd48f840006f14474,2290.0
1574226602238.0,FDA50693-A4E2-4FB1-AFCF-C6EB07647825_10073_61418,-89.0,128.79253358548317,138.59275003760385,5dd4d35bd48f840006f14474,2257.0
1574226602821.0,FDA50693-A4E2-4FB1-AFCF-C6EB07647825_10073_61418,-77.0,128.82563993003936,138.0136763017053,5dd4d35bd48f840006f14474,1674.0
1574226603181.0,FDA50693-A4E2-4FB1-AFCF-C6EB07647825_10073_61418,-91.0,128.84608295583735,137.6561007529515,5dd4d35bd48f840006f14474,1314.0
1574226603551.0,FDA50693-A4E2-4FB1-AFCF-C6EB07647825_10073_61418,-89.0,128.86709384346307,137.2885925500656,5dd4d35bd48f840006f14474,944.0
1574226604331.0,FDA50693-A4E2-4FB1-AFCF-C6EB07647825_10073_61418,-86.0,128.91138706602538,136.51384552776565,5dd4d35bd48f840006f14474,164.0
1574226604406.0,FDA50693-A4E2-4FB1-AFCF-C6EB07647825_10073_61418,-78.0,128.9156460297333,136.43935062177528,5dd4d35bd48f840006f14474,89.0
1574226604701.0,FDA50693-A4E2-4FB1-AFCF-C6EB07647825_10073_61418,-83.0,128.79676967582603,136.5065825531205,5dd4d35bd48f840006f14474,206.0
1574226604929.0,FDA50693-A4E2-4FB1-AFCF-C6EB07647825_10073_61418,-80.0,128.65960407431305,136.67883605851597,5dd4d35bd48f840006f14474,434.0
1574226605013.0,FDA50693-A4E2-4FB1-AFCF-C6EB07647825_10073_61418,-90.0,128.60906937901882,136.74229787629326,5dd4d35bd48f840006f14474,518.0
1574226605607.0,FDA50693-A4E2-4FB1-AFCF-C6EB07647825_10073_61418,-82.0,128.25171689086662,137.19106358771833,5dd4d35bd48f840006f14474,1112.0
1574226606595.0,FDA50693-A4E2-4FB1-AFCF-C6EB07647825_10073_61418,-67.0,127.65733261764379,137.9374954444321,5dd4d35bd48f840006f14474,2100.0
1574226609009.0,FDA50693-A4E2-4FB1-AFCF-C6EB07647825_10073_61418,-71.0,126.20506173144955,139.7612672076983,5dd4d35bd48f840006f14474,4475.0
1574226609920.0,FDA50693-A4E2-4FB1-AFCF-C6EB07647825_10073_61418,-85.0,125.65700092891312,140.44952573144957,5dd4d35bd48f840006f14474,3564.0
1574226610178.0,FDA50693-A4E2-4FB1-AFCF-C6EB07647825_10073_61418,-76.0,125.50178722193793,140.64444417176549,5dd4d35bd48f840006f14474,3306.0
1574226610958.0,FDA50693-A4E2-4FB1-AFCF-C6EB07647825_10073_61418,-96.0,125.0325364799199,141.2337324796974,5dd4d35bd48f840006f14474,2526.0
1574226611225.0,FDA50693-A4E2-4FB1-AFCF-C6EB07647825_10073_61418,-76.0,124.87190834130604,141.4354504004895,5dd4d35bd48f840006f14474,2259.0
1574226611453.0,FDA50693-A4E2-4FB1-AFCF-C6EB07647825_10073_61418,-89.0,124.73474273979308,141.607703905885,5dd4d35bd48f840006f14474,2031.0
1574226612137.0,FDA50693-A4E2-4FB1-AFCF-C6EB07647825_10073_61418,-95.0,124.32324593525419,142.12446442207144,5dd4d35bd48f840006f14474,1347.0
1574226612569.0,FDA50693-A4E2-4FB1-AFCF-C6EB07647825_10073_61418,-85.0,124.06335321659806,142.45083948492604,5dd4d35bd48f840006f14474,915.0
1574226612829.0,FDA50693-A4E2-4FB1-AFCF-C6EB07647825_10073_61418,-84.0,123.90693630259206,142.64726892090334,5dd4d35bd48f840006f14474,655.0
1574226613316.0,FDA50693-A4E2-4FB1-AFCF-C6EB07647825_10073_61418,-82.0,123.61395539058849,143.01519636444544,5dd4d35bd48f840006f14474,168.0
1574226613439.0,FDA50693-A4E2-4FB1-AFCF-C6EB07647825_10073_61418,-94.0,123.53995815819334,143.1081225976193,5dd4d35bd48f840006f14474,45.0
1574226613706.0,FDA50693-A4E2-4FB1-AFCF-C6EB07647825_10073_61418,-86.0,123.71270615579056,143.06650429197833,5dd4d35bd48f840006f14474,222.0
1574226614709.0,FDA50693-A4E2-4FB1-AFCF-C6EB07647825_10073_61418,-81.0,124.61549722001547,142.72487116069127,5dd4d35bd48f840006f14474,1225.0
1574226615036.0,FDA50693-A4E2-4FB1-AFCF-C6EB07647825_10073_61418,-93.0,124.90982690895021,142.61349126644313,5dd4d35bd48f840006f14474,1552.0
1574226615399.0,FDA50693-A4E2-4FB1-AFCF-C6EB07647825_10073_61418,-84.0,125.23655986639153,142.4898493654888,5dd4d35bd48f840006f14474,1915.0
1574226615971.0,FDA50693-A4E2-4FB1-AFCF-C6EB07647825_10073_61418,-74.0,125.75141179932938,142.2950197033789,5dd4d35bd48f840006f14474,2487.0
1574226616008.0,FDA50693-A4E2-4FB1-AFCF-C6EB07647825_10073_61418,-98.0,125.7847151586278,142.2824170853753,5dd4d35bd48f840006f14474,2524.0
1574226616455.0,FDA50693-A4E2-4FB1-AFCF-C6EB07647825_10073_61418,-89.0,126.18705574258446,142.1301638354398,5dd4d35bd48f840006f14474,2971.0
1574226616488.0,FDA50693-A4E2-4FB1-AFCF-C6EB07647825_10073_61418,-89.0,126.2167587387155,142.11892366262575,5dd4d35bd48f840006f14474,3004.0
1574226616700.0,FDA50693-A4E2-4FB1-AFCF-C6EB07647825_10073_61418,-83.0,126.40757798658757,142.04671406757802,5dd4d35bd48f840006f14474,3216.0
1574226616772.0,FDA50693-A4E2-4FB1-AFCF-C6EB07647825_10073_61418,-84.0,126.47238452360071,142.0221900541656,5dd4d35bd48f840006f14474,3288.0
1574226616776.0,FDA50693-A4E2-4FB1-AFCF-C6EB07647825_10073_61418,-74.0,126.47598488676812,142.02082760897602,5dd4d35bd48f840006f14474,3292.0
1574226616971.0,FDA50693-A4E2-4FB1-AFCF-C6EB07647825_10073_61418,-91.0,126.65150259117874,141.95440840598403,5dd4d35bd48f840006f14474,3487.0
1574226617003.0,FDA50693-A4E2-4FB1-AFCF-C6EB07647825_10073_61418,-77.0,126.68030549651792,141.94350884446737,5dd4d35bd48f840006f14474,3519.0
1574226617875.0,FDA50693-A4E2-4FB1-AFCF-C6EB07647825_10073_61418,-72.0,127.46518466701058,141.64649579313902,5dd4d35bd48f840006f14474,3363.0
1574226617881.0,FDA50693-A4E2-4FB1-AFCF-C6EB07647825_10073_61418,-80.0,127.47058521176166,141.64445212535466,5dd4d35bd48f840006f14474,3357.0
1574226618169.0,FDA50693-A4E2-4FB1-AFCF-C6EB07647825_10073_61418,-83.0,127.72981135981428,141.54635607170493,5dd4d35bd48f840006f14474,3069.0
1574226618192.0,FDA50693-A4E2-4FB1-AFCF-C6EB07647825_10073_61418,-86.0,127.75051344802682,141.53852201186484,5dd4d35bd48f840006f14474,3046.0
1574226618332.0,FDA50693-A4E2-4FB1-AFCF-C6EB07647825_10073_61418,-95.0,127.87652615888572,141.49083643022956,5dd4d35bd48f840006f14474,2906.0
1574226618524.0,FDA50693-A4E2-4FB1-AFCF-C6EB07647825_10073_61418,-89.0,128.0493435909208,141.42543906112974,5dd4d35bd48f840006f14474,2714.0
1574226618852.0,FDA50693-A4E2-4FB1-AFCF-C6EB07647825_10073_61418,-91.0,128.3445733706474,141.31371855558422,5dd4d35bd48f840006f14474,2386.0
1574226619334.0,FDA50693-A4E2-4FB1-AFCF-C6EB07647825_10073_61418,-90.0,128.7784171323188,141.14954391023988,5dd4d35bd48f840006f14474,1904.0
1574226619562.0,FDA50693-A4E2-4FB1-AFCF-C6EB07647825_10073_61418,-66.0,128.98363783286047,141.07188453443385,5dd4d35bd48f840006f14474,1676.0
1574226619596.0,FDA50693-A4E2-4FB1-AFCF-C6EB07647825_10073_61418,-79.0,129.01424091978333,141.06030375032242,5dd4d35bd48f840006f14474,1642.0
1574226619884.0,FDA50693-A4E2-4FB1-AFCF-C6EB07647825_10073_61418,-86.0,129.27346706783595,140.9622076966727,5dd4d35bd48f840006f14474,1354.0
1574226620088.0,FDA50693-A4E2-4FB1-AFCF-C6EB07647825_10073_61418,-89.0,129.4570855893732,140.89272299200414,5dd4d35bd48f840006f14474,1150.0
1574226620097.0,FDA50693-A4E2-4FB1-AFCF-C6EB07647825_10073_61418,-71.0,129.46518640649987,140.88965749032758,5dd4d35bd48f840006f14474,1141.0
1574226620116.0,FDA50693-A4E2-4FB1-AFCF-C6EB07647825_10073_61418,-78.0,129.482288131545,140.88318587567707,5dd4d35bd48f840006f14474,1122.0
1574226620137.0,FDA50693-A4E2-4FB1-AFCF-C6EB07647825_10073_61418,-91.0,129.50119003817383,140.87603303843179,5dd4d35bd48f840006f14474,1101.0
1574226620327.0,FDA50693-A4E2-4FB1-AFCF-C6EB07647825_10073_61418,-85.0,129.67220728862523,140.81131689192677,5dd4d35bd48f840006f14474,911.0
1574226620360.0,FDA50693-A4E2-4FB1-AFCF-C6EB07647825_10073_61418,-74.0,129.70191028475625,140.80007671911272,5dd4d35bd48f840006f14474,878.0
1574226620364.0,FDA50693-A4E2-4FB1-AFCF-C6EB07647825_10073_61418,-92.0,129.70551064792366,140.79871427392314,5dd4d35bd48f840006f14474,874.0
1574226816093.0,FDA50693-A4E2-4FB1-AFCF-C6EB07647825_10073_61418,-80.0,152.03323823710966,111.99403880900508,5dd4d36fd48f840006f1447a,139.0
1574226816295.0,FDA50693-A4E2-4FB1-AFCF-C6EB07647825_10073_61418,-78.0,152.13602315722585,111.7713429774873,5dd4d36fd48f840006f1447a,341.0
1574226816302.0,FDA50693-A4E2-4FB1-AFCF-C6EB07647825_10073_61418,-85.0,152.13958501089326,111.76362579520696,5dd4d36fd48f840006f1447a,348.0
1574226816414.0,FDA50693-A4E2-4FB1-AFCF-C6EB07647825_10073_61418,-86.0,152.19657466957153,111.64015087872185,5dd4d36fd48f840006f1447a,460.0
1574226816565.0,FDA50693-A4E2-4FB1-AFCF-C6EB07647825_10073_61418,-84.0,152.27340894153957,111.47368023238924,5dd4d36fd48f840006f1447a,611.0
1574226816818.0,FDA50693-A4E2-4FB1-AFCF-C6EB07647825_10073_61418,-83.0,152.40214450980392,111.19475921568628,5dd4d36fd48f840006f1447a,864.0
1574226817110.0,FDA50693-A4E2-4FB1-AFCF-C6EB07647825_10073_61418,-84.0,152.55072469135803,110.8728424691358,5dd4d36fd48f840006f1447a,1156.0
1574226817368.0,FDA50693-A4E2-4FB1-AFCF-C6EB07647825_10073_61418,-83.0,152.68200444081336,110.58840917937545,5dd4d36fd48f840006f1447a,1414.0
1574226817623.0,FDA50693-A4E2-4FB1-AFCF-C6EB07647825_10073_61418,-76.0,152.8117576815541,110.30728325344953,5dd4d36fd48f840006f1447a,1669.0
1574226817632.0,FDA50693-A4E2-4FB1-AFCF-C6EB07647825_10073_61418,-86.0,152.8163372076979,110.29736116194626,5dd4d36fd48f840006f1447a,1678.0
1574226817918.0,FDA50693-A4E2-4FB1-AFCF-C6EB07647825_10073_61418,-90.0,152.9618643718228,109.98205914306463,5dd4d36fd48f840006f1447a,1964.0
1574226818417.0,FDA50693-A4E2-4FB1-AFCF-C6EB07647825_10073_61418,-80.0,153.21577365468409,109.431934291939,5dd4d36fd48f840006f1447a,2463.0
1574226818456.0,FDA50693-A4E2-4FB1-AFCF-C6EB07647825_10073_61418,-89.0,153.23561826797385,109.3889385620915,5dd4d36fd48f840006f1447a,2502.0
1574226818656.0,FDA50693-A4E2-4FB1-AFCF-C6EB07647825_10073_61418,-79.0,153.33738551561365,109.16844763979665,5dd4d36fd48f840006f1447a,2702.0
1574226818751.0,FDA50693-A4E2-4FB1-AFCF-C6EB07647825_10073_61418,-87.0,153.38572495824255,109.0637144517066,5dd4d36fd48f840006f1447a,2711.0
1574226819187.0,FDA50693-A4E2-4FB1-AFCF-C6EB07647825_10073_61418,-78.0,153.60757755809732,108.58304424110385,5dd4d36fd48f840006f1447a,2275.0
1574226819277.0,FDA50693-A4E2-4FB1-AFCF-C6EB07647825_10073_61418,-90.0,153.6533728195352,108.48382332607117,5dd4d36fd48f840006f1447a,2185.0
1574226819400.0,FDA50693-A4E2-4FB1-AFCF-C6EB07647825_10073_61418,-92.0,153.7159596768337,108.34822140885984,5dd4d36fd48f840006f1447a,2062.0
1574226820286.0,FDA50693-A4E2-4FB1-AFCF-C6EB07647825_10073_61418,-92.0,154.16678858387797,107.37144662309369,5dd4d36fd48f840006f1447a,1176.0
1574226820766.0,FDA50693-A4E2-4FB1-AFCF-C6EB07647825_10073_61418,-83.0,154.4110299782135,106.84226840958605,5dd4d36fd48f840006f1447a,696.0
1574226821027.0,FDA50693-A4E2-4FB1-AFCF-C6EB07647825_10073_61418,-89.0,154.54383623638344,106.55452775599129,5dd4d36fd48f840006f1447a,435.0
1574226821303.0,FDA50693-A4E2-4FB1-AFCF-C6EB07647825_10073_61418,-86.0,154.68427503812634,106.2502502832244,5dd4d36fd48f840006f1447a,159.0
1574226822911.0,FDA50693-A4E2-4FB1-AFCF-C6EB07647825_10073_61418,-91.0,154.85839716958787,104.31203288015159,5dd4d36fd48f840006f1447a,1449.0
1574226827040.0,FDA50693-A4E2-4FB1-AFCF-C6EB07647825_10073_61418,-86.0,156.38671754587156,99.88271585550459,5dd4d36fd48f840006f1447a,1356.0
1574226827058.0,FDA50693-A4E2-4FB1-AFCF-C6EB07647825_10073_61418,-86.0,156.4046369380734,99.86870420756881,5dd4d36fd48f840006f1447a,1374.0
1574226827490.0,FDA50693-A4E2-4FB1-AFCF-C6EB07647825_10073_61418,-86.0,156.83470235091744,99.53242465711008,5dd4d36fd48f840006f1447a,1682.0
1574226827560.0,FDA50693-A4E2-4FB1-AFCF-C6EB07647825_10073_61418,-84.0,156.90438887614678,99.47793491513761,5dd4d36fd48f840006f1447a,1612.0
1574226827812.0,FDA50693-A4E2-4FB1-AFCF-C6EB07647825_10073_61418,-94.0,157.15526036697247,99.2817718440367,5dd4d36fd48f840006f1447a,1360.0
1574226828006.0,FDA50693-A4E2-4FB1-AFCF-C6EB07647825_10073_61418,-79.0,157.3483915940367,99.1307574162844,5dd4d36fd48f840006f1447a,1166.0
1574226828595.0,FDA50693-A4E2-4FB1-AFCF-C6EB07647825_10073_61418,-91.0,157.9347539277523,98.67226515883027,5dd4d36fd48f840006f1447a,577.0
1574226828800.0,FDA50693-A4E2-4FB1-AFCF-C6EB07647825_10073_61418,-89.0,158.13883589449543,98.51268805733945,5dd4d36fd48f840006f1447a,372.0
1574226829124.0,FDA50693-A4E2-4FB1-AFCF-C6EB07647825_10073_61418,-85.0,158.46138495412845,98.26047839449541,5dd4d36fd48f840006f1447a,48.0
1574226829168.0,FDA50693-A4E2-4FB1-AFCF-C6EB07647825_10073_61418,-93.0,158.50518791284404,98.22622769954128,5dd4d36fd48f840006f1447a,4.0
1574226829401.0,FDA50693-A4E2-4FB1-AFCF-C6EB07647825_10073_61418,-83.0,158.73973400672145,98.43481868521285,5dd4d36fd48f840006f1447a,229.0
1574226829658.0,FDA50693-A4E2-4FB1-AFCF-C6EB07647825_10073_61418,-87.0,158.99848924570577,98.67240865944734,5dd4d36fd48f840006f1447a,486.0
1574226829873.0,FDA50693-A4E2-4FB1-AFCF-C6EB07647825_10073_61418,-76.0,159.21495763629576,98.87117070014936,5dd4d36fd48f840006f1447a,701.0
1574226830716.0,FDA50693-A4E2-4FB1-AFCF-C6EB07647825_10073_61418,-80.0,160.06371509335327,99.65050279462285,5dd4d36fd48f840006f1447a,1544.0
1574226831230.0,FDA50693-A4E2-4FB1-AFCF-C6EB07647825_10073_61418,-80.0,160.58122557132188,100.12568274309186,5dd4d36fd48f840006f1447a,2058.0
1574226831620.0,FDA50693-A4E2-4FB1-AFCF-C6EB07647825_10073_61418,-95.0,160.9738891635549,100.48622784017924,5dd4d36fd48f840006f1447a,2448.0
1574226832009.0,FDA50693-A4E2-4FB1-AFCF-C6EB07647825_10073_61418,-83.0,161.36554592606421,100.8458484626587,5dd4d36fd48f840006f1447a,2519.0
1574226832352.0,FDA50693-A4E2-4FB1-AFCF-C6EB07647825_10073_61418,-84.0,161.71088852128455,101.162943253174,5dd4d36fd48f840006f1447a,2176.0
1574226832518.0,FDA50693-A4E2-4FB1-AFCF-C6EB07647825_10073_61418,-76.0,161.8780222554145,101.31640603808812,5dd4d36fd48f840006f1447a,2010.0
1574226832525.0,FDA50693-A4E2-4FB1-AFCF-C6EB07647825_10073_61418,-88.0,161.8850700634802,101.32287736034354,5dd4d36fd48f840006f1447a,2003.0
1574226832564.0,FDA50693-A4E2-4FB1-AFCF-C6EB07647825_10073_61418,-87.0,161.9243364227035,101.35893187005227,5dd4d36fd48f840006f1447a,1964.0
1574226833483.0,FDA50693-A4E2-4FB1-AFCF-C6EB07647825_10073_61418,-84.0,162.84961293876026,102.2085240347274,5dd4d36fd48f840006f1447a,1045.0
1574226833580.0,FDA50693-A4E2-4FB1-AFCF-C6EB07647825_10073_61418,-87.0,162.94727542195668,102.2981980716953,5dd4d36fd48f840006f1447a,948.0
1574226833884.0,FDA50693-A4E2-4FB1-AFCF-C6EB07647825_10073_61418,-92.0,163.2533516579537,102.57923835250186,5dd4d36fd48f840006f1447a,644.0
1574226834141.0,FDA50693-A4E2-4FB1-AFCF-C6EB07647825_10073_61418,-86.0,163.512106896938,102.81682832673637,5dd4d36fd48f840006f1447a,387.0
1574226834262.0,FDA50693-A4E2-4FB1-AFCF-C6EB07647825_10073_61418,-83.0,163.6339332935026,102.92868975429425,5dd4d36fd48f840006f1447a,266.0
1574226835311.0,FDA50693-A4E2-4FB1-AFCF-C6EB07647825_10073_61418,-77.0,164.71416543153475,103.90382929497468,5dd4d36fd48f840006f1447a,783.0
1574226837940.0,FDA50693-A4E2-4FB1-AFCF-C6EB07647825_10073_61418,-71.0,167.44193065440177,106.35228883071984,5dd4d36fd48f840006f1447a,3412.0
1574226838301.0,FDA50693-A4E2-4FB1-AFCF-C6EB07647825_10073_61418,-80.0,167.81649255834054,106.68849799481417,5dd4d36fd48f840006f1447a,3773.0
1574226840030.0,FDA50693-A4E2-4FB1-AFCF-C6EB07647825_10073_61418,-73.0,169.610446940363,108.2987629386344,5dd4d36fd48f840006f1447a,2597.0
1574226841405.0,FDA50693-A4E2-4FB1-AFCF-C6EB07647825_10073_61418,-84.0,171.0371023916533,109.57933800963082,5dd4d36fd48f840006f1447a,1222.0
1574226841418.0,FDA50693-A4E2-4FB1-AFCF-C6EB07647825_10073_61418,-88.0,171.0505907704655,109.59144526484752,5dd4d36fd48f840006f1447a,1209.0
1574226841449.0,FDA50693-A4E2-4FB1-AFCF-C6EB07647825_10073_61418,-91.0,171.08275536609457,109.6203164119027,5dd4d36fd48f840006f1447a,1178.0
1574226841747.0,FDA50693-A4E2-4FB1-AFCF-C6EB07647825_10073_61418,-96.0,171.39195051117423,109.8978519545623,5dd4d36fd48f840006f1447a,880.0
1574226841988.0,FDA50693-A4E2-4FB1-AFCF-C6EB07647825_10073_61418,-80.0,171.6420043030004,110.1223018397333,5dd4d36fd48f840006f1447a,639.0
1574226842445.0,FDA50693-A4E2-4FB1-AFCF-C6EB07647825_10073_61418,-84.0,172.11617269662923,110.54791842696629,5dd4d36fd48f840006f1447a,182.0
1574226842565.0,FDA50693-A4E2-4FB1-AFCF-C6EB07647825_10073_61418,-82.0,172.24068080874184,110.65967770588962,5dd4d36fd48f840006f1447a,62.0
1574226843164.0,FDA50693-A4E2-4FB1-AFCF-C6EB07647825_10073_61418,-68.0,172.17434259326333,110.17971398406375,5dd4d36fd48f840006f1447a,537.0
1574226843300.0,FDA50693-A4E2-4FB1-AFCF-C6EB07647825_10073_61418,-82.0,172.14124991669686,110.04353517928287,5dd4d36fd48f840006f1447a,673.0
1574226843496.0,FDA50693-A4E2-4FB1-AFCF-C6EB07647825_10073_61418,-84.0,172.09355752988048,109.84727749003984,5dd4d36fd48f840006f1447a,869.0
1574226843683.0,FDA50693-A4E2-4FB1-AFCF-C6EB07647825_10073_61418,-73.0,172.0480550996016,109.66003163346613,5dd4d36fd48f840006f1447a,1056.0
1574226844022.0,FDA50693-A4E2-4FB1-AFCF-C6EB07647825_10073_61418,-80.0,171.96556673668962,109.32058593625497,5dd4d36fd48f840006f1447a,1366.0
1574226844281.0,FDA50693-A4E2-4FB1-AFCF-C6EB07647825_10073_61418,-79.0,171.90254465411084,109.06124541832669,5dd4d36fd48f840006f1447a,1107.0
1574226844479.0,FDA50693-A4E2-4FB1-AFCF-C6EB07647825_10073_61418,-80.0,171.85436561028615,108.86298509960159,5dd4d36fd48f840006f1447a,909.0
1574226845470.0,FDA50693-A4E2-4FB1-AFCF-C6EB07647825_10073_61418,-87.0,171.55533476534296,107.87437042702423,5dd4d36fd48f840006f1447a,82.0
1574226845637.0,FDA50693-A4E2-4FB1-AFCF-C6EB07647825_10073_61418,-92.0,171.396796299639,107.7146622723053,5dd4d36fd48f840006f1447a,249.0
1574226845770.0,FDA50693-A4E2-4FB1-AFCF-C6EB07647825_10073_61418,-81.0,171.2705351263538,107.58746955028364,5dd4d36fd48f840006f1447a,382.0
1574226846318.0,FDA50693-A4E2-4FB1-AFCF-C6EB07647825_10073_61418,-76.0,170.75030111913358,107.06339728210418,5dd4d36fd48f840006f1447a,930.0
1574226846351.0,FDA50693-A4E2-4FB1-AFCF-C6EB07647825_10073_61418,-89.0,170.71897315884476,107.0318381856627,5dd4d36fd48f840006f1447a,963.0
1574226846583.0,FDA50693-A4E2-4FB1-AFCF-C6EB07647825_10073_61418,-88.0,170.49872810469316,106.80996817431665,5dd4d36fd48f840006f1447a,1195.0
1574226846658.0,FDA50693-A4E2-4FB1-AFCF-C6EB07647825_10073_61418,-84.0,170.42752819494586,106.73824295513151,5dd4d36fd48f840006f1447a,1270.0
1574226846905.0,FDA50693-A4E2-4FB1-AFCF-C6EB07647825_10073_61418,-87.0,170.19304315884477,106.50202789994842,5dd4d36fd48f840006f1447a,1517.0
1574226846953.0,FDA50693-A4E2-4FB1-AFCF-C6EB07647825_10073_61418,-100.0,170.1474752166065,106.45612375966992,5dd4d36fd48f840006f1447a,1565.0
1574226847223.0,FDA50693-A4E2-4FB1-AFCF-C6EB07647825_10073_61418,-97.0,169.89115554151624,106.1979129706034,5dd4d36fd48f840006f1447a,1835.0
1574226847335.0,FDA50693-A4E2-4FB1-AFCF-C6EB07647825_10073_61418,-85.0,169.7848303429603,106.09080330995357,5dd4d36fd48f840006f1447a,1947.0
1574226847458.0,FDA50693-A4E2-4FB1-AFCF-C6EB07647825_10073_61418,-83.0,169.66806249097473,105.97317395048994,5dd4d36fd48f840006f1447a,2070.0
1574226847657.0,FDA50693-A4E2-4FB1-AFCF-C6EB07647825_10073_61418,-82.0,169.47914539711192,105.78286303558535,5dd4d36fd48f840006f1447a,2269.0
1574226847688.0,FDA50693-A4E2-4FB1-AFCF-C6EB07647825_10073_61418,-78.0,169.44971610108303,105.75321661165549,5dd4d36fd48f840006f1447a,2300.0
1574226847870.0,FDA50693-A4E2-4FB1-AFCF-C6EB07647825_10073_61418,-87.0,169.2769376534296,105.57916341309952,5dd4d36fd48f840006f1447a,2482.0
1574226847986.0,FDA50693-A4E2-4FB1-AFCF-C6EB07647825_10073_61418,-88.0,169.1668151263538,105.46822840742651,5dd4d36fd48f840006f1447a,2598.0
1574226848385.0,FDA50693-A4E2-4FB1-AFCF-C6EB07647825_10073_61418,-89.0,168.7880316064982,105.08665024136153,5dd4d36fd48f840006f1447a,2997.0
1574226848518.0,FDA50693-A4E2-4FB1-AFCF-C6EB07647825_10073_61418,-87.0,168.661770433213,104.95945751933986,5dd4d36fd48f840006f1447a,3130.0
1574226849284.0,FDA50693-A4E2-4FB1-AFCF-C6EB07647825_10073_61418,-78.0,167.93458202166065,104.22690394739556,5dd4d36fd48f840006f1447a,3860.0
1574226850070.0,FDA50693-A4E2-4FB1-AFCF-C6EB07647825_10073_61418,-86.0,167.18840696750902,103.47522365033522,5dd4d36fd48f840006f1447a,3074.0
1574226850564.0,FDA50693-A4E2-4FB1-AFCF-C6EB07647825_10073_61418,-89.0,166.71943689530687,103.00279353996905,5dd4d36fd48f840006f1447a,2580.0
1574226850723.0,FDA50693-A4E2-4FB1-AFCF-C6EB07647825_10073_61418,-90.0,166.5684930866426,102.85073607529654,5dd4d36fd48f840006f1447a,2421.0
1574226852914.0,FDA50693-A4E2-4FB1-AFCF-C6EB07647825_10073_61418,-76.0,164.4885063898917,100.75540333883444,5dd4d36fd48f840006f1447a,230.0
1574226855040.0,FDA50693-A4E2-4FB1-AFCF-C6EB07647825_10073_61418,-73.0,162.67123405906446,98.46400121965941,5dd4d36fd48f840006f1447a,1896.0
1574226855281.0,FDA50693-A4E2-4FB1-AFCF-C6EB07647825_10073_61418,-73.0,162.46799505496875,98.20070048544945,5dd4d36fd48f840006f1447a,2137.0
1574226856319.0,FDA50693-A4E2-4FB1-AFCF-C6EB07647825_10073_61418,-67.0,161.59263370122872,97.06665002026298,5dd4d36fd48f840006f1447a,1464.0
1574226856584.0,FDA50693-A4E2-4FB1-AFCF-C6EB07647825_10073_61418,-75.0,161.36915512826042,96.77712846604871,5dd4d36fd48f840006f1447a,1199.0
1574226857151.0,FDA50693-A4E2-4FB1-AFCF-C6EB07647825_10073_61418,-91.0,160.8909953136452,96.15766159344686,5dd4d36fd48f840006f1447a,632.0
1574226857947.0,FDA50693-A4E2-4FB1-AFCF-C6EB07647825_10073_61418,-88.0,160.27863528950806,95.2918049542882,5dd4d36fd48f840006f1447a,164.0
1574226858703.0,FDA50693-A4E2-4FB1-AFCF-C6EB07647825_10073_61418,-80.0,159.9126911362647,94.4833687679582,5dd4d36fd48f840006f1447a,920.0
1574226858984.0,FDA50693-A4E2-4FB1-AFCF-C6EB07647825_10073_61418,-89.0,159.77667221158032,94.18287859817153,5dd4d36fd48f840006f1447a,1096.0
1574226859220.0,FDA50693-A4E2-4FB1-AFCF-C6EB07647825_10073_61418,-97.0,159.66243567696998,93.93050962995211,5dd4d36fd48f840006f1447a,860.0
1574226859223.0,FDA50693-A4E2-4FB1-AFCF-C6EB07647825_10073_61418,-77.0,159.6609835176317,93.92730154984763,5dd4d36fd48f840006f1447a,857.0
1574226859336.0,FDA50693-A4E2-4FB1-AFCF-C6EB07647825_10073_61418,-90.0,159.6062855158903,93.80646386591205,5dd4d36fd48f840006f1447a,744.0
1574226859709.0,FDA50693-A4E2-4FB1-AFCF-C6EB07647825_10073_61418,-75.0,159.4257337048324,93.4075925729212,5dd4d36fd48f840006f1447a,371.0
1574226859719.0,FDA50693-A4E2-4FB1-AFCF-C6EB07647825_10073_61418,-97.0,159.42089317370483,93.39689897257291,5dd4d36fd48f840006f1447a,361.0
1574226861039.0,FDA50693-A4E2-4FB1-AFCF-C6EB07647825_10073_61418,-92.0,159.10864731128405,93.98334085330738,5dd4d36fd48f840006f1447a,959.0
1574226861383.0,FDA50693-A4E2-4FB1-AFCF-C6EB07647825_10073_61418,-76.0,159.05932413618677,94.33217652957198,5dd4d36fd48f840006f1447a,1303.0
1574226861648.0,FDA50693-A4E2-4FB1-AFCF-C6EB07647825_10073_61418,-95.0,159.02132808560313,94.60090168715952,5dd4d36fd48f840006f1447a,1568.0
1574226862315.0,FDA50693-A4E2-4FB1-AFCF-C6EB07647825_10073_61418,-96.0,158.92569274319067,95.2772778385214,5dd4d36fd48f840006f1447a,2235.0
1574226862382.0,FDA50693-A4E2-4FB1-AFCF-C6EB07647825_10073_61418,-94.0,158.91608619455255,95.34521967081712,5dd4d36fd48f840006f1447a,2302.0
1574226862579.0,FDA50693-A4E2-4FB1-AFCF-C6EB07647825_10073_61418,-90.0,158.88784007392997,95.5449889389105,5dd4d36fd48f840006f1447a,2499.0
1574226862744.0,FDA50693-A4E2-4FB1-AFCF-C6EB07647825_10073_61418,-89.0,158.86418215564203,95.7123083766537,5dd4d36fd48f840006f1447a,2476.0
1574226862853.0,FDA50693-A4E2-4FB1-AFCF-C6EB07647825_10073_61418,-85.0,158.8485535914397,95.82284061128404,5dd4d36fd48f840006f1447a,2367.0
1574226862894.0,FDA50693-A4E2-4FB1-AFCF-C6EB07647825_10073_61418,-86.0,158.84267495719845,95.86441695642023,5dd4d36fd48f840006f1447a,2326.0
1574226863073.0,FDA50693-A4E2-4FB1-AFCF-C6EB07647825_10073_61418,-85.0,158.81700970038912,96.04593319494163,5dd4d36fd48f840006f1447a,2147.0
1574226863335.0,FDA50693-A4E2-4FB1-AFCF-C6EB07647825_10073_61418,-92.0,158.77944379377433,96.31161618093385,5dd4d36fd48f840006f1447a,1885.0
1574226863382.0,FDA50693-A4E2-4FB1-AFCF-C6EB07647825_10073_61418,-85.0,158.77270487159535,96.3592768692607,5dd4d36fd48f840006f1447a,1838.0
1574226864157.0,FDA50693-A4E2-4FB1-AFCF-C6EB07647825_10073_61418,-96.0,158.6615843463035,97.14517119805447,5dd4d36fd48f840006f1447a,1063.0
1574226864725.0,FDA50693-A4E2-4FB1-AFCF-C6EB07647825_10073_61418,-82.0,158.58014375486383,97.72115568677043,5dd4d36fd48f840006f1447a,495.0
1574226864922.0,FDA50693-A4E2-4FB1-AFCF-C6EB07647825_10073_61418,-81.0,158.55189763424124,97.9209249548638,5dd4d36fd48f840006f1447a,298.0
1574226864934.0,FDA50693-A4E2-4FB1-AFCF-C6EB07647825_10073_61418,-87.0,158.55017705836576,97.93309364124514,5dd4d36fd48f840006f1447a,286.0
1574226865464.0,FDA50693-A4E2-4FB1-AFCF-C6EB07647825_10073_61418,-84.0,158.49086288399224,98.47309113026571,5dd4d36fd48f840006f1447a,244.0
1574226866269.0,FDA50693-A4E2-4FB1-AFCF-C6EB07647825_10073_61418,-92.0,158.43046440699936,99.29781076085547,5dd4d36fd48f840006f1447a,1049.0
1574226870680.0,FDA50693-A4E2-4FB1-AFCF-C6EB07647825_10073_61418,-83.0,155.86655066436853,101.05256575054841,5dd4d36fd48f840006f1447a,817.0
1574226870970.0,FDA50693-A4E2-4FB1-AFCF-C6EB07647825_10073_61418,-87.0,155.5720211751802,101.01199210592291,5dd4d36fd48f840006f1447a,527.0
1574226871392.0,FDA50693-A4E2-4FB1-AFCF-C6EB07647825_10073_61418,-91.0,155.14342998746474,100.95295045753682,5dd4d36fd48f840006f1447a,105.0
1574226871998.0,FDA50693-A4E2-4FB1-AFCF-C6EB07647825_10073_61418,-89.0,155.41473712290502,100.99032504888268,5dd4d36fd48f840006f1447a,501.0
1574226872545.0,FDA50693-A4E2-4FB1-AFCF-C6EB07647825_10073_61418,-91.0,155.82738597765362,101.04717052141527,5dd4d36fd48f840006f1447a,1048.0
1574226873067.0,FDA50693-A4E2-4FB1-AFCF-C6EB07647825_10073_61418,-86.0,156.22117519553072,101.10141793761639,5dd4d36fd48f840006f1447a,1570.0
1574226873720.0,FDA50693-A4E2-4FB1-AFCF-C6EB07647825_10073_61418,-88.0,156.7137889106145,101.16927916899441,5dd4d36fd48f840006f1447a,2073.0
1574226873838.0,FDA50693-A4E2-4FB1-AFCF-C6EB07647825_10073_61418,-82.0,156.80280639664804,101.18154199487896,5dd4d36fd48f840006f1447a,1955.0
1574226875575.0,FDA50693-A4E2-4FB1-AFCF-C6EB07647825_10073_61418,-82.0,158.11317396648045,101.36205494878956,5dd4d36fd48f840006f1447a,218.0
1574226875898.0,FDA50693-A4E2-4FB1-AFCF-C6EB07647825_10073_61418,-90.0,158.374751686357,101.45636744457032,5dd4d36fd48f840006f1447a,105.0
1574226876482.0,FDA50693-A4E2-4FB1-AFCF-C6EB07647825_10073_61418,-87.0,158.91493325619032,101.8549193267519,5dd4d36fd48f840006f1447a,689.0
1574226877188.0,FDA50693-A4E2-4FB1-AFCF-C6EB07647825_10073_61418,-73.0,159.56796097588605,102.33673033500567,5dd4d36fd48f840006f1447a,1395.0
1574226877215.0,FDA50693-A4E2-4FB1-AFCF-C6EB07647825_10073_61418,-76.0,159.59293512380643,102.35515653503803,5dd4d36fd48f840006f1447a,1422.0
1574226877248.0,FDA50693-A4E2-4FB1-AFCF-C6EB07647825_10073_61418,-83.0,159.62345908237577,102.3776774461887,5dd4d36fd48f840006f1447a,1455.0
1574226877796.0,FDA50693-A4E2-4FB1-AFCF-C6EB07647825_10073_61418,-78.0,160.13034178831526,102.75166106166046,5dd4d36fd48f840006f1447a,2003.0
1574226877997.0,FDA50693-A4E2-4FB1-AFCF-C6EB07647825_10073_61418,-81.0,160.31626044505583,102.88883388412364,5dd4d36fd48f840006f1447a,2204.0
1574226878668.0,FDA50693-A4E2-4FB1-AFCF-C6EB07647825_10073_61418,-90.0,160.93691426929922,103.34675907752063,5dd4d36fd48f840006f1447a,2875.0
1574226878892.0,FDA50693-A4E2-4FB1-AFCF-C6EB07647825_10073_61418,-82.0,161.14410720019418,103.49962829260397,5dd4d36fd48f840006f1447a,3080.0
1574226879379.0,FDA50693-A4E2-4FB1-AFCF-C6EB07647825_10073_61418,-86.0,161.59456683120246,103.83198234503965,5dd4d36fd48f840006f1447a,2593.0
1574226880638.0,FDA50693-A4E2-4FB1-AFCF-C6EB07647825_10073_61418,-91.0,162.75910209904515,104.69118922803042,5dd4d36fd48f840006f1447a,1334.0
1574226880904.0,FDA50693-A4E2-4FB1-AFCF-C6EB07647825_10073_61418,-92.0,163.00514370448292,104.8727214209419,5dd4d36fd48f840006f1447a,1068.0
1574226882735.0,FDA50693-A4E2-4FB1-AFCF-C6EB07647825_10073_61418,-92.0,164.7915564618484,106.09306651725007,5dd4d36fd48f840006f1447a,763.0
1574226882773.0,FDA50693-A4E2-4FB1-AFCF-C6EB07647825_10073_61418,-89.0,164.83132679677664,106.11754422059934,5dd4d36fd48f840006f1447a,801.0
1574226884088.0,FDA50693-A4E2-4FB1-AFCF-C6EB07647825_10073_61418,-83.0,166.20758970284564,106.96460158650214,5dd4d36fd48f840006f1447a,2116.0
1574226884430.0,FDA50693-A4E2-4FB1-AFCF-C6EB07647825_10073_61418,-88.0,166.5655227171997,107.18490091664569,5dd4d36fd48f840006f1447a,2458.0
1574226884839.0,FDA50693-A4E2-4FB1-AFCF-C6EB07647825_10073_61418,-94.0,166.9935771115588,107.44835830269453,5dd4d36fd48f840006f1447a,2867.0
1574226884854.0,FDA50693-A4E2-4FB1-AFCF-C6EB07647825_10073_61418,-89.0,167.00927592797785,107.45802055401663,5dd4d36fd48f840006f1447a,2882.0
1574226885124.0,FDA50693-A4E2-4FB1-AFCF-C6EB07647825_10073_61418,-85.0,167.29185462352052,107.63194107781415,5dd4d36fd48f840006f1447a,3152.0
1574226886605.0,FDA50693-A4E2-4FB1-AFCF-C6EB07647825_10073_61418,-82.0,168.84185109796022,108.58592735834803,5dd4d36fd48f840006f1447a,3309.0
1574226886682.0,FDA50693-A4E2-4FB1-AFCF-C6EB07647825_10073_61418,-94.0,168.92243835557795,108.63552691513473,5dd4d36fd48f840006f1447a,3232.0
1574226886854.0,FDA50693-A4E2-4FB1-AFCF-C6EB07647825_10073_61418,-96.0,169.10245145051624,108.74632073029464,5dd4d36fd48f840006f1447a,3060.0
1574226887246.0,FDA50693-A4E2-4FB1-AFCF-C6EB07647825_10073_61418,-92.0,169.51271385293379,108.99882756484513,5dd4d36fd48f840006f1447a,2668.0
1574226887794.0,FDA50693-A4E2-4FB1-AFCF-C6EB07647825_10073_61418,-90.0,170.0862439461093,109.3518218131453,5dd4d36fd48f840006f1447a,2120.0
1574226887950.0,FDA50693-A4E2-4FB1-AFCF-C6EB07647825_10073_61418,-94.0,170.24951163686728,109.452309226895,5dd4d36fd48f840006f1447a,1964.0
1574226889046.0,FDA50693-A4E2-4FB1-AFCF-C6EB07647825_10073_61418,-87.0,171.39657182321835,110.15829772349534,5dd4d36fd48f840006f1447a,868.0
1574226889550.0,FDA50693-A4E2-4FB1-AFCF-C6EB07647825_10073_61418,-92.0,171.92405205489803,110.4829493679174,5dd4d36fd48f840006f1447a,364.0
1574226889692.0,FDA50693-A4E2-4FB1-AFCF-C6EB07647825_10073_61418,-81.0,172.07266751699825,110.57441868043314,5dd4d36fd48f840006f1447a,222.0
1574226889774.0,FDA50693-A4E2-4FB1-AFCF-C6EB07647825_10073_61418,-97.0,172.15848771342232,110.62723898766055,5dd4d36fd48f840006f1447a,140.0
1574226889814.0,FDA50693-A4E2-4FB1-AFCF-C6EB07647825_10073_61418,-92.0,172.2003512238731,110.65300499118611,5dd4d36fd48f840006f1447a,100.0
1574226894940.0,FDA50693-A4E2-4FB1-AFCF-C6EB07647825_10073_61418,-80.0,171.47370152141167,107.90371159027329,5dd4d37350e04e0006f55ebb,97.0
1574226895077.0,FDA50693-A4E2-4FB1-AFCF-C6EB07647825_10073_61418,-88.0,171.24845872175598,107.83439466107166,5dd4d37350e04e0006f55ebb,234.0
1574226895229.0,FDA50693-A4E2-4FB1-AFCF-C6EB07647825_10073_61418,-77.0,170.99855430170004,107.75748828706692,5dd4d37350e04e0006f55ebb,386.0
1574226895254.0,FDA50693-A4E2-4FB1-AFCF-C6EB07647825_10073_61418,-94.0,170.95745160103294,107.74483921239509,5dd4d37350e04e0006f55ebb,411.0
1574226895257.0,FDA50693-A4E2-4FB1-AFCF-C6EB07647825_10073_61418,-88.0,170.95251927695287,107.74332132343447,5dd4d37350e04e0006f55ebb,414.0
1574226895314.0,FDA50693-A4E2-4FB1-AFCF-C6EB07647825_10073_61418,-87.0,170.8588051194319,107.7144814331827,5dd4d37350e04e0006f55ebb,471.0
1574226895444.0,FDA50693-A4E2-4FB1-AFCF-C6EB07647825_10073_61418,-82.0,170.645071075963,107.64870624488917,5dd4d37350e04e0006f55ebb,601.0
1574226895589.0,FDA50693-A4E2-4FB1-AFCF-C6EB07647825_10073_61418,-85.0,170.40667541209382,107.57534161179255,5dd4d37350e04e0006f55ebb,746.0
1574226896116.0,FDA50693-A4E2-4FB1-AFCF-C6EB07647825_10073_61418,-90.0,169.54023048203143,107.30869911771035,5dd4d37350e04e0006f55ebb,1273.0
1574226896306.0,FDA50693-A4E2-4FB1-AFCF-C6EB07647825_10073_61418,-97.0,169.22784995696148,107.21256615020442,5dd4d37350e04e0006f55ebb,1463.0
1574226896803.0,FDA50693-A4E2-4FB1-AFCF-C6EB07647825_10073_61418,-78.0,168.4107282676996,106.96110254572842,5dd4d37350e04e0006f55ebb,1960.0
1574226896867.0,FDA50693-A4E2-4FB1-AFCF-C6EB07647825_10073_61418,-86.0,168.30550535399183,106.92872091456853,5dd4d37350e04e0006f55ebb,2024.0
1574226897067.0,FDA50693-A4E2-4FB1-AFCF-C6EB07647825_10073_61418,-85.0,167.97668374865506,106.82752831719388,5dd4d37350e04e0006f55ebb,2224.0
1574226897796.0,FDA50693-A4E2-4FB1-AFCF-C6EB07647825_10073_61418,-93.0,166.7781289972025,106.45868129976328,5dd4d37350e04e0006f55ebb,1694.0
1574226897836.0,FDA50693-A4E2-4FB1-AFCF-C6EB07647825_10073_61418,-76.0,166.71236467613514,106.43844278028836,5dd4d37350e04e0006f55ebb,1654.0
1574226898361.0,FDA50693-A4E2-4FB1-AFCF-C6EB07647825_10073_61418,-80.0,165.84920796212612,106.17281221217989,5dd4d37350e04e0006f55ebb,1129.0
1574226898698.0,FDA50693-A4E2-4FB1-AFCF-C6EB07647825_10073_61418,-83.0,165.29514355713363,106.00230268560361,5dd4d37350e04e0006f55ebb,792.0
1574226898894.0,FDA50693-A4E2-4FB1-AFCF-C6EB07647825_10073_61418,-83.0,164.97289838390358,105.90313394017646,5dd4d37350e04e0006f55ebb,596.0
1574226899149.0,FDA50693-A4E2-4FB1-AFCF-C6EB07647825_10073_61418,-78.0,164.5536508370992,105.77411337852378,5dd4d37350e04e0006f55ebb,341.0
1574226900986.0,FDA50693-A4E2-4FB1-AFCF-C6EB07647825_10073_61418,-82.0,163.9484085756289,104.41544407056517,5dd4d37350e04e0006f55ebb,1496.0
1574226901702.0,FDA50693-A4E2-4FB1-AFCF-C6EB07647825_10073_61418,-78.0,163.92706190460632,103.84774799738648,5dd4d37350e04e0006f55ebb,849.0
1574226902032.0,FDA50693-A4E2-4FB1-AFCF-C6EB07647825_10073_61418,-79.0,163.9172233551127,103.5861003658935,5dd4d37350e04e0006f55ebb,519.0
1574226902547.0,FDA50693-A4E2-4FB1-AFCF-C6EB07647825_10073_61418,-75.0,163.90186925514536,103.17777148644234,5dd4d37350e04e0006f55ebb,4.0
1574226902861.0,FDA50693-A4E2-4FB1-AFCF-C6EB07647825_10073_61418,-91.0,163.9370972918601,102.92138497678737,5dd4d37350e04e0006f55ebb,310.0
1574226903281.0,FDA50693-A4E2-4FB1-AFCF-C6EB07647825_10073_61418,-89.0,163.98498717115444,102.57831946146703,5dd4d37350e04e0006f55ebb,730.0
1574226904326.0,FDA50693-A4E2-4FB1-AFCF-C6EB07647825_10073_61418,-85.0,164.10414175177962,101.72473978644382,5dd4d37350e04e0006f55ebb,1456.0
1574226905530.0,FDA50693-A4E2-4FB1-AFCF-C6EB07647825_10073_61418,-87.0,164.2414260724234,100.7412853091922,5dd4d37350e04e0006f55ebb,252.0
1574226905928.0,FDA50693-A4E2-4FB1-AFCF-C6EB07647825_10073_61418,-74.0,164.09200700061086,100.56069392180818,5dd4d37350e04e0006f55ebb,146.0
1574226906324.0,FDA50693-A4E2-4FB1-AFCF-C6EB07647825_10073_61418,-90.0,163.60879749541846,100.6291745864386,5dd4d37350e04e0006f55ebb,542.0
1574226906428.0,FDA50693-A4E2-4FB1-AFCF-C6EB07647825_10073_61418,-92.0,163.48189398900428,100.64715940745265,5dd4d37350e04e0006f55ebb,646.0
1574226906580.0,FDA50693-A4E2-4FB1-AFCF-C6EB07647825_10073_61418,-84.0,163.29641963347586,100.67344491508857,5dd4d37350e04e0006f55ebb,798.0
1574226906990.0,FDA50693-A4E2-4FB1-AFCF-C6EB07647825_10073_61418,-76.0,162.79612696395847,100.74434661331703,5dd4d37350e04e0006f55ebb,1208.0
1574226907813.0,FDA50693-A4E2-4FB1-AFCF-C6EB07647825_10073_61418,-91.0,161.791880946854,100.88666880268784,5dd4d37350e04e0006f55ebb,2031.0
1574226908155.0,FDA50693-A4E2-4FB1-AFCF-C6EB07647825_10073_61418,-95.0,161.37456364691508,100.94581119486865,5dd4d37350e04e0006f55ebb,2373.0
1574226908340.0,FDA50693-A4E2-4FB1-AFCF-C6EB07647825_10073_61418,-90.0,161.14882183262065,100.97780342455711,5dd4d37350e04e0006f55ebb,2353.0
1574226909597.0,FDA50693-A4E2-4FB1-AFCF-C6EB07647825_10073_61418,-80.0,159.61499772144165,101.19517765546732,5dd4d37350e04e0006f55ebb,1096.0
1574226909994.0,FDA50693-A4E2-4FB1-AFCF-C6EB07647825_10073_61418,-85.0,159.130567990226,101.26383125106902,5dd4d37350e04e0006f55ebb,699.0
1574226911157.0,FDA50693-A4E2-4FB1-AFCF-C6EB07647825_10073_61418,-91.0,158.3043151862891,101.02033331246895,5dd4d37350e04e0006f55ebb,464.0
1574226911452.0,FDA50693-A4E2-4FB1-AFCF-C6EB07647825_10073_61418,-77.0,158.32128098360656,100.78867140983607,5dd4d37350e04e0006f55ebb,759.0
1574226911786.0,FDA50693-A4E2-4FB1-AFCF-C6EB07647825_10073_61418,-94.0,158.34048971684052,100.52638301838053,5dd4d37350e04e0006f55ebb,1093.0
1574226912726.0,FDA50693-A4E2-4FB1-AFCF-C6EB07647825_10073_61418,-71.0,158.39455022354696,99.78820610829607,5dd4d37350e04e0006f55ebb,1993.0
1574226913251.0,FDA50693-A4E2-4FB1-AFCF-C6EB07647825_10073_61418,-76.0,158.42474359165425,99.37592645106805,5dd4d37350e04e0006f55ebb,1468.0
1574226914033.0,FDA50693-A4E2-4FB1-AFCF-C6EB07647825_10073_61418,-75.0,158.4697173323398,98.76182608544461,5dd4d37350e04e0006f55ebb,686.0
1574226916007.0,FDA50693-A4E2-4FB1-AFCF-C6EB07647825_10073_61418,-82.0,159.31204215104518,97.02633618745786,5dd4d37350e04e0006f55ebb,1288.0
1574226916140.0,FDA50693-A4E2-4FB1-AFCF-C6EB07647825_10073_61418,-73.0,159.39494742751182,96.9027558698584,5dd4d37350e04e0006f55ebb,1421.0
1574226917536.0,FDA50693-A4E2-4FB1-AFCF-C6EB07647825_10073_61418,-71.0,160.26514115643965,95.6056271227242,5dd4d37350e04e0006f55ebb,149.0
1574226919334.0,FDA50693-A4E2-4FB1-AFCF-C6EB07647825_10073_61418,-88.0,161.5164956173944,93.41727351467429,5dd4d37350e04e0006f55ebb,1649.0
1574226919629.0,FDA50693-A4E2-4FB1-AFCF-C6EB07647825_10073_61418,-89.0,161.72374261989978,93.05055282748746,5dd4d37350e04e0006f55ebb,1944.0
1574226919891.0,FDA50693-A4E2-4FB1-AFCF-C6EB07647825_10073_61418,-90.0,161.90780605941305,92.72485513242663,5dd4d37350e04e0006f55ebb,2206.0
1574226920119.0,FDA50693-A4E2-4FB1-AFCF-C6EB07647825_10073_61418,-91.0,162.06798340372228,92.44142355046527,5dd4d37350e04e0006f55ebb,2434.0
1574226920606.0,FDA50693-A4E2-4FB1-AFCF-C6EB07647825_10073_61418,-73.0,162.4101165909091,91.83602363636363,5dd4d37350e04e0006f55ebb,2667.0
1574226920878.0,FDA50693-A4E2-4FB1-AFCF-C6EB07647825_10073_61418,-96.0,162.60120535254117,91.49789473156764,5dd4d37350e04e0006f55ebb,2395.0
1574226921373.0,FDA50693-A4E2-4FB1-AFCF-C6EB07647825_10073_61418,-68.0,162.94895879742305,90.88254984967787,5dd4d37350e04e0006f55ebb,1900.0
1574226921977.0,FDA50693-A4E2-4FB1-AFCF-C6EB07647825_10073_61418,-97.0,163.37328825340015,90.13170478167501,5dd4d37350e04e0006f55ebb,1296.0
1574226922235.0,FDA50693-A4E2-4FB1-AFCF-C6EB07647825_10073_61418,-97.0,163.55454156406586,89.81097957050822,5dd4d37350e04e0006f55ebb,1038.0
1574226922943.0,FDA50693-A4E2-4FB1-AFCF-C6EB07647825_10073_61418,-78.0,164.05193437007875,88.93084992125983,5dd4d37350e04e0006f55ebb,330.0
1574226922969.0,FDA50693-A4E2-4FB1-AFCF-C6EB07647825_10073_61418,-96.0,164.0702002075877,88.89852877594845,5dd4d37350e04e0006f55ebb,304.0
1574226923040.0,FDA50693-A4E2-4FB1-AFCF-C6EB07647825_10073_61418,-94.0,164.12007999463137,88.81026718682891,5dd4d37350e04e0006f55ebb,233.0
1574226923062.0,FDA50693-A4E2-4FB1-AFCF-C6EB07647825_10073_61418,-94.0,164.13553570329276,88.78291852541159,5dd4d37350e04e0006f55ebb,211.0
1574226923212.0,FDA50693-A4E2-4FB1-AFCF-C6EB07647825_10073_61418,-80.0,164.24091553507517,88.5964503793844,5dd4d37350e04e0006f55ebb,61.0
1574226923413.0,FDA50693-A4E2-4FB1-AFCF-C6EB07647825_10073_61418,-95.0,164.46292012787725,88.50872920716112,5dd4d37350e04e0006f55ebb,140.0
1574226923475.0,FDA50693-A4E2-4FB1-AFCF-C6EB07647825_10073_61418,-72.0,164.54225804165145,88.50346328461819,5dd4d37350e04e0006f55ebb,202.0
1574226924233.0,FDA50693-A4E2-4FB1-AFCF-C6EB07647825_10073_61418,-87.0,165.51222801972963,88.43908313481914,5dd4d37350e04e0006f55ebb,960.0
1574226924520.0,FDA50693-A4E2-4FB1-AFCF-C6EB07647825_10073_61418,-76.0,165.87948578187797,88.41470700949945,5dd4d37350e04e0006f55ebb,1247.0
1574226924802.0,FDA50693-A4E2-4FB1-AFCF-C6EB07647825_10073_61418,-87.0,166.24034532517356,88.39075555535257,5dd4d37350e04e0006f55ebb,1529.0
1574226925084.0,FDA50693-A4E2-4FB1-AFCF-C6EB07647825_10073_61418,-87.0,166.60120486846913,88.3668041012057,5dd4d37350e04e0006f55ebb,1811.0
1574226925769.0,FDA50693-A4E2-4FB1-AFCF-C6EB07647825_10073_61418,-87.0,167.47776085129703,88.30862415052977,5dd4d37350e04e0006f55ebb,2496.0
1574226925810.0,FDA50693-A4E2-4FB1-AFCF-C6EB07647825_10073_61418,-72.0,167.53022624588968,88.30514184691268,5dd4d37350e04e0006f55ebb,2537.0
1574226926084.0,FDA50693-A4E2-4FB1-AFCF-C6EB07647825_10073_61418,-72.0,167.88084863902083,88.28186986664231,5dd4d37350e04e0006f55ebb,2663.0
1574226926166.0,FDA50693-A4E2-4FB1-AFCF-C6EB07647825_10073_61418,-92.0,167.9857794282061,88.2749052594081,5dd4d37350e04e0006f55ebb,2581.0
1574226926383.0,FDA50693-A4E2-4FB1-AFCF-C6EB07647825_10073_61418,-86.0,168.2634621264158,88.25647453050786,5dd4d37350e04e0006f55ebb,2364.0
1574226926557.0,FDA50693-A4E2-4FB1-AFCF-C6EB07647825_10073_61418,-84.0,168.48612014249179,88.24169597369382,5dd4d37350e04e0006f55ebb,2190.0
1574226927458.0,FDA50693-A4E2-4FB1-AFCF-C6EB07647825_10073_61418,-91.0,169.63907917975888,88.16517022835221,5dd4d37350e04e0006f55ebb,1289.0
1574226927739.0,FDA50693-A4E2-4FB1-AFCF-C6EB07647825_10073_61418,-94.0,169.9986590792839,88.14130370843989,5dd4d37350e04e0006f55ebb,1008.0
1574226927875.0,FDA50693-A4E2-4FB1-AFCF-C6EB07647825_10073_61418,-90.0,170.17269063207894,88.12975265253928,5dd4d37350e04e0006f55ebb,872.0
1574226927945.0,FDA50693-A4E2-4FB1-AFCF-C6EB07647825_10073_61418,-91.0,170.26226569601755,88.12380725611983,5dd4d37350e04e0006f55ebb,802.0
1574226928741.0,FDA50693-A4E2-4FB1-AFCF-C6EB07647825_10073_61418,-87.0,171.28086213737672,88.05619960540739,5dd4d37350e04e0006f55ebb,6.0
1574226929248.0,FDA50693-A4E2-4FB1-AFCF-C6EB07647825_10073_61418,-88.0,171.6543859125964,87.66739273742196,5dd4d37350e04e0006f55ebb,501.0
1574226931031.0,FDA50693-A4E2-4FB1-AFCF-C6EB07647825_10073_61418,-59.0,172.9563884318766,86.28548850752847,5dd4d37350e04e0006f55ebb,439.0
1574226931296.0,FDA50693-A4E2-4FB1-AFCF-C6EB07647825_10073_61418,-84.0,173.1498997429306,86.08010173191333,5dd4d37350e04e0006f55ebb,174.0
1574226931565.0,FDA50693-A4E2-4FB1-AFCF-C6EB07647825_10073_61418,-64.0,173.35489032941518,86.01081145319984,5dd4d37350e04e0006f55ebb,95.0
1574226933899.0,FDA50693-A4E2-4FB1-AFCF-C6EB07647825_10073_61418,-93.0,175.26951547525758,87.62170025076186,5dd4d37350e04e0006f55ebb,2429.0
1574226934478.0,FDA50693-A4E2-4FB1-AFCF-C6EB07647825_10073_61418,-83.0,175.7444803250617,88.02131662342185,5dd4d37350e04e0006f55ebb,3008.0
1574226934956.0,FDA50693-A4E2-4FB1-AFCF-C6EB07647825_10073_61418,-80.0,176.13659292990857,88.35122444057467,5dd4d37350e04e0006f55ebb,3405.0
1574226935011.0,FDA50693-A4E2-4FB1-AFCF-C6EB07647825_10073_61418,-96.0,176.18171048904367,88.38918454505878,5dd4d37350e04e0006f55ebb,3350.0
1574226935470.0,FDA50693-A4E2-4FB1-AFCF-C6EB07647825_10073_61418,-93.0,176.55823702800754,88.70597887157162,5dd4d37350e04e0006f55ebb,2891.0
1574226935527.0,FDA50693-A4E2-4FB1-AFCF-C6EB07647825_10073_61418,-95.0,176.60499522565664,88.74531934349152,5dd4d37350e04e0006f55ebb,2834.0
1574226936843.0,FDA50693-A4E2-4FB1-AFCF-C6EB07647825_10073_61418,-96.0,177.68453536787112,89.65360111623858,5dd4d37350e04e0006f55ebb,1518.0
1574226936881.0,FDA50693-A4E2-4FB1-AFCF-C6EB07647825_10073_61418,-93.0,177.7157074996372,89.67982809751851,5dd4d37350e04e0006f55ebb,1480.0
1574226937151.0,FDA50693-A4E2-4FB1-AFCF-C6EB07647825_10073_61418,-92.0,177.93719369902772,89.86617770134959,5dd4d37350e04e0006f55ebb,1210.0
1574226937703.0,FDA50693-A4E2-4FB1-AFCF-C6EB07647825_10073_61418,-97.0,178.39000992889277,90.24715911362647,5dd4d37350e04e0006f55ebb,658.0
1574226937891.0,FDA50693-A4E2-4FB1-AFCF-C6EB07647825_10073_61418,-75.0,178.5442299492091,90.37691365259033,5dd4d37350e04e0006f55ebb,470.0
1574226937897.0,FDA50693-A4E2-4FB1-AFCF-C6EB07647825_10073_61418,-91.0,178.5491518647511,90.38105475489769,5dd4d37350e04e0006f55ebb,464.0
1574226938624.0,FDA50693-A4E2-4FB1-AFCF-C6EB07647825_10073_61418,-82.0,178.9607505431675,90.53026128073185,5dd4d37350e04e0006f55ebb,263.0
1574226939718.0,FDA50693-A4E2-4FB1-AFCF-C6EB07647825_10073_61418,-97.0,179.08957858204687,89.81879223556318,5dd4d37350e04e0006f55ebb,1357.0
1574226939721.0,FDA50693-A4E2-4FB1-AFCF-C6EB07647825_10073_61418,-89.0,179.0899318582047,89.81684122355632,5dd4d37350e04e0006f55ebb,1360.0
1574226940193.0,FDA50693-A4E2-4FB1-AFCF-C6EB07647825_10073_61418,-93.0,179.14551397369925,89.50988200114351,5dd4d37350e04e0006f55ebb,1666.0
1574226940266.0,FDA50693-A4E2-4FB1-AFCF-C6EB07647825_10073_61418,-85.0,179.15411036020583,89.46240737564322,5dd4d37350e04e0006f55ebb,1593.0
1574226940520.0,FDA50693-A4E2-4FB1-AFCF-C6EB07647825_10073_61418,-92.0,179.18402107489993,89.29722169239565,5dd4d37350e04e0006f55ebb,1339.0
1574226940987.0,FDA50693-A4E2-4FB1-AFCF-C6EB07647825_10073_61418,-79.0,179.23901439679818,88.99351415666095,5dd4d37350e04e0006f55ebb,872.0
1574226941819.0,FDA50693-A4E2-4FB1-AFCF-C6EB07647825_10073_61418,-91.0,179.3369896512293,88.4524334934248,5dd4d37350e04e0006f55ebb,40.0
1574228660141.0,FDA50693-A4E2-4FB1-AFCF-C6EB07647825_10073_61418,-99.0,85.01509346273664,153.16399547567696,5dd4d3b8d48f840006f14481,1879.0
1574228664508.0,FDA50693-A4E2-4FB1-AFCF-C6EB07647825_10073_61418,-87.0,84.88647300339846,150.46651575615974,5dd4d3b8d48f840006f14481,2073.0
1574228665680.0,FDA50693-A4E2-4FB1-AFCF-C6EB07647825_10073_61418,-93.0,86.17361677570094,150.11155509345795,5dd4d3b8d48f840006f14481,1463.0
1574228666144.0,FDA50693-A4E2-4FB1-AFCF-C6EB07647825_10073_61418,-89.0,86.68320270603229,149.9710245921835,5dd4d3b8d48f840006f14481,999.0
1574228668443.0,FDA50693-A4E2-4FB1-AFCF-C6EB07647825_10073_61418,-97.0,87.55267676211454,151.154800969163,5dd4d3b8d48f840006f14481,1300.0
1574228668530.0,FDA50693-A4E2-4FB1-AFCF-C6EB07647825_10073_61418,-97.0,87.5374401685022,151.25427148017621,5dd4d3b8d48f840006f14481,1387.0
1574228668821.0,FDA50693-A4E2-4FB1-AFCF-C6EB07647825_10073_61418,-91.0,87.48647638986785,151.58698318942731,5dd4d3b8d48f840006f14481,1678.0
1574228669028.0,FDA50693-A4E2-4FB1-AFCF-C6EB07647825_10073_61418,-100.0,87.45022380506609,151.82365440528633,5dd4d3b8d48f840006f14481,1885.0
1574228669997.0,FDA50693-A4E2-4FB1-AFCF-C6EB07647825_10073_61418,-91.0,87.28051967621145,152.9315500969163,5dd4d3b8d48f840006f14481,1686.0
1574228672746.0,FDA50693-A4E2-4FB1-AFCF-C6EB07647825_10073_61418,-92.0,86.19585474117447,154.17998609300747,5dd4d3b8d48f840006f14481,1063.0
1574228672808.0,FDA50693-A4E2-4FB1-AFCF-C6EB07647825_10073_61418,-93.0,86.14981316446028,154.14036943991852,5dd4d3b8d48f840006f14481,1125.0
1574228672863.0,FDA50693-A4E2-4FB1-AFCF-C6EB07647825_10073_61418,-90.0,86.10896983027835,154.105225634759,5dd4d3b8d48f840006f14481,1180.0
1574228675187.0,FDA50693-A4E2-4FB1-AFCF-C6EB07647825_10073_61418,-97.0,84.38315330957231,152.6202401221996,5dd4d3b8d48f840006f14481,2388.0
1574228675355.0,FDA50693-A4E2-4FB1-AFCF-C6EB07647825_10073_61418,-94.0,84.25839548879837,152.5128917718941,5dd4d3b8d48f840006f14481,2220.0
1574228676133.0,FDA50693-A4E2-4FB1-AFCF-C6EB07647825_10073_61418,-91.0,83.6806479616429,152.01576667345552,5dd4d3b8d48f840006f14481,1442.0
1574228676156.0,FDA50693-A4E2-4FB1-AFCF-C6EB07647825_10073_61418,-89.0,83.6635680218941,152.0010701731161,5dd4d3b8d48f840006f14481,1419.0
1574228676465.0,FDA50693-A4E2-4FB1-AFCF-C6EB07647825_10073_61418,-90.0,83.43410274439918,151.80362588594704,5dd4d3b8d48f840006f14481,1110.0
1574228679393.0,FDA50693-A4E2-4FB1-AFCF-C6EB07647825_10073_61418,-85.0,81.42924773142111,148.50590250325945,5dd4d3b8d48f840006f14481,1818.0
1574228679582.0,FDA50693-A4E2-4FB1-AFCF-C6EB07647825_10073_61418,-96.0,81.30651601043024,148.23680543676662,5dd4d3b8d48f840006f14481,2007.0
1574228681213.0,FDA50693-A4E2-4FB1-AFCF-C6EB07647825_10073_61418,-84.0,80.24738671447197,145.9145974185137,5dd4d3b8d48f840006f14481,3638.0
1574228682583.0,FDA50693-A4E2-4FB1-AFCF-C6EB07647825_10073_61418,-90.0,79.35774408083442,143.96399963494133,5dd4d3b8d48f840006f14481,4196.0
1574228682889.0,FDA50693-A4E2-4FB1-AFCF-C6EB07647825_10073_61418,-82.0,79.15903558018253,143.52831867014342,5dd4d3b8d48f840006f14481,3890.0
1574228683129.0,FDA50693-A4E2-4FB1-AFCF-C6EB07647825_10073_61418,-91.0,79.00318577574967,143.18660810951758,5dd4d3b8d48f840006f14481,3650.0
1574228684221.0,FDA50693-A4E2-4FB1-AFCF-C6EB07647825_10073_61418,-87.0,78.29406916558018,141.63182505867013,5dd4d3b8d48f840006f14481,2558.0
1574228684392.0,FDA50693-A4E2-4FB1-AFCF-C6EB07647825_10073_61418,-96.0,78.18302617992177,141.38835628422424,5dd4d3b8d48f840006f14481,2387.0
1574228686845.0,FDA50693-A4E2-4FB1-AFCF-C6EB07647825_10073_61418,-94.0,76.6404077473468,137.96756523108525,5dd4d3b8d48f840006f14481,66.0
1574228688520.0,FDA50693-A4E2-4FB1-AFCF-C6EB07647825_10073_61418,-95.0,76.82916875955723,137.40428889877896,5dd4d3b8d48f840006f14481,1741.0
1574228688553.0,FDA50693-A4E2-4FB1-AFCF-C6EB07647825_10073_61418,-86.0,76.83288763323063,137.3931915143216,5dd4d3b8d48f840006f14481,1774.0
1574228689245.0,FDA50693-A4E2-4FB1-AFCF-C6EB07647825_10073_61418,-86.0,76.9108712872304,137.16048272509414,5dd4d3b8d48f840006f14481,2466.0
1574228689307.0,FDA50693-A4E2-4FB1-AFCF-C6EB07647825_10073_61418,-86.0,76.91785826201072,137.13963309368938,5dd4d3b8d48f840006f14481,2528.0
1574228690182.0,FDA50693-A4E2-4FB1-AFCF-C6EB07647825_10073_61418,-99.0,77.01646476092662,136.8453842633801,5dd4d3b8d48f840006f14481,3403.0
1574228690686.0,FDA50693-A4E2-4FB1-AFCF-C6EB07647825_10073_61418,-92.0,77.07326210430219,136.675896937122,5dd4d3b8d48f840006f14481,3907.0
1574228691171.0,FDA50693-A4E2-4FB1-AFCF-C6EB07647825_10073_61418,-93.0,77.12791827798699,136.5127990140363,5dd4d3b8d48f840006f14481,4371.0
1574228691425.0,FDA50693-A4E2-4FB1-AFCF-C6EB07647825_10073_61418,-95.0,77.15654233595801,136.42738278215222,5dd4d3b8d48f840006f14481,4117.0
1574228692742.0,FDA50693-A4E2-4FB1-AFCF-C6EB07647825_10073_61418,-87.0,77.30495920346914,135.98449625698962,5dd4d3b8d48f840006f14481,2800.0
1574228692749.0,FDA50693-A4E2-4FB1-AFCF-C6EB07647825_10073_61418,-99.0,77.30574805546047,135.98214226634715,5dd4d3b8d48f840006f14481,2793.0
1574228694537.0,FDA50693-A4E2-4FB1-AFCF-C6EB07647825_10073_61418,-84.0,77.50724339267374,135.38086579938377,5dd4d3b8d48f840006f14481,1005.0
1574228698129.0,FDA50693-A4E2-4FB1-AFCF-C6EB07647825_10073_61418,-95.0,77.0676456156676,136.69265694005625,5dd4d3b8d48f840006f14481,2034.0
1574228699114.0,FDA50693-A4E2-4FB1-AFCF-C6EB07647825_10073_61418,-91.0,76.85714636225926,137.32080173555508,5dd4d3b8d48f840006f14481,1049.0
1574228699342.0,FDA50693-A4E2-4FB1-AFCF-C6EB07647825_10073_61418,-90.0,76.80842166197793,137.4661997186756,5dd4d3b8d48f840006f14481,821.0
1574228699425.0,FDA50693-A4E2-4FB1-AFCF-C6EB07647825_10073_61418,-93.0,76.79068416143691,137.5191296862151,5dd4d3b8d48f840006f14481,738.0
1574228699686.0,FDA50693-A4E2-4FB1-AFCF-C6EB07647825_10073_61418,-92.0,76.73490720190435,137.68557211426096,5dd4d3b8d48f840006f14481,477.0
1574228700723.0,FDA50693-A4E2-4FB1-AFCF-C6EB07647825_10073_61418,-91.0,77.23908576694411,137.99381783590962,5dd4d3b8d48f840006f14481,560.0
1574228700981.0,FDA50693-A4E2-4FB1-AFCF-C6EB07647825_10073_61418,-89.0,77.51833195957194,137.99568733888228,5dd4d3b8d48f840006f14481,818.0
1574228701612.0,FDA50693-A4E2-4FB1-AFCF-C6EB07647825_10073_61418,-97.0,78.2012945469679,138.00025965041615,5dd4d3b8d48f840006f14481,1449.0
1574228702291.0,FDA50693-A4E2-4FB1-AFCF-C6EB07647825_10073_61418,-100.0,78.93620991438763,138.0051797764566,5dd4d3b8d48f840006f14481,2077.0
1574228702879.0,FDA50693-A4E2-4FB1-AFCF-C6EB07647825_10073_61418,-90.0,79.57263146967895,138.00944050416172,5dd4d3b8d48f840006f14481,1489.0
1574228703269.0,FDA50693-A4E2-4FB1-AFCF-C6EB07647825_10073_61418,-92.0,79.99474780737218,138.01226649702735,5dd4d3b8d48f840006f14481,1099.0
1574228703296.0,FDA50693-A4E2-4FB1-AFCF-C6EB07647825_10073_61418,-94.0,80.02397124613556,138.01246214268727,5dd4d3b8d48f840006f14481,1072.0
1574228704174.0,FDA50693-A4E2-4FB1-AFCF-C6EB07647825_10073_61418,-94.0,80.97427418073723,138.01882424970273,5dd4d3b8d48f840006f14481,194.0
1574228704529.0,FDA50693-A4E2-4FB1-AFCF-C6EB07647825_10073_61418,-85.0,81.24965543232607,137.97095431056374,5dd4d3b8d48f840006f14481,161.0
1574228704584.0,FDA50693-A4E2-4FB1-AFCF-C6EB07647825_10073_61418,-91.0,81.27199890299644,137.95412100050788,5dd4d3b8d48f840006f14481,216.0
1574228704879.0,FDA50693-A4E2-4FB1-AFCF-C6EB07647825_10073_61418,-95.0,81.391841154774,137.86383324657186,5dd4d3b8d48f840006f14481,511.0
1574228705908.0,FDA50693-A4E2-4FB1-AFCF-C6EB07647825_10073_61418,-93.0,81.80986717877096,137.54889731843576,5dd4d3b8d48f840006f14481,1540.0
1574228706911.0,FDA50693-A4E2-4FB1-AFCF-C6EB07647825_10073_61418,-84.0,82.21733083481463,137.24191895505334,5dd4d3b8d48f840006f14481,2543.0
1574228707482.0,FDA50693-A4E2-4FB1-AFCF-C6EB07647825_10073_61418,-87.0,82.44929668486542,137.06715859065517,5dd4d3b8d48f840006f14481,3114.0
1574228707689.0,FDA50693-A4E2-4FB1-AFCF-C6EB07647825_10073_61418,-82.0,82.53338938357035,137.00380413280854,5dd4d3b8d48f840006f14481,3321.0
1574228708149.0,FDA50693-A4E2-4FB1-AFCF-C6EB07647825_10073_61418,-83.0,82.72026204735907,136.86301644870494,5dd4d3b8d48f840006f14481,3781.0
1574228708501.0,FDA50693-A4E2-4FB1-AFCF-C6EB07647825_10073_61418,-82.0,82.86326025964958,136.75528326434738,5dd4d3b8d48f840006f14481,3743.0
1574228710695.0,FDA50693-A4E2-4FB1-AFCF-C6EB07647825_10073_61418,-90.0,83.75456161693754,136.08378722320975,5dd4d3b8d48f840006f14481,1549.0
1574228642851.0,FDA50693-A4E2-4FB1-AFCF-C6EB07647825_10073_61418,-97.0,91.11022159294266,163.92105121823147,5dd4d3bad48f840006f14483,320.0
1574228642938.0,FDA50693-A4E2-4FB1-AFCF-C6EB07647825_10073_61418,-83.0,91.02446612602395,163.83377967443815,5dd4d3bad48f840006f14483,407.0
1574228642972.0,FDA50693-A4E2-4FB1-AFCF-C6EB07647825_10073_61418,-86.0,90.9909524952741,163.79967355387524,5dd4d3bad48f840006f14483,441.0
1574228643112.0,FDA50693-A4E2-4FB1-AFCF-C6EB07647825_10073_61418,-93.0,90.85295519218651,163.6592365868515,5dd4d3bad48f840006f14483,581.0
1574228643142.0,FDA50693-A4E2-4FB1-AFCF-C6EB07647825_10073_61418,-90.0,90.8233843415249,163.62914295106071,5dd4d3bad48f840006f14483,611.0
1574228643357.0,FDA50693-A4E2-4FB1-AFCF-C6EB07647825_10073_61418,-80.0,90.61145991178324,163.41347189455996,5dd4d3bad48f840006f14483,826.0
1574228644138.0,FDA50693-A4E2-4FB1-AFCF-C6EB07647825_10073_61418,-86.0,89.84163209955892,162.63003424280615,5dd4d3bad48f840006f14483,1607.0
1574228644159.0,FDA50693-A4E2-4FB1-AFCF-C6EB07647825_10073_61418,-96.0,89.82093250409578,162.60896869775257,5dd4d3bad48f840006f14483,1628.0
1574228644397.0,FDA50693-A4E2-4FB1-AFCF-C6EB07647825_10073_61418,-89.0,89.58633708884689,162.37022585381223,5dd4d3bad48f840006f14483,1866.0
1574228645848.0,FDA50693-A4E2-4FB1-AFCF-C6EB07647825_10073_61418,-92.0,88.15609361184625,160.91469700273052,5dd4d3bad48f840006f14483,1444.0
1574228646045.0,FDA50693-A4E2-4FB1-AFCF-C6EB07647825_10073_61418,-97.0,87.96191169250157,160.7170821277043,5dd4d3bad48f840006f14483,1247.0
1574228646217.0,FDA50693-A4E2-4FB1-AFCF-C6EB07647825_10073_61418,-86.0,87.79237214870825,160.5445452825037,5dd4d3bad48f840006f14483,1075.0
1574228646359.0,FDA50693-A4E2-4FB1-AFCF-C6EB07647825_10073_61418,-98.0,87.65240345557656,160.4021020730939,5dd4d3bad48f840006f14483,933.0
1574228548854.0,FDA50693-A4E2-4FB1-AFCF-C6EB07647825_10073_61418,-96.0,128.0904294796594,152.51479069820246,5dd4d3c350e04e0006f55ec7,388.0
1574228549581.0,FDA50693-A4E2-4FB1-AFCF-C6EB07647825_10073_61418,-70.0,127.66230420056763,153.12462883632924,5dd4d3c350e04e0006f55ec7,1115.0
1574228549699.0,FDA50693-A4E2-4FB1-AFCF-C6EB07647825_10073_61418,-78.0,127.59281481551561,153.22361219299907,5dd4d3c350e04e0006f55ec7,1233.0
1574228550100.0,FDA50693-A4E2-4FB1-AFCF-C6EB07647825_10073_61418,-91.0,127.35666868495743,153.55998783727532,5dd4d3c350e04e0006f55ec7,1634.0
1574228550246.0,FDA50693-A4E2-4FB1-AFCF-C6EB07647825_10073_61418,-91.0,127.27069029328287,153.68245877010406,5dd4d3c350e04e0006f55ec7,1780.0
1574228550869.0,FDA50693-A4E2-4FB1-AFCF-C6EB07647825_10073_61418,-80.0,126.90380989593187,154.2050573396405,5dd4d3c350e04e0006f55ec7,2403.0
1574228550875.0,FDA50693-A4E2-4FB1-AFCF-C6EB07647825_10073_61418,-87.0,126.9002765373699,154.21009039167456,5dd4d3c350e04e0006f55ec7,2409.0
1574228550880.0,FDA50693-A4E2-4FB1-AFCF-C6EB07647825_10073_61418,-77.0,126.8973320719016,154.21428460170293,5dd4d3c350e04e0006f55ec7,2414.0
1574228551383.0,FDA50693-A4E2-4FB1-AFCF-C6EB07647825_10073_61418,-71.0,126.60111884578997,154.6362221305582,5dd4d3c350e04e0006f55ec7,2368.0
1574228551492.0,FDA50693-A4E2-4FB1-AFCF-C6EB07647825_10073_61418,-79.0,126.53692949858089,154.72765590917692,5dd4d3c350e04e0006f55ec7,2259.0
1574228551818.0,FDA50693-A4E2-4FB1-AFCF-C6EB07647825_10073_61418,-90.0,126.3449503500473,155.00111840302745,5dd4d3c350e04e0006f55ec7,1933.0
1574228552534.0,FDA50693-A4E2-4FB1-AFCF-C6EB07647825_10073_61418,-83.0,125.92330289498581,155.60172927909178,5dd4d3c350e04e0006f55ec7,1217.0
1574228552973.0,FDA50693-A4E2-4FB1-AFCF-C6EB07647825_10073_61418,-89.0,125.6647788268685,155.96998091958375,5dd4d3c350e04e0006f55ec7,778.0
1574228554748.0,FDA50693-A4E2-4FB1-AFCF-C6EB07647825_10073_61418,-82.0,124.07962213899512,157.52405471449296,5dd4d3c350e04e0006f55ec7,997.0
1574228556806.0,FDA50693-A4E2-4FB1-AFCF-C6EB07647825_10073_61418,-84.0,121.75328151918765,159.38483084531188,5dd4d3c350e04e0006f55ec7,3055.0
1574228558875.0,FDA50693-A4E2-4FB1-AFCF-C6EB07647825_10073_61418,-92.0,119.41450662007121,161.2555528155084,5dd4d3c350e04e0006f55ec7,2459.0
1574228561199.0,FDA50693-A4E2-4FB1-AFCF-C6EB07647825_10073_61418,-89.0,116.78748251879203,163.3568374258209,5dd4d3c350e04e0006f55ec7,135.0
1574228562468.0,FDA50693-A4E2-4FB1-AFCF-C6EB07647825_10073_61418,-100.0,115.2555967921122,164.35527365643662,5dd4d3c350e04e0006f55ec7,1134.0
1574228563236.0,FDA50693-A4E2-4FB1-AFCF-C6EB07647825_10073_61418,-96.0,114.32147906401889,164.9487965560339,5dd4d3c350e04e0006f55ec7,1902.0
1574228563778.0,FDA50693-A4E2-4FB1-AFCF-C6EB07647825_10073_61418,-86.0,113.66224493820303,165.36766297736426,5dd4d3c350e04e0006f55ec7,2444.0
1574228565681.0,FDA50693-A4E2-4FB1-AFCF-C6EB07647825_10073_61418,-94.0,111.34762770309679,166.83833234967366,5dd4d3c350e04e0006f55ec7,2854.0
1574228566039.0,FDA50693-A4E2-4FB1-AFCF-C6EB07647825_10073_61418,-93.0,110.91219261630329,167.11500057630886,5dd4d3c350e04e0006f55ec7,2496.0
1574228566097.0,FDA50693-A4E2-4FB1-AFCF-C6EB07647825_10073_61418,-88.0,110.84164726704624,167.15982392028886,5dd4d3c350e04e0006f55ec7,2438.0
1574228567498.0,FDA50693-A4E2-4FB1-AFCF-C6EB07647825_10073_61418,-92.0,109.137612192751,168.24253952228858,5dd4d3c350e04e0006f55ec7,1037.0
1574228568618.0,FDA50693-A4E2-4FB1-AFCF-C6EB07647825_10073_61418,-87.0,107.77793677986453,169.07422928417486,5dd4d3c350e04e0006f55ec7,83.0
1574228568960.0,FDA50693-A4E2-4FB1-AFCF-C6EB07647825_10073_61418,-97.0,107.37259170412563,169.19899452740148,5dd4d3c350e04e0006f55ec7,425.0
1574228569223.0,FDA50693-A4E2-4FB1-AFCF-C6EB07647825_10073_61418,-82.0,107.06087897044335,169.29493972906403,5dd4d3c350e04e0006f55ec7,688.0
1574228569871.0,FDA50693-A4E2-4FB1-AFCF-C6EB07647825_10073_61418,-87.0,106.29285672167488,169.5313370320197,5dd4d3c350e04e0006f55ec7,1336.0
1574228570641.0,FDA50693-A4E2-4FB1-AFCF-C6EB07647825_10073_61418,-86.0,105.38023769150247,169.81224123460592,5dd4d3c350e04e0006f55ec7,2106.0
1574228571524.0,FDA50693-A4E2-4FB1-AFCF-C6EB07647825_10073_61418,-89.0,104.33368885560346,170.13436904094826,5dd4d3c350e04e0006f55ec7,2989.0
1574228572307.0,FDA50693-A4E2-4FB1-AFCF-C6EB07647825_10073_61418,-90.0,103.40566197167489,170.4200157820197,5dd4d3c350e04e0006f55ec7,2724.0
1574228572577.0,FDA50693-A4E2-4FB1-AFCF-C6EB07647825_10073_61418,-79.0,103.08565270135469,170.51851465825123,5dd4d3c350e04e0006f55ec7,2454.0
1574228574549.0,FDA50693-A4E2-4FB1-AFCF-C6EB07647825_10073_61418,-89.0,100.74839980849754,171.23792126539408,5dd4d3c350e04e0006f55ec7,482.0
1574228575006.0,FDA50693-A4E2-4FB1-AFCF-C6EB07647825_10073_61418,-80.0,100.20675448799261,171.40463973368227,5dd4d3c350e04e0006f55ec7,25.0
1574228575977.0,FDA50693-A4E2-4FB1-AFCF-C6EB07647825_10073_61418,-82.0,99.19898508056629,170.9687771840412,5dd4d3c350e04e0006f55ec7,946.0
1574228576512.0,FDA50693-A4E2-4FB1-AFCF-C6EB07647825_10073_61418,-92.0,98.64580926460746,170.717121997426,5dd4d3c350e04e0006f55ec7,1481.0
1574228577704.0,FDA50693-A4E2-4FB1-AFCF-C6EB07647825_10073_61418,-91.0,97.41331286718147,170.15642483397684,5dd4d3c350e04e0006f55ec7,2673.0
1574228577722.0,FDA50693-A4E2-4FB1-AFCF-C6EB07647825_10073_61418,-92.0,97.39470134440155,170.14795793050192,5dd4d3c350e04e0006f55ec7,2691.0
1574228577758.0,FDA50693-A4E2-4FB1-AFCF-C6EB07647825_10073_61418,-87.0,97.3574782988417,170.13102412355212,5dd4d3c350e04e0006f55ec7,2727.0
1574228577939.0,FDA50693-A4E2-4FB1-AFCF-C6EB07647825_10073_61418,-98.0,97.1703290975547,170.0458847052767,5dd4d3c350e04e0006f55ec7,2908.0
1574228577978.0,FDA50693-A4E2-4FB1-AFCF-C6EB07647825_10073_61418,-90.0,97.13000413153154,170.02753974774774,5dd4d3c350e04e0006f55ec7,2947.0
1574228579004.0,FDA50693-A4E2-4FB1-AFCF-C6EB07647825_10073_61418,-95.0,96.06914733307593,169.54492624967824,5dd4d3c350e04e0006f55ec7,3797.0
1574228579466.0,FDA50693-A4E2-4FB1-AFCF-C6EB07647825_10073_61418,-89.0,95.59145158172458,169.32760906048907,5dd4d3c350e04e0006f55ec7,3335.0
1574228580022.0,FDA50693-A4E2-4FB1-AFCF-C6EB07647825_10073_61418,-85.0,95.01656232252253,169.06607581981982,5dd4d3c350e04e0006f55ec7,2779.0
1574228580064.0,FDA50693-A4E2-4FB1-AFCF-C6EB07647825_10073_61418,-80.0,94.97313543603605,169.0463197117117,5dd4d3c350e04e0006f55ec7,2737.0
1574228580300.0,FDA50693-A4E2-4FB1-AFCF-C6EB07647825_10073_61418,-79.0,94.7291176929215,168.9353091994852,5dd4d3c350e04e0006f55ec7,2501.0
1574228580736.0,FDA50693-A4E2-4FB1-AFCF-C6EB07647825_10073_61418,-92.0,94.27830525225225,168.730221981982,5dd4d3c350e04e0006f55ec7,2065.0
1574228581019.0,FDA50693-A4E2-4FB1-AFCF-C6EB07647825_10073_61418,-94.0,93.98569075521236,168.59710344401546,5dd4d3c350e04e0006f55ec7,1782.0
1574228581059.0,FDA50693-A4E2-4FB1-AFCF-C6EB07647825_10073_61418,-87.0,93.94433181570142,168.5782881029601,5dd4d3c350e04e0006f55ec7,1742.0
1574228581416.0,FDA50693-A4E2-4FB1-AFCF-C6EB07647825_10073_61418,-77.0,93.57520328056629,168.4103611840412,5dd4d3c350e04e0006f55ec7,1385.0
1574228581649.0,FDA50693-A4E2-4FB1-AFCF-C6EB07647825_10073_61418,-85.0,93.33428745791507,168.30076182239384,5dd4d3c350e04e0006f55ec7,1152.0
1574228583662.0,FDA50693-A4E2-4FB1-AFCF-C6EB07647825_10073_61418,-83.0,91.91055486972893,166.6188232868976,5dd4d3c350e04e0006f55ec7,861.0
1574228584229.0,FDA50693-A4E2-4FB1-AFCF-C6EB07647825_10073_61418,-93.0,91.75738246686747,165.86805423192772,5dd4d3c350e04e0006f55ec7,1228.0
1574228313998.0,FDA50693-A4E2-4FB1-AFCF-C6EB07647825_10073_61418,-78.0,90.22580363006924,104.99954493570722,5dd4d3f5d48f840006f14487,265.0
1574228314183.0,FDA50693-A4E2-4FB1-AFCF-C6EB07647825_10073_61418,-86.0,90.3142431454006,105.1439949851632,5dd4d3f5d48f840006f14487,450.0
1574228314516.0,FDA50693-A4E2-4FB1-AFCF-C6EB07647825_10073_61418,-86.0,90.47343427299704,105.40400507418398,5dd4d3f5d48f840006f14487,783.0
1574228314763.0,FDA50693-A4E2-4FB1-AFCF-C6EB07647825_10073_61418,-90.0,90.59151297725025,105.59686541048467,5dd4d3f5d48f840006f14487,992.0
1574228314785.0,FDA50693-A4E2-4FB1-AFCF-C6EB07647825_10073_61418,-81.0,90.60203010880316,105.61404325420376,5dd4d3f5d48f840006f14487,970.0
1574228314794.0,FDA50693-A4E2-4FB1-AFCF-C6EB07647825_10073_61418,-99.0,90.60633257171118,105.62107055390703,5dd4d3f5d48f840006f14487,961.0
1574228314901.0,FDA50693-A4E2-4FB1-AFCF-C6EB07647825_10073_61418,-97.0,90.6574840751731,105.70461733926805,5dd4d3f5d48f840006f14487,854.0
1574228316373.0,FDA50693-A4E2-4FB1-AFCF-C6EB07647825_10073_61418,-79.0,90.48558000851064,106.63893195744681,5dd4d3f5d48f840006f14487,618.0
1574228316484.0,FDA50693-A4E2-4FB1-AFCF-C6EB07647825_10073_61418,-98.0,90.38137651489362,106.68697842553192,5dd4d3f5d48f840006f14487,729.0
1574228320135.0,FDA50693-A4E2-4FB1-AFCF-C6EB07647825_10073_61418,-72.0,86.95392646808511,108.26731765957447,5dd4d3f5d48f840006f14487,2670.0
1574228321739.0,FDA50693-A4E2-4FB1-AFCF-C6EB07647825_10073_61418,-93.0,85.44813904680852,108.96161076595745,5dd4d3f5d48f840006f14487,1066.0
1574228322348.0,FDA50693-A4E2-4FB1-AFCF-C6EB07647825_10073_61418,-81.0,84.87642798723405,109.22521706382979,5dd4d3f5d48f840006f14487,457.0
1574228322863.0,FDA50693-A4E2-4FB1-AFCF-C6EB07647825_10073_61418,-76.0,84.3968835257485,109.46416321796407,5dd4d3f5d48f840006f14487,58.0
1574228324039.0,FDA50693-A4E2-4FB1-AFCF-C6EB07647825_10073_61418,-90.0,83.37241570299402,110.29817467185629,5dd4d3f5d48f840006f14487,1234.0
1574228324305.0,FDA50693-A4E2-4FB1-AFCF-C6EB07647825_10073_61418,-89.0,83.14069083832335,110.48682011976048,5dd4d3f5d48f840006f14487,1500.0
1574228324556.0,FDA50693-A4E2-4FB1-AFCF-C6EB07647825_10073_61418,-92.0,82.92203316526947,110.66482766646706,5dd4d3f5d48f840006f14487,1751.0
1574228324706.0,FDA50693-A4E2-4FB1-AFCF-C6EB07647825_10073_61418,-91.0,82.7913612491018,110.77120667844311,5dd4d3f5d48f840006f14487,1901.0
1574228324929.0,FDA50693-A4E2-4FB1-AFCF-C6EB07647825_10073_61418,-92.0,82.59709566706587,110.92935680958084,5dd4d3f5d48f840006f14487,2124.0
1574228325096.0,FDA50693-A4E2-4FB1-AFCF-C6EB07647825_10073_61418,-90.0,82.45161426706586,111.04779210958084,5dd4d3f5d48f840006f14487,2291.0
1574228325873.0,FDA50693-A4E2-4FB1-AFCF-C6EB07647825_10073_61418,-92.0,81.77473374131736,111.59883539161676,5dd4d3f5d48f840006f14487,3068.0
1574228327066.0,FDA50693-A4E2-4FB1-AFCF-C6EB07647825_10073_61418,-95.0,80.73545643473054,112.44490313353293,5dd4d3f5d48f840006f14487,4089.0
1574228328011.0,FDA50693-A4E2-4FB1-AFCF-C6EB07647825_10073_61418,-77.0,79.91222336287424,113.11509090898204,5dd4d3f5d48f840006f14487,3144.0
1574228328071.0,FDA50693-A4E2-4FB1-AFCF-C6EB07647825_10073_61418,-92.0,79.85995459640719,113.15764251377246,5dd4d3f5d48f840006f14487,3084.0
1574228328195.0,FDA50693-A4E2-4FB1-AFCF-C6EB07647825_10073_61418,-92.0,79.75193247904191,113.24558249700598,5dd4d3f5d48f840006f14487,2960.0
1574228328881.0,FDA50693-A4E2-4FB1-AFCF-C6EB07647825_10073_61418,-73.0,79.1543262491018,113.73208917844312,5dd4d3f5d48f840006f14487,2274.0
1574228329660.0,FDA50693-A4E2-4FB1-AFCF-C6EB07647825_10073_61418,-73.0,78.47570343113772,114.2845508473054,5dd4d3f5d48f840006f14487,1495.0
1574228329908.0,FDA50693-A4E2-4FB1-AFCF-C6EB07647825_10073_61418,-75.0,78.25965919640718,114.46043081377246,5dd4d3f5d48f840006f14487,1247.0
1574228330428.0,FDA50693-A4E2-4FB1-AFCF-C6EB07647825_10073_61418,-89.0,77.80666322035928,114.82921138862275,5dd4d3f5d48f840006f14487,727.0
1574228330697.0,FDA50693-A4E2-4FB1-AFCF-C6EB07647825_10073_61418,-85.0,77.57232491736526,115.01998441676648,5dd4d3f5d48f840006f14487,458.0
1574228331103.0,FDA50693-A4E2-4FB1-AFCF-C6EB07647825_10073_61418,-81.0,77.21863959760479,115.30791694251498,5dd4d3f5d48f840006f14487,52.0
1574228331807.0,FDA50693-A4E2-4FB1-AFCF-C6EB07647825_10073_61418,-95.0,77.58290448739099,115.34722520975726,5dd4d3f5d48f840006f14487,652.0
1574228331809.0,FDA50693-A4E2-4FB1-AFCF-C6EB07647825_10073_61418,-81.0,77.5841608201744,115.34723266438841,5dd4d3f5d48f840006f14487,654.0
1574228332010.0,FDA50693-A4E2-4FB1-AFCF-C6EB07647825_10073_61418,-77.0,77.7104222649069,115.34798185481971,5dd4d3f5d48f840006f14487,855.0
1574228333315.0,FDA50693-A4E2-4FB1-AFCF-C6EB07647825_10073_61418,-95.0,78.5301794060806,115.35284600164978,5dd4d3f5d48f840006f14487,2083.0
1574228333360.0,FDA50693-A4E2-4FB1-AFCF-C6EB07647825_10073_61418,-90.0,78.55844689370728,115.35301373085082,5dd4d3f5d48f840006f14487,2038.0
1574228333569.0,FDA50693-A4E2-4FB1-AFCF-C6EB07647825_10073_61418,-72.0,78.68973366957341,115.35379273980674,5dd4d3f5d48f840006f14487,1829.0
1574228333615.0,FDA50693-A4E2-4FB1-AFCF-C6EB07647825_10073_61418,-87.0,78.7186293235918,115.35396419632336,5dd4d3f5d48f840006f14487,1783.0
1574228333710.0,FDA50693-A4E2-4FB1-AFCF-C6EB07647825_10073_61418,-87.0,78.77830513080367,115.35431829130331,5dd4d3f5d48f840006f14487,1688.0
1574228333844.0,FDA50693-A4E2-4FB1-AFCF-C6EB07647825_10073_61418,-73.0,78.86247942729202,115.35481775159086,5dd4d3f5d48f840006f14487,1554.0
1574228335529.0,FDA50693-A4E2-4FB1-AFCF-C6EB07647825_10073_61418,-80.0,80.00388410740366,115.2283122154814,5dd4d3f5d48f840006f14487,131.0
1574228335945.0,FDA50693-A4E2-4FB1-AFCF-C6EB07647825_10073_61418,-86.0,80.52859699809011,114.80819100662846,5dd4d3f5d48f840006f14487,547.0
1574228336461.0,FDA50693-A4E2-4FB1-AFCF-C6EB07647825_10073_61418,-81.0,81.17944279519155,114.28707912257049,5dd4d3f5d48f840006f14487,1063.0
1574228336683.0,FDA50693-A4E2-4FB1-AFCF-C6EB07647825_10073_61418,-82.0,81.45945784743287,114.06287982361532,5dd4d3f5d48f840006f14487,1285.0
1574228337612.0,FDA50693-A4E2-4FB1-AFCF-C6EB07647825_10073_61418,-86.0,82.63123254802831,113.12467645096056,5dd4d3f5d48f840006f14487,2214.0
1574228337757.0,FDA50693-A4E2-4FB1-AFCF-C6EB07647825_10073_61418,-81.0,82.81412526233008,112.97823997191327,5dd4d3f5d48f840006f14487,2359.0
1574228338545.0,FDA50693-A4E2-4FB1-AFCF-C6EB07647825_10073_61418,-89.0,83.80805256488036,112.1824334512976,5dd4d3f5d48f840006f14487,3147.0
1574228339078.0,FDA50693-A4E2-4FB1-AFCF-C6EB07647825_10073_61418,-91.0,84.48034095607235,111.64415315245478,5dd4d3f5d48f840006f14487,3680.0
1574228339323.0,FDA50693-A4E2-4FB1-AFCF-C6EB07647825_10073_61418,-80.0,84.78936657678912,111.39672599820244,5dd4d3f5d48f840006f14487,3925.0
1574228339336.0,FDA50693-A4E2-4FB1-AFCF-C6EB07647825_10073_61418,-97.0,84.80576385462308,111.38359721042579,5dd4d3f5d48f840006f14487,3938.0
1574228339714.0,FDA50693-A4E2-4FB1-AFCF-C6EB07647825_10073_61418,-94.0,85.28254624087181,111.00185245815076,5dd4d3f5d48f840006f14487,4316.0
1574228340371.0,FDA50693-A4E2-4FB1-AFCF-C6EB07647825_10073_61418,-82.0,86.11123943601842,110.33834372205371,5dd4d3f5d48f840006f14487,3928.0
1574228340894.0,FDA50693-A4E2-4FB1-AFCF-C6EB07647825_10073_61418,-84.0,86.77091453656892,109.81016249073139,5dd4d3f5d48f840006f14487,3405.0
1574228342197.0,FDA50693-A4E2-4FB1-AFCF-C6EB07647825_10073_61418,-90.0,88.4144263071565,108.4942539928098,5dd4d3f5d48f840006f14487,2102.0
1574228344280.0,FDA50693-A4E2-4FB1-AFCF-C6EB07647825_10073_61418,-95.0,91.04177474778115,106.39061822828896,5dd4d3f5d48f840006f14487,19.0
1574228344283.0,FDA50693-A4E2-4FB1-AFCF-C6EB07647825_10073_61418,-80.0,91.04555873497361,106.3875885080328,5dd4d3f5d48f840006f14487,16.0
1574228290756.0,FDA50693-A4E2-4FB1-AFCF-C6EB07647825_10073_61418,-88.0,77.38496761048688,115.34605072284644,5dd4d3f750e04e0006f55ece,212.0
1574228290770.0,FDA50693-A4E2-4FB1-AFCF-C6EB07647825_10073_61418,-76.0,77.39894301872658,115.34613364794008,5dd4d3f750e04e0006f55ece,226.0
1574228290776.0,FDA50693-A4E2-4FB1-AFCF-C6EB07647825_10073_61418,-91.0,77.40493247940074,115.34616918726591,5dd4d3f750e04e0006f55ece,232.0
1574228290795.0,FDA50693-A4E2-4FB1-AFCF-C6EB07647825_10073_61418,-90.0,77.42389910486891,115.34628172846442,5dd4d3f750e04e0006f55ece,251.0
1574228290813.0,FDA50693-A4E2-4FB1-AFCF-C6EB07647825_10073_61418,-80.0,77.44186748689138,115.34638834644196,5dd4d3f750e04e0006f55ece,269.0
1574228292459.0,FDA50693-A4E2-4FB1-AFCF-C6EB07647825_10073_61418,-90.0,79.08497619850188,115.35613796816479,5dd4d3f750e04e0006f55ece,755.0
1574228292630.0,FDA50693-A4E2-4FB1-AFCF-C6EB07647825_10073_61418,-96.0,79.25567582771535,115.35715083895131,5dd4d3f750e04e0006f55ece,584.0
1574228293019.0,FDA50693-A4E2-4FB1-AFCF-C6EB07647825_10073_61418,-92.0,79.64399252808988,115.35945497191011,5dd4d3f750e04e0006f55ece,195.0
1574228294164.0,FDA50693-A4E2-4FB1-AFCF-C6EB07647825_10073_61418,-92.0,80.88584492944273,114.01148275771347,5dd4d3f750e04e0006f55ece,950.0
1574228295898.0,FDA50693-A4E2-4FB1-AFCF-C6EB07647825_10073_61418,-98.0,82.79725125328869,111.54897050705573,5dd4d3f750e04e0006f55ece,1497.0
1574228298203.0,FDA50693-A4E2-4FB1-AFCF-C6EB07647825_10073_61418,-86.0,85.46469261973714,108.5895786299844,5dd4d3f750e04e0006f55ece,808.0
1574228300102.0,FDA50693-A4E2-4FB1-AFCF-C6EB07647825_10073_61418,-93.0,87.85555857874806,106.6307616106037,5dd4d3f750e04e0006f55ece,1782.0
1574228300551.0,FDA50693-A4E2-4FB1-AFCF-C6EB07647825_10073_61418,-90.0,88.42085548006237,106.16761846068167,5dd4d3f750e04e0006f55ece,1333.0
1574228300698.0,FDA50693-A4E2-4FB1-AFCF-C6EB07647825_10073_61418,-84.0,88.60593041211851,106.01598807529517,5dd4d3f750e04e0006f55ece,1186.0
1574228304757.0,FDA50693-A4E2-4FB1-AFCF-C6EB07647825_10073_61418,-92.0,90.71693963515017,105.80172730812014,5dd4d3f750e04e0006f55ece,1622.0
1574228305113.0,FDA50693-A4E2-4FB1-AFCF-C6EB07647825_10073_61418,-90.0,90.79349507897665,105.92676686318131,5dd4d3f750e04e0006f55ece,1266.0
1574228305633.0,FDA50693-A4E2-4FB1-AFCF-C6EB07647825_10073_61418,-87.0,90.90531763737486,106.1094089098999,5dd4d3f750e04e0006f55ece,746.0
1574228306146.0,FDA50693-A4E2-4FB1-AFCF-C6EB07647825_10073_61418,-83.0,91.01563489210234,106.28959231368188,5dd4d3f750e04e0006f55ece,233.0
1574228307704.0,FDA50693-A4E2-4FB1-AFCF-C6EB07647825_10073_61418,-93.0,90.67526088414634,105.73365256097561,5dd4d3f750e04e0006f55ece,1325.0
1574228308269.0,FDA50693-A4E2-4FB1-AFCF-C6EB07647825_10073_61418,-78.0,90.50875469512195,105.46169463414634,5dd4d3f750e04e0006f55ece,1390.0
1574228309268.0,FDA50693-A4E2-4FB1-AFCF-C6EB07647825_10073_61418,-76.0,90.21434817682926,104.98083451219513,5dd4d3f750e04e0006f55ece,391.0
1574228309551.0,FDA50693-A4E2-4FB1-AFCF-C6EB07647825_10073_61418,-96.0,90.13094773170732,104.84461487804879,5dd4d3f750e04e0006f55ece,108.0
1574227650343.0,FDA50693-A4E2-4FB1-AFCF-C6EB07647825_10073_61418,-85.0,124.34117858410099,180.53889770726715,5dd4d40f50e04e0006f55ed8,1442.0
1574227650869.0,FDA50693-A4E2-4FB1-AFCF-C6EB07647825_10073_61418,-96.0,123.79802391334015,180.00993660184238,5dd4d40f50e04e0006f55ed8,916.0
1574227651396.0,FDA50693-A4E2-4FB1-AFCF-C6EB07647825_10073_61418,-88.0,123.25383662913681,179.47996986693963,5dd4d40f50e04e0006f55ed8,389.0
1574227652875.0,FDA50693-A4E2-4FB1-AFCF-C6EB07647825_10073_61418,-99.0,122.38437633384146,177.70926536585367,5dd4d40f50e04e0006f55ed8,1090.0
1574227653989.0,FDA50693-A4E2-4FB1-AFCF-C6EB07647825_10073_61418,-88.0,121.9063030640244,176.29937609756098,5dd4d40f50e04e0006f55ed8,420.0
1574227654780.0,FDA50693-A4E2-4FB1-AFCF-C6EB07647825_10073_61418,-87.0,121.38391258351358,175.35774062004327,5dd4d40f50e04e0006f55ed8,371.0
1574227657199.0,FDA50693-A4E2-4FB1-AFCF-C6EB07647825_10073_61418,-97.0,119.15303764960346,172.68393463590482,5dd4d40f50e04e0006f55ed8,1371.0
1574227658256.0,FDA50693-A4E2-4FB1-AFCF-C6EB07647825_10073_61418,-98.0,118.17824029319875,171.5155952703677,5dd4d40f50e04e0006f55ed8,314.0
1574227663934.0,FDA50693-A4E2-4FB1-AFCF-C6EB07647825_10073_61418,-90.0,118.98783775889538,167.45449674986722,5dd4d40f50e04e0006f55ed8,2363.0
1574227665232.0,FDA50693-A4E2-4FB1-AFCF-C6EB07647825_10073_61418,-90.0,120.35631440254913,166.31972903876792,5dd4d40f50e04e0006f55ed8,1065.0
1574227668395.0,FDA50693-A4E2-4FB1-AFCF-C6EB07647825_10073_61418,-83.0,120.98371140735917,167.19395108433736,5dd4d40f50e04e0006f55ed8,973.0
1574227669128.0,FDA50693-A4E2-4FB1-AFCF-C6EB07647825_10073_61418,-101.0,120.81061838619343,167.8246843373494,5dd4d40f50e04e0006f55ed8,240.0
1574227670189.0,FDA50693-A4E2-4FB1-AFCF-C6EB07647825_10073_61418,-100.0,120.25984650703634,168.57220813274523,5dd4d40f50e04e0006f55ed8,821.0
1574227671059.0,FDA50693-A4E2-4FB1-AFCF-C6EB07647825_10073_61418,-92.0,119.73625963873137,169.14550542323042,5dd4d40f50e04e0006f55ed8,1691.0
1574227674809.0,FDA50693-A4E2-4FB1-AFCF-C6EB07647825_10073_61418,-100.0,117.33174753462605,170.97043939058173,5dd4d40f50e04e0006f55ed8,680.0
1574227675183.0,FDA50693-A4E2-4FB1-AFCF-C6EB07647825_10073_61418,-97.0,117.02544567867037,170.86149505540166,5dd4d40f50e04e0006f55ed8,1054.0
1574227675367.0,FDA50693-A4E2-4FB1-AFCF-C6EB07647825_10073_61418,-95.0,116.87475171745153,170.80789677285318,5dd4d40f50e04e0006f55ed8,1238.0
1574227675701.0,FDA50693-A4E2-4FB1-AFCF-C6EB07647825_10073_61418,-95.0,116.60120941828255,170.71060423822715,5dd4d40f50e04e0006f55ed8,1316.0
1574227676152.0,FDA50693-A4E2-4FB1-AFCF-C6EB07647825_10073_61418,-98.0,116.23184541551247,170.5792301869806,5dd4d40f50e04e0006f55ed8,865.0
1574227676923.0,FDA50693-A4E2-4FB1-AFCF-C6EB07647825_10073_61418,-96.0,115.60040495844875,170.35464173130194,5dd4d40f50e04e0006f55ed8,94.0
1574227680507.0,FDA50693-A4E2-4FB1-AFCF-C6EB07647825_10073_61418,-92.0,118.59355176089305,173.9976122746369,5dd4d40f50e04e0006f55ed8,3490.0
1574227681210.0,FDA50693-A4E2-4FB1-AFCF-C6EB07647825_10073_61418,-97.0,119.21197658264313,174.7369411139119,5dd4d40f50e04e0006f55ed8,4138.0
1574227685656.0,FDA50693-A4E2-4FB1-AFCF-C6EB07647825_10073_61418,-91.0,123.11505255989049,179.4363684353183,5dd4d40f50e04e0006f55ed8,308.0
1574227687236.0,FDA50693-A4E2-4FB1-AFCF-C6EB07647825_10073_61418,-90.0,124.46370854893908,181.2194519671458,5dd4d40f50e04e0006f55ed8,1888.0
1574227688546.0,FDA50693-A4E2-4FB1-AFCF-C6EB07647825_10073_61418,-98.0,125.58189800821354,182.69783135112937,5dd4d40f50e04e0006f55ed8,3198.0
1574228062066.0,FDA50693-A4E2-4FB1-AFCF-C6EB07647825_10073_61418,-88.0,68.41092297749196,104.47186103794212,5dd4d41ad48f840006f1449d,582.0
1574228062167.0,FDA50693-A4E2-4FB1-AFCF-C6EB07647825_10073_61418,-98.0,68.53864510932476,104.34528218713827,5dd4d41ad48f840006f1449d,683.0
1574228062442.0,FDA50693-A4E2-4FB1-AFCF-C6EB07647825_10073_61418,-88.0,68.88640338906752,104.00063680128618,5dd4d41ad48f840006f1449d,958.0
1574228062509.0,FDA50693-A4E2-4FB1-AFCF-C6EB07647825_10073_61418,-98.0,68.97112995176849,103.91666865273312,5dd4d41ad48f840006f1449d,1025.0
1574228062709.0,FDA50693-A4E2-4FB1-AFCF-C6EB07647825_10073_61418,-70.0,69.22404506430868,103.66601746302251,5dd4d41ad48f840006f1449d,1225.0
1574228062980.0,FDA50693-A4E2-4FB1-AFCF-C6EB07647825_10073_61418,-90.0,69.56674504180064,103.32638510096463,5dd4d41ad48f840006f1449d,1496.0
1574228062984.0,FDA50693-A4E2-4FB1-AFCF-C6EB07647825_10073_61418,-76.0,69.57180334405145,103.32137207717042,5dd4d41ad48f840006f1449d,1500.0
1574228063031.0,FDA50693-A4E2-4FB1-AFCF-C6EB07647825_10073_61418,-79.0,69.6312383954984,103.26246904758843,5dd4d41ad48f840006f1449d,1547.0
1574228063499.0,FDA50693-A4E2-4FB1-AFCF-C6EB07647825_10073_61418,-77.0,70.22305975884245,102.6759452636656,5dd4d41ad48f840006f1449d,1095.0
1574228063749.0,FDA50693-A4E2-4FB1-AFCF-C6EB07647825_10073_61418,-80.0,70.53920364951769,102.36263127652732,5dd4d41ad48f840006f1449d,845.0
1574228063976.0,FDA50693-A4E2-4FB1-AFCF-C6EB07647825_10073_61418,-97.0,70.82626230225081,102.07814217620579,5dd4d41ad48f840006f1449d,618.0
1574228064128.0,FDA50693-A4E2-4FB1-AFCF-C6EB07647825_10073_61418,-86.0,71.01847778778135,101.88764727202572,5dd4d41ad48f840006f1449d,466.0
1574228064271.0,FDA50693-A4E2-4FB1-AFCF-C6EB07647825_10073_61418,-96.0,71.19931209324758,101.70843167138264,5dd4d41ad48f840006f1449d,323.0
1574228064535.0,FDA50693-A4E2-4FB1-AFCF-C6EB07647825_10073_61418,-83.0,71.53316004180064,101.37757210096463,5dd4d41ad48f840006f1449d,59.0
1574228064625.0,FDA50693-A4E2-4FB1-AFCF-C6EB07647825_10073_61418,-80.0,71.6223730159128,101.33825763312868,5dd4d41ad48f840006f1449d,31.0
1574228064761.0,FDA50693-A4E2-4FB1-AFCF-C6EB07647825_10073_61418,-100.0,71.6864378599173,101.49017241072548,5dd4d41ad48f840006f1449d,167.0
1574228064769.0,FDA50693-A4E2-4FB1-AFCF-C6EB07647825_10073_61418,-87.0,71.69020638015286,101.49910857411352,5dd4d41ad48f840006f1449d,175.0
1574228064797.0,FDA50693-A4E2-4FB1-AFCF-C6EB07647825_10073_61418,-89.0,71.70339620097732,101.53038514597168,5dd4d41ad48f840006f1449d,203.0
1574228065022.0,FDA50693-A4E2-4FB1-AFCF-C6EB07647825_10073_61418,-95.0,71.80938583260243,101.78171474126049,5dd4d41ad48f840006f1449d,428.0
1574228065294.0,FDA50693-A4E2-4FB1-AFCF-C6EB07647825_10073_61418,-87.0,71.93751552061146,102.08554429645407,5dd4d41ad48f840006f1449d,700.0
1574228065540.0,FDA50693-A4E2-4FB1-AFCF-C6EB07647825_10073_61418,-85.0,72.0533975178549,102.3603313206365,5dd4d41ad48f840006f1449d,946.0
1574228065541.0,FDA50693-A4E2-4FB1-AFCF-C6EB07647825_10073_61418,-96.0,72.05386858288435,102.36144834106001,5dd4d41ad48f840006f1449d,947.0
1574228065899.0,FDA50693-A4E2-4FB1-AFCF-C6EB07647825_10073_61418,-77.0,72.22250986342564,102.7613416526751,5dd4d41ad48f840006f1449d,1305.0
1574228067411.0,FDA50693-A4E2-4FB1-AFCF-C6EB07647825_10073_61418,-75.0,72.93476018794637,104.45027653301591,5dd4d41ad48f840006f1449d,2817.0
1574228069503.0,FDA50693-A4E2-4FB1-AFCF-C6EB07647825_10073_61418,-82.0,73.92022822954517,106.7870832589901,5dd4d41ad48f840006f1449d,3072.0
1574228070548.0,FDA50693-A4E2-4FB1-AFCF-C6EB07647825_10073_61418,-87.0,74.41249118531512,107.9543696015537,5dd4d41ad48f840006f1449d,2027.0
1574228070811.0,FDA50693-A4E2-4FB1-AFCF-C6EB07647825_10073_61418,-83.0,74.53638128805915,108.24814597293572,5dd4d41ad48f840006f1449d,1764.0
1574228072400.0,FDA50693-A4E2-4FB1-AFCF-C6EB07647825_10073_61418,-79.0,75.28490361984714,110.02309142588648,5dd4d41ad48f840006f1449d,175.0
1574228072428.0,FDA50693-A4E2-4FB1-AFCF-C6EB07647825_10073_61418,-83.0,75.2980934406716,110.05436799774465,5dd4d41ad48f840006f1449d,147.0
1574228073368.0,FDA50693-A4E2-4FB1-AFCF-C6EB07647825_10073_61418,-88.0,76.1139706232891,111.077200810697,5dd4d41ad48f840006f1449d,793.0
1574228073432.0,FDA50693-A4E2-4FB1-AFCF-C6EB07647825_10073_61418,-78.0,76.17422832806906,111.1464976226574,5dd4d41ad48f840006f1449d,857.0
1574228073703.0,FDA50693-A4E2-4FB1-AFCF-C6EB07647825_10073_61418,-88.0,76.42938204674668,111.43992631080228,5dd4d41ad48f840006f1449d,1128.0
1574228074466.0,FDA50693-A4E2-4FB1-AFCF-C6EB07647825_10073_61418,-80.0,77.1477668709202,112.26607424089282,5dd4d41ad48f840006f1449d,1891.0
1574228074960.0,FDA50693-A4E2-4FB1-AFCF-C6EB07647825_10073_61418,-81.0,77.61288102969046,112.80095900821225,5dd4d41ad48f840006f1449d,2364.0
1574228075493.0,FDA50693-A4E2-4FB1-AFCF-C6EB07647825_10073_61418,-92.0,78.11471472731101,113.37807152032006,5dd4d41ad48f840006f1449d,1831.0
1574228075511.0,FDA50693-A4E2-4FB1-AFCF-C6EB07647825_10073_61418,-74.0,78.13166220678038,113.39756124868393,5dd4d41ad48f840006f1449d,1813.0
1574228075837.0,FDA50693-A4E2-4FB1-AFCF-C6EB07647825_10073_61418,-94.0,78.43859989050327,113.75054188460729,5dd4d41ad48f840006f1449d,1487.0
1574228076192.0,FDA50693-A4E2-4FB1-AFCF-C6EB07647825_10073_61418,-85.0,78.77284184670457,114.13492263845019,5dd4d41ad48f840006f1449d,1132.0
1574228076196.0,FDA50693-A4E2-4FB1-AFCF-C6EB07647825_10073_61418,-76.0,78.77660795325332,114.13925368919772,5dd4d41ad48f840006f1449d,1128.0
1574228076202.0,FDA50693-A4E2-4FB1-AFCF-C6EB07647825_10073_61418,-82.0,78.78225711307644,114.14575026531901,5dd4d41ad48f840006f1449d,1122.0
1574228076552.0,FDA50693-A4E2-4FB1-AFCF-C6EB07647825_10073_61418,-73.0,79.1117914360918,114.52471720572751,5dd4d41ad48f840006f1449d,772.0
1574228076915.0,FDA50693-A4E2-4FB1-AFCF-C6EB07647825_10073_61418,-83.0,79.45356560539061,114.91776006106548,5dd4d41ad48f840006f1449d,409.0
1574228077139.0,FDA50693-A4E2-4FB1-AFCF-C6EB07647825_10073_61418,-90.0,79.66446757212044,115.16029890292693,5dd4d41ad48f840006f1449d,185.0
1574305400246.0,FDA50693-A4E2-4FB1-AFCF-C6EB07647825_10073_61418,-94.0,163.287295998444,130.0156275259336,5dd5ffb0d48f840006f14bff,82.0
1574305400340.0,FDA50693-A4E2-4FB1-AFCF-C6EB07647825_10073_61418,-84.0,163.36687043568466,130.1047527385892,5dd5ffb0d48f840006f14bff,176.0
1574305400354.0,FDA50693-A4E2-4FB1-AFCF-C6EB07647825_10073_61418,-97.0,163.3787219476141,130.11802670643155,5dd5ffb0d48f840006f14bff,190.0
1574305400482.0,FDA50693-A4E2-4FB1-AFCF-C6EB07647825_10073_61418,-93.0,163.48707862811204,130.23938869813279,5dd5ffb0d48f840006f14bff,318.0
1574305400803.0,FDA50693-A4E2-4FB1-AFCF-C6EB07647825_10073_61418,-83.0,163.75881686592325,130.54374181794606,5dd5ffb0d48f840006f14bff,639.0
1574305400812.0,FDA50693-A4E2-4FB1-AFCF-C6EB07647825_10073_61418,-85.0,163.76643569502076,130.55227508298756,5dd5ffb0d48f840006f14bff,648.0
1574305401028.0,FDA50693-A4E2-4FB1-AFCF-C6EB07647825_10073_61418,-90.0,163.949287593361,130.75707344398342,5dd5ffb0d48f840006f14bff,864.0
1574305401069.0,FDA50693-A4E2-4FB1-AFCF-C6EB07647825_10073_61418,-87.0,163.983995592583,130.79594720695022,5dd5ffb0d48f840006f14bff,905.0
1574305401616.0,FDA50693-A4E2-4FB1-AFCF-C6EB07647825_10073_61418,-89.0,164.44705109439835,131.314580093361,5dd5ffb0d48f840006f14bff,1452.0
1574305402299.0,FDA50693-A4E2-4FB1-AFCF-C6EB07647825_10073_61418,-87.0,165.02523556924274,131.96216009595437,5dd5ffb0d48f840006f14bff,2135.0
1574305402567.0,FDA50693-A4E2-4FB1-AFCF-C6EB07647825_10073_61418,-86.0,165.2521073690353,132.21626176607884,5dd5ffb0d48f840006f14bff,2403.0
1574305403107.0,FDA50693-A4E2-4FB1-AFCF-C6EB07647825_10073_61418,-95.0,165.7092371148859,132.72825766856846,5dd5ffb0d48f840006f14bff,2943.0
1574305403179.0,FDA50693-A4E2-4FB1-AFCF-C6EB07647825_10073_61418,-94.0,165.77018774766597,132.79652378890043,5dd5ffb0d48f840006f14bff,3015.0
1574305403435.0,FDA50693-A4E2-4FB1-AFCF-C6EB07647825_10073_61418,-94.0,165.98690110866184,133.0392477723029,5dd5ffb0d48f840006f14bff,3271.0
1574305403708.0,FDA50693-A4E2-4FB1-AFCF-C6EB07647825_10073_61418,-88.0,166.21800559128633,133.29809014522823,5dd5ffb0d48f840006f14bff,3544.0
1574305404260.0,FDA50693-A4E2-4FB1-AFCF-C6EB07647825_10073_61418,-85.0,166.68529377593362,133.82146373443985,5dd5ffb0d48f840006f14bff,3616.0
1574305404395.0,FDA50693-A4E2-4FB1-AFCF-C6EB07647825_10073_61418,-90.0,166.7995762123963,133.94946271006225,5dd5ffb0d48f840006f14bff,3481.0
1574305404642.0,FDA50693-A4E2-4FB1-AFCF-C6EB07647825_10073_61418,-90.0,167.00867074429462,134.18365342842324,5dd5ffb0d48f840006f14bff,3234.0
1574305404739.0,FDA50693-A4E2-4FB1-AFCF-C6EB07647825_10073_61418,-86.0,167.09078479123446,134.27562306275934,5dd5ffb0d48f840006f14bff,3137.0
1574305406582.0,FDA50693-A4E2-4FB1-AFCF-C6EB07647825_10073_61418,-89.0,168.6509516830913,136.02304611514523,5dd5ffb0d48f840006f14bff,1294.0
1574305407791.0,FDA50693-A4E2-4FB1-AFCF-C6EB07647825_10073_61418,-93.0,169.67441439185686,137.1693480523859,5dd5ffb0d48f840006f14bff,85.0
1574305408610.0,FDA50693-A4E2-4FB1-AFCF-C6EB07647825_10073_61418,-100.0,170.35348955436305,137.96386203453105,5dd5ffb0d48f840006f14bff,734.0
1574305409884.0,FDA50693-A4E2-4FB1-AFCF-C6EB07647825_10073_61418,-100.0,171.40726382174523,139.20301281381242,5dd5ffb0d48f840006f14bff,2008.0
1574305411535.0,FDA50693-A4E2-4FB1-AFCF-C6EB07647825_10073_61418,-98.0,172.77286924988334,140.80885106859543,5dd5ffb0d48f840006f14bff,3659.0
1574305412049.0,FDA50693-A4E2-4FB1-AFCF-C6EB07647825_10073_61418,-97.0,173.19801836560896,141.30879102193188,5dd5ffb0d48f840006f14bff,4173.0
1574305412361.0,FDA50693-A4E2-4FB1-AFCF-C6EB07647825_10073_61418,-98.0,173.45608553313113,141.61225651889873,5dd5ffb0d48f840006f14bff,4087.0
1574305413891.0,FDA50693-A4E2-4FB1-AFCF-C6EB07647825_10073_61418,-94.0,174.72160722001868,143.10040462902472,5dd5ffb0d48f840006f14bff,2557.0
1574305414143.0,FDA50693-A4E2-4FB1-AFCF-C6EB07647825_10073_61418,-90.0,174.93004608609428,143.3455113765749,5dd5ffb0d48f840006f14bff,2305.0
1574305414411.0,FDA50693-A4E2-4FB1-AFCF-C6EB07647825_10073_61418,-92.0,175.15171916588895,143.60618045730286,5dd5ffb0d48f840006f14bff,2037.0
1574305415184.0,FDA50693-A4E2-4FB1-AFCF-C6EB07647825_10073_61418,-94.0,175.79109711619225,144.35803567895474,5dd5ffb0d48f840006f14bff,1264.0
1574305415398.0,FDA50693-A4E2-4FB1-AFCF-C6EB07647825_10073_61418,-97.0,175.96810472468502,144.56618188520764,5dd5ffb0d48f840006f14bff,1050.0
1574305416754.0,FDA50693-A4E2-4FB1-AFCF-C6EB07647825_10073_61418,-90.0,177.1038139675174,145.6011260391117,5dd5ffb0d48f840006f14bff,306.0
1574305417204.0,FDA50693-A4E2-4FB1-AFCF-C6EB07647825_10073_61418,-100.0,177.49677568445478,145.62122315545244,5dd5ffb0d48f840006f14bff,756.0
1574305418264.0,FDA50693-A4E2-4FB1-AFCF-C6EB07647825_10073_61418,-91.0,178.4224188399072,145.6685630294995,5dd5ffb0d48f840006f14bff,1201.0
1574305418836.0,FDA50693-A4E2-4FB1-AFCF-C6EB07647825_10073_61418,-99.0,178.92191684454758,145.6941086973815,5dd5ffb0d48f840006f14bff,629.0
1574305419094.0,FDA50693-A4E2-4FB1-AFCF-C6EB07647825_10073_61418,-97.0,179.14721489559165,145.7056310440835,5dd5ffb0d48f840006f14bff,371.0
1574305419840.0,FDA50693-A4E2-4FB1-AFCF-C6EB07647825_10073_61418,-94.0,179.20087938010315,145.45979709389772,5dd5ffb0d48f840006f14bff,375.0
1574305420337.0,FDA50693-A4E2-4FB1-AFCF-C6EB07647825_10073_61418,-94.0,178.84262770519985,145.1120257756768,5dd5ffb0d48f840006f14bff,872.0
1574305420913.0,FDA50693-A4E2-4FB1-AFCF-C6EB07647825_10073_61418,-93.0,178.42743059303825,144.70897491190374,5dd5ffb0d48f840006f14bff,1448.0
1574305421468.0,FDA50693-A4E2-4FB1-AFCF-C6EB07647825_10073_61418,-87.0,178.0273708755909,144.32061861087237,5dd5ffb0d48f840006f14bff,2003.0
1574305421709.0,FDA50693-A4E2-4FB1-AFCF-C6EB07647825_10073_61418,-92.0,177.85365125053718,144.15198100988397,5dd5ffb0d48f840006f14bff,2244.0
1574305423538.0,FDA50693-A4E2-4FB1-AFCF-C6EB07647825_10073_61418,-84.0,176.5352562537602,142.87215456918779,5dd5ffb0d48f840006f14bff,4073.0
1574305425365.0,FDA50693-A4E2-4FB1-AFCF-C6EB07647825_10073_61418,-89.0,175.2183029136227,141.5937276106575,5dd5ffb0d48f840006f14bff,3408.0
1574305426923.0,FDA50693-A4E2-4FB1-AFCF-C6EB07647825_10073_61418,-95.0,174.0952523914912,140.5035310034379,5dd5ffb0d48f840006f14bff,1850.0
1574305427706.0,FDA50693-A4E2-4FB1-AFCF-C6EB07647825_10073_61418,-93.0,173.53084381714655,139.95563373549635,5dd5ffb0d48f840006f14bff,1067.0
1574305428762.0,FDA50693-A4E2-4FB1-AFCF-C6EB07647825_10073_61418,-85.0,172.76964911151697,139.21670715191235,5dd5ffb0d48f840006f14bff,11.0
1574305428857.0,FDA50693-A4E2-4FB1-AFCF-C6EB07647825_10073_61418,-92.0,172.69152579710143,139.12971666666667,5dd5ffb0d48f840006f14bff,84.0
1574305429013.0,FDA50693-A4E2-4FB1-AFCF-C6EB07647825_10073_61418,-88.0,172.56116513457556,138.98245761904764,5dd5ffb0d48f840006f14bff,240.0
1574305430142.0,FDA50693-A4E2-4FB1-AFCF-C6EB07647825_10073_61418,-91.0,171.61772162180813,137.91671746031747,5dd5ffb0d48f840006f14bff,1369.0
1574305430610.0,FDA50693-A4E2-4FB1-AFCF-C6EB07647825_10073_61418,-96.0,171.2266396342305,137.47494031746032,5dd5ffb0d48f840006f14bff,1837.0
1574305430906.0,FDA50693-A4E2-4FB1-AFCF-C6EB07647825_10073_61418,-96.0,170.97928863354036,137.1955257142857,5dd5ffb0d48f840006f14bff,2133.0
1574305431613.0,FDA50693-A4E2-4FB1-AFCF-C6EB07647825_10073_61418,-97.0,170.3884874258109,136.52814015873017,5dd5ffb0d48f840006f14bff,2840.0
1574305431878.0,FDA50693-A4E2-4FB1-AFCF-C6EB07647825_10073_61418,-85.0,170.16704142857142,136.27798857142858,5dd5ffb0d48f840006f14bff,3105.0
1574305432625.0,FDA50693-A4E2-4FB1-AFCF-C6EB07647825_10073_61418,-99.0,169.54281440993788,135.5728442857143,5dd5ffb0d48f840006f14bff,3393.0
1574305433445.0,FDA50693-A4E2-4FB1-AFCF-C6EB07647825_10073_61418,-86.0,168.85758528640443,134.79879031746032,5dd5ffb0d48f840006f14bff,2573.0
1574305433467.0,FDA50693-A4E2-4FB1-AFCF-C6EB07647825_10073_61418,-82.0,168.8392010904072,134.778023015873,5dd5ffb0d48f840006f14bff,2551.0
1574305433689.0,FDA50693-A4E2-4FB1-AFCF-C6EB07647825_10073_61418,-96.0,168.65368783988959,134.56846206349206,5dd5ffb0d48f840006f14bff,2329.0
1574305433902.0,FDA50693-A4E2-4FB1-AFCF-C6EB07647825_10073_61418,-88.0,168.4756953968254,134.3673968253968,5dd5ffb0d48f840006f14bff,2116.0
1574305434243.0,FDA50693-A4E2-4FB1-AFCF-C6EB07647825_10073_61418,-91.0,168.1907403588682,134.04550365079365,5dd5ffb0d48f840006f14bff,1775.0
1574305434823.0,FDA50693-A4E2-4FB1-AFCF-C6EB07647825_10073_61418,-98.0,167.70606610075913,133.49800206349207,5dd5ffb0d48f840006f14bff,1195.0
1574305436302.0,FDA50693-A4E2-4FB1-AFCF-C6EB07647825_10073_61418,-86.0,166.43853009226595,132.18252154138398,5dd5ffb0d48f840006f14bff,284.0
1574305437133.0,FDA50693-A4E2-4FB1-AFCF-C6EB07647825_10073_61418,-86.0,165.651596770692,131.63406605156038,5dd5ffb0d48f840006f14bff,1115.0
1574305437711.0,FDA50693-A4E2-4FB1-AFCF-C6EB07647825_10073_61418,-86.0,165.10424724016283,131.25258918860243,5dd5ffb0d48f840006f14bff,1693.0
1574305437970.0,FDA50693-A4E2-4FB1-AFCF-C6EB07647825_10073_61418,-94.0,164.8589816200814,131.0816505943012,5dd5ffb0d48f840006f14bff,1733.0
1574305438404.0,FDA50693-A4E2-4FB1-AFCF-C6EB07647825_10073_61418,-89.0,164.4479959864315,130.79521294979648,5dd5ffb0d48f840006f14bff,1299.0
1574305438641.0,FDA50693-A4E2-4FB1-AFCF-C6EB07647825_10073_61418,-87.0,164.2235637394844,130.63879423609228,5dd5ffb0d48f840006f14bff,1062.0
1574305438809.0,FDA50693-A4E2-4FB1-AFCF-C6EB07647825_10073_61418,-91.0,164.06447252645862,130.5279151478969,5dd5ffb0d48f840006f14bff,894.0
1574305439410.0,FDA50693-A4E2-4FB1-AFCF-C6EB07647825_10073_61418,-90.0,163.495342651289,130.13125840976934,5dd5ffb0d48f840006f14bff,293.0
1574305439507.0,FDA50693-A4E2-4FB1-AFCF-C6EB07647825_10073_61418,-92.0,163.40348641519674,130.06723893622797,5dd5ffb0d48f840006f14bff,196.0
1574305508097.0,FDA50693-A4E2-4FB1-AFCF-C6EB07647825_10073_61418,-87.0,180.48854784048882,116.2148303022994,5dd5ffbb50e04e0006f56653,995.0
1574305509931.0,FDA50693-A4E2-4FB1-AFCF-C6EB07647825_10073_61418,-85.0,181.4678814278823,117.8515698745779,5dd5ffbb50e04e0006f56653,2829.0
1574305511858.0,FDA50693-A4E2-4FB1-AFCF-C6EB07647825_10073_61418,-93.0,182.49687587875863,119.57130660073966,5dd5ffbb50e04e0006f56653,1463.0
1574305513083.0,FDA50693-A4E2-4FB1-AFCF-C6EB07647825_10073_61418,-91.0,183.15101090850618,120.66454868146003,5dd5ffbb50e04e0006f56653,238.0
1574305523282.0,FDA50693-A4E2-4FB1-AFCF-C6EB07647825_10073_61418,-97.0,191.93648650815595,131.42050005068657,5dd5ffbb50e04e0006f56653,890.0
1574305525381.0,FDA50693-A4E2-4FB1-AFCF-C6EB07647825_10073_61418,-99.0,193.8617666709347,132.59322492957745,5dd5ffbb50e04e0006f56653,1134.0
1574305545716.0,FDA50693-A4E2-4FB1-AFCF-C6EB07647825_10073_61418,-96.0,177.63565277312043,144.9094633825682,5dd5ffbb50e04e0006f56653,983.0
1574305547800.0,FDA50693-A4E2-4FB1-AFCF-C6EB07647825_10073_61418,-94.0,175.9306236379691,146.65265279028696,5dd5ffbb50e04e0006f56653,1101.0
1574305548326.0,FDA50693-A4E2-4FB1-AFCF-C6EB07647825_10073_61418,-98.0,175.49779569389256,147.16154598528328,5dd5ffbb50e04e0006f56653,1627.0
1574305549200.0,FDA50693-A4E2-4FB1-AFCF-C6EB07647825_10073_61418,-92.0,174.77861009860192,148.00712137012508,5dd5ffbb50e04e0006f56653,2501.0
1574305549476.0,FDA50693-A4E2-4FB1-AFCF-C6EB07647825_10073_61418,-88.0,174.5514988579838,148.27414517586462,5dd5ffbb50e04e0006f56653,2777.0
1574305549650.0,FDA50693-A4E2-4FB1-AFCF-C6EB07647825_10073_61418,-92.0,174.40832003237674,148.44248627078736,5dd5ffbb50e04e0006f56653,2951.0
1574305550283.0,FDA50693-A4E2-4FB1-AFCF-C6EB07647825_10073_61418,-102.0,173.88744533922002,149.05489956438558,5dd5ffbb50e04e0006f56653,3211.0
1574305551207.0,FDA50693-A4E2-4FB1-AFCF-C6EB07647825_10073_61418,-92.0,173.12711640323766,149.94884882707873,5dd5ffbb50e04e0006f56653,2287.0
1574305551577.0,FDA50693-A4E2-4FB1-AFCF-C6EB07647825_10073_61418,-96.0,172.8226556821192,150.3068155231788,5dd5ffbb50e04e0006f56653,1917.0
1574305551742.0,FDA50693-A4E2-4FB1-AFCF-C6EB07647825_10073_61418,-90.0,172.68688265783663,150.46644932008832,5dd5ffbb50e04e0006f56653,1752.0
1574305552011.0,FDA50693-A4E2-4FB1-AFCF-C6EB07647825_10073_61418,-93.0,172.46553148491537,150.72670078292862,5dd5ffbb50e04e0006f56653,1483.0
1574305553069.0,FDA50693-A4E2-4FB1-AFCF-C6EB07647825_10073_61418,-88.0,171.59493839587932,151.75029203826344,5dd5ffbb50e04e0006f56653,425.0
1574305553319.0,FDA50693-A4E2-4FB1-AFCF-C6EB07647825_10073_61418,-84.0,171.38922169242088,151.99216142752024,5dd5ffbb50e04e0006f56653,175.0
1574305553933.0,FDA50693-A4E2-4FB1-AFCF-C6EB07647825_10073_61418,-88.0,170.80021112798264,152.3823559968448,5dd5ffbb50e04e0006f56653,439.0
1574305554191.0,FDA50693-A4E2-4FB1-AFCF-C6EB07647825_10073_61418,-94.0,170.53867971800432,152.51217054624334,5dd5ffbb50e04e0006f56653,697.0
1574305557857.0,FDA50693-A4E2-4FB1-AFCF-C6EB07647825_10073_61418,-88.0,166.82250084598698,154.35674472490632,5dd5ffbb50e04e0006f56653,708.0
1574305558123.0,FDA50693-A4E2-4FB1-AFCF-C6EB07647825_10073_61418,-91.0,166.55285993492407,154.49058453165054,5dd5ffbb50e04e0006f56653,442.0
1574305558793.0,FDA50693-A4E2-4FB1-AFCF-C6EB07647825_10073_61418,-94.0,165.90820359464627,154.9350438623327,5dd5ffbb50e04e0006f56653,228.0
1574305560361.0,FDA50693-A4E2-4FB1-AFCF-C6EB07647825_10073_61418,-94.0,164.55610340344168,156.46221989802422,5dd5ffbb50e04e0006f56653,1796.0
1574305560913.0,FDA50693-A4E2-4FB1-AFCF-C6EB07647825_10073_61418,-94.0,164.08010894837474,156.99984819630336,5dd5ffbb50e04e0006f56653,2348.0
1574305561014.0,FDA50693-A4E2-4FB1-AFCF-C6EB07647825_10073_61418,-93.0,163.99301576003822,157.09821859145953,5dd5ffbb50e04e0006f56653,2449.0
1574305562052.0,FDA50693-A4E2-4FB1-AFCF-C6EB07647825_10073_61418,-96.0,163.09793923040152,158.10919354365836,5dd5ffbb50e04e0006f56653,2789.0
1574305567428.0,FDA50693-A4E2-4FB1-AFCF-C6EB07647825_10073_61418,-101.0,158.86517009351093,160.78647077642393,5dd5ffbb50e04e0006f56653,942.0
1574305573250.0,FDA50693-A4E2-4FB1-AFCF-C6EB07647825_10073_61418,-96.0,153.9626106333291,165.67966799974616,5dd5ffbb50e04e0006f56653,2999.0
1574305577415.0,FDA50693-A4E2-4FB1-AFCF-C6EB07647825_10073_61418,-98.0,150.0545848247267,169.38485663022993,5dd5ffbb50e04e0006f56653,1166.0
1574305583397.0,FDA50693-A4E2-4FB1-AFCF-C6EB07647825_10073_61418,-86.0,144.00448342013888,173.63454728298612,5dd5ffbb50e04e0006f56653,1842.0
1574306036411.0,FDA50693-A4E2-4FB1-AFCF-C6EB07647825_10073_61418,-88.0,148.08002414634146,136.60985432926827,5dd6016550e04e0006f56674,120.0
1574306036478.0,FDA50693-A4E2-4FB1-AFCF-C6EB07647825_10073_61418,-84.0,148.01217779471546,136.62181066310976,5dd6016550e04e0006f56674,187.0
1574306036595.0,FDA50693-A4E2-4FB1-AFCF-C6EB07647825_10073_61418,-96.0,147.89369983739837,136.64268963414634,5dd6016550e04e0006f56674,304.0
1574306036734.0,FDA50693-A4E2-4FB1-AFCF-C6EB07647825_10073_61418,-82.0,147.75294397357723,136.66749456554876,5dd6016550e04e0006f56674,443.0
1574306036739.0,FDA50693-A4E2-4FB1-AFCF-C6EB07647825_10073_61418,-86.0,147.74788081300812,136.6683868292683,5dd6016550e04e0006f56674,448.0
1574306036757.0,FDA50693-A4E2-4FB1-AFCF-C6EB07647825_10073_61418,-83.0,147.72965343495935,136.67159897865852,5dd6016550e04e0006f56674,466.0
1574306036829.0,FDA50693-A4E2-4FB1-AFCF-C6EB07647825_10073_61418,-78.0,147.65674392276424,136.6844475762195,5dd6016550e04e0006f56674,538.0
1574306037139.0,FDA50693-A4E2-4FB1-AFCF-C6EB07647825_10073_61418,-76.0,147.34282796747968,136.73976792682927,5dd6016550e04e0006f56674,848.0
1574306037250.0,FDA50693-A4E2-4FB1-AFCF-C6EB07647825_10073_61418,-91.0,147.23042580284553,136.75957618140242,5dd6016550e04e0006f56674,959.0
1574306037502.0,FDA50693-A4E2-4FB1-AFCF-C6EB07647825_10073_61418,-87.0,146.9752425101626,136.80454627286585,5dd6016550e04e0006f56674,1211.0
1574306037776.0,FDA50693-A4E2-4FB1-AFCF-C6EB07647825_10073_61418,-76.0,146.6977813109756,136.85344232469512,5dd6016550e04e0006f56674,1485.0
1574306038012.0,FDA50693-A4E2-4FB1-AFCF-C6EB07647825_10073_61418,-81.0,146.45880013211382,136.8955571722561,5dd6016550e04e0006f56674,1721.0
1574306038255.0,FDA50693-A4E2-4FB1-AFCF-C6EB07647825_10073_61418,-65.0,146.2127305284553,136.9389211890244,5dd6016550e04e0006f56674,1964.0
1574306038409.0,FDA50693-A4E2-4FB1-AFCF-C6EB07647825_10073_61418,-81.0,146.05678518292683,136.96640291158536,5dd6016550e04e0006f56674,1818.0
1574306038478.0,FDA50693-A4E2-4FB1-AFCF-C6EB07647825_10073_61418,-83.0,145.98691356707317,136.97871615091464,5dd6016550e04e0006f56674,1749.0
1574306038529.0,FDA50693-A4E2-4FB1-AFCF-C6EB07647825_10073_61418,-87.0,145.9352693292683,136.98781724085364,5dd6016550e04e0006f56674,1698.0
1574306038794.0,FDA50693-A4E2-4FB1-AFCF-C6EB07647825_10073_61418,-89.0,145.66692181910568,137.03510721798781,5dd6016550e04e0006f56674,1433.0
1574306039053.0,FDA50693-A4E2-4FB1-AFCF-C6EB07647825_10073_61418,-96.0,145.40465010162603,137.08132647865853,5dd6016550e04e0006f56674,1174.0
1574306039061.0,FDA50693-A4E2-4FB1-AFCF-C6EB07647825_10073_61418,-92.0,145.39654904471544,137.08275410060975,5dd6016550e04e0006f56674,1166.0
1574306039091.0,FDA50693-A4E2-4FB1-AFCF-C6EB07647825_10073_61418,-85.0,145.36617008130082,137.08810768292682,5dd6016550e04e0006f56674,1136.0
1574306039357.0,FDA50693-A4E2-4FB1-AFCF-C6EB07647825_10073_61418,-84.0,145.09680993902438,137.13557611280487,5dd6016550e04e0006f56674,870.0
1574306039561.0,FDA50693-A4E2-4FB1-AFCF-C6EB07647825_10073_61418,-78.0,144.8902329878049,137.17198047256096,5dd6016550e04e0006f56674,666.0
1574306039754.0,FDA50693-A4E2-4FB1-AFCF-C6EB07647825_10073_61418,-75.0,144.69479498983742,137.20642185213416,5dd6016550e04e0006f56674,473.0
1574306039808.0,FDA50693-A4E2-4FB1-AFCF-C6EB07647825_10073_61418,-84.0,144.64011285569106,137.21605830030487,5dd6016550e04e0006f56674,419.0
1574306040093.0,FDA50693-A4E2-4FB1-AFCF-C6EB07647825_10073_61418,-74.0,144.35151270325204,137.26691733231706,5dd6016550e04e0006f56674,134.0
1574306040407.0,FDA50693-A4E2-4FB1-AFCF-C6EB07647825_10073_61418,-93.0,144.12350081991215,137.5061101505961,5dd6016550e04e0006f56674,180.0
1574306040509.0,FDA50693-A4E2-4FB1-AFCF-C6EB07647825_10073_61418,-96.0,144.07118661786237,137.6281022359339,5dd6016550e04e0006f56674,282.0
1574306040770.0,FDA50693-A4E2-4FB1-AFCF-C6EB07647825_10073_61418,-75.0,143.937323806735,137.94025845429826,5dd6016550e04e0006f56674,543.0
1574306041133.0,FDA50693-A4E2-4FB1-AFCF-C6EB07647825_10073_61418,-87.0,143.75114679355784,138.37440675800042,5dd6016550e04e0006f56674,906.0
1574306041679.0,FDA50693-A4E2-4FB1-AFCF-C6EB07647825_10073_61418,-68.0,143.47111194729138,139.0274232148086,5dd6016550e04e0006f56674,1452.0
1574306042484.0,FDA50693-A4E2-4FB1-AFCF-C6EB07647825_10073_61418,-82.0,143.05824005856516,139.9902038883079,5dd6016550e04e0006f56674,2257.0
1574306042908.0,FDA50693-A4E2-4FB1-AFCF-C6EB07647825_10073_61418,-76.0,142.84077710102488,140.49730824304538,5dd6016550e04e0006f56674,2100.0
1574306043242.0,FDA50693-A4E2-4FB1-AFCF-C6EB07647825_10073_61418,-70.0,142.66947373352855,140.89677252248484,5dd6016550e04e0006f56674,1766.0
1574306043513.0,FDA50693-A4E2-4FB1-AFCF-C6EB07647825_10073_61418,-80.0,142.53048207906298,141.22088874921565,5dd6016550e04e0006f56674,1495.0
1574306044956.0,FDA50693-A4E2-4FB1-AFCF-C6EB07647825_10073_61418,-76.0,141.79038998535873,142.94671795649444,5dd6016550e04e0006f56674,52.0
1574306045098.0,FDA50693-A4E2-4FB1-AFCF-C6EB07647825_10073_61418,-86.0,141.69266365466748,142.9806091458206,5dd6016550e04e0006f56674,90.0
1574306045365.0,FDA50693-A4E2-4FB1-AFCF-C6EB07647825_10073_61418,-87.0,141.48186316351433,142.89664994508846,5dd6016550e04e0006f56674,357.0
1574306045484.0,FDA50693-A4E2-4FB1-AFCF-C6EB07647825_10073_61418,-82.0,141.3879108846858,142.85922992678462,5dd6016550e04e0006f56674,476.0
1574306046262.0,FDA50693-A4E2-4FB1-AFCF-C6EB07647825_10073_61418,-80.0,140.77366825503356,142.61458476510066,5dd6016550e04e0006f56674,1254.0
1574306046263.0,FDA50693-A4E2-4FB1-AFCF-C6EB07647825_10073_61418,-81.0,140.77287874008542,142.61427031116534,5dd6016550e04e0006f56674,1255.0
1574306046710.0,FDA50693-A4E2-4FB1-AFCF-C6EB07647825_10073_61418,-95.0,140.41996555826725,142.47370940207443,5dd6016550e04e0006f56674,1576.0
1574306046777.0,FDA50693-A4E2-4FB1-AFCF-C6EB07647825_10073_61418,-68.0,140.3670680567419,142.45264098840755,5dd6016550e04e0006f56674,1509.0
1574306047026.0,FDA50693-A4E2-4FB1-AFCF-C6EB07647825_10073_61418,-93.0,140.17047883465528,142.37434195851128,5dd6016550e04e0006f56674,1260.0
1574306047539.0,FDA50693-A4E2-4FB1-AFCF-C6EB07647825_10073_61418,-86.0,139.76545766625992,142.21302708968884,5dd6016550e04e0006f56674,747.0
1574306047843.0,FDA50693-A4E2-4FB1-AFCF-C6EB07647825_10073_61418,-74.0,139.52544512202562,142.1174330933496,5dd6016550e04e0006f56674,443.0
1574306048247.0,FDA50693-A4E2-4FB1-AFCF-C6EB07647825_10073_61418,-84.0,139.20648108297743,141.99039370347774,5dd6016550e04e0006f56674,39.0
1574306048635.0,FDA50693-A4E2-4FB1-AFCF-C6EB07647825_10073_61418,-73.0,139.45641221034154,141.71705950845833,5dd6016550e04e0006f56674,349.0
1574306048841.0,FDA50693-A4E2-4FB1-AFCF-C6EB07647825_10073_61418,-78.0,139.6221107069901,141.56296059368017,5dd6016550e04e0006f56674,555.0
1574306049005.0,FDA50693-A4E2-4FB1-AFCF-C6EB07647825_10073_61418,-72.0,139.75402601500159,141.44027990424513,5dd6016550e04e0006f56674,719.0
1574306049408.0,FDA50693-A4E2-4FB1-AFCF-C6EB07647825_10073_61418,-83.0,140.07818375359082,141.13881455154802,5dd6016550e04e0006f56674,1122.0
1574306049557.0,FDA50693-A4E2-4FB1-AFCF-C6EB07647825_10073_61418,-70.0,140.19803363708905,141.02735465687837,5dd6016550e04e0006f56674,1271.0
1574306049810.0,FDA50693-A4E2-4FB1-AFCF-C6EB07647825_10073_61418,-92.0,140.40153713054582,140.8380972518353,5dd6016550e04e0006f56674,1524.0
1574306050189.0,FDA50693-A4E2-4FB1-AFCF-C6EB07647825_10073_61418,-75.0,140.70639018991383,140.55458517076283,5dd6016550e04e0006f56674,1903.0
1574306050299.0,FDA50693-A4E2-4FB1-AFCF-C6EB07647825_10073_61418,-95.0,140.79486996967762,140.47229934248324,5dd6016550e04e0006f56674,2013.0
1574306050458.0,FDA50693-A4E2-4FB1-AFCF-C6EB07647825_10073_61418,-80.0,140.92276346951803,140.35335891796998,5dd6016550e04e0006f56674,2172.0
1574306050821.0,FDA50693-A4E2-4FB1-AFCF-C6EB07647825_10073_61418,-91.0,141.21474674273858,140.0818156846473,5dd6016550e04e0006f56674,2535.0
1574306050857.0,FDA50693-A4E2-4FB1-AFCF-C6EB07647825_10073_61418,-92.0,141.24370376157037,140.05488577721033,5dd6016550e04e0006f56674,2571.0
1574306050892.0,FDA50693-A4E2-4FB1-AFCF-C6EB07647825_10073_61418,-81.0,141.27185641876795,140.02870392275773,5dd6016550e04e0006f56674,2606.0
1574306051784.0,FDA50693-A4E2-4FB1-AFCF-C6EB07647825_10073_61418,-76.0,141.989346996489,139.36144066070858,5dd6016550e04e0006f56674,2768.0
1574306052020.0,FDA50693-A4E2-4FB1-AFCF-C6EB07647825_10073_61418,-76.0,142.17917634216406,139.1849001563996,5dd6016550e04e0006f56674,2532.0
1574306052039.0,FDA50693-A4E2-4FB1-AFCF-C6EB07647825_10073_61418,-79.0,142.19445921321417,139.17068714969676,5dd6016550e04e0006f56674,2513.0
1574306052568.0,FDA50693-A4E2-4FB1-AFCF-C6EB07647825_10073_61418,-85.0,142.61996651771466,138.7749671209703,5dd6016550e04e0006f56674,1984.0
1574306052651.0,FDA50693-A4E2-4FB1-AFCF-C6EB07647825_10073_61418,-69.0,142.68672853335462,138.71287872326843,5dd6016550e04e0006f56674,1901.0
1574306052686.0,FDA50693-A4E2-4FB1-AFCF-C6EB07647825_10073_61418,-84.0,142.7148811905522,138.68669686881583,5dd6016550e04e0006f56674,1866.0
1574306052945.0,FDA50693-A4E2-4FB1-AFCF-C6EB07647825_10073_61418,-82.0,142.92321085381425,138.49295114586658,5dd6016550e04e0006f56674,1607.0
1574306052958.0,FDA50693-A4E2-4FB1-AFCF-C6EB07647825_10073_61418,-65.0,142.93366755505906,138.4832264570699,5dd6016550e04e0006f56674,1594.0
1574306053401.0,FDA50693-A4E2-4FB1-AFCF-C6EB07647825_10073_61418,-73.0,143.28999975901692,138.1518389849984,5dd6016550e04e0006f56674,1151.0
1574306053455.0,FDA50693-A4E2-4FB1-AFCF-C6EB07647825_10073_61418,-59.0,143.33343528726462,138.11144412384297,5dd6016550e04e0006f56674,1097.0
1574306053582.0,FDA50693-A4E2-4FB1-AFCF-C6EB07647825_10073_61418,-75.0,143.43558921481008,138.01644139482923,5dd6016550e04e0006f56674,970.0
1574306053888.0,FDA50693-A4E2-4FB1-AFCF-C6EB07647825_10073_61418,-76.0,143.6817238748803,137.78753718161505,5dd6016550e04e0006f56674,664.0
1574306053993.0,FDA50693-A4E2-4FB1-AFCF-C6EB07647825_10073_61418,-84.0,143.76618184647305,137.70899161825727,5dd6016550e04e0006f56674,559.0
1574306054214.0,FDA50693-A4E2-4FB1-AFCF-C6EB07647825_10073_61418,-62.0,143.94394576763486,137.5436719087137,5dd6016550e04e0006f56674,338.0
1574306054247.0,FDA50693-A4E2-4FB1-AFCF-C6EB07647825_10073_61418,-78.0,143.970489701564,137.51898616022982,5dd6016550e04e0006f56674,305.0
1574306054433.0,FDA50693-A4E2-4FB1-AFCF-C6EB07647825_10073_61418,-92.0,144.12010096552825,137.37984830513884,5dd6016550e04e0006f56674,119.0
1574306054660.0,FDA50693-A4E2-4FB1-AFCF-C6EB07647825_10073_61418,-79.0,144.35718543842364,137.2659176453202,5dd6016550e04e0006f56674,108.0
1574306055217.0,FDA50693-A4E2-4FB1-AFCF-C6EB07647825_10073_61418,-91.0,145.08626459770116,137.1374344827586,5dd6016550e04e0006f56674,665.0
1574306055291.0,FDA50693-A4E2-4FB1-AFCF-C6EB07647825_10073_61418,-79.0,145.18312610180624,137.12036490640395,5dd6016550e04e0006f56674,739.0
1574306055473.0,FDA50693-A4E2-4FB1-AFCF-C6EB07647825_10073_61418,-94.0,145.42135304433498,137.07838297536946,5dd6016550e04e0006f56674,921.0
1574306056064.0,FDA50693-A4E2-4FB1-AFCF-C6EB07647825_10073_61418,-84.0,146.19493613793102,136.94205703448276,5dd6016550e04e0006f56674,1512.0
1574306056810.0,FDA50693-A4E2-4FB1-AFCF-C6EB07647825_10073_61418,-89.0,147.17140481444991,136.76997725123152,5dd6016550e04e0006f56674,787.0
1574306057028.0,FDA50693-A4E2-4FB1-AFCF-C6EB07647825_10073_61418,-81.0,147.45675356978654,136.71969120197045,5dd6016550e04e0006f56674,569.0
1574306057122.0,FDA50693-A4E2-4FB1-AFCF-C6EB07647825_10073_61418,-66.0,147.57979385878488,136.698008226601,5dd6016550e04e0006f56674,475.0
1574306057330.0,FDA50693-A4E2-4FB1-AFCF-C6EB07647825_10073_61418,-81.0,147.85205322167488,136.65002887684727,5dd6016550e04e0006f56674,267.0
1574306057687.0,FDA50693-A4E2-4FB1-AFCF-C6EB07647825_10073_61418,-60.0,148.14454011805213,136.64528626660106,5dd6016550e04e0006f56674,90.0
1574306059075.0,FDA50693-A4E2-4FB1-AFCF-C6EB07647825_10073_61418,-84.0,147.2654752720118,137.52198202262664,5dd6016550e04e0006f56674,1478.0
1574306059141.0,FDA50693-A4E2-4FB1-AFCF-C6EB07647825_10073_61418,-85.0,147.22367535858336,137.56366928480077,5dd6016550e04e0006f56674,1544.0
1574306059946.0,FDA50693-A4E2-4FB1-AFCF-C6EB07647825_10073_61418,-91.0,146.71384308116083,138.07212755828823,5dd6016550e04e0006f56674,2349.0
1574306060107.0,FDA50693-A4E2-4FB1-AFCF-C6EB07647825_10073_61418,-83.0,146.61187662567633,138.17381921298573,5dd6016550e04e0006f56674,2510.0
1574306061404.0,FDA50693-A4E2-4FB1-AFCF-C6EB07647825_10073_61418,-76.0,145.79044499360552,138.99303707722575,5dd6016550e04e0006f56674,3807.0
1574306061662.0,FDA50693-A4E2-4FB1-AFCF-C6EB07647825_10073_61418,-70.0,145.62704533202165,139.15599637481554,5dd6016550e04e0006f56674,4065.0
1574306062182.0,FDA50693-A4E2-4FB1-AFCF-C6EB07647825_10073_61418,-75.0,145.29771268076735,139.4844414707329,5dd6016550e04e0006f56674,4585.0
1574306062320.0,FDA50693-A4E2-4FB1-AFCF-C6EB07647825_10073_61418,-75.0,145.2103128617806,139.57160574618788,5dd6016550e04e0006f56674,4723.0
1574306062451.0,FDA50693-A4E2-4FB1-AFCF-C6EB07647825_10073_61418,-84.0,145.1273463669454,139.6543486453517,5dd6016550e04e0006f56674,4854.0
1574306062962.0,FDA50693-A4E2-4FB1-AFCF-C6EB07647825_10073_61418,-76.0,144.80371370388588,139.97710911460894,5dd6016550e04e0006f56674,4800.0
1574306063162.0,FDA50693-A4E2-4FB1-AFCF-C6EB07647825_10073_61418,-80.0,144.6770472995573,140.10343415150024,5dd6016550e04e0006f56674,4600.0
1574306064004.0,FDA50693-A4E2-4FB1-AFCF-C6EB07647825_10073_61418,-72.0,144.143781737334,140.6352625568126,5dd6016550e04e0006f56674,3758.0
1574306064411.0,FDA50693-A4E2-4FB1-AFCF-C6EB07647825_10073_61418,-80.0,143.88601560452534,140.89233400688636,5dd6016550e04e0006f56674,3351.0
1574306064942.0,FDA50693-A4E2-4FB1-AFCF-C6EB07647825_10073_61418,-71.0,143.54971630103296,141.22772697983274,5dd6016550e04e0006f56674,2820.0
1574306065453.0,FDA50693-A4E2-4FB1-AFCF-C6EB07647825_10073_61418,-76.0,143.22608363797343,141.55048744909,5dd6016550e04e0006f56674,2309.0
1574306066142.0,FDA50693-A4E2-4FB1-AFCF-C6EB07647825_10073_61418,-100.0,142.78971787506148,141.98567720118052,5dd6016550e04e0006f56674,1620.0
1574306066246.0,FDA50693-A4E2-4FB1-AFCF-C6EB07647825_10073_61418,-84.0,142.72385134481064,142.05136622036397,5dd6016550e04e0006f56674,1516.0
1574306066296.0,FDA50693-A4E2-4FB1-AFCF-C6EB07647825_10073_61418,-88.0,142.6921847437285,142.0829474795868,5dd6016550e04e0006f56674,1466.0
1574306066498.0,FDA50693-A4E2-4FB1-AFCF-C6EB07647825_10073_61418,-79.0,142.56425167535662,142.21053576684702,5dd6016550e04e0006f56674,1264.0
1574306066865.0,FDA50693-A4E2-4FB1-AFCF-C6EB07647825_10073_61418,-74.0,142.33181882341367,142.44234220954255,5dd6016550e04e0006f56674,897.0
1574306066990.0,FDA50693-A4E2-4FB1-AFCF-C6EB07647825_10073_61418,-70.0,142.2526523207083,142.5212953575996,5dd6016550e04e0006f56674,772.0
1574306436132.0,FDA50693-A4E2-4FB1-AFCF-C6EB07647825_10073_61418,-92.0,87.42947329465187,149.76522263874875,5dd602ab50e04e0006f5667d,269.0
1574306436216.0,FDA50693-A4E2-4FB1-AFCF-C6EB07647825_10073_61418,-94.0,87.31990584762866,149.79543848133198,5dd602ab50e04e0006f5667d,353.0
1574306436271.0,FDA50693-A4E2-4FB1-AFCF-C6EB07647825_10073_61418,-94.0,87.24816525731585,149.8152226639758,5dd602ab50e04e0006f5667d,408.0
1574306436287.0,FDA50693-A4E2-4FB1-AFCF-C6EB07647825_10073_61418,-88.0,87.22729526740666,149.82097806256309,5dd602ab50e04e0006f5667d,424.0
1574306436395.0,FDA50693-A4E2-4FB1-AFCF-C6EB07647825_10073_61418,-87.0,87.08642283551967,149.85982700302725,5dd602ab50e04e0006f5667d,532.0
1574306436420.0,FDA50693-A4E2-4FB1-AFCF-C6EB07647825_10073_61418,-96.0,87.05381347628658,149.86881981331987,5dd602ab50e04e0006f5667d,557.0
1574306436800.0,FDA50693-A4E2-4FB1-AFCF-C6EB07647825_10073_61418,-92.0,86.5581512159435,150.00551052976792,5dd602ab50e04e0006f5667d,937.0
1574306437583.0,FDA50693-A4E2-4FB1-AFCF-C6EB07647825_10073_61418,-91.0,85.53682608476286,150.28716534813321,5dd602ab50e04e0006f5667d,1720.0
1574306438096.0,FDA50693-A4E2-4FB1-AFCF-C6EB07647825_10073_61418,-97.0,84.8676820332997,150.47169781533805,5dd602ab50e04e0006f5667d,1731.0
1574306438257.0,FDA50693-A4E2-4FB1-AFCF-C6EB07647825_10073_61418,-79.0,84.65767775983855,150.5296115136226,5dd602ab50e04e0006f5667d,1570.0
1574306438623.0,FDA50693-A4E2-4FB1-AFCF-C6EB07647825_10073_61418,-82.0,84.18027674066599,150.66126625630676,5dd602ab50e04e0006f5667d,1204.0
1574306438760.0,FDA50693-A4E2-4FB1-AFCF-C6EB07647825_10073_61418,-88.0,84.00157745206862,150.71054685671038,5dd602ab50e04e0006f5667d,1067.0
1574306439406.0,FDA50693-A4E2-4FB1-AFCF-C6EB07647825_10073_61418,-85.0,83.15895160948537,150.94292107467206,5dd602ab50e04e0006f5667d,421.0
1574306439543.0,FDA50693-A4E2-4FB1-AFCF-C6EB07647825_10073_61418,-85.0,82.98025232088798,150.99220167507568,5dd602ab50e04e0006f5667d,284.0
1574306439907.0,FDA50693-A4E2-4FB1-AFCF-C6EB07647825_10073_61418,-91.0,82.52387210331578,151.16572188985342,5dd602ab50e04e0006f5667d,80.0
1574306439931.0,FDA50693-A4E2-4FB1-AFCF-C6EB07647825_10073_61418,-92.0,82.49809073431051,151.18713045680946,5dd602ab50e04e0006f5667d,104.0
1574306440338.0,FDA50693-A4E2-4FB1-AFCF-C6EB07647825_10073_61418,-88.0,82.06088168492956,151.55018407143874,5dd602ab50e04e0006f5667d,511.0
1574306440458.0,FDA50693-A4E2-4FB1-AFCF-C6EB07647825_10073_61418,-97.0,81.93197483990323,151.65722690621885,5dd602ab50e04e0006f5667d,631.0
1574306440981.0,FDA50693-A4E2-4FB1-AFCF-C6EB07647825_10073_61418,-92.0,81.37015584033016,152.1237552611356,5dd602ab50e04e0006f5667d,1154.0
1574306443087.0,FDA50693-A4E2-4FB1-AFCF-C6EB07647825_10073_61418,-87.0,79.10784071011811,154.00235701152695,5dd602ab50e04e0006f5667d,3260.0
1574306445102.0,FDA50693-A4E2-4FB1-AFCF-C6EB07647825_10073_61418,-91.0,76.94327993738437,155.79978461221003,5dd602ab50e04e0006f5667d,1752.0
1574306445449.0,FDA50693-A4E2-4FB1-AFCF-C6EB07647825_10073_61418,-92.0,76.57052431051657,156.10931680944927,5dd602ab50e04e0006f5667d,1405.0
1574306447374.0,FDA50693-A4E2-4FB1-AFCF-C6EB07647825_10073_61418,-99.0,74.62722056560037,157.7318684608252,5dd602ab50e04e0006f5667d,520.0
1574306447943.0,FDA50693-A4E2-4FB1-AFCF-C6EB07647825_10073_61418,-93.0,74.15230314603616,158.13592243045898,5dd602ab50e04e0006f5667d,1089.0
1574306448204.0,FDA50693-A4E2-4FB1-AFCF-C6EB07647825_10073_61418,-96.0,73.93445877607789,158.32126177329624,5dd602ab50e04e0006f5667d,1350.0
1574306448311.0,FDA50693-A4E2-4FB1-AFCF-C6EB07647825_10073_61418,-99.0,73.84515093092257,158.39724380273526,5dd602ab50e04e0006f5667d,1457.0
1574306448725.0,FDA50693-A4E2-4FB1-AFCF-C6EB07647825_10073_61418,-88.0,73.49960468891979,158.69123034654612,5dd602ab50e04e0006f5667d,1871.0
1574306449220.0,FDA50693-A4E2-4FB1-AFCF-C6EB07647825_10073_61418,-84.0,73.08645157348168,159.04273599675474,5dd602ab50e04e0006f5667d,2366.0
1574306450001.0,FDA50693-A4E2-4FB1-AFCF-C6EB07647825_10073_61418,-93.0,72.43458776912378,159.59733380041723,5dd602ab50e04e0006f5667d,3147.0
1574306450787.0,FDA50693-A4E2-4FB1-AFCF-C6EB07647825_10073_61418,-95.0,71.77855070097357,160.15548216620306,5dd602ab50e04e0006f5667d,3933.0
1574306453672.0,FDA50693-A4E2-4FB1-AFCF-C6EB07647825_10073_61418,-94.0,69.37057749281409,162.20415651135838,5dd602ab50e04e0006f5667d,1810.0
1574306990671.0,FDA50693-A4E2-4FB1-AFCF-C6EB07647825_10073_61418,-82.0,68.90887820618556,91.03139927835052,5dd605af50e04e0006f5668d,132.0
1574306990752.0,FDA50693-A4E2-4FB1-AFCF-C6EB07647825_10073_61418,-94.0,68.81253005998126,90.97967542642924,5dd605af50e04e0006f5668d,213.0
1574306991194.0,FDA50693-A4E2-4FB1-AFCF-C6EB07647825_10073_61418,-86.0,68.28677844736019,90.69742922211809,5dd605af50e04e0006f5668d,655.0
1574306991841.0,FDA50693-A4E2-4FB1-AFCF-C6EB07647825_10073_61418,-87.0,67.51718276101218,90.28427697282099,5dd605af50e04e0006f5668d,1302.0
1574306992101.0,FDA50693-A4E2-4FB1-AFCF-C6EB07647825_10073_61418,-94.0,67.20791710652921,90.11824979381443,5dd605af50e04e0006f5668d,1562.0
1574306992760.0,FDA50693-A4E2-4FB1-AFCF-C6EB07647825_10073_61418,-88.0,66.42404762074351,89.69743475164012,5dd605af50e04e0006f5668d,980.0
1574306993294.0,FDA50693-A4E2-4FB1-AFCF-C6EB07647825_10073_61418,-83.0,65.78886354576694,89.35644046860357,5dd605af50e04e0006f5668d,446.0
1574306994859.0,FDA50693-A4E2-4FB1-AFCF-C6EB07647825_10073_61418,-84.0,66.07549249451353,88.09453525749817,5dd605af50e04e0006f5668d,1119.0
1574306996676.0,FDA50693-A4E2-4FB1-AFCF-C6EB07647825_10073_61418,-84.0,67.49264489455973,86.62627164750421,5dd605af50e04e0006f5668d,202.0
1574306997651.0,FDA50693-A4E2-4FB1-AFCF-C6EB07647825_10073_61418,-84.0,68.6405138163208,86.34605880748738,5dd605af50e04e0006f5668d,1177.0
1574306998254.0,FDA50693-A4E2-4FB1-AFCF-C6EB07647825_10073_61418,-84.0,69.35042659562535,86.1727579433539,5dd605af50e04e0006f5668d,1780.0
1574307000209.0,FDA50693-A4E2-4FB1-AFCF-C6EB07647825_10073_61418,-94.0,71.65205094643858,85.61089527439708,5dd605af50e04e0006f5668d,3397.0
1574307000782.0,FDA50693-A4E2-4FB1-AFCF-C6EB07647825_10073_61418,-78.0,72.32664468199663,85.44621634380258,5dd605af50e04e0006f5668d,2824.0
1574307002950.0,FDA50693-A4E2-4FB1-AFCF-C6EB07647825_10073_61418,-92.0,74.87903424340998,84.823137946719,5dd605af50e04e0006f5668d,656.0
1574307007818.0,FDA50693-A4E2-4FB1-AFCF-C6EB07647825_10073_61418,-91.0,78.36818632460373,80.50417802894555,5dd605af50e04e0006f5668d,1592.0
1574307008340.0,FDA50693-A4E2-4FB1-AFCF-C6EB07647825_10073_61418,-92.0,78.70488900585804,79.9922875068918,5dd605af50e04e0006f5668d,1070.0
1574307009123.0,FDA50693-A4E2-4FB1-AFCF-C6EB07647825_10073_61418,-85.0,79.2099430277395,79.22445172381117,5dd605af50e04e0006f5668d,287.0
1574307009484.0,FDA50693-A4E2-4FB1-AFCF-C6EB07647825_10073_61418,-94.0,79.35763284839886,78.99991825969464,5dd605af50e04e0006f5668d,74.0
1574307010271.0,FDA50693-A4E2-4FB1-AFCF-C6EB07647825_10073_61418,-100.0,78.95953685772193,79.60514529185245,5dd605af50e04e0006f5668d,861.0
1574307013573.0,FDA50693-A4E2-4FB1-AFCF-C6EB07647825_10073_61418,-82.0,77.28925355249291,82.14448412309147,5dd605af50e04e0006f5668d,3238.0
1574307014545.0,FDA50693-A4E2-4FB1-AFCF-C6EB07647825_10073_61418,-89.0,76.79757718281313,82.89198180448588,5dd605af50e04e0006f5668d,2266.0
1574307015662.0,FDA50693-A4E2-4FB1-AFCF-C6EB07647825_10073_61418,-85.0,76.23255402959059,83.75098891366031,5dd605af50e04e0006f5668d,1149.0
1574307016794.0,FDA50693-A4E2-4FB1-AFCF-C6EB07647825_10073_61418,-94.0,75.65994327807053,84.62153148088096,5dd605af50e04e0006f5668d,17.0
1574307017710.0,FDA50693-A4E2-4FB1-AFCF-C6EB07647825_10073_61418,-88.0,74.66545205001583,85.05550765537618,5dd605af50e04e0006f5668d,899.0
1574307018480.0,FDA50693-A4E2-4FB1-AFCF-C6EB07647825_10073_61418,-80.0,73.82102846660335,85.41601382293975,5dd605af50e04e0006f5668d,1669.0
1574307019654.0,FDA50693-A4E2-4FB1-AFCF-C6EB07647825_10073_61418,-81.0,72.53355666540044,85.96566868101719,5dd605af50e04e0006f5668d,2843.0
1574307019835.0,FDA50693-A4E2-4FB1-AFCF-C6EB07647825_10073_61418,-82.0,72.33506229059829,86.05041103988603,5dd605af50e04e0006f5668d,3024.0
1574307020579.0,FDA50693-A4E2-4FB1-AFCF-C6EB07647825_10073_61418,-80.0,71.51915171130103,86.39874427192149,5dd605af50e04e0006f5668d,3768.0
1574307020840.0,FDA50693-A4E2-4FB1-AFCF-C6EB07647825_10073_61418,-88.0,71.23292501614435,86.5209418170307,5dd605af50e04e0006f5668d,4029.0
1574307022156.0,FDA50693-A4E2-4FB1-AFCF-C6EB07647825_10073_61418,-82.0,69.78972834631212,87.13707963068481,5dd605af50e04e0006f5668d,4132.0
1574307022837.0,FDA50693-A4E2-4FB1-AFCF-C6EB07647825_10073_61418,-83.0,69.04290696929408,87.45591690355597,5dd605af50e04e0006f5668d,3451.0
1574307023484.0,FDA50693-A4E2-4FB1-AFCF-C6EB07647825_10073_61418,-75.0,68.33337182842672,87.75883572227498,5dd605af50e04e0006f5668d,2804.0
1574307023616.0,FDA50693-A4E2-4FB1-AFCF-C6EB07647825_10073_61418,-91.0,68.18861349984172,87.8206367795716,5dd605af50e04e0006f5668d,2672.0
1574307023732.0,FDA50693-A4E2-4FB1-AFCF-C6EB07647825_10073_61418,-84.0,68.06140163532763,87.87494679962013,5dd605af50e04e0006f5668d,2556.0
1574307024258.0,FDA50693-A4E2-4FB1-AFCF-C6EB07647825_10073_61418,-84.0,67.48456162899652,88.12121464915057,5dd605af50e04e0006f5668d,2030.0
1574307024449.0,FDA50693-A4E2-4FB1-AFCF-C6EB07647825_10073_61418,-96.0,67.27510071415004,88.21063890629947,5dd605af50e04e0006f5668d,1839.0
1574307024930.0,FDA50693-A4E2-4FB1-AFCF-C6EB07647825_10073_61418,-79.0,66.74761013801836,88.4358382135697,5dd605af50e04e0006f5668d,1358.0
1574307025183.0,FDA50693-A4E2-4FB1-AFCF-C6EB07647825_10073_61418,-79.0,66.47015667489711,88.55429024005487,5dd605af50e04e0006f5668d,1105.0
1574307025291.0,FDA50693-A4E2-4FB1-AFCF-C6EB07647825_10073_61418,-88.0,66.35171804241848,88.60485474147937,5dd605af50e04e0006f5668d,997.0
1574307025556.0,FDA50693-A4E2-4FB1-AFCF-C6EB07647825_10073_61418,-87.0,66.06110473124406,88.72892504590061,5dd605af50e04e0006f5668d,732.0
1574307026227.0,FDA50693-A4E2-4FB1-AFCF-C6EB07647825_10073_61418,-80.0,65.32524989427034,89.04308042049172,5dd605af50e04e0006f5668d,61.0
1574307028821.0,FDA50693-A4E2-4FB1-AFCF-C6EB07647825_10073_61418,-85.0,66.3021256631579,87.8235354877193,5dd605af50e04e0006f5668d,2312.0
1574307029601.0,FDA50693-A4E2-4FB1-AFCF-C6EB07647825_10073_61418,-86.0,66.62353975603715,87.43920010691434,5dd605af50e04e0006f5668d,1532.0
1574307030259.0,FDA50693-A4E2-4FB1-AFCF-C6EB07647825_10073_61418,-85.0,66.8946813882353,87.11497872156863,5dd605af50e04e0006f5668d,874.0
1574307030788.0,FDA50693-A4E2-4FB1-AFCF-C6EB07647825_10073_61418,-90.0,67.1126660743034,86.85432049535603,5dd605af50e04e0006f5668d,345.0
1574307032104.0,FDA50693-A4E2-4FB1-AFCF-C6EB07647825_10073_61418,-96.0,66.54614628051948,85.19301022753247,5dd605af50e04e0006f5668d,971.0
1574307032388.0,FDA50693-A4E2-4FB1-AFCF-C6EB07647825_10073_61418,-81.0,66.33886906493507,84.75682724155844,5dd605af50e04e0006f5668d,1255.0
1574307032623.0,FDA50693-A4E2-4FB1-AFCF-C6EB07647825_10073_61418,-85.0,66.16735446753246,84.39590117922079,5dd605af50e04e0006f5668d,1490.0
1574307032882.0,FDA50693-A4E2-4FB1-AFCF-C6EB07647825_10073_61418,-86.0,65.97832348571428,83.99811458285714,5dd605af50e04e0006f5668d,1749.0
1574307034057.0,FDA50693-A4E2-4FB1-AFCF-C6EB07647825_10073_61418,-91.0,65.1207504987013,82.19348427116883,5dd605af50e04e0006f5668d,2851.0
1574307034183.0,FDA50693-A4E2-4FB1-AFCF-C6EB07647825_10073_61418,-82.0,65.02878948051948,81.99996646753247,5dd605af50e04e0006f5668d,2725.0
1574307034446.0,FDA50693-A4E2-4FB1-AFCF-C6EB07647825_10073_61418,-84.0,64.8368391012987,81.59603644883117,5dd605af50e04e0006f5668d,2462.0
1574307034700.0,FDA50693-A4E2-4FB1-AFCF-C6EB07647825_10073_61418,-89.0,64.65145736623376,81.20592913038962,5dd605af50e04e0006f5668d,2208.0
1574307034965.0,FDA50693-A4E2-4FB1-AFCF-C6EB07647825_10073_61418,-91.0,64.45804728831169,80.79892740051949,5dd605af50e04e0006f5668d,1943.0
1574307035231.0,FDA50693-A4E2-4FB1-AFCF-C6EB07647825_10073_61418,-88.0,64.26390736103896,80.39038981506494,5dd605af50e04e0006f5668d,1677.0
1574307035891.0,FDA50693-A4E2-4FB1-AFCF-C6EB07647825_10073_61418,-74.0,63.782206789610385,79.37672512935066,5dd605af50e04e0006f5668d,1017.0
1574307036412.0,FDA50693-A4E2-4FB1-AFCF-C6EB07647825_10073_61418,-75.0,63.40195527792208,78.57654436987013,5dd605af50e04e0006f5668d,496.0
1574307036782.0,FDA50693-A4E2-4FB1-AFCF-C6EB07647825_10073_61418,-79.0,63.13191101818182,78.00827780363637,5dd605af50e04e0006f5668d,126.0
1574307037056.0,FDA50693-A4E2-4FB1-AFCF-C6EB07647825_10073_61418,-96.0,62.971851588167624,77.65809345078061,5dd605af50e04e0006f5668d,148.0
1574307037317.0,FDA50693-A4E2-4FB1-AFCF-C6EB07647825_10073_61418,-80.0,62.851759118652424,77.38180987411668,5dd605af50e04e0006f5668d,409.0
1574307037830.0,FDA50693-A4E2-4FB1-AFCF-C6EB07647825_10073_61418,-78.0,62.61571529926047,76.8387697406738,5dd605af50e04e0006f5668d,922.0
1574307038136.0,FDA50693-A4E2-4FB1-AFCF-C6EB07647825_10073_61418,-83.0,62.474917231553,76.51485106458505,5dd605af50e04e0006f5668d,1228.0
1574307038877.0,FDA50693-A4E2-4FB1-AFCF-C6EB07647825_10073_61418,-92.0,62.13396504798685,75.7304597607231,5dd605af50e04e0006f5668d,1969.0
1574307039813.0,FDA50693-A4E2-4FB1-AFCF-C6EB07647825_10073_61418,-86.0,61.70328860558751,74.73964969268694,5dd605af50e04e0006f5668d,2905.0
1574307040081.0,FDA50693-A4E2-4FB1-AFCF-C6EB07647825_10073_61418,-85.0,61.579975265242396,74.45595621166804,5dd605af50e04e0006f5668d,2912.0
1574307040967.0,FDA50693-A4E2-4FB1-AFCF-C6EB07647825_10073_61418,-88.0,61.172305043056696,73.51807403188168,5dd605af50e04e0006f5668d,2026.0
1574307041741.0,FDA50693-A4E2-4FB1-AFCF-C6EB07647825_10073_61418,-83.0,60.81616875414955,72.69875032177485,5dd605af50e04e0006f5668d,1252.0
1574307042261.0,FDA50693-A4E2-4FB1-AFCF-C6EB07647825_10073_61418,-78.0,60.57690406392769,72.148300283977,5dd605af50e04e0006f5668d,732.0
1574307042434.0,FDA50693-A4E2-4FB1-AFCF-C6EB07647825_10073_61418,-76.0,60.497302541988496,71.9651697906327,5dd605af50e04e0006f5668d,559.0
1574307043480.0,FDA50693-A4E2-4FB1-AFCF-C6EB07647825_10073_61418,-83.0,60.15583816837136,71.73631984159454,5dd605af50e04e0006f5668d,487.0
1574307046182.0,FDA50693-A4E2-4FB1-AFCF-C6EB07647825_10073_61418,-80.0,59.68837090952006,73.74969179228952,5dd605af50e04e0006f5668d,624.0
1574307046449.0,FDA50693-A4E2-4FB1-AFCF-C6EB07647825_10073_61418,-77.0,59.64217780881196,73.9486445350118,5dd605af50e04e0006f5668d,357.0
