timestamp_ms,beacon_id,rssi_dbm,x_m,y_m,path_id,nearest_waypoint_gap_ms
1574216131066.0,FDA50693-A4E2-4FB1-AFCF-C6EB07647825_10073_61418,-92.0,116.99521412934071,163.58881935329643,5dd4ad6a44333f00067aaed4,275.0
1574216131102.0,FDA50693-A4E2-4FB1-AFCF-C6EB07647825_10073_61418,-84.0,117.03694979718168,163.6047810140916,5dd4ad6a44333f00067aaed4,311.0
1574216132030.0,FDA50693-A4E2-4FB1-AFCF-C6EB07647825_10073_61418,-91.0,118.11280256819326,164.01623715903372,5dd4ad6a44333f00067aaed4,1239.0
1574216132371.0,FDA50693-A4E2-4FB1-AFCF-C6EB07647825_10073_61418,-98.0,118.50813208857573,164.1674295571213,5dd4ad6a44333f00067aaed4,1580.0
1574216132375.0,FDA50693-A4E2-4FB1-AFCF-C6EB07647825_10073_61418,-80.0,118.51276938500251,164.16920307498742,5dd4ad6a44333f00067aaed4,1584.0
1574216132419.0,FDA50693-A4E2-4FB1-AFCF-C6EB07647825_10073_61418,-97.0,118.56377964569702,164.18871177151485,5dd4ad6a44333f00067aaed4,1628.0
1574216134125.0,FDA50693-A4E2-4FB1-AFCF-C6EB07647825_10073_61418,-93.0,120.54158657171615,164.94511714141922,5dd4ad6a44333f00067aaed4,640.0
1574216134481.0,FDA50693-A4E2-4FB1-AFCF-C6EB07647825_10073_61418,-81.0,120.95430595369903,165.1029602315048,5dd4ad6a44333f00067aaed4,284.0
1574216134959.0,FDA50693-A4E2-4FB1-AFCF-C6EB07647825_10073_61418,-88.0,121.30609933221052,165.47553527578947,5dd4ad6a44333f00067aaed4,194.0
1574216135004.0,FDA50693-A4E2-4FB1-AFCF-C6EB07647825_10073_61418,-83.0,121.31132891957894,165.53274912842105,5dd4ad6a44333f00067aaed4,239.0
1574216135543.0,FDA50693-A4E2-4FB1-AFCF-C6EB07647825_10073_61418,-82.0,121.37396775494737,166.21804394105263,5dd4ad6a44333f00067aaed4,778.0
1574216135790.0,FDA50693-A4E2-4FB1-AFCF-C6EB07647825_10073_61418,-82.0,121.40267237894737,166.53208442105264,5dd4ad6a44333f00067aaed4,1025.0
1574216135829.0,FDA50693-A4E2-4FB1-AFCF-C6EB07647825_10073_61418,-92.0,121.407204688,166.58166976,5dd4ad6a44333f00067aaed4,1064.0
1574216140663.0,FDA50693-A4E2-4FB1-AFCF-C6EB07647825_10073_61418,-95.0,124.95636819416926,172.79643074440983,5dd4ad6a44333f00067aaed4,10.0
1574216141220.0,FDA50693-A4E2-4FB1-AFCF-C6EB07647825_10073_61418,-97.0,125.36534946895844,172.41532599281683,5dd4ad6a44333f00067aaed4,547.0
1574216142319.0,FDA50693-A4E2-4FB1-AFCF-C6EB07647825_10073_61418,-90.0,126.16767867624424,171.62369638789121,5dd4ad6a44333f00067aaed4,303.0
1574216143113.0,FDA50693-A4E2-4FB1-AFCF-C6EB07647825_10073_61418,-90.0,125.94133679057312,170.863984731298,5dd4ad6a44333f00067aaed4,491.0
1574216144220.0,FDA50693-A4E2-4FB1-AFCF-C6EB07647825_10073_61418,-98.0,124.93230243652918,169.64322916622032,5dd4ad6a44333f00067aaed4,1598.0
1574216144412.0,FDA50693-A4E2-4FB1-AFCF-C6EB07647825_10073_61418,-91.0,124.75729376807713,169.43149920371363,5dd4ad6a44333f00067aaed4,1790.0
1574216144947.0,FDA50693-A4E2-4FB1-AFCF-C6EB07647825_10073_61418,-96.0,124.26963940546331,168.8415224852705,5dd4ad6a44333f00067aaed4,2325.0
1574216146150.0,FDA50693-A4E2-4FB1-AFCF-C6EB07647825_10073_61418,-92.0,123.17310071719335,167.5149019389395,5dd4ad6a44333f00067aaed4,2073.0
1574216146934.0,FDA50693-A4E2-4FB1-AFCF-C6EB07647825_10073_61418,-99.0,122.45848198768077,166.65033792537048,5dd4ad6a44333f00067aaed4,1289.0
1574216147030.0,FDA50693-A4E2-4FB1-AFCF-C6EB07647825_10073_61418,-77.0,122.37097765345473,166.54447294411713,5dd4ad6a44333f00067aaed4,1193.0
1574216147111.0,FDA50693-A4E2-4FB1-AFCF-C6EB07647825_10073_61418,-83.0,122.29714587145152,166.4551493661846,5dd4ad6a44333f00067aaed4,1112.0
1574216147459.0,FDA50693-A4E2-4FB1-AFCF-C6EB07647825_10073_61418,-98.0,121.97994265988216,166.07138880914124,5dd4ad6a44333f00067aaed4,764.0
1574216147510.0,FDA50693-A4E2-4FB1-AFCF-C6EB07647825_10073_61418,-97.0,121.93345598232457,166.0151480378504,5dd4ad6a44333f00067aaed4,713.0
1574216148092.0,FDA50693-A4E2-4FB1-AFCF-C6EB07647825_10073_61418,-80.0,121.40296095607927,165.37334158900197,5dd4ad6a44333f00067aaed4,131.0
1574216148104.0,FDA50693-A4E2-4FB1-AFCF-C6EB07647825_10073_61418,-96.0,121.39202291430101,165.3601084663453,5dd4ad6a44333f00067aaed4,119.0
1574216148146.0,FDA50693-A4E2-4FB1-AFCF-C6EB07647825_10073_61418,-92.0,121.35373976807712,165.31379253704696,5dd4ad6a44333f00067aaed4,77.0
1574216148582.0,FDA50693-A4E2-4FB1-AFCF-C6EB07647825_10073_61418,-95.0,120.87092181604831,164.90295012597068,5dd4ad6a44333f00067aaed4,359.0
1574216148892.0,FDA50693-A4E2-4FB1-AFCF-C6EB07647825_10073_61418,-90.0,120.5146099023296,164.62150650215705,5dd4ad6a44333f00067aaed4,669.0
1574216149186.0,FDA50693-A4E2-4FB1-AFCF-C6EB07647825_10073_61418,-95.0,120.17668828093183,164.35458900086283,5dd4ad6a44333f00067aaed4,963.0
1574216149420.0,FDA50693-A4E2-4FB1-AFCF-C6EB07647825_10073_61418,-88.0,119.9077302557377,164.1421444590164,5dd4ad6a44333f00067aaed4,1197.0
1574216150748.0,FDA50693-A4E2-4FB1-AFCF-C6EB07647825_10073_61418,-96.0,118.3813359930975,162.9364762899051,5dd4ad6a44333f00067aaed4,2525.0
1574216152778.0,FDA50693-A4E2-4FB1-AFCF-C6EB07647825_10073_61418,-76.0,116.0480676548749,161.09347449525453,5dd4ad6a44333f00067aaed4,1240.0
1574216152849.0,FDA50693-A4E2-4FB1-AFCF-C6EB07647825_10073_61418,-88.0,115.96646073270061,161.02901482657464,5dd4ad6a44333f00067aaed4,1169.0
1574216154215.0,FDA50693-A4E2-4FB1-AFCF-C6EB07647825_10073_61418,-93.0,114.34880085846994,159.93162101092898,5dd4ad6a44333f00067aaed4,197.0
1574216155292.0,FDA50693-A4E2-4FB1-AFCF-C6EB07647825_10073_61418,-85.0,112.85073682076504,159.73437699453552,5dd4ad6a44333f00067aaed4,1274.0
1574216156286.0,FDA50693-A4E2-4FB1-AFCF-C6EB07647825_10073_61418,-96.0,111.46812247213116,159.5523337704918,5dd4ad6a44333f00067aaed4,1392.0
1574216156545.0,FDA50693-A4E2-4FB1-AFCF-C6EB07647825_10073_61418,-91.0,111.10786380382514,159.5048999726776,5dd4ad6a44333f00067aaed4,1133.0
1574216172847.0,FDA50693-A4E2-4FB1-AFCF-C6EB07647825_10073_61418,-97.0,109.61577946211314,159.3463481216649,5dd4ad6e27889b0006b7768e,66.0
1574216172891.0,FDA50693-A4E2-4FB1-AFCF-C6EB07647825_10073_61418,-63.0,109.67169510352188,159.3789802027748,5dd4ad6e27889b0006b7768e,110.0
1574216173200.0,FDA50693-A4E2-4FB1-AFCF-C6EB07647825_10073_61418,-87.0,110.06437540341516,159.60814640875134,5dd4ad6e27889b0006b7768e,419.0
1574216173633.0,FDA50693-A4E2-4FB1-AFCF-C6EB07647825_10073_61418,-94.0,110.61463614727856,159.92927575240128,5dd4ad6e27889b0006b7768e,852.0
1574216173796.0,FDA50693-A4E2-4FB1-AFCF-C6EB07647825_10073_61418,-92.0,110.82177818249734,160.05016278014944,5dd4ad6e27889b0006b7768e,1015.0
1574216173891.0,FDA50693-A4E2-4FB1-AFCF-C6EB07647825_10073_61418,-83.0,110.94250513553897,160.12061840981858,5dd4ad6e27889b0006b7768e,1110.0
1574216174693.0,FDA50693-A4E2-4FB1-AFCF-C6EB07647825_10073_61418,-88.0,111.96169478121665,160.71541225186766,5dd4ad6e27889b0006b7768e,1912.0
1574216174953.0,FDA50693-A4E2-4FB1-AFCF-C6EB07647825_10073_61418,-87.0,112.29210538954109,160.90823818569905,5dd4ad6e27889b0006b7768e,2172.0
1574216175502.0,FDA50693-A4E2-4FB1-AFCF-C6EB07647825_10073_61418,-66.0,112.98978009711847,161.31539756136607,5dd4ad6e27889b0006b7768e,2721.0
1574216176015.0,FDA50693-A4E2-4FB1-AFCF-C6EB07647825_10073_61418,-84.0,113.64170564354323,161.69585796157952,5dd4ad6e27889b0006b7768e,2388.0
1574216176226.0,FDA50693-A4E2-4FB1-AFCF-C6EB07647825_10073_61418,-92.0,113.90984656029883,161.85234362326574,5dd4ad6e27889b0006b7768e,2177.0
1574216176545.0,FDA50693-A4E2-4FB1-AFCF-C6EB07647825_10073_61418,-80.0,114.31523496051227,162.0889262113127,5dd4ad6e27889b0006b7768e,1858.0
1574216176866.0,FDA50693-A4E2-4FB1-AFCF-C6EB07647825_10073_61418,-96.0,114.72316498078976,162.32699207577375,5dd4ad6e27889b0006b7768e,1537.0
1574216177165.0,FDA50693-A4E2-4FB1-AFCF-C6EB07647825_10073_61418,-96.0,115.10313718036286,162.54874189967984,5dd4ad6e27889b0006b7768e,1238.0
1574216180216.0,FDA50693-A4E2-4FB1-AFCF-C6EB07647825_10073_61418,-91.0,118.66453588142825,165.4136806871772,5dd4ad6e27889b0006b7768e,1813.0
1574216183412.0,FDA50693-A4E2-4FB1-AFCF-C6EB07647825_10073_61418,-91.0,122.129041378579,168.62077118557795,5dd4ad6e27889b0006b7768e,556.0
1574216185748.0,FDA50693-A4E2-4FB1-AFCF-C6EB07647825_10073_61418,-90.0,124.52168256627785,170.18484580699894,5dd4ad6e27889b0006b7768e,1823.0
1574216186219.0,FDA50693-A4E2-4FB1-AFCF-C6EB07647825_10073_61418,-88.0,125.00410294273595,170.5002050307529,5dd4ad6e27889b0006b7768e,1352.0
1574216188067.0,FDA50693-A4E2-4FB1-AFCF-C6EB07647825_10073_61418,-92.0,126.14644391446238,171.64464796976984,5dd4ad6e27889b0006b7768e,496.0
1574216189604.0,FDA50693-A4E2-4FB1-AFCF-C6EB07647825_10073_61418,-91.0,125.39516982480247,172.38590331157678,5dd4ad6e27889b0006b7768e,878.0
1574216189864.0,FDA50693-A4E2-4FB1-AFCF-C6EB07647825_10073_61418,-97.0,125.26808377189968,172.51129458605288,5dd4ad6e27889b0006b7768e,618.0
1574216190147.0,FDA50693-A4E2-4FB1-AFCF-C6EB07647825_10073_61418,-93.0,125.12975549124012,172.64777816557884,5dd4ad6e27889b0006b7768e,335.0
1574216191152.0,FDA50693-A4E2-4FB1-AFCF-C6EB07647825_10073_61418,-97.0,125.2122838956342,172.56635033324721,5dd4ad6e27889b0006b7768e,670.0
1574216192480.0,FDA50693-A4E2-4FB1-AFCF-C6EB07647825_10073_61418,-90.0,125.7004208111599,172.08472305347456,5dd4ad6e27889b0006b7768e,1873.0
1574216192701.0,FDA50693-A4E2-4FB1-AFCF-C6EB07647825_10073_61418,-88.0,125.78165443942135,172.00457273056057,5dd4ad6e27889b0006b7768e,1652.0
1574216199810.0,FDA50693-A4E2-4FB1-AFCF-C6EB07647825_10073_61418,-85.0,124.4647606006006,172.1382254054054,5dd4ad6e27889b0006b7768e,1029.0
1574216200354.0,FDA50693-A4E2-4FB1-AFCF-C6EB07647825_10073_61418,-98.0,124.19976577720577,171.78342818532818,5dd4ad6e27889b0006b7768e,1573.0
1574216201156.0,FDA50693-A4E2-4FB1-AFCF-C6EB07647825_10073_61418,-99.0,123.80909326183325,171.26036316602315,5dd4ad6e27889b0006b7768e,2375.0
1574216201473.0,FDA50693-A4E2-4FB1-AFCF-C6EB07647825_10073_61418,-91.0,123.65467532246532,171.0536155212355,5dd4ad6e27889b0006b7768e,2692.0
1574216202246.0,FDA50693-A4E2-4FB1-AFCF-C6EB07647825_10073_61418,-89.0,123.27812936936937,170.54946432432433,5dd4ad6e27889b0006b7768e,3465.0
1574216203746.0,FDA50693-A4E2-4FB1-AFCF-C6EB07647825_10073_61418,-96.0,122.54744511368511,169.57116316602315,5dd4ad6e27889b0006b7768e,2028.0
1574216204269.0,FDA50693-A4E2-4FB1-AFCF-C6EB07647825_10073_61418,-92.0,122.29267986986987,169.23006216216217,5dd4ad6e27889b0006b7768e,1505.0
1574216205313.0,FDA50693-A4E2-4FB1-AFCF-C6EB07647825_10073_61418,-90.0,121.78412362791363,168.54916455598456,5dd4ad6e27889b0006b7768e,461.0
1574216205590.0,FDA50693-A4E2-4FB1-AFCF-C6EB07647825_10073_61418,-93.0,121.6491906020306,168.36850494208494,5dd4ad6e27889b0006b7768e,184.0
1574216206074.0,FDA50693-A4E2-4FB1-AFCF-C6EB07647825_10073_61418,-91.0,121.33598269767442,168.38559023255814,5dd4ad6e27889b0006b7768e,300.0
1574216206086.0,FDA50693-A4E2-4FB1-AFCF-C6EB07647825_10073_61418,-91.0,121.3270396055814,168.39107384186048,5dd4ad6e27889b0006b7768e,312.0
1574216206116.0,FDA50693-A4E2-4FB1-AFCF-C6EB07647825_10073_61418,-90.0,121.30468187534885,168.4047828651163,5dd4ad6e27889b0006b7768e,342.0
1574216207383.0,FDA50693-A4E2-4FB1-AFCF-C6EB07647825_10073_61418,-93.0,120.36044040186047,168.9837606139535,5dd4ad6e27889b0006b7768e,1609.0
1574216207650.0,FDA50693-A4E2-4FB1-AFCF-C6EB07647825_10073_61418,-79.0,120.1614566027907,169.10577092093024,5dd4ad6e27889b0006b7768e,1876.0
1574216213685.0,FDA50693-A4E2-4FB1-AFCF-C6EB07647825_10073_61418,-77.0,116.29893010739565,169.93325865755432,5dd4ad6e27889b0006b7768e,730.0
1574216215075.0,FDA50693-A4E2-4FB1-AFCF-C6EB07647825_10073_61418,-84.0,117.22720277764218,169.05717527947277,5dd4ad6e27889b0006b7768e,2120.0
1574216215772.0,FDA50693-A4E2-4FB1-AFCF-C6EB07647825_10073_61418,-86.0,117.69267475689529,168.61787303880888,5dd4ad6e27889b0006b7768e,2817.0
1574216218387.0,FDA50693-A4E2-4FB1-AFCF-C6EB07647825_10073_61418,-74.0,119.43902945667561,166.9697017915548,5dd4ad6e27889b0006b7768e,2762.0
1574216218911.0,FDA50693-A4E2-4FB1-AFCF-C6EB07647825_10073_61418,-73.0,119.78896821869661,166.63943726629242,5dd4ad6e27889b0006b7768e,2238.0
1574216221256.0,FDA50693-A4E2-4FB1-AFCF-C6EB07647825_10073_61418,-83.0,121.21768773857072,165.3255812279254,5dd4ad6e27889b0006b7768e,107.0
1574216222572.0,FDA50693-A4E2-4FB1-AFCF-C6EB07647825_10073_61418,-69.0,120.40759428024425,166.51491595642847,5dd4ad6e27889b0006b7768e,1423.0
1574216224203.0,FDA50693-A4E2-4FB1-AFCF-C6EB07647825_10073_61418,-72.0,119.4035954728503,167.98893186994553,5dd4ad6e27889b0006b7768e,3005.0
1574216224664.0,FDA50693-A4E2-4FB1-AFCF-C6EB07647825_10073_61418,-66.0,119.11981653342136,168.40556052483907,5dd4ad6e27889b0006b7768e,2544.0
1574216231447.0,FDA50693-A4E2-4FB1-AFCF-C6EB07647825_10073_61418,-65.0,115.90921742111651,170.4108350910194,5dd4ad7744333f00067aaed8,185.0
1574216231705.0,FDA50693-A4E2-4FB1-AFCF-C6EB07647825_10073_61418,-74.0,116.04560517597088,170.43520575849516,5dd4ad7744333f00067aaed8,443.0
1574216231968.0,FDA50693-A4E2-4FB1-AFCF-C6EB07647825_10073_61418,-70.0,116.18463610436893,170.46004872572814,5dd4ad7744333f00067aaed8,706.0
1574216232231.0,FDA50693-A4E2-4FB1-AFCF-C6EB07647825_10073_61418,-79.0,116.32366703276699,170.48489169296116,5dd4ad7744333f00067aaed8,969.0
1574216232494.0,FDA50693-A4E2-4FB1-AFCF-C6EB07647825_10073_61418,-70.0,116.46269796116505,170.50973466019417,5dd4ad7744333f00067aaed8,1232.0
1574216232754.0,FDA50693-A4E2-4FB1-AFCF-C6EB07647825_10073_61418,-70.0,116.60014298543689,170.53429424757283,5dd4ad7744333f00067aaed8,1492.0
1574216233017.0,FDA50693-A4E2-4FB1-AFCF-C6EB07647825_10073_61418,-66.0,116.73917391383495,170.55913721480582,5dd4ad7744333f00067aaed8,1541.0
1574216233417.0,FDA50693-A4E2-4FB1-AFCF-C6EB07647825_10073_61418,-102.0,116.9506277973301,170.59692119538835,5dd4ad7744333f00067aaed8,1141.0
1574216233797.0,FDA50693-A4E2-4FB1-AFCF-C6EB07647825_10073_61418,-72.0,117.15150898665048,170.63281597694174,5dd4ad7744333f00067aaed8,761.0
1574216234061.0,FDA50693-A4E2-4FB1-AFCF-C6EB07647825_10073_61418,-71.0,117.29106854975728,170.65775340412623,5dd4ad7744333f00067aaed8,497.0
1574216234319.0,FDA50693-A4E2-4FB1-AFCF-C6EB07647825_10073_61418,-78.0,117.42745630461165,170.68212407160195,5dd4ad7744333f00067aaed8,239.0
1574216234843.0,FDA50693-A4E2-4FB1-AFCF-C6EB07647825_10073_61418,-81.0,117.76529166666666,171.0826393939394,5dd4ad7744333f00067aaed8,285.0
1574216235101.0,FDA50693-A4E2-4FB1-AFCF-C6EB07647825_10073_61418,-71.0,117.95674728070175,171.42477400318978,5dd4ad7744333f00067aaed8,543.0
1574216235365.0,FDA50693-A4E2-4FB1-AFCF-C6EB07647825_10073_61418,-75.0,118.15265535087718,171.77486523125998,5dd4ad7744333f00067aaed8,807.0
1574216235630.0,FDA50693-A4E2-4FB1-AFCF-C6EB07647825_10073_61418,-68.0,118.34930549707602,172.12628256246677,5dd4ad7744333f00067aaed8,1072.0
1574216235889.0,FDA50693-A4E2-4FB1-AFCF-C6EB07647825_10073_61418,-72.0,118.5415031871345,172.4697432748538,5dd4ad7744333f00067aaed8,1331.0
1574216236148.0,FDA50693-A4E2-4FB1-AFCF-C6EB07647825_10073_61418,-74.0,118.73370087719297,172.81320398724083,5dd4ad7744333f00067aaed8,1590.0
1574216236410.0,FDA50693-A4E2-4FB1-AFCF-C6EB07647825_10073_61418,-82.0,118.92812479532164,173.16064300903776,5dd4ad7744333f00067aaed8,1852.0
1574216236935.0,FDA50693-A4E2-4FB1-AFCF-C6EB07647825_10073_61418,-78.0,119.31771470760233,173.8568471557682,5dd4ad7744333f00067aaed8,1385.0
1574216237192.0,FDA50693-A4E2-4FB1-AFCF-C6EB07647825_10073_61418,-83.0,119.50842824561403,174.19765566188198,5dd4ad7744333f00067aaed8,1128.0
1574216237457.0,FDA50693-A4E2-4FB1-AFCF-C6EB07647825_10073_61418,-83.0,119.70507839181286,174.54907299308877,5dd4ad7744333f00067aaed8,863.0
1574216237965.0,FDA50693-A4E2-4FB1-AFCF-C6EB07647825_10073_61418,-85.0,120.0820530116959,175.22273338649654,5dd4ad7744333f00067aaed8,355.0
1574216238228.0,FDA50693-A4E2-4FB1-AFCF-C6EB07647825_10073_61418,-82.0,120.27721900584795,175.5714985114301,5dd4ad7744333f00067aaed8,92.0
1574216241893.0,FDA50693-A4E2-4FB1-AFCF-C6EB07647825_10073_61418,-94.0,123.35029303038452,178.52741172895938,5dd4ad7744333f00067aaed8,948.0
1574216252089.0,FDA50693-A4E2-4FB1-AFCF-C6EB07647825_10073_61418,-98.0,128.86078829337094,186.98661294781382,5dd4ad7744333f00067aaed8,1248.0
1574216349482.0,FDA50693-A4E2-4FB1-AFCF-C6EB07647825_10073_61418,-88.0,128.18467273670558,185.80410363164722,5dd4ad7a44333f00067aaeda,103.0
1574216350260.0,FDA50693-A4E2-4FB1-AFCF-C6EB07647825_10073_61418,-89.0,128.9370118547341,185.95308407263295,5dd4ad7a44333f00067aaeda,881.0
1574216363455.0,FDA50693-A4E2-4FB1-AFCF-C6EB07647825_10073_61418,-102.0,135.66239194915255,180.35475829096043,5dd4ad7e44333f00067aaedc,700.0
1574219052798.0,FDA50693-A4E2-4FB1-AFCF-C6EB07647825_10073_61418,-76.0,65.51234864088653,88.87069261225903,5dd4adc044333f00067aaee1,488.0
1574219053310.0,FDA50693-A4E2-4FB1-AFCF-C6EB07647825_10073_61418,-70.0,65.23004426411174,88.19543240217016,5dd4adc044333f00067aaee1,1000.0
1574219054378.0,FDA50693-A4E2-4FB1-AFCF-C6EB07647825_10073_61418,-74.0,64.64117497818307,86.78688180768788,5dd4adc044333f00067aaee1,2068.0
1574219054457.0,FDA50693-A4E2-4FB1-AFCF-C6EB07647825_10073_61418,-78.0,64.5976162950479,86.68269126745932,5dd4adc044333f00067aaee1,2147.0
1574219054712.0,FDA50693-A4E2-4FB1-AFCF-C6EB07647825_10073_61418,-77.0,64.4570154823964,86.3463800300127,5dd4adc044333f00067aaee1,2402.0
1574219054879.0,FDA50693-A4E2-4FB1-AFCF-C6EB07647825_10073_61418,-78.0,64.36493573450306,86.12612914117511,5dd4adc044333f00067aaee1,2569.0
1574219055144.0,FDA50693-A4E2-4FB1-AFCF-C6EB07647825_10073_61418,-76.0,64.21882116449267,85.7766292277502,5dd4adc044333f00067aaee1,2834.0
1574219055204.0,FDA50693-A4E2-4FB1-AFCF-C6EB07647825_10073_61418,-81.0,64.18573862033938,85.69749717188041,5dd4adc044333f00067aaee1,2894.0
1574219055337.0,FDA50693-A4E2-4FB1-AFCF-C6EB07647825_10073_61418,-96.0,64.11240564746623,85.52208778136904,5dd4adc044333f00067aaee1,3027.0
1574219055399.0,FDA50693-A4E2-4FB1-AFCF-C6EB07647825_10073_61418,-76.0,64.07822035184117,85.4403179903036,5dd4adc044333f00067aaee1,3089.0
1574219055664.0,FDA50693-A4E2-4FB1-AFCF-C6EB07647825_10073_61418,-77.0,63.93210578183077,85.09081807687868,5dd4adc044333f00067aaee1,3354.0
1574219056006.0,FDA50693-A4E2-4FB1-AFCF-C6EB07647825_10073_61418,-90.0,63.74353528015699,84.63976535842087,5dd4adc044333f00067aaee1,3696.0
1574219056186.0,FDA50693-A4E2-4FB1-AFCF-C6EB07647825_10073_61418,-77.0,63.6442876476971,84.4023691908115,5dd4adc044333f00067aaee1,3876.0
1574219056509.0,FDA50693-A4E2-4FB1-AFCF-C6EB07647825_10073_61418,-85.0,63.46619328500519,83.97637495671246,5dd4adc044333f00067aaee1,4199.0
1574219063236.0,FDA50693-A4E2-4FB1-AFCF-C6EB07647825_10073_61418,-84.0,59.594961146416644,75.10583003339326,5dd4adc044333f00067aaee1,2263.0
1574219063337.0,FDA50693-A4E2-4FB1-AFCF-C6EB07647825_10073_61418,-91.0,59.532036278448494,74.97269034420755,5dd4adc044333f00067aaee1,2364.0
1574219063579.0,FDA50693-A4E2-4FB1-AFCF-C6EB07647825_10073_61418,-87.0,59.38126580272284,74.65368237605959,5dd4adc044333f00067aaee1,2606.0
1574219063604.0,FDA50693-A4E2-4FB1-AFCF-C6EB07647825_10073_61418,-94.0,59.36569034035448,74.62072700744926,5dd4adc044333f00067aaee1,2631.0
1574219063836.0,FDA50693-A4E2-4FB1-AFCF-C6EB07647825_10073_61418,-82.0,59.22115004957616,74.31490118674543,5dd4adc044333f00067aaee1,2863.0
1574219064014.0,FDA50693-A4E2-4FB1-AFCF-C6EB07647825_10073_61418,-90.0,59.110252757513486,74.08025896223991,5dd4adc044333f00067aaee1,3041.0
1574219065849.0,FDA50693-A4E2-4FB1-AFCF-C6EB07647825_10073_61418,-98.0,57.96701381967634,71.66133490624196,5dd4adc044333f00067aaee1,2910.0
1574219066736.0,FDA50693-A4E2-4FB1-AFCF-C6EB07647825_10073_61418,-84.0,57.41439641484716,70.49207842794759,5dd4adc044333f00067aaee1,2023.0
1574219066903.0,FDA50693-A4E2-4FB1-AFCF-C6EB07647825_10073_61418,-94.0,57.31035232622656,70.27193656563061,5dd4adc044333f00067aaee1,1856.0
1574219067684.0,FDA50693-A4E2-4FB1-AFCF-C6EB07647825_10073_61418,-90.0,56.8237748818392,69.24241085024403,5dd4adc044333f00067aaee1,1075.0
1574219067754.0,FDA50693-A4E2-4FB1-AFCF-C6EB07647825_10073_61418,-80.0,56.78016358720781,69.15013581813511,5dd4adc044333f00067aaee1,1005.0
1574219068029.0,FDA50693-A4E2-4FB1-AFCF-C6EB07647825_10073_61418,-82.0,56.60883350115592,68.78762676342151,5dd4adc044333f00067aaee1,730.0
1574219068472.0,FDA50693-A4E2-4FB1-AFCF-C6EB07647825_10073_61418,-81.0,56.3328363079887,68.20365763164654,5dd4adc044333f00067aaee1,287.0
1574219069257.0,FDA50693-A4E2-4FB1-AFCF-C6EB07647825_10073_61418,-83.0,55.49622743240823,67.56377597135183,5dd4adc044333f00067aaee1,498.0
1574219069387.0,FDA50693-A4E2-4FB1-AFCF-C6EB07647825_10073_61418,-90.0,55.32451190271561,67.49549881527902,5dd4adc044333f00067aaee1,628.0
1574219070714.0,FDA50693-A4E2-4FB1-AFCF-C6EB07647825_10073_61418,-87.0,53.57169261116085,66.79854661444344,5dd4adc044333f00067aaee1,1955.0
1574219071199.0,FDA50693-A4E2-4FB1-AFCF-C6EB07647825_10073_61418,-85.0,52.93106159653835,66.54382030140256,5dd4adc044333f00067aaee1,2440.0
1574219071503.0,FDA50693-A4E2-4FB1-AFCF-C6EB07647825_10073_61418,-80.0,52.52951143479558,66.38415679797075,5dd4adc044333f00067aaee1,2744.0
1574219072227.0,FDA50693-A4E2-4FB1-AFCF-C6EB07647825_10073_61418,-80.0,51.573188023276636,66.00390555953446,5dd4adc044333f00067aaee1,3234.0
1574219074550.0,FDA50693-A4E2-4FB1-AFCF-C6EB07647825_10073_61418,-83.0,48.504763596538346,64.78384530140256,5dd4adc044333f00067aaee1,911.0
1574219076470.0,FDA50693-A4E2-4FB1-AFCF-C6EB07647825_10073_61418,-91.0,45.97641866459318,64.39984690320975,5dd4adc044333f00067aaee1,1009.0
1574219078645.0,FDA50693-A4E2-4FB1-AFCF-C6EB07647825_10073_61418,-96.0,43.12021613286887,64.603479722319,5dd4adc044333f00067aaee1,835.0
1574219079240.0,FDA50693-A4E2-4FB1-AFCF-C6EB07647825_10073_61418,-87.0,42.3388641759144,64.6591861716845,5dd4adc044333f00067aaee1,240.0
1574219080534.0,FDA50693-A4E2-4FB1-AFCF-C6EB07647825_10073_61418,-88.0,40.734263887603305,64.39561201432507,5dd4adc044333f00067aaee1,1054.0
1574219081164.0,FDA50693-A4E2-4FB1-AFCF-C6EB07647825_10073_61418,-87.0,39.9635401107438,64.22463695647383,5dd4adc044333f00067aaee1,1684.0
1574219082147.0,FDA50693-A4E2-4FB1-AFCF-C6EB07647825_10073_61418,-90.0,38.760966344628095,63.95786158842975,5dd4adc044333f00067aaee1,963.0
1574219083087.0,FDA50693-A4E2-4FB1-AFCF-C6EB07647825_10073_61418,-87.0,37.61099753471074,63.70275594655647,5dd4adc044333f00067aaee1,23.0
1574219083673.0,FDA50693-A4E2-4FB1-AFCF-C6EB07647825_10073_61418,-86.0,36.97559816171389,64.16756952453352,5dd4adc044333f00067aaee1,563.0
1574219083968.0,FDA50693-A4E2-4FB1-AFCF-C6EB07647825_10073_61418,-82.0,36.65740590186593,64.41439257912923,5dd4adc044333f00067aaee1,858.0
1574219084797.0,FDA50693-A4E2-4FB1-AFCF-C6EB07647825_10073_61418,-92.0,35.763231720801656,65.10800719695922,5dd4adc044333f00067aaee1,1207.0
1574219084919.0,FDA50693-A4E2-4FB1-AFCF-C6EB07647825_10073_61418,-93.0,35.6316403455425,65.21008317208016,5dd4adc044333f00067aaee1,1085.0
1574219085759.0,FDA50693-A4E2-4FB1-AFCF-C6EB07647825_10073_61418,-82.0,34.72560136834831,65.91290136143746,5dd4adc044333f00067aaee1,245.0
1574219086539.0,FDA50693-A4E2-4FB1-AFCF-C6EB07647825_10073_61418,-82.0,34.40607276753163,66.95399185502896,5dd4adc044333f00067aaee1,535.0
1574218751296.0,FDA50693-A4E2-4FB1-AFCF-C6EB07647825_10073_61418,-89.0,66.65023709142586,85.92526356229276,5dd4adde27889b0006b77695,392.0
1574218751583.0,FDA50693-A4E2-4FB1-AFCF-C6EB07647825_10073_61418,-88.0,66.8208681762198,86.33286474182852,5dd4adde27889b0006b77695,679.0
1574218753039.0,FDA50693-A4E2-4FB1-AFCF-C6EB07647825_10073_61418,-82.0,67.68650880151587,88.40069511605874,5dd4adde27889b0006b77695,2087.0
1574218753087.0,FDA50693-A4E2-4FB1-AFCF-C6EB07647825_10073_61418,-72.0,67.7150464045476,88.46886534817622,5dd4adde27889b0006b77695,2039.0
1574218753153.0,FDA50693-A4E2-4FB1-AFCF-C6EB07647825_10073_61418,-88.0,67.75428560871624,88.56259941733775,5dd4adde27889b0006b77695,1973.0
1574218753300.0,FDA50693-A4E2-4FB1-AFCF-C6EB07647825_10073_61418,-78.0,67.84168201800095,88.77137075319754,5dd4adde27889b0006b77695,1826.0
1574218753349.0,FDA50693-A4E2-4FB1-AFCF-C6EB07647825_10073_61418,-62.0,67.87081415442918,88.84096119848414,5dd4adde27889b0006b77695,1777.0
1574218753532.0,FDA50693-A4E2-4FB1-AFCF-C6EB07647825_10073_61418,-82.0,67.97961376598768,89.10086020843202,5dd4adde27889b0006b77695,1594.0
1574218753561.0,FDA50693-A4E2-4FB1-AFCF-C6EB07647825_10073_61418,-73.0,67.99685523448603,89.14204639033633,5dd4adde27889b0006b77695,1565.0
1574218753822.0,FDA50693-A4E2-4FB1-AFCF-C6EB07647825_10073_61418,-76.0,68.1520284509711,89.51272202747514,5dd4adde27889b0006b77695,1304.0
1574218753909.0,FDA50693-A4E2-4FB1-AFCF-C6EB07647825_10073_61418,-89.0,68.20375285646614,89.63628057318806,5dd4adde27889b0006b77695,1217.0
1574218754658.0,FDA50693-A4E2-4FB1-AFCF-C6EB07647825_10073_61418,-74.0,68.64905837044056,90.70002023685458,5dd4adde27889b0006b77695,468.0
1574218625180.0,FDA50693-A4E2-4FB1-AFCF-C6EB07647825_10073_61418,-83.0,166.02118408135897,88.1563910952168,5dd4ade744333f00067aaee7,584.0
1574218627525.0,FDA50693-A4E2-4FB1-AFCF-C6EB07647825_10073_61418,-82.0,165.10857650183726,91.44770076430447,5dd4ade744333f00067aaee7,692.0
1574218628031.0,FDA50693-A4E2-4FB1-AFCF-C6EB07647825_10073_61418,-92.0,164.6196843485564,92.05639299947507,5dd4ade744333f00067aaee7,1198.0
1574218628893.0,FDA50693-A4E2-4FB1-AFCF-C6EB07647825_10073_61418,-90.0,163.78682854593174,93.09333510761155,5dd4ade744333f00067aaee7,2060.0
1574218628983.0,FDA50693-A4E2-4FB1-AFCF-C6EB07647825_10073_61418,-95.0,163.69987144356955,93.20160052493439,5dd4ade744333f00067aaee7,2150.0
1574218632236.0,FDA50693-A4E2-4FB1-AFCF-C6EB07647825_10073_61418,-90.0,160.55685528818896,97.11479388661418,5dd4ade744333f00067aaee7,4122.0
1574218633021.0,FDA50693-A4E2-4FB1-AFCF-C6EB07647825_10073_61418,-90.0,159.7983961175853,98.05910891548557,5dd4ade744333f00067aaee7,3337.0
1574218633769.0,FDA50693-A4E2-4FB1-AFCF-C6EB07647825_10073_61418,-86.0,159.07568597795276,98.95891482834647,5dd4ade744333f00067aaee7,2589.0
1574218634036.0,FDA50693-A4E2-4FB1-AFCF-C6EB07647825_10073_61418,-93.0,158.81771324094487,99.28010223307086,5dd4ade744333f00067aaee7,2322.0
1574218634824.0,FDA50693-A4E2-4FB1-AFCF-C6EB07647825_10073_61418,-89.0,158.05635550026247,100.22802610918636,5dd4ade744333f00067aaee7,1534.0
1574218636430.0,FDA50693-A4E2-4FB1-AFCF-C6EB07647825_10073_61418,-97.0,156.53475267098983,102.16085074635997,5dd4ade744333f00067aaee7,72.0
1574218636651.0,FDA50693-A4E2-4FB1-AFCF-C6EB07647825_10073_61418,-96.0,156.41360989722256,102.42942942615932,5dd4ade744333f00067aaee7,293.0
1574218637997.0,FDA50693-A4E2-4FB1-AFCF-C6EB07647825_10073_61418,-89.0,155.6757901076716,104.06520726783312,5dd4ade744333f00067aaee7,1639.0
1574218638835.0,FDA50693-A4E2-4FB1-AFCF-C6EB07647825_10073_61418,-96.0,155.2164342505812,105.08361873241161,5dd4ade744333f00067aaee7,2477.0
1574218639778.0,FDA50693-A4E2-4FB1-AFCF-C6EB07647825_10073_61418,-90.0,154.6995218720176,106.22963545209838,5dd4ade744333f00067aaee7,3420.0
1574218640398.0,FDA50693-A4E2-4FB1-AFCF-C6EB07647825_10073_61418,-90.0,154.35966431665238,106.98311410130918,5dd4ade744333f00067aaee7,4040.0
1574218640464.0,FDA50693-A4E2-4FB1-AFCF-C6EB07647825_10073_61418,-95.0,154.32348593172642,107.06332311880583,5dd4ade744333f00067aaee7,4067.0
1574218641184.0,FDA50693-A4E2-4FB1-AFCF-C6EB07647825_10073_61418,-94.0,153.92881264162486,107.93833058240548,5dd4ade744333f00067aaee7,3347.0
1574218641395.0,FDA50693-A4E2-4FB1-AFCF-C6EB07647825_10073_61418,-98.0,153.81315144133123,108.19475638076594,5dd4ade744333f00067aaee7,3136.0
1574218641456.0,FDA50693-A4E2-4FB1-AFCF-C6EB07647825_10073_61418,-88.0,153.77971384314205,108.26888895754313,5dd4ade744333f00067aaee7,3075.0
1574218641608.0,FDA50693-A4E2-4FB1-AFCF-C6EB07647825_10073_61418,-87.0,153.69639392634284,108.45361275541417,5dd4ade744333f00067aaee7,2923.0
1574218642666.0,FDA50693-A4E2-4FB1-AFCF-C6EB07647825_10073_61418,-82.0,153.1164434528325,109.73938761164811,5dd4ade744333f00067aaee7,1865.0
1574218642751.0,FDA50693-A4E2-4FB1-AFCF-C6EB07647825_10073_61418,-93.0,153.06985007830662,109.84268710387862,5dd4ade744333f00067aaee7,1780.0
1574218643274.0,FDA50693-A4E2-4FB1-AFCF-C6EB07647825_10073_61418,-90.0,152.78316378563562,110.47828280313226,5dd4ade744333f00067aaee7,1257.0
1574218643430.0,FDA50693-A4E2-4FB1-AFCF-C6EB07647825_10073_61418,-86.0,152.69765123944697,110.66786775357886,5dd4ade744333f00067aaee7,1101.0
1574218643859.0,FDA50693-A4E2-4FB1-AFCF-C6EB07647825_10073_61418,-96.0,152.4624917374281,111.18922636730699,5dd4ade744333f00067aaee7,672.0
1574218643986.0,FDA50693-A4E2-4FB1-AFCF-C6EB07647825_10073_61418,-96.0,152.392875754313,111.34356796158082,5dd4ade744333f00067aaee7,545.0
1574218644001.0,FDA50693-A4E2-4FB1-AFCF-C6EB07647825_10073_61418,-97.0,152.38465339410254,111.36179728373914,5dd4ade744333f00067aaee7,530.0
1574218644214.0,FDA50693-A4E2-4FB1-AFCF-C6EB07647825_10073_61418,-85.0,152.26789587911415,111.62065365838737,5dd4ade744333f00067aaee7,317.0
1574218644229.0,FDA50693-A4E2-4FB1-AFCF-C6EB07647825_10073_61418,-98.0,152.25967351890372,111.6388829805457,5dd4ade744333f00067aaee7,302.0
1574218644382.0,FDA50693-A4E2-4FB1-AFCF-C6EB07647825_10073_61418,-94.0,152.17580544475715,111.82482206656063,5dd4ade744333f00067aaee7,149.0
1574218644485.0,FDA50693-A4E2-4FB1-AFCF-C6EB07647825_10073_61418,-83.0,152.1193452379787,111.94999674538113,5dd4ade744333f00067aaee7,46.0
1574218645371.0,FDA50693-A4E2-4FB1-AFCF-C6EB07647825_10073_61418,-85.0,151.49786465561746,112.95419849205271,5dd4ade744333f00067aaee7,840.0
1574218646358.0,FDA50693-A4E2-4FB1-AFCF-C6EB07647825_10073_61418,-85.0,150.79725287596796,114.06844922021465,5dd4ade744333f00067aaee7,1827.0
1574218646498.0,FDA50693-A4E2-4FB1-AFCF-C6EB07647825_10073_61418,-100.0,150.69787531857085,114.2264989688901,5dd4ade744333f00067aaee7,1967.0
1574218646730.0,FDA50693-A4E2-4FB1-AFCF-C6EB07647825_10073_61418,-85.0,150.53319250916996,114.48840998098085,5dd4ade744333f00067aaee7,2199.0
1574218647601.0,FDA50693-A4E2-4FB1-AFCF-C6EB07647825_10073_61418,-89.0,149.9149221342209,115.4717052030974,5dd4ade744333f00067aaee7,3070.0
1574218649171.0,FDA50693-A4E2-4FB1-AFCF-C6EB07647825_10073_61418,-82.0,148.80047381198207,117.24412024181497,5dd4ade744333f00067aaee7,2721.0
1574218650654.0,FDA50693-A4E2-4FB1-AFCF-C6EB07647825_10073_61418,-97.0,147.7477815432686,118.9183186509985,5dd4ade744333f00067aaee7,1238.0
1574218650751.0,FDA50693-A4E2-4FB1-AFCF-C6EB07647825_10073_61418,-77.0,147.6789270927863,119.02782454829506,5dd4ade744333f00067aaee7,1141.0
1574218651800.0,FDA50693-A4E2-4FB1-AFCF-C6EB07647825_10073_61418,-97.0,146.9343052520038,120.2120687365847,5dd4ade744333f00067aaee7,92.0
1574218652723.0,FDA50693-A4E2-4FB1-AFCF-C6EB07647825_10073_61418,-89.0,145.95584409583236,121.10239313515422,5dd4ade744333f00067aaee7,831.0
1574218652724.0,FDA50693-A4E2-4FB1-AFCF-C6EB07647825_10073_61418,-90.0,145.95474523192843,121.10333954085236,5dd4ade744333f00067aaee7,832.0
1574218653091.0,FDA50693-A4E2-4FB1-AFCF-C6EB07647825_10073_61418,-82.0,145.5514621791853,121.4506704320697,5dd4ade744333f00067aaee7,1199.0
1574218653456.0,FDA50693-A4E2-4FB1-AFCF-C6EB07647825_10073_61418,-98.0,145.15037685425006,121.79610851189074,5dd4ade744333f00067aaee7,1564.0
1574218653718.0,FDA50693-A4E2-4FB1-AFCF-C6EB07647825_10073_61418,-88.0,144.86247451141983,122.04406680480339,5dd4ade744333f00067aaee7,1826.0
1574218653868.0,FDA50693-A4E2-4FB1-AFCF-C6EB07647825_10073_61418,-93.0,144.69764492583,122.18602765952437,5dd4ade744333f00067aaee7,1976.0
1574218654383.0,FDA50693-A4E2-4FB1-AFCF-C6EB07647825_10073_61418,-89.0,144.13173001530492,122.6734265940664,5dd4ade744333f00067aaee7,2491.0
1574218654899.0,FDA50693-A4E2-4FB1-AFCF-C6EB07647825_10073_61418,-90.0,143.5647162408759,123.16177193430657,5dd4ade744333f00067aaee7,3007.0
1574218655614.0,FDA50693-A4E2-4FB1-AFCF-C6EB07647825_10073_61418,-96.0,142.7790285495644,123.83845200847657,5dd4ade744333f00067aaee7,3722.0
1574218655628.0,FDA50693-A4E2-4FB1-AFCF-C6EB07647825_10073_61418,-88.0,142.76364445490935,123.85170168825053,5dd4ade744333f00067aaee7,3736.0
1574218656058.0,FDA50693-A4E2-4FB1-AFCF-C6EB07647825_10073_61418,-81.0,142.2911329762185,124.25865613845068,5dd4ade744333f00067aaee7,4166.0
1574218656227.0,FDA50693-A4E2-4FB1-AFCF-C6EB07647825_10073_61418,-78.0,142.10542497645397,124.41859870143631,5dd4ade744333f00067aaee7,4159.0
1574218656847.0,FDA50693-A4E2-4FB1-AFCF-C6EB07647825_10073_61418,-78.0,141.424129356016,125.00537023428302,5dd4ade744333f00067aaee7,3539.0
1574218656880.0,FDA50693-A4E2-4FB1-AFCF-C6EB07647825_10073_61418,-92.0,141.38786684718625,125.03660162232164,5dd4ade744333f00067aaee7,3506.0
1574218657162.0,FDA50693-A4E2-4FB1-AFCF-C6EB07647825_10073_61418,-96.0,141.07798722627737,125.30348802919708,5dd4ade744333f00067aaee7,3224.0
1574218657908.0,FDA50693-A4E2-4FB1-AFCF-C6EB07647825_10073_61418,-92.0,140.25823475394395,126.00950668000942,5dd4ade744333f00067aaee7,2478.0
1574218658036.0,FDA50693-A4E2-4FB1-AFCF-C6EB07647825_10073_61418,-89.0,140.11758017424063,126.13064660937133,5dd4ade744333f00067aaee7,2350.0
1574218658310.0,FDA50693-A4E2-4FB1-AFCF-C6EB07647825_10073_61418,-102.0,139.81649146456323,126.38996177066164,5dd4ade744333f00067aaee7,2076.0
1574218658316.0,FDA50693-A4E2-4FB1-AFCF-C6EB07647825_10073_61418,-89.0,139.80989828113962,126.39564020485048,5dd4ade744333f00067aaee7,2070.0
1574218658405.0,FDA50693-A4E2-4FB1-AFCF-C6EB07647825_10073_61418,-82.0,139.71209939368967,126.47987031198494,5dd4ade744333f00067aaee7,1981.0
1574218658760.0,FDA50693-A4E2-4FB1-AFCF-C6EB07647825_10073_61418,-92.0,139.32200270779373,126.81584433482459,5dd4ade744333f00067aaee7,1626.0
1574218660126.0,FDA50693-A4E2-4FB1-AFCF-C6EB07647825_10073_61418,-84.0,137.82095461502237,128.10863451848365,5dd4ade744333f00067aaee7,260.0
1574218660227.0,FDA50693-A4E2-4FB1-AFCF-C6EB07647825_10073_61418,-88.0,137.7099693607252,128.20422149399576,5dd4ade744333f00067aaee7,159.0
1574218660770.0,FDA50693-A4E2-4FB1-AFCF-C6EB07647825_10073_61418,-85.0,137.14895045993032,128.64494468292685,5dd4ade744333f00067aaee7,384.0
1574218661814.0,FDA50693-A4E2-4FB1-AFCF-C6EB07647825_10073_61418,-88.0,136.09869858536584,129.43404741463416,5dd4ade744333f00067aaee7,1428.0
1574218662250.0,FDA50693-A4E2-4FB1-AFCF-C6EB07647825_10073_61418,-83.0,135.66008764924507,129.76359606504064,5dd4ade744333f00067aaee7,1864.0
1574218662329.0,FDA50693-A4E2-4FB1-AFCF-C6EB07647825_10073_61418,-89.0,135.5806145667828,129.82330786178863,5dd4ade744333f00067aaee7,1943.0
1574218663265.0,FDA50693-A4E2-4FB1-AFCF-C6EB07647825_10073_61418,-93.0,134.63900943786294,130.53077927642278,5dd4ade744333f00067aaee7,2879.0
1574218663640.0,FDA50693-A4E2-4FB1-AFCF-C6EB07647825_10073_61418,-81.0,134.26176379326364,130.8142213495935,5dd4ade744333f00067aaee7,3254.0
1574218664321.0,FDA50693-A4E2-4FB1-AFCF-C6EB07647825_10073_61418,-81.0,133.5766857026713,131.32895215447155,5dd4ade744333f00067aaee7,3935.0
1574218664416.0,FDA50693-A4E2-4FB1-AFCF-C6EB07647825_10073_61418,-91.0,133.4811168060395,131.4007574796748,5dd4ade744333f00067aaee7,4030.0
1574218664846.0,FDA50693-A4E2-4FB1-AFCF-C6EB07647825_10073_61418,-92.0,133.0485418002323,131.72577105691056,5dd4ade744333f00067aaee7,4150.0
1574218665014.0,FDA50693-A4E2-4FB1-AFCF-C6EB07647825_10073_61418,-93.0,132.8795357514518,131.85275310569105,5dd4ade744333f00067aaee7,3982.0
1574218665101.0,FDA50693-A4E2-4FB1-AFCF-C6EB07647825_10073_61418,-93.0,132.79201476190477,131.91851166666666,5dd4ade744333f00067aaee7,3895.0
1574218665130.0,FDA50693-A4E2-4FB1-AFCF-C6EB07647825_10073_61418,-87.0,132.76284109872242,131.94043118699187,5dd4ade744333f00067aaee7,3866.0
1574218665210.0,FDA50693-A4E2-4FB1-AFCF-C6EB07647825_10073_61418,-88.0,132.68236202787458,132.0008988292683,5dd4ade744333f00067aaee7,3786.0
1574218665390.0,FDA50693-A4E2-4FB1-AFCF-C6EB07647825_10073_61418,-96.0,132.5012841184669,132.13695102439024,5dd4ade744333f00067aaee7,3606.0
1574218665658.0,FDA50693-A4E2-4FB1-AFCF-C6EB07647825_10073_61418,-98.0,132.2316792311266,132.33951762601626,5dd4ade744333f00067aaee7,3338.0
1574218665717.0,FDA50693-A4E2-4FB1-AFCF-C6EB07647825_10073_61418,-88.0,132.1723259163763,132.38411251219512,5dd4ade744333f00067aaee7,3279.0
1574218665977.0,FDA50693-A4E2-4FB1-AFCF-C6EB07647825_10073_61418,-82.0,131.9107689361208,132.5806323495935,5dd4ade744333f00067aaee7,3019.0
1574218666434.0,FDA50693-A4E2-4FB1-AFCF-C6EB07647825_10073_61418,-87.0,131.45103224390243,132.92605375609756,5dd4ade744333f00067aaee7,2562.0
1574218666850.0,FDA50693-A4E2-4FB1-AFCF-C6EB07647825_10073_61418,-94.0,131.0325410754936,133.24048549593496,5dd4ade744333f00067aaee7,2146.0
1574218667171.0,FDA50693-A4E2-4FB1-AFCF-C6EB07647825_10073_61418,-91.0,130.7096188037166,133.4831119105691,5dd4ade744333f00067aaee7,1825.0
1574218667324.0,FDA50693-A4E2-4FB1-AFCF-C6EB07647825_10073_61418,-91.0,130.5557025807201,133.59875627642276,5dd4ade744333f00067aaee7,1672.0
1574218667757.0,FDA50693-A4E2-4FB1-AFCF-C6EB07647825_10073_61418,-88.0,130.1201096097561,133.9260373902439,5dd4ade744333f00067aaee7,1239.0
1574218668334.0,FDA50693-A4E2-4FB1-AFCF-C6EB07647825_10073_61418,-86.0,129.539654311266,134.3621602601626,5dd4ade744333f00067aaee7,662.0
1574218668601.0,FDA50693-A4E2-4FB1-AFCF-C6EB07647825_10073_61418,-84.0,129.27105541231128,134.56397101626015,5dd4ade744333f00067aaee7,395.0
1574218668741.0,FDA50693-A4E2-4FB1-AFCF-C6EB07647825_10073_61418,-93.0,129.13021703832754,134.6697893902439,5dd4ade744333f00067aaee7,255.0
1574218668927.0,FDA50693-A4E2-4FB1-AFCF-C6EB07647825_10073_61418,-86.0,128.94310319860628,134.81037665853657,5dd4ade744333f00067aaee7,69.0
1574218669798.0,FDA50693-A4E2-4FB1-AFCF-C6EB07647825_10073_61418,-87.0,128.38878941358024,135.62345844135803,5dd4ade744333f00067aaee7,802.0
1574218670545.0,FDA50693-A4E2-4FB1-AFCF-C6EB07647825_10073_61418,-88.0,127.9371426080247,136.33220351080246,5dd4ade744333f00067aaee7,1549.0
1574218670563.0,FDA50693-A4E2-4FB1-AFCF-C6EB07647825_10073_61418,-90.0,127.92625955246915,136.3492817052469,5dd4ade744333f00067aaee7,1567.0
1574218670705.0,FDA50693-A4E2-4FB1-AFCF-C6EB07647825_10073_61418,-96.0,127.84040433641975,136.48400968364197,5dd4ade744333f00067aaee7,1709.0
1574218670846.0,FDA50693-A4E2-4FB1-AFCF-C6EB07647825_10073_61418,-94.0,127.75515373456791,136.6177888734568,5dd4ade744333f00067aaee7,1850.0
1574218671166.0,FDA50693-A4E2-4FB1-AFCF-C6EB07647825_10073_61418,-90.0,127.56167719135803,136.9214012191358,5dd4ade744333f00067aaee7,2170.0
1574218671253.0,FDA50693-A4E2-4FB1-AFCF-C6EB07647825_10073_61418,-90.0,127.50907575617285,137.00394582561728,5dd4ade744333f00067aaee7,2257.0
1574218671471.0,FDA50693-A4E2-4FB1-AFCF-C6EB07647825_10073_61418,-86.0,127.37726986111112,137.2107817361111,5dd4ade744333f00067aaee7,2475.0
1574218671488.0,FDA50693-A4E2-4FB1-AFCF-C6EB07647825_10073_61418,-92.0,127.36699141975309,137.2269111419753,5dd4ade744333f00067aaee7,2492.0
1574218672180.0,FDA50693-A4E2-4FB1-AFCF-C6EB07647825_10073_61418,-89.0,126.94859839506172,137.88347283950617,5dd4ade744333f00067aaee7,2000.0
1574218672815.0,FDA50693-A4E2-4FB1-AFCF-C6EB07647825_10073_61418,-101.0,126.56466837962962,138.48595358796297,5dd4ade744333f00067aaee7,1365.0
1574218672909.0,FDA50693-A4E2-4FB1-AFCF-C6EB07647825_10073_61418,-91.0,126.50783464506172,138.57513971450618,5dd4ade744333f00067aaee7,1271.0
1574218672934.0,FDA50693-A4E2-4FB1-AFCF-C6EB07647825_10073_61418,-89.0,126.49271929012346,138.59885942901235,5dd4ade744333f00067aaee7,1246.0
1574218673560.0,FDA50693-A4E2-4FB1-AFCF-C6EB07647825_10073_61418,-91.0,126.11423080246914,139.1928010802469,5dd4ade744333f00067aaee7,620.0
1574218673569.0,FDA50693-A4E2-4FB1-AFCF-C6EB07647825_10073_61418,-92.0,126.10878927469136,139.20134017746912,5dd4ade744333f00067aaee7,611.0
1574218673662.0,FDA50693-A4E2-4FB1-AFCF-C6EB07647825_10073_61418,-96.0,126.05256015432099,139.2895775154321,5dd4ade744333f00067aaee7,518.0
1574218674306.0,FDA50693-A4E2-4FB1-AFCF-C6EB07647825_10073_61418,-88.0,125.68693876840214,139.93960980251344,5dd4ade744333f00067aaee7,126.0
1574218674440.0,FDA50693-A4E2-4FB1-AFCF-C6EB07647825_10073_61418,-87.0,125.63117856971873,140.1082368940754,5dd4ade744333f00067aaee7,260.0
1574218675164.0,FDA50693-A4E2-4FB1-AFCF-C6EB07647825_10073_61418,-92.0,125.32990704847396,141.0193265529623,5dd4ade744333f00067aaee7,984.0
1574218675901.0,FDA50693-A4E2-4FB1-AFCF-C6EB07647825_10073_61418,-88.0,125.02322595571513,141.94677555655295,5dd4ade744333f00067aaee7,1621.0
1574218676178.0,FDA50693-A4E2-4FB1-AFCF-C6EB07647825_10073_61418,-82.0,124.90796047037702,142.29535543985637,5dd4ade744333f00067aaee7,1344.0
1574218676565.0,FDA50693-A4E2-4FB1-AFCF-C6EB07647825_10073_61418,-95.0,124.7469216876122,142.7823605475763,5dd4ade744333f00067aaee7,957.0
1574218679210.0,FDA50693-A4E2-4FB1-AFCF-C6EB07647825_10073_61418,-89.0,122.43648840221744,143.72420641207268,5dd4ade744333f00067aaee7,1688.0
1574218680333.0,FDA50693-A4E2-4FB1-AFCF-C6EB07647825_10073_61418,-92.0,121.16432792454573,143.549600144749,5dd4ade744333f00067aaee7,2811.0
1574218681181.0,FDA50693-A4E2-4FB1-AFCF-C6EB07647825_10073_61418,-93.0,120.2036938327687,143.41775142285186,5dd4ade744333f00067aaee7,2835.0
1574218681403.0,FDA50693-A4E2-4FB1-AFCF-C6EB07647825_10073_61418,-96.0,119.9522070776101,143.3832344225439,5dd4ade744333f00067aaee7,2613.0
1574218681414.0,FDA50693-A4E2-4FB1-AFCF-C6EB07647825_10073_61418,-94.0,119.93974602217432,143.38152412072682,5dd4ade744333f00067aaee7,2602.0
1574218683249.0,FDA50693-A4E2-4FB1-AFCF-C6EB07647825_10073_61418,-82.0,117.86101541084078,143.09621468124422,5dd4ade744333f00067aaee7,767.0
1574218683632.0,FDA50693-A4E2-4FB1-AFCF-C6EB07647825_10073_61418,-94.0,117.4271441170311,143.0366650816138,5dd4ade744333f00067aaee7,384.0
1574218683773.0,FDA50693-A4E2-4FB1-AFCF-C6EB07647825_10073_61418,-90.0,117.26741604280875,143.01474212195873,5dd4ade744333f00067aaee7,243.0
1574218684279.0,FDA50693-A4E2-4FB1-AFCF-C6EB07647825_10073_61418,-90.0,116.66147301243723,142.91216990911263,5dd4ade744333f00067aaee7,263.0
1574218684289.0,FDA50693-A4E2-4FB1-AFCF-C6EB07647825_10073_61418,-89.0,116.64890012317628,142.909706407558,5dd4ade744333f00067aaee7,273.0
1574218684953.0,FDA50693-A4E2-4FB1-AFCF-C6EB07647825_10073_61418,-88.0,115.8140602762497,142.7461299043291,5dd4ade744333f00067aaee7,937.0
1574218684987.0,FDA50693-A4E2-4FB1-AFCF-C6EB07647825_10073_61418,-91.0,115.7713124527625,142.7377539990433,5dd4ade744333f00067aaee7,971.0
1574218685155.0,FDA50693-A4E2-4FB1-AFCF-C6EB07647825_10073_61418,-100.0,115.56008791317868,142.69636717292514,5dd4ade744333f00067aaee7,1139.0
1574218685262.0,FDA50693-A4E2-4FB1-AFCF-C6EB07647825_10073_61418,-88.0,115.42555799808659,142.67000770629036,5dd4ade744333f00067aaee7,1246.0
1574218685704.0,FDA50693-A4E2-4FB1-AFCF-C6EB07647825_10073_61418,-90.0,114.86983629275294,142.56112093757474,5dd4ade744333f00067aaee7,1688.0
1574218685743.0,FDA50693-A4E2-4FB1-AFCF-C6EB07647825_10073_61418,-93.0,114.82080202463526,142.5515132815116,5dd4ade744333f00067aaee7,1727.0
1574218685824.0,FDA50693-A4E2-4FB1-AFCF-C6EB07647825_10073_61418,-81.0,114.71896162162163,142.5315589189189,5dd4ade744333f00067aaee7,1808.0
1574218686261.0,FDA50693-A4E2-4FB1-AFCF-C6EB07647825_10073_61418,-89.0,114.16952636091844,142.4239039009806,5dd4ade744333f00067aaee7,2245.0
1574218686586.0,FDA50693-A4E2-4FB1-AFCF-C6EB07647825_10073_61418,-74.0,113.76090745993781,142.34384010045443,5dd4ade744333f00067aaee7,2570.0
1574218687300.0,FDA50693-A4E2-4FB1-AFCF-C6EB07647825_10073_61418,-96.0,112.86320316670654,142.16794608945227,5dd4ade744333f00067aaee7,3284.0
1574218687341.0,FDA50693-A4E2-4FB1-AFCF-C6EB07647825_10073_61418,-96.0,112.81165432073666,142.1578457330782,5dd4ade744333f00067aaee7,3325.0
1574218687989.0,FDA50693-A4E2-4FB1-AFCF-C6EB07647825_10073_61418,-96.0,111.9969310966276,141.99821083233675,5dd4ade744333f00067aaee7,3973.0
1574218688710.0,FDA50693-A4E2-4FB1-AFCF-C6EB07647825_10073_61418,-95.0,111.09042578091366,141.82059237024635,5dd4ade744333f00067aaee7,3668.0
1574218688832.0,FDA50693-A4E2-4FB1-AFCF-C6EB07647825_10073_61418,-92.0,110.93703653193016,141.79053765127958,5dd4ade744333f00067aaee7,3546.0
1574218689115.0,FDA50693-A4E2-4FB1-AFCF-C6EB07647825_10073_61418,-99.0,110.5812237658455,141.72082055728293,5dd4ade744333f00067aaee7,3263.0
1574218689690.0,FDA50693-A4E2-4FB1-AFCF-C6EB07647825_10073_61418,-69.0,109.8582826333413,141.57916921789044,5dd4ade744333f00067aaee7,2688.0
1574218693752.0,FDA50693-A4E2-4FB1-AFCF-C6EB07647825_10073_61418,-82.0,104.43351228608124,140.58186649542463,5dd4ade744333f00067aaee7,1374.0
1574218693753.0,FDA50693-A4E2-4FB1-AFCF-C6EB07647825_10073_61418,-85.0,104.43202380157328,140.58162259913308,5dd4ade744333f00067aaee7,1375.0
1574218693789.0,FDA50693-A4E2-4FB1-AFCF-C6EB07647825_10073_61418,-82.0,104.3784383592872,140.57284233263766,5dd4ade744333f00067aaee7,1411.0
1574218694568.0,FDA50693-A4E2-4FB1-AFCF-C6EB07647825_10073_61418,-76.0,103.21890892759673,140.38284712152833,5dd4ade744333f00067aaee7,2190.0
1574218694664.0,FDA50693-A4E2-4FB1-AFCF-C6EB07647825_10073_61418,-93.0,103.07601441483384,140.35943307754053,5dd4ade744333f00067aaee7,2286.0
1574218694916.0,FDA50693-A4E2-4FB1-AFCF-C6EB07647825_10073_61418,-95.0,102.70091631883128,140.29797121207255,5dd4ade744333f00067aaee7,2538.0
1574218695075.0,FDA50693-A4E2-4FB1-AFCF-C6EB07647825_10073_61418,-82.0,102.46424728206775,140.25919170171778,5dd4ade744333f00067aaee7,2697.0
1574218695404.0,FDA50693-A4E2-4FB1-AFCF-C6EB07647825_10073_61418,-87.0,101.97453587895328,140.17894982180124,5dd4ade744333f00067aaee7,3026.0
1574218695455.0,FDA50693-A4E2-4FB1-AFCF-C6EB07647825_10073_61418,-96.0,101.898623169048,140.16651111093273,5dd4ade744333f00067aaee7,3077.0
1574218695575.0,FDA50693-A4E2-4FB1-AFCF-C6EB07647825_10073_61418,-91.0,101.72000502809439,140.13724355594798,5dd4ade744333f00067aaee7,3032.0
1574218695620.0,FDA50693-A4E2-4FB1-AFCF-C6EB07647825_10073_61418,-92.0,101.6530232252368,140.1262682228287,5dd4ade744333f00067aaee7,2987.0
1574218697138.0,FDA50693-A4E2-4FB1-AFCF-C6EB07647825_10073_61418,-90.0,99.3935037421737,139.75603365227164,5dd4ade744333f00067aaee7,1469.0
1574218697482.0,FDA50693-A4E2-4FB1-AFCF-C6EB07647825_10073_61418,-97.0,98.88146507144003,139.672133327982,5dd4ade744333f00067aaee7,1125.0
1574218697626.0,FDA50693-A4E2-4FB1-AFCF-C6EB07647825_10073_61418,-100.0,98.6671233022957,139.63701226200033,5dd4ade744333f00067aaee7,981.0
1574218697628.0,FDA50693-A4E2-4FB1-AFCF-C6EB07647825_10073_61418,-91.0,98.66414633327982,139.63652446941725,5dd4ade744333f00067aaee7,979.0
1574218699054.0,FDA50693-A4E2-4FB1-AFCF-C6EB07647825_10073_61418,-90.0,96.73730967870092,139.0112778732461,5dd4ade744333f00067aaee7,447.0
1574218699228.0,FDA50693-A4E2-4FB1-AFCF-C6EB07647825_10073_61418,-93.0,96.5545083455778,138.86083905880497,5dd4ade744333f00067aaee7,621.0
1574218699687.0,FDA50693-A4E2-4FB1-AFCF-C6EB07647825_10073_61418,-100.0,96.07229103578747,138.46399184139997,5dd4ade744333f00067aaee7,1080.0
1574218700248.0,FDA50693-A4E2-4FB1-AFCF-C6EB07647825_10073_61418,-88.0,95.48291432382153,137.97895635346052,5dd4ade744333f00067aaee7,1641.0
1574218700593.0,FDA50693-A4E2-4FB1-AFCF-C6EB07647825_10073_61418,-80.0,95.12046340469809,137.68067249724106,5dd4ade744333f00067aaee7,1986.0
1574218700948.0,FDA50693-A4E2-4FB1-AFCF-C6EB07647825_10073_61418,-81.0,94.74750666183193,137.37374273214567,5dd4ade744333f00067aaee7,2341.0
1574218701044.0,FDA50693-A4E2-4FB1-AFCF-C6EB07647825_10073_61418,-90.0,94.64665075390194,137.29074200693677,5dd4ade744333f00067aaee7,2437.0
1574218701129.0,FDA50693-A4E2-4FB1-AFCF-C6EB07647825_10073_61418,-83.0,94.55735125208892,137.2172517814914,5dd4ade744333f00067aaee7,2522.0
1574218701308.0,FDA50693-A4E2-4FB1-AFCF-C6EB07647825_10073_61418,-84.0,94.36929700709443,137.06249001261233,5dd4ade744333f00067aaee7,2701.0
1574218702339.0,FDA50693-A4E2-4FB1-AFCF-C6EB07647825_10073_61418,-78.0,93.28614657922118,136.17109680750434,5dd4ade744333f00067aaee7,2611.0
1574218702551.0,FDA50693-A4E2-4FB1-AFCF-C6EB07647825_10073_61418,-90.0,93.06342311587576,135.9878035393347,5dd4ade744333f00067aaee7,2399.0
1574218702872.0,FDA50693-A4E2-4FB1-AFCF-C6EB07647825_10073_61418,-91.0,92.72618617373482,135.71026986441746,5dd4ade744333f00067aaee7,2078.0
1574218703133.0,FDA50693-A4E2-4FB1-AFCF-C6EB07647825_10073_61418,-85.0,92.45198417405014,135.4846116427558,5dd4ade744333f00067aaee7,1817.0
1574218703567.0,FDA50693-A4E2-4FB1-AFCF-C6EB07647825_10073_61418,-80.0,91.99603142361659,135.1093791975406,5dd4ade744333f00067aaee7,1383.0
1574218703607.0,FDA50693-A4E2-4FB1-AFCF-C6EB07647825_10073_61418,-85.0,91.95400812864575,135.07479556203688,5dd4ade744333f00067aaee7,1343.0
1574218703658.0,FDA50693-A4E2-4FB1-AFCF-C6EB07647825_10073_61418,-98.0,91.90042842755794,135.03070142676967,5dd4ade744333f00067aaee7,1292.0
1574218704443.0,FDA50693-A4E2-4FB1-AFCF-C6EB07647825_10073_61418,-85.0,91.07572126375533,134.35199758000945,5dd4ade744333f00067aaee7,507.0
1574218704701.0,FDA50693-A4E2-4FB1-AFCF-C6EB07647825_10073_61418,-94.0,90.80467101119343,134.12893313101054,5dd4ade744333f00067aaee7,249.0
1574218704772.0,FDA50693-A4E2-4FB1-AFCF-C6EB07647825_10073_61418,-86.0,90.73007966262021,134.0675471779915,5dd4ade744333f00067aaee7,178.0
1574218706016.0,FDA50693-A4E2-4FB1-AFCF-C6EB07647825_10073_61418,-92.0,90.36901843441831,132.46469731550113,5dd4ade744333f00067aaee7,1066.0
1574218706806.0,FDA50693-A4E2-4FB1-AFCF-C6EB07647825_10073_61418,-74.0,90.24002642990655,131.39089560747664,5dd4ade744333f00067aaee7,1247.0
1574218709158.0,FDA50693-A4E2-4FB1-AFCF-C6EB07647825_10073_61418,-88.0,88.92452419371283,128.41410216227698,5dd4ade744333f00067aaee7,1105.0
1574218710755.0,FDA50693-A4E2-4FB1-AFCF-C6EB07647825_10073_61418,-89.0,87.31756526372133,126.56155638232795,5dd4ade744333f00067aaee7,2702.0
1574218712871.0,FDA50693-A4E2-4FB1-AFCF-C6EB07647825_10073_61418,-98.0,85.18836983738318,124.10696222429907,5dd4ade744333f00067aaee7,1067.0
1574218714557.0,FDA50693-A4E2-4FB1-AFCF-C6EB07647825_10073_61418,-88.0,83.53960575610145,122.21763739990429,5dd4ade744333f00067aaee7,619.0
1574218715257.0,FDA50693-A4E2-4FB1-AFCF-C6EB07647825_10073_61418,-95.0,82.8892387597703,121.48078550965066,5dd4ade744333f00067aaee7,1319.0
1574218715954.0,FDA50693-A4E2-4FB1-AFCF-C6EB07647825_10073_61418,-92.0,82.24165905056628,120.74709155606955,5dd4ade744333f00067aaee7,2016.0
1574218715983.0,FDA50693-A4E2-4FB1-AFCF-C6EB07647825_10073_61418,-82.0,82.214715275004,120.7165648349019,5dd4ade744333f00067aaee7,2045.0
1574218716310.0,FDA50693-A4E2-4FB1-AFCF-C6EB07647825_10073_61418,-92.0,81.91090097814644,120.3723497375977,5dd4ade744333f00067aaee7,2372.0
1574218717601.0,FDA50693-A4E2-4FB1-AFCF-C6EB07647825_10073_61418,-85.0,80.71143841776998,119.01338432285851,5dd4ade744333f00067aaee7,2606.0
1574218717624.0,FDA50693-A4E2-4FB1-AFCF-C6EB07647825_10073_61418,-93.0,80.69006921646196,118.98917347503588,5dd4ade744333f00067aaee7,2583.0
1574218717857.0,FDA50693-A4E2-4FB1-AFCF-C6EB07647825_10073_61418,-81.0,80.47358991625458,118.74390706013719,5dd4ade744333f00067aaee7,2350.0
1574218718576.0,FDA50693-A4E2-4FB1-AFCF-C6EB07647825_10073_61418,-95.0,79.8055701014516,117.98705490429096,5dd4ade744333f00067aaee7,1631.0
1574218718901.0,FDA50693-A4E2-4FB1-AFCF-C6EB07647825_10073_61418,-86.0,79.50361399601212,117.64494509810177,5dd4ade744333f00067aaee7,1306.0
1574218719128.0,FDA50693-A4E2-4FB1-AFCF-C6EB07647825_10073_61418,-76.0,79.29270927005902,117.4059945565481,5dd4ade744333f00067aaee7,1079.0
1574218719225.0,FDA50693-A4E2-4FB1-AFCF-C6EB07647825_10073_61418,-94.0,79.2025869862817,117.3038879374701,5dd4ade744333f00067aaee7,982.0
1574218719357.0,FDA50693-A4E2-4FB1-AFCF-C6EB07647825_10073_61418,-89.0,79.07994635268783,117.1649387238794,5dd4ade744333f00067aaee7,850.0
1574218719387.0,FDA50693-A4E2-4FB1-AFCF-C6EB07647825_10073_61418,-77.0,79.0520734814165,117.13335935715425,5dd4ade744333f00067aaee7,820.0
1574218719620.0,FDA50693-A4E2-4FB1-AFCF-C6EB07647825_10073_61418,-94.0,78.83559418120913,116.88809294225554,5dd4ade744333f00067aaee7,587.0
1574218719692.0,FDA50693-A4E2-4FB1-AFCF-C6EB07647825_10073_61418,-92.0,78.76869929015793,116.81230246211517,5dd4ade744333f00067aaee7,515.0
1574218720604.0,FDA50693-A4E2-4FB1-AFCF-C6EB07647825_10073_61418,-82.0,77.90060508148149,115.91561508641975,5dd4ade744333f00067aaee7,397.0
1574218721215.0,FDA50693-A4E2-4FB1-AFCF-C6EB07647825_10073_61418,-73.0,77.30097873333334,115.36990911111111,5dd4ade744333f00067aaee7,1008.0
1574218724535.0,FDA50693-A4E2-4FB1-AFCF-C6EB07647825_10073_61418,-77.0,74.05945912545587,112.36005424215901,5dd4ade744333f00067aaee7,278.0
1574218724809.0,FDA50693-A4E2-4FB1-AFCF-C6EB07647825_10073_61418,-79.0,73.80699880306346,112.07133338730854,5dd4ade744333f00067aaee7,552.0
1574218725342.0,FDA50693-A4E2-4FB1-AFCF-C6EB07647825_10073_61418,-94.0,73.31589897884756,111.50969756382203,5dd4ade744333f00067aaee7,1085.0
1574218726171.0,FDA50693-A4E2-4FB1-AFCF-C6EB07647825_10073_61418,-86.0,72.55206829540482,110.6361589190372,5dd4ade744333f00067aaee7,1914.0
1574218727734.0,FDA50693-A4E2-4FB1-AFCF-C6EB07647825_10073_61418,-77.0,71.11193879212254,108.98918557549234,5dd4ade744333f00067aaee7,3378.0
1574218728002.0,FDA50693-A4E2-4FB1-AFCF-C6EB07647825_10073_61418,-77.0,70.86500679795769,108.70678707512764,5dd4ade744333f00067aaee7,3110.0
1574218728717.0,FDA50693-A4E2-4FB1-AFCF-C6EB07647825_10073_61418,-73.0,70.2062143508388,107.95337316557257,5dd4ade744333f00067aaee7,2395.0
1574218729038.0,FDA50693-A4E2-4FB1-AFCF-C6EB07647825_10073_61418,-93.0,69.91044879066375,107.61512720058352,5dd4ade744333f00067aaee7,2074.0
1574218729497.0,FDA50693-A4E2-4FB1-AFCF-C6EB07647825_10073_61418,-79.0,69.48753168125455,107.1314670824216,5dd4ade744333f00067aaee7,1615.0
1574218730276.0,FDA50693-A4E2-4FB1-AFCF-C6EB07647825_10073_61418,-70.0,68.76977039970824,106.31061472501823,5dd4ade744333f00067aaee7,836.0
1574218730552.0,FDA50693-A4E2-4FB1-AFCF-C6EB07647825_10073_61418,-88.0,68.51546730123997,106.0197864186725,5dd4ade744333f00067aaee7,560.0
1574218730722.0,FDA50693-A4E2-4FB1-AFCF-C6EB07647825_10073_61418,-93.0,68.35883133479211,105.8406530415755,5dd4ade744333f00067aaee7,390.0
1574218731366.0,FDA50693-A4E2-4FB1-AFCF-C6EB07647825_10073_61418,-80.0,67.93949408759123,105.12515994829684,5dd4ade744333f00067aaee7,254.0
1574218732204.0,FDA50693-A4E2-4FB1-AFCF-C6EB07647825_10073_61418,-70.0,67.74155481751825,104.1204175729927,5dd4ade744333f00067aaee7,1092.0
1574218733402.0,FDA50693-A4E2-4FB1-AFCF-C6EB07647825_10073_61418,-77.0,67.45858197080291,102.68404362834549,5dd4ade744333f00067aaee7,998.0
1574218733990.0,FDA50693-A4E2-4FB1-AFCF-C6EB07647825_10073_61418,-69.0,67.31969379562044,101.97904539841849,5dd4ade744333f00067aaee7,410.0
1574218734747.0,FDA50693-A4E2-4FB1-AFCF-C6EB07647825_10073_61418,-62.0,67.1374962774639,101.02795248273698,5dd4ade744333f00067aaee7,347.0
1574218735844.0,FDA50693-A4E2-4FB1-AFCF-C6EB07647825_10073_61418,-70.0,66.86766044569994,99.57525729127433,5dd4ade744333f00067aaee7,1444.0
1574218735874.0,FDA50693-A4E2-4FB1-AFCF-C6EB07647825_10073_61418,-78.0,66.86028116133082,99.53552998430634,5dd4ade744333f00067aaee7,1474.0
1574218736841.0,FDA50693-A4E2-4FB1-AFCF-C6EB07647825_10073_61418,-63.0,66.62242222849969,98.25498645637163,5dd4ade744333f00067aaee7,745.0
1574218737210.0,FDA50693-A4E2-4FB1-AFCF-C6EB07647825_10073_61418,-89.0,66.53165703075958,97.7663405806654,5dd4ade744333f00067aaee7,376.0
1574218738160.0,FDA50693-A4E2-4FB1-AFCF-C6EB07647825_10073_61418,-60.0,66.3698059544369,96.45070173158184,5dd4ade744333f00067aaee7,574.0
1574218738425.0,FDA50693-A4E2-4FB1-AFCF-C6EB07647825_10073_61418,-72.0,66.33778248392431,96.07318140731213,5dd4ade744333f00067aaee7,839.0
1574218738975.0,FDA50693-A4E2-4FB1-AFCF-C6EB07647825_10073_61418,-78.0,66.27131867720007,95.28964865882784,5dd4ade744333f00067aaee7,1389.0
1574218741826.0,FDA50693-A4E2-4FB1-AFCF-C6EB07647825_10073_61418,-71.0,65.92679447179864,91.22809981168473,5dd4ade744333f00067aaee7,1203.0
1574218741926.0,FDA50693-A4E2-4FB1-AFCF-C6EB07647825_10073_61418,-85.0,65.91471014330332,91.08563931196032,5dd4ade744333f00067aaee7,1103.0
1574218742348.0,FDA50693-A4E2-4FB1-AFCF-C6EB07647825_10073_61418,-80.0,65.86371427705309,90.48445600312328,5dd4ade744333f00067aaee7,681.0
1574218565530.0,FDA50693-A4E2-4FB1-AFCF-C6EB07647825_10073_61418,-99.0,175.1226316443492,69.3624670605249,5dd4ae3327889b0006b77697,2435.0
1574218571550.0,FDA50693-A4E2-4FB1-AFCF-C6EB07647825_10073_61418,-93.0,172.76068950694113,77.41911029200574,5dd4ae3327889b0006b77697,2682.0
1574218577532.0,FDA50693-A4E2-4FB1-AFCF-C6EB07647825_10073_61418,-93.0,169.94476354892205,79.13222840464346,5dd4ae3327889b0006b77697,318.0
1574218579896.0,FDA50693-A4E2-4FB1-AFCF-C6EB07647825_10073_61418,-98.0,168.84923481669222,80.93099263468113,5dd4ae3327889b0006b77697,2046.0
1574218580162.0,FDA50693-A4E2-4FB1-AFCF-C6EB07647825_10073_61418,-92.0,168.7359319238477,81.19367382765532,5dd4ae3327889b0006b77697,2312.0
1574218580759.0,FDA50693-A4E2-4FB1-AFCF-C6EB07647825_10073_61418,-94.0,168.48163934103502,81.78322522692444,5dd4ae3327889b0006b77697,2909.0
1574218582248.0,FDA50693-A4E2-4FB1-AFCF-C6EB07647825_10073_61418,-93.0,167.84739871154073,83.25364739361075,5dd4ae3327889b0006b77697,4085.0
1574218583560.0,FDA50693-A4E2-4FB1-AFCF-C6EB07647825_10073_61418,-91.0,167.2885513603678,84.54927793940823,5dd4ae3327889b0006b77697,2773.0
1574218583852.0,FDA50693-A4E2-4FB1-AFCF-C6EB07647825_10073_61418,-98.0,167.16417374867382,84.83763473771072,5dd4ae3327889b0006b77697,2481.0
1574218584612.0,FDA50693-A4E2-4FB1-AFCF-C6EB07647825_10073_61418,-90.0,166.8404511976895,85.58815243192267,5dd4ae3327889b0006b77697,1721.0
1574218584994.0,FDA50693-A4E2-4FB1-AFCF-C6EB07647825_10073_61418,-96.0,166.6777380207474,85.96538632559236,5dd4ae3327889b0006b77697,1339.0
1574218585184.0,FDA50693-A4E2-4FB1-AFCF-C6EB07647825_10073_61418,-92.0,166.5968073830013,86.15301574914534,5dd4ae3327889b0006b77697,1149.0
1574218427812.0,FDA50693-A4E2-4FB1-AFCF-C6EB07647825_10073_61418,-100.0,182.1500785915493,74.12966623849766,5dd4ae3c44333f00067aaeec,232.0
1574218378373.0,FDA50693-A4E2-4FB1-AFCF-C6EB07647825_10073_61418,-93.0,164.97507141470697,85.6431909518477,5dd4ae3e27889b0006b77699,1208.0
1574218379937.0,FDA50693-A4E2-4FB1-AFCF-C6EB07647825_10073_61418,-95.0,164.32473634200332,84.02763101272828,5dd4ae3e27889b0006b77699,356.0
1574218392737.0,FDA50693-A4E2-4FB1-AFCF-C6EB07647825_10073_61418,-96.0,173.72286921259843,72.06236283464567,5dd4ae3e27889b0006b77699,289.0
1574218393259.0,FDA50693-A4E2-4FB1-AFCF-C6EB07647825_10073_61418,-93.0,174.27521242704955,72.07779314497452,5dd4ae3e27889b0006b77699,811.0
1574218393525.0,FDA50693-A4E2-4FB1-AFCF-C6EB07647825_10073_61418,-95.0,174.5566746780917,72.08565610004632,5dd4ae3e27889b0006b77699,1077.0
1574218394567.0,FDA50693-A4E2-4FB1-AFCF-C6EB07647825_10073_61418,-92.0,175.65924484946734,72.11645760074107,5dd4ae3e27889b0006b77699,40.0
1574218394829.0,FDA50693-A4E2-4FB1-AFCF-C6EB07647825_10073_61418,-92.0,175.95203262435373,72.20268250454626,5dd4ae3e27889b0006b77699,222.0
1574218395416.0,FDA50693-A4E2-4FB1-AFCF-C6EB07647825_10073_61418,-100.0,176.61429190586557,72.42754714494562,5dd4ae3e27889b0006b77699,809.0
1574218395945.0,FDA50693-A4E2-4FB1-AFCF-C6EB07647825_10073_61418,-92.0,177.21111500623996,72.63019347334641,5dd4ae3e27889b0006b77699,1338.0
1574218396238.0,FDA50693-A4E2-4FB1-AFCF-C6EB07647825_10073_61418,-97.0,177.5416805419861,72.74243425637368,5dd4ae3e27889b0006b77699,1631.0
1574218406861.0,FDA50693-A4E2-4FB1-AFCF-C6EB07647825_10073_61418,-100.0,180.32224870778566,69.59965111223457,5dd4ae3e27889b0006b77699,502.0
1574218346336.0,FDA50693-A4E2-4FB1-AFCF-C6EB07647825_10073_61418,-93.0,173.52172977291272,78.03441107098178,5dd4ae3f27889b0006b7769b,2683.0
1574218346451.0,FDA50693-A4E2-4FB1-AFCF-C6EB07647825_10073_61418,-94.0,173.46806211585533,78.18008194941528,5dd4ae3f27889b0006b7769b,2568.0
1574218348296.0,FDA50693-A4E2-4FB1-AFCF-C6EB07647825_10073_61418,-95.0,172.6070462265434,80.517149520805,5dd4ae3f27889b0006b7769b,723.0
1574218355383.0,FDA50693-A4E2-4FB1-AFCF-C6EB07647825_10073_61418,-94.0,164.21728059076924,84.23288535630769,5dd4ae3f27889b0006b7769b,136.0
1574216398055.0,FDA50693-A4E2-4FB1-AFCF-C6EB07647825_10073_61418,-83.0,154.89686190625895,166.2901852043441,5dd4ae4227889b0006b7769d,123.0
1574216398573.0,FDA50693-A4E2-4FB1-AFCF-C6EB07647825_10073_61418,-80.0,155.3685868448128,165.5783993169477,5dd4ae4227889b0006b7769d,641.0
1574216399098.0,FDA50693-A4E2-4FB1-AFCF-C6EB07647825_10073_61418,-91.0,155.8466864446985,164.85699470134324,5dd4ae4227889b0006b7769d,1166.0
1574216399625.0,FDA50693-A4E2-4FB1-AFCF-C6EB07647825_10073_61418,-86.0,156.32660737639327,164.13284187767934,5dd4ae4227889b0006b7769d,1693.0
1574216739375.0,FDA50693-A4E2-4FB1-AFCF-C6EB07647825_10073_61418,-83.0,175.23342860465118,109.31480040506005,5dd4ae4c27889b0006b776a3,478.0
1574216739639.0,FDA50693-A4E2-4FB1-AFCF-C6EB07647825_10073_61418,-78.0,174.98361093023257,109.2292132647585,5dd4ae4c27889b0006b776a3,742.0
1574216740010.0,FDA50693-A4E2-4FB1-AFCF-C6EB07647825_10073_61418,-96.0,174.63254139534885,109.10893739713774,5dd4ae4c27889b0006b776a3,1113.0
1574216741212.0,FDA50693-A4E2-4FB1-AFCF-C6EB07647825_10073_61418,-82.0,173.49511395348839,108.71925655379503,5dd4ae4c27889b0006b776a3,1598.0
1574216741424.0,FDA50693-A4E2-4FB1-AFCF-C6EB07647825_10073_61418,-97.0,173.29450279069766,108.65052748658319,5dd4ae4c27889b0006b776a3,1386.0
1574216743566.0,FDA50693-A4E2-4FB1-AFCF-C6EB07647825_10073_61418,-90.0,171.10986989298453,107.93000415873959,5dd4ae4c27889b0006b776a3,756.0
1574216754286.0,FDA50693-A4E2-4FB1-AFCF-C6EB07647825_10073_61418,-98.0,159.92273891649876,102.35268132214014,5dd4ae4c27889b0006b776a3,2081.0
1574216756302.0,FDA50693-A4E2-4FB1-AFCF-C6EB07647825_10073_61418,-94.0,157.0934790105216,102.11666625699576,5dd4ae4c27889b0006b776a3,370.0
1574216757138.0,FDA50693-A4E2-4FB1-AFCF-C6EB07647825_10073_61418,-86.0,156.45082720423412,101.62471764009963,5dd4ae4c27889b0006b776a3,466.0
1574216757147.0,FDA50693-A4E2-4FB1-AFCF-C6EB07647825_10073_61418,-77.0,156.4484440815691,101.61605306662516,5dd4ae4c27889b0006b776a3,475.0
1574216760733.0,FDA50693-A4E2-4FB1-AFCF-C6EB07647825_10073_61418,-87.0,156.50677308977848,99.37869490788962,5dd4ae4c27889b0006b776a3,849.0
1574216761509.0,FDA50693-A4E2-4FB1-AFCF-C6EB07647825_10073_61418,-95.0,157.22250566653713,99.74213977069569,5dd4ae4c27889b0006b776a3,1625.0
1574216763586.0,FDA50693-A4E2-4FB1-AFCF-C6EB07647825_10073_61418,-90.0,159.13819711232026,100.71491680684026,5dd4ae4c27889b0006b776a3,3702.0
1574216763940.0,FDA50693-A4E2-4FB1-AFCF-C6EB07647825_10073_61418,-81.0,159.46470398367666,100.88071510765643,5dd4ae4c27889b0006b776a3,3663.0
1574216764720.0,FDA50693-A4E2-4FB1-AFCF-C6EB07647825_10073_61418,-96.0,160.18412590361447,101.24603339759037,5dd4ae4c27889b0006b776a3,2883.0
1574216766034.0,FDA50693-A4E2-4FB1-AFCF-C6EB07647825_10073_61418,-97.0,161.39607513797125,101.86145420909445,5dd4ae4c27889b0006b776a3,1569.0
1574216766237.0,FDA50693-A4E2-4FB1-AFCF-C6EB07647825_10073_61418,-96.0,161.58330930431404,101.95653063583366,5dd4ae4c27889b0006b776a3,1366.0
1574216766728.0,FDA50693-A4E2-4FB1-AFCF-C6EB07647825_10073_61418,-96.0,162.03617617955695,102.18649381577924,5dd4ae4c27889b0006b776a3,875.0
1574216767246.0,FDA50693-A4E2-4FB1-AFCF-C6EB07647825_10073_61418,-90.0,162.51394612125924,102.42910262883792,5dd4ae4c27889b0006b776a3,357.0
1574216767512.0,FDA50693-A4E2-4FB1-AFCF-C6EB07647825_10073_61418,-93.0,162.75928744267392,102.55368553284104,5dd4ae4c27889b0006b776a3,91.0
1574216768895.0,FDA50693-A4E2-4FB1-AFCF-C6EB07647825_10073_61418,-95.0,164.4715355102041,103.59486041092113,5dd4ae4c27889b0006b776a3,1292.0
1574216769289.0,FDA50693-A4E2-4FB1-AFCF-C6EB07647825_10073_61418,-81.0,164.96809612244897,103.8993731337562,5dd4ae4c27889b0006b776a3,1686.0
1574216769419.0,FDA50693-A4E2-4FB1-AFCF-C6EB07647825_10073_61418,-82.0,165.13193591836733,103.99984687479316,5dd4ae4c27889b0006b776a3,1816.0
1574216770723.0,FDA50693-A4E2-4FB1-AFCF-C6EB07647825_10073_61418,-93.0,166.7753751020408,105.00767578488693,5dd4ae4c27889b0006b776a3,3120.0
1574216772542.0,FDA50693-A4E2-4FB1-AFCF-C6EB07647825_10073_61418,-82.0,169.0678719387755,106.41353528447324,5dd4ae4c27889b0006b776a3,2313.0
1574216773286.0,FDA50693-A4E2-4FB1-AFCF-C6EB07647825_10073_61418,-91.0,170.00553969387755,106.98855423317706,5dd4ae4c27889b0006b776a3,1569.0
1574216774117.0,FDA50693-A4E2-4FB1-AFCF-C6EB07647825_10073_61418,-86.0,171.05285408163263,107.63081330088251,5dd4ae4c27889b0006b776a3,738.0
1574216776233.0,FDA50693-A4E2-4FB1-AFCF-C6EB07647825_10073_61418,-95.0,171.29361019558885,108.8407019766958,5dd4ae4c27889b0006b776a3,1378.0
1574216777148.0,FDA50693-A4E2-4FB1-AFCF-C6EB07647825_10073_61418,-90.0,170.83587792342905,109.2653383218893,5dd4ae4c27889b0006b776a3,2293.0
1574216781946.0,FDA50693-A4E2-4FB1-AFCF-C6EB07647825_10073_61418,-85.0,167.70484443221764,108.80982019562892,5dd4ae4c27889b0006b776a3,2285.0
1574216784548.0,FDA50693-A4E2-4FB1-AFCF-C6EB07647825_10073_61418,-84.0,165.57098173314992,106.9630722696011,5dd4ae4c27889b0006b776a3,1656.0
1574216785849.0,FDA50693-A4E2-4FB1-AFCF-C6EB07647825_10073_61418,-92.0,164.5040503836161,106.0396983065872,5dd4ae4c27889b0006b776a3,355.0
1574216787258.0,FDA50693-A4E2-4FB1-AFCF-C6EB07647825_10073_61418,-83.0,162.88740307540334,105.14319487981561,5dd4ae4c27889b0006b776a3,1054.0
1574216787755.0,FDA50693-A4E2-4FB1-AFCF-C6EB07647825_10073_61418,-84.0,162.26237279881462,104.83926800625618,5dd4ae4c27889b0006b776a3,1551.0
1574216788979.0,FDA50693-A4E2-4FB1-AFCF-C6EB07647825_10073_61418,-87.0,160.72306282186366,104.09076399571946,5dd4ae4c27889b0006b776a3,2775.0
1574216790757.0,FDA50693-A4E2-4FB1-AFCF-C6EB07647825_10073_61418,-94.0,158.4870390154758,103.00347630721107,5dd4ae4c27889b0006b776a3,1521.0
1574216790798.0,FDA50693-A4E2-4FB1-AFCF-C6EB07647825_10073_61418,-87.0,158.4354771616727,102.97840386894963,5dd4ae4c27889b0006b776a3,1480.0
1574217825792.0,FDA50693-A4E2-4FB1-AFCF-C6EB07647825_10073_61418,-98.0,218.28145272613065,89.83320029522612,5dd4ae5d27889b0006b776ab,135.0
1574219459326.0,FDA50693-A4E2-4FB1-AFCF-C6EB07647825_10073_61418,-88.0,33.673052439918536,62.71065861507128,5dd4b78344333f00067aaf48,243.0
1574219460109.0,FDA50693-A4E2-4FB1-AFCF-C6EB07647825_10073_61418,-87.0,33.31635385743381,63.634336374745416,5dd4b78344333f00067aaf48,1026.0
1574219460205.0,FDA50693-A4E2-4FB1-AFCF-C6EB07647825_10073_61418,-81.0,33.27262069789545,63.74758422267481,5dd4b78344333f00067aaf48,1122.0
1574219461761.0,FDA50693-A4E2-4FB1-AFCF-C6EB07647825_10073_61418,-83.0,32.56377907037791,65.5831430911971,5dd4b78344333f00067aaf48,1741.0
1574219462704.0,FDA50693-A4E2-4FB1-AFCF-C6EB07647825_10073_61418,-89.0,32.13419188866259,66.69556726408689,5dd4b78344333f00067aaf48,798.0
1574219463054.0,FDA50693-A4E2-4FB1-AFCF-C6EB07647825_10073_61418,-85.0,31.974748077845668,67.10845004299615,5dd4b78344333f00067aaf48,448.0
1574219463569.0,FDA50693-A4E2-4FB1-AFCF-C6EB07647825_10073_61418,-80.0,31.771364520697624,67.74353735196469,5dd4b78344333f00067aaf48,67.0
1574219468526.0,FDA50693-A4E2-4FB1-AFCF-C6EB07647825_10073_61418,-91.0,31.968455421588594,75.51974500378236,5dd4b78344333f00067aaf48,265.0
1574219469560.0,FDA50693-A4E2-4FB1-AFCF-C6EB07647825_10073_61418,-100.0,32.54497254582485,76.73405510910678,5dd4b78344333f00067aaf48,1299.0
1574219470664.0,FDA50693-A4E2-4FB1-AFCF-C6EB07647825_10073_61418,-82.0,33.16051887576375,78.03057189467559,5dd4b78344333f00067aaf48,2403.0
1574219471174.0,FDA50693-A4E2-4FB1-AFCF-C6EB07647825_10073_61418,-84.0,33.44487451731161,78.62950627931335,5dd4b78344333f00067aaf48,2913.0
1574219471372.0,FDA50693-A4E2-4FB1-AFCF-C6EB07647825_10073_61418,-91.0,33.55527141344196,78.86203374629036,5dd4b78344333f00067aaf48,3111.0
1574219472416.0,FDA50693-A4E2-4FB1-AFCF-C6EB07647825_10073_61418,-95.0,34.13736413849287,80.08808766307826,5dd4b78344333f00067aaf48,2719.0
1574219472741.0,FDA50693-A4E2-4FB1-AFCF-C6EB07647825_10073_61418,-82.0,34.318571164969455,80.46976153564154,5dd4b78344333f00067aaf48,2394.0
1574219473725.0,FDA50693-A4E2-4FB1-AFCF-C6EB07647825_10073_61418,-89.0,34.86721028513239,81.62535258364852,5dd4b78344333f00067aaf48,1410.0
1574219475327.0,FDA50693-A4E2-4FB1-AFCF-C6EB07647825_10073_61418,-98.0,35.886901876112496,83.44538261801353,5dd4b78344333f00067aaf48,192.0
1574219475826.0,FDA50693-A4E2-4FB1-AFCF-C6EB07647825_10073_61418,-93.0,36.493841491634036,83.87200843253827,5dd4b78344333f00067aaf48,691.0
1574219477710.0,FDA50693-A4E2-4FB1-AFCF-C6EB07647825_10073_61418,-84.0,38.785373025987894,85.48275599679602,5dd4b78344333f00067aaf48,2575.0
1574219478696.0,FDA50693-A4E2-4FB1-AFCF-C6EB07647825_10073_61418,-82.0,39.98465651477394,86.32574808721965,5dd4b78344333f00067aaf48,2057.0
1574219480065.0,FDA50693-A4E2-4FB1-AFCF-C6EB07647825_10073_61418,-79.0,41.64978744393022,87.4961904521182,5dd4b78344333f00067aaf48,688.0
1574219482413.0,FDA50693-A4E2-4FB1-AFCF-C6EB07647825_10073_61418,-70.0,44.35844295866117,89.58472846109655,5dd4b78344333f00067aaf48,1660.0
1574219483929.0,FDA50693-A4E2-4FB1-AFCF-C6EB07647825_10073_61418,-83.0,46.067900046209566,90.95490429424254,5dd4b78344333f00067aaf48,3176.0
1574219484496.0,FDA50693-A4E2-4FB1-AFCF-C6EB07647825_10073_61418,-90.0,46.70725503871613,91.4673645167978,5dd4b78344333f00067aaf48,3743.0
1574219485383.0,FDA50693-A4E2-4FB1-AFCF-C6EB07647825_10073_61418,-94.0,47.70744530036218,92.26904391257649,5dd4b78344333f00067aaf48,3377.0
1574219486502.0,FDA50693-A4E2-4FB1-AFCF-C6EB07647825_10073_61418,-95.0,48.969241132134385,93.28040720894217,5dd4b78344333f00067aaf48,2258.0
1574219487752.0,FDA50693-A4E2-4FB1-AFCF-C6EB07647825_10073_61418,-63.0,50.37875390221057,94.4101696043462,5dd4b78344333f00067aaf48,1008.0
1574219489454.0,FDA50693-A4E2-4FB1-AFCF-C6EB07647825_10073_61418,-89.0,52.095218412261545,96.23925466579291,5dd4b78344333f00067aaf48,694.0
1574219490930.0,FDA50693-A4E2-4FB1-AFCF-C6EB07647825_10073_61418,-97.0,53.32840878185525,98.19175311926605,5dd4b78344333f00067aaf48,2170.0
1574219491716.0,FDA50693-A4E2-4FB1-AFCF-C6EB07647825_10073_61418,-89.0,53.98510771850881,99.23149823066841,5dd4b78344333f00067aaf48,2956.0
1574219491834.0,FDA50693-A4E2-4FB1-AFCF-C6EB07647825_10073_61418,-61.0,54.08369610848988,99.38759228047182,5dd4b78344333f00067aaf48,3074.0
1574219492356.0,FDA50693-A4E2-4FB1-AFCF-C6EB07647825_10073_61418,-71.0,54.51982440993156,100.07811002621231,5dd4b78344333f00067aaf48,3271.0
1574219492961.0,FDA50693-A4E2-4FB1-AFCF-C6EB07647825_10073_61418,-68.0,55.02529878229212,100.87842273918741,5dd4b78344333f00067aaf48,2666.0
1574219493386.0,FDA50693-A4E2-4FB1-AFCF-C6EB07647825_10073_61418,-90.0,55.38038408519004,101.44062588466579,5dd4b78344333f00067aaf48,2241.0
1574219494638.0,FDA50693-A4E2-4FB1-AFCF-C6EB07647825_10073_61418,-76.0,56.42642361278578,103.09681020969856,5dd4b78344333f00067aaf48,989.0
1574219494965.0,FDA50693-A4E2-4FB1-AFCF-C6EB07647825_10073_61418,-67.0,56.699630422309596,103.52937592398428,5dd4b78344333f00067aaf48,662.0
1574219495999.0,FDA50693-A4E2-4FB1-AFCF-C6EB07647825_10073_61418,-75.0,57.52939805474534,104.91832855956922,5dd4b78344333f00067aaf48,372.0
1574219497306.0,FDA50693-A4E2-4FB1-AFCF-C6EB07647825_10073_61418,-76.0,58.50146192988557,106.72156188579763,5dd4b78344333f00067aaf48,1679.0
1574219499085.0,FDA50693-A4E2-4FB1-AFCF-C6EB07647825_10073_61418,-80.0,59.82456953040161,109.17600112631816,5dd4b78344333f00067aaf48,3458.0
1574219499635.0,FDA50693-A4E2-4FB1-AFCF-C6EB07647825_10073_61418,-97.0,60.233624718869194,109.93482157729414,5dd4b78344333f00067aaf48,4008.0
1574219503001.0,FDA50693-A4E2-4FB1-AFCF-C6EB07647825_10073_61418,-89.0,62.737042472290774,114.57880273726722,5dd4b78344333f00067aaf48,1540.0
1574219504051.0,FDA50693-A4E2-4FB1-AFCF-C6EB07647825_10073_61418,-89.0,63.5179660139107,116.02745996185776,5dd4b78344333f00067aaf48,490.0
1574219505430.0,FDA50693-A4E2-4FB1-AFCF-C6EB07647825_10073_61418,-80.0,64.51488359787916,117.77963220524627,5dd4b78344333f00067aaf48,889.0
1574219506457.0,FDA50693-A4E2-4FB1-AFCF-C6EB07647825_10073_61418,-83.0,65.24555146742011,119.02281305427655,5dd4b78344333f00067aaf48,1916.0
1574219508310.0,FDA50693-A4E2-4FB1-AFCF-C6EB07647825_10073_61418,-86.0,66.56388404995117,121.26586477117344,5dd4b78344333f00067aaf48,3398.0
1574219508593.0,FDA50693-A4E2-4FB1-AFCF-C6EB07647825_10073_61418,-89.0,66.76522680270685,121.60843554067253,5dd4b78344333f00067aaf48,3115.0
1574219509095.0,FDA50693-A4E2-4FB1-AFCF-C6EB07647825_10073_61418,-78.0,67.12237896483884,122.21610524487234,5dd4b78344333f00067aaf48,2613.0
1574219511915.0,FDA50693-A4E2-4FB1-AFCF-C6EB07647825_10073_61418,-79.0,69.13409739292997,125.65337939326989,5dd4b78344333f00067aaf48,207.0
1574219513224.0,FDA50693-A4E2-4FB1-AFCF-C6EB07647825_10073_61418,-87.0,70.09957907092681,127.38761084636302,5dd4b78344333f00067aaf48,1516.0
1574219513964.0,FDA50693-A4E2-4FB1-AFCF-C6EB07647825_10073_61418,-91.0,70.64538231135282,128.36800143099933,5dd4b78344333f00067aaf48,2256.0
1574219514491.0,FDA50693-A4E2-4FB1-AFCF-C6EB07647825_10073_61418,-94.0,71.03408272716973,129.06619850951733,5dd4b78344333f00067aaf48,2783.0
1574219515002.0,FDA50693-A4E2-4FB1-AFCF-C6EB07647825_10073_61418,-92.0,71.41098199184229,129.74319795377295,5dd4b78344333f00067aaf48,3294.0
1574219515831.0,FDA50693-A4E2-4FB1-AFCF-C6EB07647825_10073_61418,-94.0,72.02242913550873,130.84150037899389,5dd4b78344333f00067aaf48,4123.0
1574219516051.0,FDA50693-A4E2-4FB1-AFCF-C6EB07647825_10073_61418,-91.0,72.18469496374348,131.13296785010198,5dd4b78344333f00067aaf48,4343.0
1574219517177.0,FDA50693-A4E2-4FB1-AFCF-C6EB07647825_10073_61418,-83.0,73.01520097552685,132.62475136131883,5dd4b78344333f00067aaf48,3357.0
1574219517885.0,FDA50693-A4E2-4FB1-AFCF-C6EB07647825_10073_61418,-88.0,73.53740191366417,133.5627466774303,5dd4b78344333f00067aaf48,2649.0
1574219517995.0,FDA50693-A4E2-4FB1-AFCF-C6EB07647825_10073_61418,-86.0,73.61853482778156,133.70848041298436,5dd4b78344333f00067aaf48,2539.0
1574219518407.0,FDA50693-A4E2-4FB1-AFCF-C6EB07647825_10073_61418,-92.0,73.92241446974847,134.25431949524133,5dd4b78344333f00067aaf48,2127.0
1574219518446.0,FDA50693-A4E2-4FB1-AFCF-C6EB07647825_10073_61418,-98.0,73.95117977566281,134.30598872875595,5dd4b78344333f00067aaf48,2088.0
1574219518514.0,FDA50693-A4E2-4FB1-AFCF-C6EB07647825_10073_61418,-92.0,74.00133466802629,134.39607867437118,5dd4b78344333f00067aaf48,2020.0
1574219519718.0,FDA50693-A4E2-4FB1-AFCF-C6EB07647825_10073_61418,-89.0,74.88937129163834,135.99120065261727,5dd4b78344333f00067aaf48,816.0
1574219519731.0,FDA50693-A4E2-4FB1-AFCF-C6EB07647825_10073_61418,-100.0,74.89895972694312,136.0084237304555,5dd4b78344333f00067aaf48,803.0
1574219519913.0,FDA50693-A4E2-4FB1-AFCF-C6EB07647825_10073_61418,-93.0,75.03319782121007,136.24954682019035,5dd4b78344333f00067aaf48,621.0
1574219520502.0,FDA50693-A4E2-4FB1-AFCF-C6EB07647825_10073_61418,-97.0,75.46762769771131,137.0298847314752,5dd4b78344333f00067aaf48,32.0
1574219520785.0,FDA50693-A4E2-4FB1-AFCF-C6EB07647825_10073_61418,-91.0,75.65868517799353,137.39940780523685,5dd4b78344333f00067aaf48,251.0
1574219521591.0,FDA50693-A4E2-4FB1-AFCF-C6EB07647825_10073_61418,-82.0,76.19640977346279,138.44986601647543,5dd4b78344333f00067aaf48,1057.0
1574219521848.0,FDA50693-A4E2-4FB1-AFCF-C6EB07647825_10073_61418,-85.0,76.36786786407767,138.78481360988528,5dd4b78344333f00067aaf48,1314.0
1574219522073.0,FDA50693-A4E2-4FB1-AFCF-C6EB07647825_10073_61418,-94.0,76.51797708737864,139.07805566637248,5dd4b78344333f00067aaf48,1539.0
1574219522590.0,FDA50693-A4E2-4FB1-AFCF-C6EB07647825_10073_61418,-98.0,76.86289472491909,139.7518607472786,5dd4b78344333f00067aaf48,2056.0
1574219523245.0,FDA50693-A4E2-4FB1-AFCF-C6EB07647825_10073_61418,-89.0,77.2998793527508,140.6055209561636,5dd4b78344333f00067aaf48,2711.0
1574219523930.0,FDA50693-A4E2-4FB1-AFCF-C6EB07647825_10073_61418,-94.0,77.75687854368931,141.4982801059135,5dd4b78344333f00067aaf48,3396.0
1574219523934.0,FDA50693-A4E2-4FB1-AFCF-C6EB07647825_10073_61418,-94.0,77.75954715210355,141.50349329802884,5dd4b78344333f00067aaf48,3398.0
1574219525075.0,FDA50693-A4E2-4FB1-AFCF-C6EB07647825_10073_61418,-90.0,78.52076770226537,142.99055634892616,5dd4b78344333f00067aaf48,2257.0
1574219525234.0,FDA50693-A4E2-4FB1-AFCF-C6EB07647825_10073_61418,-85.0,78.62684488673139,143.19778073551043,5dd4b78344333f00067aaf48,2098.0
1574219526880.0,FDA50693-A4E2-4FB1-AFCF-C6EB07647825_10073_61418,-87.0,79.72497724919093,145.34300929096793,5dd4b78344333f00067aaf48,452.0
1574219527056.0,FDA50693-A4E2-4FB1-AFCF-C6EB07647825_10073_61418,-88.0,79.84239601941746,145.57238974404237,5dd4b78344333f00067aaf48,276.0
1574219528773.0,FDA50693-A4E2-4FB1-AFCF-C6EB07647825_10073_61418,-96.0,80.8723858084255,147.74499941162625,5dd4b78344333f00067aaf48,1441.0
1574219529705.0,FDA50693-A4E2-4FB1-AFCF-C6EB07647825_10073_61418,-100.0,81.41946257001648,148.91753393739702,5dd4b78344333f00067aaf48,1876.0
1574219530816.0,FDA50693-A4E2-4FB1-AFCF-C6EB07647825_10073_61418,-91.0,82.07161094139798,150.3152655448341,5dd4b78344333f00067aaf48,765.0
1574219531229.0,FDA50693-A4E2-4FB1-AFCF-C6EB07647825_10073_61418,-96.0,82.31403873381973,150.83485434219818,5dd4b78344333f00067aaf48,352.0
1574219531544.0,FDA50693-A4E2-4FB1-AFCF-C6EB07647825_10073_61418,-98.0,82.49894128736175,151.2311508825606,5dd4b78344333f00067aaf48,37.0
1574219531825.0,FDA50693-A4E2-4FB1-AFCF-C6EB07647825_10073_61418,-85.0,82.66761997570163,151.58069161705748,5dd4b78344333f00067aaf48,244.0
1574219532063.0,FDA50693-A4E2-4FB1-AFCF-C6EB07647825_10073_61418,-96.0,82.81096618150893,151.87623262058074,5dd4b78344333f00067aaf48,482.0
1574219532272.0,FDA50693-A4E2-4FB1-AFCF-C6EB07647825_10073_61418,-96.0,82.93684583282712,152.1357623253554,5dd4b78344333f00067aaf48,691.0
1574219533320.0,FDA50693-A4E2-4FB1-AFCF-C6EB07647825_10073_61418,-92.0,83.5680509743652,153.43713615599563,5dd4b78344333f00067aaf48,1739.0
1574219534164.0,FDA50693-A4E2-4FB1-AFCF-C6EB07647825_10073_61418,-81.0,84.07638793949702,154.4851891264731,5dd4b78344333f00067aaf48,2583.0
1574219534690.0,FDA50693-A4E2-4FB1-AFCF-C6EB07647825_10073_61418,-79.0,84.39319510023084,155.13835957963798,5dd4b78344333f00067aaf48,3109.0
1574219535195.0,FDA50693-A4E2-4FB1-AFCF-C6EB07647825_10073_61418,-97.0,84.6973540663346,155.76545288543312,5dd4b78344333f00067aaf48,3614.0
1574219535230.0,FDA50693-A4E2-4FB1-AFCF-C6EB07647825_10073_61418,-101.0,84.71843439071802,155.80891479771597,5dd4b78344333f00067aaf48,3649.0
1574219535739.0,FDA50693-A4E2-4FB1-AFCF-C6EB07647825_10073_61418,-85.0,85.02500253675132,156.4409751792006,5dd4b78344333f00067aaf48,4073.0
1574219535998.0,FDA50693-A4E2-4FB1-AFCF-C6EB07647825_10073_61418,-92.0,85.18099693718868,156.76259333009355,5dd4b78344333f00067aaf48,3814.0
1574219536787.0,FDA50693-A4E2-4FB1-AFCF-C6EB07647825_10073_61418,-94.0,85.65620767828939,157.74234900984086,5dd4b78344333f00067aaf48,3025.0
1574219537445.0,FDA50693-A4E2-4FB1-AFCF-C6EB07647825_10073_61418,-96.0,86.05251777669785,158.55943296075813,5dd4b78344333f00067aaf48,2367.0
1574219537525.0,FDA50693-A4E2-4FB1-AFCF-C6EB07647825_10073_61418,-88.0,86.10070137528855,158.65877447454744,5dd4b78344333f00067aaf48,2287.0
1574219537563.0,FDA50693-A4E2-4FB1-AFCF-C6EB07647825_10073_61418,-90.0,86.12358858461913,158.7059616935974,5dd4b78344333f00067aaf48,2249.0
1574219538089.0,FDA50693-A4E2-4FB1-AFCF-C6EB07647825_10073_61418,-85.0,86.44039574535293,159.35913214676225,5dd4b78344333f00067aaf48,1723.0
1574219538901.0,FDA50693-A4E2-4FB1-AFCF-C6EB07647825_10073_61418,-97.0,86.92945927104847,160.36744851172398,5dd4b78344333f00067aaf48,911.0
1574219541717.0,FDA50693-A4E2-4FB1-AFCF-C6EB07647825_10073_61418,-90.0,88.85306899092971,163.5447751133787,5dd4b78344333f00067aaf48,1905.0
1574219542217.0,FDA50693-A4E2-4FB1-AFCF-C6EB07647825_10073_61418,-96.0,89.21394011715797,164.081802702192,5dd4b78344333f00067aaf48,2405.0
1574219542734.0,FDA50693-A4E2-4FB1-AFCF-C6EB07647825_10073_61418,-91.0,89.587080861678,164.63708922902495,5dd4b78344333f00067aaf48,2370.0
1574219544113.0,FDA50693-A4E2-4FB1-AFCF-C6EB07647825_10073_61418,-93.0,90.58236342781558,166.11821131897204,5dd4b78344333f00067aaf48,991.0
1574219544620.0,FDA50693-A4E2-4FB1-AFCF-C6EB07647825_10073_61418,-80.0,90.94828674981105,166.66275729402872,5dd4b78344333f00067aaf48,484.0
1574219959792.0,FDA50693-A4E2-4FB1-AFCF-C6EB07647825_10073_61418,-79.0,90.7993857878261,167.65242774086957,5dd4b79b44333f00067aaf54,393.0
1574219960054.0,FDA50693-A4E2-4FB1-AFCF-C6EB07647825_10073_61418,-81.0,90.46723631304349,167.9656462347826,5dd4b79b44333f00067aaf54,655.0
1574219960316.0,FDA50693-A4E2-4FB1-AFCF-C6EB07647825_10073_61418,-78.0,90.13508683826088,168.27886472869565,5dd4b79b44333f00067aaf54,917.0
1574219960577.0,FDA50693-A4E2-4FB1-AFCF-C6EB07647825_10073_61418,-71.0,89.80420510956522,168.5908877321739,5dd4b79b44333f00067aaf54,1178.0
1574219961227.0,FDA50693-A4E2-4FB1-AFCF-C6EB07647825_10073_61418,-95.0,88.98017015304349,169.3679565147826,5dd4b79b44333f00067aaf54,1828.0
1574219962154.0,FDA50693-A4E2-4FB1-AFCF-C6EB07647825_10073_61418,-82.0,87.80496953043479,170.4761761478261,5dd4b79b44333f00067aaf54,2755.0
1574219967114.0,FDA50693-A4E2-4FB1-AFCF-C6EB07647825_10073_61418,-80.0,81.95468075727884,175.76686363101905,5dd4b79b44333f00067aaf54,1965.0
1574219970352.0,FDA50693-A4E2-4FB1-AFCF-C6EB07647825_10073_61418,-94.0,78.57102967945129,178.58498423012318,5dd4b79b44333f00067aaf54,1941.0
1574219974746.0,FDA50693-A4E2-4FB1-AFCF-C6EB07647825_10073_61418,-96.0,77.26868162003578,178.06529987119856,5dd4b79b44333f00067aaf54,342.0
1574219975203.0,FDA50693-A4E2-4FB1-AFCF-C6EB07647825_10073_61418,-96.0,77.27826669070512,177.68476716346154,5dd4b79b44333f00067aaf54,115.0
1574220046765.0,FDA50693-A4E2-4FB1-AFCF-C6EB07647825_10073_61418,-99.0,46.4380436918138,127.0726494819787,5dd4b79b44333f00067aaf54,3257.0
1574220049796.0,FDA50693-A4E2-4FB1-AFCF-C6EB07647825_10073_61418,-93.0,45.47444841091493,123.82535735736174,5dd4b79b44333f00067aaf54,226.0
1574220050135.0,FDA50693-A4E2-4FB1-AFCF-C6EB07647825_10073_61418,-86.0,45.31345349129594,123.46297035106383,5dd4b79b44333f00067aaf54,113.0
1574220050160.0,FDA50693-A4E2-4FB1-AFCF-C6EB07647825_10073_61418,-83.0,45.29373081237911,123.43636423404256,5dd4b79b44333f00067aaf54,138.0
1574220050864.0,FDA50693-A4E2-4FB1-AFCF-C6EB07647825_10073_61418,-95.0,44.73834017408124,122.6871359787234,5dd4b79b44333f00067aaf54,842.0
1574220051120.0,FDA50693-A4E2-4FB1-AFCF-C6EB07647825_10073_61418,-90.0,44.536379941972925,122.41468934042554,5dd4b79b44333f00067aaf54,1098.0
1574220051391.0,FDA50693-A4E2-4FB1-AFCF-C6EB07647825_10073_61418,-86.0,44.32258610251451,122.12627903191489,5dd4b79b44333f00067aaf54,1369.0
1574220051719.0,FDA50693-A4E2-4FB1-AFCF-C6EB07647825_10073_61418,-78.0,44.06382455512573,121.77720677659575,5dd4b79b44333f00067aaf54,1697.0
1574220051912.0,FDA50693-A4E2-4FB1-AFCF-C6EB07647825_10073_61418,-87.0,43.91156547388781,121.57180755319149,5dd4b79b44333f00067aaf54,1890.0
1574220051996.0,FDA50693-A4E2-4FB1-AFCF-C6EB07647825_10073_61418,-80.0,43.84529727272727,121.482411,5dd4b79b44333f00067aaf54,1974.0
1574220052417.0,FDA50693-A4E2-4FB1-AFCF-C6EB07647825_10073_61418,-99.0,43.51316735976789,121.03436398936171,5dd4b79b44333f00067aaf54,2395.0
1574220052686.0,FDA50693-A4E2-4FB1-AFCF-C6EB07647825_10073_61418,-95.0,43.30095133462282,120.74808217021277,5dd4b79b44333f00067aaf54,2506.0
1574220053023.0,FDA50693-A4E2-4FB1-AFCF-C6EB07647825_10073_61418,-78.0,43.03508962282399,120.38943171276595,5dd4b79b44333f00067aaf54,2169.0
1574220053450.0,FDA50693-A4E2-4FB1-AFCF-C6EB07647825_10073_61418,-87.0,42.698226266924564,119.93499923404255,5dd4b79b44333f00067aaf54,1742.0
1574220053974.0,FDA50693-A4E2-4FB1-AFCF-C6EB07647825_10073_61418,-91.0,42.28483891682786,119.3773350212766,5dd4b79b44333f00067aaf54,1218.0
1574220054057.0,FDA50693-A4E2-4FB1-AFCF-C6EB07647825_10073_61418,-76.0,42.21935962282399,119.28900271276596,5dd4b79b44333f00067aaf54,1135.0
1574220054322.0,FDA50693-A4E2-4FB1-AFCF-C6EB07647825_10073_61418,-82.0,42.01029922630561,119.00697787234043,5dd4b79b44333f00067aaf54,870.0
1574220054758.0,FDA50693-A4E2-4FB1-AFCF-C6EB07647825_10073_61418,-88.0,41.66633570599613,118.54296719148937,5dd4b79b44333f00067aaf54,434.0
1574220055629.0,FDA50693-A4E2-4FB1-AFCF-C6EB07647825_10073_61418,-84.0,40.936285582532754,117.63112041222708,5dd4b79b44333f00067aaf54,437.0
1574220055806.0,FDA50693-A4E2-4FB1-AFCF-C6EB07647825_10073_61418,-92.0,40.779268186899564,117.4488693091703,5dd4b79b44333f00067aaf54,614.0
1574220056326.0,FDA50693-A4E2-4FB1-AFCF-C6EB07647825_10073_61418,-92.0,40.317974143231446,116.913442339738,5dd4b79b44333f00067aaf54,1134.0
1574220056585.0,FDA50693-A4E2-4FB1-AFCF-C6EB07647825_10073_61418,-88.0,40.08821422532751,116.64675852227074,5dd4b79b44333f00067aaf54,1393.0
1574220056844.0,FDA50693-A4E2-4FB1-AFCF-C6EB07647825_10073_61418,-87.0,39.858454307423585,116.38007470480349,5dd4b79b44333f00067aaf54,1652.0
1574220057876.0,FDA50693-A4E2-4FB1-AFCF-C6EB07647825_10073_61418,-88.0,38.94296305152839,115.31745810393014,5dd4b79b44333f00067aaf54,2684.0
1574220058007.0,FDA50693-A4E2-4FB1-AFCF-C6EB07647825_10073_61418,-86.0,38.826752436681225,115.18257169432314,5dd4b79b44333f00067aaf54,2815.0
1574220058143.0,FDA50693-A4E2-4FB1-AFCF-C6EB07647825_10073_61418,-90.0,38.70610630218341,115.04253694847162,5dd4b79b44333f00067aaf54,2774.0
1574220059175.0,FDA50693-A4E2-4FB1-AFCF-C6EB07647825_10073_61418,-92.0,37.79061504628821,113.97992034759825,5dd4b79b44333f00067aaf54,1742.0
1574220059291.0,FDA50693-A4E2-4FB1-AFCF-C6EB07647825_10073_61418,-89.0,37.687710990393015,113.8604789467249,5dd4b79b44333f00067aaf54,1626.0
1574220059440.0,FDA50693-A4E2-4FB1-AFCF-C6EB07647825_10073_61418,-94.0,37.555532504803494,113.70705852663755,5dd4b79b44333f00067aaf54,1477.0
1574220059549.0,FDA50693-A4E2-4FB1-AFCF-C6EB07647825_10073_61418,-91.0,37.45883817641921,113.59482479650654,5dd4b79b44333f00067aaf54,1368.0
1574220059971.0,FDA50693-A4E2-4FB1-AFCF-C6EB07647825_10073_61418,-89.0,37.08448031790393,113.16030521746725,5dd4b79b44333f00067aaf54,946.0
1574220060353.0,FDA50693-A4E2-4FB1-AFCF-C6EB07647825_10073_61418,-94.0,36.74560661659389,112.76697232838428,5dd4b79b44333f00067aaf54,564.0
1574220060499.0,FDA50693-A4E2-4FB1-AFCF-C6EB07647825_10073_61418,-92.0,36.61608944279476,112.61664091004367,5dd4b79b44333f00067aaf54,418.0
1574220060871.0,FDA50693-A4E2-4FB1-AFCF-C6EB07647825_10073_61418,-98.0,36.28608678078603,112.23360469344978,5dd4b79b44333f00067aaf54,46.0
1574220062593.0,FDA50693-A4E2-4FB1-AFCF-C6EB07647825_10073_61418,-93.0,34.88228728821188,110.5068282361087,5dd4b79b44333f00067aaf54,1676.0
1574220064677.0,FDA50693-A4E2-4FB1-AFCF-C6EB07647825_10073_61418,-94.0,33.187492054699675,108.4185859234897,5dd4b79b44333f00067aaf54,2017.0
1574220065043.0,FDA50693-A4E2-4FB1-AFCF-C6EB07647825_10073_61418,-96.0,32.88984567491778,108.05184087242513,5dd4b79b44333f00067aaf54,1651.0
1574220065199.0,FDA50693-A4E2-4FB1-AFCF-C6EB07647825_10073_61418,-95.0,32.76298000484681,107.8955233096763,5dd4b79b44333f00067aaf54,1495.0
1574220065462.0,FDA50693-A4E2-4FB1-AFCF-C6EB07647825_10073_61418,-91.0,32.549097496970745,107.63198793145231,5dd4b79b44333f00067aaf54,1232.0
1574220066780.0,FDA50693-A4E2-4FB1-AFCF-C6EB07647825_10073_61418,-97.0,31.46816633550024,106.3122454231806,5dd4b79b44333f00067aaf54,86.0
1574220098909.0,FDA50693-A4E2-4FB1-AFCF-C6EB07647825_10073_61418,-80.0,42.4526571123872,87.98524548482364,5dd4b7a144333f00067aaf57,90.0
1574220099169.0,FDA50693-A4E2-4FB1-AFCF-C6EB07647825_10073_61418,-78.0,42.3545709926169,87.69878755209189,5dd4b7a144333f00067aaf57,350.0
1574220099196.0,FDA50693-A4E2-4FB1-AFCF-C6EB07647825_10073_61418,-82.0,42.34438512633306,87.66903999753897,5dd4b7a144333f00067aaf57,377.0
1574220099431.0,FDA50693-A4E2-4FB1-AFCF-C6EB07647825_10073_61418,-78.0,42.255730364232974,87.41012609680065,5dd4b7a144333f00067aaf57,612.0
1574220099964.0,FDA50693-A4E2-4FB1-AFCF-C6EB07647825_10073_61418,-83.0,42.054653818703855,86.82288733470058,5dd4b7a144333f00067aaf57,1145.0
1574220101005.0,FDA50693-A4E2-4FB1-AFCF-C6EB07647825_10073_61418,-80.0,41.66193208531583,85.67595384249384,5dd4b7a144333f00067aaf57,252.0
1574220101527.0,FDA50693-A4E2-4FB1-AFCF-C6EB07647825_10073_61418,-80.0,41.342186187500005,85.10506260416666,5dd4b7a144333f00067aaf57,270.0
1574220101908.0,FDA50693-A4E2-4FB1-AFCF-C6EB07647825_10073_61418,-90.0,41.025140829861115,84.69125794560185,5dd4b7a144333f00067aaf57,651.0
1574220102045.0,FDA50693-A4E2-4FB1-AFCF-C6EB07647825_10073_61418,-92.0,40.91113764351852,84.54246204475308,5dd4b7a144333f00067aaf57,788.0
1574220102301.0,FDA50693-A4E2-4FB1-AFCF-C6EB07647825_10073_61418,-85.0,40.69810979166667,84.26442006944444,5dd4b7a144333f00067aaf57,1044.0
1574220102551.0,FDA50693-A4E2-4FB1-AFCF-C6EB07647825_10073_61418,-86.0,40.4900747800926,83.99289470293209,5dd4b7a144333f00067aaf57,1294.0
1574220103599.0,FDA50693-A4E2-4FB1-AFCF-C6EB07647825_10073_61418,-94.0,39.617992011574074,82.85466036651235,5dd4b7a144333f00067aaf57,2342.0
1574220107657.0,FDA50693-A4E2-4FB1-AFCF-C6EB07647825_10073_61418,-84.0,36.50973156713352,78.32313400560224,5dd4b7a144333f00067aaf57,1216.0
1574220109138.0,FDA50693-A4E2-4FB1-AFCF-C6EB07647825_10073_61418,-95.0,35.604423508683475,76.56344050420168,5dd4b7a144333f00067aaf57,2658.0
1574220111717.0,FDA50693-A4E2-4FB1-AFCF-C6EB07647825_10073_61418,-88.0,34.02792824687208,73.49912616246499,5dd4b7a144333f00067aaf57,79.0
1574220112002.0,FDA50693-A4E2-4FB1-AFCF-C6EB07647825_10073_61418,-92.0,33.88359452173913,73.15446347826087,5dd4b7a144333f00067aaf57,206.0
1574220113054.0,FDA50693-A4E2-4FB1-AFCF-C6EB07647825_10073_61418,-90.0,33.393125166737015,71.87369677501056,5dd4b7a144333f00067aaf57,1258.0
1574220113290.0,FDA50693-A4E2-4FB1-AFCF-C6EB07647825_10073_61418,-89.0,33.28309591979738,71.5863764879696,5dd4b7a144333f00067aaf57,1494.0
1574220113550.0,FDA50693-A4E2-4FB1-AFCF-C6EB07647825_10073_61418,-88.0,33.16187725791473,71.2698371886872,5dd4b7a144333f00067aaf57,1754.0
1574220114337.0,FDA50693-A4E2-4FB1-AFCF-C6EB07647825_10073_61418,-93.0,32.7949576929084,70.31169707893626,5dd4b7a144333f00067aaf57,2197.0
1574220114597.0,FDA50693-A4E2-4FB1-AFCF-C6EB07647825_10073_61418,-80.0,32.67373903102575,69.99515777965387,5dd4b7a144333f00067aaf57,1937.0
1574220114719.0,FDA50693-A4E2-4FB1-AFCF-C6EB07647825_10073_61418,-83.0,32.61685950506543,69.8466278007598,5dd4b7a144333f00067aaf57,1815.0
1574220115632.0,FDA50693-A4E2-4FB1-AFCF-C6EB07647825_10073_61418,-88.0,32.19119551160827,68.73508787674123,5dd4b7a144333f00067aaf57,902.0
1574220115640.0,FDA50693-A4E2-4FB1-AFCF-C6EB07647825_10073_61418,-87.0,32.187465706627265,68.72534820599408,5dd4b7a144333f00067aaf57,894.0
1574220117204.0,FDA50693-A4E2-4FB1-AFCF-C6EB07647825_10073_61418,-75.0,32.49032291417166,67.23064718562874,5dd4b7a144333f00067aaf57,670.0
1574220117306.0,FDA50693-A4E2-4FB1-AFCF-C6EB07647825_10073_61418,-82.0,32.59988353692615,67.1687936526946,5dd4b7a144333f00067aaf57,772.0
1574220118242.0,FDA50693-A4E2-4FB1-AFCF-C6EB07647825_10073_61418,-91.0,33.60526336926148,66.60119652694611,5dd4b7a144333f00067aaf57,797.0
1574221584580.0,FDA50693-A4E2-4FB1-AFCF-C6EB07647825_10073_61418,-83.0,157.89451781307721,123.07009023457702,5dd4b7d227889b0006b7771a,808.0
1574221584840.0,FDA50693-A4E2-4FB1-AFCF-C6EB07647825_10073_61418,-88.0,158.03014186183967,123.09539365164389,5dd4b7d227889b0006b7771a,1068.0
1574221584873.0,FDA50693-A4E2-4FB1-AFCF-C6EB07647825_10073_61418,-96.0,158.04735568341337,123.09860523919468,5dd4b7d227889b0006b7771a,1101.0
1574221584936.0,FDA50693-A4E2-4FB1-AFCF-C6EB07647825_10073_61418,-98.0,158.08021843369042,123.10473645179165,5dd4b7d227889b0006b7771a,1164.0
1574221585541.0,FDA50693-A4E2-4FB1-AFCF-C6EB07647825_10073_61418,-83.0,158.39580516254156,123.16361555688955,5dd4b7d227889b0006b7771a,1769.0
1574221586327.0,FDA50693-A4E2-4FB1-AFCF-C6EB07647825_10073_61418,-73.0,158.80580709456962,123.24010973309937,5dd4b7d227889b0006b7771a,2555.0
1574221586485.0,FDA50693-A4E2-4FB1-AFCF-C6EB07647825_10073_61418,-91.0,158.88822478574068,123.25548642500924,5dd4b7d227889b0006b7771a,2701.0
1574221586828.0,FDA50693-A4E2-4FB1-AFCF-C6EB07647825_10073_61418,-98.0,159.06714420391577,123.28886747137052,5dd4b7d227889b0006b7771a,2358.0
1574221587342.0,FDA50693-A4E2-4FB1-AFCF-C6EB07647825_10073_61418,-90.0,159.33526251570004,123.33889038049502,5dd4b7d227889b0006b7771a,1844.0
1574221587590.0,FDA50693-A4E2-4FB1-AFCF-C6EB07647825_10073_61418,-96.0,159.46462699298115,123.3630259475434,5dd4b7d227889b0006b7771a,1596.0
1574221587641.0,FDA50693-A4E2-4FB1-AFCF-C6EB07647825_10073_61418,-87.0,159.49123017177686,123.3679893101219,5dd4b7d227889b0006b7771a,1545.0
1574221591547.0,FDA50693-A4E2-4FB1-AFCF-C6EB07647825_10073_61418,-85.0,159.21243815519765,123.31597500488043,5dd4b7d227889b0006b7771a,2361.0
1574221593379.0,FDA50693-A4E2-4FB1-AFCF-C6EB07647825_10073_61418,-82.0,158.37076424597365,123.15894366601594,5dd4b7d227889b0006b7771a,1954.0
1574221594435.0,FDA50693-A4E2-4FB1-AFCF-C6EB07647825_10073_61418,-76.0,157.88560723279647,123.06842778509842,5dd4b7d227889b0006b7771a,898.0
1574221595044.0,FDA50693-A4E2-4FB1-AFCF-C6EB07647825_10073_61418,-95.0,157.60581497803807,123.01622686513747,5dd4b7d227889b0006b7771a,289.0
1574221596813.0,FDA50693-A4E2-4FB1-AFCF-C6EB07647825_10073_61418,-93.0,158.85588470855987,124.30234221709445,5dd4b7d227889b0006b7771a,1480.0
1574221596820.0,FDA50693-A4E2-4FB1-AFCF-C6EB07647825_10073_61418,-93.0,158.86242519028954,124.30854235933747,5dd4b7d227889b0006b7771a,1487.0
1574221597261.0,FDA50693-A4E2-4FB1-AFCF-C6EB07647825_10073_61418,-88.0,159.27447553925907,124.69915132064737,5dd4b7d227889b0006b7771a,1928.0
1574221600410.0,FDA50693-A4E2-4FB1-AFCF-C6EB07647825_10073_61418,-98.0,162.21675796308003,127.48832959539766,5dd4b7d227889b0006b7771a,2832.0
1574221601422.0,FDA50693-A4E2-4FB1-AFCF-C6EB07647825_10073_61418,-94.0,163.16232475028448,128.3846930168163,5dd4b7d227889b0006b7771a,1820.0
1574221602101.0,FDA50693-A4E2-4FB1-AFCF-C6EB07647825_10073_61418,-96.0,163.79675147806296,128.98610681438868,5dd4b7d227889b0006b7771a,1141.0
1574221602307.0,FDA50693-A4E2-4FB1-AFCF-C6EB07647825_10073_61418,-90.0,163.98922851182198,129.16856814325453,5dd4b7d227889b0006b7771a,935.0
1574221602819.0,FDA50693-A4E2-4FB1-AFCF-C6EB07647825_10073_61418,-94.0,164.46761803262106,129.6220642616007,5dd4b7d227889b0006b7771a,423.0
1574221603074.0,FDA50693-A4E2-4FB1-AFCF-C6EB07647825_10073_61418,-84.0,164.70587843848782,129.84792658616766,5dd4b7d227889b0006b7771a,168.0
1574221608739.0,FDA50693-A4E2-4FB1-AFCF-C6EB07647825_10073_61418,-100.0,170.11823641427134,136.38293360921597,5dd4b7d227889b0006b7771a,171.0
1574221609604.0,FDA50693-A4E2-4FB1-AFCF-C6EB07647825_10073_61418,-97.0,170.82094225254446,137.2557419248406,5dd4b7d227889b0006b7771a,1036.0
1574221615266.0,FDA50693-A4E2-4FB1-AFCF-C6EB07647825_10073_61418,-96.0,175.42061908063977,142.9688525411028,5dd4b7d227889b0006b7771a,2243.0
1574221615603.0,FDA50693-A4E2-4FB1-AFCF-C6EB07647825_10073_61418,-95.0,175.6943900257242,143.30889462476233,5dd4b7d227889b0006b7771a,1906.0
1574221615811.0,FDA50693-A4E2-4FB1-AFCF-C6EB07647825_10073_61418,-96.0,175.8633643775864,143.51877223129404,5dd4b7d227889b0006b7771a,1698.0
1574221493063.0,FDA50693-A4E2-4FB1-AFCF-C6EB07647825_10073_61418,-95.0,176.4589974485723,146.074408435677,5dd4b7d644333f00067aaf5f,873.0
1574221493334.0,FDA50693-A4E2-4FB1-AFCF-C6EB07647825_10073_61418,-87.0,176.20086682836967,145.7442597942892,5dd4b7d644333f00067aaf5f,1144.0
1574221493609.0,FDA50693-A4E2-4FB1-AFCF-C6EB07647825_10073_61418,-101.0,175.93892616211238,145.40923811022412,5dd4b7d644333f00067aaf5f,1419.0
1574221493770.0,FDA50693-A4E2-4FB1-AFCF-C6EB07647825_10073_61418,-99.0,175.78557180841264,145.21309814246237,5dd4b7d644333f00067aaf5f,1580.0
1574221493964.0,FDA50693-A4E2-4FB1-AFCF-C6EB07647825_10073_61418,-100.0,175.60078457476206,144.97675557261283,5dd4b7d644333f00067aaf5f,1774.0
1574221494395.0,FDA50693-A4E2-4FB1-AFCF-C6EB07647825_10073_61418,-93.0,175.19025211237334,144.45168522413263,5dd4b7d644333f00067aaf5f,2205.0
1574221494643.0,FDA50693-A4E2-4FB1-AFCF-C6EB07647825_10073_61418,-92.0,174.95402925698494,144.1495565781394,5dd4b7d644333f00067aaf5f,2453.0
1574221496216.0,FDA50693-A4E2-4FB1-AFCF-C6EB07647825_10073_61418,-103.0,173.45572864599325,142.23323254528708,5dd4b7d644333f00067aaf5f,2488.0
1574221498037.0,FDA50693-A4E2-4FB1-AFCF-C6EB07647825_10073_61418,-87.0,171.72120517961315,140.0147798664415,5dd4b7d644333f00067aaf5f,667.0
1574221499674.0,FDA50693-A4E2-4FB1-AFCF-C6EB07647825_10073_61418,-99.0,170.1819715826087,138.13766801739132,5dd4b7d644333f00067aaf5f,970.0
1574221500656.0,FDA50693-A4E2-4FB1-AFCF-C6EB07647825_10073_61418,-88.0,169.26688079304347,137.05996656695652,5dd4b7d644333f00067aaf5f,1952.0
1574221502663.0,FDA50693-A4E2-4FB1-AFCF-C6EB07647825_10073_61418,-89.0,167.39662904695652,134.85737307304348,5dd4b7d644333f00067aaf5f,1791.0
1574221502927.0,FDA50693-A4E2-4FB1-AFCF-C6EB07647825_10073_61418,-90.0,167.15061685913042,134.56764478086956,5dd4b7d644333f00067aaf5f,1527.0
1574221503195.0,FDA50693-A4E2-4FB1-AFCF-C6EB07647825_10073_61418,-97.0,166.90087721391302,134.27352666608695,5dd4b7d644333f00067aaf5f,1259.0
1574221503274.0,FDA50693-A4E2-4FB1-AFCF-C6EB07647825_10073_61418,-100.0,166.82725993043476,134.18682766956522,5dd4b7d644333f00067aaf5f,1180.0
1574221503451.0,FDA50693-A4E2-4FB1-AFCF-C6EB07647825_10073_61418,-95.0,166.66231994086957,133.99257801913043,5dd4b7d644333f00067aaf5f,1003.0
1574221503571.0,FDA50693-A4E2-4FB1-AFCF-C6EB07647825_10073_61418,-99.0,166.55049621913042,133.86088334086958,5dd4b7d644333f00067aaf5f,883.0
1574221503710.0,FDA50693-A4E2-4FB1-AFCF-C6EB07647825_10073_61418,-89.0,166.4209670747826,133.7083370052174,5dd4b7d644333f00067aaf5f,744.0
1574221503827.0,FDA50693-A4E2-4FB1-AFCF-C6EB07647825_10073_61418,-96.0,166.31193894608694,133.57993469391303,5dd4b7d644333f00067aaf5f,627.0
1574221504094.0,FDA50693-A4E2-4FB1-AFCF-C6EB07647825_10073_61418,-97.0,166.06313116521738,133.2869140347826,5dd4b7d644333f00067aaf5f,360.0
1574221504384.0,FDA50693-A4E2-4FB1-AFCF-C6EB07647825_10073_61418,-91.0,165.7928905043478,132.9686518956522,5dd4b7d644333f00067aaf5f,70.0
1574221504580.0,FDA50693-A4E2-4FB1-AFCF-C6EB07647825_10073_61418,-94.0,165.61066538582676,132.75150972440946,5dd4b7d644333f00067aaf5f,126.0
1574221504615.0,FDA50693-A4E2-4FB1-AFCF-C6EB07647825_10073_61418,-90.0,165.57816688188976,132.71253187007875,5dd4b7d644333f00067aaf5f,161.0
1574221504756.0,FDA50693-A4E2-4FB1-AFCF-C6EB07647825_10073_61418,-96.0,165.44724433745782,132.55550679977503,5dd4b7d644333f00067aaf5f,302.0
1574221504844.0,FDA50693-A4E2-4FB1-AFCF-C6EB07647825_10073_61418,-92.0,165.36553381327332,132.4575053374578,5dd4b7d644333f00067aaf5f,390.0
1574221504848.0,FDA50693-A4E2-4FB1-AFCF-C6EB07647825_10073_61418,-95.0,165.36181969853766,132.4530507255343,5dd4b7d644333f00067aaf5f,394.0
1574221504925.0,FDA50693-A4E2-4FB1-AFCF-C6EB07647825_10073_61418,-101.0,165.29032298987624,132.36729944600674,5dd4b7d644333f00067aaf5f,471.0
1574221505023.0,FDA50693-A4E2-4FB1-AFCF-C6EB07647825_10073_61418,-96.0,165.19932717885263,132.25816145388077,5dd4b7d644333f00067aaf5f,569.0
1574221505123.0,FDA50693-A4E2-4FB1-AFCF-C6EB07647825_10073_61418,-90.0,165.10647431046118,132.14679615579303,5dd4b7d644333f00067aaf5f,669.0
1574221505290.0,FDA50693-A4E2-4FB1-AFCF-C6EB07647825_10073_61418,-94.0,164.95141002024747,131.9608161079865,5dd4b7d644333f00067aaf5f,836.0
1574221505639.0,FDA50693-A4E2-4FB1-AFCF-C6EB07647825_10073_61418,-91.0,164.6273535095613,131.5721512176603,5dd4b7d644333f00067aaf5f,1185.0
1574221505642.0,FDA50693-A4E2-4FB1-AFCF-C6EB07647825_10073_61418,-85.0,164.62456792350955,131.56881025871766,5dd4b7d644333f00067aaf5f,1188.0
1574221505799.0,FDA50693-A4E2-4FB1-AFCF-C6EB07647825_10073_61418,-95.0,164.47878892013497,131.39396674071992,5dd4b7d644333f00067aaf5f,1345.0
1574221505887.0,FDA50693-A4E2-4FB1-AFCF-C6EB07647825_10073_61418,-93.0,164.3970783959505,131.2959652784027,5dd4b7d644333f00067aaf5f,1433.0
1574221506260.0,FDA50693-A4E2-4FB1-AFCF-C6EB07647825_10073_61418,-96.0,164.05073719685038,130.88057271653543,5dd4b7d644333f00067aaf5f,1806.0
1574221506669.0,FDA50693-A4E2-4FB1-AFCF-C6EB07647825_10073_61418,-79.0,163.67096896512936,130.42508864735657,5dd4b7d644333f00067aaf5f,2215.0
1574221507049.0,FDA50693-A4E2-4FB1-AFCF-C6EB07647825_10073_61418,-93.0,163.31812806524184,130.00190051462317,5dd4b7d644333f00067aaf5f,2595.0
1574221507111.0,FDA50693-A4E2-4FB1-AFCF-C6EB07647825_10073_61418,-90.0,163.26055928683914,129.93285402980877,5dd4b7d644333f00067aaf5f,2657.0
1574221507207.0,FDA50693-A4E2-4FB1-AFCF-C6EB07647825_10073_61418,-100.0,163.17142053318335,129.82594334364455,5dd4b7d644333f00067aaf5f,2753.0
1574221507370.0,FDA50693-A4E2-4FB1-AFCF-C6EB07647825_10073_61418,-77.0,163.02007035770526,129.64441790776152,5dd4b7d644333f00067aaf5f,2916.0
1574221507495.0,FDA50693-A4E2-4FB1-AFCF-C6EB07647825_10073_61418,-91.0,162.90400427221596,129.50521128515186,5dd4b7d644333f00067aaf5f,3041.0
1574221507635.0,FDA50693-A4E2-4FB1-AFCF-C6EB07647825_10073_61418,-88.0,162.77401025646793,129.34929986782902,5dd4b7d644333f00067aaf5f,3181.0
1574221507719.0,FDA50693-A4E2-4FB1-AFCF-C6EB07647825_10073_61418,-96.0,162.69601384701912,129.25575301743532,5dd4b7d644333f00067aaf5f,3265.0
1574221507726.0,FDA50693-A4E2-4FB1-AFCF-C6EB07647825_10073_61418,-88.0,162.68951414623172,129.2479574465692,5dd4b7d644333f00067aaf5f,3272.0
1574221507981.0,FDA50693-A4E2-4FB1-AFCF-C6EB07647825_10073_61418,-88.0,162.4527393318335,128.96397593644545,5dd4b7d644333f00067aaf5f,3527.0
1574221508162.0,FDA50693-A4E2-4FB1-AFCF-C6EB07647825_10073_61418,-89.0,162.28467564004498,128.76240474690664,5dd4b7d644333f00067aaf5f,3708.0
1574221508281.0,FDA50693-A4E2-4FB1-AFCF-C6EB07647825_10073_61418,-95.0,162.17418072665916,128.62988004218224,5dd4b7d644333f00067aaf5f,3827.0
1574221508682.0,FDA50693-A4E2-4FB1-AFCF-C6EB07647825_10073_61418,-80.0,161.80184072440943,128.1833051968504,5dd4b7d644333f00067aaf5f,4228.0
1574221508943.0,FDA50693-A4E2-4FB1-AFCF-C6EB07647825_10073_61418,-89.0,161.55949473790776,127.8926417688414,5dd4b7d644333f00067aaf5f,4401.0
1574221509015.0,FDA50693-A4E2-4FB1-AFCF-C6EB07647825_10073_61418,-90.0,161.4926406726659,127.81245875421823,5dd4b7d644333f00067aaf5f,4329.0
1574221509324.0,FDA50693-A4E2-4FB1-AFCF-C6EB07647825_10073_61418,-99.0,161.20572530933632,127.46833998312711,5dd4b7d644333f00067aaf5f,4020.0
1574221509462.0,FDA50693-A4E2-4FB1-AFCF-C6EB07647825_10073_61418,-90.0,161.07758835095612,127.31465587176604,5dd4b7d644333f00067aaf5f,3882.0
1574221509532.0,FDA50693-A4E2-4FB1-AFCF-C6EB07647825_10073_61418,-93.0,161.0125913430821,127.23670016310462,5dd4b7d644333f00067aaf5f,3812.0
1574221509562.0,FDA50693-A4E2-4FB1-AFCF-C6EB07647825_10073_61418,-73.0,160.98473548256467,127.20329057367829,5dd4b7d644333f00067aaf5f,3782.0
1574221509591.0,FDA50693-A4E2-4FB1-AFCF-C6EB07647825_10073_61418,-97.0,160.95780815073115,127.17099463723285,5dd4b7d644333f00067aaf5f,3753.0
1574221509798.0,FDA50693-A4E2-4FB1-AFCF-C6EB07647825_10073_61418,-90.0,160.76560271316086,126.94046847019122,5dd4b7d644333f00067aaf5f,3546.0
1574221509824.0,FDA50693-A4E2-4FB1-AFCF-C6EB07647825_10073_61418,-74.0,160.74146096737908,126.91151349268841,5dd4b7d644333f00067aaf5f,3520.0
1574221509979.0,FDA50693-A4E2-4FB1-AFCF-C6EB07647825_10073_61418,-86.0,160.5975390213723,126.73889728065242,5dd4b7d644333f00067aaf5f,3365.0
1574221509983.0,FDA50693-A4E2-4FB1-AFCF-C6EB07647825_10073_61418,-100.0,160.59382490663666,126.7344426687289,5dd4b7d644333f00067aaf5f,3361.0
1574221510108.0,FDA50693-A4E2-4FB1-AFCF-C6EB07647825_10073_61418,-97.0,160.47775882114735,126.59523604611924,5dd4b7d644333f00067aaf5f,3236.0
1574221510617.0,FDA50693-A4E2-4FB1-AFCF-C6EB07647825_10073_61418,-74.0,160.00513772103486,126.02838667885264,5dd4b7d644333f00067aaf5f,2727.0
1574221511648.0,FDA50693-A4E2-4FB1-AFCF-C6EB07647825_10073_61418,-77.0,159.04782464791901,124.88021045556806,5dd4b7d644333f00067aaf5f,1696.0
1574221512074.0,FDA50693-A4E2-4FB1-AFCF-C6EB07647825_10073_61418,-83.0,158.65227142857142,124.40579428571428,5dd4b7d644333f00067aaf5f,1270.0
1574221512177.0,FDA50693-A4E2-4FB1-AFCF-C6EB07647825_10073_61418,-79.0,158.55663297412823,124.29108802868392,5dd4b7d644333f00067aaf5f,1167.0
1574221513486.0,FDA50693-A4E2-4FB1-AFCF-C6EB07647825_10073_61418,-74.0,157.3855580139732,122.81278717157257,5dd4b7d644333f00067aaf5f,142.0
1574221513786.0,FDA50693-A4E2-4FB1-AFCF-C6EB07647825_10073_61418,-95.0,157.2007369167335,122.43531992841599,5dd4b7d644333f00067aaf5f,442.0
1574221514023.0,FDA50693-A4E2-4FB1-AFCF-C6EB07647825_10073_61418,-85.0,157.0547282499141,122.1371208063223,5dd4b7d644333f00067aaf5f,679.0
1574221514831.0,FDA50693-A4E2-4FB1-AFCF-C6EB07647825_10073_61418,-79.0,156.55694342801513,121.12047569808728,5dd4b7d644333f00067aaf5f,1487.0
1574221515326.0,FDA50693-A4E2-4FB1-AFCF-C6EB07647825_10073_61418,-91.0,156.25198861756957,120.49765474687894,5dd4b7d644333f00067aaf5f,1982.0
1574221517308.0,FDA50693-A4E2-4FB1-AFCF-C6EB07647825_10073_61418,-86.0,155.03093723513916,118.00385449375787,5dd4b7d644333f00067aaf5f,3964.0
1574221517603.0,FDA50693-A4E2-4FB1-AFCF-C6EB07647825_10073_61418,-86.0,154.8491964895201,117.63267837132058,5dd4b7d644333f00067aaf5f,4259.0
1574221518087.0,FDA50693-A4E2-4FB1-AFCF-C6EB07647825_10073_61418,-93.0,154.55101845264002,117.02369788569465,5dd4b7d644333f00067aaf5f,3988.0
1574221518712.0,FDA50693-A4E2-4FB1-AFCF-C6EB07647825_10073_61418,-94.0,154.16597450005727,116.23730779578513,5dd4b7d644333f00067aaf5f,3363.0
1574221519650.0,FDA50693-A4E2-4FB1-AFCF-C6EB07647825_10073_61418,-89.0,153.58810053602107,115.05709354884893,5dd4b7d644333f00067aaf5f,2425.0
1574221520171.0,FDA50693-A4E2-4FB1-AFCF-C6EB07647825_10073_61418,-88.0,153.2671278971481,114.40155876990035,5dd4b7d644333f00067aaf5f,1904.0
1574221520226.0,FDA50693-A4E2-4FB1-AFCF-C6EB07647825_10073_61418,-93.0,153.23324402932082,114.33235644198831,5dd4b7d644333f00067aaf5f,1849.0
1574221522170.0,FDA50693-A4E2-4FB1-AFCF-C6EB07647825_10073_61418,-98.0,152.01466085632276,112.06331144952958,5dd4b7d644333f00067aaf5f,95.0
1574221522329.0,FDA50693-A4E2-4FB1-AFCF-C6EB07647825_10073_61418,-98.0,151.8816546053261,112.15940008611067,5dd4b7d644333f00067aaf5f,254.0
1574221522361.0,FDA50693-A4E2-4FB1-AFCF-C6EB07647825_10073_61418,-80.0,151.8548860516664,112.17873867963642,5dd4b7d644333f00067aaf5f,286.0
1574221525540.0,FDA50693-A4E2-4FB1-AFCF-C6EB07647825_10073_61418,-93.0,149.19559754903526,114.09990708021049,5dd4b7d644333f00067aaf5f,2806.0
1574221525649.0,FDA50693-A4E2-4FB1-AFCF-C6EB07647825_10073_61418,-89.0,149.10441716313187,114.16577916440758,5dd4b7d644333f00067aaf5f,2697.0
1574221525745.0,FDA50693-A4E2-4FB1-AFCF-C6EB07647825_10073_61418,-78.0,149.02411150215278,114.22379494498485,5dd4b7d644333f00067aaf5f,2601.0
1574221526247.0,FDA50693-A4E2-4FB1-AFCF-C6EB07647825_10073_61418,-96.0,148.60417981661618,114.5271691309201,5dd4b7d644333f00067aaf5f,2099.0
1574221526524.0,FDA50693-A4E2-4FB1-AFCF-C6EB07647825_10073_61418,-86.0,148.37246452399935,114.69456883112741,5dd4b7d644333f00067aaf5f,1822.0
1574221527131.0,FDA50693-A4E2-4FB1-AFCF-C6EB07647825_10073_61418,-94.0,147.86469852176685,115.06139777706905,5dd4b7d644333f00067aaf5f,1215.0
1574221529996.0,FDA50693-A4E2-4FB1-AFCF-C6EB07647825_10073_61418,-94.0,148.21638559772296,116.97088998102467,5dd4b7d644333f00067aaf5f,1650.0
1574221530017.0,FDA50693-A4E2-4FB1-AFCF-C6EB07647825_10073_61418,-80.0,148.23379721442126,116.98584745351043,5dd4b7d644333f00067aaf5f,1671.0
1574221532784.0,FDA50693-A4E2-4FB1-AFCF-C6EB07647825_10073_61418,-81.0,150.5279849955724,118.95667251865908,5dd4b7d644333f00067aaf5f,3467.0
1574221533149.0,FDA50693-A4E2-4FB1-AFCF-C6EB07647825_10073_61418,-87.0,150.83061547628083,119.21664763567362,5dd4b7d644333f00067aaf5f,3102.0
1574221534444.0,FDA50693-A4E2-4FB1-AFCF-C6EB07647825_10073_61418,-90.0,151.90433183934218,120.13902510562934,5dd4b7d644333f00067aaf5f,1807.0
1574221535197.0,FDA50693-A4E2-4FB1-AFCF-C6EB07647825_10073_61418,-90.0,152.52866266666666,120.67535733333334,5dd4b7d644333f00067aaf5f,1054.0
1574221535484.0,FDA50693-A4E2-4FB1-AFCF-C6EB07647825_10073_61418,-89.0,152.76662142821,120.87977612397216,5dd4b7d644333f00067aaf5f,767.0
1574221535919.0,FDA50693-A4E2-4FB1-AFCF-C6EB07647825_10073_61418,-95.0,153.12729063124604,121.18960948260595,5dd4b7d644333f00067aaf5f,332.0
1574221536846.0,FDA50693-A4E2-4FB1-AFCF-C6EB07647825_10073_61418,-93.0,153.52776191532257,122.07279141801075,5dd4b7d644333f00067aaf5f,595.0
1574221538913.0,FDA50693-A4E2-4FB1-AFCF-C6EB07647825_10073_61418,-87.0,153.96270705645162,124.31943427688172,5dd4b7d644333f00067aaf5f,1802.0
1574221539293.0,FDA50693-A4E2-4FB1-AFCF-C6EB07647825_10073_61418,-87.0,154.0426679435484,124.73246005645161,5dd4b7d644333f00067aaf5f,1422.0
1574221539804.0,FDA50693-A4E2-4FB1-AFCF-C6EB07647825_10073_61418,-86.0,154.15019429435483,125.2878710389785,5dd4b7d644333f00067aaf5f,911.0
1574221540442.0,FDA50693-A4E2-4FB1-AFCF-C6EB07647825_10073_61418,-88.0,154.28444441532258,125.98131958467742,5dd4b7d644333f00067aaf5f,273.0
1574221541118.0,FDA50693-A4E2-4FB1-AFCF-C6EB07647825_10073_61418,-98.0,154.5971192576861,126.01014628863268,5dd4b7d644333f00067aaf5f,403.0
1574221541843.0,FDA50693-A4E2-4FB1-AFCF-C6EB07647825_10073_61418,-96.0,155.056278592233,125.52819271359223,5dd4b7d644333f00067aaf5f,1128.0
1574221541863.0,FDA50693-A4E2-4FB1-AFCF-C6EB07647825_10073_61418,-81.0,155.0689450566343,125.51489744255663,5dd4b7d644333f00067aaf5f,1148.0
1574221547103.0,FDA50693-A4E2-4FB1-AFCF-C6EB07647825_10073_61418,-87.0,156.38234170347002,122.57200769994434,5dd4b7d644333f00067aaf5f,1444.0
1574221547189.0,FDA50693-A4E2-4FB1-AFCF-C6EB07647825_10073_61418,-74.0,156.31738321766562,122.54702676656152,5dd4b7d644333f00067aaf5f,1530.0
1574221547285.0,FDA50693-A4E2-4FB1-AFCF-C6EB07647825_10073_61418,-91.0,156.24487141955836,122.51914107348303,5dd4b7d644333f00067aaf5f,1626.0
1574221547603.0,FDA50693-A4E2-4FB1-AFCF-C6EB07647825_10073_61418,-90.0,156.00467608832807,122.42676971516052,5dd4b7d644333f00067aaf5f,1944.0
1574221548629.0,FDA50693-A4E2-4FB1-AFCF-C6EB07647825_10073_61418,-99.0,155.22970624605676,122.12874137038412,5dd4b7d644333f00067aaf5f,2419.0
1574221552208.0,FDA50693-A4E2-4FB1-AFCF-C6EB07647825_10073_61418,-87.0,153.75009176828237,120.32319564938355,5dd4b7d644333f00067aaf5f,1160.0
1574221552985.0,FDA50693-A4E2-4FB1-AFCF-C6EB07647825_10073_61418,-83.0,153.98287813376118,119.58445328694478,5dd4b7d644333f00067aaf5f,1937.0
1574221553186.0,FDA50693-A4E2-4FB1-AFCF-C6EB07647825_10073_61418,-89.0,154.04309700050666,119.39335005032933,5dd4b7d644333f00067aaf5f,2138.0
1574221554118.0,FDA50693-A4E2-4FB1-AFCF-C6EB07647825_10073_61418,-94.0,154.32232080054044,118.50723952035129,5dd4b7d644333f00067aaf5f,2851.0
1574221554436.0,FDA50693-A4E2-4FB1-AFCF-C6EB07647825_10073_61418,-97.0,154.41759244046614,118.20489708630299,5dd4b7d644333f00067aaf5f,2533.0
1574221555428.0,FDA50693-A4E2-4FB1-AFCF-C6EB07647825_10073_61418,-90.0,154.71479202161797,117.26174081405168,5dd4b7d644333f00067aaf5f,1541.0
1574221556222.0,FDA50693-A4E2-4FB1-AFCF-C6EB07647825_10073_61418,-93.0,154.9526715250802,116.50683549130214,5dd4b7d644333f00067aaf5f,747.0
1574221556486.0,FDA50693-A4E2-4FB1-AFCF-C6EB07647825_10073_61418,-89.0,155.03176496199967,116.25583422529978,5dd4b7d644333f00067aaf5f,483.0
1574221556748.0,FDA50693-A4E2-4FB1-AFCF-C6EB07647825_10073_61418,-96.0,155.11025920621515,116.00673448403985,5dd4b7d644333f00067aaf5f,221.0
1574221556838.0,FDA50693-A4E2-4FB1-AFCF-C6EB07647825_10073_61418,-99.0,155.13722287789224,115.92116587062996,5dd4b7d644333f00067aaf5f,131.0
1574221557122.0,FDA50693-A4E2-4FB1-AFCF-C6EB07647825_10073_61418,-94.0,155.06037181677019,115.85977411490683,5dd4b7d644333f00067aaf5f,153.0
1574221558369.0,FDA50693-A4E2-4FB1-AFCF-C6EB07647825_10073_61418,-77.0,154.11413368286443,116.37453339130435,5dd4b7d644333f00067aaf5f,1400.0
1574221558585.0,FDA50693-A4E2-4FB1-AFCF-C6EB07647825_10073_61418,-89.0,153.95023036536352,116.46369778881987,5dd4b7d644333f00067aaf5f,1616.0
1574221559892.0,FDA50693-A4E2-4FB1-AFCF-C6EB07647825_10073_61418,-82.0,152.958463532152,117.00322495341615,5dd4b7d644333f00067aaf5f,2923.0
1574221560715.0,FDA50693-A4E2-4FB1-AFCF-C6EB07647825_10073_61418,-79.0,152.3339615400073,117.34295781987578,5dd4b7d644333f00067aaf5f,3746.0
1574221563549.0,FDA50693-A4E2-4FB1-AFCF-C6EB07647825_10073_61418,-86.0,150.1834893094629,118.51282773913043,5dd4b7d644333f00067aaf5f,4368.0
1574221564352.0,FDA50693-A4E2-4FB1-AFCF-C6EB07647825_10073_61418,-89.0,149.57416355042017,118.84430464285714,5dd4b7d644333f00067aaf5f,3565.0
1574221564394.0,FDA50693-A4E2-4FB1-AFCF-C6EB07647825_10073_61418,-98.0,149.5422934609061,118.86164216459628,5dd4b7d644333f00067aaf5f,3523.0
1574221564598.0,FDA50693-A4E2-4FB1-AFCF-C6EB07647825_10073_61418,-82.0,149.38749588326635,118.94585298447204,5dd4b7d644333f00067aaf5f,3319.0
1574221564739.0,FDA50693-A4E2-4FB1-AFCF-C6EB07647825_10073_61418,-98.0,149.2805034398977,119.00405752173913,5dd4b7d644333f00067aaf5f,3178.0
1574221565001.0,FDA50693-A4E2-4FB1-AFCF-C6EB07647825_10073_61418,-100.0,149.08169478626232,119.11221063354037,5dd4b7d644333f00067aaf5f,2916.0
1574221565117.0,FDA50693-A4E2-4FB1-AFCF-C6EB07647825_10073_61418,-86.0,148.9936726342711,119.1600952173913,5dd4b7d644333f00067aaf5f,2800.0
1574221565264.0,FDA50693-A4E2-4FB1-AFCF-C6EB07647825_10073_61418,-92.0,148.88212732097188,119.22077654347825,5dd4b7d644333f00067aaf5f,2653.0
1574221565380.0,FDA50693-A4E2-4FB1-AFCF-C6EB07647825_10073_61418,-91.0,148.79410516898062,119.26866112732918,5dd4b7d644333f00067aaf5f,2537.0
1574221565537.0,FDA50693-A4E2-4FB1-AFCF-C6EB07647825_10073_61418,-92.0,148.67497173913043,119.3334704347826,5dd4b7d644333f00067aaf5f,2380.0
1574221565794.0,FDA50693-A4E2-4FB1-AFCF-C6EB07647825_10073_61418,-92.0,148.47995714377055,119.43955955590062,5dd4b7d644333f00067aaf5f,2123.0
1574221565905.0,FDA50693-A4E2-4FB1-AFCF-C6EB07647825_10073_61418,-89.0,148.3957290500548,119.48538014906832,5dd4b7d644333f00067aaf5f,2012.0
1574221565963.0,FDA50693-A4E2-4FB1-AFCF-C6EB07647825_10073_61418,-94.0,148.3517179740592,119.50932244099378,5dd4b7d644333f00067aaf5f,1954.0
1574221566189.0,FDA50693-A4E2-4FB1-AFCF-C6EB07647825_10073_61418,-87.0,148.1802265400073,119.60261481987577,5dd4b7d644333f00067aaf5f,1728.0
1574221566195.0,FDA50693-A4E2-4FB1-AFCF-C6EB07647825_10073_61418,-93.0,148.17567367007672,119.60509160869564,5dd4b7d644333f00067aaf5f,1722.0
1574221566313.0,FDA50693-A4E2-4FB1-AFCF-C6EB07647825_10073_61418,-92.0,148.0861338947753,119.65380178881988,5dd4b7d644333f00067aaf5f,1604.0
1574221566353.0,FDA50693-A4E2-4FB1-AFCF-C6EB07647825_10073_61418,-84.0,148.05578142857144,119.67031371428571,5dd4b7d644333f00067aaf5f,1564.0
1574221566424.0,FDA50693-A4E2-4FB1-AFCF-C6EB07647825_10073_61418,-90.0,148.00190580105956,119.69962238198757,5dd4b7d644333f00067aaf5f,1493.0
1574221566832.0,FDA50693-A4E2-4FB1-AFCF-C6EB07647825_10073_61418,-99.0,147.69231064578005,119.86804402173912,5dd4b7d644333f00067aaf5f,1085.0
1574221566949.0,FDA50693-A4E2-4FB1-AFCF-C6EB07647825_10073_61418,-93.0,147.6035296821337,119.9163414037267,5dd4b7d644333f00067aaf5f,968.0
1574221567093.0,FDA50693-A4E2-4FB1-AFCF-C6EB07647825_10073_61418,-87.0,147.4942608037998,119.97578433540372,5dd4b7d644333f00067aaf5f,824.0
1574221567459.0,FDA50693-A4E2-4FB1-AFCF-C6EB07647825_10073_61418,-84.0,147.21653573803434,120.12686845341614,5dd4b7d644333f00067aaf5f,458.0
1574221567499.0,FDA50693-A4E2-4FB1-AFCF-C6EB07647825_10073_61418,-80.0,147.18618327183046,120.14338037888199,5dd4b7d644333f00067aaf5f,418.0
1574221567723.0,FDA50693-A4E2-4FB1-AFCF-C6EB07647825_10073_61418,-80.0,147.01620946108878,120.23584716149068,5dd4b7d644333f00067aaf5f,194.0
1574221567756.0,FDA50693-A4E2-4FB1-AFCF-C6EB07647825_10073_61418,-80.0,146.99116867647058,120.24946949999999,5dd4b7d644333f00067aaf5f,161.0
1574221567890.0,FDA50693-A4E2-4FB1-AFCF-C6EB07647825_10073_61418,-89.0,146.8894879146876,120.30478445031055,5dd4b7d644333f00067aaf5f,27.0
1574221568106.0,FDA50693-A4E2-4FB1-AFCF-C6EB07647825_10073_61418,-79.0,147.0703440143486,120.3501413729007,5dd4b7d644333f00067aaf5f,189.0
1574221568115.0,FDA50693-A4E2-4FB1-AFCF-C6EB07647825_10073_61418,-85.0,147.07993182455567,120.35177048589597,5dd4b7d644333f00067aaf5f,198.0
1574221568149.0,FDA50693-A4E2-4FB1-AFCF-C6EB07647825_10073_61418,-92.0,147.11615244089353,120.35792491276699,5dd4b7d644333f00067aaf5f,232.0
1574221568276.0,FDA50693-A4E2-4FB1-AFCF-C6EB07647825_10073_61418,-85.0,147.25144709603782,120.38091350725583,5dd4b7d644333f00067aaf5f,359.0
1574221568404.0,FDA50693-A4E2-4FB1-AFCF-C6EB07647825_10073_61418,-93.0,147.38780706342735,120.40408311429968,5dd4b7d644333f00067aaf5f,487.0
1574221568466.0,FDA50693-A4E2-4FB1-AFCF-C6EB07647825_10073_61418,-98.0,147.45385642263167,120.41530589271156,5dd4b7d644333f00067aaf5f,549.0
1574221568505.0,FDA50693-A4E2-4FB1-AFCF-C6EB07647825_10073_61418,-78.0,147.49540360019566,120.42236538235773,5dd4b7d644333f00067aaf5f,588.0
1574221568537.0,FDA50693-A4E2-4FB1-AFCF-C6EB07647825_10073_61418,-88.0,147.52949359204305,120.4281577841187,5dd4b7d644333f00067aaf5f,620.0
1574221568800.0,FDA50693-A4E2-4FB1-AFCF-C6EB07647825_10073_61418,-80.0,147.80967071253872,120.47576408609163,5dd4b7d644333f00067aaf5f,883.0
1574221568888.0,FDA50693-A4E2-4FB1-AFCF-C6EB07647825_10073_61418,-100.0,147.90341819011903,120.49169319093428,5dd4b7d644333f00067aaf5f,971.0
1574221568916.0,FDA50693-A4E2-4FB1-AFCF-C6EB07647825_10073_61418,-88.0,147.9332469329855,120.49676154247513,5dd4b7d644333f00067aaf5f,999.0
1574221569069.0,FDA50693-A4E2-4FB1-AFCF-C6EB07647825_10073_61418,-78.0,148.0962397065058,120.52445646339474,5dd4b7d644333f00067aaf5f,1152.0
1574221569104.0,FDA50693-A4E2-4FB1-AFCF-C6EB07647825_10073_61418,-88.0,148.13352563508886,120.5307919028208,5dd4b7d644333f00067aaf5f,1187.0
1574221569260.0,FDA50693-A4E2-4FB1-AFCF-C6EB07647825_10073_61418,-98.0,148.29971434534485,120.5590298614055,5dd4b7d644333f00067aaf5f,1343.0
1574221569362.0,FDA50693-A4E2-4FB1-AFCF-C6EB07647825_10073_61418,-89.0,148.4083761943584,120.57749314201858,5dd4b7d644333f00067aaf5f,1445.0
1574221569447.0,FDA50693-A4E2-4FB1-AFCF-C6EB07647825_10073_61418,-91.0,148.498927735203,120.59287920919614,5dd4b7d644333f00067aaf5f,1530.0
1574221569560.0,FDA50693-A4E2-4FB1-AFCF-C6EB07647825_10073_61418,-82.0,148.61930801891407,120.61333362791456,5dd4b7d644333f00067aaf5f,1643.0
1574221569621.0,FDA50693-A4E2-4FB1-AFCF-C6EB07647825_10073_61418,-96.0,148.68429206587314,120.6243753937714,5dd4b7d644333f00067aaf5f,1704.0
1574221569740.0,FDA50693-A4E2-4FB1-AFCF-C6EB07647825_10073_61418,-86.0,148.8110642230556,120.64591588781998,5dd4b7d644333f00067aaf5f,1823.0
1574221569912.0,FDA50693-A4E2-4FB1-AFCF-C6EB07647825_10073_61418,-95.0,148.99429792923527,120.67705004728518,5dd4b7d644333f00067aaf5f,1995.0
1574221570160.0,FDA50693-A4E2-4FB1-AFCF-C6EB07647825_10073_61418,-92.0,149.2584953660525,120.72194116093266,5dd4b7d644333f00067aaf5f,2243.0
1574221570343.0,FDA50693-A4E2-4FB1-AFCF-C6EB07647825_10073_61418,-81.0,149.45344750692973,120.75506645850318,5dd4b7d644333f00067aaf5f,2426.0
1574221570490.0,FDA50693-A4E2-4FB1-AFCF-C6EB07647825_10073_61418,-91.0,149.61004840697865,120.78167530409262,5dd4b7d644333f00067aaf5f,2573.0
1574221570928.0,FDA50693-A4E2-4FB1-AFCF-C6EB07647825_10073_61418,-85.0,150.0766551703897,120.86095880319583,5dd4b7d644333f00067aaf5f,3011.0
1574221571065.0,FDA50693-A4E2-4FB1-AFCF-C6EB07647825_10073_61418,-92.0,150.2226029479863,120.88575752323496,5dd4b7d644333f00067aaf5f,2985.0
1574221571067.0,FDA50693-A4E2-4FB1-AFCF-C6EB07647825_10073_61418,-87.0,150.22473357247677,120.88611954834502,5dd4b7d644333f00067aaf5f,2983.0
1574221571071.0,FDA50693-A4E2-4FB1-AFCF-C6EB07647825_10073_61418,-91.0,150.2289948214577,120.88684359856514,5dd4b7d644333f00067aaf5f,2979.0
1574221571123.0,FDA50693-A4E2-4FB1-AFCF-C6EB07647825_10073_61418,-79.0,150.28439105820968,120.8962562514267,5dd4b7d644333f00067aaf5f,2927.0
1574221571390.0,FDA50693-A4E2-4FB1-AFCF-C6EB07647825_10073_61418,-83.0,150.5688294276863,120.94458660361975,5dd4b7d644333f00067aaf5f,2660.0
1574221572171.0,FDA50693-A4E2-4FB1-AFCF-C6EB07647825_10073_61418,-83.0,151.40083829121147,121.08595740909831,5dd4b7d644333f00067aaf5f,1879.0
1574221572205.0,FDA50693-A4E2-4FB1-AFCF-C6EB07647825_10073_61418,-82.0,151.43705890754933,121.09211183596935,5dd4b7d644333f00067aaf5f,1845.0
1574221572222.0,FDA50693-A4E2-4FB1-AFCF-C6EB07647825_10073_61418,-92.0,151.45516921571823,121.09518904940485,5dd4b7d644333f00067aaf5f,1828.0
1574221572980.0,FDA50693-A4E2-4FB1-AFCF-C6EB07647825_10073_61418,-81.0,152.26267589760312,121.23239656611773,5dd4b7d644333f00067aaf5f,1070.0
1574221324505.0,FDA50693-A4E2-4FB1-AFCF-C6EB07647825_10073_61418,-88.0,147.18998553862323,105.39592704676826,5dd4b7e444333f00067aaf67,1599.0
1574221325043.0,FDA50693-A4E2-4FB1-AFCF-C6EB07647825_10073_61418,-96.0,147.66335674548958,105.78661229952706,5dd4b7e444333f00067aaf67,2137.0
1574221325045.0,FDA50693-A4E2-4FB1-AFCF-C6EB07647825_10073_61418,-91.0,147.66511648975302,105.78806466106148,5dd4b7e444333f00067aaf67,2139.0
1574221325194.0,FDA50693-A4E2-4FB1-AFCF-C6EB07647825_10073_61418,-87.0,147.7962174373796,105.89626559537572,5dd4b7e444333f00067aaf67,2288.0
1574221325309.0,FDA50693-A4E2-4FB1-AFCF-C6EB07647825_10073_61418,-87.0,147.8974027325276,105.97977638360483,5dd4b7e444333f00067aaf67,2403.0
1574221325396.0,FDA50693-A4E2-4FB1-AFCF-C6EB07647825_10073_61418,-85.0,147.9739516079874,106.04295411035207,5dd4b7e444333f00067aaf67,2490.0
1574221325885.0,FDA50693-A4E2-4FB1-AFCF-C6EB07647825_10073_61418,-89.0,148.40420908039937,106.3980565055176,5dd4b7e444333f00067aaf67,2730.0
1574221325999.0,FDA50693-A4E2-4FB1-AFCF-C6EB07647825_10073_61418,-83.0,148.50451450341566,106.4808411129795,5dd4b7e444333f00067aaf67,2616.0
1574221326437.0,FDA50693-A4E2-4FB1-AFCF-C6EB07647825_10073_61418,-96.0,148.88989849710984,106.79890828901733,5dd4b7e444333f00067aaf67,2178.0
1574221327004.0,FDA50693-A4E2-4FB1-AFCF-C6EB07647825_10073_61418,-95.0,149.38878599579613,107.21065278402521,5dd4b7e444333f00067aaf67,1611.0
1574221327196.0,FDA50693-A4E2-4FB1-AFCF-C6EB07647825_10073_61418,-90.0,149.5577214450867,107.35007949132948,5dd4b7e444333f00067aaf67,1419.0
1574221327639.0,FDA50693-A4E2-4FB1-AFCF-C6EB07647825_10073_61418,-98.0,149.94750479943949,107.67177757120336,5dd4b7e444333f00067aaf67,976.0
1574221327704.0,FDA50693-A4E2-4FB1-AFCF-C6EB07647825_10073_61418,-83.0,150.0046964880014,107.71897932107198,5dd4b7e444333f00067aaf67,911.0
1574221327901.0,FDA50693-A4E2-4FB1-AFCF-C6EB07647825_10073_61418,-87.0,150.1780312979506,107.86203693221229,5dd4b7e444333f00067aaf67,714.0
1574221328215.0,FDA50693-A4E2-4FB1-AFCF-C6EB07647825_10073_61418,-98.0,150.45431114731127,108.09005769311612,5dd4b7e444333f00067aaf67,400.0
1574221329053.0,FDA50693-A4E2-4FB1-AFCF-C6EB07647825_10073_61418,-93.0,150.90650650079974,108.66272514128309,5dd4b7e444333f00067aaf67,438.0
1574221329211.0,FDA50693-A4E2-4FB1-AFCF-C6EB07647825_10073_61418,-81.0,150.94266848054025,108.76452156211124,5dd4b7e444333f00067aaf67,596.0
1574221330165.0,FDA50693-A4E2-4FB1-AFCF-C6EB07647825_10073_61418,-85.0,151.16101359872047,109.37916577394704,5dd4b7e444333f00067aaf67,1550.0
1574221334709.0,FDA50693-A4E2-4FB1-AFCF-C6EB07647825_10073_61418,-90.0,151.77114205260276,111.60818816306849,5dd4b7e444333f00067aaf67,467.0
1574221336319.0,FDA50693-A4E2-4FB1-AFCF-C6EB07647825_10073_61418,-91.0,150.65762900054796,110.23706170169862,5dd4b7e444333f00067aaf67,2077.0
1574221337624.0,FDA50693-A4E2-4FB1-AFCF-C6EB07647825_10073_61418,-99.0,149.75506096767123,109.12568279978082,5dd4b7e444333f00067aaf67,3382.0
1574221338294.0,FDA50693-A4E2-4FB1-AFCF-C6EB07647825_10073_61418,-87.0,149.29167354849315,108.55508980032876,5dd4b7e444333f00067aaf67,4052.0
1574221338554.0,FDA50693-A4E2-4FB1-AFCF-C6EB07647825_10073_61418,-93.0,149.11185156493153,108.33366565128767,5dd4b7e444333f00067aaf67,4312.0
1574221341174.0,FDA50693-A4E2-4FB1-AFCF-C6EB07647825_10073_61418,-98.0,147.2997992690411,106.10239153402739,5dd4b7e444333f00067aaf67,2193.0
1574221170912.0,FDA50693-A4E2-4FB1-AFCF-C6EB07647825_10073_61418,-100.0,123.41970901300688,113.8579989441469,5dd4b7e944333f00067aaf69,878.0
1574221082864.0,FDA50693-A4E2-4FB1-AFCF-C6EB07647825_10073_61418,-93.0,85.1492823743148,86.71453866718872,5dd4b7eb27889b0006b77721,3127.0
1574221084176.0,FDA50693-A4E2-4FB1-AFCF-C6EB07647825_10073_61418,-92.0,86.48857649490995,88.26002124197338,5dd4b7eb27889b0006b77721,1946.0
1574221084692.0,FDA50693-A4E2-4FB1-AFCF-C6EB07647825_10073_61418,-97.0,87.01531107282693,88.8678482302271,5dd4b7eb27889b0006b77721,1430.0
1574221089921.0,FDA50693-A4E2-4FB1-AFCF-C6EB07647825_10073_61418,-97.0,91.93181971078779,94.72118651171043,5dd4b7eb27889b0006b77721,3799.0
1574220356529.0,FDA50693-A4E2-4FB1-AFCF-C6EB07647825_10073_61418,-83.0,45.37708353598423,116.99703463522839,5dd4b7fc44333f00067aaf6b,115.0
1574220356663.0,FDA50693-A4E2-4FB1-AFCF-C6EB07647825_10073_61418,-89.0,45.47709826487019,117.14571012323366,5dd4b7fc44333f00067aaf6b,249.0
1574220357442.0,FDA50693-A4E2-4FB1-AFCF-C6EB07647825_10073_61418,-84.0,46.058527173841604,118.01002508708511,5dd4b7fc44333f00067aaf6b,1028.0
1574220357843.0,FDA50693-A4E2-4FB1-AFCF-C6EB07647825_10073_61418,-86.0,46.35782498192573,118.45494203253368,5dd4b7fc44333f00067aaf6b,1429.0
1574220358489.0,FDA50693-A4E2-4FB1-AFCF-C6EB07647825_10073_61418,-74.0,46.83998554058495,119.17169102694709,5dd4b7fc44333f00067aaf6b,968.0
1574220359274.0,FDA50693-A4E2-4FB1-AFCF-C6EB07647825_10073_61418,-76.0,47.425892720999016,120.04266310220177,5dd4b7fc44333f00067aaf6b,183.0
1574220361867.0,FDA50693-A4E2-4FB1-AFCF-C6EB07647825_10073_61418,-79.0,46.494160071658904,121.62621361698316,5dd4b7fc44333f00067aaf6b,381.0
1574220362391.0,FDA50693-A4E2-4FB1-AFCF-C6EB07647825_10073_61418,-78.0,46.370274694479775,121.78630127066904,5dd4b7fc44333f00067aaf6b,143.0
1574220362861.0,FDA50693-A4E2-4FB1-AFCF-C6EB07647825_10073_61418,-88.0,46.5181987952175,121.59515020223861,5dd4b7fc44333f00067aaf6b,613.0
1574220364480.0,FDA50693-A4E2-4FB1-AFCF-C6EB07647825_10073_61418,-90.0,47.027750112439584,120.93669577715593,5dd4b7fc44333f00067aaf6b,1699.0
1574220366843.0,FDA50693-A4E2-4FB1-AFCF-C6EB07647825_10073_61418,-96.0,47.38772808168475,120.47152361731547,5dd4b7fc44333f00067aaf6b,664.0
1574220371682.0,FDA50693-A4E2-4FB1-AFCF-C6EB07647825_10073_61418,-82.0,46.20522132426173,121.26687371742906,5dd4b7fc44333f00067aaf6b,802.0
1574220373130.0,FDA50693-A4E2-4FB1-AFCF-C6EB07647825_10073_61418,-83.0,45.98847869774175,120.22404960625362,5dd4b7fc44333f00067aaf6b,2250.0
1574220379137.0,FDA50693-A4E2-4FB1-AFCF-C6EB07647825_10073_61418,-86.0,45.500787371488656,117.877597124831,5dd4b7fc44333f00067aaf6b,1349.0
1574220379932.0,FDA50693-A4E2-4FB1-AFCF-C6EB07647825_10073_61418,-83.0,45.624273072254766,118.4717297521406,5dd4b7fc44333f00067aaf6b,2144.0
1574220380843.0,FDA50693-A4E2-4FB1-AFCF-C6EB07647825_10073_61418,-87.0,45.76577681237795,119.15255342947273,5dd4b7fc44333f00067aaf6b,3055.0
1574220381221.0,FDA50693-A4E2-4FB1-AFCF-C6EB07647825_10073_61418,-78.0,45.82449076821391,119.43504667868409,5dd4b7fc44333f00067aaf6b,3224.0
1574220382010.0,FDA50693-A4E2-4FB1-AFCF-C6EB07647825_10073_61418,-85.0,45.94704450142707,120.02469528616494,5dd4b7fc44333f00067aaf6b,2435.0
1574220382131.0,FDA50693-A4E2-4FB1-AFCF-C6EB07647825_10073_61418,-93.0,45.9658391804116,120.1151230193781,5dd4b7fc44333f00067aaf6b,2314.0
1574220382287.0,FDA50693-A4E2-4FB1-AFCF-C6EB07647825_10073_61418,-84.0,45.99007033678834,120.23170753492565,5dd4b7fc44333f00067aaf6b,2158.0
1574220385528.0,FDA50693-A4E2-4FB1-AFCF-C6EB07647825_10073_61418,-88.0,46.729705246000606,121.32183649713251,5dd4b7fc44333f00067aaf6b,1083.0
1574220386822.0,FDA50693-A4E2-4FB1-AFCF-C6EB07647825_10073_61418,-87.0,47.212938668276486,120.6973906866888,5dd4b7fc44333f00067aaf6b,936.0
1574220387093.0,FDA50693-A4E2-4FB1-AFCF-C6EB07647825_10073_61418,-88.0,47.31414134017507,120.5666141684274,5dd4b7fc44333f00067aaf6b,665.0
1574220387359.0,FDA50693-A4E2-4FB1-AFCF-C6EB07647825_10073_61418,-85.0,47.413476804105045,120.43825050105644,5dd4b7fc44333f00067aaf6b,399.0
1574220389073.0,FDA50693-A4E2-4FB1-AFCF-C6EB07647825_10073_61418,-76.0,46.27522643809823,119.7990589463361,5dd4b7fc44333f00067aaf6b,1315.0
1574220390635.0,FDA50693-A4E2-4FB1-AFCF-C6EB07647825_10073_61418,-85.0,44.746184564569276,119.268518158638,5dd4b7fc44333f00067aaf6b,2877.0
1574220395097.0,FDA50693-A4E2-4FB1-AFCF-C6EB07647825_10073_61418,-79.0,42.14594973681755,117.39974453219786,5dd4b7fc44333f00067aaf6b,966.0
1574220395418.0,FDA50693-A4E2-4FB1-AFCF-C6EB07647825_10073_61418,-82.0,42.41909871768549,117.17333636432572,5dd4b7fc44333f00067aaf6b,1287.0
1574220395916.0,FDA50693-A4E2-4FB1-AFCF-C6EB07647825_10073_61418,-83.0,42.84286255716286,116.82208630949603,5dd4b7fc44333f00067aaf6b,1785.0
1574220396474.0,FDA50693-A4E2-4FB1-AFCF-C6EB07647825_10073_61418,-89.0,43.31768228091461,116.42851697095193,5dd4b7fc44333f00067aaf6b,2343.0
1574220396998.0,FDA50693-A4E2-4FB1-AFCF-C6EB07647825_10073_61418,-84.0,43.763570336910874,116.05892855984601,5dd4b7fc44333f00067aaf6b,2867.0
1574220399339.0,FDA50693-A4E2-4FB1-AFCF-C6EB07647825_10073_61418,-96.0,45.75560075501633,114.40777117358843,5dd4b7fc44333f00067aaf6b,3364.0
1574220399878.0,FDA50693-A4E2-4FB1-AFCF-C6EB07647825_10073_61418,-77.0,46.214252782081196,114.0276029415539,5dd4b7fc44333f00067aaf6b,2825.0
1574220400119.0,FDA50693-A4E2-4FB1-AFCF-C6EB07647825_10073_61418,-84.0,46.419327250583294,113.85762048530098,5dd4b7fc44333f00067aaf6b,2584.0
1574220400607.0,FDA50693-A4E2-4FB1-AFCF-C6EB07647825_10073_61418,-85.0,46.83458177601493,113.51342364442371,5dd4b7fc44333f00067aaf6b,2096.0
1574220401188.0,FDA50693-A4E2-4FB1-AFCF-C6EB07647825_10073_61418,-84.0,47.32897292207186,113.10363191378909,5dd4b7fc44333f00067aaf6b,1515.0
1574220401388.0,FDA50693-A4E2-4FB1-AFCF-C6EB07647825_10073_61418,-89.0,47.49915920298647,112.96256763474102,5dd4b7fc44333f00067aaf6b,1315.0
1574220402173.0,FDA50693-A4E2-4FB1-AFCF-C6EB07647825_10073_61418,-83.0,48.167140355576294,112.40889033947737,5dd4b7fc44333f00067aaf6b,530.0
1574220402434.0,FDA50693-A4E2-4FB1-AFCF-C6EB07647825_10073_61418,-80.0,48.389233452169854,112.22480145531965,5dd4b7fc44333f00067aaf6b,269.0
1574220403480.0,FDA50693-A4E2-4FB1-AFCF-C6EB07647825_10073_61418,-75.0,49.48181571189495,111.27187555355304,5dd4b7fc44333f00067aaf6b,777.0
1574220405318.0,FDA50693-A4E2-4FB1-AFCF-C6EB07647825_10073_61418,-80.0,51.52486202651905,109.46653270597322,5dd4b7fc44333f00067aaf6b,2615.0
1574220406417.0,FDA50693-A4E2-4FB1-AFCF-C6EB07647825_10073_61418,-75.0,52.74646588928939,108.38705947991761,5dd4b7fc44333f00067aaf6b,3714.0
1574220426533.0,FDA50693-A4E2-4FB1-AFCF-C6EB07647825_10073_61418,-86.0,59.512902028320966,105.21896148347943,5dd4b7fd44333f00067aaf6d,80.0
1574220427286.0,FDA50693-A4E2-4FB1-AFCF-C6EB07647825_10073_61418,-81.0,58.76157771989211,105.8021739467296,5dd4b7fd44333f00067aaf6d,833.0
1574220427543.0,FDA50693-A4E2-4FB1-AFCF-C6EB07647825_10073_61418,-82.0,58.50514963587323,106.00122521240728,5dd4b7fd44333f00067aaf6d,1090.0
1574220427816.0,FDA50693-A4E2-4FB1-AFCF-C6EB07647825_10073_61418,-82.0,58.23275715751854,106.21266877478085,5dd4b7fd44333f00067aaf6d,1363.0
1574220428349.0,FDA50693-A4E2-4FB1-AFCF-C6EB07647825_10073_61418,-83.0,57.70094327120701,106.62548715846258,5dd4b7fd44333f00067aaf6d,1896.0
1574220429084.0,FDA50693-A4E2-4FB1-AFCF-C6EB07647825_10073_61418,-98.0,56.96757890640593,107.19475828792987,5dd4b7fd44333f00067aaf6d,2631.0
1574220429574.0,FDA50693-A4E2-4FB1-AFCF-C6EB07647825_10073_61418,-99.0,56.47866932987188,107.5742723742414,5dd4b7fd44333f00067aaf6d,3121.0
1574220431465.0,FDA50693-A4E2-4FB1-AFCF-C6EB07647825_10073_61418,-83.0,54.59187747430883,109.03888693998651,5dd4b7fd44333f00067aaf6d,2403.0
1574220435102.0,FDA50693-A4E2-4FB1-AFCF-C6EB07647825_10073_61418,-78.0,50.78926521936335,112.11500157595249,5dd4b7fd44333f00067aaf6d,1234.0
1574220436463.0,FDA50693-A4E2-4FB1-AFCF-C6EB07647825_10073_61418,-86.0,49.23971071251856,113.45498722414646,5dd4b7fd44333f00067aaf6d,2595.0
1574220436964.0,FDA50693-A4E2-4FB1-AFCF-C6EB07647825_10073_61418,-85.0,48.669301595744685,113.94825159574468,5dd4b7fd44333f00067aaf6d,2967.0
1574220437473.0,FDA50693-A4E2-4FB1-AFCF-C6EB07647825_10073_61418,-91.0,48.089784149760845,114.44939244433448,5dd4b7fd44333f00067aaf6d,2458.0
1574220440638.0,FDA50693-A4E2-4FB1-AFCF-C6EB07647825_10073_61418,-79.0,44.54948282726176,117.34990236067551,5dd4b7fd44333f00067aaf6d,707.0
1574220441940.0,FDA50693-A4E2-4FB1-AFCF-C6EB07647825_10073_61418,-79.0,43.183456152714115,118.23471423281062,5dd4b7fd44333f00067aaf6d,2009.0
1574220459885.0,FDA50693-A4E2-4FB1-AFCF-C6EB07647825_10073_61418,-87.0,57.434329271379134,104.46344386554622,5dd4b7fe27889b0006b77729,157.0
1574220461545.0,FDA50693-A4E2-4FB1-AFCF-C6EB07647825_10073_61418,-77.0,59.354444624814626,105.0804337815126,5dd4b7fe27889b0006b77729,206.0
1574220462754.0,FDA50693-A4E2-4FB1-AFCF-C6EB07647825_10073_61418,-91.0,60.45163398599124,104.16735137898687,5dd4b7fe27889b0006b77729,1003.0
1574220462845.0,FDA50693-A4E2-4FB1-AFCF-C6EB07647825_10073_61418,-75.0,60.52956101363352,104.07756272045027,5dd4b7fe27889b0006b77729,1094.0
1574220463359.0,FDA50693-A4E2-4FB1-AFCF-C6EB07647825_10073_61418,-71.0,60.96972026866791,103.57040480300188,5dd4b7fe27889b0006b77729,1608.0
1574220463806.0,FDA50693-A4E2-4FB1-AFCF-C6EB07647825_10073_61418,-89.0,61.35250467917448,103.12935501876173,5dd4b7fe27889b0006b77729,2055.0
1574220466505.0,FDA50693-A4E2-4FB1-AFCF-C6EB07647825_10073_61418,-70.0,63.663768938586614,100.46628260787992,5dd4b7fe27889b0006b77729,3241.0
1574220467022.0,FDA50693-A4E2-4FB1-AFCF-C6EB07647825_10073_61418,-82.0,64.10649721651032,99.95616462476548,5dd4b7fe27889b0006b77729,2724.0
1574220468065.0,FDA50693-A4E2-4FB1-AFCF-C6EB07647825_10073_61418,-72.0,64.99966084102564,98.92704846153846,5dd4b7fe27889b0006b77729,1681.0
1574220471227.0,FDA50693-A4E2-4FB1-AFCF-C6EB07647825_10073_61418,-73.0,66.68177662207358,98.57452831103679,5dd4b7fe27889b0006b77729,1481.0
1574220471389.0,FDA50693-A4E2-4FB1-AFCF-C6EB07647825_10073_61418,-94.0,66.70831428093645,98.71739714046822,5dd4b7fe27889b0006b77729,1643.0
1574220471685.0,FDA50693-A4E2-4FB1-AFCF-C6EB07647825_10073_61418,-95.0,66.75680284280936,98.97844142140468,5dd4b7fe27889b0006b77729,1939.0
1574220471996.0,FDA50693-A4E2-4FB1-AFCF-C6EB07647825_10073_61418,-75.0,66.80774859531772,99.25271429765886,5dd4b7fe27889b0006b77729,2250.0
1574220472176.0,FDA50693-A4E2-4FB1-AFCF-C6EB07647825_10073_61418,-91.0,66.83723488294314,99.41145744147157,5dd4b7fe27889b0006b77729,2354.0
1574220472256.0,FDA50693-A4E2-4FB1-AFCF-C6EB07647825_10073_61418,-78.0,66.85033989966556,99.48200994983277,5dd4b7fe27889b0006b77729,2274.0
1574220473829.0,FDA50693-A4E2-4FB1-AFCF-C6EB07647825_10073_61418,-82.0,67.1080172909699,100.86924864548494,5dd4b7fe27889b0006b77729,701.0
1574220473984.0,FDA50693-A4E2-4FB1-AFCF-C6EB07647825_10073_61418,-97.0,67.13340826086956,101.00594413043478,5dd4b7fe27889b0006b77729,546.0
1574220474097.0,FDA50693-A4E2-4FB1-AFCF-C6EB07647825_10073_61418,-80.0,67.15191909698996,101.10559954849498,5dd4b7fe27889b0006b77729,433.0
1574220474872.0,FDA50693-A4E2-4FB1-AFCF-C6EB07647825_10073_61418,-68.0,66.91370342012667,101.3598148838846,5dd4b7fe27889b0006b77729,342.0
1574220475425.0,FDA50693-A4E2-4FB1-AFCF-C6EB07647825_10073_61418,-66.0,66.41382605559464,101.15340987156932,5dd4b7fe27889b0006b77729,895.0
1574220475427.0,FDA50693-A4E2-4FB1-AFCF-C6EB07647825_10073_61418,-76.0,66.41201818085854,101.15266337966221,5dd4b7fe27889b0006b77729,897.0
1574220476196.0,FDA50693-A4E2-4FB1-AFCF-C6EB07647825_10073_61418,-75.0,65.71689034482758,100.86563724137932,5dd4b7fe27889b0006b77729,1666.0
1574220476707.0,FDA50693-A4E2-4FB1-AFCF-C6EB07647825_10073_61418,-67.0,65.25497834975369,100.6749085591133,5dd4b7fe27889b0006b77729,2177.0
1574220477750.0,FDA50693-A4E2-4FB1-AFCF-C6EB07647825_10073_61418,-66.0,64.31217167487685,100.28561302955666,5dd4b7fe27889b0006b77729,3220.0
1574220480627.0,FDA50693-A4E2-4FB1-AFCF-C6EB07647825_10073_61418,-80.0,61.71154386699507,99.21178442118227,5dd4b7fe27889b0006b77729,2429.0
1574220480873.0,FDA50693-A4E2-4FB1-AFCF-C6EB07647825_10073_61418,-86.0,61.48917527445461,99.11996591660802,5dd4b7fe27889b0006b77729,2183.0
1574220483785.0,FDA50693-A4E2-4FB1-AFCF-C6EB07647825_10073_61418,-69.0,59.23667238314436,99.05772401590794,5dd4b7fe27889b0006b77729,729.0
1574220484929.0,FDA50693-A4E2-4FB1-AFCF-C6EB07647825_10073_61418,-64.0,58.79851941512946,100.23868669656457,5dd4b7fe27889b0006b77729,1873.0
1574220485056.0,FDA50693-A4E2-4FB1-AFCF-C6EB07647825_10073_61418,-79.0,58.74987830766627,100.36979007107801,5dd4b7fe27889b0006b77729,2000.0
1574220485329.0,FDA50693-A4E2-4FB1-AFCF-C6EB07647825_10073_61418,-63.0,58.645319076662716,100.65161071078018,5dd4b7fe27889b0006b77729,2273.0
1574220487080.0,FDA50693-A4E2-4FB1-AFCF-C6EB07647825_10073_61418,-91.0,57.97468459502454,102.45918558300897,5dd4b7fe27889b0006b77729,1885.0
1574220487683.0,FDA50693-A4E2-4FB1-AFCF-C6EB07647825_10073_61418,-69.0,57.74373508478592,103.08166853443899,5dd4b7fe27889b0006b77729,1282.0
1574220488196.0,FDA50693-A4E2-4FB1-AFCF-C6EB07647825_10073_61418,-78.0,57.54725565070232,103.61124358267051,5dd4b7fe27889b0006b77729,769.0
1574220488471.0,FDA50693-A4E2-4FB1-AFCF-C6EB07647825_10073_61418,-64.0,57.44193041800643,103.89512884244373,5dd4b7fe27889b0006b77729,494.0
1574220683509.0,FDA50693-A4E2-4FB1-AFCF-C6EB07647825_10073_61418,-104.0,69.50111044005891,59.075140413549335,5dd4b80627889b0006b7772d,1633.0
1574220698663.0,FDA50693-A4E2-4FB1-AFCF-C6EB07647825_10073_61418,-92.0,68.44458097526339,59.43422043838754,5dd4b80744333f00067aaf76,409.0
1574220699451.0,FDA50693-A4E2-4FB1-AFCF-C6EB07647825_10073_61418,-91.0,67.6813865510765,58.40540540036647,5dd4b80744333f00067aaf76,1197.0
1574220700277.0,FDA50693-A4E2-4FB1-AFCF-C6EB07647825_10073_61418,-98.0,66.88138833486028,57.32697745442052,5dd4b80744333f00067aaf76,2023.0
1574220700511.0,FDA50693-A4E2-4FB1-AFCF-C6EB07647825_10073_61418,-87.0,66.65475445762712,57.02146638983051,5dd4b80744333f00067aaf76,2109.0
1574220700771.0,FDA50693-A4E2-4FB1-AFCF-C6EB07647825_10073_61418,-100.0,66.40293903847916,56.68200965139716,5dd4b80744333f00067aaf76,1849.0
1574220701805.0,FDA50693-A4E2-4FB1-AFCF-C6EB07647825_10073_61418,-97.0,65.40148848694457,55.33201631470453,5dd4b80744333f00067aaf76,815.0
1574220703279.0,FDA50693-A4E2-4FB1-AFCF-C6EB07647825_10073_61418,-92.0,64.14898159373368,53.60821873368146,5dd4b80744333f00067aaf76,659.0
1574220709822.0,FDA50693-A4E2-4FB1-AFCF-C6EB07647825_10073_61418,-98.0,63.9361702999703,48.88830834125334,5dd4b80744333f00067aaf76,467.0
1574220710168.0,FDA50693-A4E2-4FB1-AFCF-C6EB07647825_10073_61418,-95.0,64.1227274986635,49.10846535640036,5dd4b80744333f00067aaf76,813.0
1574220711205.0,FDA50693-A4E2-4FB1-AFCF-C6EB07647825_10073_61418,-96.0,64.68185991208792,49.76830010989011,5dd4b80744333f00067aaf76,1517.0
1574220721669.0,FDA50693-A4E2-4FB1-AFCF-C6EB07647825_10073_61418,-82.0,62.141875043134156,59.39232700356153,5dd4b80744333f00067aaf76,552.0
1574220723409.0,FDA50693-A4E2-4FB1-AFCF-C6EB07647825_10073_61418,-82.0,60.74270218290258,61.09396458767396,5dd4b80744333f00067aaf76,1188.0
1574220723790.0,FDA50693-A4E2-4FB1-AFCF-C6EB07647825_10073_61418,-86.0,60.391114928429424,61.43818801351889,5dd4b80744333f00067aaf76,1569.0
1574220724852.0,FDA50693-A4E2-4FB1-AFCF-C6EB07647825_10073_61418,-90.0,59.41110006163022,62.39767693280318,5dd4b80744333f00067aaf76,2399.0
1574220725845.0,FDA50693-A4E2-4FB1-AFCF-C6EB07647825_10073_61418,-95.0,58.494758477137175,63.29482617654076,5dd4b80744333f00067aaf76,1406.0
1574220726394.0,FDA50693-A4E2-4FB1-AFCF-C6EB07647825_10073_61418,-91.0,57.9881406222664,63.79083316023857,5dd4b80744333f00067aaf76,857.0
1574220726787.0,FDA50693-A4E2-4FB1-AFCF-C6EB07647825_10073_61418,-88.0,57.62547975347913,64.14589826878728,5dd4b80744333f00067aaf76,464.0
1574220728373.0,FDA50693-A4E2-4FB1-AFCF-C6EB07647825_10073_61418,-90.0,56.25663295889358,64.25153686246638,5dd4b80744333f00067aaf76,1122.0
1574220728866.0,FDA50693-A4E2-4FB1-AFCF-C6EB07647825_10073_61418,-81.0,55.84330956204379,64.11375472627738,5dd4b80744333f00067aaf76,1615.0
1574220730289.0,FDA50693-A4E2-4FB1-AFCF-C6EB07647825_10073_61418,-86.0,54.65028888513254,63.71605902689205,5dd4b80744333f00067aaf76,2168.0
1574220731589.0,FDA50693-A4E2-4FB1-AFCF-C6EB07647825_10073_61418,-86.0,53.560389461390706,63.35273899231655,5dd4b80744333f00067aaf76,868.0
1574220732361.0,FDA50693-A4E2-4FB1-AFCF-C6EB07647825_10073_61418,-82.0,52.91315688052248,63.13698278716865,5dd4b80744333f00067aaf76,96.0
1574220738010.0,FDA50693-A4E2-4FB1-AFCF-C6EB07647825_10073_61418,-85.0,56.342651718259305,67.23588690444144,5dd4b80827889b0006b7772f,403.0
1574220738875.0,FDA50693-A4E2-4FB1-AFCF-C6EB07647825_10073_61418,-91.0,56.74750974876626,65.97070507402422,5dd4b80827889b0006b7772f,961.0
1574220739432.0,FDA50693-A4E2-4FB1-AFCF-C6EB07647825_10073_61418,-80.0,57.00821023777478,65.15601573351279,5dd4b80827889b0006b7772f,404.0
1574220739659.0,FDA50693-A4E2-4FB1-AFCF-C6EB07647825_10073_61418,-81.0,57.114456218034995,64.8239969179004,5dd4b80827889b0006b7772f,177.0
1574220740459.0,FDA50693-A4E2-4FB1-AFCF-C6EB07647825_10073_61418,-88.0,57.28858556298955,63.70980013185379,5dd4b80827889b0006b7772f,623.0
1574220741486.0,FDA50693-A4E2-4FB1-AFCF-C6EB07647825_10073_61418,-80.0,57.4390675424282,62.29984309399478,5dd4b80827889b0006b7772f,1414.0
1574220741489.0,FDA50693-A4E2-4FB1-AFCF-C6EB07647825_10073_61418,-88.0,57.439507119778064,62.29572442689295,5dd4b80827889b0006b7772f,1411.0
1574220742003.0,FDA50693-A4E2-4FB1-AFCF-C6EB07647825_10073_61418,-90.0,57.51482137238903,61.59005946344648,5dd4b80827889b0006b7772f,897.0
1574220743311.0,FDA50693-A4E2-4FB1-AFCF-C6EB07647825_10073_61418,-70.0,58.03582664639175,60.0011268086598,5dd4b80827889b0006b7772f,411.0
1574220744362.0,FDA50693-A4E2-4FB1-AFCF-C6EB07647825_10073_61418,-74.0,59.03203054020618,59.08706062350515,5dd4b80827889b0006b7772f,1462.0
1574220744917.0,FDA50693-A4E2-4FB1-AFCF-C6EB07647825_10073_61418,-82.0,59.558094442268036,58.6043710585567,5dd4b80827889b0006b7772f,2017.0
1574220745415.0,FDA50693-A4E2-4FB1-AFCF-C6EB07647825_10073_61418,-88.0,60.03013015979381,58.17125501649485,5dd4b80827889b0006b7772f,2335.0
1574220745540.0,FDA50693-A4E2-4FB1-AFCF-C6EB07647825_10073_61418,-89.0,60.148613020618555,58.062541150515464,5dd4b80827889b0006b7772f,2210.0
1574220746195.0,FDA50693-A4E2-4FB1-AFCF-C6EB07647825_10073_61418,-82.0,60.7694632113402,57.492880492783506,5dd4b80827889b0006b7772f,1555.0
1574220750612.0,FDA50693-A4E2-4FB1-AFCF-C6EB07647825_10073_61418,-96.0,62.03663097942755,52.48824288908766,5dd4b80827889b0006b7772f,1610.0
1574220750876.0,FDA50693-A4E2-4FB1-AFCF-C6EB07647825_10073_61418,-93.0,62.0175588685152,52.15134889982111,5dd4b80827889b0006b7772f,1346.0
1574220752320.0,FDA50693-A4E2-4FB1-AFCF-C6EB07647825_10073_61418,-89.0,62.006785131870835,50.44094323145181,5dd4b80827889b0006b7772f,98.0
1574220752428.0,FDA50693-A4E2-4FB1-AFCF-C6EB07647825_10073_61418,-95.0,62.10207323638156,50.44892556815381,5dd4b80827889b0006b7772f,206.0
1574220753210.0,FDA50693-A4E2-4FB1-AFCF-C6EB07647825_10073_61418,-84.0,62.79202969682031,50.50672359871827,5dd4b80827889b0006b7772f,988.0
1574220753467.0,FDA50693-A4E2-4FB1-AFCF-C6EB07647825_10073_61418,-85.0,63.018780093665264,50.525718603648016,5dd4b80827889b0006b7772f,1245.0
1574220753880.0,FDA50693-A4E2-4FB1-AFCF-C6EB07647825_10073_61418,-88.0,63.383168863692376,50.55624365048065,5dd4b80827889b0006b7772f,1658.0
1574220754173.0,FDA50693-A4E2-4FB1-AFCF-C6EB07647825_10073_61418,-92.0,63.64168196204091,50.57789943431107,5dd4b80827889b0006b7772f,1951.0
1574220754505.0,FDA50693-A4E2-4FB1-AFCF-C6EB07647825_10073_61418,-87.0,63.934604653684985,50.602437728617204,5dd4b80827889b0006b7772f,1774.0
1574220755076.0,FDA50693-A4E2-4FB1-AFCF-C6EB07647825_10073_61418,-85.0,64.43839639142223,50.64464063840276,5dd4b80827889b0006b7772f,1203.0
1574220755711.0,FDA50693-A4E2-4FB1-AFCF-C6EB07647825_10073_61418,-90.0,64.99865515405472,50.691573821789504,5dd4b80827889b0006b7772f,568.0
1574220756064.0,FDA50693-A4E2-4FB1-AFCF-C6EB07647825_10073_61418,-80.0,65.31010608824253,50.71766423712103,5dd4b80827889b0006b7772f,215.0
1574220756233.0,FDA50693-A4E2-4FB1-AFCF-C6EB07647825_10073_61418,-91.0,65.45921432585654,50.73015511584915,5dd4b80827889b0006b7772f,46.0
1574220756361.0,FDA50693-A4E2-4FB1-AFCF-C6EB07647825_10073_61418,-82.0,65.45362596277916,50.679064804590574,5dd4b80827889b0006b7772f,82.0
1574220757530.0,FDA50693-A4E2-4FB1-AFCF-C6EB07647825_10073_61418,-94.0,64.79536438337469,49.902247262717125,5dd4b80827889b0006b7772f,1251.0
1574220758826.0,FDA50693-A4E2-4FB1-AFCF-C6EB07647825_10073_61418,-94.0,64.0655893560794,49.04103636941687,5dd4b80827889b0006b7772f,677.0
1574220759456.0,FDA50693-A4E2-4FB1-AFCF-C6EB07647825_10073_61418,-88.0,63.710837606699755,48.6223921851737,5dd4b80827889b0006b7772f,47.0
1574220762484.0,FDA50693-A4E2-4FB1-AFCF-C6EB07647825_10073_61418,-92.0,64.09593276369048,51.10939080208333,5dd4b80827889b0006b7772f,2981.0
1574220762744.0,FDA50693-A4E2-4FB1-AFCF-C6EB07647825_10073_61418,-89.0,64.13182870416667,51.32902851041667,5dd4b80827889b0006b7772f,3241.0
1574220763793.0,FDA50693-A4E2-4FB1-AFCF-C6EB07647825_10073_61418,-92.0,64.27665501785714,52.2151821875,5dd4b80827889b0006b7772f,2430.0
1574220764739.0,FDA50693-A4E2-4FB1-AFCF-C6EB07647825_10073_61418,-96.0,64.40726101666667,53.014325541666665,5dd4b80827889b0006b7772f,1484.0
1574220764845.0,FDA50693-A4E2-4FB1-AFCF-C6EB07647825_10073_61418,-85.0,64.4218955154762,53.10387014583333,5dd4b80827889b0006b7772f,1378.0
1574220765631.0,FDA50693-A4E2-4FB1-AFCF-C6EB07647825_10073_61418,-86.0,64.5304117047619,53.76785183333333,5dd4b80827889b0006b7772f,592.0
1574220765895.0,FDA50693-A4E2-4FB1-AFCF-C6EB07647825_10073_61418,-86.0,64.5668598904762,53.99086858333333,5dd4b80827889b0006b7772f,328.0
1574220766153.0,FDA50693-A4E2-4FB1-AFCF-C6EB07647825_10073_61418,-85.0,64.60247970833333,54.20881677083333,5dd4b80827889b0006b7772f,70.0
1574220767109.0,FDA50693-A4E2-4FB1-AFCF-C6EB07647825_10073_61418,-87.0,65.33444998748362,54.76356970892155,5dd4b80827889b0006b7772f,886.0
1574220768758.0,FDA50693-A4E2-4FB1-AFCF-C6EB07647825_10073_61418,-86.0,66.6787869777325,55.68600413331393,5dd4b80827889b0006b7772f,2535.0
1574220769116.0,FDA50693-A4E2-4FB1-AFCF-C6EB07647825_10073_61418,-89.0,66.97064425032747,55.88626582156891,5dd4b80827889b0006b7772f,2893.0
1574220769277.0,FDA50693-A4E2-4FB1-AFCF-C6EB07647825_10073_61418,-88.0,67.10189849861737,55.976327642264586,5dd4b80827889b0006b7772f,3054.0
1574220769366.0,FDA50693-A4E2-4FB1-AFCF-C6EB07647825_10073_61418,-84.0,67.17445519487703,56.02611336923301,5dd4b80827889b0006b7772f,3143.0
1574220769461.0,FDA50693-A4E2-4FB1-AFCF-C6EB07647825_10073_61418,-94.0,67.25190335380586,56.07925543734537,5dd4b80827889b0006b7772f,3238.0
1574220770219.0,FDA50693-A4E2-4FB1-AFCF-C6EB07647825_10073_61418,-90.0,67.86985813768011,56.5032732018629,5dd4b80827889b0006b7772f,2875.0
1574220770580.0,FDA50693-A4E2-4FB1-AFCF-C6EB07647825_10073_61418,-96.0,68.16416114160967,56.70521306068986,5dd4b80827889b0006b7772f,2514.0
1574220771610.0,FDA50693-A4E2-4FB1-AFCF-C6EB07647825_10073_61418,-89.0,69.00386223315384,57.281384957065924,5dd4b80827889b0006b7772f,1484.0
1574220772399.0,FDA50693-A4E2-4FB1-AFCF-C6EB07647825_10073_61418,-96.0,69.64708957415223,57.722743817493814,5dd4b80827889b0006b7772f,695.0
1574220774003.0,FDA50693-A4E2-4FB1-AFCF-C6EB07647825_10073_61418,-89.0,69.29251461080737,57.8837163941513,5dd4b80827889b0006b7772f,909.0
1574220774250.0,FDA50693-A4E2-4FB1-AFCF-C6EB07647825_10073_61418,-89.0,69.04220785708837,57.821815964399235,5dd4b80827889b0006b7772f,1156.0
1574220777147.0,FDA50693-A4E2-4FB1-AFCF-C6EB07647825_10073_61418,-87.0,66.10642378614114,57.095801612205975,5dd4b80827889b0006b7772f,3812.0
1574220779905.0,FDA50693-A4E2-4FB1-AFCF-C6EB07647825_10073_61418,-99.0,63.311500600890014,56.40462191481246,5dd4b80827889b0006b7772f,1054.0
1574220779992.0,FDA50693-A4E2-4FB1-AFCF-C6EB07647825_10073_61418,-83.0,63.223335873871584,56.3828189294342,5dd4b80827889b0006b7772f,967.0
1574220849892.0,FDA50693-A4E2-4FB1-AFCF-C6EB07647825_10073_61418,-82.0,57.097009585161544,64.87851766653371,5dd4b80b27889b0006b77733,241.0
1574220851456.0,FDA50693-A4E2-4FB1-AFCF-C6EB07647825_10073_61418,-84.0,56.446162245712,66.91241638213003,5dd4b80b27889b0006b77733,702.0
1574220852960.0,FDA50693-A4E2-4FB1-AFCF-C6EB07647825_10073_61418,-77.0,56.97574147956452,68.73347082812778,5dd4b80b27889b0006b77733,802.0
1574220852961.0,FDA50693-A4E2-4FB1-AFCF-C6EB07647825_10073_61418,-78.0,56.97676605746921,68.73460317330002,5dd4b80b27889b0006b77733,803.0
1574220853029.0,FDA50693-A4E2-4FB1-AFCF-C6EB07647825_10073_61418,-82.0,57.0464373549884,68.81160264501159,5dd4b80b27889b0006b77733,871.0
1574220854259.0,FDA50693-A4E2-4FB1-AFCF-C6EB07647825_10073_61418,-78.0,58.306668177761914,70.20438720685347,5dd4b80b27889b0006b77733,2101.0
1574220856164.0,FDA50693-A4E2-4FB1-AFCF-C6EB07647825_10073_61418,-81.0,60.25848908620382,72.36150475995002,5dd4b80b27889b0006b77733,1597.0
1574220856628.0,FDA50693-A4E2-4FB1-AFCF-C6EB07647825_10073_61418,-78.0,60.733893233981796,72.88691291986436,5dd4b80b27889b0006b77733,1133.0
1574220856691.0,FDA50693-A4E2-4FB1-AFCF-C6EB07647825_10073_61418,-73.0,60.79844164197751,72.9582506657148,5dd4b80b27889b0006b77733,1070.0
1574220858489.0,FDA50693-A4E2-4FB1-AFCF-C6EB07647825_10073_61418,-78.0,61.67287751232877,75.14694819178082,5dd4b80b27889b0006b77733,728.0
1574220858542.0,FDA50693-A4E2-4FB1-AFCF-C6EB07647825_10073_61418,-81.0,61.65672543561644,75.21808235958903,5dd4b80b27889b0006b77733,781.0
1574220859308.0,FDA50693-A4E2-4FB1-AFCF-C6EB07647825_10073_61418,-70.0,61.42328221369863,76.24617240753425,5dd4b80b27889b0006b77733,1373.0
1574220860026.0,FDA50693-A4E2-4FB1-AFCF-C6EB07647825_10073_61418,-83.0,61.204467287671235,77.20983905821917,5dd4b80b27889b0006b77733,655.0
1574220860661.0,FDA50693-A4E2-4FB1-AFCF-C6EB07647825_10073_61418,-80.0,61.01094712328767,78.06210691780822,5dd4b80b27889b0006b77733,20.0
1574220861615.0,FDA50693-A4E2-4FB1-AFCF-C6EB07647825_10073_61418,-83.0,61.96773092419048,79.38402372571429,5dd4b80b27889b0006b77733,934.0
1574220862727.0,FDA50693-A4E2-4FB1-AFCF-C6EB07647825_10073_61418,-78.0,63.11411354057143,80.92591021714286,5dd4b80b27889b0006b77733,2046.0
1574220862974.0,FDA50693-A4E2-4FB1-AFCF-C6EB07647825_10073_61418,-75.0,63.36875068647619,81.26839759428572,5dd4b80b27889b0006b77733,2293.0
1574220863147.0,FDA50693-A4E2-4FB1-AFCF-C6EB07647825_10073_61418,-80.0,63.54709978057143,81.50827741714285,5dd4b80b27889b0006b77733,2466.0
1574220863176.0,FDA50693-A4E2-4FB1-AFCF-C6EB07647825_10073_61418,-78.0,63.57699644952381,81.54848848571429,5dd4b80b27889b0006b77733,2495.0
1574220863940.0,FDA50693-A4E2-4FB1-AFCF-C6EB07647825_10073_61418,-84.0,64.36461903847619,82.6078421542857,5dd4b80b27889b0006b77733,1991.0
1574220864295.0,FDA50693-A4E2-4FB1-AFCF-C6EB07647825_10073_61418,-88.0,64.73059550323809,83.10008109714285,5dd4b80b27889b0006b77733,1636.0
1574220866109.0,FDA50693-A4E2-4FB1-AFCF-C6EB07647825_10073_61418,-87.0,66.62058287570713,85.3148640956845,5dd4b80b27889b0006b77733,178.0
1574220866927.0,FDA50693-A4E2-4FB1-AFCF-C6EB07647825_10073_61418,-82.0,67.55532193373202,85.06819617585259,5dd4b80b27889b0006b77733,996.0
1574220869274.0,FDA50693-A4E2-4FB1-AFCF-C6EB07647825_10073_61418,-63.0,70.23726883982545,84.36045826895102,5dd4b80b27889b0006b77733,2844.0
1574220871080.0,FDA50693-A4E2-4FB1-AFCF-C6EB07647825_10073_61418,-78.0,72.30100812930338,83.81585892516567,5dd4b80b27889b0006b77733,1038.0
1574220871601.0,FDA50693-A4E2-4FB1-AFCF-C6EB07647825_10073_61418,-72.0,72.89636149022144,83.65875136253435,5dd4b80b27889b0006b77733,517.0
1574220922058.0,FDA50693-A4E2-4FB1-AFCF-C6EB07647825_10073_61418,-93.0,83.17728288692415,76.29527426244765,5dd4b80e44333f00067aaf7c,123.0
1574220922301.0,FDA50693-A4E2-4FB1-AFCF-C6EB07647825_10073_61418,-88.0,83.28524578548162,76.58007670777106,5dd4b80e44333f00067aaf7c,366.0
1574220922582.0,FDA50693-A4E2-4FB1-AFCF-C6EB07647825_10073_61418,-90.0,83.41009177105632,76.90941616100513,5dd4b80e44333f00067aaf7c,647.0
1574220923360.0,FDA50693-A4E2-4FB1-AFCF-C6EB07647825_10073_61418,-90.0,83.75575076314566,77.8212527966496,5dd4b80e44333f00067aaf7c,1425.0
1574220924102.0,FDA50693-A4E2-4FB1-AFCF-C6EB07647825_10073_61418,-84.0,84.085415251745,78.69089647743137,5dd4b80e44333f00067aaf7c,2167.0
1574220925451.0,FDA50693-A4E2-4FB1-AFCF-C6EB07647825_10073_61418,-97.0,84.68476484085622,80.27196025825965,5dd4b80e44333f00067aaf7c,2931.0
1574220926450.0,FDA50693-A4E2-4FB1-AFCF-C6EB07647825_10073_61418,-96.0,85.1286123127036,81.44281475570033,5dd4b80e44333f00067aaf7c,1932.0
1574220928794.0,FDA50693-A4E2-4FB1-AFCF-C6EB07647825_10073_61418,-90.0,86.21188248881089,84.32590758666082,5dd4b80e44333f00067aaf7c,412.0
1574220931414.0,FDA50693-A4E2-4FB1-AFCF-C6EB07647825_10073_61418,-91.0,87.64206219921019,88.26059806494077,5dd4b80e44333f00067aaf7c,1526.0
1574220951859.0,FDA50693-A4E2-4FB1-AFCF-C6EB07647825_10073_61418,-96.0,108.29000502637363,104.85471365054944,5dd4b80e44333f00067aaf7c,389.0
1574220953959.0,FDA50693-A4E2-4FB1-AFCF-C6EB07647825_10073_61418,-96.0,110.94203645980112,106.10560380077531,5dd4b80e44333f00067aaf7c,1711.0
1574221027464.0,FDA50693-A4E2-4FB1-AFCF-C6EB07647825_10073_61418,-99.0,124.26745772062134,104.34406318257541,5dd4b80e44333f00067aaf7c,3423.0
1574221028539.0,FDA50693-A4E2-4FB1-AFCF-C6EB07647825_10073_61418,-104.0,123.27274753939666,105.29759326474561,5dd4b80e44333f00067aaf7c,4386.0
1574221067122.0,FDA50693-A4E2-4FB1-AFCF-C6EB07647825_10073_61418,-99.0,92.0056421190584,91.15250925984608,5dd4b80f27889b0006b77737,2521.0
1574221068770.0,FDA50693-A4E2-4FB1-AFCF-C6EB07647825_10073_61418,-88.0,90.43497726075147,89.20952919646899,5dd4b80f27889b0006b77737,4169.0
1574221070257.0,FDA50693-A4E2-4FB1-AFCF-C6EB07647825_10073_61418,-93.0,89.01775720959711,87.45636696695338,5dd4b80f27889b0006b77737,3180.0
1574221071563.0,FDA50693-A4E2-4FB1-AFCF-C6EB07647825_10073_61418,-91.0,87.77304343232232,85.91660242643731,5dd4b80f27889b0006b77737,1874.0
1574221072085.0,FDA50693-A4E2-4FB1-AFCF-C6EB07647825_10073_61418,-94.0,87.27553915074695,85.30116820733365,5dd4b80f27889b0006b77737,1352.0
1574221876950.0,FDA50693-A4E2-4FB1-AFCF-C6EB07647825_10073_61418,-97.0,175.87565976945245,108.79669100864552,5dd4be3744333f00067ab08e,594.0
1574221877145.0,FDA50693-A4E2-4FB1-AFCF-C6EB07647825_10073_61418,-86.0,175.93800388568684,108.57573237512007,5dd4be3744333f00067ab08e,789.0
1574221877189.0,FDA50693-A4E2-4FB1-AFCF-C6EB07647825_10073_61418,-83.0,175.95207127601665,108.52587504242715,5dd4be3744333f00067ab08e,833.0
1574221877446.0,FDA50693-A4E2-4FB1-AFCF-C6EB07647825_10073_61418,-86.0,176.03423762407942,108.23466289465257,5dd4be3744333f00067ab08e,1090.0
1574221877660.0,FDA50693-A4E2-4FB1-AFCF-C6EB07647825_10073_61418,-91.0,176.10265629522897,107.99217495837335,5dd4be3744333f00067ab08e,1304.0
1574221877702.0,FDA50693-A4E2-4FB1-AFCF-C6EB07647825_10073_61418,-87.0,176.1160842587256,107.94458386807557,5dd4be3744333f00067ab08e,1346.0
1574221877941.0,FDA50693-A4E2-4FB1-AFCF-C6EB07647825_10073_61418,-90.0,176.1924957652898,107.67376790185719,5dd4be3744333f00067ab08e,1585.0
1574221878101.0,FDA50693-A4E2-4FB1-AFCF-C6EB07647825_10073_61418,-95.0,176.24364991194366,107.49246851024655,5dd4be3744333f00067ab08e,1745.0
1574221878292.0,FDA50693-A4E2-4FB1-AFCF-C6EB07647825_10073_61418,-76.0,176.3047151745117,107.27604236151137,5dd4be3744333f00067ab08e,1936.0
1574221878628.0,FDA50693-A4E2-4FB1-AFCF-C6EB07647825_10073_61418,-96.0,176.4121388824848,106.89531363912904,5dd4be3744333f00067ab08e,2272.0
1574221878796.0,FDA50693-A4E2-4FB1-AFCF-C6EB07647825_10073_61418,-94.0,176.46585073647134,106.70494927793789,5dd4be3744333f00067ab08e,2440.0
1574221880834.0,FDA50693-A4E2-4FB1-AFCF-C6EB07647825_10073_61418,-95.0,177.11742667947487,104.39564827729747,5dd4be3744333f00067ab08e,1768.0
1574221881246.0,FDA50693-A4E2-4FB1-AFCF-C6EB07647825_10073_61418,-93.0,177.24914860710857,103.9288023439001,5dd4be3744333f00067ab08e,1356.0
1574221881430.0,FDA50693-A4E2-4FB1-AFCF-C6EB07647825_10073_61418,-78.0,177.3079758757605,103.72030804354787,5dd4be3744333f00067ab08e,1172.0
1574221882991.0,FDA50693-A4E2-4FB1-AFCF-C6EB07647825_10073_61418,-85.0,178.17163737590113,102.1987919454171,5dd4be3744333f00067ab08e,389.0
1574221883511.0,FDA50693-A4E2-4FB1-AFCF-C6EB07647825_10073_61418,-82.0,178.82525649021628,101.9401313069001,5dd4be3744333f00067ab08e,909.0
1574221886856.0,FDA50693-A4E2-4FB1-AFCF-C6EB07647825_10073_61418,-100.0,183.02978713903192,100.27624700720907,5dd4be3744333f00067ab08e,601.0
1574221887505.0,FDA50693-A4E2-4FB1-AFCF-C6EB07647825_10073_61418,-96.0,183.81265518650852,99.91955193297127,5dd4be3744333f00067ab08e,48.0
1574221892670.0,FDA50693-A4E2-4FB1-AFCF-C6EB07647825_10073_61418,-91.0,186.76479556810062,93.70615732456767,5dd4be3744333f00067ab08e,1784.0
1574221897652.0,FDA50693-A4E2-4FB1-AFCF-C6EB07647825_10073_61418,-93.0,189.2185278500128,91.69178765485027,5dd4be3744333f00067ab08e,3198.0
1574221905517.0,FDA50693-A4E2-4FB1-AFCF-C6EB07647825_10073_61418,-91.0,192.7453774404914,92.01580119625032,5dd4be3744333f00067ab08e,4565.0
1574221905784.0,FDA50693-A4E2-4FB1-AFCF-C6EB07647825_10073_61418,-91.0,192.86510647299718,92.02680076593293,5dd4be3744333f00067ab08e,4298.0
1574221906029.0,FDA50693-A4E2-4FB1-AFCF-C6EB07647825_10073_61418,-90.0,192.97497019196314,92.03689400403123,5dd4be3744333f00067ab08e,4053.0
1574221906303.0,FDA50693-A4E2-4FB1-AFCF-C6EB07647825_10073_61418,-94.0,193.09783818786792,92.04818195194522,5dd4be3744333f00067ab08e,3779.0
1574221907870.0,FDA50693-A4E2-4FB1-AFCF-C6EB07647825_10073_61418,-95.0,193.80051756590734,92.11273747888404,5dd4be3744333f00067ab08e,2212.0
1574221909691.0,FDA50693-A4E2-4FB1-AFCF-C6EB07647825_10073_61418,-94.0,194.6170964729972,92.18775701593293,5dd4be3744333f00067ab08e,391.0
1574221923809.0,FDA50693-A4E2-4FB1-AFCF-C6EB07647825_10073_61418,-92.0,189.50044305415804,90.14446167801124,5dd4be3844333f00067ab090,1684.0
1574221924335.0,FDA50693-A4E2-4FB1-AFCF-C6EB07647825_10073_61418,-91.0,190.03295150636282,89.70517306599585,5dd4be3844333f00067ab090,1158.0
1574221933992.0,FDA50693-A4E2-4FB1-AFCF-C6EB07647825_10073_61418,-91.0,200.94711640950348,91.76117103043246,5dd4be3844333f00067ab090,3251.0
1574222444291.0,FDA50693-A4E2-4FB1-AFCF-C6EB07647825_10073_61418,-78.0,75.59247479118943,137.15891652863436,5dd4bea327889b0006b7787c,94.0
1574222444888.0,FDA50693-A4E2-4FB1-AFCF-C6EB07647825_10073_61418,-89.0,76.23548692246696,137.70915065198238,5dd4bea327889b0006b7787c,691.0
1574222445415.0,FDA50693-A4E2-4FB1-AFCF-C6EB07647825_10073_61418,-94.0,76.80310399647577,138.19486821145375,5dd4bea327889b0006b7787c,1218.0
1574222445665.0,FDA50693-A4E2-4FB1-AFCF-C6EB07647825_10073_61418,-88.0,77.07237205814978,138.42528451101322,5dd4bea327889b0006b7787c,1468.0
1574222446069.0,FDA50693-A4E2-4FB1-AFCF-C6EB07647825_10073_61418,-95.0,77.50750924581499,138.79763725110132,5dd4bea327889b0006b7787c,1872.0
1574222447178.0,FDA50693-A4E2-4FB1-AFCF-C6EB07647825_10073_61418,-96.0,78.70198236740089,139.81976395594714,5dd4bea327889b0006b7787c,2694.0
1574222456161.0,FDA50693-A4E2-4FB1-AFCF-C6EB07647825_10073_61418,-94.0,82.59271370503475,149.05363747075776,5dd4bea327889b0006b7787c,2693.0
1574222457352.0,FDA50693-A4E2-4FB1-AFCF-C6EB07647825_10073_61418,-90.0,83.5460277389388,150.21326040515342,5dd4bea327889b0006b7787c,1502.0
1574222461802.0,FDA50693-A4E2-4FB1-AFCF-C6EB07647825_10073_61418,-95.0,82.61958492447326,151.2953741102107,5dd4bea327889b0006b7787c,137.0
1574222461981.0,FDA50693-A4E2-4FB1-AFCF-C6EB07647825_10073_61418,-97.0,82.47621789787682,151.32759443762063,5dd4bea327889b0006b7787c,42.0
1574222466032.0,FDA50693-A4E2-4FB1-AFCF-C6EB07647825_10073_61418,-93.0,78.18967133356729,156.14003174241094,5dd4bea327889b0006b7787c,1606.0
1574222497109.0,FDA50693-A4E2-4FB1-AFCF-C6EB07647825_10073_61418,-92.0,71.80960872258065,160.65442199139784,5dd4beb144333f00067ab09e,1784.0
1574222499183.0,FDA50693-A4E2-4FB1-AFCF-C6EB07647825_10073_61418,-86.0,73.33082231678488,158.82772861533266,5dd4beb144333f00067ab09e,290.0
1574222513816.0,FDA50693-A4E2-4FB1-AFCF-C6EB07647825_10073_61418,-94.0,81.8398483329692,153.91995535285122,5dd4beb144333f00067ab09e,3224.0
1574222547012.0,FDA50693-A4E2-4FB1-AFCF-C6EB07647825_10073_61418,-95.0,77.21987615672913,155.63262672231687,5dd4bec427889b0006b77886,3892.0
1574222547554.0,FDA50693-A4E2-4FB1-AFCF-C6EB07647825_10073_61418,-86.0,77.80465629982965,155.152193120954,5dd4bec427889b0006b77886,4371.0
1574222548814.0,FDA50693-A4E2-4FB1-AFCF-C6EB07647825_10073_61418,-89.0,79.16410829301533,154.03531795911414,5dd4bec427889b0006b77886,3111.0
1574222548949.0,FDA50693-A4E2-4FB1-AFCF-C6EB07647825_10073_61418,-91.0,79.3097638637138,153.91565276320273,5dd4bec427889b0006b77886,2976.0
1574222549840.0,FDA50693-A4E2-4FB1-AFCF-C6EB07647825_10073_61418,-86.0,80.27109063032368,153.1258624701874,5dd4bec427889b0006b77886,2085.0
1574222550266.0,FDA50693-A4E2-4FB1-AFCF-C6EB07647825_10073_61418,-97.0,80.73071487563885,152.7482522964225,5dd4bec427889b0006b77886,1659.0
1574222550339.0,FDA50693-A4E2-4FB1-AFCF-C6EB07647825_10073_61418,-96.0,80.80947677683135,152.68354444974446,5dd4bec427889b0006b77886,1586.0
1574222551808.0,FDA50693-A4E2-4FB1-AFCF-C6EB07647825_10073_61418,-90.0,82.39442517206133,151.38140983645656,5dd4bec427889b0006b77886,117.0
1574222552153.0,FDA50693-A4E2-4FB1-AFCF-C6EB07647825_10073_61418,-97.0,82.66966634469918,151.46552392179683,5dd4bec427889b0006b77886,228.0
1574222552581.0,FDA50693-A4E2-4FB1-AFCF-C6EB07647825_10073_61418,-78.0,82.9493800093099,151.81810566973118,5dd4bec427889b0006b77886,656.0
1574222554382.0,FDA50693-A4E2-4FB1-AFCF-C6EB07647825_10073_61418,-78.0,84.12639942511346,153.30174989409986,5dd4bec427889b0006b77886,2457.0
1574222559083.0,FDA50693-A4E2-4FB1-AFCF-C6EB07647825_10073_61418,-76.0,87.19867497963459,157.17438259746305,5dd4bec427889b0006b77886,1435.0
1574222559545.0,FDA50693-A4E2-4FB1-AFCF-C6EB07647825_10073_61418,-92.0,87.50060888863028,157.5549731758408,5dd4bec427889b0006b77886,973.0
1574222561106.0,FDA50693-A4E2-4FB1-AFCF-C6EB07647825_10073_61418,-94.0,87.98970068259385,159.05716536973833,5dd4bec427889b0006b77886,588.0
1574222561689.0,FDA50693-A4E2-4FB1-AFCF-C6EB07647825_10073_61418,-82.0,87.84414965870307,159.75185287068638,5dd4bec427889b0006b77886,1171.0
1574222563226.0,FDA50693-A4E2-4FB1-AFCF-C6EB07647825_10073_61418,-95.0,87.54943725993581,161.55578971365097,5dd4bec427889b0006b77886,71.0
1574222567636.0,FDA50693-A4E2-4FB1-AFCF-C6EB07647825_10073_61418,-100.0,92.03522200290276,164.92044637984657,5dd4bec427889b0006b77886,430.0
1574222568174.0,FDA50693-A4E2-4FB1-AFCF-C6EB07647825_10073_61418,-96.0,92.647893904209,165.12615803649183,5dd4bec427889b0006b77886,968.0
1574222568702.0,FDA50693-A4E2-4FB1-AFCF-C6EB07647825_10073_61418,-95.0,93.24917785195936,165.32804605639643,5dd4bec427889b0006b77886,1496.0
1574222569437.0,FDA50693-A4E2-4FB1-AFCF-C6EB07647825_10073_61418,-94.0,94.0861924383164,165.60908335683186,5dd4bec427889b0006b77886,2231.0
1574222572395.0,FDA50693-A4E2-4FB1-AFCF-C6EB07647825_10073_61418,-68.0,97.4167336797829,166.76560852684628,5dd4bec427889b0006b77886,366.0
1574222575450.0,FDA50693-A4E2-4FB1-AFCF-C6EB07647825_10073_61418,-88.0,100.57843898507463,168.1465230063966,5dd4bec427889b0006b77886,1738.0
1574222575523.0,FDA50693-A4E2-4FB1-AFCF-C6EB07647825_10073_61418,-63.0,100.65398873541383,168.17952030819927,5dd4bec427889b0006b77886,1665.0
1574222576050.0,FDA50693-A4E2-4FB1-AFCF-C6EB07647825_10073_61418,-75.0,101.19939583717775,168.4177337061446,5dd4bec427889b0006b77886,1138.0
1574222576102.0,FDA50693-A4E2-4FB1-AFCF-C6EB07647825_10073_61418,-85.0,101.25321209769335,168.4412386334561,5dd4bec427889b0006b77886,1086.0
1574222577099.0,FDA50693-A4E2-4FB1-AFCF-C6EB07647825_10073_61418,-70.0,102.28503540027137,168.8919004128707,5dd4bec427889b0006b77886,89.0
1574222578360.0,FDA50693-A4E2-4FB1-AFCF-C6EB07647825_10073_61418,-98.0,104.07648083683429,167.76921903034162,5dd4bec427889b0006b77886,1172.0
1574222579758.0,FDA50693-A4E2-4FB1-AFCF-C6EB07647825_10073_61418,-88.0,106.10350549374071,166.38206072353066,5dd4bec427889b0006b77886,2143.0
1574222580213.0,FDA50693-A4E2-4FB1-AFCF-C6EB07647825_10073_61418,-66.0,106.76323097220454,165.93058931466157,5dd4bec427889b0006b77886,1688.0
1574222580416.0,FDA50693-A4E2-4FB1-AFCF-C6EB07647825_10073_61418,-95.0,107.05757003182686,165.72916360916614,5dd4bec427889b0006b77886,1485.0
1574222580475.0,FDA50693-A4E2-4FB1-AFCF-C6EB07647825_10073_61418,-69.0,107.14311685211118,165.67062116274136,5dd4bec427889b0006b77886,1426.0
1574222580961.0,FDA50693-A4E2-4FB1-AFCF-C6EB07647825_10073_61418,-88.0,107.84779065987694,165.1883901633779,5dd4bec427889b0006b77886,940.0
1574222581983.0,FDA50693-A4E2-4FB1-AFCF-C6EB07647825_10073_61418,-88.0,109.2982036499803,164.18638272763107,5dd4bec427889b0006b77886,82.0
1574222582007.0,FDA50693-A4E2-4FB1-AFCF-C6EB07647825_10073_61418,-94.0,109.3238027670477,164.16610059913285,5dd4bec427889b0006b77886,106.0
1574222582256.0,FDA50693-A4E2-4FB1-AFCF-C6EB07647825_10073_61418,-90.0,109.589393606622,163.95567351596375,5dd4bec427889b0006b77886,355.0
1574222582280.0,FDA50693-A4E2-4FB1-AFCF-C6EB07647825_10073_61418,-97.0,109.6149927236894,163.93539138746553,5dd4bec427889b0006b77886,379.0
1574222582988.0,FDA50693-A4E2-4FB1-AFCF-C6EB07647825_10073_61418,-96.0,110.37016667717776,163.33706859676784,5dd4bec427889b0006b77886,1087.0
1574222583070.0,FDA50693-A4E2-4FB1-AFCF-C6EB07647825_10073_61418,-94.0,110.45763032715806,163.26777132439892,5dd4bec427889b0006b77886,1169.0
1574222583358.0,FDA50693-A4E2-4FB1-AFCF-C6EB07647825_10073_61418,-90.0,110.7648197319669,163.02438578242018,5dd4bec427889b0006b77886,1457.0
1574222584050.0,FDA50693-A4E2-4FB1-AFCF-C6EB07647825_10073_61418,-92.0,111.50292760741033,162.43958441072132,5dd4bec427889b0006b77886,2149.0
1574222584130.0,FDA50693-A4E2-4FB1-AFCF-C6EB07647825_10073_61418,-61.0,111.588257997635,162.37197731572724,5dd4bec427889b0006b77886,2229.0
1574222589351.0,FDA50693-A4E2-4FB1-AFCF-C6EB07647825_10073_61418,-89.0,112.10857937144046,159.6366601330285,5dd4bec427889b0006b77886,2376.0
1574222590129.0,FDA50693-A4E2-4FB1-AFCF-C6EB07647825_10073_61418,-96.0,111.28531371107879,159.52826408231138,5dd4bec427889b0006b77886,1657.0
1574222591468.0,FDA50693-A4E2-4FB1-AFCF-C6EB07647825_10073_61418,-91.0,109.86840790230721,159.34170584078154,5dd4bec427889b0006b77886,318.0
1574222593617.0,FDA50693-A4E2-4FB1-AFCF-C6EB07647825_10073_61418,-95.0,109.44927919853872,160.57302325136996,5dd4bec427889b0006b77886,1831.0
1574222594133.0,FDA50693-A4E2-4FB1-AFCF-C6EB07647825_10073_61418,-95.0,109.42599387382324,160.93251074329072,5dd4bec427889b0006b77886,2347.0
1574222595139.0,FDA50693-A4E2-4FB1-AFCF-C6EB07647825_10073_61418,-90.0,109.38059651594773,161.633372016299,5dd4bec427889b0006b77886,3353.0
1574222595372.0,FDA50693-A4E2-4FB1-AFCF-C6EB07647825_10073_61418,-63.0,109.37008201854715,161.79569873261207,5dd4bec427889b0006b77886,3531.0
1574222595785.0,FDA50693-A4E2-4FB1-AFCF-C6EB07647825_10073_61418,-96.0,109.35144473345511,162.08342806238585,5dd4bec427889b0006b77886,3118.0
1574222599010.0,FDA50693-A4E2-4FB1-AFCF-C6EB07647825_10073_61418,-65.0,109.32141132446661,164.24398693682463,5dd4bec427889b0006b77886,107.0
1574222599026.0,FDA50693-A4E2-4FB1-AFCF-C6EB07647825_10073_61418,-93.0,109.33796030756443,164.24223844139652,5dd4bec427889b0006b77886,123.0
1574222600060.0,FDA50693-A4E2-4FB1-AFCF-C6EB07647825_10073_61418,-66.0,110.40743834026046,164.1292419243558,5dd4bec427889b0006b77886,1157.0
1574222602147.0,FDA50693-A4E2-4FB1-AFCF-C6EB07647825_10073_61418,-73.0,112.56604632308118,163.90117255195347,5dd4bec427889b0006b77886,3244.0
1574222603453.0,FDA50693-A4E2-4FB1-AFCF-C6EB07647825_10073_61418,-80.0,113.91685706844001,163.7584516126351,5dd4bec427889b0006b77886,2668.0
1574222603481.0,FDA50693-A4E2-4FB1-AFCF-C6EB07647825_10073_61418,-84.0,113.94581778886118,163.75539174563593,5dd4bec427889b0006b77886,2640.0
1574222604461.0,FDA50693-A4E2-4FB1-AFCF-C6EB07647825_10073_61418,-83.0,114.9594430036021,163.648296400665,5dd4bec427889b0006b77886,1660.0
1574222605232.0,FDA50693-A4E2-4FB1-AFCF-C6EB07647825_10073_61418,-86.0,115.75689712662788,163.56404077722362,5dd4bec427889b0006b77886,889.0
1574222605518.0,FDA50693-A4E2-4FB1-AFCF-C6EB07647825_10073_61418,-88.0,116.05271019950125,163.5327864214464,5dd4bec427889b0006b77886,603.0
1574222605750.0,FDA50693-A4E2-4FB1-AFCF-C6EB07647825_10073_61418,-81.0,116.29267045441951,163.50743323773898,5dd4bec427889b0006b77886,371.0
1574222605781.0,FDA50693-A4E2-4FB1-AFCF-C6EB07647825_10073_61418,-92.0,116.32473410917152,163.50404552784707,5dd4bec427889b0006b77886,340.0
1574222681052.0,FDA50693-A4E2-4FB1-AFCF-C6EB07647825_10073_61418,-89.0,166.58689623438565,107.84229378605497,5dd4bf0127889b0006b7788c,1948.0
1574222681303.0,FDA50693-A4E2-4FB1-AFCF-C6EB07647825_10073_61418,-90.0,166.28100915285034,107.57756431978197,5dd4bf0127889b0006b7788c,1697.0
1574222682243.0,FDA50693-A4E2-4FB1-AFCF-C6EB07647825_10073_61418,-97.0,165.1354559391324,106.58614719509426,5dd4bf0127889b0006b7788c,757.0
1574222682305.0,FDA50693-A4E2-4FB1-AFCF-C6EB07647825_10073_61418,-94.0,165.0598981739723,106.52075585282762,5dd4bf0127889b0006b7788c,695.0
1574222682355.0,FDA50693-A4E2-4FB1-AFCF-C6EB07647825_10073_61418,-92.0,164.99896449239154,106.46802089938679,5dd4bf0127889b0006b7788c,645.0
1574222685432.0,FDA50693-A4E2-4FB1-AFCF-C6EB07647825_10073_61418,-90.0,163.31914205527235,103.70521585511135,5dd4bf0127889b0006b7788c,1295.0
1574222686517.0,FDA50693-A4E2-4FB1-AFCF-C6EB07647825_10073_61418,-91.0,162.92039654950364,102.77612921974779,5dd4bf0127889b0006b7788c,210.0
1574222689105.0,FDA50693-A4E2-4FB1-AFCF-C6EB07647825_10073_61418,-98.0,161.12210192902637,99.8040002663027,5dd4bf0127889b0006b7788c,2378.0
1574222689877.0,FDA50693-A4E2-4FB1-AFCF-C6EB07647825_10073_61418,-90.0,160.56335375796178,98.89749899363058,5dd4bf0127889b0006b7788c,3150.0
1574222690194.0,FDA50693-A4E2-4FB1-AFCF-C6EB07647825_10073_61418,-89.0,160.33391959963603,98.52526984410069,5dd4bf0127889b0006b7788c,3127.0
1574222690643.0,FDA50693-A4E2-4FB1-AFCF-C6EB07647825_10073_61418,-94.0,160.00894818926295,97.99804306763724,5dd4bf0127889b0006b7788c,2678.0
1574222692097.0,FDA50693-A4E2-4FB1-AFCF-C6EB07647825_10073_61418,-103.0,158.95659088262056,96.29072072247497,5dd4bf0127889b0006b7788c,1224.0
1574222693019.0,FDA50693-A4E2-4FB1-AFCF-C6EB07647825_10073_61418,-100.0,158.28927765241127,95.20808578283288,5dd4bf0127889b0006b7788c,302.0
1574223366525.0,FDA50693-A4E2-4FB1-AFCF-C6EB07647825_10073_61418,-98.0,134.90462430543317,109.66474700440529,5dd4bf1027889b0006b7788e,301.0
1574223198071.0,FDA50693-A4E2-4FB1-AFCF-C6EB07647825_10073_61418,-98.0,78.29049166666667,116.1886592063492,5dd4bf1544333f00067ab0a7,86.0
1574223198599.0,FDA50693-A4E2-4FB1-AFCF-C6EB07647825_10073_61418,-90.0,78.29219027131784,115.6880980546327,5dd4bf1544333f00067ab0a7,614.0
1574223199084.0,FDA50693-A4E2-4FB1-AFCF-C6EB07647825_10073_61418,-92.0,78.29375054263566,115.2283022997416,5dd4bf1544333f00067ab0a7,1099.0
1574223199363.0,FDA50693-A4E2-4FB1-AFCF-C6EB07647825_10073_61418,-90.0,78.29464810077519,114.96380123661868,5dd4bf1544333f00067ab0a7,1331.0
1574223199427.0,FDA50693-A4E2-4FB1-AFCF-C6EB07647825_10073_61418,-88.0,78.29485399224806,114.90312715762273,5dd4bf1544333f00067ab0a7,1267.0
1574223199692.0,FDA50693-A4E2-4FB1-AFCF-C6EB07647825_10073_61418,-82.0,78.29570651162791,114.65189854928018,5dd4bf1544333f00067ab0a7,1002.0
1574223199786.0,FDA50693-A4E2-4FB1-AFCF-C6EB07647825_10073_61418,-94.0,78.29600891472869,114.5627834957549,5dd4bf1544333f00067ab0a7,908.0
1574223199900.0,FDA50693-A4E2-4FB1-AFCF-C6EB07647825_10073_61418,-89.0,78.29637565891473,114.45470779254337,5dd4bf1544333f00067ab0a7,794.0
1574223199902.0,FDA50693-A4E2-4FB1-AFCF-C6EB07647825_10073_61418,-98.0,78.29638209302325,114.45281172757475,5dd4bf1544333f00067ab0a7,792.0
1574223199955.0,FDA50693-A4E2-4FB1-AFCF-C6EB07647825_10073_61418,-87.0,78.29655259689922,114.40256600590624,5dd4bf1544333f00067ab0a7,739.0
1574223200138.0,FDA50693-A4E2-4FB1-AFCF-C6EB07647825_10073_61418,-78.0,78.29714131782946,114.22907606127723,5dd4bf1544333f00067ab0a7,556.0
1574223200214.0,FDA50693-A4E2-4FB1-AFCF-C6EB07647825_10073_61418,-95.0,78.29738581395348,114.15702559246955,5dd4bf1544333f00067ab0a7,480.0
1574223200365.0,FDA50693-A4E2-4FB1-AFCF-C6EB07647825_10073_61418,-100.0,78.29787158914729,114.0138726873385,5dd4bf1544333f00067ab0a7,329.0
1574223201186.0,FDA50693-A4E2-4FB1-AFCF-C6EB07647825_10073_61418,-92.0,79.06317543046357,113.37978521192053,5dd4bf1544333f00067ab0a7,492.0
1574223201761.0,FDA50693-A4E2-4FB1-AFCF-C6EB07647825_10073_61418,-94.0,79.9563484437086,113.0032481120309,5dd4bf1544333f00067ab0a7,1067.0
1574223201785.0,FDA50693-A4E2-4FB1-AFCF-C6EB07647825_10073_61418,-100.0,79.99362870860928,112.98753178090509,5dd4bf1544333f00067ab0a7,1091.0
1574223201962.0,FDA50693-A4E2-4FB1-AFCF-C6EB07647825_10073_61418,-86.0,80.26857066225166,112.8716238388521,5dd4bf1544333f00067ab0a7,1268.0
1574223202047.0,FDA50693-A4E2-4FB1-AFCF-C6EB07647825_10073_61418,-92.0,80.40060493377483,112.81596183278145,5dd4bf1544333f00067ab0a7,1353.0
1574223202487.0,FDA50693-A4E2-4FB1-AFCF-C6EB07647825_10073_61418,-85.0,81.08407645695364,112.52782909547462,5dd4bf1544333f00067ab0a7,1793.0
1574223205371.0,FDA50693-A4E2-4FB1-AFCF-C6EB07647825_10073_61418,-85.0,84.70931425272445,109.97776510949663,5dd4bf1544333f00067ab0a7,874.0
1574223205892.0,FDA50693-A4E2-4FB1-AFCF-C6EB07647825_10073_61418,-88.0,85.09576674623769,109.3093023725999,5dd4bf1544333f00067ab0a7,353.0
1574223208755.0,FDA50693-A4E2-4FB1-AFCF-C6EB07647825_10073_61418,-89.0,88.10424705146706,106.3099292015392,5dd4bf1544333f00067ab0a7,1648.0
1574223209283.0,FDA50693-A4E2-4FB1-AFCF-C6EB07647825_10073_61418,-95.0,88.68202673400673,105.77425936026937,5dd4bf1544333f00067ab0a7,1120.0
1574223210329.0,FDA50693-A4E2-4FB1-AFCF-C6EB07647825_10073_61418,-90.0,89.82664330206829,104.71306493987494,5dd4bf1544333f00067ab0a7,74.0
1574223211378.0,FDA50693-A4E2-4FB1-AFCF-C6EB07647825_10073_61418,-92.0,90.37409850987433,105.05638017953322,5dd4bf1544333f00067ab0a7,975.0
1574223212937.0,FDA50693-A4E2-4FB1-AFCF-C6EB07647825_10073_61418,-93.0,91.11998568617595,105.7253753486535,5dd4bf1544333f00067ab0a7,251.0
1574223213208.0,FDA50693-A4E2-4FB1-AFCF-C6EB07647825_10073_61418,-94.0,91.23061726472676,105.8246021405252,5dd4bf1544333f00067ab0a7,20.0
1574223213456.0,FDA50693-A4E2-4FB1-AFCF-C6EB07647825_10073_61418,-88.0,91.11335374733855,105.71942708303762,5dd4bf1544333f00067ab0a7,268.0
1574223213975.0,FDA50693-A4E2-4FB1-AFCF-C6EB07647825_10073_61418,-88.0,90.86795146699788,105.49932282966643,5dd4bf1544333f00067ab0a7,787.0
1574223214174.0,FDA50693-A4E2-4FB1-AFCF-C6EB07647825_10073_61418,-92.0,90.7738569510291,105.41492832789213,5dd4bf1544333f00067ab0a7,986.0
1574223215741.0,FDA50693-A4E2-4FB1-AFCF-C6EB07647825_10073_61418,-95.0,90.03292174237048,104.75037463804117,5dd4bf1544333f00067ab0a7,265.0
1574223215798.0,FDA50693-A4E2-4FB1-AFCF-C6EB07647825_10073_61418,-84.0,90.00597004684172,104.72620133853798,5dd4bf1544333f00067ab0a7,208.0
1574223216060.0,FDA50693-A4E2-4FB1-AFCF-C6EB07647825_10073_61418,-82.0,89.92878250470588,104.65697090470589,5dd4bf1544333f00067ab0a7,54.0
1574223217842.0,FDA50693-A4E2-4FB1-AFCF-C6EB07647825_10073_61418,-95.0,90.62714516,105.28334076,5dd4bf1544333f00067ab0a7,1564.0
1574223219781.0,FDA50693-A4E2-4FB1-AFCF-C6EB07647825_10073_61418,-92.0,90.84366891108863,106.13103036403065,5dd4bf1544333f00067ab0a7,375.0
1574223223907.0,FDA50693-A4E2-4FB1-AFCF-C6EB07647825_10073_61418,-91.0,86.48215585282638,109.4092348920052,5dd4bf1544333f00067ab0a7,2416.0
1574223224454.0,FDA50693-A4E2-4FB1-AFCF-C6EB07647825_10073_61418,-89.0,85.90393296313431,109.84383932167125,5dd4bf1544333f00067ab0a7,1869.0
1574223225204.0,FDA50693-A4E2-4FB1-AFCF-C6EB07647825_10073_61418,-95.0,85.11112278531155,110.43973204973254,5dd4bf1544333f00067ab0a7,1119.0
1574223225709.0,FDA50693-A4E2-4FB1-AFCF-C6EB07647825_10073_61418,-95.0,84.57729726557757,110.84096648662715,5dd4bf1544333f00067ab0a7,614.0
1574223226501.0,FDA50693-A4E2-4FB1-AFCF-C6EB07647825_10073_61418,-87.0,83.72264249539029,111.50900615283754,5dd4bf1544333f00067ab0a7,178.0
1574223227070.0,FDA50693-A4E2-4FB1-AFCF-C6EB07647825_10073_61418,-84.0,83.06539153964351,112.08504561893055,5dd4bf1544333f00067ab0a7,747.0
1574223227508.0,FDA50693-A4E2-4FB1-AFCF-C6EB07647825_10073_61418,-93.0,82.55945846650278,112.5284643995083,5dd4bf1544333f00067ab0a7,1185.0
1574223227740.0,FDA50693-A4E2-4FB1-AFCF-C6EB07647825_10073_61418,-91.0,82.29147565150585,112.76333462118419,5dd4bf1544333f00067ab0a7,1417.0
1574223227847.0,FDA50693-A4E2-4FB1-AFCF-C6EB07647825_10073_61418,-87.0,82.16788012907192,112.87165838721573,5dd4bf1544333f00067ab0a7,1524.0
1574223228375.0,FDA50693-A4E2-4FB1-AFCF-C6EB07647825_10073_61418,-83.0,81.55798820528581,113.40619061585741,5dd4bf1544333f00067ab0a7,2052.0
1574223228638.0,FDA50693-A4E2-4FB1-AFCF-C6EB07647825_10073_61418,-82.0,81.25419734173326,113.67244435853308,5dd4bf1544333f00067ab0a7,2315.0
1574223229274.0,FDA50693-A4E2-4FB1-AFCF-C6EB07647825_10073_61418,-91.0,80.51955479717272,114.31631272485147,5dd4bf1544333f00067ab0a7,1930.0
1574223229347.0,FDA50693-A4E2-4FB1-AFCF-C6EB07647825_10073_61418,-81.0,80.43523261831592,114.39021585494775,5dd4bf1544333f00067ab0a7,1857.0
1574223230324.0,FDA50693-A4E2-4FB1-AFCF-C6EB07647825_10073_61418,-86.0,79.30670153964351,115.37930295226388,5dd4bf1544333f00067ab0a7,880.0
1574222986585.0,FDA50693-A4E2-4FB1-AFCF-C6EB07647825_10073_61418,-99.0,124.39693624146302,134.0881733549118,5dd4bf1b44333f00067ab0a9,1666.0
1574222986943.0,FDA50693-A4E2-4FB1-AFCF-C6EB07647825_10073_61418,-98.0,124.10758290079302,133.68088998219775,5dd4bf1b44333f00067ab0a9,2024.0
1574222987695.0,FDA50693-A4E2-4FB1-AFCF-C6EB07647825_10073_61418,-97.0,123.499779235475,132.82536736688786,5dd4bf1b44333f00067ab0a9,2776.0
1574223000920.0,FDA50693-A4E2-4FB1-AFCF-C6EB07647825_10073_61418,-96.0,114.06473755571821,125.99187838334859,5dd4bf1b44333f00067ab0a9,573.0
1574223007288.0,FDA50693-A4E2-4FB1-AFCF-C6EB07647825_10073_61418,-91.0,110.24307747454175,119.78151703665988,5dd4bf1b44333f00067ab0a9,1470.0
1574223008036.0,FDA50693-A4E2-4FB1-AFCF-C6EB07647825_10073_61418,-98.0,110.02939246028512,118.93117484385607,5dd4bf1b44333f00067ab0a9,722.0
1574222748124.0,FDA50693-A4E2-4FB1-AFCF-C6EB07647825_10073_61418,-91.0,143.58495439462664,131.1472280076762,5dd4bf2144333f00067ab0af,109.0
1574222748134.0,FDA50693-A4E2-4FB1-AFCF-C6EB07647825_10073_61418,-80.0,143.58954837578506,131.16032232030705,5dd4bf2144333f00067ab0af,119.0
1574222748174.0,FDA50693-A4E2-4FB1-AFCF-C6EB07647825_10073_61418,-91.0,143.6079243004187,131.21269957083044,5dd4bf2144333f00067ab0af,159.0
1574222748362.0,FDA50693-A4E2-4FB1-AFCF-C6EB07647825_10073_61418,-78.0,143.69429114619678,131.4588726482903,5dd4bf2144333f00067ab0af,347.0
1574222748623.0,FDA50693-A4E2-4FB1-AFCF-C6EB07647825_10073_61418,-88.0,143.81419405443125,131.80063420795534,5dd4bf2144333f00067ab0af,608.0
1574222749411.0,FDA50693-A4E2-4FB1-AFCF-C6EB07647825_10073_61418,-78.0,144.1761997697139,132.8324660432659,5dd4bf2144333f00067ab0af,1396.0
1574222749430.0,FDA50693-A4E2-4FB1-AFCF-C6EB07647825_10073_61418,-77.0,144.18492833391485,132.8573452372645,5dd4bf2144333f00067ab0af,1415.0
1574222749813.0,FDA50693-A4E2-4FB1-AFCF-C6EB07647825_10073_61418,-78.0,144.36087781228193,133.35885741102584,5dd4bf2144333f00067ab0af,1798.0
1574222749913.0,FDA50693-A4E2-4FB1-AFCF-C6EB07647825_10073_61418,-91.0,144.406817623866,133.48980053733428,5dd4bf2144333f00067ab0af,1898.0
1574222749926.0,FDA50693-A4E2-4FB1-AFCF-C6EB07647825_10073_61418,-68.0,144.41278979937195,133.50682314375436,5dd4bf2144333f00067ab0af,1911.0
1574222750320.0,FDA50693-A4E2-4FB1-AFCF-C6EB07647825_10073_61418,-96.0,144.59379265701324,134.02273906140965,5dd4bf2144333f00067ab0af,2305.0
1574222750577.0,FDA50693-A4E2-4FB1-AFCF-C6EB07647825_10073_61418,-95.0,144.71185797278437,134.35926289602233,5dd4bf2144333f00067ab0af,2562.0
1574222750588.0,FDA50693-A4E2-4FB1-AFCF-C6EB07647825_10073_61418,-79.0,144.71691135205862,134.37366663991628,5dd4bf2144333f00067ab0af,2573.0
1574222751740.0,FDA50693-A4E2-4FB1-AFCF-C6EB07647825_10073_61418,-76.0,145.24613798150733,135.88213145498955,5dd4bf2144333f00067ab0af,2007.0
1574222752019.0,FDA50693-A4E2-4FB1-AFCF-C6EB07647825_10073_61418,-90.0,145.37431005582692,136.2474627773901,5dd4bf2144333f00067ab0af,1728.0
1574222752296.0,FDA50693-A4E2-4FB1-AFCF-C6EB07647825_10073_61418,-88.0,145.50156333391485,136.61017523726449,5dd4bf2144333f00067ab0af,1451.0
1574222752533.0,FDA50693-A4E2-4FB1-AFCF-C6EB07647825_10073_61418,-86.0,145.61044068736916,136.9205104466155,5dd4bf2144333f00067ab0af,1214.0
1574222752791.0,FDA50693-A4E2-4FB1-AFCF-C6EB07647825_10073_61418,-78.0,145.7289654012561,137.2583437124913,5dd4bf2144333f00067ab0af,956.0
1574222752824.0,FDA50693-A4E2-4FB1-AFCF-C6EB07647825_10073_61418,-86.0,145.74412553907885,137.30155494417306,5dd4bf2144333f00067ab0af,923.0
1574222753699.0,FDA50693-A4E2-4FB1-AFCF-C6EB07647825_10073_61418,-70.0,146.14609889043965,138.44730729937197,5dd4bf2144333f00067ab0af,48.0
1574222754720.0,FDA50693-A4E2-4FB1-AFCF-C6EB07647825_10073_61418,-82.0,146.45738634219654,137.29390325086706,5dd4bf2144333f00067ab0af,973.0
1574222755176.0,FDA50693-A4E2-4FB1-AFCF-C6EB07647825_10073_61418,-81.0,146.59293800924854,136.7239000878613,5dd4bf2144333f00067ab0af,1429.0
1574222756203.0,FDA50693-A4E2-4FB1-AFCF-C6EB07647825_10073_61418,-93.0,146.89822652254335,135.44014296416185,5dd4bf2144333f00067ab0af,1869.0
1574222758006.0,FDA50693-A4E2-4FB1-AFCF-C6EB07647825_10073_61418,-84.0,147.4341906797688,133.18638045780347,5dd4bf2144333f00067ab0af,66.0
1574222758278.0,FDA50693-A4E2-4FB1-AFCF-C6EB07647825_10073_61418,-80.0,147.40969841439042,133.28937195203198,5dd4bf2144333f00067ab0af,206.0
1574222758559.0,FDA50693-A4E2-4FB1-AFCF-C6EB07647825_10073_61418,-96.0,147.34952678547634,133.5423973817455,5dd4bf2144333f00067ab0af,487.0
1574222758798.0,FDA50693-A4E2-4FB1-AFCF-C6EB07647825_10073_61418,-80.0,147.2983487808128,133.75760406395736,5dd4bf2144333f00067ab0af,726.0
1574222758937.0,FDA50693-A4E2-4FB1-AFCF-C6EB07647825_10073_61418,-71.0,147.26858416722186,133.8827661092605,5dd4bf2144333f00067ab0af,865.0
1574222759318.0,FDA50693-A4E2-4FB1-AFCF-C6EB07647825_10073_61418,-83.0,147.18699914723518,134.22583617588276,5dd4bf2144333f00067ab0af,1246.0
1574222759361.0,FDA50693-A4E2-4FB1-AFCF-C6EB07647825_10073_61418,-90.0,147.17779138907395,134.2645553697535,5dd4bf2144333f00067ab0af,1289.0
1574222759461.0,FDA50693-A4E2-4FB1-AFCF-C6EB07647825_10073_61418,-75.0,147.15637799800135,134.35460000666222,5dd4bf2144333f00067ab0af,1389.0
1574222759835.0,FDA50693-A4E2-4FB1-AFCF-C6EB07647825_10073_61418,-84.0,147.07629191538973,134.69136694870087,5dd4bf2144333f00067ab0af,1763.0
1574222759854.0,FDA50693-A4E2-4FB1-AFCF-C6EB07647825_10073_61418,-91.0,147.07222337108595,134.70847542971353,5dd4bf2144333f00067ab0af,1782.0
1574222760025.0,FDA50693-A4E2-4FB1-AFCF-C6EB07647825_10073_61418,-94.0,147.03560647235176,134.86245175882746,5dd4bf2144333f00067ab0af,1953.0
1574222760118.0,FDA50693-A4E2-4FB1-AFCF-C6EB07647825_10073_61418,-82.0,147.01569201865422,134.94619327115257,5dd4bf2144333f00067ab0af,2046.0
1574222761161.0,FDA50693-A4E2-4FB1-AFCF-C6EB07647825_10073_61418,-70.0,146.79235034976682,135.8853588341106,5dd4bf2144333f00067ab0af,2915.0
1574222761708.0,FDA50693-A4E2-4FB1-AFCF-C6EB07647825_10073_61418,-91.0,146.6752191005996,136.37790299800133,5dd4bf2144333f00067ab0af,2368.0
1574222762209.0,FDA50693-A4E2-4FB1-AFCF-C6EB07647825_10073_61418,-74.0,146.5679380113258,136.82902662891408,5dd4bf2144333f00067ab0af,1867.0
1574222763507.0,FDA50693-A4E2-4FB1-AFCF-C6EB07647825_10073_61418,-77.0,146.28999219520318,137.99780601598934,5dd4bf2144333f00067ab0af,569.0
1574222763632.0,FDA50693-A4E2-4FB1-AFCF-C6EB07647825_10073_61418,-85.0,146.26322545636242,138.11036181212526,5dd4bf2144333f00067ab0af,444.0
1574222763725.0,FDA50693-A4E2-4FB1-AFCF-C6EB07647825_10073_61418,-88.0,146.24331100266488,138.19410332445037,5dd4bf2144333f00067ab0af,351.0
1574222764030.0,FDA50693-A4E2-4FB1-AFCF-C6EB07647825_10073_61418,-72.0,146.1780001598934,138.468739467022,5dd4bf2144333f00067ab0af,46.0
1574222764038.0,FDA50693-A4E2-4FB1-AFCF-C6EB07647825_10073_61418,-82.0,146.17628708860758,138.4759430379747,5dd4bf2144333f00067ab0af,38.0
1574222764096.0,FDA50693-A4E2-4FB1-AFCF-C6EB07647825_10073_61418,-81.0,146.14513729245073,138.51826387425282,5dd4bf2144333f00067ab0af,20.0
1574222764246.0,FDA50693-A4E2-4FB1-AFCF-C6EB07647825_10073_61418,-88.0,145.9725419858313,138.57904293114902,5dd4bf2144333f00067ab0af,170.0
1574222764337.0,FDA50693-A4E2-4FB1-AFCF-C6EB07647825_10073_61418,-76.0,145.86783416648217,138.61591555899935,5dd4bf2144333f00067ab0af,261.0
1574222764373.0,FDA50693-A4E2-4FB1-AFCF-C6EB07647825_10073_61418,-95.0,145.8264112928935,138.63050253265442,5dd4bf2144333f00067ab0af,297.0
1574222765169.0,FDA50693-A4E2-4FB1-AFCF-C6EB07647825_10073_61418,-94.0,144.91050553243304,138.95303672791675,5dd4bf2144333f00067ab0af,1093.0
1574222766005.0,FDA50693-A4E2-4FB1-AFCF-C6EB07647825_10073_61418,-88.0,143.94857435687402,139.29177867168474,5dd4bf2144333f00067ab0af,1929.0
1574222766188.0,FDA50693-A4E2-4FB1-AFCF-C6EB07647825_10073_61418,-95.0,143.73800808279833,139.36592912109808,5dd4bf2144333f00067ab0af,2112.0
1574222766276.0,FDA50693-A4E2-4FB1-AFCF-C6EB07647825_10073_61418,-90.0,143.63675216958157,139.4015861678105,5dd4bf2144333f00067ab0af,2200.0
1574222766696.0,FDA50693-A4E2-4FB1-AFCF-C6EB07647825_10073_61418,-92.0,143.15348531104715,139.57176752711976,5dd4bf2144333f00067ab0af,1897.0
1574222766896.0,FDA50693-A4E2-4FB1-AFCF-C6EB07647825_10073_61418,-78.0,142.92335823555456,139.652806269648,5dd4bf2144333f00067ab0af,1697.0
1574222767108.0,FDA50693-A4E2-4FB1-AFCF-C6EB07647825_10073_61418,-98.0,142.67942353553244,139.7387073367279,5dd4bf2144333f00067ab0af,1485.0
1574222767810.0,FDA50693-A4E2-4FB1-AFCF-C6EB07647825_10073_61418,-82.0,141.87167750055346,140.023153323002,5dd4bf2144333f00067ab0af,783.0
1574222768374.0,FDA50693-A4E2-4FB1-AFCF-C6EB07647825_10073_61418,-80.0,141.22271914766438,140.2516825769316,5dd4bf2144333f00067ab0af,219.0
1574222768639.0,FDA50693-A4E2-4FB1-AFCF-C6EB07647825_10073_61418,-81.0,140.94067737364782,140.40507549210852,5dd4bf2144333f00067ab0af,46.0
1574222770366.0,FDA50693-A4E2-4FB1-AFCF-C6EB07647825_10073_61418,-83.0,139.81239724951232,142.83246755453095,5dd4bf2144333f00067ab0af,1773.0
1574222773023.0,FDA50693-A4E2-4FB1-AFCF-C6EB07647825_10073_61418,-91.0,138.07653141869125,146.5670250008867,5dd4bf2144333f00067ab0af,1209.0
1574222773440.0,FDA50693-A4E2-4FB1-AFCF-C6EB07647825_10073_61418,-94.0,137.804097827629,147.15314109239227,5dd4bf2144333f00067ab0af,792.0
1574222773523.0,FDA50693-A4E2-4FB1-AFCF-C6EB07647825_10073_61418,-87.0,137.74987243660223,147.26980208902287,5dd4bf2144333f00067ab0af,709.0
1574222773546.0,FDA50693-A4E2-4FB1-AFCF-C6EB07647825_10073_61418,-93.0,137.73484612342614,147.30212983507715,5dd4bf2144333f00067ab0af,686.0
1574222706629.0,FDA50693-A4E2-4FB1-AFCF-C6EB07647825_10073_61418,-91.0,175.3374132645631,109.52462580703883,5dd4bf2227889b0006b77895,282.0
1574222708164.0,FDA50693-A4E2-4FB1-AFCF-C6EB07647825_10073_61418,-97.0,173.44132500606798,109.8232475758495,5dd4bf2227889b0006b77895,1817.0
1574222708219.0,FDA50693-A4E2-4FB1-AFCF-C6EB07647825_10073_61418,-83.0,173.37338699029127,109.83394737864077,5dd4bf2227889b0006b77895,1872.0
1574222710308.0,FDA50693-A4E2-4FB1-AFCF-C6EB07647825_10073_61418,-82.0,170.7929776274272,110.2403453428398,5dd4bf2227889b0006b77895,983.0
1574222710794.0,FDA50693-A4E2-4FB1-AFCF-C6EB07647825_10073_61418,-90.0,170.19265261529128,110.33489269114078,5dd4bf2227889b0006b77895,497.0
1574222711027.0,FDA50693-A4E2-4FB1-AFCF-C6EB07647825_10073_61418,-94.0,169.90484247572817,110.38022094660194,5dd4bf2227889b0006b77895,264.0
1574222714514.0,FDA50693-A4E2-4FB1-AFCF-C6EB07647825_10073_61418,-79.0,168.94204896343305,114.48817695376246,5dd4bf2227889b0006b77895,86.0
1574222718365.0,FDA50693-A4E2-4FB1-AFCF-C6EB07647825_10073_61418,-91.0,164.5652203725694,116.75539055811193,5dd4bf2227889b0006b77895,1227.0
1574222718644.0,FDA50693-A4E2-4FB1-AFCF-C6EB07647825_10073_61418,-88.0,164.34910573845926,117.09783442095889,5dd4bf2227889b0006b77895,1506.0
1574222718882.0,FDA50693-A4E2-4FB1-AFCF-C6EB07647825_10073_61418,-89.0,164.1647498857058,117.389954992133,5dd4bf2227889b0006b77895,1744.0
1574222719201.0,FDA50693-A4E2-4FB1-AFCF-C6EB07647825_10073_61418,-93.0,163.9176510746623,117.78149474929494,5dd4bf2227889b0006b77895,2063.0
1574222719208.0,FDA50693-A4E2-4FB1-AFCF-C6EB07647825_10073_61418,-88.0,163.91222884369898,117.79008653080007,5dd4bf2227889b0006b77895,2070.0
1574222719674.0,FDA50693-A4E2-4FB1-AFCF-C6EB07647825_10073_61418,-86.0,163.5512631824254,118.36205369956954,5dd4bf2227889b0006b77895,2536.0
1574222720385.0,FDA50693-A4E2-4FB1-AFCF-C6EB07647825_10073_61418,-91.0,163.00051943743506,119.23473322101826,5dd4bf2227889b0006b77895,3247.0
1574222720533.0,FDA50693-A4E2-4FB1-AFCF-C6EB07647825_10073_61418,-77.0,162.88587798278164,119.41638802998368,5dd4bf2227889b0006b77895,3342.0
1574222721208.0,FDA50693-A4E2-4FB1-AFCF-C6EB07647825_10073_61418,-91.0,162.3630199970313,120.24488124654891,5dd4bf2227889b0006b77895,2667.0
1574222722281.0,FDA50693-A4E2-4FB1-AFCF-C6EB07647825_10073_61418,-82.0,161.53186945079412,121.56187861154817,5dd4bf2227889b0006b77895,1594.0
1574222723353.0,FDA50693-A4E2-4FB1-AFCF-C6EB07647825_10073_61418,-82.0,160.70149350898023,122.87764857918955,5dd4bf2227889b0006b77895,522.0
1574222723577.0,FDA50693-A4E2-4FB1-AFCF-C6EB07647825_10073_61418,-87.0,160.52798211815346,123.15258558735341,5dd4bf2227889b0006b77895,298.0
1574222723669.0,FDA50693-A4E2-4FB1-AFCF-C6EB07647825_10073_61418,-77.0,160.45671851120676,123.26550614427786,5dd4bf2227889b0006b77895,206.0
1574222724418.0,FDA50693-A4E2-4FB1-AFCF-C6EB07647825_10073_61418,-82.0,159.60157973112496,123.84068059324586,5dd4bf2227889b0006b77895,543.0
1574222725118.0,FDA50693-A4E2-4FB1-AFCF-C6EB07647825_10073_61418,-72.0,158.7048961432566,124.2562080615186,5dd4bf2227889b0006b77895,1243.0
1574222725283.0,FDA50693-A4E2-4FB1-AFCF-C6EB07647825_10073_61418,-94.0,158.4935350118305,124.35415382189719,5dd4bf2227889b0006b77895,1408.0
1574222725675.0,FDA50693-A4E2-4FB1-AFCF-C6EB07647825_10073_61418,-96.0,157.9913922026242,124.58684920412992,5dd4bf2227889b0006b77895,1800.0
1574222725963.0,FDA50693-A4E2-4FB1-AFCF-C6EB07647825_10073_61418,-73.0,157.6224709550441,124.7578090767907,5dd4bf2227889b0006b77895,2088.0
1574222726217.0,FDA50693-A4E2-4FB1-AFCF-C6EB07647825_10073_61418,-94.0,157.2971029103033,124.90858618670681,5dd4bf2227889b0006b77895,2307.0
1574222726240.0,FDA50693-A4E2-4FB1-AFCF-C6EB07647825_10073_61418,-83.0,157.26764044955905,124.92223923209292,5dd4bf2227889b0006b77895,2284.0
1574222726503.0,FDA50693-A4E2-4FB1-AFCF-C6EB07647825_10073_61418,-93.0,156.93074361583135,125.07835883802969,5dd4bf2227889b0006b77895,2021.0
1574222726663.0,FDA50693-A4E2-4FB1-AFCF-C6EB07647825_10073_61418,-78.0,156.72578736717574,125.17333654506345,5dd4bf2227889b0006b77895,1861.0
1574222727335.0,FDA50693-A4E2-4FB1-AFCF-C6EB07647825_10073_61418,-70.0,155.8649711228221,125.5722429146053,5dd4bf2227889b0006b77895,1189.0
1574222728598.0,FDA50693-A4E2-4FB1-AFCF-C6EB07647825_10073_61418,-78.0,154.31436922596012,126.39086381363501,5dd4bf2227889b0006b77895,74.0
1574222729146.0,FDA50693-A4E2-4FB1-AFCF-C6EB07647825_10073_61418,-76.0,154.11056673712415,127.22632546055374,5dd4bf2227889b0006b77895,622.0
1574222729425.0,FDA50693-A4E2-4FB1-AFCF-C6EB07647825_10073_61418,-95.0,154.00680598094672,127.65167910925871,5dd4bf2227889b0006b77895,901.0
1574222729875.0,FDA50693-A4E2-4FB1-AFCF-C6EB07647825_10073_61418,-87.0,153.839449922596,128.3377333813635,5dd4bf2227889b0006b77895,1351.0
1574222730936.0,FDA50693-A4E2-4FB1-AFCF-C6EB07647825_10073_61418,-83.0,153.44486152724025,129.9552968984817,5dd4bf2227889b0006b77895,947.0
1574222732328.0,FDA50693-A4E2-4FB1-AFCF-C6EB07647825_10073_61418,-68.0,152.44293082340755,131.5954983480062,5dd4bf2227889b0006b77895,445.0
1574222732518.0,FDA50693-A4E2-4FB1-AFCF-C6EB07647825_10073_61418,-85.0,152.16551409632314,131.6793709010875,5dd4bf2227889b0006b77895,635.0
1574222733065.0,FDA50693-A4E2-4FB1-AFCF-C6EB07647825_10073_61418,-89.0,151.3668459399275,131.9208355670637,5dd4bf2227889b0006b77895,1182.0
1574222733246.0,FDA50693-A4E2-4FB1-AFCF-C6EB07647825_10073_61418,-89.0,151.10257000517868,132.0007352097359,5dd4bf2227889b0006b77895,1363.0
1574222733482.0,FDA50693-A4E2-4FB1-AFCF-C6EB07647825_10073_61418,-83.0,150.75798922837907,132.10491374935268,5dd4bf2227889b0006b77895,1599.0
1574222733495.0,FDA50693-A4E2-4FB1-AFCF-C6EB07647825_10073_61418,-91.0,150.73900808389436,132.1106523977214,5dd4bf2227889b0006b77895,1612.0
1574222733523.0,FDA50693-A4E2-4FB1-AFCF-C6EB07647825_10073_61418,-79.0,150.69812561885033,132.12301256343864,5dd4bf2227889b0006b77895,1640.0
1574222733738.0,FDA50693-A4E2-4FB1-AFCF-C6EB07647825_10073_61418,-74.0,150.38420669083376,132.21792097876747,5dd4bf2227889b0006b77895,1855.0
1574222734073.0,FDA50693-A4E2-4FB1-AFCF-C6EB07647825_10073_61418,-89.0,149.89507719834282,132.36580153288452,5dd4bf2227889b0006b77895,1672.0
1574222734670.0,FDA50693-A4E2-4FB1-AFCF-C6EB07647825_10073_61418,-73.0,149.02340464008287,132.62933792335576,5dd4bf2227889b0006b77895,1075.0
1574222734781.0,FDA50693-A4E2-4FB1-AFCF-C6EB07647825_10073_61418,-74.0,148.86133486794407,132.67833715173487,5dd4bf2227889b0006b77895,964.0
1574222735104.0,FDA50693-A4E2-4FB1-AFCF-C6EB07647825_10073_61418,-85.0,148.38972643190058,132.82092049197308,5dd4bf2227889b0006b77895,641.0
1574222735643.0,FDA50693-A4E2-4FB1-AFCF-C6EB07647825_10073_61418,-88.0,147.6027389798032,133.05885368203005,5dd4bf2227889b0006b77895,102.0
1574222735735.0,FDA50693-A4E2-4FB1-AFCF-C6EB07647825_10073_61418,-83.0,147.46841088037286,133.099465655101,5dd4bf2227889b0006b77895,10.0
1574222736258.0,FDA50693-A4E2-4FB1-AFCF-C6EB07647825_10073_61418,-81.0,146.8938069108635,132.80388503064069,5dd4bf2227889b0006b77895,513.0
1574222736759.0,FDA50693-A4E2-4FB1-AFCF-C6EB07647825_10073_61418,-85.0,146.34690330919221,132.51090748746518,5dd4bf2227889b0006b77895,1014.0
1574222737719.0,FDA50693-A4E2-4FB1-AFCF-C6EB07647825_10073_61418,-83.0,145.29894431197772,131.94951339275767,5dd4bf2227889b0006b77895,1616.0
1574222737825.0,FDA50693-A4E2-4FB1-AFCF-C6EB07647825_10073_61418,-83.0,145.18323217270193,131.88752612813371,5dd4bf2227889b0006b77895,1510.0
1574222738242.0,FDA50693-A4E2-4FB1-AFCF-C6EB07647825_10073_61418,-94.0,144.7280249832869,131.64367056824514,5dd4bf2227889b0006b77895,1093.0
1574222738686.0,FDA50693-A4E2-4FB1-AFCF-C6EB07647825_10073_61418,-82.0,144.2433439470752,131.3840257994429,5dd4bf2227889b0006b77895,649.0
1574222738711.0,FDA50693-A4E2-4FB1-AFCF-C6EB07647825_10073_61418,-95.0,144.2160533481894,131.3694061615599,5dd4bf2227889b0006b77895,624.0
1574222738882.0,FDA50693-A4E2-4FB1-AFCF-C6EB07647825_10073_61418,-94.0,144.02938565181057,131.26940783844012,5dd4bf2227889b0006b77895,453.0
1574222739284.0,FDA50693-A4E2-4FB1-AFCF-C6EB07647825_10073_61418,-92.0,143.59055282172702,131.03432406128135,5dd4bf2227889b0006b77895,51.0
1574222739478.0,FDA50693-A4E2-4FB1-AFCF-C6EB07647825_10073_61418,-72.0,143.63867829412854,131.06010498981294,5dd4bf2227889b0006b77895,143.0
1574222739512.0,FDA50693-A4E2-4FB1-AFCF-C6EB07647825_10073_61418,-87.0,143.66335760881643,131.0733257566216,5dd4bf2227889b0006b77895,177.0
1574222739649.0,FDA50693-A4E2-4FB1-AFCF-C6EB07647825_10073_61418,-98.0,143.76280072976476,131.1265976699389,5dd4bf2227889b0006b77895,314.0
1574222739754.0,FDA50693-A4E2-4FB1-AFCF-C6EB07647825_10073_61418,-83.0,143.8390162604186,131.16742650861272,5dd4bf2227889b0006b77895,419.0
1574222740004.0,FDA50693-A4E2-4FB1-AFCF-C6EB07647825_10073_61418,-73.0,144.02048180959437,131.2646380292647,5dd4bf2227889b0006b77895,669.0
1574222740060.0,FDA50693-A4E2-4FB1-AFCF-C6EB07647825_10073_61418,-89.0,144.06113009260974,131.28641340989074,5dd4bf2227889b0006b77895,725.0
1574222740279.0,FDA50693-A4E2-4FB1-AFCF-C6EB07647825_10073_61418,-64.0,144.22009391368772,131.37157070198185,5dd4bf2227889b0006b77895,944.0
1574222740787.0,FDA50693-A4E2-4FB1-AFCF-C6EB07647825_10073_61418,-76.0,144.58883190961288,131.56910451194668,5dd4bf2227889b0006b77895,1452.0
1574222740802.0,FDA50693-A4E2-4FB1-AFCF-C6EB07647825_10073_61418,-99.0,144.59971984256342,131.57493720318578,5dd4bf2227889b0006b77895,1467.0
1574222740936.0,FDA50693-A4E2-4FB1-AFCF-C6EB07647825_10073_61418,-78.0,144.69698537692165,131.62704257825524,5dd4bf2227889b0006b77895,1601.0
1574222741124.0,FDA50693-A4E2-4FB1-AFCF-C6EB07647825_10073_61418,-81.0,144.8334474699018,131.70014564178553,5dd4bf2227889b0006b77895,1789.0
1574222741190.0,FDA50693-A4E2-4FB1-AFCF-C6EB07647825_10073_61418,-75.0,144.88135437488424,131.72580948323764,5dd4bf2227889b0006b77895,1855.0
1574222741300.0,FDA50693-A4E2-4FB1-AFCF-C6EB07647825_10073_61418,-74.0,144.96119921652158,131.76858255232452,5dd4bf2227889b0006b77895,1965.0
1574222741321.0,FDA50693-A4E2-4FB1-AFCF-C6EB07647825_10073_61418,-85.0,144.97644232265233,131.77674832005928,5dd4bf2227889b0006b77895,1986.0
1574222741328.0,FDA50693-A4E2-4FB1-AFCF-C6EB07647825_10073_61418,-88.0,144.98152335802925,131.77947024263753,5dd4bf2227889b0006b77895,1993.0
1574222741905.0,FDA50693-A4E2-4FB1-AFCF-C6EB07647825_10073_61418,-83.0,145.40034584552694,132.00383443230228,5dd4bf2227889b0006b77895,2570.0
1574222742612.0,FDA50693-A4E2-4FB1-AFCF-C6EB07647825_10073_61418,-76.0,145.91353041859603,132.27874861270607,5dd4bf2227889b0006b77895,2122.0
1574222742781.0,FDA50693-A4E2-4FB1-AFCF-C6EB07647825_10073_61418,-73.0,146.03620112983884,132.34446360066678,5dd4bf2227889b0006b77895,1953.0
1574222743807.0,FDA50693-A4E2-4FB1-AFCF-C6EB07647825_10073_61418,-80.0,146.78093574365624,132.7434196814225,5dd4bf2227889b0006b77895,927.0
1574222744175.0,FDA50693-A4E2-4FB1-AFCF-C6EB07647825_10073_61418,-80.0,147.048053032043,132.8865150398222,5dd4bf2227889b0006b77895,559.0
1574252646524.0,FDA50693-A4E2-4FB1-AFCF-C6EB07647825_10073_61418,-88.0,39.56694446156341,61.61256081219591,5dd530db50e04e0006f5656b,266.0
1574252646781.0,FDA50693-A4E2-4FB1-AFCF-C6EB07647825_10073_61418,-88.0,39.38593285111904,61.8026836269867,5dd530db50e04e0006f5656b,523.0
1574252648102.0,FDA50693-A4E2-4FB1-AFCF-C6EB07647825_10073_61418,-80.0,38.45551908692831,62.77992969056114,5dd530db50e04e0006f5656b,1239.0
1574252648209.0,FDA50693-A4E2-4FB1-AFCF-C6EB07647825_10073_61418,-81.0,38.3801562763542,62.85908588193318,5dd530db50e04e0006f5656b,1132.0
1574252900654.0,FDA50693-A4E2-4FB1-AFCF-C6EB07647825_10073_61418,-89.0,83.97216086648287,111.25284957227255,5dd5319f50e04e0006f56584,78.0
1574252900682.0,FDA50693-A4E2-4FB1-AFCF-C6EB07647825_10073_61418,-81.0,83.98792374163057,111.22558388026783,5dd5319f50e04e0006f56584,106.0
1574252902414.0,FDA50693-A4E2-4FB1-AFCF-C6EB07647825_10073_61418,-84.0,84.96297016148091,109.53900607483261,5dd5319f50e04e0006f56584,701.0
1574252902638.0,FDA50693-A4E2-4FB1-AFCF-C6EB07647825_10073_61418,-87.0,85.08907316266247,109.32088053879481,5dd5319f50e04e0006f56584,477.0
1574252903200.0,FDA50693-A4E2-4FB1-AFCF-C6EB07647825_10073_61418,-78.0,85.45095553705045,108.769843053343,5dd5319f50e04e0006f56584,85.0
1574252904263.0,FDA50693-A4E2-4FB1-AFCF-C6EB07647825_10073_61418,-87.0,86.61838637098721,107.68749712044412,5dd5319f50e04e0006f56584,1148.0
1574252904499.0,FDA50693-A4E2-4FB1-AFCF-C6EB07647825_10073_61418,-87.0,86.87757139150375,107.44720206854936,5dd5319f50e04e0006f56584,1384.0
1574252904768.0,FDA50693-A4E2-4FB1-AFCF-C6EB07647825_10073_61418,-84.0,87.1729983852281,107.17330643736423,5dd5319f50e04e0006f56584,1653.0
1574252909144.0,FDA50693-A4E2-4FB1-AFCF-C6EB07647825_10073_61418,-92.0,90.74167517557252,105.38606410687024,5dd5319f50e04e0006f56584,1127.0
1574252910256.0,FDA50693-A4E2-4FB1-AFCF-C6EB07647825_10073_61418,-94.0,91.23344047527382,105.82713431198141,5dd5319f50e04e0006f56584,15.0
1574252911150.0,FDA50693-A4E2-4FB1-AFCF-C6EB07647825_10073_61418,-89.0,90.879474533867,105.50965800677339,5dd5319f50e04e0006f56584,879.0
1574252920811.0,FDA50693-A4E2-4FB1-AFCF-C6EB07647825_10073_61418,-89.0,90.0223304428806,104.74087517429041,5dd531a0d48f840006f14b24,367.0
1574252921952.0,FDA50693-A4E2-4FB1-AFCF-C6EB07647825_10073_61418,-90.0,90.37896427210885,105.06074434013605,5dd531a0d48f840006f14b24,1508.0
1574252921989.0,FDA50693-A4E2-4FB1-AFCF-C6EB07647825_10073_61418,-96.0,90.3905290851513,105.0711169598874,5dd531a0d48f840006f14b24,1545.0
1574252922113.0,FDA50693-A4E2-4FB1-AFCF-C6EB07647825_10073_61418,-90.0,90.42928683696927,105.10587925310814,5dd531a0d48f840006f14b24,1669.0
1574252922772.0,FDA50693-A4E2-4FB1-AFCF-C6EB07647825_10073_61418,-92.0,90.6352655341309,105.2906240211119,5dd531a0d48f840006f14b24,1935.0
1574252923783.0,FDA50693-A4E2-4FB1-AFCF-C6EB07647825_10073_61418,-96.0,90.95126623645321,105.57404884729064,5dd531a0d48f840006f14b24,924.0
1574252924047.0,FDA50693-A4E2-4FB1-AFCF-C6EB07647825_10073_61418,-100.0,91.03378274032372,105.64805889092189,5dd531a0d48f840006f14b24,660.0
1574252924602.0,FDA50693-A4E2-4FB1-AFCF-C6EB07647825_10073_61418,-93.0,91.20725493596059,105.80364818719212,5dd531a0d48f840006f14b24,105.0
1574252925093.0,FDA50693-A4E2-4FB1-AFCF-C6EB07647825_10073_61418,-92.0,90.90507355237534,106.0052581097669,5dd531a0d48f840006f14b24,386.0
1574252925376.0,FDA50693-A4E2-4FB1-AFCF-C6EB07647825_10073_61418,-90.0,90.65946441590441,106.13148938713485,5dd531a0d48f840006f14b24,669.0
1574252925508.0,FDA50693-A4E2-4FB1-AFCF-C6EB07647825_10073_61418,-84.0,90.54490467733845,106.19036758011212,5dd531a0d48f840006f14b24,801.0
1574252930556.0,FDA50693-A4E2-4FB1-AFCF-C6EB07647825_10073_61418,-88.0,86.16386255399824,108.44201241457658,5dd531a0d48f840006f14b24,929.0
1574252932931.0,FDA50693-A4E2-4FB1-AFCF-C6EB07647825_10073_61418,-92.0,84.48771976010102,110.3610661969697,5dd531a0d48f840006f14b24,930.0
1574252933396.0,FDA50693-A4E2-4FB1-AFCF-C6EB07647825_10073_61418,-93.0,84.20798488005052,110.84493509848485,5dd531a0d48f840006f14b24,465.0
1574252936979.0,FDA50693-A4E2-4FB1-AFCF-C6EB07647825_10073_61418,-98.0,86.43210114961053,108.52703686972872,5dd531a0d48f840006f14b24,3118.0
1574252937803.0,FDA50693-A4E2-4FB1-AFCF-C6EB07647825_10073_61418,-88.0,87.09379882352941,107.78660835294119,5dd531a0d48f840006f14b24,3504.0
1574252939354.0,FDA50693-A4E2-4FB1-AFCF-C6EB07647825_10073_61418,-97.0,88.33930014907332,106.39291341418212,5dd531a0d48f840006f14b24,1953.0
1574252939490.0,FDA50693-A4E2-4FB1-AFCF-C6EB07647825_10073_61418,-96.0,88.44851238651624,106.27070676578029,5dd531a0d48f840006f14b24,1817.0
1574252939650.0,FDA50693-A4E2-4FB1-AFCF-C6EB07647825_10073_61418,-90.0,88.57699737174322,106.12693423824872,5dd531a0d48f840006f14b24,1657.0
1574252941056.0,FDA50693-A4E2-4FB1-AFCF-C6EB07647825_10073_61418,-91.0,89.70605917942518,104.86353315256514,5dd531a0d48f840006f14b24,251.0
1574252941208.0,FDA50693-A4E2-4FB1-AFCF-C6EB07647825_10073_61418,-91.0,89.82811991539081,104.72694925141016,5dd531a0d48f840006f14b24,99.0
1574252941584.0,FDA50693-A4E2-4FB1-AFCF-C6EB07647825_10073_61418,-90.0,90.06205086108787,104.77650089456067,5dd531a0d48f840006f14b24,277.0
1574252941842.0,FDA50693-A4E2-4FB1-AFCF-C6EB07647825_10073_61418,-91.0,90.2058889916318,104.90551104184101,5dd531a0d48f840006f14b24,535.0
1574252942398.0,FDA50693-A4E2-4FB1-AFCF-C6EB07647825_10073_61418,-92.0,90.51586573807532,105.18353290962344,5dd531a0d48f840006f14b24,1091.0
1574252943173.0,FDA50693-A4E2-4FB1-AFCF-C6EB07647825_10073_61418,-94.0,90.94793764184101,105.57106339079498,5dd531a0d48f840006f14b24,524.0
1574252945520.0,FDA50693-A4E2-4FB1-AFCF-C6EB07647825_10073_61418,-95.0,89.74908349082774,106.95374368232662,5dd531a0d48f840006f14b24,1823.0
1574252946528.0,FDA50693-A4E2-4FB1-AFCF-C6EB07647825_10073_61418,-99.0,88.92466306666667,107.57339533333334,5dd531a0d48f840006f14b24,2831.0
1574252948882.0,FDA50693-A4E2-4FB1-AFCF-C6EB07647825_10073_61418,-95.0,86.999379655481,109.02047865324386,5dd531a0d48f840006f14b24,3755.0
1574253113267.0,FDA50693-A4E2-4FB1-AFCF-C6EB07647825_10073_61418,-94.0,76.20515903081733,158.1329254220634,5dd5336b50e04e0006f5658e,368.0
1574253113549.0,FDA50693-A4E2-4FB1-AFCF-C6EB07647825_10073_61418,-82.0,75.98666192943278,158.19808077266637,5dd5336b50e04e0006f5658e,650.0
1574253114837.0,FDA50693-A4E2-4FB1-AFCF-C6EB07647825_10073_61418,-90.0,74.98870353729343,158.49566974988835,5dd5336b50e04e0006f5658e,1938.0
1574253115626.0,FDA50693-A4E2-4FB1-AFCF-C6EB07647825_10073_61418,-96.0,74.37737654086646,158.67796610317106,5dd5336b50e04e0006f5658e,1751.0
1574253115628.0,FDA50693-A4E2-4FB1-AFCF-C6EB07647825_10073_61418,-89.0,74.37582691603394,158.6784281978562,5dd5336b50e04e0006f5658e,1749.0
1574253117676.0,FDA50693-A4E2-4FB1-AFCF-C6EB07647825_10073_61418,-97.0,72.75487687556766,159.29805305631243,5dd5336b50e04e0006f5658e,299.0
1574253118788.0,FDA50693-A4E2-4FB1-AFCF-C6EB07647825_10073_61418,-90.0,71.76633816530426,160.09959699818347,5dd5336b50e04e0006f5658e,1411.0
1574253122957.0,FDA50693-A4E2-4FB1-AFCF-C6EB07647825_10073_61418,-90.0,68.06020697547685,163.10466596730245,5dd5336b50e04e0006f5658e,1026.0
1574253125261.0,FDA50693-A4E2-4FB1-AFCF-C6EB07647825_10073_61418,-90.0,67.65221655339806,164.4575270596394,5dd5336b50e04e0006f5658e,1278.0
1574253126439.0,FDA50693-A4E2-4FB1-AFCF-C6EB07647825_10073_61418,-93.0,68.11686893203884,165.02284452149792,5dd5336b50e04e0006f5658e,428.0
1574253126797.0,FDA50693-A4E2-4FB1-AFCF-C6EB07647825_10073_61418,-97.0,68.2580790776699,165.1946472815534,5dd5336b50e04e0006f5658e,70.0
1574253127658.0,FDA50693-A4E2-4FB1-AFCF-C6EB07647825_10073_61418,-97.0,69.04376015535568,164.56480711365495,5dd5336b50e04e0006f5658e,791.0
1574253128827.0,FDA50693-A4E2-4FB1-AFCF-C6EB07647825_10073_61418,-97.0,70.16409392477514,163.58433550286182,5dd5336b50e04e0006f5658e,1960.0
1574253129081.0,FDA50693-A4E2-4FB1-AFCF-C6EB07647825_10073_61418,-97.0,70.40751973951642,163.37129889966124,5dd5336b50e04e0006f5658e,2214.0
1574253129236.0,FDA50693-A4E2-4FB1-AFCF-C6EB07647825_10073_61418,-89.0,70.55606698866956,163.24129624810186,5dd5336b50e04e0006f5658e,2369.0
1574253129484.0,FDA50693-A4E2-4FB1-AFCF-C6EB07647825_10073_61418,-96.0,70.79374258731457,163.03329200560682,5dd5336b50e04e0006f5658e,2617.0
1574253129940.0,FDA50693-A4E2-4FB1-AFCF-C6EB07647825_10073_61418,-88.0,71.2307590106296,162.65083259198693,5dd5336b50e04e0006f5658e,3073.0
1574253130027.0,FDA50693-A4E2-4FB1-AFCF-C6EB07647825_10073_61418,-91.0,71.31413714402524,162.5778633617568,5dd5336b50e04e0006f5658e,3160.0
1574253130377.0,FDA50693-A4E2-4FB1-AFCF-C6EB07647825_10073_61418,-90.0,71.64956641630651,162.28430898726785,5dd5336b50e04e0006f5658e,3510.0
1574253130560.0,FDA50693-A4E2-4FB1-AFCF-C6EB07647825_10073_61418,-94.0,71.82494800724214,162.13082198574932,5dd5336b50e04e0006f5658e,3693.0
1574253130886.0,FDA50693-A4E2-4FB1-AFCF-C6EB07647825_10073_61418,-90.0,72.13737641513842,161.85739705408247,5dd5336b50e04e0006f5658e,4019.0
1574253131943.0,FDA50693-A4E2-4FB1-AFCF-C6EB07647825_10073_61418,-91.0,73.15037281742788,160.97086284312581,5dd5336b50e04e0006f5658e,3485.0
1574253133798.0,FDA50693-A4E2-4FB1-AFCF-C6EB07647825_10073_61418,-87.0,74.92814796051863,159.41502465833432,5dd5336b50e04e0006f5658e,1630.0
1574253135019.0,FDA50693-A4E2-4FB1-AFCF-C6EB07647825_10073_61418,-91.0,76.09831693610559,158.39093925475996,5dd5336b50e04e0006f5658e,409.0
1574253210914.0,FDA50693-A4E2-4FB1-AFCF-C6EB07647825_10073_61418,-86.0,84.63815698043256,151.65601593202885,5dd53377d48f840006f14b33,96.0
1574253211419.0,FDA50693-A4E2-4FB1-AFCF-C6EB07647825_10073_61418,-93.0,84.05888505458292,151.5525221369722,5dd53377d48f840006f14b33,601.0
1574253212596.0,FDA50693-A4E2-4FB1-AFCF-C6EB07647825_10073_61418,-93.0,82.70877999176108,151.31130986611743,5dd53377d48f840006f14b33,164.0
1574253213106.0,FDA50693-A4E2-4FB1-AFCF-C6EB07647825_10073_61418,-92.0,82.70417252166472,151.65605305445598,5dd53377d48f840006f14b33,346.0
1574253213138.0,FDA50693-A4E2-4FB1-AFCF-C6EB07647825_10073_61418,-97.0,82.72114477800365,151.69104524446348,5dd53377d48f840006f14b33,378.0
1574253213541.0,FDA50693-A4E2-4FB1-AFCF-C6EB07647825_10073_61418,-92.0,82.93488913127207,152.1317281373703,5dd53377d48f840006f14b33,781.0
1574253215111.0,FDA50693-A4E2-4FB1-AFCF-C6EB07647825_10073_61418,-86.0,83.76759045790094,153.84853245961273,5dd53377d48f840006f14b33,2351.0
1574253215721.0,FDA50693-A4E2-4FB1-AFCF-C6EB07647825_10073_61418,-90.0,84.09112409436183,154.51557108163047,5dd53377d48f840006f14b33,2961.0
1574253215979.0,FDA50693-A4E2-4FB1-AFCF-C6EB07647825_10073_61418,-78.0,84.22796291109448,154.79769561356585,5dd53377d48f840006f14b33,3219.0
1574253219279.0,FDA50693-A4E2-4FB1-AFCF-C6EB07647825_10073_61418,-81.0,85.97822684604687,158.40626520808817,5dd53377d48f840006f14b33,2828.0
1574253221119.0,FDA50693-A4E2-4FB1-AFCF-C6EB07647825_10073_61418,-93.0,86.95413158553546,160.4183161335188,5dd53377d48f840006f14b33,988.0
1574253221898.0,FDA50693-A4E2-4FB1-AFCF-C6EB07647825_10073_61418,-82.0,87.36729995078635,161.2701572590136,5dd53377d48f840006f14b33,209.0
1574253223760.0,FDA50693-A4E2-4FB1-AFCF-C6EB07647825_10073_61418,-99.0,87.90656605347085,162.13624405238517,5dd53377d48f840006f14b33,1653.0
1574253224010.0,FDA50693-A4E2-4FB1-AFCF-C6EB07647825_10073_61418,-88.0,87.97135976996675,162.23266632286084,5dd53377d48f840006f14b33,1903.0
1574253225219.0,FDA50693-A4E2-4FB1-AFCF-C6EB07647825_10073_61418,-95.0,88.2847021829409,162.6989644228812,5dd53377d48f840006f14b33,3112.0
1574253226160.0,FDA50693-A4E2-4FB1-AFCF-C6EB07647825_10073_61418,-84.0,88.52858573183144,163.06189784895162,5dd53377d48f840006f14b33,4053.0
1574253226776.0,FDA50693-A4E2-4FB1-AFCF-C6EB07647825_10073_61418,-99.0,88.68823744927732,163.29948232340368,5dd53377d48f840006f14b33,4669.0
1574253232109.0,FDA50693-A4E2-4FB1-AFCF-C6EB07647825_10073_61418,-77.0,90.07041700956776,165.35636219719075,5dd53377d48f840006f14b33,4735.0
1574253235465.0,FDA50693-A4E2-4FB1-AFCF-C6EB07647825_10073_61418,-88.0,90.94020785980865,166.65073475605618,5dd53377d48f840006f14b33,1379.0
1574253239756.0,FDA50693-A4E2-4FB1-AFCF-C6EB07647825_10073_61418,-96.0,94.24290544488542,168.88243852515683,5dd53377d48f840006f14b33,2912.0
1574253240880.0,FDA50693-A4E2-4FB1-AFCF-C6EB07647825_10073_61418,-88.0,95.37975712072718,169.53855751632315,5dd53377d48f840006f14b33,3775.0
1574253243219.0,FDA50693-A4E2-4FB1-AFCF-C6EB07647825_10073_61418,-97.0,97.74550095506336,170.9039154525669,5dd53377d48f840006f14b33,1436.0
1574253244072.0,FDA50693-A4E2-4FB1-AFCF-C6EB07647825_10073_61418,-76.0,98.60825405069772,171.4018420535143,5dd53377d48f840006f14b33,583.0
1574253244148.0,FDA50693-A4E2-4FB1-AFCF-C6EB07647825_10073_61418,-95.0,98.68512302522083,171.44620597106646,5dd53377d48f840006f14b33,507.0
1574253244459.0,FDA50693-A4E2-4FB1-AFCF-C6EB07647825_10073_61418,-77.0,98.9996789604404,171.62774779157598,5dd53377d48f840006f14b33,196.0
1574253244595.0,FDA50693-A4E2-4FB1-AFCF-C6EB07647825_10073_61418,-71.0,99.13723396748175,171.7071358545641,5dd53377d48f840006f14b33,60.0
1574253245109.0,FDA50693-A4E2-4FB1-AFCF-C6EB07647825_10073_61418,-73.0,99.61363650230415,171.37471944124425,5dd53377d48f840006f14b33,454.0
1574253245502.0,FDA50693-A4E2-4FB1-AFCF-C6EB07647825_10073_61418,-79.0,99.97349682258064,171.05664864919356,5dd53377d48f840006f14b33,847.0
1574253247208.0,FDA50693-A4E2-4FB1-AFCF-C6EB07647825_10073_61418,-77.0,101.53563856912443,169.6759138623272,5dd53377d48f840006f14b33,919.0
1574253249035.0,FDA50693-A4E2-4FB1-AFCF-C6EB07647825_10073_61418,-72.0,101.46173838217523,168.53231510574017,5dd53377d48f840006f14b33,908.0
1574253249307.0,FDA50693-A4E2-4FB1-AFCF-C6EB07647825_10073_61418,-82.0,101.1875199592145,168.4125467673716,5dd53377d48f840006f14b33,1180.0
1574253253499.0,FDA50693-A4E2-4FB1-AFCF-C6EB07647825_10073_61418,-96.0,96.92731571428571,166.5630232626557,5dd53377d48f840006f14b33,76.0
1574253254746.0,FDA50693-A4E2-4FB1-AFCF-C6EB07647825_10073_61418,-82.0,95.11204,165.9535235064935,5dd53377d48f840006f14b33,1323.0
1574253256226.0,FDA50693-A4E2-4FB1-AFCF-C6EB07647825_10073_61418,-88.0,92.95758285714285,165.23013967399947,5dd53377d48f840006f14b33,970.0
1574253703856.0,FDA50693-A4E2-4FB1-AFCF-C6EB07647825_10073_61418,-91.0,111.787784283054,139.71673782122906,5dd534c5d48f840006f14b38,560.0
1574253703974.0,FDA50693-A4E2-4FB1-AFCF-C6EB07647825_10073_61418,-88.0,111.62009875698324,139.75464696927375,5dd534c5d48f840006f14b38,678.0
1574253705703.0,FDA50693-A4E2-4FB1-AFCF-C6EB07647825_10073_61418,-70.0,109.16307948091247,140.31011236731842,5dd534c5d48f840006f14b38,1889.0
1574253706239.0,FDA50693-A4E2-4FB1-AFCF-C6EB07647825_10073_61418,-87.0,108.40138929469273,140.48230985335195,5dd534c5d48f840006f14b38,1353.0
1574253707267.0,FDA50693-A4E2-4FB1-AFCF-C6EB07647825_10073_61418,-83.0,106.94053572858473,140.81256921089386,5dd534c5d48f840006f14b38,325.0
1574253708088.0,FDA50693-A4E2-4FB1-AFCF-C6EB07647825_10073_61418,-92.0,106.1638621612389,140.71394814393076,5dd534c5d48f840006f14b38,496.0
1574253708177.0,FDA50693-A4E2-4FB1-AFCF-C6EB07647825_10073_61418,-81.0,106.10737087565475,140.67751702459577,5dd534c5d48f840006f14b38,585.0
1574253708695.0,FDA50693-A4E2-4FB1-AFCF-C6EB07647825_10073_61418,-77.0,105.77857889888408,140.46547972329765,5dd534c5d48f840006f14b38,1103.0
1574253709210.0,FDA50693-A4E2-4FB1-AFCF-C6EB07647825_10073_61418,-76.0,105.45169112275109,140.25467043725803,5dd534c5d48f840006f14b38,1618.0
1574253711877.0,FDA50693-A4E2-4FB1-AFCF-C6EB07647825_10073_61418,-84.0,103.75885675586427,139.1629648724664,5dd534c5d48f840006f14b38,4285.0
1574253712137.0,FDA50693-A4E2-4FB1-AFCF-C6EB07647825_10073_61418,-86.0,103.59382603393304,139.05653688339785,5dd534c5d48f840006f14b38,4237.0
1574253713822.0,FDA50693-A4E2-4FB1-AFCF-C6EB07647825_10073_61418,-87.0,102.52430000910954,138.36680164654976,5dd534c5d48f840006f14b38,2552.0
1574253713979.0,FDA50693-A4E2-4FB1-AFCF-C6EB07647825_10073_61418,-85.0,102.42464684240493,138.30253551468914,5dd534c5d48f840006f14b38,2395.0
1574253714070.0,FDA50693-A4E2-4FB1-AFCF-C6EB07647825_10073_61418,-80.0,102.366886089729,138.26528571851514,5dd534c5d48f840006f14b38,2304.0
1574253714335.0,FDA50693-A4E2-4FB1-AFCF-C6EB07647825_10073_61418,-97.0,102.19868170006832,138.15681103734912,5dd534c5d48f840006f14b38,2039.0
1574253715140.0,FDA50693-A4E2-4FB1-AFCF-C6EB07647825_10073_61418,-91.0,101.68772119562742,137.82729360965612,5dd534c5d48f840006f14b38,1234.0
1574253716446.0,FDA50693-A4E2-4FB1-AFCF-C6EB07647825_10073_61418,-87.0,100.82341802739727,137.36766216438357,5dd534c5d48f840006f14b38,72.0
1574253716776.0,FDA50693-A4E2-4FB1-AFCF-C6EB07647825_10073_61418,-94.0,100.45197565296803,137.57616791780822,5dd534c5d48f840006f14b38,402.0
1574253717224.0,FDA50693-A4E2-4FB1-AFCF-C6EB07647825_10073_61418,-82.0,99.94771449010655,137.8592302739726,5dd534c5d48f840006f14b38,850.0
1574253717302.0,FDA50693-A4E2-4FB1-AFCF-C6EB07647825_10073_61418,-85.0,99.85991901978691,137.9085134520548,5dd534c5d48f840006f14b38,928.0
1574253717744.0,FDA50693-A4E2-4FB1-AFCF-C6EB07647825_10073_61418,-80.0,99.36241135464232,138.18778479452055,5dd534c5d48f840006f14b38,1370.0
1574253718770.0,FDA50693-A4E2-4FB1-AFCF-C6EB07647825_10073_61418,-92.0,98.20756324505327,138.8360481369863,5dd534c5d48f840006f14b38,889.0
1574253720571.0,FDA50693-A4E2-4FB1-AFCF-C6EB07647825_10073_61418,-84.0,98.26961375895438,139.57187815885385,5dd534c5d48f840006f14b38,912.0
1574253721756.0,FDA50693-A4E2-4FB1-AFCF-C6EB07647825_10073_61418,-85.0,99.65041650496418,139.79813020736458,5dd534c5d48f840006f14b38,2097.0
1574253722983.0,FDA50693-A4E2-4FB1-AFCF-C6EB07647825_10073_61418,-86.0,101.08015909513635,140.03240131582254,5dd534c5d48f840006f14b38,3324.0
1574253722992.0,FDA50693-A4E2-4FB1-AFCF-C6EB07647825_10073_61418,-84.0,101.09064620459972,140.03411968581125,5dd534c5d48f840006f14b38,3333.0
1574253724128.0,FDA50693-A4E2-4FB1-AFCF-C6EB07647825_10073_61418,-92.0,102.41435246575342,140.25101616438357,5dd534c5d48f840006f14b38,3488.0
1574253726066.0,FDA50693-A4E2-4FB1-AFCF-C6EB07647825_10073_61418,-86.0,104.67257670353148,140.62103850194796,5dd534c5d48f840006f14b38,1550.0
1574253726252.0,FDA50693-A4E2-4FB1-AFCF-C6EB07647825_10073_61418,-94.0,104.8893102991077,140.65655148171422,5dd534c5d48f840006f14b38,1364.0
1574253726993.0,FDA50693-A4E2-4FB1-AFCF-C6EB07647825_10073_61418,-96.0,105.75274897825814,140.79803061078294,5dd534c5d48f840006f14b38,623.0
1574253727031.0,FDA50693-A4E2-4FB1-AFCF-C6EB07647825_10073_61418,-76.0,105.79702788488123,140.8052859507352,5dd534c5d48f840006f14b38,585.0
1574253728380.0,FDA50693-A4E2-4FB1-AFCF-C6EB07647825_10073_61418,-97.0,107.72312328708645,140.6356473959445,5dd534c5d48f840006f14b38,764.0
1574253728466.0,FDA50693-A4E2-4FB1-AFCF-C6EB07647825_10073_61418,-89.0,107.86320347385272,140.60397906616862,5dd534c5d48f840006f14b38,850.0
1574253728616.0,FDA50693-A4E2-4FB1-AFCF-C6EB07647825_10073_61418,-99.0,108.1075293810032,140.5487436072572,5dd534c5d48f840006f14b38,1000.0
1574253728640.0,FDA50693-A4E2-4FB1-AFCF-C6EB07647825_10073_61418,-89.0,108.14662152614727,140.53990593383136,5dd534c5d48f840006f14b38,1024.0
1574253729167.0,FDA50693-A4E2-4FB1-AFCF-C6EB07647825_10073_61418,-84.0,109.00501987993596,140.34584535485592,5dd534c5d48f840006f14b38,1551.0
1574253729252.0,FDA50693-A4E2-4FB1-AFCF-C6EB07647825_10073_61418,-87.0,109.14347122732124,140.31454526147277,5dd534c5d48f840006f14b38,1636.0
1574253730080.0,FDA50693-A4E2-4FB1-AFCF-C6EB07647825_10073_61418,-96.0,110.4921502347919,140.00964552828177,5dd534c5d48f840006f14b38,1284.0
1574253730638.0,FDA50693-A4E2-4FB1-AFCF-C6EB07647825_10073_61418,-78.0,111.40104260939168,139.80416962113128,5dd534c5d48f840006f14b38,726.0
1574253730862.0,FDA50693-A4E2-4FB1-AFCF-C6EB07647825_10073_61418,-93.0,111.76590263073639,139.7216846691569,5dd534c5d48f840006f14b38,502.0
1574253730942.0,FDA50693-A4E2-4FB1-AFCF-C6EB07647825_10073_61418,-85.0,111.89620978121664,139.69222575773748,5dd534c5d48f840006f14b38,422.0
1574253926821.0,FDA50693-A4E2-4FB1-AFCF-C6EB07647825_10073_61418,-94.0,152.0619755584757,111.91538484888305,5dd536aed48f840006f14b46,114.0
1574253928418.0,FDA50693-A4E2-4FB1-AFCF-C6EB07647825_10073_61418,-91.0,151.61153132063075,110.64737874069206,5dd536aed48f840006f14b46,1711.0
1574253928835.0,FDA50693-A4E2-4FB1-AFCF-C6EB07647825_10073_61418,-82.0,151.4939137582129,110.3162838458169,5dd536aed48f840006f14b46,2128.0
1574253929322.0,FDA50693-A4E2-4FB1-AFCF-C6EB07647825_10073_61418,-86.0,151.35655224047306,109.92960947218572,5dd536aed48f840006f14b46,1951.0
1574253929803.0,FDA50693-A4E2-4FB1-AFCF-C6EB07647825_10073_61418,-94.0,151.22088306176084,109.54769905387647,5dd536aed48f840006f14b46,1470.0
1574253930100.0,FDA50693-A4E2-4FB1-AFCF-C6EB07647825_10073_61418,-87.0,151.1371122798949,109.3118832654402,5dd536aed48f840006f14b46,1173.0
1574253957034.0,FDA50693-A4E2-4FB1-AFCF-C6EB07647825_10073_61418,-97.0,151.85382420534458,111.3294362119081,5dd536aed48f840006f14b46,398.0
1574253982557.0,FDA50693-A4E2-4FB1-AFCF-C6EB07647825_10073_61418,-103.0,151.94065841110682,111.57387557655225,5dd536afd48f840006f14b48,309.0
1574253982819.0,FDA50693-A4E2-4FB1-AFCF-C6EB07647825_10073_61418,-98.0,152.07078642499036,111.94018754724257,5dd536afd48f840006f14b48,47.0
1574254106233.0,FDA50693-A4E2-4FB1-AFCF-C6EB07647825_10073_61418,-91.0,185.40864937157988,88.28019062135922,5dd536bad48f840006f14b4a,732.0
1574254581658.0,FDA50693-A4E2-4FB1-AFCF-C6EB07647825_10073_61418,-93.0,159.47697323408624,160.32407877823408,5dd5380bd48f840006f14b5a,1512.0
