x_m,y_m,idw_rssi_dbm
31.0,49.0,
31.75,49.0,
32.5,49.0,
33.25,49.0,
34.0,49.0,
34.75,49.0,
35.5,49.0,
36.25,49.0,
37.0,49.0,
37.75,49.0,
38.5,49.0,
39.25,49.0,
40.0,49.0,
40.75,49.0,
41.5,49.0,
42.25,49.0,
43.0,49.0,
43.75,49.0,
44.5,49.0,
45.25,49.0,
46.0,49.0,
46.75,49.0,
47.5,49.0,
48.25,49.0,
49.0,49.0,
49.75,49.0,
50.5,49.0,
51.25,49.0,
52.0,49.0,
52.75,49.0,
53.5,49.0,
54.25,49.0,
55.0,49.0,
55.75,49.0,
56.5,49.0,
57.25,49.0,
58.0,49.0,-90.68518518518519
58.75,49.0,-91.59595115809225
59.5,49.0,-91.66377048062127
60.25,49.0,-91.68014255328966
61.0,49.0,-91.62637362637362
61.75,49.0,-91.98235535471761
62.5,49.0,-92.69252482173927
63.25,49.0,-92.91539625525522
64.0,49.0,-92.82242990654206
64.75,49.0,-94.31541328895135
65.5,49.0,-93.95498115867768
66.25,49.0,-92.7460010421607
67.0,49.0,-92.07142857142857
67.75,49.0,-91.52650476975187
68.5,49.0,-91.29218551039915
69.25,49.0,-91.3414496788056
70.0,49.0,-91.95370370370371
70.75,49.0,
71.5,49.0,
72.25,49.0,
73.0,49.0,
73.75,49.0,
74.5,49.0,
75.25,49.0,
76.0,49.0,
76.75,49.0,
77.5,49.0,
78.25,49.0,
79.0,49.0,
79.75,49.0,
80.5,49.0,
81.25,49.0,
82.0,49.0,
82.75,49.0,
83.5,49.0,
84.25,49.0,
85.0,49.0,
85.75,49.0,
86.5,49.0,
87.25,49.0,
88.0,49.0,
88.75,49.0,
89.5,49.0,
90.25,49.0,
91.0,49.0,
91.75,49.0,
92.5,49.0,
93.25,49.0,
94.0,49.0,
94.75,49.0,
95.5,49.0,
96.25,49.0,
97.0,49.0,
97.75,49.0,
98.5,49.0,
99.25,49.0,
100.0,49.0,
100.75,49.0,
101.5,49.0,
102.25,49.0,
103.0,49.0,
103.75,49.0,
104.5,49.0,
105.25,49.0,
106.0,49.0,
106.75,49.0,
107.5,49.0,
108.25,49.0,
109.0,49.0,
109.75,49.0,
110.5,49.0,
111.25,49.0,
112.0,49.0,
112.75,49.0,
113.5,49.0,
114.25,49.0,
115.0,49.0,
115.75,49.0,
116.5,49.0,
117.25,49.0,
118.0,49.0,
118.75,49.0,
119.5,49.0,
120.25,49.0,
121.0,49.0,
121.75,49.0,
122.5,49.0,
123.25,49.0,
124.0,49.0,
124.75,49.0,
125.5,49.0,
126.25,49.0,
127.0,49.0,
127.75,49.0,
128.5,49.0,
129.25,49.0,
130.0,49.0,
130.75,49.0,
131.5,49.0,
132.25,49.0,
133.0,49.0,
133.75,49.0,
134.5,49.0,
135.25,49.0,
136.0,49.0,
136.75,49.0,
137.5,49.0,
138.25,49.0,
139.0,49.0,
139.75,49.0,
140.5,49.0,
141.25,49.0,
142.0,49.0,
142.75,49.0,
143.5,49.0,
144.25,49.0,
145.0,49.0,
145.75,49.0,
146.5,49.0,
147.25,49.0,
148.0,49.0,
148.75,49.0,
149.5,49.0,
150.25,49.0,
151.0,49.0,
151.75,49.0,
152.5,49.0,
153.25,49.0,
154.0,49.0,
154.75,49.0,
155.5,49.0,
156.25,49.0,
157.0,49.0,
157.75,49.0,
158.5,49.0,
159.25,49.0,
160.0,49.0,
160.75,49.0,
161.5,49.0,
162.25,49.0,
163.0,49.0,
163.75,49.0,
164.5,49.0,
165.25,49.0,
166.0,49.0,
166.75,49.0,
167.5,49.0,
168.25,49.0,
169.0,49.0,
169.75,49.0,
170.5,49.0,
171.25,49.0,
172.0,49.0,
172.75,49.0,
173.5,49.0,
174.25,49.0,
175.0,49.0,
175.75,49.0,
176.5,49.0,
177.25,49.0,
178.0,49.0,
178.75,49.0,
179.5,49.0,
180.25,49.0,
181.0,49.0,
181.75,49.0,
182.5,49.0,
183.25,49.0,
184.0,49.0,
184.75,49.0,
185.5,49.0,
186.25,49.0,
187.0,49.0,
187.75,49.0,
188.5,49.0,
189.25,49.0,
190.0,49.0,
190.75,49.0,
191.5,49.0,
192.25,49.0,
193.0,49.0,
193.75,49.0,
194.5,49.0,
195.25,49.0,
196.0,49.0,
196.75,49.0,
197.5,49.0,
198.25,49.0,
199.0,49.0,
199.75,49.0,
200.5,49.0,
201.25,49.0,
202.0,49.0,
202.75,49.0,
203.5,49.0,
204.25,49.0,
205.0,49.0,
205.75,49.0,
206.5,49.0,
207.25,49.0,
208.0,49.0,
208.75,49.0,
209.5,49.0,
210.25,49.0,
211.0,49.0,
211.75,49.0,
212.5,49.0,
213.25,49.0,
214.0,49.0,
214.75,49.0,
215.5,49.0,
216.25,49.0,
217.0,49.0,
217.75,49.0,
218.5,49.0,
219.25,49.0,
31.0,49.75,
31.75,49.75,
32.5,49.75,
33.25,49.75,
34.0,49.75,
34.75,49.75,
35.5,49.75,
36.25,49.75,
37.0,49.75,
37.75,49.75,
38.5,49.75,
39.25,49.75,
40.0,49.75,
40.75,49.75,
41.5,49.75,
42.25,49.75,
43.0,49.75,
43.75,49.75,
44.5,49.75,
45.25,49.75,
46.0,49.75,
46.75,49.75,
47.5,49.75,
48.25,49.75,
49.0,49.75,
49.75,49.75,
50.5,49.75,
51.25,49.75,
52.0,49.75,
52.75,49.75,
53.5,49.75,
54.25,49.75,
55.0,49.75,
55.75,49.75,
56.5,49.75,
57.25,49.75,-90.53663003663003
58.0,49.75,-91.6074832156281
58.75,49.75,-91.55012464292209
59.5,49.75,-91.55408806250712
60.25,49.75,-91.29440378509265
61.0,49.75,-91.25943579308493
61.75,49.75,-91.2972468962466
62.5,49.75,-91.57434391180526
63.25,49.75,-91.71985102677145
64.0,49.75,-91.76048356630149
64.75,49.75,-92.50990934994459
65.5,49.75,-92.41995381098646
66.25,49.75,-91.8603371836673
67.0,49.75,-91.56527793699811
67.75,49.75,-90.89392926114482
68.5,49.75,-90.69381102578366
69.25,49.75,-90.55464220349877
70.0,49.75,-91.05135254352831
70.75,49.75,-91.79029304029304
71.5,49.75,
72.25,49.75,
73.0,49.75,
73.75,49.75,
74.5,49.75,
75.25,49.75,
76.0,49.75,
76.75,49.75,
77.5,49.75,
78.25,49.75,
79.0,49.75,
79.75,49.75,
80.5,49.75,
81.25,49.75,
82.0,49.75,
82.75,49.75,
83.5,49.75,
84.25,49.75,
85.0,49.75,
85.75,49.75,
86.5,49.75,
87.25,49.75,
88.0,49.75,
88.75,49.75,
89.5,49.75,
90.25,49.75,
91.0,49.75,
91.75,49.75,
92.5,49.75,
93.25,49.75,
94.0,49.75,
94.75,49.75,
95.5,49.75,
96.25,49.75,
97.0,49.75,
97.75,49.75,
98.5,49.75,
99.25,49.75,
100.0,49.75,
100.75,49.75,
101.5,49.75,
102.25,49.75,
103.0,49.75,
103.75,49.75,
104.5,49.75,
105.25,49.75,
106.0,49.75,
106.75,49.75,
107.5,49.75,
108.25,49.75,
109.0,49.75,
109.75,49.75,
110.5,49.75,
111.25,49.75,
112.0,49.75,
112.75,49.75,
113.5,49.75,
114.25,49.75,
115.0,49.75,
115.75,49.75,
116.5,49.75,
117.25,49.75,
118.0,49.75,
118.75,49.75,
119.5,49.75,
120.25,49.75,
121.0,49.75,
121.75,49.75,
122.5,49.75,
123.25,49.75,
124.0,49.75,
124.75,49.75,
125.5,49.75,
126.25,49.75,
127.0,49.75,
127.75,49.75,
128.5,49.75,
129.25,49.75,
130.0,49.75,
130.75,49.75,
131.5,49.75,
132.25,49.75,
133.0,49.75,
133.75,49.75,
134.5,49.75,
135.25,49.75,
136.0,49.75,
136.75,49.75,
137.5,49.75,
138.25,49.75,
139.0,49.75,
139.75,49.75,
140.5,49.75,
141.25,49.75,
142.0,49.75,
142.75,49.75,
143.5,49.75,
144.25,49.75,
145.0,49.75,
145.75,49.75,
146.5,49.75,
147.25,49.75,
148.0,49.75,
148.75,49.75,
149.5,49.75,
150.25,49.75,
151.0,49.75,
151.75,49.75,
152.5,49.75,
153.25,49.75,
154.0,49.75,
154.75,49.75,
155.5,49.75,
156.25,49.75,
157.0,49.75,
157.75,49.75,
158.5,49.75,
159.25,49.75,
160.0,49.75,
160.75,49.75,
161.5,49.75,
162.25,49.75,
163.0,49.75,
163.75,49.75,
164.5,49.75,
165.25,49.75,
166.0,49.75,
166.75,49.75,
167.5,49.75,
168.25,49.75,
169.0,49.75,
169.75,49.75,
170.5,49.75,
171.25,49.75,
172.0,49.75,
172.75,49.75,
173.5,49.75,
174.25,49.75,
175.0,49.75,
175.75,49.75,
176.5,49.75,
177.25,49.75,
178.0,49.75,
178.75,49.75,
179.5,49.75,
180.25,49.75,
181.0,49.75,
181.75,49.75,
182.5,49.75,
183.25,49.75,
184.0,49.75,
184.75,49.75,
185.5,49.75,
186.25,49.75,
187.0,49.75,
187.75,49.75,
188.5,49.75,
189.25,49.75,
190.0,49.75,
190.75,49.75,
191.5,49.75,
192.25,49.75,
193.0,49.75,
193.75,49.75,
194.5,49.75,
195.25,49.75,
196.0,49.75,
196.75,49.75,
197.5,49.75,
198.25,49.75,
199.0,49.75,
199.75,49.75,
200.5,49.75,
201.25,49.75,
202.0,49.75,
202.75,49.75,
203.5,49.75,
204.25,49.75,
205.0,49.75,
205.75,49.75,
206.5,49.75,
207.25,49.75,
208.0,49.75,
208.75,49.75,
209.5,49.75,
210.25,49.75,
211.0,49.75,
211.75,49.75,
212.5,49.75,
213.25,49.75,
214.0,49.75,
214.75,49.75,
215.5,49.75,
216.25,49.75,
217.0,49.75,
217.75,49.75,
218.5,49.75,
219.25,49.75,
31.0,50.5,
31.75,50.5,
32.5,50.5,
33.25,50.5,
34.0,50.5,
34.75,50.5,
35.5,50.5,
36.25,50.5,
37.0,50.5,
37.75,50.5,
38.5,50.5,
39.25,50.5,
40.0,50.5,
40.75,50.5,
41.5,50.5,
42.25,50.5,
43.0,50.5,
43.75,50.5,
44.5,50.5,
45.25,50.5,
46.0,50.5,
46.75,50.5,
47.5,50.5,
48.25,50.5,
49.0,50.5,
49.75,50.5,
50.5,50.5,
51.25,50.5,
52.0,50.5,
52.75,50.5,
53.5,50.5,
54.25,50.5,
55.0,50.5,
55.75,50.5,
56.5,50.5,
57.25,50.5,-90.4271402550091
58.0,50.5,-91.61479105719424
58.75,50.5,-91.54216883623786
59.5,50.5,-91.48481075741122
60.25,50.5,-91.1357880917905
61.0,50.5,-90.89971031781195
61.75,50.5,-90.39136384276095
62.5,50.5,-89.37627709942689
63.25,50.5,-89.09942476937161
64.0,50.5,-90.15672913117548
64.75,50.5,-89.7793440634023
65.5,50.5,-90.01769249937702
66.25,50.5,-90.6974521148738
67.0,50.5,-90.50060846536209
67.75,50.5,-90.44957946761436
68.5,50.5,-90.36697240726866
69.25,50.5,-90.25362439849903
70.0,50.5,-90.17655779132785
70.75,50.5,-90.44726239480855
71.5,50.5,
72.25,50.5,
73.0,50.5,
73.75,50.5,
74.5,50.5,
75.25,50.5,
76.0,50.5,
76.75,50.5,
77.5,50.5,
78.25,50.5,
79.0,50.5,
79.75,50.5,
80.5,50.5,
81.25,50.5,
82.0,50.5,
82.75,50.5,
83.5,50.5,
84.25,50.5,
85.0,50.5,
85.75,50.5,
86.5,50.5,
87.25,50.5,
88.0,50.5,
88.75,50.5,
89.5,50.5,
90.25,50.5,
91.0,50.5,
91.75,50.5,
92.5,50.5,
93.25,50.5,
94.0,50.5,
94.75,50.5,
95.5,50.5,
96.25,50.5,
97.0,50.5,
97.75,50.5,
98.5,50.5,
99.25,50.5,
100.0,50.5,
100.75,50.5,
101.5,50.5,
102.25,50.5,
103.0,50.5,
103.75,50.5,
104.5,50.5,
105.25,50.5,
106.0,50.5,
106.75,50.5,
107.5,50.5,
108.25,50.5,
109.0,50.5,
109.75,50.5,
110.5,50.5,
111.25,50.5,
112.0,50.5,
112.75,50.5,
113.5,50.5,
114.25,50.5,
115.0,50.5,
115.75,50.5,
116.5,50.5,
117.25,50.5,
118.0,50.5,
118.75,50.5,
119.5,50.5,
120.25,50.5,
121.0,50.5,
121.75,50.5,
122.5,50.5,
123.25,50.5,
124.0,50.5,
124.75,50.5,
125.5,50.5,
126.25,50.5,
127.0,50.5,
127.75,50.5,
128.5,50.5,
129.25,50.5,
130.0,50.5,
130.75,50.5,
131.5,50.5,
132.25,50.5,
133.0,50.5,
133.75,50.5,
134.5,50.5,
135.25,50.5,
136.0,50.5,
136.75,50.5,
137.5,50.5,
138.25,50.5,
139.0,50.5,
139.75,50.5,
140.5,50.5,
141.25,50.5,
142.0,50.5,
142.75,50.5,
143.5,50.5,
144.25,50.5,
145.0,50.5,
145.75,50.5,
146.5,50.5,
147.25,50.5,
148.0,50.5,
148.75,50.5,
149.5,50.5,
150.25,50.5,
151.0,50.5,
151.75,50.5,
152.5,50.5,
153.25,50.5,
154.0,50.5,
154.75,50.5,
155.5,50.5,
156.25,50.5,
157.0,50.5,
157.75,50.5,
158.5,50.5,
159.25,50.5,
160.0,50.5,
160.75,50.5,
161.5,50.5,
162.25,50.5,
163.0,50.5,
163.75,50.5,
164.5,50.5,
165.25,50.5,
166.0,50.5,
166.75,50.5,
167.5,50.5,
168.25,50.5,
169.0,50.5,
169.75,50.5,
170.5,50.5,
171.25,50.5,
172.0,50.5,
172.75,50.5,
173.5,50.5,
174.25,50.5,
175.0,50.5,
175.75,50.5,
176.5,50.5,
177.25,50.5,
178.0,50.5,
178.75,50.5,
179.5,50.5,
180.25,50.5,
181.0,50.5,
181.75,50.5,
182.5,50.5,
183.25,50.5,
184.0,50.5,
184.75,50.5,
185.5,50.5,
186.25,50.5,
187.0,50.5,
187.75,50.5,
188.5,50.5,
189.25,50.5,
190.0,50.5,
190.75,50.5,
191.5,50.5,
192.25,50.5,
193.0,50.5,
193.75,50.5,
194.5,50.5,
195.25,50.5,
196.0,50.5,
196.75,50.5,
197.5,50.5,
198.25,50.5,
199.0,50.5,
199.75,50.5,
200.5,50.5,
201.25,50.5,
202.0,50.5,
202.75,50.5,
203.5,50.5,
204.25,50.5,
205.0,50.5,
205.75,50.5,
206.5,50.5,
207.25,50.5,
208.0,50.5,
208.75,50.5,
209.5,50.5,
210.25,50.5,
211.0,50.5,
211.75,50.5,
212.5,50.5,
213.25,50.5,
214.0,50.5,
214.75,50.5,
215.5,50.5,
216.25,50.5,
217.0,50.5,
217.75,50.5,
218.5,50.5,
219.25,50.5,
31.0,51.25,
31.75,51.25,
32.5,51.25,
33.25,51.25,
34.0,51.25,
34.75,51.25,
35.5,51.25,
36.25,51.25,
37.0,51.25,
37.75,51.25,
38.5,51.25,
39.25,51.25,
40.0,51.25,
40.75,51.25,
41.5,51.25,
42.25,51.25,
43.0,51.25,
43.75,51.25,
44.5,51.25,
45.25,51.25,
46.0,51.25,
46.75,51.25,
47.5,51.25,
48.25,51.25,
49.0,51.25,
49.75,51.25,
50.5,51.25,
51.25,51.25,
52.0,51.25,
52.75,51.25,
53.5,51.25,
54.25,51.25,
55.0,51.25,
55.75,51.25,
56.5,51.25,
57.25,51.25,
58.0,51.25,-91.65762465210501
58.75,51.25,-91.59449724559597
59.5,51.25,-91.24876500700184
60.25,51.25,-91.1288884802423
61.0,51.25,-90.87057681852254
61.75,51.25,-90.25989055873382
62.5,51.25,-88.92569980902046
63.25,51.25,-88.47567747637866
64.0,51.25,-89.73197924715754
64.75,51.25,-89.23498832701551
65.5,51.25,-89.45027946422836
66.25,51.25,-89.87929757496124
67.0,51.25,-89.52823227254302
67.75,51.25,-89.49770690142084
68.5,51.25,-89.43789361352063
69.25,51.25,-89.47538011779963
70.0,51.25,-89.76902742288233
70.75,51.25,-88.45918367346937
71.5,51.25,
72.25,51.25,
73.0,51.25,
73.75,51.25,
74.5,51.25,
75.25,51.25,
76.0,51.25,
76.75,51.25,
77.5,51.25,
78.25,51.25,
79.0,51.25,
79.75,51.25,
80.5,51.25,
81.25,51.25,
82.0,51.25,
82.75,51.25,
83.5,51.25,
84.25,51.25,
85.0,51.25,
85.75,51.25,
86.5,51.25,
87.25,51.25,
88.0,51.25,
88.75,51.25,
89.5,51.25,
90.25,51.25,
91.0,51.25,
91.75,51.25,
92.5,51.25,
93.25,51.25,
94.0,51.25,
94.75,51.25,
95.5,51.25,
96.25,51.25,
97.0,51.25,
97.75,51.25,
98.5,51.25,
99.25,51.25,
100.0,51.25,
100.75,51.25,
101.5,51.25,
102.25,51.25,
103.0,51.25,
103.75,51.25,
104.5,51.25,
105.25,51.25,
106.0,51.25,
106.75,51.25,
107.5,51.25,
108.25,51.25,
109.0,51.25,
109.75,51.25,
110.5,51.25,
111.25,51.25,
112.0,51.25,
112.75,51.25,
113.5,51.25,
114.25,51.25,
115.0,51.25,
115.75,51.25,
116.5,51.25,
117.25,51.25,
118.0,51.25,
118.75,51.25,
119.5,51.25,
120.25,51.25,
121.0,51.25,
121.75,51.25,
122.5,51.25,
123.25,51.25,
124.0,51.25,
124.75,51.25,
125.5,51.25,
126.25,51.25,
127.0,51.25,
127.75,51.25,
128.5,51.25,
129.25,51.25,
130.0,51.25,
130.75,51.25,
131.5,51.25,
132.25,51.25,
133.0,51.25,
133.75,51.25,
134.5,51.25,
135.25,51.25,
136.0,51.25,
136.75,51.25,
137.5,51.25,
138.25,51.25,
139.0,51.25,
139.75,51.25,
140.5,51.25,
141.25,51.25,
142.0,51.25,
142.75,51.25,
143.5,51.25,
144.25,51.25,
145.0,51.25,
145.75,51.25,
146.5,51.25,
147.25,51.25,
148.0,51.25,
148.75,51.25,
149.5,51.25,
150.25,51.25,
151.0,51.25,
151.75,51.25,
152.5,51.25,
153.25,51.25,
154.0,51.25,
154.75,51.25,
155.5,51.25,
156.25,51.25,
157.0,51.25,
157.75,51.25,
158.5,51.25,
159.25,51.25,
160.0,51.25,
160.75,51.25,
161.5,51.25,
162.25,51.25,
163.0,51.25,
163.75,51.25,
164.5,51.25,
165.25,51.25,
166.0,51.25,
166.75,51.25,
167.5,51.25,
168.25,51.25,
169.0,51.25,
169.75,51.25,
170.5,51.25,
171.25,51.25,
172.0,51.25,
172.75,51.25,
173.5,51.25,
174.25,51.25,
175.0,51.25,
175.75,51.25,
176.5,51.25,
177.25,51.25,
178.0,51.25,
178.75,51.25,
179.5,51.25,
180.25,51.25,
181.0,51.25,
181.75,51.25,
182.5,51.25,
183.25,51.25,
184.0,51.25,
184.75,51.25,
185.5,51.25,
186.25,51.25,
187.0,51.25,
187.75,51.25,
188.5,51.25,
189.25,51.25,
190.0,51.25,
190.75,51.25,
191.5,51.25,
192.25,51.25,
193.0,51.25,
193.75,51.25,
194.5,51.25,
195.25,51.25,
196.0,51.25,
196.75,51.25,
197.5,51.25,
198.25,51.25,
199.0,51.25,
199.75,51.25,
200.5,51.25,
201.25,51.25,
202.0,51.25,
202.75,51.25,
203.5,51.25,
204.25,51.25,
205.0,51.25,
205.75,51.25,
206.5,51.25,
207.25,51.25,
208.0,51.25,
208.75,51.25,
209.5,51.25,
210.25,51.25,
211.0,51.25,
211.75,51.25,
212.5,51.25,
213.25,51.25,
214.0,51.25,
214.75,51.25,
215.5,51.25,
216.25,51.25,
217.0,51.25,
217.75,51.25,
218.5,51.25,
219.25,51.25,
31.0,52.0,
31.75,52.0,
32.5,52.0,
33.25,52.0,
34.0,52.0,
34.75,52.0,
35.5,52.0,
36.25,52.0,
37.0,52.0,
37.75,52.0,
38.5,52.0,
39.25,52.0,
40.0,52.0,
40.75,52.0,
41.5,52.0,
42.25,52.0,
43.0,52.0,
43.75,52.0,
44.5,52.0,
45.25,52.0,
46.0,52.0,
46.75,52.0,
47.5,52.0,
48.25,52.0,
49.0,52.0,
49.75,52.0,
50.5,52.0,
51.25,52.0,
52.0,52.0,
52.75,52.0,
53.5,52.0,
54.25,52.0,
55.0,52.0,
55.75,52.0,
56.5,52.0,
57.25,52.0,-91.24999999999999
58.0,52.0,-89.625
58.75,52.0,-89.86233237837185
59.5,52.0,-89.90719010644496
60.25,52.0,-90.1800765802342
61.0,52.0,-91.24985738733598
61.75,52.0,-91.19780591722656
62.5,52.0,-91.14344668010449
63.25,52.0,-90.99876083763348
64.0,52.0,-90.45454545454544
64.75,52.0,-89.57560600230859
65.5,52.0,-89.47754811119032
66.25,52.0,-89.12085405290838
67.0,52.0,-89.13719088635732
67.75,52.0,-89.12826504079558
68.5,52.0,-89.20296132625579
69.25,52.0,-89.20087175835934
70.0,52.0,-89.5902625820569
70.75,52.0,-88.68513405012017
71.5,52.0,-88.48347107438016
72.25,52.0,
73.0,52.0,
73.75,52.0,
74.5,52.0,
75.25,52.0,
76.0,52.0,
76.75,52.0,
77.5,52.0,
78.25,52.0,
79.0,52.0,
79.75,52.0,
80.5,52.0,
81.25,52.0,
82.0,52.0,
82.75,52.0,
83.5,52.0,
84.25,52.0,
85.0,52.0,
85.75,52.0,
86.5,52.0,
87.25,52.0,
88.0,52.0,
88.75,52.0,
89.5,52.0,
90.25,52.0,
91.0,52.0,
91.75,52.0,
92.5,52.0,
93.25,52.0,
94.0,52.0,
94.75,52.0,
95.5,52.0,
96.25,52.0,
97.0,52.0,
97.75,52.0,
98.5,52.0,
99.25,52.0,
100.0,52.0,
100.75,52.0,
101.5,52.0,
102.25,52.0,
103.0,52.0,
103.75,52.0,
104.5,52.0,
105.25,52.0,
106.0,52.0,
106.75,52.0,
107.5,52.0,
108.25,52.0,
109.0,52.0,
109.75,52.0,
110.5,52.0,
111.25,52.0,
112.0,52.0,
112.75,52.0,
113.5,52.0,
114.25,52.0,
115.0,52.0,
115.75,52.0,
116.5,52.0,
117.25,52.0,
118.0,52.0,
118.75,52.0,
119.5,52.0,
120.25,52.0,
121.0,52.0,
121.75,52.0,
122.5,52.0,
123.25,52.0,
124.0,52.0,
124.75,52.0,
125.5,52.0,
126.25,52.0,
127.0,52.0,
127.75,52.0,
128.5,52.0,
129.25,52.0,
130.0,52.0,
130.75,52.0,
131.5,52.0,
132.25,52.0,
133.0,52.0,
133.75,52.0,
134.5,52.0,
135.25,52.0,
136.0,52.0,
136.75,52.0,
137.5,52.0,
138.25,52.0,
139.0,52.0,
139.75,52.0,
140.5,52.0,
141.25,52.0,
142.0,52.0,
142.75,52.0,
143.5,52.0,
144.25,52.0,
145.0,52.0,
145.75,52.0,
146.5,52.0,
147.25,52.0,
148.0,52.0,
148.75,52.0,
149.5,52.0,
150.25,52.0,
151.0,52.0,
151.75,52.0,
152.5,52.0,
153.25,52.0,
154.0,52.0,
154.75,52.0,
155.5,52.0,
156.25,52.0,
157.0,52.0,
157.75,52.0,
158.5,52.0,
159.25,52.0,
160.0,52.0,
160.75,52.0,
161.5,52.0,
162.25,52.0,
163.0,52.0,
163.75,52.0,
164.5,52.0,
165.25,52.0,
166.0,52.0,
166.75,52.0,
167.5,52.0,
168.25,52.0,
169.0,52.0,
169.75,52.0,
170.5,52.0,
171.25,52.0,
172.0,52.0,
172.75,52.0,
173.5,52.0,
174.25,52.0,
175.0,52.0,
175.75,52.0,
176.5,52.0,
177.25,52.0,
178.0,52.0,
178.75,52.0,
179.5,52.0,
180.25,52.0,
181.0,52.0,
181.75,52.0,
182.5,52.0,
183.25,52.0,
184.0,52.0,
184.75,52.0,
185.5,52.0,
186.25,52.0,
187.0,52.0,
187.75,52.0,
188.5,52.0,
189.25,52.0,
190.0,52.0,
190.75,52.0,
191.5,52.0,
192.25,52.0,
193.0,52.0,
193.75,52.0,
194.5,52.0,
195.25,52.0,
196.0,52.0,
196.75,52.0,
197.5,52.0,
198.25,52.0,
199.0,52.0,
199.75,52.0,
200.5,52.0,
201.25,52.0,
202.0,52.0,
202.75,52.0,
203.5,52.0,
204.25,52.0,
205.0,52.0,
205.75,52.0,
206.5,52.0,
207.25,52.0,
208.0,52.0,
208.75,52.0,
209.5,52.0,
210.25,52.0,
211.0,52.0,
211.75,52.0,
212.5,52.0,
213.25,52.0,
214.0,52.0,
214.75,52.0,
215.5,52.0,
216.25,52.0,
217.0,52.0,
217.75,52.0,
218.5,52.0,
219.25,52.0,
31.0,52.75,
31.75,52.75,
32.5,52.75,
33.25,52.75,
34.0,52.75,
34.75,52.75,
35.5,52.75,
36.25,52.75,
37.0,52.75,
37.75,52.75,
38.5,52.75,
39.25,52.75,
40.0,52.75,
40.75,52.75,
41.5,52.75,
42.25,52.75,
43.0,52.75,
43.75,52.75,
44.5,52.75,
45.25,52.75,
46.0,52.75,
46.75,52.75,
47.5,52.75,
48.25,52.75,
49.0,52.75,
49.75,52.75,
50.5,52.75,
51.25,52.75,
52.0,52.75,
52.75,52.75,
53.5,52.75,
54.25,52.75,
55.0,52.75,
55.75,52.75,
56.5,52.75,
57.25,52.75,-88.15421455938697
58.0,52.75,-88.3346411870848
58.75,52.75,-89.44053213195168
59.5,52.75,-89.84999660109361
60.25,52.75,-90.06832012393917
61.0,52.75,-90.70610181482367
61.75,52.75,-91.92463953856247
62.5,52.75,-93.4322482146156
63.25,52.75,-93.85899278691507
64.0,52.75,-90.73488860540112
64.75,52.75,-89.1217661610347
65.5,52.75,-89.06125138191027
66.25,52.75,-88.97333100156281
67.0,52.75,-88.9748602121009
67.75,52.75,-88.51865136976835
68.5,52.75,-88.54359285514902
69.25,52.75,-88.58590088679301
70.0,52.75,-88.6261420186322
70.75,52.75,-88.86852913205246
71.5,52.75,-88.51007556675063
72.25,52.75,-88.5326530612245
73.0,52.75,
73.75,52.75,
74.5,52.75,
75.25,52.75,
76.0,52.75,
76.75,52.75,
77.5,52.75,
78.25,52.75,
79.0,52.75,
79.75,52.75,
80.5,52.75,
81.25,52.75,
82.0,52.75,
82.75,52.75,
83.5,52.75,
84.25,52.75,
85.0,52.75,
85.75,52.75,
86.5,52.75,
87.25,52.75,
88.0,52.75,
88.75,52.75,
89.5,52.75,
90.25,52.75,
91.0,52.75,
91.75,52.75,
92.5,52.75,
93.25,52.75,
94.0,52.75,
94.75,52.75,
95.5,52.75,
96.25,52.75,
97.0,52.75,
97.75,52.75,
98.5,52.75,
99.25,52.75,
100.0,52.75,
100.75,52.75,
101.5,52.75,
102.25,52.75,
103.0,52.75,
103.75,52.75,
104.5,52.75,
105.25,52.75,
106.0,52.75,
106.75,52.75,
107.5,52.75,
108.25,52.75,
109.0,52.75,
109.75,52.75,
110.5,52.75,
111.25,52.75,
112.0,52.75,
112.75,52.75,
113.5,52.75,
114.25,52.75,
115.0,52.75,
115.75,52.75,
116.5,52.75,
117.25,52.75,
118.0,52.75,
118.75,52.75,
119.5,52.75,
120.25,52.75,
121.0,52.75,
121.75,52.75,
122.5,52.75,
123.25,52.75,
124.0,52.75,
124.75,52.75,
125.5,52.75,
126.25,52.75,
127.0,52.75,
127.75,52.75,
128.5,52.75,
129.25,52.75,
130.0,52.75,
130.75,52.75,
131.5,52.75,
132.25,52.75,
133.0,52.75,
133.75,52.75,
134.5,52.75,
135.25,52.75,
136.0,52.75,
136.75,52.75,
137.5,52.75,
138.25,52.75,
139.0,52.75,
139.75,52.75,
140.5,52.75,
141.25,52.75,
142.0,52.75,
142.75,52.75,
143.5,52.75,
144.25,52.75,
145.0,52.75,
145.75,52.75,
146.5,52.75,
147.25,52.75,
148.0,52.75,
148.75,52.75,
149.5,52.75,
150.25,52.75,
151.0,52.75,
151.75,52.75,
152.5,52.75,
153.25,52.75,
154.0,52.75,
154.75,52.75,
155.5,52.75,
156.25,52.75,
157.0,52.75,
157.75,52.75,
158.5,52.75,
159.25,52.75,
160.0,52.75,
160.75,52.75,
161.5,52.75,
162.25,52.75,
163.0,52.75,
163.75,52.75,
164.5,52.75,
165.25,52.75,
166.0,52.75,
166.75,52.75,
167.5,52.75,
168.25,52.75,
169.0,52.75,
169.75,52.75,
170.5,52.75,
171.25,52.75,
172.0,52.75,
172.75,52.75,
173.5,52.75,
174.25,52.75,
175.0,52.75,
175.75,52.75,
176.5,52.75,
177.25,52.75,
178.0,52.75,
178.75,52.75,
179.5,52.75,
180.25,52.75,
181.0,52.75,
181.75,52.75,
182.5,52.75,
183.25,52.75,
184.0,52.75,
184.75,52.75,
185.5,52.75,
186.25,52.75,
187.0,52.75,
187.75,52.75,
188.5,52.75,
189.25,52.75,
190.0,52.75,
190.75,52.75,
191.5,52.75,
192.25,52.75,
193.0,52.75,
193.75,52.75,
194.5,52.75,
195.25,52.75,
196.0,52.75,
196.75,52.75,
197.5,52.75,
198.25,52.75,
199.0,52.75,
199.75,52.75,
200.5,52.75,
201.25,52.75,
202.0,52.75,
202.75,52.75,
203.5,52.75,
204.25,52.75,
205.0,52.75,
205.75,52.75,
206.5,52.75,
207.25,52.75,
208.0,52.75,
208.75,52.75,
209.5,52.75,
210.25,52.75,
211.0,52.75,
211.75,52.75,
212.5,52.75,
213.25,52.75,
214.0,52.75,
214.75,52.75,
215.5,52.75,
216.25,52.75,
217.0,52.75,
217.75,52.75,
218.5,52.75,
219.25,52.75,
31.0,53.5,
31.75,53.5,
32.5,53.5,
33.25,53.5,
34.0,53.5,
34.75,53.5,
35.5,53.5,
36.25,53.5,
37.0,53.5,
37.75,53.5,
38.5,53.5,
39.25,53.5,
40.0,53.5,
40.75,53.5,
41.5,53.5,
42.25,53.5,
43.0,53.5,
43.75,53.5,
44.5,53.5,
45.25,53.5,
46.0,53.5,
46.75,53.5,
47.5,53.5,
48.25,53.5,
49.0,53.5,
49.75,53.5,
50.5,53.5,
51.25,53.5,
52.0,53.5,
52.75,53.5,
53.5,53.5,
54.25,53.5,
55.0,53.5,
55.75,53.5,
56.5,53.5,
57.25,53.5,-84.60254545454545
58.0,53.5,-85.71060118753091
58.75,53.5,-87.15903327695965
59.5,53.5,-87.78531346020736
60.25,53.5,-89.25565943408547
61.0,53.5,-90.07808909331361
61.75,53.5,-91.34718432110873
62.5,53.5,-93.1661299355923
63.25,53.5,-93.26726728361788
64.0,53.5,-90.56562564847479
64.75,53.5,-89.12713727593174
65.5,53.5,-88.91492503407544
66.25,53.5,-88.80013309790347
67.0,53.5,-88.68129606094494
67.75,53.5,-88.40452609566614
68.5,53.5,-88.49288743976687
69.25,53.5,-88.57819990890268
70.0,53.5,-88.63960860183299
70.75,53.5,-89.75200225224997
71.5,53.5,-88.89421015010721
72.25,53.5,-88.56650831353919
73.0,53.5,
73.75,53.5,
74.5,53.5,
75.25,53.5,
76.0,53.5,
76.75,53.5,
77.5,53.5,
78.25,53.5,
79.0,53.5,
79.75,53.5,
80.5,53.5,
81.25,53.5,
82.0,53.5,
82.75,53.5,
83.5,53.5,
84.25,53.5,
85.0,53.5,
85.75,53.5,
86.5,53.5,
87.25,53.5,
88.0,53.5,
88.75,53.5,
89.5,53.5,
90.25,53.5,
91.0,53.5,
91.75,53.5,
92.5,53.5,
93.25,53.5,
94.0,53.5,
94.75,53.5,
95.5,53.5,
96.25,53.5,
97.0,53.5,
97.75,53.5,
98.5,53.5,
99.25,53.5,
100.0,53.5,
100.75,53.5,
101.5,53.5,
102.25,53.5,
103.0,53.5,
103.75,53.5,
104.5,53.5,
105.25,53.5,
106.0,53.5,
106.75,53.5,
107.5,53.5,
108.25,53.5,
109.0,53.5,
109.75,53.5,
110.5,53.5,
111.25,53.5,
112.0,53.5,
112.75,53.5,
113.5,53.5,
114.25,53.5,
115.0,53.5,
115.75,53.5,
116.5,53.5,
117.25,53.5,
118.0,53.5,
118.75,53.5,
119.5,53.5,
120.25,53.5,
121.0,53.5,
121.75,53.5,
122.5,53.5,
123.25,53.5,
124.0,53.5,
124.75,53.5,
125.5,53.5,
126.25,53.5,
127.0,53.5,
127.75,53.5,
128.5,53.5,
129.25,53.5,
130.0,53.5,
130.75,53.5,
131.5,53.5,
132.25,53.5,
133.0,53.5,
133.75,53.5,
134.5,53.5,
135.25,53.5,
136.0,53.5,
136.75,53.5,
137.5,53.5,
138.25,53.5,
139.0,53.5,
139.75,53.5,
140.5,53.5,
141.25,53.5,
142.0,53.5,
142.75,53.5,
143.5,53.5,
144.25,53.5,
145.0,53.5,
145.75,53.5,
146.5,53.5,
147.25,53.5,
148.0,53.5,
148.75,53.5,
149.5,53.5,
150.25,53.5,
151.0,53.5,
151.75,53.5,
152.5,53.5,
153.25,53.5,
154.0,53.5,
154.75,53.5,
155.5,53.5,
156.25,53.5,
157.0,53.5,
157.75,53.5,
158.5,53.5,
159.25,53.5,
160.0,53.5,
160.75,53.5,
161.5,53.5,
162.25,53.5,
163.0,53.5,
163.75,53.5,
164.5,53.5,
165.25,53.5,
166.0,53.5,
166.75,53.5,
167.5,53.5,
168.25,53.5,
169.0,53.5,
169.75,53.5,
170.5,53.5,
171.25,53.5,
172.0,53.5,
172.75,53.5,
173.5,53.5,
174.25,53.5,
175.0,53.5,
175.75,53.5,
176.5,53.5,
177.25,53.5,
178.0,53.5,
178.75,53.5,
179.5,53.5,
180.25,53.5,
181.0,53.5,
181.75,53.5,
182.5,53.5,
183.25,53.5,
184.0,53.5,
184.75,53.5,
185.5,53.5,
186.25,53.5,
187.0,53.5,
187.75,53.5,
188.5,53.5,
189.25,53.5,
190.0,53.5,
190.75,53.5,
191.5,53.5,
192.25,53.5,
193.0,53.5,
193.75,53.5,
194.5,53.5,
195.25,53.5,
196.0,53.5,
196.75,53.5,
197.5,53.5,
198.25,53.5,
199.0,53.5,
199.75,53.5,
200.5,53.5,
201.25,53.5,
202.0,53.5,
202.75,53.5,
203.5,53.5,
204.25,53.5,
205.0,53.5,
205.75,53.5,
206.5,53.5,
207.25,53.5,
208.0,53.5,
208.75,53.5,
209.5,53.5,
210.25,53.5,
211.0,53.5,
211.75,53.5,
212.5,53.5,
213.25,53.5,
214.0,53.5,
214.75,53.5,
215.5,53.5,
216.25,53.5,
217.0,53.5,
217.75,53.5,
218.5,53.5,
219.25,53.5,
31.0,54.25,
31.75,54.25,
32.5,54.25,
33.25,54.25,
34.0,54.25,
34.75,54.25,
35.5,54.25,
36.25,54.25,
37.0,54.25,
37.75,54.25,
38.5,54.25,
39.25,54.25,
40.0,54.25,
40.75,54.25,
41.5,54.25,
42.25,54.25,
43.0,54.25,
43.75,54.25,
44.5,54.25,
45.25,54.25,
46.0,54.25,
46.75,54.25,
47.5,54.25,
48.25,54.25,
49.0,54.25,
49.75,54.25,
50.5,54.25,
51.25,54.25,
52.0,54.25,
52.75,54.25,
53.5,54.25,
54.25,54.25,
55.0,54.25,
55.75,54.25,-79.94139194139194
56.5,54.25,-80.03532008830021
57.25,54.25,-83.79515377645875
58.0,54.25,-86.1210759044069
58.75,54.25,-86.41539003122882
59.5,54.25,-86.84434978462963
60.25,54.25,-88.34191381490406
61.0,54.25,-89.07988806022078
61.75,54.25,-90.05930394137293
62.5,54.25,-90.90706354188686
63.25,54.25,-90.73280745002486
64.0,54.25,-89.57589607553157
64.75,54.25,-88.28497878425216
65.5,54.25,-88.18259382238145
66.25,54.25,-88.3629587823017
67.0,54.25,-88.15430102639843
67.75,54.25,-88.28198476501271
68.5,54.25,-88.4745202571856
69.25,54.25,-89.3572536558956
70.0,54.25,-89.6472795352481
70.75,54.25,-89.87997037580499
71.5,54.25,-90.5712095889575
72.25,54.25,-90.77132797534682
73.0,54.25,
73.75,54.25,
74.5,54.25,
75.25,54.25,
76.0,54.25,
76.75,54.25,
77.5,54.25,
78.25,54.25,
79.0,54.25,
79.75,54.25,
80.5,54.25,
81.25,54.25,
82.0,54.25,
82.75,54.25,
83.5,54.25,
84.25,54.25,
85.0,54.25,
85.75,54.25,
86.5,54.25,
87.25,54.25,
88.0,54.25,
88.75,54.25,
89.5,54.25,
90.25,54.25,
91.0,54.25,
91.75,54.25,
92.5,54.25,
93.25,54.25,
94.0,54.25,
94.75,54.25,
95.5,54.25,
96.25,54.25,
97.0,54.25,
97.75,54.25,
98.5,54.25,
99.25,54.25,
100.0,54.25,
100.75,54.25,
101.5,54.25,
102.25,54.25,
103.0,54.25,
103.75,54.25,
104.5,54.25,
105.25,54.25,
106.0,54.25,
106.75,54.25,
107.5,54.25,
108.25,54.25,
109.0,54.25,
109.75,54.25,
110.5,54.25,
111.25,54.25,
112.0,54.25,
112.75,54.25,
113.5,54.25,
114.25,54.25,
115.0,54.25,
115.75,54.25,
116.5,54.25,
117.25,54.25,
118.0,54.25,
118.75,54.25,
119.5,54.25,
120.25,54.25,
121.0,54.25,
121.75,54.25,
122.5,54.25,
123.25,54.25,
124.0,54.25,
124.75,54.25,
125.5,54.25,
126.25,54.25,
127.0,54.25,
127.75,54.25,
128.5,54.25,
129.25,54.25,
130.0,54.25,
130.75,54.25,
131.5,54.25,
132.25,54.25,
133.0,54.25,
133.75,54.25,
134.5,54.25,
135.25,54.25,
136.0,54.25,
136.75,54.25,
137.5,54.25,
138.25,54.25,
139.0,54.25,
139.75,54.25,
140.5,54.25,
141.25,54.25,
142.0,54.25,
142.75,54.25,
143.5,54.25,
144.25,54.25,
145.0,54.25,
145.75,54.25,
146.5,54.25,
147.25,54.25,
148.0,54.25,
148.75,54.25,
149.5,54.25,
150.25,54.25,
151.0,54.25,
151.75,54.25,
152.5,54.25,
153.25,54.25,
154.0,54.25,
154.75,54.25,
155.5,54.25,
156.25,54.25,
157.0,54.25,
157.75,54.25,
158.5,54.25,
159.25,54.25,
160.0,54.25,
160.75,54.25,
161.5,54.25,
162.25,54.25,
163.0,54.25,
163.75,54.25,
164.5,54.25,
165.25,54.25,
166.0,54.25,
166.75,54.25,
167.5,54.25,
168.25,54.25,
169.0,54.25,
169.75,54.25,
170.5,54.25,
171.25,54.25,
172.0,54.25,
172.75,54.25,
173.5,54.25,
174.25,54.25,
175.0,54.25,
175.75,54.25,
176.5,54.25,
177.25,54.25,
178.0,54.25,
178.75,54.25,
179.5,54.25,
180.25,54.25,
181.0,54.25,
181.75,54.25,
182.5,54.25,
183.25,54.25,
184.0,54.25,
184.75,54.25,
185.5,54.25,
186.25,54.25,
187.0,54.25,
187.75,54.25,
188.5,54.25,
189.25,54.25,
190.0,54.25,
190.75,54.25,
191.5,54.25,
192.25,54.25,
193.0,54.25,
193.75,54.25,
194.5,54.25,
195.25,54.25,
196.0,54.25,
196.75,54.25,
197.5,54.25,
198.25,54.25,
199.0,54.25,
199.75,54.25,
200.5,54.25,
201.25,54.25,
202.0,54.25,
202.75,54.25,
203.5,54.25,
204.25,54.25,
205.0,54.25,
205.75,54.25,
206.5,54.25,
207.25,54.25,
208.0,54.25,
208.75,54.25,
209.5,54.25,
210.25,54.25,
211.0,54.25,
211.75,54.25,
212.5,54.25,
213.25,54.25,
214.0,54.25,
214.75,54.25,
215.5,54.25,
216.25,54.25,
217.0,54.25,
217.75,54.25,
218.5,54.25,
219.25,54.25,
31.0,55.0,
31.75,55.0,
32.5,55.0,
33.25,55.0,
34.0,55.0,
34.75,55.0,
35.5,55.0,
36.25,55.0,
37.0,55.0,
37.75,55.0,
38.5,55.0,
39.25,55.0,
40.0,55.0,
40.75,55.0,
41.5,55.0,
42.25,55.0,
43.0,55.0,
43.75,55.0,
44.5,55.0,
45.25,55.0,
46.0,55.0,
46.75,55.0,
47.5,55.0,
48.25,55.0,
49.0,55.0,
49.75,55.0,
50.5,55.0,
51.25,55.0,
52.0,55.0,
52.75,55.0,
53.5,55.0,
54.25,55.0,
55.0,55.0,
55.75,55.0,-79.82795698924731
56.5,55.0,-79.91397849462365
57.25,55.0,-82.0452215942374
58.0,55.0,-85.13055675992756
58.75,55.0,-85.558568711791
59.5,55.0,-85.78437454962219
60.25,55.0,-86.05526281108574
61.0,55.0,-87.56481481481481
61.75,55.0,-88.49471030404496
62.5,55.0,-89.27710944182068
63.25,55.0,-89.30613157638642
64.0,55.0,-88.35707456978967
64.75,55.0,-87.15734143465876
65.5,55.0,-87.4999113466195
66.25,55.0,-88.17193447678402
67.0,55.0,-88.00000000000068
67.75,55.0,-88.30682893754359
68.5,55.0,-89.10161960119837
69.25,55.0,-89.63598478464583
70.0,55.0,-89.93995724864494
70.75,55.0,-90.2041052172786
71.5,55.0,-90.70015835473856
72.25,55.0,-90.91773999933561
73.0,55.0,-92.46153846153845
73.75,55.0,
74.5,55.0,
75.25,55.0,
76.0,55.0,
76.75,55.0,
77.5,55.0,
78.25,55.0,
79.0,55.0,
79.75,55.0,
80.5,55.0,
81.25,55.0,
82.0,55.0,
82.75,55.0,
83.5,55.0,
84.25,55.0,
85.0,55.0,
85.75,55.0,
86.5,55.0,
87.25,55.0,
88.0,55.0,
88.75,55.0,
89.5,55.0,
90.25,55.0,
91.0,55.0,
91.75,55.0,
92.5,55.0,
93.25,55.0,
94.0,55.0,
94.75,55.0,
95.5,55.0,
96.25,55.0,
97.0,55.0,
97.75,55.0,
98.5,55.0,
99.25,55.0,
100.0,55.0,
100.75,55.0,
101.5,55.0,
102.25,55.0,
103.0,55.0,
103.75,55.0,
104.5,55.0,
105.25,55.0,
106.0,55.0,
106.75,55.0,
107.5,55.0,
108.25,55.0,
109.0,55.0,
109.75,55.0,
110.5,55.0,
111.25,55.0,
112.0,55.0,
112.75,55.0,
113.5,55.0,
114.25,55.0,
115.0,55.0,
115.75,55.0,
116.5,55.0,
117.25,55.0,
118.0,55.0,
118.75,55.0,
119.5,55.0,
120.25,55.0,
121.0,55.0,
121.75,55.0,
122.5,55.0,
123.25,55.0,
124.0,55.0,
124.75,55.0,
125.5,55.0,
126.25,55.0,
127.0,55.0,
127.75,55.0,
128.5,55.0,
129.25,55.0,
130.0,55.0,
130.75,55.0,
131.5,55.0,
132.25,55.0,
133.0,55.0,
133.75,55.0,
134.5,55.0,
135.25,55.0,
136.0,55.0,
136.75,55.0,
137.5,55.0,
138.25,55.0,
139.0,55.0,
139.75,55.0,
140.5,55.0,
141.25,55.0,
142.0,55.0,
142.75,55.0,
143.5,55.0,
144.25,55.0,
145.0,55.0,
145.75,55.0,
146.5,55.0,
147.25,55.0,
148.0,55.0,
148.75,55.0,
149.5,55.0,
150.25,55.0,
151.0,55.0,
151.75,55.0,
152.5,55.0,
153.25,55.0,
154.0,55.0,
154.75,55.0,
155.5,55.0,
156.25,55.0,
157.0,55.0,
157.75,55.0,
158.5,55.0,
159.25,55.0,
160.0,55.0,
160.75,55.0,
161.5,55.0,
162.25,55.0,
163.0,55.0,
163.75,55.0,
164.5,55.0,
165.25,55.0,
166.0,55.0,
166.75,55.0,
167.5,55.0,
168.25,55.0,
169.0,55.0,
169.75,55.0,
170.5,55.0,
171.25,55.0,
172.0,55.0,
172.75,55.0,
173.5,55.0,
174.25,55.0,
175.0,55.0,
175.75,55.0,
176.5,55.0,
177.25,55.0,
178.0,55.0,
178.75,55.0,
179.5,55.0,
180.25,55.0,
181.0,55.0,
181.75,55.0,
182.5,55.0,
183.25,55.0,
184.0,55.0,
184.75,55.0,
185.5,55.0,
186.25,55.0,
187.0,55.0,
187.75,55.0,
188.5,55.0,
189.25,55.0,
190.0,55.0,
190.75,55.0,
191.5,55.0,
192.25,55.0,
193.0,55.0,
193.75,55.0,
194.5,55.0,
195.25,55.0,
196.0,55.0,
196.75,55.0,
197.5,55.0,
198.25,55.0,
199.0,55.0,
199.75,55.0,
200.5,55.0,
201.25,55.0,
202.0,55.0,
202.75,55.0,
203.5,55.0,
204.25,55.0,
205.0,55.0,
205.75,55.0,
206.5,55.0,
207.25,55.0,
208.0,55.0,
208.75,55.0,
209.5,55.0,
210.25,55.0,
211.0,55.0,
211.75,55.0,
212.5,55.0,
213.25,55.0,
214.0,55.0,
214.75,55.0,
215.5,55.0,
216.25,55.0,
217.0,55.0,
217.75,55.0,
218.5,55.0,
219.25,55.0,
31.0,55.75,
31.75,55.75,
32.5,55.75,
33.25,55.75,
34.0,55.75,
34.75,55.75,
35.5,55.75,
36.25,55.75,
37.0,55.75,
37.75,55.75,
38.5,55.75,
39.25,55.75,
40.0,55.75,
40.75,55.75,
41.5,55.75,
42.25,55.75,
43.0,55.75,
43.75,55.75,
44.5,55.75,
45.25,55.75,
46.0,55.75,
46.75,55.75,
47.5,55.75,
48.25,55.75,
49.0,55.75,
49.75,55.75,
50.5,55.75,
51.25,55.75,
52.0,55.75,
52.75,55.75,
53.5,55.75,
54.25,55.75,-83.82417582417582
55.0,55.75,-83.48387096774194
55.75,55.75,-82.73555166374781
56.5,55.75,-81.53655417514771
57.25,55.75,-82.46444761748039
58.0,55.75,-82.54450117265478
58.75,55.75,-83.26721796810942
59.5,55.75,-84.36828556801231
60.25,55.75,-84.36559386663937
61.0,55.75,-84.67050062577148
61.75,55.75,-86.54529347668957
62.5,55.75,-88.19909120718
63.25,55.75,-88.76859797141914
64.0,55.75,-88.57317601157706
64.75,55.75,-88.0394260342236
65.5,55.75,-88.01831119654872
66.25,55.75,-88.44851353283322
67.0,55.75,-88.53741337419117
67.75,55.75,-89.13043027325588
68.5,55.75,-89.52117572812783
69.25,55.75,-89.7274255472252
70.0,55.75,-90.03426760539797
70.75,55.75,-90.37693268798516
71.5,55.75,-90.90557690441695
72.25,55.75,-91.12724501940143
73.0,55.75,-92.58215297450424
73.75,55.75,-92.79257641921399
74.5,55.75,
75.25,55.75,
76.0,55.75,
76.75,55.75,
77.5,55.75,
78.25,55.75,
79.0,55.75,
79.75,55.75,
80.5,55.75,
81.25,55.75,
82.0,55.75,
82.75,55.75,
83.5,55.75,
84.25,55.75,
85.0,55.75,
85.75,55.75,
86.5,55.75,
87.25,55.75,
88.0,55.75,
88.75,55.75,
89.5,55.75,
90.25,55.75,
91.0,55.75,
91.75,55.75,
92.5,55.75,
93.25,55.75,
94.0,55.75,
94.75,55.75,
95.5,55.75,
96.25,55.75,
97.0,55.75,
97.75,55.75,
98.5,55.75,
99.25,55.75,
100.0,55.75,
100.75,55.75,
101.5,55.75,
102.25,55.75,
103.0,55.75,
103.75,55.75,
104.5,55.75,
105.25,55.75,
106.0,55.75,
106.75,55.75,
107.5,55.75,
108.25,55.75,
109.0,55.75,
109.75,55.75,
110.5,55.75,
111.25,55.75,
112.0,55.75,
112.75,55.75,
113.5,55.75,
114.25,55.75,
115.0,55.75,
115.75,55.75,
116.5,55.75,
117.25,55.75,
118.0,55.75,
118.75,55.75,
119.5,55.75,
120.25,55.75,
121.0,55.75,
121.75,55.75,
122.5,55.75,
123.25,55.75,
124.0,55.75,
124.75,55.75,
125.5,55.75,
126.25,55.75,
127.0,55.75,
127.75,55.75,
128.5,55.75,
129.25,55.75,
130.0,55.75,
130.75,55.75,
131.5,55.75,
132.25,55.75,
133.0,55.75,
133.75,55.75,
134.5,55.75,
135.25,55.75,
136.0,55.75,
136.75,55.75,
137.5,55.75,
138.25,55.75,
139.0,55.75,
139.75,55.75,
140.5,55.75,
141.25,55.75,
142.0,55.75,
142.75,55.75,
143.5,55.75,
144.25,55.75,
145.0,55.75,
145.75,55.75,
146.5,55.75,
147.25,55.75,
148.0,55.75,
148.75,55.75,
149.5,55.75,
150.25,55.75,
151.0,55.75,
151.75,55.75,
152.5,55.75,
153.25,55.75,
154.0,55.75,
154.75,55.75,
155.5,55.75,
156.25,55.75,
157.0,55.75,
157.75,55.75,
158.5,55.75,
159.25,55.75,
160.0,55.75,
160.75,55.75,
161.5,55.75,
162.25,55.75,
163.0,55.75,
163.75,55.75,
164.5,55.75,
165.25,55.75,
166.0,55.75,
166.75,55.75,
167.5,55.75,
168.25,55.75,
169.0,55.75,
169.75,55.75,
170.5,55.75,
171.25,55.75,
172.0,55.75,
172.75,55.75,
173.5,55.75,
174.25,55.75,
175.0,55.75,
175.75,55.75,
176.5,55.75,
177.25,55.75,
178.0,55.75,
178.75,55.75,
179.5,55.75,
180.25,55.75,
181.0,55.75,
181.75,55.75,
182.5,55.75,
183.25,55.75,
184.0,55.75,
184.75,55.75,
185.5,55.75,
186.25,55.75,
187.0,55.75,
187.75,55.75,
188.5,55.75,
189.25,55.75,
190.0,55.75,
190.75,55.75,
191.5,55.75,
192.25,55.75,
193.0,55.75,
193.75,55.75,
194.5,55.75,
195.25,55.75,
196.0,55.75,
196.75,55.75,
197.5,55.75,
198.25,55.75,
199.0,55.75,
199.75,55.75,
200.5,55.75,
201.25,55.75,
202.0,55.75,
202.75,55.75,
203.5,55.75,
204.25,55.75,
205.0,55.75,
205.75,55.75,
206.5,55.75,
207.25,55.75,
208.0,55.75,
208.75,55.75,
209.5,55.75,
210.25,55.75,
211.0,55.75,
211.75,55.75,
212.5,55.75,
213.25,55.75,
214.0,55.75,
214.75,55.75,
215.5,55.75,
216.25,55.75,
217.0,55.75,
217.75,55.75,
218.5,55.75,
219.25,55.75,
31.0,56.5,
31.75,56.5,
32.5,56.5,
33.25,56.5,
34.0,56.5,
34.75,56.5,
35.5,56.5,
36.25,56.5,
37.0,56.5,
37.75,56.5,
38.5,56.5,
39.25,56.5,
40.0,56.5,
40.75,56.5,
41.5,56.5,
42.25,56.5,
43.0,56.5,
43.75,56.5,
44.5,56.5,
45.25,56.5,
46.0,56.5,
46.75,56.5,
47.5,56.5,
48.25,56.5,
49.0,56.5,
49.75,56.5,
50.5,56.5,
51.25,56.5,
52.0,56.5,
52.75,56.5,
53.5,56.5,
54.25,56.5,-84.10596026490065
55.0,56.5,-83.74193548387096
55.75,56.5,-81.66370531302049
56.5,56.5,-81.45736941655755
57.25,56.5,-82.11398849440842
58.0,56.5,-82.09589582155196
58.75,56.5,-82.31761716377721
59.5,56.5,-82.33237292339456
60.25,56.5,-83.26679900504011
61.0,56.5,-82.76024688171391
61.75,56.5,-85.26800340128564
62.5,56.5,-89.09374211455967
63.25,56.5,-90.02432334992704
64.0,56.5,-88.53670844462708
64.75,56.5,-88.37495138007068
65.5,56.5,-88.94232007963927
66.25,56.5,-89.37419318723364
67.0,56.5,-89.8697947419513
67.75,56.5,-89.8418216756711
68.5,56.5,-89.56022105396208
69.25,56.5,-89.40710463606986
70.0,56.5,-90.06559375023603
70.75,56.5,-90.64538750153585
71.5,56.5,-91.19241375205826
72.25,56.5,-91.37763921396564
73.0,56.5,-92.7987012987013
73.75,56.5,-92.97699757869249
74.5,56.5,
75.25,56.5,
76.0,56.5,
76.75,56.5,
77.5,56.5,
78.25,56.5,
79.0,56.5,
79.75,56.5,
80.5,56.5,
81.25,56.5,
82.0,56.5,
82.75,56.5,
83.5,56.5,
84.25,56.5,
85.0,56.5,
85.75,56.5,
86.5,56.5,
87.25,56.5,
88.0,56.5,
88.75,56.5,
89.5,56.5,
90.25,56.5,
91.0,56.5,
91.75,56.5,
92.5,56.5,
93.25,56.5,
94.0,56.5,
94.75,56.5,
95.5,56.5,
96.25,56.5,
97.0,56.5,
97.75,56.5,
98.5,56.5,
99.25,56.5,
100.0,56.5,
100.75,56.5,
101.5,56.5,
102.25,56.5,
103.0,56.5,
103.75,56.5,
104.5,56.5,
105.25,56.5,
106.0,56.5,
106.75,56.5,
107.5,56.5,
108.25,56.5,
109.0,56.5,
109.75,56.5,
110.5,56.5,
111.25,56.5,
112.0,56.5,
112.75,56.5,
113.5,56.5,
114.25,56.5,
115.0,56.5,
115.75,56.5,
116.5,56.5,
117.25,56.5,
118.0,56.5,
118.75,56.5,
119.5,56.5,
120.25,56.5,
121.0,56.5,
121.75,56.5,
122.5,56.5,
123.25,56.5,
124.0,56.5,
124.75,56.5,
125.5,56.5,
126.25,56.5,
127.0,56.5,
127.75,56.5,
128.5,56.5,
129.25,56.5,
130.0,56.5,
130.75,56.5,
131.5,56.5,
132.25,56.5,
133.0,56.5,
133.75,56.5,
134.5,56.5,
135.25,56.5,
136.0,56.5,
136.75,56.5,
137.5,56.5,
138.25,56.5,
139.0,56.5,
139.75,56.5,
140.5,56.5,
141.25,56.5,
142.0,56.5,
142.75,56.5,
143.5,56.5,
144.25,56.5,
145.0,56.5,
145.75,56.5,
146.5,56.5,
147.25,56.5,
148.0,56.5,
148.75,56.5,
149.5,56.5,
150.25,56.5,
151.0,56.5,
151.75,56.5,
152.5,56.5,
153.25,56.5,
154.0,56.5,
154.75,56.5,
155.5,56.5,
156.25,56.5,
157.0,56.5,
157.75,56.5,
158.5,56.5,
159.25,56.5,
160.0,56.5,
160.75,56.5,
161.5,56.5,
162.25,56.5,
163.0,56.5,
163.75,56.5,
164.5,56.5,
165.25,56.5,
166.0,56.5,
166.75,56.5,
167.5,56.5,
168.25,56.5,
169.0,56.5,
169.75,56.5,
170.5,56.5,
171.25,56.5,
172.0,56.5,
172.75,56.5,
173.5,56.5,
174.25,56.5,
175.0,56.5,
175.75,56.5,
176.5,56.5,
177.25,56.5,
178.0,56.5,
178.75,56.5,
179.5,56.5,
180.25,56.5,
181.0,56.5,
181.75,56.5,
182.5,56.5,
183.25,56.5,
184.0,56.5,
184.75,56.5,
185.5,56.5,
186.25,56.5,
187.0,56.5,
187.75,56.5,
188.5,56.5,
189.25,56.5,
190.0,56.5,
190.75,56.5,
191.5,56.5,
192.25,56.5,
193.0,56.5,
193.75,56.5,
194.5,56.5,
195.25,56.5,
196.0,56.5,
196.75,56.5,
197.5,56.5,
198.25,56.5,
199.0,56.5,
199.75,56.5,
200.5,56.5,
201.25,56.5,
202.0,56.5,
202.75,56.5,
203.5,56.5,
204.25,56.5,
205.0,56.5,
205.75,56.5,
206.5,56.5,
207.25,56.5,
208.0,56.5,
208.75,56.5,
209.5,56.5,
210.25,56.5,
211.0,56.5,
211.75,56.5,
212.5,56.5,
213.25,56.5,
214.0,56.5,
214.75,56.5,
215.5,56.5,
216.25,56.5,
217.0,56.5,
217.75,56.5,
218.5,56.5,
219.25,56.5,
31.0,57.25,
31.75,57.25,
32.5,57.25,
33.25,57.25,
34.0,57.25,
34.75,57.25,
35.5,57.25,-87.57302231237323
36.25,57.25,-87.60859728506789
37.0,57.25,-87.64669926650367
37.75,57.25,-86.10875366866765
38.5,57.25,-86.1401082544468
39.25,57.25,-85.90740740740742
40.0,57.25,-85.85368956743004
40.75,57.25,
41.5,57.25,
42.25,57.25,
43.0,57.25,
43.75,57.25,
44.5,57.25,
45.25,57.25,
46.0,57.25,
46.75,57.25,
47.5,57.25,
48.25,57.25,
49.0,57.25,
49.75,57.25,
50.5,57.25,
51.25,57.25,
52.0,57.25,
52.75,57.25,-87.04597701149426
53.5,57.25,-84.82741683545265
54.25,57.25,-84.71437504770691
55.0,57.25,-81.73668157454823
55.75,57.25,-82.22529782534319
56.5,57.25,-81.99307420436106
57.25,57.25,-81.26346289131742
58.0,57.25,-80.98529124985434
58.75,57.25,-81.555227990285
59.5,57.25,-81.91967917255877
60.25,57.25,-82.9411494309635
61.0,57.25,-82.23120980882157
61.75,57.25,-84.47106402086851
62.5,57.25,-89.06325269064708
63.25,57.25,-90.37648902085863
64.0,57.25,-88.47209585146604
64.75,57.25,-88.49733884695151
65.5,57.25,-88.88512487864165
66.25,57.25,-89.76560119473919
67.0,57.25,-90.02861118189638
67.75,57.25,-90.2688620965164
68.5,57.25,-89.7582943459794
69.25,57.25,-89.35716967521084
70.0,57.25,-90.58516478838392
70.75,57.25,-91.41399116204812
71.5,57.25,-91.67205887748528
72.25,57.25,-91.73918162985446
73.0,57.25,-93.11565836298934
73.75,57.25,-93.22020725388602
74.5,57.25,-93.2878192534381
75.25,57.25,
76.0,57.25,
76.75,57.25,
77.5,57.25,
78.25,57.25,
79.0,57.25,
79.75,57.25,
80.5,57.25,
81.25,57.25,
82.0,57.25,
82.75,57.25,
83.5,57.25,
84.25,57.25,
85.0,57.25,
85.75,57.25,
86.5,57.25,
87.25,57.25,
88.0,57.25,
88.75,57.25,
89.5,57.25,
90.25,57.25,
91.0,57.25,
91.75,57.25,
92.5,57.25,
93.25,57.25,
94.0,57.25,
94.75,57.25,
95.5,57.25,
96.25,57.25,
97.0,57.25,
97.75,57.25,
98.5,57.25,
99.25,57.25,
100.0,57.25,
100.75,57.25,
101.5,57.25,
102.25,57.25,
103.0,57.25,
103.75,57.25,
104.5,57.25,
105.25,57.25,
106.0,57.25,
106.75,57.25,
107.5,57.25,
108.25,57.25,
109.0,57.25,
109.75,57.25,
110.5,57.25,
111.25,57.25,
112.0,57.25,
112.75,57.25,
113.5,57.25,
114.25,57.25,
115.0,57.25,
115.75,57.25,
116.5,57.25,
117.25,57.25,
118.0,57.25,
118.75,57.25,
119.5,57.25,
120.25,57.25,
121.0,57.25,
121.75,57.25,
122.5,57.25,
123.25,57.25,
124.0,57.25,
124.75,57.25,
125.5,57.25,
126.25,57.25,
127.0,57.25,
127.75,57.25,
128.5,57.25,
129.25,57.25,
130.0,57.25,
130.75,57.25,
131.5,57.25,
132.25,57.25,
133.0,57.25,
133.75,57.25,
134.5,57.25,
135.25,57.25,
136.0,57.25,
136.75,57.25,
137.5,57.25,
138.25,57.25,
139.0,57.25,
139.75,57.25,
140.5,57.25,
141.25,57.25,
142.0,57.25,
142.75,57.25,
143.5,57.25,
144.25,57.25,
145.0,57.25,
145.75,57.25,
146.5,57.25,
147.25,57.25,
148.0,57.25,
148.75,57.25,
149.5,57.25,
150.25,57.25,
151.0,57.25,
151.75,57.25,
152.5,57.25,
153.25,57.25,
154.0,57.25,
154.75,57.25,
155.5,57.25,
156.25,57.25,
157.0,57.25,
157.75,57.25,
158.5,57.25,
159.25,57.25,
160.0,57.25,
160.75,57.25,
161.5,57.25,
162.25,57.25,
163.0,57.25,
163.75,57.25,
164.5,57.25,
165.25,57.25,
166.0,57.25,
166.75,57.25,
167.5,57.25,
168.25,57.25,
169.0,57.25,
169.75,57.25,
170.5,57.25,
171.25,57.25,
172.0,57.25,
172.75,57.25,
173.5,57.25,
174.25,57.25,
175.0,57.25,
175.75,57.25,
176.5,57.25,
177.25,57.25,
178.0,57.25,
178.75,57.25,
179.5,57.25,
180.25,57.25,
181.0,57.25,
181.75,57.25,
182.5,57.25,
183.25,57.25,
184.0,57.25,
184.75,57.25,
185.5,57.25,
186.25,57.25,
187.0,57.25,
187.75,57.25,
188.5,57.25,
189.25,57.25,
190.0,57.25,
190.75,57.25,
191.5,57.25,
192.25,57.25,
193.0,57.25,
193.75,57.25,
194.5,57.25,
195.25,57.25,
196.0,57.25,
196.75,57.25,
197.5,57.25,
198.25,57.25,
199.0,57.25,
199.75,57.25,
200.5,57.25,
201.25,57.25,
202.0,57.25,
202.75,57.25,
203.5,57.25,
204.25,57.25,
205.0,57.25,
205.75,57.25,
206.5,57.25,
207.25,57.25,
208.0,57.25,
208.75,57.25,
209.5,57.25,
210.25,57.25,
211.0,57.25,
211.75,57.25,
212.5,57.25,
213.25,57.25,
214.0,57.25,
214.75,57.25,
215.5,57.25,
216.25,57.25,
217.0,57.25,
217.75,57.25,
218.5,57.25,
219.25,57.25,
31.0,58.0,
31.75,58.0,
32.5,58.0,
33.25,58.0,
34.0,58.0,-87.30232558139534
34.75,58.0,-87.34909214931005
35.5,58.0,-87.40653438758763
36.25,58.0,-86.2175446992812
37.0,58.0,-86.14155571128241
37.75,58.0,-86.23467854408443
38.5,58.0,-86.29767293253101
39.25,58.0,-86.29672881900171
40.0,58.0,-86.2210242587601
40.75,58.0,-85.89563862928348
41.5,58.0,-85.70430107526883
42.25,58.0,-85.51587301587301
43.0,58.0,
43.75,58.0,
44.5,58.0,
45.25,58.0,
46.0,58.0,
46.75,58.0,
47.5,58.0,
48.25,58.0,
49.0,58.0,
49.75,58.0,
50.5,58.0,
51.25,58.0,
52.0,58.0,-86.41860465116278
52.75,58.0,-86.61758181726448
53.5,58.0,-85.05398689012443
54.25,58.0,-83.4426688302073
55.0,58.0,-83.17997281774737
55.75,58.0,-82.52431287169283
56.5,58.0,-82.1566498735948
57.25,58.0,-81.06030707990702
58.0,58.0,-80.28488372093024
58.75,58.0,-79.90857128879843
59.5,58.0,-80.6257576383581
60.25,58.0,-83.92156834026596
61.0,58.0,-84.8483606557377
61.75,58.0,-85.24920041826284
62.5,58.0,-85.81380787162527
63.25,58.0,-86.26811611925085
64.0,58.0,-86.60714285714285
64.75,58.0,-87.97602366827218
65.5,58.0,-88.93412931710915
66.25,58.0,-90.56301343449798
67.0,58.0,-90.75231175693523
67.75,58.0,-91.33970112743256
68.5,58.0,-92.37683886418063
69.25,58.0,-92.8013929728214
70.0,58.0,-92.64649033570701
70.75,58.0,-92.54731193036652
71.5,58.0,-92.33615867677841
72.25,58.0,-92.63551401869161
73.0,58.0,-93.5
73.75,58.0,-93.5
74.5,58.0,-93.49999999999999
75.25,58.0,
76.0,58.0,
76.75,58.0,
77.5,58.0,
78.25,58.0,
79.0,58.0,
79.75,58.0,
80.5,58.0,
81.25,58.0,
82.0,58.0,
82.75,58.0,
83.5,58.0,
84.25,58.0,
85.0,58.0,
85.75,58.0,
86.5,58.0,
87.25,58.0,
88.0,58.0,
88.75,58.0,
89.5,58.0,
90.25,58.0,
91.0,58.0,
91.75,58.0,
92.5,58.0,
93.25,58.0,
94.0,58.0,
94.75,58.0,
95.5,58.0,
96.25,58.0,
97.0,58.0,
97.75,58.0,
98.5,58.0,
99.25,58.0,
100.0,58.0,
100.75,58.0,
101.5,58.0,
102.25,58.0,
103.0,58.0,
103.75,58.0,
104.5,58.0,
105.25,58.0,
106.0,58.0,
106.75,58.0,
107.5,58.0,
108.25,58.0,
109.0,58.0,
109.75,58.0,
110.5,58.0,
111.25,58.0,
112.0,58.0,
112.75,58.0,
113.5,58.0,
114.25,58.0,
115.0,58.0,
115.75,58.0,
116.5,58.0,
117.25,58.0,
118.0,58.0,
118.75,58.0,
119.5,58.0,
120.25,58.0,
121.0,58.0,
121.75,58.0,
122.5,58.0,
123.25,58.0,
124.0,58.0,
124.75,58.0,
125.5,58.0,
126.25,58.0,
127.0,58.0,
127.75,58.0,
128.5,58.0,
129.25,58.0,
130.0,58.0,
130.75,58.0,
131.5,58.0,
132.25,58.0,
133.0,58.0,
133.75,58.0,
134.5,58.0,
135.25,58.0,
136.0,58.0,
136.75,58.0,
137.5,58.0,
138.25,58.0,
139.0,58.0,
139.75,58.0,
140.5,58.0,
141.25,58.0,
142.0,58.0,
142.75,58.0,
143.5,58.0,
144.25,58.0,
145.0,58.0,
145.75,58.0,
146.5,58.0,
147.25,58.0,
148.0,58.0,
148.75,58.0,
149.5,58.0,
150.25,58.0,
151.0,58.0,
151.75,58.0,
152.5,58.0,
153.25,58.0,
154.0,58.0,
154.75,58.0,
155.5,58.0,
156.25,58.0,
157.0,58.0,
157.75,58.0,
158.5,58.0,
159.25,58.0,
160.0,58.0,
160.75,58.0,
161.5,58.0,
162.25,58.0,
163.0,58.0,
163.75,58.0,
164.5,58.0,
165.25,58.0,
166.0,58.0,
166.75,58.0,
167.5,58.0,
168.25,58.0,
169.0,58.0,
169.75,58.0,
170.5,58.0,
171.25,58.0,
172.0,58.0,
172.75,58.0,
173.5,58.0,
174.25,58.0,
175.0,58.0,
175.75,58.0,
176.5,58.0,
177.25,58.0,
178.0,58.0,
178.75,58.0,
179.5,58.0,
180.25,58.0,
181.0,58.0,
181.75,58.0,
182.5,58.0,
183.25,58.0,
184.0,58.0,
184.75,58.0,
185.5,58.0,
186.25,58.0,
187.0,58.0,
187.75,58.0,
188.5,58.0,
189.25,58.0,
190.0,58.0,
190.75,58.0,
191.5,58.0,
192.25,58.0,
193.0,58.0,
193.75,58.0,
194.5,58.0,
195.25,58.0,
196.0,58.0,
196.75,58.0,
197.5,58.0,
198.25,58.0,
199.0,58.0,
199.75,58.0,
200.5,58.0,
201.25,58.0,
202.0,58.0,
202.75,58.0,
203.5,58.0,
204.25,58.0,
205.0,58.0,
205.75,58.0,
206.5,58.0,
207.25,58.0,
208.0,58.0,
208.75,58.0,
209.5,58.0,
210.25,58.0,
211.0,58.0,
211.75,58.0,
212.5,58.0,
213.25,58.0,
214.0,58.0,
214.75,58.0,
215.5,58.0,
216.25,58.0,
217.0,58.0,
217.75,58.0,
218.5,58.0,
219.25,58.0,
31.0,58.75,
31.75,58.75,
32.5,58.75,
33.25,58.75,-86.99999999999999
34.0,58.75,-87.27115675617965
34.75,58.75,-87.32313575525812
35.5,58.75,-86.22602916037175
36.25,58.75,-86.25099170571411
37.0,58.75,-86.32772292570583
37.75,58.75,-86.3943853979955
38.5,58.75,-86.52268958749279
39.25,58.75,-86.53698426465122
40.0,58.75,-86.41104634890081
40.75,58.75,-86.20142569914093
41.5,58.75,-85.77719298245614
42.25,58.75,-85.52824858757062
43.0,58.75,-85.32539682539682
43.75,58.75,
44.5,58.75,
45.25,58.75,
46.0,58.75,
46.75,58.75,
47.5,58.75,
48.25,58.75,
49.0,58.75,
49.75,58.75,
50.5,58.75,
51.25,58.75,-84.79342723004696
52.0,58.75,-86.22937194457164
52.75,58.75,-86.4421052631579
53.5,58.75,-83.93197436289141
54.25,58.75,-83.89035414658532
55.0,58.75,-83.77019427264749
55.75,58.75,-83.46140049186593
56.5,58.75,-83.11544564943419
57.25,58.75,-81.50795680069415
58.0,58.75,-79.67815265225887
58.75,58.75,-78.34912092387846
59.5,58.75,-79.33887925719641
60.25,58.75,-84.19669360972955
61.0,58.75,-88.10123638712572
61.75,58.75,-86.0369178143392
62.5,58.75,-83.26169604101592
63.25,58.75,-82.5657501175133
64.0,58.75,-84.91579271800771
64.75,58.75,-87.32763073265752
65.5,58.75,-89.72302866804193
66.25,58.75,-90.82671402082786
67.0,58.75,-91.02016399601908
67.75,58.75,-92.13720961849599
68.5,58.75,-96.03855036392598
69.25,58.75,-97.30107469672852
70.0,58.75,-95.13146382167766
70.75,58.75,-93.69811354873522
71.5,58.75,-92.97334231821392
72.25,58.75,-93.0281467208038
73.0,58.75,-93.88434163701068
73.75,58.75,-93.779792746114
74.5,58.75,-93.71218074656187
75.25,58.75,
76.0,58.75,
76.75,58.75,
77.5,58.75,
78.25,58.75,
79.0,58.75,
79.75,58.75,
80.5,58.75,
81.25,58.75,
82.0,58.75,
82.75,58.75,
83.5,58.75,
84.25,58.75,
85.0,58.75,
85.75,58.75,
86.5,58.75,
87.25,58.75,
88.0,58.75,
88.75,58.75,
89.5,58.75,
90.25,58.75,
91.0,58.75,
91.75,58.75,
92.5,58.75,
93.25,58.75,
94.0,58.75,
94.75,58.75,
95.5,58.75,
96.25,58.75,
97.0,58.75,
97.75,58.75,
98.5,58.75,
99.25,58.75,
100.0,58.75,
100.75,58.75,
101.5,58.75,
102.25,58.75,
103.0,58.75,
103.75,58.75,
104.5,58.75,
105.25,58.75,
106.0,58.75,
106.75,58.75,
107.5,58.75,
108.25,58.75,
109.0,58.75,
109.75,58.75,
110.5,58.75,
111.25,58.75,
112.0,58.75,
112.75,58.75,
113.5,58.75,
114.25,58.75,
115.0,58.75,
115.75,58.75,
116.5,58.75,
117.25,58.75,
118.0,58.75,
118.75,58.75,
119.5,58.75,
120.25,58.75,
121.0,58.75,
121.75,58.75,
122.5,58.75,
123.25,58.75,
124.0,58.75,
124.75,58.75,
125.5,58.75,
126.25,58.75,
127.0,58.75,
127.75,58.75,
128.5,58.75,
129.25,58.75,
130.0,58.75,
130.75,58.75,
131.5,58.75,
132.25,58.75,
133.0,58.75,
133.75,58.75,
134.5,58.75,
135.25,58.75,
136.0,58.75,
136.75,58.75,
137.5,58.75,
138.25,58.75,
139.0,58.75,
139.75,58.75,
140.5,58.75,
141.25,58.75,
142.0,58.75,
142.75,58.75,
143.5,58.75,
144.25,58.75,
145.0,58.75,
145.75,58.75,
146.5,58.75,
147.25,58.75,
148.0,58.75,
148.75,58.75,
149.5,58.75,
150.25,58.75,
151.0,58.75,
151.75,58.75,
152.5,58.75,
153.25,58.75,
154.0,58.75,
154.75,58.75,
155.5,58.75,
156.25,58.75,
157.0,58.75,
157.75,58.75,
158.5,58.75,
159.25,58.75,
160.0,58.75,
160.75,58.75,
161.5,58.75,
162.25,58.75,
163.0,58.75,
163.75,58.75,
164.5,58.75,
165.25,58.75,
166.0,58.75,
166.75,58.75,
167.5,58.75,
168.25,58.75,
169.0,58.75,
169.75,58.75,
170.5,58.75,
171.25,58.75,
172.0,58.75,
172.75,58.75,
173.5,58.75,
174.25,58.75,
175.0,58.75,
175.75,58.75,
176.5,58.75,
177.25,58.75,
178.0,58.75,
178.75,58.75,
179.5,58.75,
180.25,58.75,
181.0,58.75,
181.75,58.75,
182.5,58.75,
183.25,58.75,
184.0,58.75,
184.75,58.75,
185.5,58.75,
186.25,58.75,
187.0,58.75,
187.75,58.75,
188.5,58.75,
189.25,58.75,
190.0,58.75,
190.75,58.75,
191.5,58.75,
192.25,58.75,
193.0,58.75,
193.75,58.75,
194.5,58.75,
195.25,58.75,
196.0,58.75,
196.75,58.75,
197.5,58.75,
198.25,58.75,
199.0,58.75,
199.75,58.75,
200.5,58.75,
201.25,58.75,
202.0,58.75,
202.75,58.75,
203.5,58.75,
204.25,58.75,
205.0,58.75,
205.75,58.75,
206.5,58.75,
207.25,58.75,
208.0,58.75,
208.75,58.75,
209.5,58.75,
210.25,58.75,
211.0,58.75,
211.75,58.75,
212.5,58.75,
213.25,58.75,
214.0,58.75,
214.75,58.75,
215.5,58.75,
216.25,58.75,
217.0,58.75,
217.75,58.75,
218.5,58.75,
219.25,58.75,
31.0,59.5,-85.7128712871287
31.75,59.5,-85.7890410958904
32.5,59.5,-86.08643710470837
33.25,59.5,-87.22062985659818
34.0,59.5,-87.30774507986506
34.75,59.5,-86.61298837371434
35.5,59.5,-86.64804097388898
36.25,59.5,-86.58267767189108
37.0,59.5,-86.23057473998743
37.75,59.5,-86.4667972910786
38.5,59.5,-86.71869125439436
39.25,59.5,-86.83430260801596
40.0,59.5,-86.77107920907017
40.75,59.5,-86.88722605520286
41.5,59.5,-86.86682211296434
42.25,59.5,-86.95970291145208
43.0,59.5,-87.75504996784868
43.75,59.5,-88.05127758832168
44.5,59.5,-90.18449197860963
45.25,59.5,-91.23095238095237
46.0,59.5,
46.75,59.5,-87.11657559198544
47.5,59.5,
48.25,59.5,-83.4695238095238
49.0,59.5,-83.51709401709401
49.75,59.5,-83.57459207459206
50.5,59.5,-84.26618705035972
51.25,59.5,-85.36045693295341
52.0,59.5,-85.97390903975034
52.75,59.5,-85.83517486922024
53.5,59.5,-84.27147985685896
54.25,59.5,-84.36749684188737
55.0,59.5,-84.48449994993062
55.75,59.5,-84.5867689856817
56.5,59.5,-84.85448121632683
57.25,59.5,-83.42259461236814
58.0,59.5,-80.16485322370731
58.75,59.5,-78.46053714091701
59.5,59.5,-79.29414125200644
60.25,59.5,-83.25476885802821
61.0,59.5,-86.58979224930083
61.75,59.5,-85.68032571287064
62.5,59.5,-83.3817932209809
63.25,59.5,-82.92449303726579
64.0,59.5,-84.76585321557923
64.75,59.5,-86.82758752722437
65.5,59.5,-89.81387409682479
66.25,59.5,-90.86822794492191
67.0,59.5,-91.12814318846283
67.75,59.5,-92.35895284495034
68.5,59.5,-95.78267106446773
69.25,59.5,-96.95344236819666
70.0,59.5,-95.4999090551113
70.75,59.5,-94.16006974802113
71.5,59.5,-93.74435133128249
72.25,59.5,-93.29368411937344
73.0,59.5,-94.2012987012987
73.75,59.5,-94.02300242130751
74.5,59.5,
75.25,59.5,
76.0,59.5,
76.75,59.5,
77.5,59.5,
78.25,59.5,
79.0,59.5,
79.75,59.5,
80.5,59.5,
81.25,59.5,
82.0,59.5,
82.75,59.5,
83.5,59.5,
84.25,59.5,
85.0,59.5,
85.75,59.5,
86.5,59.5,
87.25,59.5,
88.0,59.5,
88.75,59.5,
89.5,59.5,
90.25,59.5,
91.0,59.5,
91.75,59.5,
92.5,59.5,
93.25,59.5,
94.0,59.5,
94.75,59.5,
95.5,59.5,
96.25,59.5,
97.0,59.5,
97.75,59.5,
98.5,59.5,
99.25,59.5,
100.0,59.5,
100.75,59.5,
101.5,59.5,
102.25,59.5,
103.0,59.5,
103.75,59.5,
104.5,59.5,
105.25,59.5,
106.0,59.5,
106.75,59.5,
107.5,59.5,
108.25,59.5,
109.0,59.5,
109.75,59.5,
110.5,59.5,
111.25,59.5,
112.0,59.5,
112.75,59.5,
113.5,59.5,
114.25,59.5,
115.0,59.5,
115.75,59.5,
116.5,59.5,
117.25,59.5,
118.0,59.5,
118.75,59.5,
119.5,59.5,
120.25,59.5,
121.0,59.5,
121.75,59.5,
122.5,59.5,
123.25,59.5,
124.0,59.5,
124.75,59.5,
125.5,59.5,
126.25,59.5,
127.0,59.5,
127.75,59.5,
128.5,59.5,
129.25,59.5,
130.0,59.5,
130.75,59.5,
131.5,59.5,
132.25,59.5,
133.0,59.5,
133.75,59.5,
134.5,59.5,
135.25,59.5,
136.0,59.5,
136.75,59.5,
137.5,59.5,
138.25,59.5,
139.0,59.5,
139.75,59.5,
140.5,59.5,
141.25,59.5,
142.0,59.5,
142.75,59.5,
143.5,59.5,
144.25,59.5,
145.0,59.5,
145.75,59.5,
146.5,59.5,
147.25,59.5,
148.0,59.5,
148.75,59.5,
149.5,59.5,
150.25,59.5,
151.0,59.5,
151.75,59.5,
152.5,59.5,
153.25,59.5,
154.0,59.5,
154.75,59.5,
155.5,59.5,
156.25,59.5,
157.0,59.5,
157.75,59.5,
158.5,59.5,
159.25,59.5,
160.0,59.5,
160.75,59.5,
161.5,59.5,
162.25,59.5,
163.0,59.5,
163.75,59.5,
164.5,59.5,
165.25,59.5,
166.0,59.5,
166.75,59.5,
167.5,59.5,
168.25,59.5,
169.0,59.5,
169.75,59.5,
170.5,59.5,
171.25,59.5,
172.0,59.5,
172.75,59.5,
173.5,59.5,
174.25,59.5,
175.0,59.5,
175.75,59.5,
176.5,59.5,
177.25,59.5,
178.0,59.5,
178.75,59.5,
179.5,59.5,
180.25,59.5,
181.0,59.5,
181.75,59.5,
182.5,59.5,
183.25,59.5,
184.0,59.5,
184.75,59.5,
185.5,59.5,
186.25,59.5,
187.0,59.5,
187.75,59.5,
188.5,59.5,
189.25,59.5,
190.0,59.5,
190.75,59.5,
191.5,59.5,
192.25,59.5,
193.0,59.5,
193.75,59.5,
194.5,59.5,
195.25,59.5,
196.0,59.5,
196.75,59.5,
197.5,59.5,
198.25,59.5,
199.0,59.5,
199.75,59.5,
200.5,59.5,
201.25,59.5,
202.0,59.5,
202.75,59.5,
203.5,59.5,
204.25,59.5,
205.0,59.5,
205.75,59.5,
206.5,59.5,
207.25,59.5,
208.0,59.5,
208.75,59.5,
209.5,59.5,
210.25,59.5,
211.0,59.5,
211.75,59.5,
212.5,59.5,
213.25,59.5,
214.0,59.5,
214.75,59.5,
215.5,59.5,
216.25,59.5,
217.0,59.5,
217.75,59.5,
218.5,59.5,
219.25,59.5,
31.0,60.25,-85.78688524590164
31.75,60.25,-86.92913764090584
32.5,60.25,-86.9925497313145
33.25,60.25,-87.16554361595279
34.0,60.25,-86.95947300266607
34.75,60.25,-86.6691385869423
35.5,60.25,-86.6730510760152
36.25,60.25,-86.5662961079252
37.0,60.25,-86.23047977239513
37.75,60.25,-86.81647460538609
38.5,60.25,-87.23840684011489
39.25,60.25,-87.38529920028351
40.0,60.25,-86.87861675621566
40.75,60.25,-86.84738210855465
41.5,60.25,-86.83313782305866
42.25,60.25,-87.43555837392299
43.0,60.25,-87.86955001407034
43.75,60.25,-88.22301826132303
44.5,60.25,-89.875649345489
45.25,60.25,-91.22512437810944
46.0,60.25,-88.75416997617155
46.75,60.25,-87.15023474178405
47.5,60.25,-86.7016317016317
48.25,60.25,-85.57631370058739
49.0,60.25,-83.4891598915989
49.75,60.25,-84.10794195140312
50.5,60.25,-84.21262477704848
51.25,60.25,-85.137789236816
52.0,60.25,-85.13281126082535
52.75,60.25,-85.55646954530468
53.5,60.25,-84.69282596455864
54.25,60.25,-85.01101217154245
55.0,60.25,-85.1509396940255
55.75,60.25,-85.86334065874853
56.5,60.25,-87.25951798627713
57.25,60.25,-86.47173490937614
58.0,60.25,-81.01173958119352
58.75,60.25,-76.32726178643676
59.5,60.25,-77.49862146527435
60.25,60.25,-81.60334486177959
61.0,60.25,-83.4125078656868
61.75,60.25,-83.45917943408703
62.5,60.25,-83.63015256888984
63.25,60.25,-84.36639598237107
64.0,60.25,-85.48506272033211
64.75,60.25,-86.84165027279916
65.5,60.25,-89.3654984014273
66.25,60.25,-90.79489215783782
67.0,60.25,-91.4768998908298
67.75,60.25,-92.44759933526929
68.5,60.25,-94.06376217460944
69.25,60.25,-95.14984341064009
70.0,60.25,-95.02814916853141
70.75,60.25,-94.36389806362072
71.5,60.25,-93.80152309547822
72.25,60.25,-93.94033507292238
73.0,60.25,-94.41784702549575
73.75,60.25,-94.20742358078604
74.5,60.25,
75.25,60.25,
76.0,60.25,
76.75,60.25,
77.5,60.25,
78.25,60.25,
79.0,60.25,
79.75,60.25,
80.5,60.25,
81.25,60.25,
82.0,60.25,
82.75,60.25,
83.5,60.25,
84.25,60.25,
85.0,60.25,
85.75,60.25,
86.5,60.25,
87.25,60.25,
88.0,60.25,
88.75,60.25,
89.5,60.25,
90.25,60.25,
91.0,60.25,
91.75,60.25,
92.5,60.25,
93.25,60.25,
94.0,60.25,
94.75,60.25,
95.5,60.25,
96.25,60.25,
97.0,60.25,
97.75,60.25,
98.5,60.25,
99.25,60.25,
100.0,60.25,
100.75,60.25,
101.5,60.25,
102.25,60.25,
103.0,60.25,
103.75,60.25,
104.5,60.25,
105.25,60.25,
106.0,60.25,
106.75,60.25,
107.5,60.25,
108.25,60.25,
109.0,60.25,
109.75,60.25,
110.5,60.25,
111.25,60.25,
112.0,60.25,
112.75,60.25,
113.5,60.25,
114.25,60.25,
115.0,60.25,
115.75,60.25,
116.5,60.25,
117.25,60.25,
118.0,60.25,
118.75,60.25,
119.5,60.25,
120.25,60.25,
121.0,60.25,
121.75,60.25,
122.5,60.25,
123.25,60.25,
124.0,60.25,
124.75,60.25,
125.5,60.25,
126.25,60.25,
127.0,60.25,
127.75,60.25,
128.5,60.25,
129.25,60.25,
130.0,60.25,
130.75,60.25,
131.5,60.25,
132.25,60.25,
133.0,60.25,
133.75,60.25,
134.5,60.25,
135.25,60.25,
136.0,60.25,
136.75,60.25,
137.5,60.25,
138.25,60.25,
139.0,60.25,
139.75,60.25,
140.5,60.25,
141.25,60.25,
142.0,60.25,
142.75,60.25,
143.5,60.25,
144.25,60.25,
145.0,60.25,
145.75,60.25,
146.5,60.25,
147.25,60.25,
148.0,60.25,
148.75,60.25,
149.5,60.25,
150.25,60.25,
151.0,60.25,
151.75,60.25,
152.5,60.25,
153.25,60.25,
154.0,60.25,
154.75,60.25,
155.5,60.25,
156.25,60.25,
157.0,60.25,
157.75,60.25,
158.5,60.25,
159.25,60.25,
160.0,60.25,
160.75,60.25,
161.5,60.25,
162.25,60.25,
163.0,60.25,
163.75,60.25,
164.5,60.25,
165.25,60.25,
166.0,60.25,
166.75,60.25,
167.5,60.25,
168.25,60.25,
169.0,60.25,
169.75,60.25,
170.5,60.25,
171.25,60.25,
172.0,60.25,
172.75,60.25,
173.5,60.25,
174.25,60.25,
175.0,60.25,
175.75,60.25,
176.5,60.25,
177.25,60.25,
178.0,60.25,
178.75,60.25,
179.5,60.25,
180.25,60.25,
181.0,60.25,
181.75,60.25,
182.5,60.25,
183.25,60.25,
184.0,60.25,
184.75,60.25,
185.5,60.25,
186.25,60.25,
187.0,60.25,
187.75,60.25,
188.5,60.25,
189.25,60.25,
190.0,60.25,
190.75,60.25,
191.5,60.25,
192.25,60.25,
193.0,60.25,
193.75,60.25,
194.5,60.25,
195.25,60.25,
196.0,60.25,
196.75,60.25,
197.5,60.25,
198.25,60.25,
199.0,60.25,
199.75,60.25,
200.5,60.25,
201.25,60.25,
202.0,60.25,
202.75,60.25,
203.5,60.25,
204.25,60.25,
205.0,60.25,
205.75,60.25,
206.5,60.25,
207.25,60.25,
208.0,60.25,
208.75,60.25,
209.5,60.25,
210.25,60.25,
211.0,60.25,
211.75,60.25,
212.5,60.25,
213.25,60.25,
214.0,60.25,
214.75,60.25,
215.5,60.25,
216.25,60.25,
217.0,60.25,
217.75,60.25,
218.5,60.25,
219.25,60.25,
31.0,61.0,-86.7878787878788
31.75,61.0,-86.87085980253946
32.5,61.0,-86.94403658274908
33.25,61.0,-86.88269024239807
34.0,61.0,-86.95537757437071
34.75,61.0,-87.03062456365474
35.5,61.0,-86.72094543249575
36.25,61.0,-86.54619316417836
37.0,61.0,-86.44444444444444
37.75,61.0,-86.65998282722398
38.5,61.0,-87.54180996983608
39.25,61.0,-87.87374366515289
40.0,61.0,-86.81794095382284
40.75,61.0,-86.63959850694144
41.5,61.0,-86.74514573199775
42.25,61.0,-87.50189083700161
43.0,61.0,-87.95918367346937
43.75,61.0,-88.49067978097997
44.5,61.0,-88.8038681454314
45.25,61.0,-89.08277026057337
46.0,61.0,-88.83898305084745
46.75,61.0,-88.27336504797285
47.5,61.0,-86.01505698651145
48.25,61.0,-85.49738219895288
49.0,61.0,-85.08695652173913
49.75,61.0,-84.01859626159275
50.5,61.0,-84.14297914739164
51.25,61.0,-84.47064202858184
52.0,61.0,-84.86178061977375
52.75,61.0,-85.03819437263058
53.5,61.0,-85.47451310283944
54.25,61.0,-85.07432466913973
55.0,61.0,-85.64285714285714
55.75,61.0,-87.30210858227093
56.5,61.0,-88.89748236203728
57.25,61.0,-89.48076622127387
58.0,61.0,-81.52868852459015
58.75,61.0,-71.12789672323713
59.5,61.0,-73.73611666000798
60.25,61.0,-81.74965841852564
61.0,61.0,-83.99999999999768
61.75,61.0,-83.59375550351629
62.5,61.0,-83.29187558746693
63.25,61.0,-84.07221115064476
64.0,61.0,-86.01564172076763
64.75,61.0,-86.90675354716358
65.5,61.0,-89.18941483012908
66.25,61.0,-90.6933203206955
67.0,61.0,-91.46153846153847
67.75,61.0,-92.34559274246176
68.5,61.0,-93.23069474671061
69.25,61.0,-94.32684473525563
70.0,61.0,-94.30635838150289
70.75,61.0,-94.01744203108431
71.5,61.0,-94.22756627098839
72.25,61.0,-93.93763258871127
73.0,61.0,-94.53846153846153
73.75,61.0,
74.5,61.0,
75.25,61.0,
76.0,61.0,
76.75,61.0,
77.5,61.0,
78.25,61.0,
79.0,61.0,
79.75,61.0,
80.5,61.0,
81.25,61.0,
82.0,61.0,
82.75,61.0,
83.5,61.0,
84.25,61.0,
85.0,61.0,
85.75,61.0,
86.5,61.0,
87.25,61.0,
88.0,61.0,
88.75,61.0,
89.5,61.0,
90.25,61.0,
91.0,61.0,
91.75,61.0,
92.5,61.0,
93.25,61.0,
94.0,61.0,
94.75,61.0,
95.5,61.0,
96.25,61.0,
97.0,61.0,
97.75,61.0,
98.5,61.0,
99.25,61.0,
100.0,61.0,
100.75,61.0,
101.5,61.0,
102.25,61.0,
103.0,61.0,
103.75,61.0,
104.5,61.0,
105.25,61.0,
106.0,61.0,
106.75,61.0,
107.5,61.0,
108.25,61.0,
109.0,61.0,
109.75,61.0,
110.5,61.0,
111.25,61.0,
112.0,61.0,
112.75,61.0,
113.5,61.0,
114.25,61.0,
115.0,61.0,
115.75,61.0,
116.5,61.0,
117.25,61.0,
118.0,61.0,
118.75,61.0,
119.5,61.0,
120.25,61.0,
121.0,61.0,
121.75,61.0,
122.5,61.0,
123.25,61.0,
124.0,61.0,
124.75,61.0,
125.5,61.0,
126.25,61.0,
127.0,61.0,
127.75,61.0,
128.5,61.0,
129.25,61.0,
130.0,61.0,
130.75,61.0,
131.5,61.0,
132.25,61.0,
133.0,61.0,
133.75,61.0,
134.5,61.0,
135.25,61.0,
136.0,61.0,
136.75,61.0,
137.5,61.0,
138.25,61.0,
139.0,61.0,
139.75,61.0,
140.5,61.0,
141.25,61.0,
142.0,61.0,
142.75,61.0,
143.5,61.0,
144.25,61.0,
145.0,61.0,
145.75,61.0,
146.5,61.0,
147.25,61.0,
148.0,61.0,
148.75,61.0,
149.5,61.0,
150.25,61.0,
151.0,61.0,
151.75,61.0,
152.5,61.0,
153.25,61.0,
154.0,61.0,
154.75,61.0,
155.5,61.0,
156.25,61.0,
157.0,61.0,
157.75,61.0,
158.5,61.0,
159.25,61.0,
160.0,61.0,
160.75,61.0,
161.5,61.0,
162.25,61.0,
163.0,61.0,
163.75,61.0,
164.5,61.0,
165.25,61.0,
166.0,61.0,
166.75,61.0,
167.5,61.0,
168.25,61.0,
169.0,61.0,
169.75,61.0,
170.5,61.0,
171.25,61.0,
172.0,61.0,
172.75,61.0,
173.5,61.0,
174.25,61.0,
175.0,61.0,
175.75,61.0,
176.5,61.0,
177.25,61.0,
178.0,61.0,
178.75,61.0,
179.5,61.0,
180.25,61.0,
181.0,61.0,
181.75,61.0,
182.5,61.0,
183.25,61.0,
184.0,61.0,
184.75,61.0,
185.5,61.0,
186.25,61.0,
187.0,61.0,
187.75,61.0,
188.5,61.0,
189.25,61.0,
190.0,61.0,
190.75,61.0,
191.5,61.0,
192.25,61.0,
193.0,61.0,
193.75,61.0,
194.5,61.0,
195.25,61.0,
196.0,61.0,
196.75,61.0,
197.5,61.0,
198.25,61.0,
199.0,61.0,
199.75,61.0,
200.5,61.0,
201.25,61.0,
202.0,61.0,
202.75,61.0,
203.5,61.0,
204.25,61.0,
205.0,61.0,
205.75,61.0,
206.5,61.0,
207.25,61.0,
208.0,61.0,
208.75,61.0,
209.5,61.0,
210.25,61.0,
211.0,61.0,
211.75,61.0,
212.5,61.0,
213.25,61.0,
214.0,61.0,
214.75,61.0,
215.5,61.0,
216.25,61.0,
217.0,61.0,
217.75,61.0,
218.5,61.0,
219.25,61.0,
31.0,61.75,-86.16049242065854
31.75,61.75,-86.45001346660709
32.5,61.75,-86.66128280400223
33.25,61.75,-86.79904388641916
34.0,61.75,-86.96290970524447
34.75,61.75,-87.0593251411038
35.5,61.75,-86.81995893748012
36.25,61.75,-86.59111462304357
37.0,61.75,-86.37044026474874
37.75,61.75,-86.03056210516128
38.5,61.75,-86.00903812586506
39.25,61.75,-86.14894178788472
40.0,61.75,-85.68916314232222
40.75,61.75,-86.18826136171083
41.5,61.75,-86.67764179547972
42.25,61.75,-87.6768289795683
43.0,61.75,-88.26137424276254
43.75,61.75,-88.70582160325473
44.5,61.75,-88.54171006947607
45.25,61.75,-89.29806381866258
46.0,61.75,-88.84292615086939
46.75,61.75,-88.2377224854746
47.5,61.75,-86.88811843572758
48.25,61.75,-84.61596479576211
49.0,61.75,-84.19064617244594
49.75,61.75,-84.19454159684928
50.5,61.75,-83.43418421524652
51.25,61.75,-83.62534900569864
52.0,61.75,-84.55757072914541
52.75,61.75,-84.61014434573664
53.5,61.75,-85.00535213468602
54.25,61.75,-85.62927368200327
55.0,61.75,-86.24215080219781
55.75,61.75,-86.26799321342216
56.5,61.75,-87.83138492392705
57.25,61.75,-87.53369251927568
58.0,61.75,-83.58687879842121
58.75,61.75,-78.8825954704482
59.5,61.75,-79.31005892085051
60.25,61.75,-82.28544212895339
61.0,61.75,-83.34033184173379
61.75,61.75,-83.39901832760346
62.5,61.75,-83.2655791109072
63.25,61.75,-84.18419103632155
64.0,61.75,-84.49605546184188
64.75,61.75,-87.8083354152534
65.5,61.75,-88.80915247288823
66.25,61.75,-89.89924448174307
67.0,61.75,-91.30259121250964
67.75,61.75,-91.97623282527519
68.5,61.75,-93.44556488238628
69.25,61.75,-93.72889589727856
70.0,61.75,-93.78943359810044
70.75,61.75,-94.23759153783564
71.5,61.75,-94.05726112622757
72.25,61.75,-93.86240114557229
73.0,61.75,
73.75,61.75,
74.5,61.75,
75.25,61.75,
76.0,61.75,
76.75,61.75,
77.5,61.75,
78.25,61.75,
79.0,61.75,
79.75,61.75,
80.5,61.75,
81.25,61.75,
82.0,61.75,
82.75,61.75,
83.5,61.75,
84.25,61.75,
85.0,61.75,
85.75,61.75,
86.5,61.75,
87.25,61.75,
88.0,61.75,
88.75,61.75,
89.5,61.75,
90.25,61.75,
91.0,61.75,
91.75,61.75,
92.5,61.75,
93.25,61.75,
94.0,61.75,
94.75,61.75,
95.5,61.75,
96.25,61.75,
97.0,61.75,
97.75,61.75,
98.5,61.75,
99.25,61.75,
100.0,61.75,
100.75,61.75,
101.5,61.75,
102.25,61.75,
103.0,61.75,
103.75,61.75,
104.5,61.75,
105.25,61.75,
106.0,61.75,
106.75,61.75,
107.5,61.75,
108.25,61.75,
109.0,61.75,
109.75,61.75,
110.5,61.75,
111.25,61.75,
112.0,61.75,
112.75,61.75,
113.5,61.75,
114.25,61.75,
115.0,61.75,
115.75,61.75,
116.5,61.75,
117.25,61.75,
118.0,61.75,
118.75,61.75,
119.5,61.75,
120.25,61.75,
121.0,61.75,
121.75,61.75,
122.5,61.75,
123.25,61.75,
124.0,61.75,
124.75,61.75,
125.5,61.75,
126.25,61.75,
127.0,61.75,
127.75,61.75,
128.5,61.75,
129.25,61.75,
130.0,61.75,
130.75,61.75,
131.5,61.75,
132.25,61.75,
133.0,61.75,
133.75,61.75,
134.5,61.75,
135.25,61.75,
136.0,61.75,
136.75,61.75,
137.5,61.75,
138.25,61.75,
139.0,61.75,
139.75,61.75,
140.5,61.75,
141.25,61.75,
142.0,61.75,
142.75,61.75,
143.5,61.75,
144.25,61.75,
145.0,61.75,
145.75,61.75,
146.5,61.75,
147.25,61.75,
148.0,61.75,
148.75,61.75,
149.5,61.75,
150.25,61.75,
151.0,61.75,
151.75,61.75,
152.5,61.75,
153.25,61.75,
154.0,61.75,
154.75,61.75,
155.5,61.75,
156.25,61.75,
157.0,61.75,
157.75,61.75,
158.5,61.75,
159.25,61.75,
160.0,61.75,
160.75,61.75,
161.5,61.75,
162.25,61.75,
163.0,61.75,
163.75,61.75,
164.5,61.75,
165.25,61.75,
166.0,61.75,
166.75,61.75,
167.5,61.75,
168.25,61.75,
169.0,61.75,
169.75,61.75,
170.5,61.75,
171.25,61.75,
172.0,61.75,
172.75,61.75,
173.5,61.75,
174.25,61.75,
175.0,61.75,
175.75,61.75,
176.5,61.75,
177.25,61.75,
178.0,61.75,
178.75,61.75,
179.5,61.75,
180.25,61.75,
181.0,61.75,
181.75,61.75,
182.5,61.75,
183.25,61.75,
184.0,61.75,
184.75,61.75,
185.5,61.75,
186.25,61.75,
187.0,61.75,
187.75,61.75,
188.5,61.75,
189.25,61.75,
190.0,61.75,
190.75,61.75,
191.5,61.75,
192.25,61.75,
193.0,61.75,
193.75,61.75,
194.5,61.75,
195.25,61.75,
196.0,61.75,
196.75,61.75,
197.5,61.75,
198.25,61.75,
199.0,61.75,
199.75,61.75,
200.5,61.75,
201.25,61.75,
202.0,61.75,
202.75,61.75,
203.5,61.75,
204.25,61.75,
205.0,61.75,
205.75,61.75,
206.5,61.75,
207.25,61.75,
208.0,61.75,
208.75,61.75,
209.5,61.75,
210.25,61.75,
211.0,61.75,
211.75,61.75,
212.5,61.75,
213.25,61.75,
214.0,61.75,
214.75,61.75,
215.5,61.75,
216.25,61.75,
217.0,61.75,
217.75,61.75,
218.5,61.75,
219.25,61.75,
31.0,62.5,-86.04016929206209
31.75,62.5,-86.42513645240578
32.5,62.5,-86.79436621695609
33.25,62.5,-86.91241668012412
34.0,62.5,-86.90021731005746
34.75,62.5,-86.74381709741334
35.5,62.5,-86.61058045554739
36.25,62.5,-86.74482071667991
37.0,62.5,-86.73813665796848
37.75,62.5,-85.6929525005825
38.5,62.5,-83.23259820813232
39.25,62.5,-82.46682746981233
40.0,62.5,-84.07745182920422
40.75,62.5,-85.8329748120861
41.5,62.5,-87.13890494494379
42.25,62.5,-88.04171447642236
43.0,62.5,-88.72999764863484
43.75,62.5,-89.19349042281128
44.5,62.5,-89.06624623866477
45.25,62.5,-89.59704941130266
46.0,62.5,-89.0476748377794
46.75,62.5,-88.2141388328031
47.5,62.5,-86.01477504735243
48.25,62.5,-85.10114574272961
49.0,62.5,-83.96639239450715
49.75,62.5,-84.04415995708852
50.5,62.5,-83.34609042702692
51.25,62.5,-83.58374838593514
52.0,62.5,-83.83478052908495
52.75,62.5,-84.1857790563651
53.5,62.5,-84.45389830836339
54.25,62.5,-85.44158768471497
55.0,62.5,-85.94730910115524
55.75,62.5,-86.42273785991885
56.5,62.5,-87.41498316498318
57.25,62.5,-87.54877932858604
58.0,62.5,-87.20652173913042
58.75,62.5,-89.40232801498564
59.5,62.5,-88.11648903075717
60.25,62.5,-85.55622899184556
61.0,62.5,-83.65057072709153
61.75,62.5,-83.44662382339119
62.5,62.5,-83.32247596958004
63.25,62.5,-84.33157516615485
64.0,62.5,-84.63655422943876
64.75,62.5,-87.91307599940163
65.5,62.5,-88.70373446613337
66.25,62.5,-89.7058650042157
67.0,62.5,-91.086092434179
67.75,62.5,-91.62921192189245
68.5,62.5,-93.18169318405029
69.25,62.5,-93.36773688959549
70.0,62.5,-94.00459664444955
70.75,62.5,-93.97837262045347
71.5,62.5,-95.46078431372548
72.25,62.5,
73.0,62.5,
73.75,62.5,
74.5,62.5,
75.25,62.5,
76.0,62.5,
76.75,62.5,
77.5,62.5,
78.25,62.5,
79.0,62.5,
79.75,62.5,
80.5,62.5,
81.25,62.5,
82.0,62.5,
82.75,62.5,
83.5,62.5,
84.25,62.5,
85.0,62.5,
85.75,62.5,
86.5,62.5,
87.25,62.5,
88.0,62.5,
88.75,62.5,
89.5,62.5,
90.25,62.5,
91.0,62.5,
91.75,62.5,
92.5,62.5,
93.25,62.5,
94.0,62.5,
94.75,62.5,
95.5,62.5,
96.25,62.5,
97.0,62.5,
97.75,62.5,
98.5,62.5,
99.25,62.5,
100.0,62.5,
100.75,62.5,
101.5,62.5,
102.25,62.5,
103.0,62.5,
103.75,62.5,
104.5,62.5,
105.25,62.5,
106.0,62.5,
106.75,62.5,
107.5,62.5,
108.25,62.5,
109.0,62.5,
109.75,62.5,
110.5,62.5,
111.25,62.5,
112.0,62.5,
112.75,62.5,
113.5,62.5,
114.25,62.5,
115.0,62.5,
115.75,62.5,
116.5,62.5,
117.25,62.5,
118.0,62.5,
118.75,62.5,
119.5,62.5,
120.25,62.5,
121.0,62.5,
121.75,62.5,
122.5,62.5,
123.25,62.5,
124.0,62.5,
124.75,62.5,
125.5,62.5,
126.25,62.5,
127.0,62.5,
127.75,62.5,
128.5,62.5,
129.25,62.5,
130.0,62.5,
130.75,62.5,
131.5,62.5,
132.25,62.5,
133.0,62.5,
133.75,62.5,
134.5,62.5,
135.25,62.5,
136.0,62.5,
136.75,62.5,
137.5,62.5,
138.25,62.5,
139.0,62.5,
139.75,62.5,
140.5,62.5,
141.25,62.5,
142.0,62.5,
142.75,62.5,
143.5,62.5,
144.25,62.5,
145.0,62.5,
145.75,62.5,
146.5,62.5,
147.25,62.5,
148.0,62.5,
148.75,62.5,
149.5,62.5,
150.25,62.5,
151.0,62.5,
151.75,62.5,
152.5,62.5,
153.25,62.5,
154.0,62.5,
154.75,62.5,
155.5,62.5,
156.25,62.5,
157.0,62.5,
157.75,62.5,
158.5,62.5,
159.25,62.5,
160.0,62.5,
160.75,62.5,
161.5,62.5,
162.25,62.5,
163.0,62.5,
163.75,62.5,
164.5,62.5,
165.25,62.5,
166.0,62.5,
166.75,62.5,
167.5,62.5,
168.25,62.5,
169.0,62.5,
169.75,62.5,
170.5,62.5,
171.25,62.5,
172.0,62.5,
172.75,62.5,
173.5,62.5,
174.25,62.5,
175.0,62.5,
175.75,62.5,
176.5,62.5,
177.25,62.5,
178.0,62.5,
178.75,62.5,
179.5,62.5,
180.25,62.5,
181.0,62.5,
181.75,62.5,
182.5,62.5,
183.25,62.5,
184.0,62.5,
184.75,62.5,
185.5,62.5,
186.25,62.5,
187.0,62.5,
187.75,62.5,
188.5,62.5,
189.25,62.5,
190.0,62.5,
190.75,62.5,
191.5,62.5,
192.25,62.5,
193.0,62.5,
193.75,62.5,
194.5,62.5,
195.25,62.5,
196.0,62.5,
196.75,62.5,
197.5,62.5,
198.25,62.5,
199.0,62.5,
199.75,62.5,
200.5,62.5,
201.25,62.5,
202.0,62.5,
202.75,62.5,
203.5,62.5,
204.25,62.5,
205.0,62.5,
205.75,62.5,
206.5,62.5,
207.25,62.5,
208.0,62.5,
208.75,62.5,
209.5,62.5,
210.25,62.5,
211.0,62.5,
211.75,62.5,
212.5,62.5,
213.25,62.5,
214.0,62.5,
214.75,62.5,
215.5,62.5,
216.25,62.5,
217.0,62.5,
217.75,62.5,
218.5,62.5,
219.25,62.5,
31.0,63.25,-85.54412847558174
31.75,63.25,-85.97527798738061
32.5,63.25,-86.65763424942287
33.25,63.25,-86.90074698694036
34.0,63.25,-86.9396759568569
34.75,63.25,-87.18764831931605
35.5,63.25,-87.0219666563227
36.25,63.25,-86.77881029586969
37.0,63.25,-86.90344307955141
37.75,63.25,-85.67965092178108
38.5,63.25,-82.59340685779176
39.25,63.25,-81.66343757405394
40.0,63.25,-83.93881482587656
40.75,63.25,-86.17598280829583
41.5,63.25,-87.60252655024924
42.25,63.25,-88.63060665985553
43.0,63.25,-89.39832258852286
43.75,63.25,-89.79381573877228
44.5,63.25,-89.64676732294582
45.25,63.25,-90.002153218495
46.0,63.25,-89.37202992917523
46.75,63.25,-87.54708082576477
47.5,63.25,-85.79029435391112
48.25,63.25,-84.63051856292252
49.0,63.25,-83.72161908484345
49.75,63.25,-83.73502957282626
50.5,63.25,-83.19569151295357
51.25,63.25,-83.45619256592875
52.0,63.25,-83.77032393475534
52.75,63.25,-83.97646763453689
53.5,63.25,-84.18830708148339
54.25,63.25,-85.23988431791318
55.0,63.25,-85.92192114364718
55.75,63.25,-85.99221327709775
56.5,63.25,-87.55275487858142
57.25,63.25,-87.81040928768202
58.0,63.25,-88.24796809060634
58.75,63.25,-91.57845836164118
59.5,63.25,-90.66019995903467
60.25,63.25,-87.36114877134803
61.0,63.25,-85.5164868616846
61.75,63.25,-84.60028195405096
62.5,63.25,-83.50571171617369
63.25,63.25,-84.50718076371774
64.0,63.25,-84.7149044278174
64.75,63.25,-86.96157498043156
65.5,63.25,-88.44688015422979
66.25,63.25,-89.38410167440658
67.0,63.25,-91.4080087274594
67.75,63.25,-94.40849673202615
68.5,63.25,-94.68122977346279
69.25,63.25,-94.92424242424241
70.0,63.25,-95.10704607046073
70.75,63.25,-95.22300469483568
71.5,63.25,
72.25,63.25,
73.0,63.25,
73.75,63.25,
74.5,63.25,
75.25,63.25,
76.0,63.25,
76.75,63.25,
77.5,63.25,
78.25,63.25,
79.0,63.25,
79.75,63.25,
80.5,63.25,
81.25,63.25,
82.0,63.25,
82.75,63.25,
83.5,63.25,
84.25,63.25,
85.0,63.25,
85.75,63.25,
86.5,63.25,
87.25,63.25,
88.0,63.25,
88.75,63.25,
89.5,63.25,
90.25,63.25,
91.0,63.25,
91.75,63.25,
92.5,63.25,
93.25,63.25,
94.0,63.25,
94.75,63.25,
95.5,63.25,
96.25,63.25,
97.0,63.25,
97.75,63.25,
98.5,63.25,
99.25,63.25,
100.0,63.25,
100.75,63.25,
101.5,63.25,
102.25,63.25,
103.0,63.25,
103.75,63.25,
104.5,63.25,
105.25,63.25,
106.0,63.25,
106.75,63.25,
107.5,63.25,
108.25,63.25,
109.0,63.25,
109.75,63.25,
110.5,63.25,
111.25,63.25,
112.0,63.25,
112.75,63.25,
113.5,63.25,
114.25,63.25,
115.0,63.25,
115.75,63.25,
116.5,63.25,
117.25,63.25,
118.0,63.25,
118.75,63.25,
119.5,63.25,
120.25,63.25,
121.0,63.25,
121.75,63.25,
122.5,63.25,
123.25,63.25,
124.0,63.25,
124.75,63.25,
125.5,63.25,
126.25,63.25,
127.0,63.25,
127.75,63.25,
128.5,63.25,
129.25,63.25,
130.0,63.25,
130.75,63.25,
131.5,63.25,
132.25,63.25,
133.0,63.25,
133.75,63.25,
134.5,63.25,
135.25,63.25,
136.0,63.25,
136.75,63.25,
137.5,63.25,
138.25,63.25,
139.0,63.25,
139.75,63.25,
140.5,63.25,
141.25,63.25,
142.0,63.25,
142.75,63.25,
143.5,63.25,
144.25,63.25,
145.0,63.25,
145.75,63.25,
146.5,63.25,
147.25,63.25,
148.0,63.25,
148.75,63.25,
149.5,63.25,
150.25,63.25,
151.0,63.25,
151.75,63.25,
152.5,63.25,
153.25,63.25,
154.0,63.25,
154.75,63.25,
155.5,63.25,
156.25,63.25,
157.0,63.25,
157.75,63.25,
158.5,63.25,
159.25,63.25,
160.0,63.25,
160.75,63.25,
161.5,63.25,
162.25,63.25,
163.0,63.25,
163.75,63.25,
164.5,63.25,
165.25,63.25,
166.0,63.25,
166.75,63.25,
167.5,63.25,
168.25,63.25,
169.0,63.25,
169.75,63.25,
170.5,63.25,
171.25,63.25,
172.0,63.25,
172.75,63.25,
173.5,63.25,
174.25,63.25,
175.0,63.25,
175.75,63.25,
176.5,63.25,
177.25,63.25,
178.0,63.25,
178.75,63.25,
179.5,63.25,
180.25,63.25,
181.0,63.25,
181.75,63.25,
182.5,63.25,
183.25,63.25,
184.0,63.25,
184.75,63.25,
185.5,63.25,
186.25,63.25,
187.0,63.25,
187.75,63.25,
188.5,63.25,
189.25,63.25,
190.0,63.25,
190.75,63.25,
191.5,63.25,
192.25,63.25,
193.0,63.25,
193.75,63.25,
194.5,63.25,
195.25,63.25,
196.0,63.25,
196.75,63.25,
197.5,63.25,
198.25,63.25,
199.0,63.25,
199.75,63.25,
200.5,63.25,
201.25,63.25,
202.0,63.25,
202.75,63.25,
203.5,63.25,
204.25,63.25,
205.0,63.25,
205.75,63.25,
206.5,63.25,
207.25,63.25,
208.0,63.25,
208.75,63.25,
209.5,63.25,
210.25,63.25,
211.0,63.25,
211.75,63.25,
212.5,63.25,
213.25,63.25,
214.0,63.25,
214.75,63.25,
215.5,63.25,
216.25,63.25,
217.0,63.25,
217.75,63.25,
218.5,63.25,
219.25,63.25,
31.0,64.0,-85.07636001639632
31.75,64.0,-85.21296084384578
32.5,64.0,-85.30023855071956
33.25,64.0,-85.56491582365715
34.0,64.0,-86.91666666666666
34.75,64.0,-88.42747531688343
35.5,64.0,-88.1029833620195
36.25,64.0,-86.42812809733063
37.0,64.0,-85.66091954022987
37.75,64.0,-85.42300835112346
38.5,64.0,-84.77484971340697
39.25,64.0,-84.74777271470312
40.0,64.0,-85.49999999999999
40.75,64.0,-87.16559991974283
41.5,64.0,-88.13110974399066
42.25,64.0,-89.38461137874738
43.0,64.0,-90.33006042296071
43.75,64.0,-90.28597367396364
44.5,64.0,-90.3068894255329
45.25,64.0,-90.50527671347307
46.0,64.0,-89.45167943429583
46.75,64.0,-87.72503283838745
47.5,64.0,-85.43864237745505
48.25,64.0,-84.0202692317718
49.0,64.0,-83.30669989737576
49.75,64.0,-83.36774074755716
50.5,64.0,-82.98852444223802
51.25,64.0,-83.19984637792456
52.0,64.0,-83.5
52.75,64.0,-83.86425174209384
53.5,64.0,-84.1922707459665
54.25,64.0,-84.10226048258332
55.0,64.0,-84.10245901639342
55.75,64.0,-84.68920241558538
56.5,64.0,-86.23991099305653
57.25,64.0,-86.84002520850119
58.0,64.0,-88.02777777777777
58.75,64.0,-88.8108606241091
59.5,64.0,-88.48952564557861
60.25,64.0,-87.01089806974032
61.0,64.0,-86.12064199896808
61.75,64.0,-85.32019699107666
62.5,64.0,-84.31469849791736
63.25,64.0,-83.99344536485549
64.0,64.0,-84.79954441913438
64.75,64.0,-86.90304132723314
65.5,64.0,-85.87471648415968
66.25,64.0,-90.6109794559581
67.0,64.0,-94.24074074074073
67.75,64.0,-94.43285371702638
68.5,64.0,-94.63333333333333
69.25,64.0,-94.81746031746032
70.0,64.0,-94.96666666666665
70.75,64.0,
71.5,64.0,
72.25,64.0,
73.0,64.0,
73.75,64.0,
74.5,64.0,
75.25,64.0,
76.0,64.0,
76.75,64.0,
77.5,64.0,
78.25,64.0,
79.0,64.0,
79.75,64.0,
80.5,64.0,
81.25,64.0,
82.0,64.0,
82.75,64.0,
83.5,64.0,
84.25,64.0,
85.0,64.0,
85.75,64.0,
86.5,64.0,
87.25,64.0,
88.0,64.0,
88.75,64.0,
89.5,64.0,
90.25,64.0,
91.0,64.0,
91.75,64.0,
92.5,64.0,
93.25,64.0,
94.0,64.0,
94.75,64.0,
95.5,64.0,
96.25,64.0,
97.0,64.0,
97.75,64.0,
98.5,64.0,
99.25,64.0,
100.0,64.0,
100.75,64.0,
101.5,64.0,
102.25,64.0,
103.0,64.0,
103.75,64.0,
104.5,64.0,
105.25,64.0,
106.0,64.0,
106.75,64.0,
107.5,64.0,
108.25,64.0,
109.0,64.0,
109.75,64.0,
110.5,64.0,
111.25,64.0,
112.0,64.0,
112.75,64.0,
113.5,64.0,
114.25,64.0,
115.0,64.0,
115.75,64.0,
116.5,64.0,
117.25,64.0,
118.0,64.0,
118.75,64.0,
119.5,64.0,
120.25,64.0,
121.0,64.0,
121.75,64.0,
122.5,64.0,
123.25,64.0,
124.0,64.0,
124.75,64.0,
125.5,64.0,
126.25,64.0,
127.0,64.0,
127.75,64.0,
128.5,64.0,
129.25,64.0,
130.0,64.0,
130.75,64.0,
131.5,64.0,
132.25,64.0,
133.0,64.0,
133.75,64.0,
134.5,64.0,
135.25,64.0,
136.0,64.0,
136.75,64.0,
137.5,64.0,
138.25,64.0,
139.0,64.0,
139.75,64.0,
140.5,64.0,
141.25,64.0,
142.0,64.0,
142.75,64.0,
143.5,64.0,
144.25,64.0,
145.0,64.0,
145.75,64.0,
146.5,64.0,
147.25,64.0,
148.0,64.0,
148.75,64.0,
149.5,64.0,
150.25,64.0,
151.0,64.0,
151.75,64.0,
152.5,64.0,
153.25,64.0,
154.0,64.0,
154.75,64.0,
155.5,64.0,
156.25,64.0,
157.0,64.0,
157.75,64.0,
158.5,64.0,
159.25,64.0,
160.0,64.0,
160.75,64.0,
161.5,64.0,
162.25,64.0,
163.0,64.0,
163.75,64.0,
164.5,64.0,
165.25,64.0,
166.0,64.0,
166.75,64.0,
167.5,64.0,
168.25,64.0,
169.0,64.0,
169.75,64.0,
170.5,64.0,
171.25,64.0,
172.0,64.0,
172.75,64.0,
173.5,64.0,
174.25,64.0,
175.0,64.0,
175.75,64.0,
176.5,64.0,
177.25,64.0,
178.0,64.0,-99.5
178.75,64.0,
179.5,64.0,
180.25,64.0,
181.0,64.0,
181.75,64.0,
182.5,64.0,
183.25,64.0,
184.0,64.0,
184.75,64.0,
185.5,64.0,
186.25,64.0,
187.0,64.0,
187.75,64.0,
188.5,64.0,
189.25,64.0,
190.0,64.0,
190.75,64.0,
191.5,64.0,
192.25,64.0,
193.0,64.0,
193.75,64.0,
194.5,64.0,
195.25,64.0,
196.0,64.0,
196.75,64.0,
197.5,64.0,
198.25,64.0,
199.0,64.0,
199.75,64.0,
200.5,64.0,
201.25,64.0,
202.0,64.0,
202.75,64.0,
203.5,64.0,
204.25,64.0,
205.0,64.0,
205.75,64.0,
206.5,64.0,
207.25,64.0,
208.0,64.0,
208.75,64.0,
209.5,64.0,
210.25,64.0,
211.0,64.0,
211.75,64.0,
212.5,64.0,
213.25,64.0,
214.0,64.0,
214.75,64.0,
215.5,64.0,
216.25,64.0,
217.0,64.0,
217.75,64.0,
218.5,64.0,
219.25,64.0,
31.0,64.75,-84.55993160563706
31.75,64.75,-84.46870073738987
32.5,64.75,-83.72344868479348
33.25,64.75,-83.49413303260589
34.0,64.75,-86.82013694347927
34.75,64.75,-91.13034720576579
35.5,64.75,-90.07105961298747
36.25,64.75,-85.93895475202048
37.0,64.75,-84.1781884853295
37.75,64.75,-85.17663220600271
38.5,64.75,-86.41678110395436
39.25,64.75,-86.76580236060065
40.0,64.75,-86.84777366478392
40.75,64.75,-87.8792952876477
41.5,64.75,-88.16138079627667
42.25,64.75,-90.1081385961512
43.0,64.75,-91.38389534680591
43.75,64.75,-90.81748452415084
44.5,64.75,-90.77693264675054
45.25,64.75,-90.923768654794
46.0,64.75,-89.93671336997237
46.75,64.75,-87.8274542597807
47.5,64.75,-85.11479141771044
48.25,64.75,-83.49578629537211
49.0,64.75,-83.019323014656
49.75,64.75,-83.0151149157112
50.5,64.75,-82.72451018127502
51.25,64.75,-82.82332930360609
52.0,64.75,-83.12416460922317
52.75,64.75,-83.63087778698775
53.5,64.75,-83.44286242033256
54.25,64.75,-82.61997898852108
55.0,64.75,-81.30021092880185
55.75,64.75,-83.25956062476884
56.5,64.75,-84.88199695335098
57.25,64.75,-85.15889559857379
58.0,64.75,-86.1964550590099
58.75,64.75,-86.38877788046058
59.5,64.75,-86.81994743269945
60.25,64.75,-86.34704891572555
61.0,64.75,-85.68336240886515
61.75,64.75,-85.13054131143802
62.5,64.75,-84.45048284490436
63.25,64.75,-83.41713043979473
64.0,64.75,-86.25355810633354
64.75,64.75,
65.5,64.75,-87.44973070017953
66.25,64.75,
67.0,64.75,
67.75,64.75,-94.44871794871796
68.5,64.75,-94.60200364298724
69.25,64.75,
70.0,64.75,
70.75,64.75,
71.5,64.75,
72.25,64.75,
73.0,64.75,
73.75,64.75,
74.5,64.75,
75.25,64.75,
76.0,64.75,
76.75,64.75,
77.5,64.75,
78.25,64.75,
79.0,64.75,
79.75,64.75,
80.5,64.75,
81.25,64.75,
82.0,64.75,
82.75,64.75,
83.5,64.75,
84.25,64.75,
85.0,64.75,
85.75,64.75,
86.5,64.75,
87.25,64.75,
88.0,64.75,
88.75,64.75,
89.5,64.75,
90.25,64.75,
91.0,64.75,
91.75,64.75,
92.5,64.75,
93.25,64.75,
94.0,64.75,
94.75,64.75,
95.5,64.75,
96.25,64.75,
97.0,64.75,
97.75,64.75,
98.5,64.75,
99.25,64.75,
100.0,64.75,
100.75,64.75,
101.5,64.75,
102.25,64.75,
103.0,64.75,
103.75,64.75,
104.5,64.75,
105.25,64.75,
106.0,64.75,
106.75,64.75,
107.5,64.75,
108.25,64.75,
109.0,64.75,
109.75,64.75,
110.5,64.75,
111.25,64.75,
112.0,64.75,
112.75,64.75,
113.5,64.75,
114.25,64.75,
115.0,64.75,
115.75,64.75,
116.5,64.75,
117.25,64.75,
118.0,64.75,
118.75,64.75,
119.5,64.75,
120.25,64.75,
121.0,64.75,
121.75,64.75,
122.5,64.75,
123.25,64.75,
124.0,64.75,
124.75,64.75,
125.5,64.75,
126.25,64.75,
127.0,64.75,
127.75,64.75,
128.5,64.75,
129.25,64.75,
130.0,64.75,
130.75,64.75,
131.5,64.75,
132.25,64.75,
133.0,64.75,
133.75,64.75,
134.5,64.75,
135.25,64.75,
136.0,64.75,
136.75,64.75,
137.5,64.75,
138.25,64.75,
139.0,64.75,
139.75,64.75,
140.5,64.75,
141.25,64.75,
142.0,64.75,
142.75,64.75,
143.5,64.75,
144.25,64.75,
145.0,64.75,
145.75,64.75,
146.5,64.75,
147.25,64.75,
148.0,64.75,
148.75,64.75,
149.5,64.75,
150.25,64.75,
151.0,64.75,
151.75,64.75,
152.5,64.75,
153.25,64.75,
154.0,64.75,
154.75,64.75,
155.5,64.75,
156.25,64.75,
157.0,64.75,
157.75,64.75,
158.5,64.75,
159.25,64.75,
160.0,64.75,
160.75,64.75,
161.5,64.75,
162.25,64.75,
163.0,64.75,
163.75,64.75,
164.5,64.75,
165.25,64.75,
166.0,64.75,
166.75,64.75,
167.5,64.75,
168.25,64.75,
169.0,64.75,
169.75,64.75,
170.5,64.75,
171.25,64.75,
172.0,64.75,
172.75,64.75,
173.5,64.75,
174.25,64.75,
175.0,64.75,
175.75,64.75,
176.5,64.75,
177.25,64.75,-99.41855203619909
178.0,64.75,-99.5
178.75,64.75,-99.58144796380093
179.5,64.75,
180.25,64.75,
181.0,64.75,
181.75,64.75,
182.5,64.75,
183.25,64.75,
184.0,64.75,
184.75,64.75,
185.5,64.75,
186.25,64.75,
187.0,64.75,
187.75,64.75,
188.5,64.75,
189.25,64.75,
190.0,64.75,
190.75,64.75,
191.5,64.75,
192.25,64.75,
193.0,64.75,
193.75,64.75,
194.5,64.75,
195.25,64.75,
196.0,64.75,
196.75,64.75,
197.5,64.75,
198.25,64.75,
199.0,64.75,
199.75,64.75,
200.5,64.75,
201.25,64.75,
202.0,64.75,
202.75,64.75,
203.5,64.75,
204.25,64.75,
205.0,64.75,
205.75,64.75,
206.5,64.75,
207.25,64.75,
208.0,64.75,
208.75,64.75,
209.5,64.75,
210.25,64.75,
211.0,64.75,
211.75,64.75,
212.5,64.75,
213.25,64.75,
214.0,64.75,
214.75,64.75,
215.5,64.75,
216.25,64.75,
217.0,64.75,
217.75,64.75,
218.5,64.75,
219.25,64.75,
31.0,65.5,-84.17405921688061
31.75,65.5,-84.18811407327959
32.5,65.5,-83.90933086973737
33.25,65.5,-83.9450829515693
34.0,65.5,-86.38071438557249
34.75,65.5,-89.66699233872343
35.5,65.5,-88.8839387060159
36.25,65.5,-85.91582242288722
37.0,65.5,-84.50234807927114
37.75,65.5,-85.10691031435326
38.5,65.5,-86.45988038873661
39.25,65.5,-86.77565573486771
40.0,65.5,-87.06663096232285
40.75,65.5,-87.86986307328696
41.5,65.5,-88.2646147995219
42.25,65.5,-89.92480157165565
43.0,65.5,-91.13076608639244
43.75,65.5,-90.7142358527704
44.5,65.5,-90.78084064884305
45.25,65.5,-90.73449500092747
46.0,65.5,-89.77961450582715
46.75,65.5,-87.71087449928135
47.5,65.5,-85.13571718064918
48.25,65.5,-83.55664659180755
49.0,65.5,-83.03860908737414
49.75,65.5,-82.82896622733733
50.5,65.5,-82.24215553321332
51.25,65.5,-82.29484209118175
52.0,65.5,-82.9292659578311
52.75,65.5,-83.69262197236255
53.5,65.5,-83.6600883442576
54.25,65.5,-83.05856915716727
55.0,65.5,-82.04377786785568
55.75,65.5,-83.50844718961505
56.5,65.5,-84.7305531810966
57.25,65.5,-85.12232080690404
58.0,65.5,-85.62973632221909
58.75,65.5,-85.98244043273004
59.5,65.5,-85.63649407811566
60.25,65.5,-85.80478279010093
61.0,65.5,-85.48990806547427
61.75,65.5,-85.14380891209485
62.5,65.5,-84.39861112202172
63.25,65.5,-88.33564231738036
64.0,65.5,-88.10950413223141
64.75,65.5,
65.5,65.5,
66.25,65.5,
67.0,65.5,
67.75,65.5,
68.5,65.5,
69.25,65.5,
70.0,65.5,
70.75,65.5,
71.5,65.5,
72.25,65.5,
73.0,65.5,
73.75,65.5,
74.5,65.5,
75.25,65.5,
76.0,65.5,
76.75,65.5,
77.5,65.5,
78.25,65.5,
79.0,65.5,
79.75,65.5,
80.5,65.5,
81.25,65.5,
82.0,65.5,
82.75,65.5,
83.5,65.5,
84.25,65.5,
85.0,65.5,
85.75,65.5,
86.5,65.5,
87.25,65.5,
88.0,65.5,
88.75,65.5,
89.5,65.5,
90.25,65.5,
91.0,65.5,
91.75,65.5,
92.5,65.5,
93.25,65.5,
94.0,65.5,
94.75,65.5,
95.5,65.5,
96.25,65.5,
97.0,65.5,
97.75,65.5,
98.5,65.5,
99.25,65.5,
100.0,65.5,
100.75,65.5,
101.5,65.5,
102.25,65.5,
103.0,65.5,
103.75,65.5,
104.5,65.5,
105.25,65.5,
106.0,65.5,
106.75,65.5,
107.5,65.5,
108.25,65.5,
109.0,65.5,
109.75,65.5,
110.5,65.5,
111.25,65.5,
112.0,65.5,
112.75,65.5,
113.5,65.5,
114.25,65.5,
115.0,65.5,
115.75,65.5,
116.5,65.5,
117.25,65.5,
118.0,65.5,
118.75,65.5,
119.5,65.5,
120.25,65.5,
121.0,65.5,
121.75,65.5,
122.5,65.5,
123.25,65.5,
124.0,65.5,
124.75,65.5,
125.5,65.5,
126.25,65.5,
127.0,65.5,
127.75,65.5,
128.5,65.5,
129.25,65.5,
130.0,65.5,
130.75,65.5,
131.5,65.5,
132.25,65.5,
133.0,65.5,
133.75,65.5,
134.5,65.5,
135.25,65.5,
136.0,65.5,
136.75,65.5,
137.5,65.5,
138.25,65.5,
139.0,65.5,
139.75,65.5,
140.5,65.5,
141.25,65.5,
142.0,65.5,
142.75,65.5,
143.5,65.5,
144.25,65.5,
145.0,65.5,
145.75,65.5,
146.5,65.5,
147.25,65.5,
148.0,65.5,
148.75,65.5,
149.5,65.5,
150.25,65.5,
151.0,65.5,
151.75,65.5,
152.5,65.5,
153.25,65.5,
154.0,65.5,
154.75,65.5,
155.5,65.5,
156.25,65.5,
157.0,65.5,
157.75,65.5,
158.5,65.5,
159.25,65.5,
160.0,65.5,
160.75,65.5,
161.5,65.5,
162.25,65.5,
163.0,65.5,
163.75,65.5,
164.5,65.5,
165.25,65.5,
166.0,65.5,
166.75,65.5,
167.5,65.5,
168.25,65.5,
169.0,65.5,
169.75,65.5,
170.5,65.5,
171.25,65.5,
172.0,65.5,
172.75,65.5,
173.5,65.5,
174.25,65.5,
175.0,65.5,
175.75,65.5,
176.5,65.5,-99.30851063829786
177.25,65.5,-99.39684813753581
178.0,65.5,-99.5
178.75,65.5,-99.60315186246419
179.5,65.5,-99.69148936170214
180.25,65.5,
181.0,65.5,
181.75,65.5,
182.5,65.5,
183.25,65.5,
184.0,65.5,
184.75,65.5,
185.5,65.5,
186.25,65.5,
187.0,65.5,
187.75,65.5,
188.5,65.5,
189.25,65.5,
190.0,65.5,
190.75,65.5,
191.5,65.5,
192.25,65.5,
193.0,65.5,
193.75,65.5,
194.5,65.5,
195.25,65.5,
196.0,65.5,
196.75,65.5,
197.5,65.5,
198.25,65.5,
199.0,65.5,
199.75,65.5,
200.5,65.5,
201.25,65.5,
202.0,65.5,
202.75,65.5,
203.5,65.5,
204.25,65.5,
205.0,65.5,
205.75,65.5,
206.5,65.5,
207.25,65.5,
208.0,65.5,
208.75,65.5,
209.5,65.5,
210.25,65.5,
211.0,65.5,
211.75,65.5,
212.5,65.5,
213.25,65.5,
214.0,65.5,
214.75,65.5,
215.5,65.5,
216.25,65.5,
217.0,65.5,
217.75,65.5,
218.5,65.5,
219.25,65.5,
31.0,66.25,-83.01936660532095
31.75,66.25,-83.81755975757106
32.5,66.25,-84.63739539764624
33.25,66.25,-84.93724734522438
34.0,66.25,-85.03934594866621
34.75,66.25,-84.68238954050258
35.5,66.25,-84.95035016247408
36.25,66.25,-85.51694495621983
37.0,66.25,-85.1701171563351
37.75,66.25,-85.83179063257778
38.5,66.25,-85.65274709891656
39.25,66.25,-86.57388885170411
40.0,66.25,-87.01204290832415
40.75,66.25,-87.7396779558649
41.5,66.25,-88.3639135666693
42.25,66.25,-89.33855134919516
43.0,66.25,-90.24730235252197
43.75,66.25,-90.16926921923803
44.5,66.25,-90.39965982517762
45.25,66.25,-89.99395307627466
46.0,66.25,-89.09050150943574
46.75,66.25,-87.39346063120011
47.5,66.25,-85.27652428713071
48.25,66.25,-83.89179524156317
49.0,66.25,-82.95699176596518
49.75,66.25,-82.36939880961098
50.5,66.25,-81.18050139266528
51.25,66.25,-81.17987603799774
52.0,66.25,-82.77303835737635
52.75,66.25,-84.17952588992252
53.5,66.25,-84.36226310310317
54.25,66.25,-84.5075783084201
55.0,66.25,-85.02930832977265
55.75,66.25,-84.48686204032403
56.5,66.25,-84.47887684655791
57.25,66.25,-84.50192872235687
58.0,66.25,-84.47686640113893
58.75,66.25,-85.62551786620524
59.5,66.25,-86.06207007332898
60.25,66.25,-85.51349394266714
61.0,66.25,-85.54156073083583
61.75,66.25,-84.96472755346687
62.5,66.25,-85.45837191610912
63.25,66.25,-88.52755102040815
64.0,66.25,
64.75,66.25,
65.5,66.25,
66.25,66.25,
67.0,66.25,
67.75,66.25,
68.5,66.25,
69.25,66.25,
70.0,66.25,
70.75,66.25,
71.5,66.25,
72.25,66.25,
73.0,66.25,
73.75,66.25,
74.5,66.25,
75.25,66.25,
76.0,66.25,
76.75,66.25,
77.5,66.25,
78.25,66.25,
79.0,66.25,
79.75,66.25,
80.5,66.25,
81.25,66.25,
82.0,66.25,
82.75,66.25,
83.5,66.25,
84.25,66.25,
85.0,66.25,
85.75,66.25,
86.5,66.25,
87.25,66.25,
88.0,66.25,
88.75,66.25,
89.5,66.25,
90.25,66.25,
91.0,66.25,
91.75,66.25,
92.5,66.25,
93.25,66.25,
94.0,66.25,
94.75,66.25,
95.5,66.25,
96.25,66.25,
97.0,66.25,
97.75,66.25,
98.5,66.25,
99.25,66.25,
100.0,66.25,
100.75,66.25,
101.5,66.25,
102.25,66.25,
103.0,66.25,
103.75,66.25,
104.5,66.25,
105.25,66.25,
106.0,66.25,
106.75,66.25,
107.5,66.25,
108.25,66.25,
109.0,66.25,
109.75,66.25,
110.5,66.25,
111.25,66.25,
112.0,66.25,
112.75,66.25,
113.5,66.25,
114.25,66.25,
115.0,66.25,
115.75,66.25,
116.5,66.25,
117.25,66.25,
118.0,66.25,
118.75,66.25,
119.5,66.25,
120.25,66.25,
121.0,66.25,
121.75,66.25,
122.5,66.25,
123.25,66.25,
124.0,66.25,
124.75,66.25,
125.5,66.25,
126.25,66.25,
127.0,66.25,
127.75,66.25,
128.5,66.25,
129.25,66.25,
130.0,66.25,
130.75,66.25,
131.5,66.25,
132.25,66.25,
133.0,66.25,
133.75,66.25,
134.5,66.25,
135.25,66.25,
136.0,66.25,
136.75,66.25,
137.5,66.25,
138.25,66.25,
139.0,66.25,
139.75,66.25,
140.5,66.25,
141.25,66.25,
142.0,66.25,
142.75,66.25,
143.5,66.25,
144.25,66.25,
145.0,66.25,
145.75,66.25,
146.5,66.25,
147.25,66.25,
148.0,66.25,
148.75,66.25,
149.5,66.25,
150.25,66.25,
151.0,66.25,
151.75,66.25,
152.5,66.25,
153.25,66.25,
154.0,66.25,
154.75,66.25,
155.5,66.25,
156.25,66.25,
157.0,66.25,
157.75,66.25,
158.5,66.25,
159.25,66.25,
160.0,66.25,
160.75,66.25,
161.5,66.25,
162.25,66.25,
163.0,66.25,
163.75,66.25,
164.5,66.25,
165.25,66.25,
166.0,66.25,
166.75,66.25,
167.5,66.25,
168.25,66.25,
169.0,66.25,
169.75,66.25,
170.5,66.25,
171.25,66.25,
172.0,66.25,
172.75,66.25,
173.5,66.25,
174.25,66.25,
175.0,66.25,
175.75,66.25,-99.18786127167628
176.5,66.25,-99.2607973421927
177.25,66.25,-99.36861313868613
178.0,66.25,-99.5
178.75,66.25,-99.63138686131389
179.5,66.25,-99.73920265780733
180.25,66.25,-99.81213872832369
181.0,66.25,
181.75,66.25,
182.5,66.25,
183.25,66.25,
184.0,66.25,
184.75,66.25,
185.5,66.25,
186.25,66.25,
187.0,66.25,
187.75,66.25,
188.5,66.25,
189.25,66.25,
190.0,66.25,
190.75,66.25,
191.5,66.25,
192.25,66.25,
193.0,66.25,
193.75,66.25,
194.5,66.25,
195.25,66.25,
196.0,66.25,
196.75,66.25,
197.5,66.25,
198.25,66.25,
199.0,66.25,
199.75,66.25,
200.5,66.25,
201.25,66.25,
202.0,66.25,
202.75,66.25,
203.5,66.25,
204.25,66.25,
205.0,66.25,
205.75,66.25,
206.5,66.25,
207.25,66.25,
208.0,66.25,
208.75,66.25,
209.5,66.25,
210.25,66.25,
211.0,66.25,
211.75,66.25,
212.5,66.25,
213.25,66.25,
214.0,66.25,
214.75,66.25,
215.5,66.25,
216.25,66.25,
217.0,66.25,
217.75,66.25,
218.5,66.25,
219.25,66.25,
31.0,67.0,-82.50000000000156
31.75,67.0,-83.54205727061942
32.5,67.0,-85.12009980374559
33.25,67.0,-85.40945560530194
34.0,67.0,-84.34426229508195
34.75,67.0,-82.25883539187681
35.5,67.0,-82.76270899777712
36.25,67.0,-84.48754725477477
37.0,67.0,-85.32142857142857
37.75,67.0,-85.90508979729849
38.5,67.0,-85.77840609104538
39.25,67.0,-86.11982410618826
40.0,67.0,-86.63602329450914
40.75,67.0,-87.6804938565245
41.5,67.0,-88.26148280465705
42.25,67.0,-88.91051503626028
43.0,67.0,-89.68817204301075
43.75,67.0,-90.00152509401764
44.5,67.0,-89.954418064334
45.25,67.0,-89.2430122797167
46.0,67.0,-88.38432003963341
46.75,67.0,-86.96300730443855
47.5,67.0,-85.30289547883875
48.25,67.0,-84.02928556359518
49.0,67.0,-82.69902912621359
49.75,67.0,-81.81283079840374
50.5,67.0,-80.40892694883942
51.25,67.0,-80.16196076709441
52.0,67.0,-82.69612721765469
52.75,67.0,-84.88851053018931
53.5,67.0,-84.82156546068718
54.25,67.0,-85.30658072000199
55.0,67.0,-86.49999999999687
55.75,67.0,-85.2399859802538
56.5,67.0,-84.43480726092822
57.25,67.0,-84.46965398435437
58.0,67.0,-84.23214067651728
58.75,67.0,-84.26510412122713
59.5,67.0,-84.30740457157309
60.25,67.0,-84.5291113947421
61.0,67.0,-84.61702127659575
61.75,67.0,-84.25901397191008
62.5,67.0,-84.28740079756781
63.25,67.0,-85.24999999999999
64.0,67.0,
64.75,67.0,
65.5,67.0,
66.25,67.0,
67.0,67.0,
67.75,67.0,
68.5,67.0,
69.25,67.0,
70.0,67.0,
70.75,67.0,
71.5,67.0,
72.25,67.0,
73.0,67.0,
73.75,67.0,
74.5,67.0,
75.25,67.0,
76.0,67.0,
76.75,67.0,
77.5,67.0,
78.25,67.0,
79.0,67.0,
79.75,67.0,
80.5,67.0,
81.25,67.0,
82.0,67.0,
82.75,67.0,
83.5,67.0,
84.25,67.0,
85.0,67.0,
85.75,67.0,
86.5,67.0,
87.25,67.0,
88.0,67.0,
88.75,67.0,
89.5,67.0,
90.25,67.0,
91.0,67.0,
91.75,67.0,
92.5,67.0,
93.25,67.0,
94.0,67.0,
94.75,67.0,
95.5,67.0,
96.25,67.0,
97.0,67.0,
97.75,67.0,
98.5,67.0,
99.25,67.0,
100.0,67.0,
100.75,67.0,
101.5,67.0,
102.25,67.0,
103.0,67.0,
103.75,67.0,
104.5,67.0,
105.25,67.0,
106.0,67.0,
106.75,67.0,
107.5,67.0,
108.25,67.0,
109.0,67.0,
109.75,67.0,
110.5,67.0,
111.25,67.0,
112.0,67.0,
112.75,67.0,
113.5,67.0,
114.25,67.0,
115.0,67.0,
115.75,67.0,
116.5,67.0,
117.25,67.0,
118.0,67.0,
118.75,67.0,
119.5,67.0,
120.25,67.0,
121.0,67.0,
121.75,67.0,
122.5,67.0,
123.25,67.0,
124.0,67.0,
124.75,67.0,
125.5,67.0,
126.25,67.0,
127.0,67.0,
127.75,67.0,
128.5,67.0,
129.25,67.0,
130.0,67.0,
130.75,67.0,
131.5,67.0,
132.25,67.0,
133.0,67.0,
133.75,67.0,
134.5,67.0,
135.25,67.0,
136.0,67.0,
136.75,67.0,
137.5,67.0,
138.25,67.0,
139.0,67.0,
139.75,67.0,
140.5,67.0,
141.25,67.0,
142.0,67.0,
142.75,67.0,
143.5,67.0,
144.25,67.0,
145.0,67.0,
145.75,67.0,
146.5,67.0,
147.25,67.0,
148.0,67.0,
148.75,67.0,
149.5,67.0,
150.25,67.0,
151.0,67.0,
151.75,67.0,
152.5,67.0,
153.25,67.0,
154.0,67.0,
154.75,67.0,
155.5,67.0,
156.25,67.0,
157.0,67.0,
157.75,67.0,
158.5,67.0,
159.25,67.0,
160.0,67.0,
160.75,67.0,
161.5,67.0,
162.25,67.0,
163.0,67.0,
163.75,67.0,
164.5,67.0,
165.25,67.0,
166.0,67.0,
166.75,67.0,
167.5,67.0,
168.25,67.0,
169.0,67.0,
169.75,67.0,
170.5,67.0,
171.25,67.0,
172.0,67.0,
172.75,67.0,
173.5,67.0,
174.25,67.0,
175.0,67.0,
175.75,67.0,-99.12629757785469
176.5,67.0,-99.20491803278688
177.25,67.0,-99.33410138248847
178.0,67.0,-99.5
178.75,67.0,-99.66589861751153
179.5,67.0,-99.79508196721312
180.25,67.0,-99.87370242214534
181.0,67.0,
181.75,67.0,
182.5,67.0,
183.25,67.0,
184.0,67.0,
184.75,67.0,
185.5,67.0,
186.25,67.0,
187.0,67.0,
187.75,67.0,
188.5,67.0,
189.25,67.0,
190.0,67.0,
190.75,67.0,
191.5,67.0,
192.25,67.0,
193.0,67.0,
193.75,67.0,
194.5,67.0,
195.25,67.0,
196.0,67.0,
196.75,67.0,
197.5,67.0,
198.25,67.0,
199.0,67.0,
199.75,67.0,
200.5,67.0,
201.25,67.0,
202.0,67.0,
202.75,67.0,
203.5,67.0,
204.25,67.0,
205.0,67.0,
205.75,67.0,
206.5,67.0,
207.25,67.0,
208.0,67.0,
208.75,67.0,
209.5,67.0,
210.25,67.0,
211.0,67.0,
211.75,67.0,
212.5,67.0,
213.25,67.0,
214.0,67.0,
214.75,67.0,
215.5,67.0,
216.25,67.0,
217.0,67.0,
217.75,67.0,
218.5,67.0,
219.25,67.0,
31.0,67.75,-83.16912070086903
31.75,67.75,-83.92698837143705
32.5,67.75,-84.77899609260368
33.25,67.75,-84.97391339049565
34.0,67.75,-84.36392201125587
34.75,67.75,-83.32614505845453
35.5,67.75,-83.35739022210504
36.25,67.75,-84.37291792055989
37.0,67.75,-85.0292994015922
37.75,67.75,-85.84894464381281
38.5,67.75,-85.66384960937042
39.25,67.75,-85.95439802469771
40.0,67.75,-86.4427820158592
40.75,67.75,-87.63159607861478
41.5,67.75,-88.11557345205375
42.25,67.75,-88.60285173076468
43.0,67.75,-89.95552834798544
43.75,67.75,-89.62019239705688
44.5,67.75,-89.77313733840654
45.25,67.75,-88.61942699920452
46.0,67.75,-87.82705212626081
46.75,67.75,-86.60437792999292
47.5,67.75,-85.23079492948496
48.25,67.75,-84.07395644233472
49.0,67.75,-82.56573054446456
49.75,67.75,-81.96255031500084
50.5,67.75,-80.95532048778759
51.25,67.75,-81.0735072282754
52.0,67.75,-82.772381373486
52.75,67.75,-84.2580349640728
53.5,67.75,-84.52813623988176
54.25,67.75,-84.93999959668298
55.0,67.75,-85.50066446373108
55.75,67.75,-84.66869995733445
56.5,67.75,-84.24232365474279
57.25,67.75,-84.08636854286418
58.0,67.75,-83.91116013159943
58.75,67.75,-83.9070402646324
59.5,67.75,-83.85708168358275
60.25,67.75,-84.46026620342276
61.0,67.75,-84.6132734349211
61.75,67.75,-82.62808385829925
62.5,67.75,-82.24591175998863
63.25,67.75,-77.99999999999999
64.0,67.75,
64.75,67.75,
65.5,67.75,
66.25,67.75,
67.0,67.75,
67.75,67.75,
68.5,67.75,
69.25,67.75,
70.0,67.75,
70.75,67.75,
71.5,67.75,
72.25,67.75,
73.0,67.75,
73.75,67.75,
74.5,67.75,
75.25,67.75,
76.0,67.75,
76.75,67.75,
77.5,67.75,
78.25,67.75,
79.0,67.75,
79.75,67.75,
80.5,67.75,
81.25,67.75,
82.0,67.75,
82.75,67.75,
83.5,67.75,
84.25,67.75,
85.0,67.75,
85.75,67.75,
86.5,67.75,
87.25,67.75,
88.0,67.75,
88.75,67.75,
89.5,67.75,
90.25,67.75,
91.0,67.75,
91.75,67.75,
92.5,67.75,
93.25,67.75,
94.0,67.75,
94.75,67.75,
95.5,67.75,
96.25,67.75,
97.0,67.75,
97.75,67.75,
98.5,67.75,
99.25,67.75,
100.0,67.75,
100.75,67.75,
101.5,67.75,
102.25,67.75,
103.0,67.75,
103.75,67.75,
104.5,67.75,
105.25,67.75,
106.0,67.75,
106.75,67.75,
107.5,67.75,
108.25,67.75,
109.0,67.75,
109.75,67.75,
110.5,67.75,
111.25,67.75,
112.0,67.75,
112.75,67.75,
113.5,67.75,
114.25,67.75,
115.0,67.75,
115.75,67.75,
116.5,67.75,
117.25,67.75,
118.0,67.75,
118.75,67.75,
119.5,67.75,
120.25,67.75,
121.0,67.75,
121.75,67.75,
122.5,67.75,
123.25,67.75,
124.0,67.75,
124.75,67.75,
125.5,67.75,
126.25,67.75,
127.0,67.75,
127.75,67.75,
128.5,67.75,
129.25,67.75,
130.0,67.75,
130.75,67.75,
131.5,67.75,
132.25,67.75,
133.0,67.75,
133.75,67.75,
134.5,67.75,
135.25,67.75,
136.0,67.75,
136.75,67.75,
137.5,67.75,
138.25,67.75,
139.0,67.75,
139.75,67.75,
140.5,67.75,
141.25,67.75,
142.0,67.75,
142.75,67.75,
143.5,67.75,
144.25,67.75,
145.0,67.75,
145.75,67.75,
146.5,67.75,
147.25,67.75,
148.0,67.75,
148.75,67.75,
149.5,67.75,
150.25,67.75,
151.0,67.75,
151.75,67.75,
152.5,67.75,
153.25,67.75,
154.0,67.75,
154.75,67.75,
155.5,67.75,
156.25,67.75,
157.0,67.75,
157.75,67.75,
158.5,67.75,
159.25,67.75,
160.0,67.75,
160.75,67.75,
161.5,67.75,
162.25,67.75,
163.0,67.75,
163.75,67.75,
164.5,67.75,
165.25,67.75,
166.0,67.75,
166.75,67.75,
167.5,67.75,
168.25,67.75,
169.0,67.75,
169.75,67.75,
170.5,67.75,-97.82359550561799
171.25,67.75,-97.98648648648648
172.0,67.75,-98.19009584664536
172.75,67.75,-97.58659449457508
173.5,67.75,-98.01777793502589
174.25,67.75,-98.3126705874215
175.0,67.75,-98.46698461418914
175.75,67.75,-98.41842371286808
176.5,67.75,-98.35362982559025
177.25,67.75,-98.26317795933991
178.0,67.75,-99.10987996306557
178.75,67.75,-99.34587439036527
179.5,67.75,-99.60152859534594
180.25,67.75,-99.93199999999999
181.0,67.75,
181.75,67.75,
182.5,67.75,
183.25,67.75,
184.0,67.75,
184.75,67.75,
185.5,67.75,
186.25,67.75,
187.0,67.75,
187.75,67.75,
188.5,67.75,
189.25,67.75,
190.0,67.75,
190.75,67.75,
191.5,67.75,
192.25,67.75,
193.0,67.75,
193.75,67.75,
194.5,67.75,
195.25,67.75,
196.0,67.75,
196.75,67.75,
197.5,67.75,
198.25,67.75,
199.0,67.75,
199.75,67.75,
200.5,67.75,
201.25,67.75,
202.0,67.75,
202.75,67.75,
203.5,67.75,
204.25,67.75,
205.0,67.75,
205.75,67.75,
206.5,67.75,
207.25,67.75,
208.0,67.75,
208.75,67.75,
209.5,67.75,
210.25,67.75,
211.0,67.75,
211.75,67.75,
212.5,67.75,
213.25,67.75,
214.0,67.75,
214.75,67.75,
215.5,67.75,
216.25,67.75,
217.0,67.75,
217.75,67.75,
218.5,67.75,
219.25,67.75,
31.0,68.5,-84.16522393807166
31.75,68.5,-84.61279305990183
32.5,68.5,-84.94075121053913
33.25,68.5,-84.9666586920702
34.0,68.5,-85.09171609126935
34.75,68.5,-84.76026201620715
35.5,68.5,-84.67778424686017
36.25,68.5,-84.91993179622415
37.0,68.5,-85.04076720598546
37.75,68.5,-85.62953360218947
38.5,68.5,-85.5812315918832
39.25,68.5,-86.94402941055104
40.0,68.5,-86.26878010330927
40.75,68.5,-87.58623781210237
41.5,68.5,-88.67987554988767
42.25,68.5,-89.55565145132073
43.0,68.5,-89.81140066654322
43.75,68.5,-90.01022901074114
44.5,68.5,-89.48506715362866
45.25,68.5,-88.12274157365428
46.0,68.5,-87.33223424419523
46.75,68.5,-86.31804970571882
47.5,68.5,-85.16395204162427
48.25,68.5,-83.47541906023571
49.0,68.5,-82.73713550191107
49.75,68.5,-82.41001081619963
50.5,68.5,-81.68441484958663
51.25,68.5,-82.06870591608826
52.0,68.5,-82.79724611509765
52.75,68.5,-83.6832269356105
53.5,68.5,-84.07575016000904
54.25,68.5,-84.27075307814425
55.0,68.5,-85.16710746034842
55.75,68.5,-84.34694861128382
56.5,68.5,-82.60153702841174
57.25,68.5,-82.05140186409207
58.0,68.5,-83.09766633136945
58.75,68.5,-83.46783697934754
59.5,68.5,-82.77714778983147
60.25,68.5,-82.5416915631732
61.0,68.5,-82.3876203385651
61.75,68.5,-82.29026912207198
62.5,68.5,-79.84111175502879
63.25,68.5,-78.0
64.0,68.5,-78.00000000000001
64.75,68.5,
65.5,68.5,
66.25,68.5,
67.0,68.5,
67.75,68.5,
68.5,68.5,
69.25,68.5,
70.0,68.5,
70.75,68.5,
71.5,68.5,
72.25,68.5,
73.0,68.5,
73.75,68.5,
74.5,68.5,
75.25,68.5,
76.0,68.5,
76.75,68.5,
77.5,68.5,
78.25,68.5,
79.0,68.5,
79.75,68.5,
80.5,68.5,
81.25,68.5,
82.0,68.5,
82.75,68.5,
83.5,68.5,
84.25,68.5,
85.0,68.5,
85.75,68.5,
86.5,68.5,
87.25,68.5,
88.0,68.5,
88.75,68.5,
89.5,68.5,
90.25,68.5,
91.0,68.5,
91.75,68.5,
92.5,68.5,
93.25,68.5,
94.0,68.5,
94.75,68.5,
95.5,68.5,
96.25,68.5,
97.0,68.5,
97.75,68.5,
98.5,68.5,
99.25,68.5,
100.0,68.5,
100.75,68.5,
101.5,68.5,
102.25,68.5,
103.0,68.5,
103.75,68.5,
104.5,68.5,
105.25,68.5,
106.0,68.5,
106.75,68.5,
107.5,68.5,
108.25,68.5,
109.0,68.5,
109.75,68.5,
110.5,68.5,
111.25,68.5,
112.0,68.5,
112.75,68.5,
113.5,68.5,
114.25,68.5,
115.0,68.5,
115.75,68.5,
116.5,68.5,
117.25,68.5,
118.0,68.5,
118.75,68.5,
119.5,68.5,
120.25,68.5,
121.0,68.5,
121.75,68.5,
122.5,68.5,
123.25,68.5,
124.0,68.5,
124.75,68.5,
125.5,68.5,
126.25,68.5,
127.0,68.5,
127.75,68.5,
128.5,68.5,
129.25,68.5,
130.0,68.5,
130.75,68.5,
131.5,68.5,
132.25,68.5,
133.0,68.5,
133.75,68.5,
134.5,68.5,
135.25,68.5,
136.0,68.5,
136.75,68.5,
137.5,68.5,
138.25,68.5,
139.0,68.5,
139.75,68.5,
140.5,68.5,
141.25,68.5,
142.0,68.5,
142.75,68.5,
143.5,68.5,
144.25,68.5,
145.0,68.5,
145.75,68.5,
146.5,68.5,
147.25,68.5,
148.0,68.5,
148.75,68.5,
149.5,68.5,
150.25,68.5,
151.0,68.5,
151.75,68.5,
152.5,68.5,
153.25,68.5,
154.0,68.5,
154.75,68.5,
155.5,68.5,
156.25,68.5,
157.0,68.5,
157.75,68.5,
158.5,68.5,
159.25,68.5,
160.0,68.5,
160.75,68.5,
161.5,68.5,
162.25,68.5,
163.0,68.5,
163.75,68.5,
164.5,68.5,
165.25,68.5,
166.0,68.5,
166.75,68.5,
167.5,68.5,
168.25,68.5,
169.0,68.5,
169.75,68.5,-97.5767590618337
170.5,68.5,-97.69148936170212
171.25,68.5,-96.75825950013824
172.0,68.5,-97.08085998048111
172.75,68.5,-97.53962824319092
173.5,68.5,-98.0519573520051
174.25,68.5,-98.61652837760698
175.0,68.5,-98.87241251848201
175.75,68.5,-98.65922792163812
176.5,68.5,-98.24930848740722
177.25,68.5,-98.17719509648053
178.0,68.5,-98.29997441894457
178.75,68.5,-98.73650581248798
179.5,68.5,-99.66704502459326
180.25,68.5,-99.89738275059483
181.0,68.5,
181.75,68.5,
182.5,68.5,
183.25,68.5,
184.0,68.5,
184.75,68.5,
185.5,68.5,
186.25,68.5,
187.0,68.5,
187.75,68.5,
188.5,68.5,
189.25,68.5,
190.0,68.5,
190.75,68.5,
191.5,68.5,
192.25,68.5,
193.0,68.5,
193.75,68.5,
194.5,68.5,
195.25,68.5,
196.0,68.5,
196.75,68.5,
197.5,68.5,
198.25,68.5,
199.0,68.5,
199.75,68.5,
200.5,68.5,
201.25,68.5,
202.0,68.5,
202.75,68.5,
203.5,68.5,
204.25,68.5,
205.0,68.5,
205.75,68.5,
206.5,68.5,
207.25,68.5,
208.0,68.5,
208.75,68.5,
209.5,68.5,
210.25,68.5,
211.0,68.5,
211.75,68.5,
212.5,68.5,
213.25,68.5,
214.0,68.5,
214.75,68.5,
215.5,68.5,
216.25,68.5,
217.0,68.5,
217.75,68.5,
218.5,68.5,
219.25,68.5,
31.0,69.25,-85.55559634126388
31.75,69.25,-85.66753515262504
32.5,69.25,-85.33489843081209
33.25,69.25,-85.16087991998475
34.0,69.25,-85.43313061559006
34.75,69.25,-85.8940103129482
35.5,69.25,-85.83156005360222
36.25,69.25,-85.0954794955938
37.0,69.25,-85.10305298609128
37.75,69.25,-85.710118633484
38.5,69.25,-86.29704531710807
39.25,69.25,-86.49293163312295
40.0,69.25,-86.72447896192614
40.75,69.25,-87.88410566397803
41.5,69.25,-89.29325048760991
42.25,69.25,-89.51203641103508
43.0,69.25,-89.71287322862038
43.75,69.25,-90.37198541620705
44.5,69.25,-90.45658999126483
45.25,69.25,-89.24456935548886
46.0,69.25,-86.97158097540348
46.75,69.25,-86.11338697216253
47.5,69.25,-84.2037983143657
48.25,69.25,-83.55996102819665
49.0,69.25,-82.99498396428515
49.75,69.25,-82.27310169474646
50.5,69.25,-82.31675102122902
51.25,69.25,-82.41302699171015
52.0,69.25,-82.86448807583389
52.75,69.25,-84.22720762698744
53.5,69.25,-84.99537034382708
54.25,69.25,-85.32922152621656
55.0,69.25,-85.35920178746558
55.75,69.25,-84.36160909112078
56.5,69.25,-82.3137183245228
57.25,69.25,-81.579352592076
58.0,69.25,-83.11370466075968
58.75,69.25,-82.67223598805028
59.5,69.25,-82.028746439226
60.25,69.25,-81.8422083393784
61.0,69.25,-81.40642060652493
61.75,69.25,-81.32703729642904
62.5,69.25,-81.2722982835672
63.25,69.25,-78.00000000000001
64.0,69.25,-78.00000000000001
64.75,69.25,
65.5,69.25,
66.25,69.25,
67.0,69.25,
67.75,69.25,
68.5,69.25,
69.25,69.25,
70.0,69.25,
70.75,69.25,
71.5,69.25,
72.25,69.25,
73.0,69.25,
73.75,69.25,
74.5,69.25,
75.25,69.25,
76.0,69.25,
76.75,69.25,
77.5,69.25,
78.25,69.25,
79.0,69.25,
79.75,69.25,
80.5,69.25,
81.25,69.25,
82.0,69.25,
82.75,69.25,
83.5,69.25,
84.25,69.25,
85.0,69.25,
85.75,69.25,
86.5,69.25,
87.25,69.25,
88.0,69.25,
88.75,69.25,
89.5,69.25,
90.25,69.25,
91.0,69.25,
91.75,69.25,
92.5,69.25,
93.25,69.25,
94.0,69.25,
94.75,69.25,
95.5,69.25,
96.25,69.25,
97.0,69.25,
97.75,69.25,
98.5,69.25,
99.25,69.25,
100.0,69.25,
100.75,69.25,
101.5,69.25,
102.25,69.25,
103.0,69.25,
103.75,69.25,
104.5,69.25,
105.25,69.25,
106.0,69.25,
106.75,69.25,
107.5,69.25,
108.25,69.25,
109.0,69.25,
109.75,69.25,
110.5,69.25,
111.25,69.25,
112.0,69.25,
112.75,69.25,
113.5,69.25,
114.25,69.25,
115.0,69.25,
115.75,69.25,
116.5,69.25,
117.25,69.25,
118.0,69.25,
118.75,69.25,
119.5,69.25,
120.25,69.25,
121.0,69.25,
121.75,69.25,
122.5,69.25,
123.25,69.25,
124.0,69.25,
124.75,69.25,
125.5,69.25,
126.25,69.25,
127.0,69.25,
127.75,69.25,
128.5,69.25,
129.25,69.25,
130.0,69.25,
130.75,69.25,
131.5,69.25,
132.25,69.25,
133.0,69.25,
133.75,69.25,
134.5,69.25,
135.25,69.25,
136.0,69.25,
136.75,69.25,
137.5,69.25,
138.25,69.25,
139.0,69.25,
139.75,69.25,
140.5,69.25,
141.25,69.25,
142.0,69.25,
142.75,69.25,
143.5,69.25,
144.25,69.25,
145.0,69.25,
145.75,69.25,
146.5,69.25,
147.25,69.25,
148.0,69.25,
148.75,69.25,
149.5,69.25,
150.25,69.25,
151.0,69.25,
151.75,69.25,
152.5,69.25,
153.25,69.25,
154.0,69.25,
154.75,69.25,
155.5,69.25,
156.25,69.25,
157.0,69.25,
157.75,69.25,
158.5,69.25,
159.25,69.25,
160.0,69.25,
160.75,69.25,
161.5,69.25,
162.25,69.25,
163.0,69.25,
163.75,69.25,
164.5,69.25,
165.25,69.25,
166.0,69.25,
166.75,69.25,
167.5,69.25,
168.25,69.25,
169.0,69.25,
169.75,69.25,-97.41387559808612
170.5,69.25,-96.35804638088544
171.25,69.25,-96.53382080272128
172.0,69.25,-96.81452426724697
172.75,69.25,-97.24089618758804
173.5,69.25,-97.8629091661046
174.25,69.25,-98.59017076847591
175.0,69.25,-98.9543291162338
175.75,69.25,-98.62807637118793
176.5,69.25,-98.07352152653017
177.25,69.25,-97.80025247919308
178.0,69.25,-98.07917336317345
178.75,69.25,-98.57546259485237
179.5,69.25,-99.2580817566515
180.25,69.25,-99.90575755583318
181.0,69.25,-99.99377593360997
181.75,69.25,-100.00000000000001
182.5,69.25,-99.99999999999999
183.25,69.25,-100.00000000000001
184.0,69.25,-100.0
184.75,69.25,
185.5,69.25,
186.25,69.25,
187.0,69.25,
187.75,69.25,
188.5,69.25,
189.25,69.25,
190.0,69.25,
190.75,69.25,
191.5,69.25,
192.25,69.25,
193.0,69.25,
193.75,69.25,
194.5,69.25,
195.25,69.25,
196.0,69.25,
196.75,69.25,
197.5,69.25,
198.25,69.25,
199.0,69.25,
199.75,69.25,
200.5,69.25,
201.25,69.25,
202.0,69.25,
202.75,69.25,
203.5,69.25,
204.25,69.25,
205.0,69.25,
205.75,69.25,
206.5,69.25,
207.25,69.25,
208.0,69.25,
208.75,69.25,
209.5,69.25,
210.25,69.25,
211.0,69.25,
211.75,69.25,
212.5,69.25,
213.25,69.25,
214.0,69.25,
214.75,69.25,
215.5,69.25,
216.25,69.25,
217.0,69.25,
217.75,69.25,
218.5,69.25,
219.25,69.25,
31.0,70.0,-86.87124151309409
31.75,70.0,-87.0950777374323
32.5,70.0,-87.22527878812105
33.25,70.0,-87.23147846194897
34.0,70.0,-87.14285714285714
34.75,70.0,-86.96797117405663
35.5,70.0,-86.78505589331242
36.25,70.0,-86.66303223127117
37.0,70.0,-86.43589083419155
37.75,70.0,-85.80436955549581
38.5,70.0,-85.59086831129841
39.25,70.0,-85.83984123275175
40.0,70.0,-86.81976744186046
40.75,70.0,-88.7425560240381
41.5,70.0,-88.89048283636168
42.25,70.0,-89.48182483109596
43.0,70.0,-90.23417721518989
43.75,70.0,-90.32478026232084
44.5,70.0,-91.24047619047619
45.25,70.0,-91.22732426303857
46.0,70.0,-86.70535714285714
46.75,70.0,-84.64594227191392
47.5,70.0,-83.99194390571384
48.25,70.0,-83.67288407210593
49.0,70.0,-82.0392156862745
49.75,70.0,-82.01690163377128
50.5,70.0,-82.69939274130678
51.25,70.0,-83.76311829298636
52.0,70.0,-84.33939983328703
52.75,70.0,-84.84239902886267
53.5,70.0,-85.34585953602843
54.25,70.0,-85.83594760970183
55.0,70.0,-85.98985829397054
55.75,70.0,-86.29179638266373
56.5,70.0,-86.57103062012264
57.25,70.0,-86.1603916939034
58.0,70.0,-84.2077922077922
58.75,70.0,-81.42417880231
59.5,70.0,-80.72673637364402
60.25,70.0,-80.6835233108744
61.0,70.0,-80.82579650565262
61.75,70.0,-80.84045777242103
62.5,70.0,-80.50151395180895
63.25,70.0,-78.31814529214509
64.0,70.0,-78.35743380855396
64.75,70.0,-78.00000000000001
65.5,70.0,
66.25,70.0,
67.0,70.0,
67.75,70.0,
68.5,70.0,
69.25,70.0,
70.0,70.0,
70.75,70.0,
71.5,70.0,
72.25,70.0,
73.0,70.0,
73.75,70.0,
74.5,70.0,
75.25,70.0,
76.0,70.0,
76.75,70.0,
77.5,70.0,
78.25,70.0,
79.0,70.0,
79.75,70.0,
80.5,70.0,
81.25,70.0,
82.0,70.0,
82.75,70.0,
83.5,70.0,
84.25,70.0,
85.0,70.0,
85.75,70.0,
86.5,70.0,
87.25,70.0,
88.0,70.0,
88.75,70.0,
89.5,70.0,
90.25,70.0,
91.0,70.0,
91.75,70.0,
92.5,70.0,
93.25,70.0,
94.0,70.0,
94.75,70.0,
95.5,70.0,
96.25,70.0,
97.0,70.0,
97.75,70.0,
98.5,70.0,
99.25,70.0,
100.0,70.0,
100.75,70.0,
101.5,70.0,
102.25,70.0,
103.0,70.0,
103.75,70.0,
104.5,70.0,
105.25,70.0,
106.0,70.0,
106.75,70.0,
107.5,70.0,
108.25,70.0,
109.0,70.0,
109.75,70.0,
110.5,70.0,
111.25,70.0,
112.0,70.0,
112.75,70.0,
113.5,70.0,
114.25,70.0,
115.0,70.0,
115.75,70.0,
116.5,70.0,
117.25,70.0,
118.0,70.0,
118.75,70.0,
119.5,70.0,
120.25,70.0,
121.0,70.0,
121.75,70.0,
122.5,70.0,
123.25,70.0,
124.0,70.0,
124.75,70.0,
125.5,70.0,
126.25,70.0,
127.0,70.0,
127.75,70.0,
128.5,70.0,
129.25,70.0,
130.0,70.0,
130.75,70.0,
131.5,70.0,
132.25,70.0,
133.0,70.0,
133.75,70.0,
134.5,70.0,
135.25,70.0,
136.0,70.0,
136.75,70.0,
137.5,70.0,
138.25,70.0,
139.0,70.0,
139.75,70.0,
140.5,70.0,
141.25,70.0,
142.0,70.0,
142.75,70.0,
143.5,70.0,
144.25,70.0,
145.0,70.0,
145.75,70.0,
146.5,70.0,
147.25,70.0,
148.0,70.0,
148.75,70.0,
149.5,70.0,
150.25,70.0,
151.0,70.0,
151.75,70.0,
152.5,70.0,
153.25,70.0,
154.0,70.0,
154.75,70.0,
155.5,70.0,
156.25,70.0,
157.0,70.0,
157.75,70.0,
158.5,70.0,
159.25,70.0,
160.0,70.0,
160.75,70.0,
161.5,70.0,
162.25,70.0,
163.0,70.0,
163.75,70.0,
164.5,70.0,
165.25,70.0,
166.0,70.0,
166.75,70.0,
167.5,70.0,
168.25,70.0,
169.0,70.0,
169.75,70.0,-97.21948051948053
170.5,70.0,-96.14656217721291
171.25,70.0,-96.24608412892736
172.0,70.0,-96.473623853211
172.75,70.0,-96.73797736754995
173.5,70.0,-97.19443021514698
174.25,70.0,-97.7944816534431
175.0,70.0,-98.125
175.75,70.0,-97.91379465802895
176.5,70.0,-97.51686484523917
177.25,70.0,-97.38269502215881
178.0,70.0,-97.57300509337861
178.75,70.0,-98.20946003436782
179.5,70.0,-98.89950240817038
180.25,70.0,-99.75111550443712
181.0,70.0,-99.88831835686777
181.75,70.0,-99.86600105097216
182.5,70.0,-100.0
183.25,70.0,-100.0
184.0,70.0,-100.0
184.75,70.0,-99.99999999999999
185.5,70.0,-100.0
186.25,70.0,-99.99999999999999
187.0,70.0,
187.75,70.0,
188.5,70.0,
189.25,70.0,
190.0,70.0,
190.75,70.0,
191.5,70.0,
192.25,70.0,
193.0,70.0,
193.75,70.0,
194.5,70.0,
195.25,70.0,
196.0,70.0,
196.75,70.0,
197.5,70.0,
198.25,70.0,
199.0,70.0,
199.75,70.0,
200.5,70.0,
201.25,70.0,
202.0,70.0,
202.75,70.0,
203.5,70.0,
204.25,70.0,
205.0,70.0,
205.75,70.0,
206.5,70.0,
207.25,70.0,
208.0,70.0,
208.75,70.0,
209.5,70.0,
210.25,70.0,
211.0,70.0,
211.75,70.0,
212.5,70.0,
213.25,70.0,
214.0,70.0,
214.75,70.0,
215.5,70.0,
216.25,70.0,
217.0,70.0,
217.75,70.0,
218.5,70.0,
219.25,70.0,
31.0,70.75,-88.03294734716425
31.75,70.75,-88.29020917221237
32.5,70.75,-89.05774164066075
33.25,70.75,-89.28808372176215
34.0,70.75,-88.46592619676309
34.75,70.75,-87.9051717258971
35.5,70.75,-87.58698303516184
36.25,70.75,-87.36655258808838
37.0,70.75,-87.19864807960118
37.75,70.75,-86.89883448484856
38.5,70.75,-87.14631877727723
39.25,70.75,-85.92503415819037
40.0,70.75,-87.68082282680824
40.75,70.75,
41.5,70.75,-89.69899817850636
42.25,70.75,-89.77564102564102
43.0,70.75,
43.75,70.75,-91.25366300366301
44.5,70.75,-91.24271402550092
45.25,70.75,
46.0,70.75,
46.75,70.75,
47.5,70.75,-81.28093306288032
48.25,70.75,-81.1742081447964
49.0,70.75,-82.16245225034274
49.75,70.75,-82.17541777909621
50.5,70.75,-82.94822332854463
51.25,70.75,-84.85148446510172
52.0,70.75,-84.79995555306225
52.75,70.75,-85.24784176269903
53.5,70.75,-85.8125845599933
54.25,70.75,-86.28080696091627
55.0,70.75,-87.04513413712395
55.75,70.75,-88.69935631698286
56.5,70.75,-91.96250133509153
57.25,70.75,-92.73161052998461
58.0,70.75,-85.23738587859154
58.75,70.75,-78.7554016211714
59.5,70.75,-79.01181504472295
60.25,70.75,-80.19805495706021
61.0,70.75,-80.59820753545172
61.75,70.75,-80.71116802026297
62.5,70.75,-80.85829068682936
63.25,70.75,-78.32896088133695
64.0,70.75,-78.37460245846054
64.75,70.75,-78.41100958971691
65.5,70.75,
66.25,70.75,
67.0,70.75,
67.75,70.75,
68.5,70.75,
69.25,70.75,
70.0,70.75,
70.75,70.75,
71.5,70.75,
72.25,70.75,
73.0,70.75,
73.75,70.75,
74.5,70.75,
75.25,70.75,
76.0,70.75,
76.75,70.75,
77.5,70.75,
78.25,70.75,
79.0,70.75,
79.75,70.75,
80.5,70.75,
81.25,70.75,
82.0,70.75,
82.75,70.75,
83.5,70.75,
84.25,70.75,
85.0,70.75,
85.75,70.75,
86.5,70.75,
87.25,70.75,
88.0,70.75,
88.75,70.75,
89.5,70.75,
90.25,70.75,
91.0,70.75,
91.75,70.75,
92.5,70.75,
93.25,70.75,
94.0,70.75,
94.75,70.75,
95.5,70.75,
96.25,70.75,
97.0,70.75,
97.75,70.75,
98.5,70.75,
99.25,70.75,
100.0,70.75,
100.75,70.75,
101.5,70.75,
102.25,70.75,
103.0,70.75,
103.75,70.75,
104.5,70.75,
105.25,70.75,
106.0,70.75,
106.75,70.75,
107.5,70.75,
108.25,70.75,
109.0,70.75,
109.75,70.75,
110.5,70.75,
111.25,70.75,
112.0,70.75,
112.75,70.75,
113.5,70.75,
114.25,70.75,
115.0,70.75,
115.75,70.75,
116.5,70.75,
117.25,70.75,
118.0,70.75,
118.75,70.75,
119.5,70.75,
120.25,70.75,
121.0,70.75,
121.75,70.75,
122.5,70.75,
123.25,70.75,
124.0,70.75,
124.75,70.75,
125.5,70.75,
126.25,70.75,
127.0,70.75,
127.75,70.75,
128.5,70.75,
129.25,70.75,
130.0,70.75,
130.75,70.75,
131.5,70.75,
132.25,70.75,
133.0,70.75,
133.75,70.75,
134.5,70.75,
135.25,70.75,
136.0,70.75,
136.75,70.75,
137.5,70.75,
138.25,70.75,
139.0,70.75,
139.75,70.75,
140.5,70.75,
141.25,70.75,
142.0,70.75,
142.75,70.75,
143.5,70.75,
144.25,70.75,
145.0,70.75,
145.75,70.75,
146.5,70.75,
147.25,70.75,
148.0,70.75,
148.75,70.75,
149.5,70.75,
150.25,70.75,
151.0,70.75,
151.75,70.75,
152.5,70.75,
153.25,70.75,
154.0,70.75,
154.75,70.75,
155.5,70.75,
156.25,70.75,
157.0,70.75,
157.75,70.75,
158.5,70.75,
159.25,70.75,
160.0,70.75,
160.75,70.75,
161.5,70.75,
162.25,70.75,
163.0,70.75,
163.75,70.75,
164.5,70.75,
165.25,70.75,
166.0,70.75,
166.75,70.75,
167.5,70.75,
168.25,70.75,
169.0,70.75,
169.75,70.75,-95.92678564408976
170.5,70.75,-95.94387991078617
171.25,70.75,-95.96652935118435
172.0,70.75,-96.09391665349095
172.75,70.75,-96.14514103512822
173.5,70.75,-96.25190727102576
174.25,70.75,-96.41616786022925
175.0,70.75,-96.53518366432733
175.75,70.75,-96.67963368091638
176.5,70.75,-96.7263480480967
177.25,70.75,-96.87205719056816
178.0,70.75,-97.14074920661216
178.75,70.75,-97.70263443691174
179.5,70.75,-98.45829717717962
180.25,70.75,-98.97207708629314
181.0,70.75,-99.66033474939614
181.75,70.75,-99.70084758755121
182.5,70.75,-99.6866967187336
183.25,70.75,-99.99999999999999
184.0,70.75,-99.99999999999999
184.75,70.75,-99.99999999999999
185.5,70.75,-100.0
186.25,70.75,-100.00000000000001
187.0,70.75,
187.75,70.75,
188.5,70.75,
189.25,70.75,
190.0,70.75,
190.75,70.75,
191.5,70.75,
192.25,70.75,
193.0,70.75,
193.75,70.75,
194.5,70.75,
195.25,70.75,
196.0,70.75,
196.75,70.75,
197.5,70.75,
198.25,70.75,
199.0,70.75,
199.75,70.75,
200.5,70.75,
201.25,70.75,
202.0,70.75,
202.75,70.75,
203.5,70.75,
204.25,70.75,
205.0,70.75,
205.75,70.75,
206.5,70.75,
207.25,70.75,
208.0,70.75,
208.75,70.75,
209.5,70.75,
210.25,70.75,
211.0,70.75,
211.75,70.75,
212.5,70.75,
213.25,70.75,
214.0,70.75,
214.75,70.75,
215.5,70.75,
216.25,70.75,
217.0,70.75,
217.75,70.75,
218.5,70.75,
219.25,70.75,
31.0,71.5,-88.99246504167638
31.75,71.5,-89.27612414467502
32.5,71.5,-89.51417879249952
33.25,71.5,-89.49402271899751
34.0,71.5,-89.23859675708441
34.75,71.5,-88.42867501417778
35.5,71.5,-88.08870414022627
36.25,71.5,-87.85327464023993
37.0,71.5,-88.34109636139746
37.75,71.5,-87.63815595653236
38.5,71.5,-87.9243182786536
39.25,71.5,
40.0,71.5,
40.75,71.5,
41.5,71.5,
42.25,71.5,
43.0,71.5,
43.75,71.5,
44.5,71.5,
45.25,71.5,
46.0,71.5,
46.75,71.5,
47.5,71.5,
48.25,71.5,
49.0,71.5,
49.75,71.5,-82.07244655581948
50.5,71.5,-82.18085106382979
51.25,71.5,-85.44769225778357
52.0,71.5,-85.22221828239132
52.75,71.5,-85.75526432086465
53.5,71.5,-85.51128988823955
54.25,71.5,-86.62972869752198
55.0,71.5,-87.56548820195007
55.75,71.5,-89.40545371555052
56.5,71.5,-91.73700664447558
57.25,71.5,-91.73279689803982
58.0,71.5,-85.34199862481546
58.75,71.5,-79.56802277395886
59.5,71.5,-79.39920894955016
60.25,71.5,-80.09595674129011
61.0,71.5,-80.03148914067985
61.75,71.5,-80.10322947278966
62.5,71.5,-80.12477003004054
63.25,71.5,-79.25811587927922
64.0,71.5,-78.40209377764671
64.75,71.5,-78.44080107818763
65.5,71.5,-78.61363636363636
66.25,71.5,
67.0,71.5,
67.75,71.5,
68.5,71.5,
69.25,71.5,
70.0,71.5,
70.75,71.5,
71.5,71.5,
72.25,71.5,
73.0,71.5,
73.75,71.5,
74.5,71.5,
75.25,71.5,
76.0,71.5,
76.75,71.5,
77.5,71.5,
78.25,71.5,
79.0,71.5,
79.75,71.5,
80.5,71.5,
81.25,71.5,
82.0,71.5,
82.75,71.5,
83.5,71.5,
84.25,71.5,
85.0,71.5,
85.75,71.5,
86.5,71.5,
87.25,71.5,
88.0,71.5,
88.75,71.5,
89.5,71.5,
90.25,71.5,
91.0,71.5,
91.75,71.5,
92.5,71.5,
93.25,71.5,
94.0,71.5,
94.75,71.5,
95.5,71.5,
96.25,71.5,
97.0,71.5,
97.75,71.5,
98.5,71.5,
99.25,71.5,
100.0,71.5,
100.75,71.5,
101.5,71.5,
102.25,71.5,
103.0,71.5,
103.75,71.5,
104.5,71.5,
105.25,71.5,
106.0,71.5,
106.75,71.5,
107.5,71.5,
108.25,71.5,
109.0,71.5,
109.75,71.5,
110.5,71.5,
111.25,71.5,
112.0,71.5,
112.75,71.5,
113.5,71.5,
114.25,71.5,
115.0,71.5,
115.75,71.5,
116.5,71.5,
117.25,71.5,
118.0,71.5,
118.75,71.5,
119.5,71.5,
120.25,71.5,
121.0,71.5,
121.75,71.5,
122.5,71.5,
123.25,71.5,
124.0,71.5,
124.75,71.5,
125.5,71.5,
126.25,71.5,
127.0,71.5,
127.75,71.5,
128.5,71.5,
129.25,71.5,
130.0,71.5,
130.75,71.5,
131.5,71.5,
132.25,71.5,
133.0,71.5,
133.75,71.5,
134.5,71.5,
135.25,71.5,
136.0,71.5,
136.75,71.5,
137.5,71.5,
138.25,71.5,
139.0,71.5,
139.75,71.5,
140.5,71.5,
141.25,71.5,
142.0,71.5,
142.75,71.5,
143.5,71.5,
144.25,71.5,
145.0,71.5,
145.75,71.5,
146.5,71.5,
147.25,71.5,
148.0,71.5,
148.75,71.5,
149.5,71.5,
150.25,71.5,
151.0,71.5,
151.75,71.5,
152.5,71.5,
153.25,71.5,
154.0,71.5,
154.75,71.5,
155.5,71.5,
156.25,71.5,
157.0,71.5,
157.75,71.5,
158.5,71.5,
159.25,71.5,
160.0,71.5,
160.75,71.5,
161.5,71.5,
162.25,71.5,
163.0,71.5,
163.75,71.5,
164.5,71.5,
165.25,71.5,
166.0,71.5,
166.75,71.5,
167.5,71.5,
168.25,71.5,
169.0,71.5,
169.75,71.5,-95.79686532532614
170.5,71.5,-95.78807701802023
171.25,71.5,-95.63986954134941
172.0,71.5,-95.67280431899214
172.75,71.5,-95.64426005879747
173.5,71.5,-95.4602898800127
174.25,71.5,-95.1130480839424
175.0,71.5,-94.94808817526193
175.75,71.5,-95.52742888059898
176.5,71.5,-96.14896192694005
177.25,71.5,-96.55012202618566
178.0,71.5,-96.80718748234968
178.75,71.5,-97.35329370603745
179.5,71.5,-97.97926576737312
180.25,71.5,-98.47739454691515
181.0,71.5,-99.405125076266
181.75,71.5,-99.53405889141774
182.5,71.5,-99.5958795562599
183.25,71.5,-100.0
184.0,71.5,-100.0
184.75,71.5,-100.00000000000001
185.5,71.5,-100.0
186.25,71.5,-100.0
187.0,71.5,
187.75,71.5,
188.5,71.5,
189.25,71.5,
190.0,71.5,
190.75,71.5,
191.5,71.5,
192.25,71.5,
193.0,71.5,
193.75,71.5,
194.5,71.5,
195.25,71.5,
196.0,71.5,
196.75,71.5,
197.5,71.5,
198.25,71.5,
199.0,71.5,
199.75,71.5,
200.5,71.5,
201.25,71.5,
202.0,71.5,
202.75,71.5,
203.5,71.5,
204.25,71.5,
205.0,71.5,
205.75,71.5,
206.5,71.5,
207.25,71.5,
208.0,71.5,
208.75,71.5,
209.5,71.5,
210.25,71.5,
211.0,71.5,
211.75,71.5,
212.5,71.5,
213.25,71.5,
214.0,71.5,
214.75,71.5,
215.5,71.5,
216.25,71.5,
217.0,71.5,
217.75,71.5,
218.5,71.5,
219.25,71.5,
31.0,72.25,-90.56323276981125
31.75,72.25,-90.64446036005741
32.5,72.25,-90.90884641886122
33.25,72.25,-90.8827590299008
34.0,72.25,-89.80910661026
34.75,72.25,-88.7339417071876
35.5,72.25,-88.61734814129912
36.25,72.25,-88.55529560215464
37.0,72.25,-88.64808547999675
37.75,72.25,-88.6879604757828
38.5,72.25,-90.21516507435506
39.25,72.25,
40.0,72.25,
40.75,72.25,
41.5,72.25,
42.25,72.25,
43.0,72.25,
43.75,72.25,
44.5,72.25,
45.25,72.25,
46.0,72.25,
46.75,72.25,
47.5,72.25,
48.25,72.25,
49.0,72.25,
49.75,72.25,
50.5,72.25,-82.25659229208925
51.25,72.25,-85.80763206296014
52.0,72.25,-85.37772574708819
52.75,72.25,-86.08726864254987
53.5,72.25,-85.6429502353332
54.25,72.25,-87.08528044801578
55.0,72.25,-87.76026025734191
55.75,72.25,-88.22354108937508
56.5,72.25,-88.87530937917423
57.25,72.25,-87.86033518500999
58.0,72.25,-84.80778469278162
58.75,72.25,-82.00231202142054
59.5,72.25,-80.81074131049624
60.25,72.25,-79.7799157816493
61.0,72.25,-78.85663140482541
61.75,72.25,-79.1609705731328
62.5,72.25,-79.72576714565679
63.25,72.25,-79.23776919599946
64.0,72.25,-79.37927495056424
64.75,72.25,-78.48337492915454
65.5,72.25,-78.64203084832906
66.25,72.25,-78.66699604743083
67.0,72.25,
67.75,72.25,
68.5,72.25,
69.25,72.25,
70.0,72.25,
70.75,72.25,
71.5,72.25,
72.25,72.25,
73.0,72.25,
73.75,72.25,
74.5,72.25,
75.25,72.25,
76.0,72.25,
76.75,72.25,
77.5,72.25,
78.25,72.25,
79.0,72.25,
79.75,72.25,
80.5,72.25,
81.25,72.25,
82.0,72.25,
82.75,72.25,
83.5,72.25,
84.25,72.25,
85.0,72.25,
85.75,72.25,
86.5,72.25,
87.25,72.25,
88.0,72.25,
88.75,72.25,
89.5,72.25,
90.25,72.25,
91.0,72.25,
91.75,72.25,
92.5,72.25,
93.25,72.25,
94.0,72.25,
94.75,72.25,
95.5,72.25,
96.25,72.25,
97.0,72.25,
97.75,72.25,
98.5,72.25,
99.25,72.25,
100.0,72.25,
100.75,72.25,
101.5,72.25,
102.25,72.25,
103.0,72.25,
103.75,72.25,
104.5,72.25,
105.25,72.25,
106.0,72.25,
106.75,72.25,
107.5,72.25,
108.25,72.25,
109.0,72.25,
109.75,72.25,
110.5,72.25,
111.25,72.25,
112.0,72.25,
112.75,72.25,
113.5,72.25,
114.25,72.25,
115.0,72.25,
115.75,72.25,
116.5,72.25,
117.25,72.25,
118.0,72.25,
118.75,72.25,
119.5,72.25,
120.25,72.25,
121.0,72.25,
121.75,72.25,
122.5,72.25,
123.25,72.25,
124.0,72.25,
124.75,72.25,
125.5,72.25,
126.25,72.25,
127.0,72.25,
127.75,72.25,
128.5,72.25,
129.25,72.25,
130.0,72.25,
130.75,72.25,
131.5,72.25,
132.25,72.25,
133.0,72.25,
133.75,72.25,
134.5,72.25,
135.25,72.25,
136.0,72.25,
136.75,72.25,
137.5,72.25,
138.25,72.25,
139.0,72.25,
139.75,72.25,
140.5,72.25,
141.25,72.25,
142.0,72.25,
142.75,72.25,
143.5,72.25,
144.25,72.25,
145.0,72.25,
145.75,72.25,
146.5,72.25,
147.25,72.25,
148.0,72.25,
148.75,72.25,
149.5,72.25,
150.25,72.25,
151.0,72.25,
151.75,72.25,
152.5,72.25,
153.25,72.25,
154.0,72.25,
154.75,72.25,
155.5,72.25,
156.25,72.25,
157.0,72.25,
157.75,72.25,
158.5,72.25,
159.25,72.25,
160.0,72.25,
160.75,72.25,
161.5,72.25,
162.25,72.25,
163.0,72.25,
163.75,72.25,
164.5,72.25,
165.25,72.25,
166.0,72.25,
166.75,72.25,
167.5,72.25,
168.25,72.25,
169.0,72.25,
169.75,72.25,-94.61846757398168
170.5,72.25,-95.33233769984639
171.25,72.25,-95.54846328124032
172.0,72.25,-95.65704372697887
172.75,72.25,-95.73751814960426
173.5,72.25,-95.4044778562768
174.25,72.25,-94.23859169052626
175.0,72.25,-93.51668213180048
175.75,72.25,-94.46139229148257
176.5,72.25,-96.14643620164397
177.25,72.25,-96.68809944395902
178.0,72.25,-96.82328265069421
178.75,72.25,-97.10212169969952
179.5,72.25,-97.65837438316842
180.25,72.25,-98.09438200929098
181.0,72.25,-99.25008994603238
181.75,72.25,-99.4655167685853
182.5,72.25,-99.59177442051882
183.25,72.25,-100.0
184.0,72.25,-100.0
184.75,72.25,-100.0
185.5,72.25,-100.00000000000001
186.25,72.25,
187.0,72.25,
187.75,72.25,
188.5,72.25,
189.25,72.25,
190.0,72.25,
190.75,72.25,
191.5,72.25,
192.25,72.25,
193.0,72.25,
193.75,72.25,
194.5,72.25,
195.25,72.25,
196.0,72.25,
196.75,72.25,
197.5,72.25,
198.25,72.25,
199.0,72.25,
199.75,72.25,
200.5,72.25,
201.25,72.25,
202.0,72.25,
202.75,72.25,
203.5,72.25,
204.25,72.25,
205.0,72.25,
205.75,72.25,
206.5,72.25,
207.25,72.25,
208.0,72.25,
208.75,72.25,
209.5,72.25,
210.25,72.25,
211.0,72.25,
211.75,72.25,
212.5,72.25,
213.25,72.25,
214.0,72.25,
214.75,72.25,
215.5,72.25,
216.25,72.25,
217.0,72.25,
217.75,72.25,
218.5,72.25,
219.25,72.25,
31.0,73.0,-91.03174603174602
31.75,73.0,-91.20611662399494
32.5,73.0,-91.71641906530485
33.25,73.0,-91.88281481155313
34.0,73.0,-90.35884353741497
34.75,73.0,-88.1652767254893
35.5,73.0,-88.36779537967936
36.25,73.0,-89.30304789645659
37.0,73.0,-90.01315789473685
37.75,73.0,-90.06841452547934
38.5,73.0,-90.3639050126154
39.25,73.0,-90.42565947242205
40.0,73.0,
40.75,73.0,
41.5,73.0,
42.25,73.0,
43.0,73.0,
43.75,73.0,
44.5,73.0,
45.25,73.0,
46.0,73.0,
46.75,73.0,
47.5,73.0,
48.25,73.0,
49.0,73.0,
49.75,73.0,
50.5,73.0,
51.25,73.0,
52.0,73.0,
52.75,73.0,-88.88975501113588
53.5,73.0,-86.99614853106767
54.25,73.0,-87.3349830839985
55.0,73.0,-87.72727272727273
55.75,73.0,-86.63262625067807
56.5,73.0,-86.64364710835271
57.25,73.0,-85.93097503605317
58.0,73.0,-84.60306340536688
58.75,73.0,-83.2029899686869
59.5,73.0,-81.41324134165552
60.25,73.0,-79.29731837605836
61.0,73.0,-78.00000000000239
61.75,73.0,-78.77103094371039
62.5,73.0,-79.56635247933286
63.25,73.0,-79.27850878549967
64.0,73.0,-79.40556900726392
64.75,73.0,-78.20752003945442
65.5,73.0,-78.68258426966293
66.25,73.0,-78.6992600422833
67.0,73.0,
67.75,73.0,
68.5,73.0,
69.25,73.0,
70.0,73.0,
70.75,73.0,
71.5,73.0,
72.25,73.0,
73.0,73.0,
73.75,73.0,
74.5,73.0,
75.25,73.0,
76.0,73.0,
76.75,73.0,
77.5,73.0,
78.25,73.0,
79.0,73.0,
79.75,73.0,
80.5,73.0,
81.25,73.0,
82.0,73.0,
82.75,73.0,
83.5,73.0,
84.25,73.0,
85.0,73.0,
85.75,73.0,
86.5,73.0,
87.25,73.0,
88.0,73.0,
88.75,73.0,
89.5,73.0,
90.25,73.0,
91.0,73.0,
91.75,73.0,
92.5,73.0,
93.25,73.0,
94.0,73.0,
94.75,73.0,
95.5,73.0,
96.25,73.0,
97.0,73.0,
97.75,73.0,
98.5,73.0,
99.25,73.0,
100.0,73.0,
100.75,73.0,
101.5,73.0,
102.25,73.0,
103.0,73.0,
103.75,73.0,
104.5,73.0,
105.25,73.0,
106.0,73.0,
106.75,73.0,
107.5,73.0,
108.25,73.0,
109.0,73.0,
109.75,73.0,
110.5,73.0,
111.25,73.0,
112.0,73.0,
112.75,73.0,
113.5,73.0,
114.25,73.0,
115.0,73.0,
115.75,73.0,
116.5,73.0,
117.25,73.0,
118.0,73.0,
118.75,73.0,
119.5,73.0,
120.25,73.0,
121.0,73.0,
121.75,73.0,
122.5,73.0,
123.25,73.0,
124.0,73.0,
124.75,73.0,
125.5,73.0,
126.25,73.0,
127.0,73.0,
127.75,73.0,
128.5,73.0,
129.25,73.0,
130.0,73.0,
130.75,73.0,
131.5,73.0,
132.25,73.0,
133.0,73.0,
133.75,73.0,
134.5,73.0,
135.25,73.0,
136.0,73.0,
136.75,73.0,
137.5,73.0,
138.25,73.0,
139.0,73.0,
139.75,73.0,
140.5,73.0,
141.25,73.0,
142.0,73.0,
142.75,73.0,
143.5,73.0,
144.25,73.0,
145.0,73.0,
145.75,73.0,
146.5,73.0,
147.25,73.0,
148.0,73.0,
148.75,73.0,
149.5,73.0,
150.25,73.0,
151.0,73.0,
151.75,73.0,
152.5,73.0,
153.25,73.0,
154.0,73.0,
154.75,73.0,
155.5,73.0,
156.25,73.0,
157.0,73.0,
157.75,73.0,
158.5,73.0,
159.25,73.0,
160.0,73.0,
160.75,73.0,
161.5,73.0,
162.25,73.0,
163.0,73.0,
163.75,73.0,
164.5,73.0,
165.25,73.0,
166.0,73.0,
166.75,73.0,
167.5,73.0,
168.25,73.0,
169.0,73.0,-95.0
169.75,73.0,-94.57697907897142
170.5,73.0,-94.79025220350815
171.25,73.0,-95.46218373458606
172.0,73.0,-95.67569546120056
172.75,73.0,-95.95842160160872
173.5,73.0,-95.67815106811994
174.25,73.0,-93.72068462981098
175.0,73.0,-92.50000000000243
175.75,73.0,-93.91603018425471
176.5,73.0,-96.54213323703985
177.25,73.0,-96.94701850856026
178.0,73.0,-96.81309033664323
178.75,73.0,-96.99041960380933
179.5,73.0,-97.3892250964955
180.25,73.0,-97.99822420176756
181.0,73.0,-99.25
181.75,73.0,-99.53259699165667
182.5,73.0,-99.69310032149039
183.25,73.0,-100.0
184.0,73.0,-100.0
184.75,73.0,-100.0
185.5,73.0,
186.25,73.0,
187.0,73.0,
187.75,73.0,
188.5,73.0,
189.25,73.0,
190.0,73.0,
190.75,73.0,
191.5,73.0,
192.25,73.0,
193.0,73.0,
193.75,73.0,
194.5,73.0,
195.25,73.0,
196.0,73.0,
196.75,73.0,
197.5,73.0,
198.25,73.0,
199.0,73.0,
199.75,73.0,
200.5,73.0,
201.25,73.0,
202.0,73.0,
202.75,73.0,
203.5,73.0,
204.25,73.0,
205.0,73.0,
205.75,73.0,
206.5,73.0,
207.25,73.0,
208.0,73.0,
208.75,73.0,
209.5,73.0,
210.25,73.0,
211.0,73.0,
211.75,73.0,
212.5,73.0,
213.25,73.0,
214.0,73.0,
214.75,73.0,
215.5,73.0,
216.25,73.0,
217.0,73.0,
217.75,73.0,
218.5,73.0,
219.25,73.0,
31.0,73.75,-91.60855403622573
31.75,73.75,-91.7620510343181
32.5,73.75,-91.86919179979043
33.25,73.75,-91.73805848597958
34.0,73.75,-90.80121903925756
34.75,73.75,-89.35189335782937
35.5,73.75,-89.33176768292059
36.25,73.75,-89.85073684552663
37.0,73.75,-90.35151059496944
37.75,73.75,-90.58717841707609
38.5,73.75,-89.6100279873365
39.25,73.75,-89.02229268182471
40.0,73.75,-90.92740286298569
40.75,73.75,
41.5,73.75,
42.25,73.75,
43.0,73.75,
43.75,73.75,
44.5,73.75,
45.25,73.75,
46.0,73.75,
46.75,73.75,
47.5,73.75,
48.25,73.75,
49.0,73.75,
49.75,73.75,
50.5,73.75,
51.25,73.75,
52.0,73.75,
52.75,73.75,
53.5,73.75,-89.06188338281558
54.25,73.75,-87.15556054910934
55.0,73.75,-87.37120572305086
55.75,73.75,-85.7954253730124
56.5,73.75,-85.7066417111656
57.25,73.75,-85.43820119268221
58.0,73.75,-84.89955175925039
58.75,73.75,-84.56561250183198
59.5,73.75,-82.9915299692499
60.25,73.75,-80.4888807485107
61.0,73.75,-79.19974776437176
61.75,73.75,-79.11173816926176
62.5,73.75,-79.35390381581183
63.25,73.75,-79.50525595380259
64.0,73.75,-79.44522206129152
64.75,73.75,-79.67603891419324
65.5,73.75,-78.15897693190081
66.25,73.75,-78.73689956331877
67.0,73.75,
67.75,73.75,
68.5,73.75,
69.25,73.75,
70.0,73.75,
70.75,73.75,
71.5,73.75,
72.25,73.75,
73.0,73.75,
73.75,73.75,
74.5,73.75,
75.25,73.75,
76.0,73.75,
76.75,73.75,
77.5,73.75,
78.25,73.75,
79.0,73.75,
79.75,73.75,
80.5,73.75,
81.25,73.75,
82.0,73.75,
82.75,73.75,-88.52601156069365
83.5,73.75,-88.40307692307694
84.25,73.75,-88.19254658385094
85.0,73.75,-87.92581602373888
85.75,73.75,-87.64864864864866
86.5,73.75,-87.39904988123514
87.25,73.75,-87.19591836734693
88.0,73.75,
88.75,73.75,
89.5,73.75,
90.25,73.75,
91.0,73.75,
91.75,73.75,
92.5,73.75,
93.25,73.75,
94.0,73.75,
94.75,73.75,
95.5,73.75,
96.25,73.75,
97.0,73.75,
97.75,73.75,
98.5,73.75,
99.25,73.75,
100.0,73.75,
100.75,73.75,
101.5,73.75,
102.25,73.75,
103.0,73.75,
103.75,73.75,
104.5,73.75,
105.25,73.75,
106.0,73.75,
106.75,73.75,
107.5,73.75,
108.25,73.75,
109.0,73.75,
109.75,73.75,
110.5,73.75,
111.25,73.75,
112.0,73.75,
112.75,73.75,
113.5,73.75,
114.25,73.75,
115.0,73.75,
115.75,73.75,
116.5,73.75,
117.25,73.75,
118.0,73.75,
118.75,73.75,
119.5,73.75,
120.25,73.75,
121.0,73.75,
121.75,73.75,
122.5,73.75,
123.25,73.75,
124.0,73.75,
124.75,73.75,
125.5,73.75,
126.25,73.75,
127.0,73.75,
127.75,73.75,
128.5,73.75,
129.25,73.75,
130.0,73.75,
130.75,73.75,
131.5,73.75,
132.25,73.75,
133.0,73.75,
133.75,73.75,
134.5,73.75,
135.25,73.75,
136.0,73.75,
136.75,73.75,
137.5,73.75,
138.25,73.75,
139.0,73.75,
139.75,73.75,
140.5,73.75,
141.25,73.75,
142.0,73.75,
142.75,73.75,
143.5,73.75,
144.25,73.75,
145.0,73.75,
145.75,73.75,
146.5,73.75,
147.25,73.75,
148.0,73.75,
148.75,73.75,
149.5,73.75,
150.25,73.75,
151.0,73.75,
151.75,73.75,
152.5,73.75,
153.25,73.75,
154.0,73.75,
154.75,73.75,
155.5,73.75,
156.25,73.75,
157.0,73.75,
157.75,73.75,
158.5,73.75,
159.25,73.75,
160.0,73.75,
160.75,73.75,
161.5,73.75,
162.25,73.75,
163.0,73.75,
163.75,73.75,
164.5,73.75,
165.25,73.75,
166.0,73.75,
166.75,73.75,
167.5,73.75,-94.47525773195876
168.25,73.75,-94.19031775079021
169.0,73.75,-94.34865620090427
169.75,73.75,-94.20903304134707
170.5,73.75,-94.35817144241261
171.25,73.75,-94.8185353034213
172.0,73.75,-95.38216920492087
172.75,73.75,-95.58318786850339
173.5,73.75,-95.22927255430126
174.25,73.75,-94.05701214891977
175.0,73.75,-93.39271607899173
175.75,73.75,-94.29289336990107
176.5,73.75,-95.98611661251677
177.25,73.75,-96.5680064200207
178.0,73.75,-96.73058803156005
178.75,73.75,-96.83525652568623
179.5,73.75,-97.3963261603658
180.25,73.75,-98.07266674249657
181.0,73.75,-99.36327363769082
181.75,73.75,-99.68085106382979
182.5,73.75,-99.84408954051577
183.25,73.75,-99.99999999999999
184.0,73.75,-100.0
184.75,73.75,
185.5,73.75,
186.25,73.75,
187.0,73.75,
187.75,73.75,
188.5,73.75,
189.25,73.75,
190.0,73.75,
190.75,73.75,
191.5,73.75,
192.25,73.75,
193.0,73.75,
193.75,73.75,
194.5,73.75,
195.25,73.75,
196.0,73.75,
196.75,73.75,
197.5,73.75,
198.25,73.75,
199.0,73.75,
199.75,73.75,
200.5,73.75,
201.25,73.75,
202.0,73.75,
202.75,73.75,
203.5,73.75,
204.25,73.75,
205.0,73.75,
205.75,73.75,
206.5,73.75,
207.25,73.75,
208.0,73.75,
208.75,73.75,
209.5,73.75,
210.25,73.75,
211.0,73.75,
211.75,73.75,
212.5,73.75,
213.25,73.75,
214.0,73.75,
214.75,73.75,
215.5,73.75,
216.25,73.75,
217.0,73.75,
217.75,73.75,
218.5,73.75,
219.25,73.75,
31.0,74.5,-91.21750805432086
31.75,74.5,-91.7151699748925
32.5,74.5,-92.32495590828924
33.25,74.5,-92.38519304838904
34.0,74.5,-91.99040291159503
34.75,74.5,-91.38475848315431
35.5,74.5,-91.201270053812
36.25,74.5,-90.89735434168206
37.0,74.5,-90.93385012870226
37.75,74.5,-90.86845011558943
38.5,74.5,-89.63281149543528
39.25,74.5,-89.00019249509738
40.0,74.5,-88.84801112113746
40.75,74.5,-85.97127468581688
41.5,74.5,
42.25,74.5,
43.0,74.5,
43.75,74.5,
44.5,74.5,
45.25,74.5,
46.0,74.5,
46.75,74.5,
47.5,74.5,
48.25,74.5,
49.0,74.5,
49.75,74.5,
50.5,74.5,
51.25,74.5,
52.0,74.5,
52.75,74.5,
53.5,74.5,-91.55
54.25,74.5,-88.30482425607218
55.0,74.5,-87.15617851393714
55.75,74.5,-85.35570118318508
56.5,74.5,-84.95207156681275
57.25,74.5,-85.156748501359
58.0,74.5,-85.96970399309276
58.75,74.5,-87.25411984731298
59.5,74.5,-85.75538929811277
60.25,74.5,-81.154405672338
61.0,74.5,-79.69743593447028
61.75,74.5,-79.60138929441366
62.5,74.5,-79.56782438518307
63.25,74.5,-79.59375556070738
64.0,74.5,-79.78171093181581
64.75,74.5,-79.87071475940267
65.5,74.5,-78.12650320162425
66.25,74.5,-78.09659849212521
67.0,74.5,
67.75,74.5,
68.5,74.5,
69.25,74.5,
70.0,74.5,
70.75,74.5,
71.5,74.5,
72.25,74.5,
73.0,74.5,
73.75,74.5,
74.5,74.5,
75.25,74.5,
76.0,74.5,
76.75,74.5,
77.5,74.5,
78.25,74.5,
79.0,74.5,
79.75,74.5,
80.5,74.5,
81.25,74.5,-88.7191977077364
82.0,74.5,-88.8082191780822
82.75,74.5,-88.80237154150198
83.5,74.5,-88.65517241379311
84.25,74.5,-88.36244541484716
85.0,74.5,-87.98360655737706
85.75,74.5,-87.60649819494586
86.5,74.5,-87.29268292682924
87.25,74.5,-87.06045340050377
88.0,74.5,-86.900826446281
88.75,74.5,
89.5,74.5,
90.25,74.5,
91.0,74.5,
91.75,74.5,
92.5,74.5,
93.25,74.5,
94.0,74.5,
94.75,74.5,
95.5,74.5,
96.25,74.5,
97.0,74.5,
97.75,74.5,
98.5,74.5,
99.25,74.5,
100.0,74.5,
100.75,74.5,
101.5,74.5,
102.25,74.5,
103.0,74.5,
103.75,74.5,
104.5,74.5,
105.25,74.5,
106.0,74.5,
106.75,74.5,
107.5,74.5,
108.25,74.5,
109.0,74.5,
109.75,74.5,
110.5,74.5,
111.25,74.5,
112.0,74.5,
112.75,74.5,
113.5,74.5,
114.25,74.5,
115.0,74.5,
115.75,74.5,
116.5,74.5,
117.25,74.5,
118.0,74.5,
118.75,74.5,
119.5,74.5,
120.25,74.5,
121.0,74.5,
121.75,74.5,
122.5,74.5,
123.25,74.5,
124.0,74.5,
124.75,74.5,
125.5,74.5,
126.25,74.5,
127.0,74.5,
127.75,74.5,
128.5,74.5,
129.25,74.5,
130.0,74.5,
130.75,74.5,
131.5,74.5,
132.25,74.5,
133.0,74.5,
133.75,74.5,
134.5,74.5,
135.25,74.5,
136.0,74.5,
136.75,74.5,
137.5,74.5,
138.25,74.5,
139.0,74.5,
139.75,74.5,
140.5,74.5,
141.25,74.5,
142.0,74.5,
142.75,74.5,
143.5,74.5,
144.25,74.5,
145.0,74.5,
145.75,74.5,
146.5,74.5,
147.25,74.5,
148.0,74.5,
148.75,74.5,
149.5,74.5,
150.25,74.5,
151.0,74.5,
151.75,74.5,
152.5,74.5,
153.25,74.5,
154.0,74.5,
154.75,74.5,
155.5,74.5,
156.25,74.5,
157.0,74.5,
157.75,74.5,
158.5,74.5,
159.25,74.5,
160.0,74.5,
160.75,74.5,
161.5,74.5,
162.25,74.5,
163.0,74.5,
163.75,74.5,
164.5,74.5,
165.25,74.5,
166.0,74.5,
166.75,74.5,
167.5,74.5,-94.22727272727272
168.25,74.5,-93.98252302493326
169.0,74.5,-94.10234976298487
169.75,74.5,-93.92856294019492
170.5,74.5,-94.07806747999634
171.25,74.5,-94.43010769174757
172.0,74.5,-94.60769513998345
172.75,74.5,-94.69603574994659
173.5,74.5,-94.70212468201295
174.25,74.5,-94.33295695526425
175.0,74.5,-94.1927191958588
175.75,74.5,-94.61502286390407
176.5,74.5,-95.34981635796375
177.25,74.5,-96.04936375111704
178.0,74.5,-96.11685302878068
178.75,74.5,-96.84643836171408
179.5,74.5,-97.48489091981132
180.25,74.5,-98.21457232612572
181.0,74.5,-99.49130327260737
181.75,74.5,-99.80638827071606
182.5,74.5,-99.95522388059702
183.25,74.5,-100.0
184.0,74.5,
184.75,74.5,
185.5,74.5,
186.25,74.5,
187.0,74.5,
187.75,74.5,
188.5,74.5,
189.25,74.5,
190.0,74.5,
190.75,74.5,
191.5,74.5,
192.25,74.5,
193.0,74.5,
193.75,74.5,
194.5,74.5,
195.25,74.5,
196.0,74.5,
196.75,74.5,
197.5,74.5,
198.25,74.5,
199.0,74.5,
199.75,74.5,
200.5,74.5,
201.25,74.5,
202.0,74.5,
202.75,74.5,
203.5,74.5,
204.25,74.5,
205.0,74.5,
205.75,74.5,
206.5,74.5,
207.25,74.5,
208.0,74.5,
208.75,74.5,
209.5,74.5,
210.25,74.5,
211.0,74.5,
211.75,74.5,
212.5,74.5,
213.25,74.5,
214.0,74.5,
214.75,74.5,
215.5,74.5,
216.25,74.5,
217.0,74.5,
217.75,74.5,
218.5,74.5,
219.25,74.5,
31.0,75.25,-91.064882383025
31.75,75.25,-91.80720481793963
32.5,75.25,-93.17174037688919
33.25,75.25,-93.68261559369226
34.0,75.25,-93.40792648396214
34.75,75.25,-93.01829904928402
35.5,75.25,-92.59280023833092
36.25,75.25,-91.60907050091969
37.0,75.25,-91.05330432624328
37.75,75.25,-91.15029718761282
38.5,75.25,-90.82410112701189
39.25,75.25,-88.85540871153148
40.0,75.25,-88.67701770042869
40.75,75.25,
41.5,75.25,
42.25,75.25,
43.0,75.25,
43.75,75.25,
44.5,75.25,
45.25,75.25,
46.0,75.25,
46.75,75.25,
47.5,75.25,
48.25,75.25,
49.0,75.25,
49.75,75.25,
50.5,75.25,
51.25,75.25,
52.0,75.25,
52.75,75.25,
53.5,75.25,-91.25
54.25,75.25,-91.07901554404145
55.0,75.25,-88.06941047472534
55.75,75.25,-84.47144694043183
56.5,75.25,-84.60102730260483
57.25,75.25,-85.05537662239975
58.0,75.25,-86.21309146934249
58.75,75.25,-87.88818377558894
59.5,75.25,-86.39137871048081
60.25,75.25,-81.11547799859967
61.0,75.25,-79.56003143922486
61.75,75.25,-79.57167411996242
62.5,75.25,-79.53671356768194
63.25,75.25,-79.56935458166019
64.0,75.25,-79.62312478152894
64.75,75.25,-79.86078994692382
65.5,75.25,-78.69355150904136
66.25,75.25,-78.05345591707392
67.0,75.25,
67.75,75.25,
68.5,75.25,
69.25,75.25,
70.0,75.25,
70.75,75.25,
71.5,75.25,
72.25,75.25,
73.0,75.25,
73.75,75.25,
74.5,75.25,
75.25,75.25,
76.0,75.25,
76.75,75.25,
77.5,75.25,
78.25,75.25,
79.0,75.25,
79.75,75.25,
80.5,75.25,-88.7191977077364
81.25,75.25,-88.92700729927007
82.0,75.25,-89.10138248847926
82.75,75.25,-89.15730337078651
83.5,75.25,-89.5306730180974
84.25,75.25,-89.3098131351765
85.0,75.25,-89.05301698600088
85.75,75.25,-88.87143568283994
86.5,75.25,-88.81399088141552
87.25,75.25,-86.85093167701862
88.0,75.25,-86.70660146699268
88.75,75.25,
89.5,75.25,
90.25,75.25,
91.0,75.25,
91.75,75.25,
92.5,75.25,
93.25,75.25,
94.0,75.25,
94.75,75.25,
95.5,75.25,
96.25,75.25,
97.0,75.25,
97.75,75.25,
98.5,75.25,
99.25,75.25,
100.0,75.25,
100.75,75.25,
101.5,75.25,
102.25,75.25,
103.0,75.25,
103.75,75.25,
104.5,75.25,
105.25,75.25,
106.0,75.25,
106.75,75.25,
107.5,75.25,
108.25,75.25,
109.0,75.25,
109.75,75.25,
110.5,75.25,
111.25,75.25,
112.0,75.25,
112.75,75.25,
113.5,75.25,
114.25,75.25,
115.0,75.25,
115.75,75.25,
116.5,75.25,
117.25,75.25,
118.0,75.25,
118.75,75.25,
119.5,75.25,
120.25,75.25,
121.0,75.25,
121.75,75.25,
122.5,75.25,
123.25,75.25,
124.0,75.25,
124.75,75.25,
125.5,75.25,
126.25,75.25,
127.0,75.25,
127.75,75.25,
128.5,75.25,
129.25,75.25,
130.0,75.25,
130.75,75.25,
131.5,75.25,
132.25,75.25,
133.0,75.25,
133.75,75.25,
134.5,75.25,
135.25,75.25,
136.0,75.25,
136.75,75.25,
137.5,75.25,
138.25,75.25,
139.0,75.25,
139.75,75.25,
140.5,75.25,
141.25,75.25,
142.0,75.25,
142.75,75.25,
143.5,75.25,
144.25,75.25,
145.0,75.25,
145.75,75.25,
146.5,75.25,
147.25,75.25,
148.0,75.25,
148.75,75.25,
149.5,75.25,
150.25,75.25,
151.0,75.25,
151.75,75.25,
152.5,75.25,
153.25,75.25,
154.0,75.25,
154.75,75.25,
155.5,75.25,
156.25,75.25,
157.0,75.25,
157.75,75.25,
158.5,75.25,
159.25,75.25,
160.0,75.25,
160.75,75.25,
161.5,75.25,
162.25,75.25,
163.0,75.25,
163.75,75.25,
164.5,75.25,
165.25,75.25,
166.0,75.25,
166.75,75.25,
167.5,75.25,-93.76558123152954
168.25,75.25,-93.79807082181107
169.0,75.25,-93.80709793909979
169.75,75.25,-93.73904902648121
170.5,75.25,-93.79749668567727
171.25,75.25,-93.82856551547934
172.0,75.25,-94.00050068115517
172.75,75.25,-93.97494599017215
173.5,75.25,-94.04821403415495
174.25,75.25,-94.07462564137245
175.0,75.25,-94.14004635052824
175.75,75.25,-94.41463555739388
176.5,75.25,-94.80400077279364
177.25,75.25,-95.44000987800989
178.0,75.25,-95.90940150486513
178.75,75.25,-96.69732884129466
179.5,75.25,-97.31501692742135
180.25,75.25,-98.13158925424152
181.0,75.25,-99.51492537313433
181.75,75.25,-99.83333333333333
182.5,75.25,-99.97368421052632
183.25,75.25,
184.0,75.25,
184.75,75.25,
185.5,75.25,
186.25,75.25,
187.0,75.25,
187.75,75.25,
188.5,75.25,
189.25,75.25,
190.0,75.25,
190.75,75.25,
191.5,75.25,
192.25,75.25,
193.0,75.25,
193.75,75.25,
194.5,75.25,
195.25,75.25,
196.0,75.25,
196.75,75.25,
197.5,75.25,
198.25,75.25,
199.0,75.25,
199.75,75.25,
200.5,75.25,
201.25,75.25,
202.0,75.25,
202.75,75.25,
203.5,75.25,
204.25,75.25,
205.0,75.25,
205.75,75.25,
206.5,75.25,
207.25,75.25,
208.0,75.25,
208.75,75.25,
209.5,75.25,
210.25,75.25,
211.0,75.25,
211.75,75.25,
212.5,75.25,
213.25,75.25,
214.0,75.25,
214.75,75.25,
215.5,75.25,
216.25,75.25,
217.0,75.25,
217.75,75.25,
218.5,75.25,
219.25,75.25,
31.0,76.0,-92.00074757039623
31.75,76.0,-93.31118802352962
32.5,76.0,-95.52160135518605
33.25,76.0,-96.16008508805568
34.0,76.0,-94.99999999999997
34.75,76.0,-94.03264770315789
35.5,76.0,-93.44960901884646
36.25,76.0,-92.30631369419254
37.0,76.0,-91.15348499885488
37.75,76.0,-90.34423243322038
38.5,76.0,-90.28718954672199
39.25,76.0,-88.51562316555692
40.0,76.0,-88.38085539714868
40.75,76.0,-88.44091903719912
41.5,76.0,
42.25,76.0,
43.0,76.0,
43.75,76.0,
44.5,76.0,
45.25,76.0,
46.0,76.0,
46.75,76.0,
47.5,76.0,
48.25,76.0,
49.0,76.0,
49.75,76.0,
50.5,76.0,
51.25,76.0,
52.0,76.0,
52.75,76.0,
53.5,76.0,
54.25,76.0,-90.80902004454343
55.0,76.0,-90.53260869565219
55.75,76.0,-84.79546278530803
56.5,76.0,-84.47473957723352
57.25,76.0,-84.67539750771346
58.0,76.0,-84.40845070422536
58.75,76.0,-84.97169747231516
59.5,76.0,-83.33518533875117
60.25,76.0,-80.32836615220862
61.0,76.0,-79.01310043668121
61.75,76.0,-78.96879063719115
62.5,76.0,-79.21506023588049
63.25,76.0,-79.41672129138679
64.0,76.0,-79.54185022026432
64.75,76.0,-79.61697336108652
65.5,76.0,-78.61522872032427
66.25,76.0,-78.0
67.0,76.0,
67.75,76.0,
68.5,76.0,
69.25,76.0,
70.0,76.0,
70.75,76.0,
71.5,76.0,
72.25,76.0,
73.0,76.0,
73.75,76.0,
74.5,76.0,
75.25,76.0,
76.0,76.0,
76.75,76.0,
77.5,76.0,
78.25,76.0,
79.0,76.0,
79.75,76.0,
80.5,76.0,-88.8082191780822
81.25,76.0,-89.10138248847926
82.0,76.0,-89.75698324022346
82.75,76.0,-89.79871825796201
83.5,76.0,-89.68149779735683
84.25,76.0,-89.3010955512211
85.0,76.0,-88.84177215189874
85.75,76.0,-88.56738505850069
86.5,76.0,-88.53374913905256
87.25,76.0,-88.65813385668588
88.0,76.0,-88.84826883910388
88.75,76.0,-86.42231947483589
89.5,76.0,
90.25,76.0,
91.0,76.0,
91.75,76.0,
92.5,76.0,
93.25,76.0,
94.0,76.0,
94.75,76.0,
95.5,76.0,
96.25,76.0,
97.0,76.0,
97.75,76.0,
98.5,76.0,
99.25,76.0,
100.0,76.0,
100.75,76.0,
101.5,76.0,
102.25,76.0,
103.0,76.0,
103.75,76.0,
104.5,76.0,
105.25,76.0,
106.0,76.0,
106.75,76.0,
107.5,76.0,
108.25,76.0,
109.0,76.0,
109.75,76.0,
110.5,76.0,
111.25,76.0,
112.0,76.0,
112.75,76.0,
113.5,76.0,
114.25,76.0,
115.0,76.0,
115.75,76.0,
116.5,76.0,
117.25,76.0,
118.0,76.0,
118.75,76.0,
119.5,76.0,
120.25,76.0,
121.0,76.0,
121.75,76.0,
122.5,76.0,
123.25,76.0,
124.0,76.0,
124.75,76.0,
125.5,76.0,
126.25,76.0,
127.0,76.0,
127.75,76.0,
128.5,76.0,
129.25,76.0,
130.0,76.0,
130.75,76.0,
131.5,76.0,
132.25,76.0,
133.0,76.0,
133.75,76.0,
134.5,76.0,
135.25,76.0,
136.0,76.0,
136.75,76.0,
137.5,76.0,
138.25,76.0,
139.0,76.0,
139.75,76.0,
140.5,76.0,
141.25,76.0,
142.0,76.0,
142.75,76.0,
143.5,76.0,
144.25,76.0,
145.0,76.0,
145.75,76.0,
146.5,76.0,
147.25,76.0,
148.0,76.0,
148.75,76.0,
149.5,76.0,
150.25,76.0,
151.0,76.0,
151.75,76.0,
152.5,76.0,
153.25,76.0,
154.0,76.0,
154.75,76.0,
155.5,76.0,
156.25,76.0,
157.0,76.0,
157.75,76.0,
158.5,76.0,
159.25,76.0,
160.0,76.0,
160.75,76.0,
161.5,76.0,
162.25,76.0,
163.0,76.0,
163.75,76.0,
164.5,76.0,
165.25,76.0,
166.0,76.0,-93.34615384615385
166.75,76.0,-93.3186968838527
167.5,76.0,-93.23287104119228
168.25,76.0,-93.60124215572249
169.0,76.0,-93.62082957619477
169.75,76.0,-93.76073264651585
170.5,76.0,-93.58087870373265
171.25,76.0,-93.60445993446456
172.0,76.0,-93.46981891348089
172.75,76.0,-93.3270319394821
173.5,76.0,-93.50460929043226
174.25,76.0,-93.76180332059438
175.0,76.0,-94.02423808549806
175.75,76.0,-94.28159997352607
176.5,76.0,-94.50767720114922
177.25,76.0,-95.1966543672302
178.0,76.0,-95.55540214014498
178.75,76.0,-96.25424361931472
179.5,76.0,-97.4141270894937
180.25,76.0,-99.08666666666667
181.0,76.0,-99.5
181.75,76.0,-99.77472527472527
182.5,76.0,
183.25,76.0,
184.0,76.0,
184.75,76.0,
185.5,76.0,
186.25,76.0,
187.0,76.0,
187.75,76.0,
188.5,76.0,
189.25,76.0,
190.0,76.0,
190.75,76.0,
191.5,76.0,
192.25,76.0,
193.0,76.0,
193.75,76.0,
194.5,76.0,
195.25,76.0,
196.0,76.0,
196.75,76.0,
197.5,76.0,
198.25,76.0,
199.0,76.0,
199.75,76.0,
200.5,76.0,
201.25,76.0,
202.0,76.0,
202.75,76.0,
203.5,76.0,
204.25,76.0,
205.0,76.0,
205.75,76.0,
206.5,76.0,
207.25,76.0,
208.0,76.0,
208.75,76.0,
209.5,76.0,
210.25,76.0,
211.0,76.0,
211.75,76.0,
212.5,76.0,
213.25,76.0,
214.0,76.0,
214.75,76.0,
215.5,76.0,
216.25,76.0,
217.0,76.0,
217.75,76.0,
218.5,76.0,
219.25,76.0,
31.0,76.75,-92.97570776784838
31.75,76.75,-94.8685113229878
32.5,76.75,-98.27511505727051
33.25,76.75,-99.19055208627053
34.0,76.75,-95.69605677287518
34.75,76.75,-94.81900452058449
35.5,76.75,-94.32543972702275
36.25,76.75,-92.24010321298867
37.0,76.75,-90.34739388690643
37.75,76.75,-89.33069764641343
38.5,76.75,-88.96242328889433
39.25,76.75,-87.9521531785699
40.0,76.75,-87.95367412140575
40.75,76.75,-88.02631578947368
41.5,76.75,
42.25,76.75,
43.0,76.75,
43.75,76.75,
44.5,76.75,
45.25,76.75,
46.0,76.75,
46.75,76.75,
47.5,76.75,
48.25,76.75,
49.0,76.75,
49.75,76.75,
50.5,76.75,
51.25,76.75,
52.0,76.75,
52.75,76.75,
53.5,76.75,
54.25,76.75,
55.0,76.75,
55.75,76.75,-84.61465087825155
56.5,76.75,-83.82399755339218
57.25,76.75,-83.75341823680606
58.0,76.75,-82.7877191117467
58.75,76.75,-82.39032629518307
59.5,76.75,-80.84513770462412
60.25,76.75,-78.38123172140403
61.0,76.75,-76.72887591728094
61.75,76.75,-77.83425909430197
62.5,76.75,-78.85022405597115
63.25,76.75,-79.28489376683484
64.0,76.75,-79.47011523144761
64.75,76.75,-78.62186497042005
65.5,76.75,-78.63776078735178
66.25,76.75,-78.7584213283155
67.0,76.75,
67.75,76.75,
68.5,76.75,
69.25,76.75,
70.0,76.75,
70.75,76.75,
71.5,76.75,
72.25,76.75,
73.0,76.75,
73.75,76.75,
74.5,76.75,
75.25,76.75,
76.0,76.75,
76.75,76.75,
77.5,76.75,
78.25,76.75,
79.0,76.75,
79.75,76.75,-88.52601156069365
80.5,76.75,-88.80237154150198
81.25,76.75,-89.72388089810575
82.0,76.75,-89.82226938339579
82.75,76.75,-89.96174021375649
83.5,76.75,-89.85218093699515
84.25,76.75,-89.15254145442722
85.0,76.75,-88.34620409195306
85.75,76.75,-88.02084794217596
86.5,76.75,-88.12683154941286
87.25,76.75,-88.42017552049295
88.0,76.75,-88.73967083975718
88.75,76.75,-89.01948692649235
89.5,76.75,
90.25,76.75,
91.0,76.75,
91.75,76.75,
92.5,76.75,
93.25,76.75,
94.0,76.75,
94.75,76.75,
95.5,76.75,
96.25,76.75,
97.0,76.75,
97.75,76.75,
98.5,76.75,
99.25,76.75,
100.0,76.75,
100.75,76.75,
101.5,76.75,
102.25,76.75,
103.0,76.75,
103.75,76.75,
104.5,76.75,
105.25,76.75,
106.0,76.75,
106.75,76.75,
107.5,76.75,
108.25,76.75,
109.0,76.75,
109.75,76.75,
110.5,76.75,
111.25,76.75,
112.0,76.75,
112.75,76.75,
113.5,76.75,
114.25,76.75,
115.0,76.75,
115.75,76.75,
116.5,76.75,
117.25,76.75,
118.0,76.75,
118.75,76.75,
119.5,76.75,
120.25,76.75,
121.0,76.75,
121.75,76.75,
122.5,76.75,
123.25,76.75,
124.0,76.75,
124.75,76.75,
125.5,76.75,
126.25,76.75,
127.0,76.75,
127.75,76.75,
128.5,76.75,
129.25,76.75,
130.0,76.75,
130.75,76.75,
131.5,76.75,
132.25,76.75,
133.0,76.75,
133.75,76.75,
134.5,76.75,
135.25,76.75,
136.0,76.75,
136.75,76.75,
137.5,76.75,
138.25,76.75,
139.0,76.75,
139.75,76.75,
140.5,76.75,
141.25,76.75,
142.0,76.75,
142.75,76.75,
143.5,76.75,
144.25,76.75,
145.0,76.75,
145.75,76.75,
146.5,76.75,
147.25,76.75,
148.0,76.75,
148.75,76.75,
149.5,76.75,
150.25,76.75,
151.0,76.75,
151.75,76.75,
152.5,76.75,
153.25,76.75,
154.0,76.75,
154.75,76.75,
155.5,76.75,
156.25,76.75,
157.0,76.75,
157.75,76.75,
158.5,76.75,
159.25,76.75,
160.0,76.75,
160.75,76.75,
161.5,76.75,
162.25,76.75,
163.0,76.75,
163.75,76.75,
164.5,76.75,
165.25,76.75,-93.37317073170732
166.0,76.75,-93.34194528875379
166.75,76.75,-93.30451127819549
167.5,76.75,-93.25633773540737
168.25,76.75,-93.23019688771687
169.0,76.75,-93.55875266539225
169.75,76.75,-93.59636549407587
170.5,76.75,-93.61813816842943
171.25,76.75,-93.54231254097924
172.0,76.75,-93.27241284544218
172.75,76.75,-93.0467798502114
173.5,76.75,-93.10579386330545
174.25,76.75,-93.52230585935445
175.0,76.75,-93.85291057485125
175.75,76.75,-94.11727684225194
176.5,76.75,-94.34165129377803
177.25,76.75,-94.47271376467033
178.0,76.75,-95.33336232371107
178.75,76.75,-96.19088883083667
179.5,76.75,-97.4507967036466
180.25,76.75,-99.09574468085107
181.0,76.75,-99.42929292929293
181.75,76.75,
182.5,76.75,
183.25,76.75,
184.0,76.75,
184.75,76.75,
185.5,76.75,
186.25,76.75,
187.0,76.75,
187.75,76.75,
188.5,76.75,
189.25,76.75,
190.0,76.75,
190.75,76.75,
191.5,76.75,
192.25,76.75,
193.0,76.75,
193.75,76.75,
194.5,76.75,
195.25,76.75,
196.0,76.75,
196.75,76.75,
197.5,76.75,
198.25,76.75,
199.0,76.75,
199.75,76.75,
200.5,76.75,
201.25,76.75,
202.0,76.75,
202.75,76.75,
203.5,76.75,
204.25,76.75,
205.0,76.75,
205.75,76.75,
206.5,76.75,
207.25,76.75,
208.0,76.75,
208.75,76.75,
209.5,76.75,
210.25,76.75,
211.0,76.75,
211.75,76.75,
212.5,76.75,
213.25,76.75,
214.0,76.75,
214.75,76.75,
215.5,76.75,
216.25,76.75,
217.0,76.75,
217.75,76.75,
218.5,76.75,
219.25,76.75,
31.0,77.5,-92.75097004273351
31.75,77.5,-94.02506088652372
32.5,77.5,-96.67923417460764
33.25,77.5,-97.36748962940595
34.0,77.5,-94.49592767970745
34.75,77.5,-94.26785035961174
35.5,77.5,-93.55450881578169
36.25,77.5,-90.76732217431109
37.0,77.5,-88.50075586157665
37.75,77.5,-87.83041273508569
38.5,77.5,-88.4074236821855
39.25,77.5,-88.46797054683024
40.0,77.5,-88.2580468178493
40.75,77.5,-88.51223900870944
41.5,77.5,-84.84905660377359
42.25,77.5,-84.96754563894523
43.0,77.5,
43.75,77.5,
44.5,77.5,
45.25,77.5,
46.0,77.5,
46.75,77.5,
47.5,77.5,
48.25,77.5,
49.0,77.5,
49.75,77.5,
50.5,77.5,
51.25,77.5,
52.0,77.5,
52.75,77.5,
53.5,77.5,
54.25,77.5,
55.0,77.5,
55.75,77.5,-82.61907369132673
56.5,77.5,-82.64061894051035
57.25,77.5,-82.13694947289163
58.0,77.5,-81.90067888804535
58.75,77.5,-81.09211867783306
59.5,77.5,-80.01193141323942
60.25,77.5,-78.49114966765245
61.0,77.5,-77.33926808646947
61.75,77.5,-78.19660607325974
62.5,77.5,-79.00375465484875
63.25,77.5,-79.32249462236823
64.0,77.5,-79.44301235307485
64.75,77.5,-80.13027095652494
65.5,77.5,-79.84242658085559
66.25,77.5,-80.0609042623631
67.0,77.5,-81.616
67.75,77.5,
68.5,77.5,
69.25,77.5,
70.0,77.5,
70.75,77.5,
71.5,77.5,
72.25,77.5,
73.0,77.5,
73.75,77.5,
74.5,77.5,
75.25,77.5,
76.0,77.5,
76.75,77.5,
77.5,77.5,
78.25,77.5,
79.0,77.5,
79.75,77.5,-88.40307692307694
80.5,77.5,-89.7089552238806
81.25,77.5,-89.69893581324001
82.0,77.5,-89.75698324022348
82.75,77.5,-89.86888798394371
83.5,77.5,-89.61371237458194
84.25,77.5,-88.34977238239757
85.0,77.5,-87.19446391030132
85.75,77.5,-87.10469425571341
86.5,77.5,-87.61560693641619
87.25,77.5,-88.21347505258672
88.0,77.5,-88.70436449424949
88.75,77.5,-89.06604216000862
89.5,77.5,-89.11363636363636
90.25,77.5,
91.0,77.5,
91.75,77.5,
92.5,77.5,
93.25,77.5,
94.0,77.5,
94.75,77.5,
95.5,77.5,
96.25,77.5,
97.0,77.5,
97.75,77.5,
98.5,77.5,
99.25,77.5,
100.0,77.5,
100.75,77.5,
101.5,77.5,
102.25,77.5,
103.0,77.5,
103.75,77.5,
104.5,77.5,
105.25,77.5,
106.0,77.5,
106.75,77.5,
107.5,77.5,
108.25,77.5,
109.0,77.5,
109.75,77.5,
110.5,77.5,
111.25,77.5,
112.0,77.5,
112.75,77.5,
113.5,77.5,
114.25,77.5,
115.0,77.5,
115.75,77.5,
116.5,77.5,
117.25,77.5,
118.0,77.5,
118.75,77.5,
119.5,77.5,
120.25,77.5,
121.0,77.5,
121.75,77.5,
122.5,77.5,
123.25,77.5,
124.0,77.5,
124.75,77.5,
125.5,77.5,
126.25,77.5,
127.0,77.5,
127.75,77.5,
128.5,77.5,
129.25,77.5,
130.0,77.5,
130.75,77.5,
131.5,77.5,
132.25,77.5,
133.0,77.5,
133.75,77.5,
134.5,77.5,
135.25,77.5,
136.0,77.5,
136.75,77.5,
137.5,77.5,
138.25,77.5,
139.0,77.5,
139.75,77.5,
140.5,77.5,
141.25,77.5,
142.0,77.5,
142.75,77.5,
143.5,77.5,
144.25,77.5,
145.0,77.5,
145.75,77.5,
146.5,77.5,
147.25,77.5,
148.0,77.5,
148.75,77.5,
149.5,77.5,
150.25,77.5,
151.0,77.5,
151.75,77.5,
152.5,77.5,
153.25,77.5,
154.0,77.5,
154.75,77.5,
155.5,77.5,
156.25,77.5,
157.0,77.5,
157.75,77.5,
158.5,77.5,
159.25,77.5,
160.0,77.5,
160.75,77.5,
161.5,77.5,
162.25,77.5,
163.0,77.5,
163.75,77.5,
164.5,77.5,-93.4090909090909
165.25,77.5,-93.29386738545841
166.0,77.5,-93.28019925280199
166.75,77.5,-93.25389375343961
167.5,77.5,-93.21766049441207
168.25,77.5,-93.26933739321896
169.0,77.5,-93.25434936715148
169.75,77.5,-93.44399583969735
170.5,77.5,-93.53341519967445
171.25,77.5,-93.51861565706024
172.0,77.5,-93.36088089233537
172.75,77.5,-93.1311160942944
173.5,77.5,-93.18494285241016
174.25,77.5,-93.52474061956656
175.0,77.5,-93.79336448396259
175.75,77.5,-94.02167461472499
176.5,77.5,-94.21527084523527
177.25,77.5,-94.18708515390551
178.0,77.5,-95.18145143865355
178.75,77.5,-95.67676964476024
179.5,77.5,-98.76666666666667
180.25,77.5,-99.07142857142858
181.0,77.5,
181.75,77.5,
182.5,77.5,
183.25,77.5,
184.0,77.5,
184.75,77.5,
185.5,77.5,
186.25,77.5,
187.0,77.5,
187.75,77.5,
188.5,77.5,
189.25,77.5,
190.0,77.5,
190.75,77.5,
191.5,77.5,
192.25,77.5,
193.0,77.5,
193.75,77.5,
194.5,77.5,
195.25,77.5,
196.0,77.5,
196.75,77.5,
197.5,77.5,
198.25,77.5,
199.0,77.5,
199.75,77.5,
200.5,77.5,
201.25,77.5,
202.0,77.5,
202.75,77.5,
203.5,77.5,
204.25,77.5,
205.0,77.5,
205.75,77.5,
206.5,77.5,
207.25,77.5,
208.0,77.5,
208.75,77.5,
209.5,77.5,
210.25,77.5,
211.0,77.5,
211.75,77.5,
212.5,77.5,
213.25,77.5,
214.0,77.5,
214.75,77.5,
215.5,77.5,
216.25,77.5,
217.0,77.5,
217.75,77.5,
218.5,77.5,
219.25,77.5,
31.0,78.25,-91.41347086757989
31.75,78.25,-90.57913667547496
32.5,78.25,-89.28401137139628
33.25,78.25,-88.94456469747603
34.0,78.25,-90.7800125434323
34.75,78.25,-91.87574554844136
35.5,78.25,-90.92121602847637
36.25,78.25,-87.76558626299732
37.0,78.25,-85.68650408824378
37.75,78.25,-85.96200780475364
38.5,78.25,-87.21333829531261
39.25,78.25,-88.13621893471924
40.0,78.25,-88.70507331628858
40.75,78.25,-88.41229084747071
41.5,78.25,-87.4342364370899
42.25,78.25,-87.58961055805959
43.0,78.25,
43.75,78.25,
44.5,78.25,
45.25,78.25,
46.0,78.25,
46.75,78.25,
47.5,78.25,
48.25,78.25,
49.0,78.25,
49.75,78.25,
50.5,78.25,
51.25,78.25,
52.0,78.25,
52.75,78.25,
53.5,78.25,
54.25,78.25,
55.0,78.25,
55.75,78.25,-82.86219738575181
56.5,78.25,-82.15771733644223
57.25,78.25,-81.95678760625312
58.0,78.25,-81.28863741457334
58.75,78.25,-80.65948557117729
59.5,78.25,-80.22280002969616
60.25,78.25,-80.08510451733589
61.0,78.25,-80.36162304462137
61.75,78.25,-80.05941856575315
62.5,78.25,-79.9035258300688
63.25,78.25,-79.83397988204688
64.0,78.25,-80.07346646429775
64.75,78.25,-80.37205206022122
65.5,78.25,-80.67489077436673
66.25,78.25,-81.13097313077799
67.0,78.25,-81.76059850374065
67.75,78.25,-82.0
68.5,78.25,
69.25,78.25,
70.0,78.25,
70.75,78.25,
71.5,78.25,
72.25,78.25,
73.0,78.25,
73.75,78.25,
74.5,78.25,
75.25,78.25,
76.0,78.25,
76.75,78.25,
77.5,78.25,
78.25,78.25,
79.0,78.25,
79.75,78.25,-89.80696216620512
80.5,78.25,-89.74254894371217
81.25,78.25,-89.66848019114657
82.0,78.25,-89.57672971239359
82.75,78.25,-89.36745304982152
83.5,78.25,-88.54248239572856
84.25,78.25,-86.5965092402464
85.0,78.25,-85.30709376728018
85.75,78.25,-85.95799231668616
86.5,78.25,-87.22398321310462
87.25,78.25,-88.20804965959152
88.0,78.25,-88.84008570315542
88.75,78.25,-89.23568921458472
89.5,78.25,-89.35025706940874
90.25,78.25,-89.55830039525692
91.0,78.25,
91.75,78.25,
92.5,78.25,
93.25,78.25,
94.0,78.25,
94.75,78.25,
95.5,78.25,
96.25,78.25,
97.0,78.25,
97.75,78.25,
98.5,78.25,
99.25,78.25,
100.0,78.25,
100.75,78.25,
101.5,78.25,
102.25,78.25,
103.0,78.25,
103.75,78.25,
104.5,78.25,
105.25,78.25,
106.0,78.25,
106.75,78.25,
107.5,78.25,
108.25,78.25,
109.0,78.25,
109.75,78.25,
110.5,78.25,
111.25,78.25,
112.0,78.25,
112.75,78.25,
113.5,78.25,
114.25,78.25,
115.0,78.25,
115.75,78.25,
116.5,78.25,
117.25,78.25,
118.0,78.25,
118.75,78.25,
119.5,78.25,
120.25,78.25,
121.0,78.25,
121.75,78.25,
122.5,78.25,
123.25,78.25,
124.0,78.25,
124.75,78.25,
125.5,78.25,
126.25,78.25,
127.0,78.25,
127.75,78.25,
128.5,78.25,
129.25,78.25,
130.0,78.25,
130.75,78.25,
131.5,78.25,
132.25,78.25,
133.0,78.25,
133.75,78.25,
134.5,78.25,
135.25,78.25,
136.0,78.25,
136.75,78.25,
137.5,78.25,
138.25,78.25,
139.0,78.25,
139.75,78.25,
140.5,78.25,
141.25,78.25,
142.0,78.25,
142.75,78.25,
143.5,78.25,
144.25,78.25,
145.0,78.25,
145.75,78.25,
146.5,78.25,
147.25,78.25,
148.0,78.25,
148.75,78.25,
149.5,78.25,
150.25,78.25,
151.0,78.25,
151.75,78.25,
152.5,78.25,
153.25,78.25,
154.0,78.25,
154.75,78.25,
155.5,78.25,
156.25,78.25,
157.0,78.25,
157.75,78.25,
158.5,78.25,
159.25,78.25,
160.0,78.25,
160.75,78.25,
161.5,78.25,
162.25,78.25,
163.0,78.25,
163.75,78.25,-93.30218179053796
164.5,78.25,-93.30288077373072
165.25,78.25,-93.3009750159993
166.0,78.25,-93.29112556843704
166.75,78.25,-93.26298795647541
167.5,78.25,-93.20902332751531
168.25,78.25,-93.18021648724375
169.0,78.25,-93.11734798613611
169.75,78.25,-93.21872133229586
170.5,78.25,-93.49006516078683
171.25,78.25,-93.5746899930357
172.0,78.25,-93.53377069491358
172.75,78.25,-93.4873706511407
173.5,78.25,-93.49998969468125
174.25,78.25,-93.53668087606036
175.0,78.25,-93.83099316702454
175.75,78.25,-94.00402541457463
176.5,78.25,-93.98743172180238
177.25,78.25,-94.11325974055761
178.0,78.25,-95.4492510819432
178.75,78.25,-96.09031909666126
179.5,78.25,-98.79139072847683
180.25,78.25,
181.0,78.25,
181.75,78.25,
182.5,78.25,
183.25,78.25,
184.0,78.25,
184.75,78.25,
185.5,78.25,
186.25,78.25,
187.0,78.25,
187.75,78.25,
188.5,78.25,
189.25,78.25,
190.0,78.25,
190.75,78.25,
191.5,78.25,
192.25,78.25,
193.0,78.25,
193.75,78.25,
194.5,78.25,
195.25,78.25,
196.0,78.25,
196.75,78.25,
197.5,78.25,
198.25,78.25,
199.0,78.25,
199.75,78.25,
200.5,78.25,
201.25,78.25,
202.0,78.25,
202.75,78.25,
203.5,78.25,
204.25,78.25,
205.0,78.25,
205.75,78.25,
206.5,78.25,
207.25,78.25,
208.0,78.25,
208.75,78.25,
209.5,78.25,
210.25,78.25,
211.0,78.25,
211.75,78.25,
212.5,78.25,
213.25,78.25,
214.0,78.25,
214.75,78.25,
215.5,78.25,
216.25,78.25,
217.0,78.25,
217.75,78.25,
218.5,78.25,
219.25,78.25,
31.0,79.0,-90.46153846153847
31.75,79.0,-88.6674593791527
32.5,79.0,-85.25904193636623
33.25,79.0,-84.41664637417587
34.0,79.0,-88.08124076809455
34.75,79.0,-89.79858548650174
35.5,79.0,-89.0134178253584
36.25,79.0,-85.913772933235
37.0,79.0,-84.00000000000306
37.75,79.0,-85.18187279810874
38.5,79.0,-86.99539490594866
39.25,79.0,-88.17428620538709
40.0,79.0,-88.78973359671133
40.75,79.0,-88.32916099428506
41.5,79.0,-87.67314748890959
42.25,79.0,-87.74690961090695
43.0,79.0,-89.07692307692308
43.75,79.0,
44.5,79.0,
45.25,79.0,
46.0,79.0,
46.75,79.0,
47.5,79.0,
48.25,79.0,
49.0,79.0,
49.75,79.0,
50.5,79.0,
51.25,79.0,
52.0,79.0,
52.75,79.0,
53.5,79.0,
54.25,79.0,
55.0,79.0,
55.75,79.0,-82.49528615217164
56.5,79.0,-82.29978058145912
57.25,79.0,-81.61248219790663
58.0,79.0,-80.95994872469954
58.75,79.0,-80.95810838427813
59.5,79.0,-80.80255500334718
60.25,79.0,-81.06658772735942
61.0,79.0,-81.4999999999987
61.75,79.0,-80.92242890087951
62.5,79.0,-80.18584769700335
63.25,79.0,-80.02803732503033
64.0,79.0,-80.22814550011056
64.75,79.0,-80.59828094911414
65.5,79.0,-81.11507722206662
66.25,79.0,-81.4534352346941
67.0,79.0,-82.71428571428571
67.75,79.0,-82.23940149625935
68.5,79.0,-82.384
69.25,79.0,-80.15692007797271
70.0,79.0,
70.75,79.0,
71.5,79.0,
72.25,79.0,
73.0,79.0,
73.75,79.0,
74.5,79.0,
75.25,79.0,
76.0,79.0,
76.75,79.0,
77.5,79.0,
78.25,79.0,
79.0,79.0,
79.75,79.0,-89.91402951325028
80.5,79.0,-89.84985153414716
81.25,79.0,-89.75078996320273
82.0,79.0,-89.5704845814978
82.75,79.0,-89.1553811235105
83.5,79.0,-88.06288916562887
84.25,79.0,-85.7541797611565
85.0,79.0,-84.00000000000388
85.75,79.0,-85.5640677323561
86.5,79.0,-87.55749486652977
87.25,79.0,-88.67513630453547
88.0,79.0,-89.25099337748344
88.75,79.0,-89.47178988326849
89.5,79.0,-89.68820224719101
90.25,79.0,-89.8271670190275
91.0,79.0,
91.75,79.0,
92.5,79.0,
93.25,79.0,
94.0,79.0,
94.75,79.0,
95.5,79.0,
96.25,79.0,
97.0,79.0,
97.75,79.0,
98.5,79.0,
99.25,79.0,
100.0,79.0,
100.75,79.0,
101.5,79.0,
102.25,79.0,
103.0,79.0,
103.75,79.0,
104.5,79.0,
105.25,79.0,
106.0,79.0,
106.75,79.0,
107.5,79.0,
108.25,79.0,
109.0,79.0,
109.75,79.0,
110.5,79.0,
111.25,79.0,
112.0,79.0,
112.75,79.0,
113.5,79.0,
114.25,79.0,
115.0,79.0,
115.75,79.0,
116.5,79.0,
117.25,79.0,
118.0,79.0,
118.75,79.0,
119.5,79.0,
120.25,79.0,
121.0,79.0,
121.75,79.0,
122.5,79.0,
123.25,79.0,
124.0,79.0,
124.75,79.0,
125.5,79.0,
126.25,79.0,
127.0,79.0,
127.75,79.0,
128.5,79.0,
129.25,79.0,
130.0,79.0,
130.75,79.0,
131.5,79.0,
132.25,79.0,
133.0,79.0,
133.75,79.0,
134.5,79.0,
135.25,79.0,
136.0,79.0,
136.75,79.0,
137.5,79.0,
138.25,79.0,
139.0,79.0,
139.75,79.0,
140.5,79.0,
141.25,79.0,
142.0,79.0,
142.75,79.0,
143.5,79.0,
144.25,79.0,
145.0,79.0,
145.75,79.0,
146.5,79.0,
147.25,79.0,
148.0,79.0,
148.75,79.0,
149.5,79.0,
150.25,79.0,
151.0,79.0,
151.75,79.0,
152.5,79.0,
153.25,79.0,
154.0,79.0,
154.75,79.0,
155.5,79.0,
156.25,79.0,
157.0,79.0,
157.75,79.0,
158.5,79.0,
159.25,79.0,
160.0,79.0,
160.75,79.0,
161.5,79.0,
162.25,79.0,
163.0,79.0,
163.75,79.0,-93.29999759905883
164.5,79.0,-93.30419005021308
165.25,79.0,-93.3094073356027
166.0,79.0,-93.31160896130345
166.75,79.0,-93.29812250275681
167.5,79.0,-93.31015613444929
168.25,79.0,-93.14567807224259
169.0,79.0,-93.00000000000038
169.75,79.0,-93.17779901179463
170.5,79.0,-93.43732404143559
171.25,79.0,-93.58798881460453
172.0,79.0,-93.6151776103337
172.75,79.0,-93.51433799117785
173.5,79.0,-93.55069299910052
174.25,79.0,-93.66625180027916
175.0,79.0,-93.75
175.75,79.0,-93.78337236533957
176.5,79.0,-93.80061349693251
177.25,79.0,-93.81041890440386
178.0,79.0,-93.81645569620254
178.75,79.0,-96.701582867784
179.5,79.0,
180.25,79.0,
181.0,79.0,
181.75,79.0,
182.5,79.0,
183.25,79.0,
184.0,79.0,
184.75,79.0,
185.5,79.0,
186.25,79.0,
187.0,79.0,
187.75,79.0,
188.5,79.0,
189.25,79.0,
190.0,79.0,
190.75,79.0,
191.5,79.0,
192.25,79.0,
193.0,79.0,
193.75,79.0,
194.5,79.0,
195.25,79.0,
196.0,79.0,
196.75,79.0,
197.5,79.0,
198.25,79.0,
199.0,79.0,
199.75,79.0,
200.5,79.0,
201.25,79.0,
202.0,79.0,
202.75,79.0,
203.5,79.0,
204.25,79.0,
205.0,79.0,
205.75,79.0,
206.5,79.0,
207.25,79.0,
208.0,79.0,
208.75,79.0,
209.5,79.0,
210.25,79.0,
211.0,79.0,
211.75,79.0,
212.5,79.0,
213.25,79.0,
214.0,79.0,
214.75,79.0,
215.5,79.0,
216.25,79.0,
217.0,79.0,
217.75,79.0,
218.5,79.0,
219.25,79.0,
31.0,79.75,-90.10380890202329
31.75,79.75,-88.62406780838897
32.5,79.75,-86.59021223809762
33.25,79.75,-86.40112404201048
34.0,79.75,-88.34077413121051
34.75,79.75,-89.28884820337808
35.5,79.75,-88.55703361475126
36.25,79.75,-87.01703334657967
37.0,79.75,-85.91136459954198
37.75,79.75,-86.84906990975789
38.5,79.75,-87.75959369330099
39.25,79.75,-88.70289045962755
40.0,79.75,-88.20143218925192
40.75,79.75,-87.83339648923777
41.5,79.75,-87.71751845019821
42.25,79.75,-87.36830171979322
43.0,79.75,-87.9528534829533
43.75,79.75,-87.8715461971556
44.5,79.75,
45.25,79.75,
46.0,79.75,
46.75,79.75,
47.5,79.75,
48.25,79.75,
49.0,79.75,
49.75,79.75,
50.5,79.75,
51.25,79.75,
52.0,79.75,
52.75,79.75,
53.5,79.75,
54.25,79.75,
55.0,79.75,
55.75,79.75,-82.23207814915237
56.5,79.75,-82.03217663063316
57.25,79.75,-81.17606374313543
58.0,79.75,-81.16698441288305
58.75,79.75,-80.99177379531736
59.5,79.75,-80.91736670143516
60.25,79.75,-81.02262272479545
61.0,79.75,-81.0673770876741
61.75,79.75,-80.62280696253585
62.5,79.75,-79.89375499055605
63.25,79.75,-79.67616336685093
64.0,79.75,-80.01490173885215
64.75,79.75,-80.72147478795938
65.5,79.75,-81.22175402170912
66.25,79.75,-82.57230743376725
67.0,79.75,-82.99634829669047
67.75,79.75,-83.17160732330532
68.5,79.75,-78.65315156675126
69.25,79.75,-77.59462676451913
70.0,79.75,-74.03003935158499
70.75,79.75,-70.66473988439306
71.5,79.75,-71.21538461538461
72.25,79.75,-71.6832298136646
73.0,79.75,-71.99109792284865
73.75,79.75,-72.11351351351352
74.5,79.75,
75.25,79.75,
76.0,79.75,
76.75,79.75,
77.5,79.75,
78.25,79.75,
79.0,79.75,
79.75,79.75,-90.07870156098794
80.5,79.75,-90.05836726742814
81.25,79.75,-90.02535871572667
82.0,79.75,-89.96181989681439
82.75,79.75,-89.81400215233766
83.5,79.75,-89.42560175054706
84.25,79.75,-88.50017617021278
85.0,79.75,-87.44672014286999
85.75,79.75,-88.46555743286162
86.5,79.75,-89.44274880929892
87.25,79.75,-89.8778657050166
88.0,79.75,-90.08659283600338
88.75,79.75,-90.2326659000203
89.5,79.75,-90.3181454679613
90.25,79.75,-90.14082969432313
91.0,79.75,
91.75,79.75,
92.5,79.75,
93.25,79.75,
94.0,79.75,
94.75,79.75,
95.5,79.75,
96.25,79.75,
97.0,79.75,
97.75,79.75,
98.5,79.75,
99.25,79.75,
100.0,79.75,
100.75,79.75,
101.5,79.75,
102.25,79.75,
103.0,79.75,
103.75,79.75,
104.5,79.75,
105.25,79.75,
106.0,79.75,
106.75,79.75,
107.5,79.75,
108.25,79.75,
109.0,79.75,
109.75,79.75,
110.5,79.75,
111.25,79.75,
112.0,79.75,
112.75,79.75,
113.5,79.75,
114.25,79.75,
115.0,79.75,
115.75,79.75,
116.5,79.75,
117.25,79.75,
118.0,79.75,
118.75,79.75,
119.5,79.75,
120.25,79.75,
121.0,79.75,
121.75,79.75,
122.5,79.75,
123.25,79.75,
124.0,79.75,
124.75,79.75,
125.5,79.75,
126.25,79.75,
127.0,79.75,
127.75,79.75,
128.5,79.75,
129.25,79.75,
130.0,79.75,
130.75,79.75,
131.5,79.75,
132.25,79.75,
133.0,79.75,
133.75,79.75,
134.5,79.75,
135.25,79.75,
136.0,79.75,
136.75,79.75,
137.5,79.75,
138.25,79.75,
139.0,79.75,
139.75,79.75,
140.5,79.75,
141.25,79.75,
142.0,79.75,
142.75,79.75,
143.5,79.75,
144.25,79.75,
145.0,79.75,
145.75,79.75,
146.5,79.75,
147.25,79.75,
148.0,79.75,
148.75,79.75,
149.5,79.75,
150.25,79.75,
151.0,79.75,
151.75,79.75,
152.5,79.75,
153.25,79.75,
154.0,79.75,
154.75,79.75,
155.5,79.75,
156.25,79.75,
157.0,79.75,
157.75,79.75,
158.5,79.75,
159.25,79.75,
160.0,79.75,
160.75,79.75,
161.5,79.75,
162.25,79.75,-93.48534798534799
163.0,79.75,-93.45698924731182
163.75,79.75,-93.45307771131712
164.5,79.75,-93.44123584865024
165.25,79.75,-93.42431167246315
166.0,79.75,-93.41373892142667
166.75,79.75,-93.41020887970251
167.5,79.75,-93.4435659405577
168.25,79.75,-93.37942750190707
169.0,79.75,-93.29629897744923
169.75,79.75,-93.41437535874154
170.5,79.75,-93.58648543707424
171.25,79.75,-93.75938900356378
172.0,79.75,-93.86958752852803
172.75,79.75,-93.84503702471085
173.5,79.75,-93.88040804360627
174.25,79.75,-93.93769638883484
175.0,79.75,-93.96642169632818
175.75,79.75,-93.93953737816535
176.5,79.75,-93.91489461981625
177.25,79.75,-93.89618917130151
178.0,79.75,-93.88255150499968
178.75,79.75,-94.23901098901099
179.5,79.75,
180.25,79.75,
181.0,79.75,
181.75,79.75,
182.5,79.75,
183.25,79.75,
184.0,79.75,
184.75,79.75,
185.5,79.75,
186.25,79.75,
187.0,79.75,
187.75,79.75,
188.5,79.75,
189.25,79.75,
190.0,79.75,
190.75,79.75,
191.5,79.75,
192.25,79.75,
193.0,79.75,
193.75,79.75,
194.5,79.75,
195.25,79.75,
196.0,79.75,
196.75,79.75,
197.5,79.75,
198.25,79.75,
199.0,79.75,
199.75,79.75,
200.5,79.75,
201.25,79.75,
202.0,79.75,
202.75,79.75,
203.5,79.75,
204.25,79.75,
205.0,79.75,
205.75,79.75,
206.5,79.75,
207.25,79.75,
208.0,79.75,
208.75,79.75,
209.5,79.75,
210.25,79.75,
211.0,79.75,
211.75,79.75,
212.5,79.75,
213.25,79.75,
214.0,79.75,
214.75,79.75,
215.5,79.75,
216.25,79.75,
217.0,79.75,
217.75,79.75,
218.5,79.75,
219.25,79.75,
31.0,80.5,-90.41224532475174
31.75,80.5,-89.20480834802053
32.5,80.5,-88.63328631875883
33.25,80.5,-88.79324544684867
34.0,80.5,-89.36452936419994
34.75,80.5,-89.16654632866762
35.5,80.5,-89.23625848103535
36.25,80.5,-89.00414510954327
37.0,80.5,-89.13942206172355
37.75,80.5,-88.91296919138128
38.5,80.5,-89.53010815775491
39.25,80.5,-88.82112607545758
40.0,80.5,-88.37110973341602
40.75,80.5,-88.01949514968956
41.5,80.5,-87.71661223526246
42.25,80.5,-87.53549735478289
43.0,80.5,-87.7323943661972
43.75,80.5,-87.68951158321637
44.5,80.5,-85.63725490196079
45.25,80.5,
46.0,80.5,
46.75,80.5,
47.5,80.5,
48.25,80.5,
49.0,80.5,
49.75,80.5,
50.5,80.5,
51.25,80.5,
52.0,80.5,
52.75,80.5,
53.5,80.5,
54.25,80.5,
55.0,80.5,
55.75,80.5,
56.5,80.5,-79.45454545454544
57.25,80.5,-80.96682914200676
58.0,80.5,-81.34175447999239
58.75,80.5,-81.04009256013649
59.5,80.5,-80.95239401271027
60.25,80.5,-80.66206141236901
61.0,80.5,-80.57572008134031
61.75,80.5,-80.01317506181948
62.5,80.5,-78.91011694868976
63.25,80.5,-78.62291510968869
64.0,80.5,-79.79719278143797
64.75,80.5,-81.07202976890167
65.5,80.5,-82.51253888641992
66.25,80.5,-82.94134866500323
67.0,80.5,-83.29471663522754
67.75,80.5,-80.93842478124164
68.5,80.5,-78.70969722442081
69.25,80.5,-77.38343718083091
70.0,80.5,-76.104741269963
70.75,80.5,-73.55466268986598
71.5,80.5,-71.48275862068967
72.25,80.5,-72.14410480349345
73.0,80.5,-72.54098360655739
73.75,80.5,-72.63898916967509
74.5,80.5,-72.51219512195122
75.25,80.5,
76.0,80.5,
76.75,80.5,
77.5,80.5,
78.25,80.5,-82.39071038251367
79.0,80.5,
79.75,80.5,-90.28632276168696
80.5,80.5,-90.34225184006365
81.25,80.5,-90.43940017462003
82.0,80.5,-90.62161038096822
82.75,80.5,-90.9921490178733
83.5,80.5,-91.77005597014926
84.25,80.5,-93.48303430473185
85.0,80.5,-95.14040894152663
85.75,80.5,-93.51382383500992
86.5,80.5,-91.8480078319244
87.25,80.5,-91.11060559158005
88.0,80.5,-90.88679791546032
88.75,80.5,-90.74240225283356
89.5,80.5,-90.6730438856786
90.25,80.5,-90.63661442297742
91.0,80.5,
91.75,80.5,
92.5,80.5,
93.25,80.5,
94.0,80.5,
94.75,80.5,
95.5,80.5,
96.25,80.5,
97.0,80.5,
97.75,80.5,
98.5,80.5,
99.25,80.5,
100.0,80.5,
100.75,80.5,
101.5,80.5,
102.25,80.5,
103.0,80.5,
103.75,80.5,
104.5,80.5,
105.25,80.5,
106.0,80.5,
106.75,80.5,
107.5,80.5,
108.25,80.5,
109.0,80.5,
109.75,80.5,
110.5,80.5,
111.25,80.5,
112.0,80.5,
112.75,80.5,
113.5,80.5,
114.25,80.5,
115.0,80.5,
115.75,80.5,
116.5,80.5,
117.25,80.5,
118.0,80.5,
118.75,80.5,
119.5,80.5,
120.25,80.5,
121.0,80.5,
121.75,80.5,
122.5,80.5,
123.25,80.5,
124.0,80.5,
124.75,80.5,
125.5,80.5,
126.25,80.5,
127.0,80.5,
127.75,80.5,
128.5,80.5,
129.25,80.5,
130.0,80.5,
130.75,80.5,
131.5,80.5,
132.25,80.5,
133.0,80.5,
133.75,80.5,
134.5,80.5,
135.25,80.5,
136.0,80.5,
136.75,80.5,
137.5,80.5,
138.25,80.5,
139.0,80.5,
139.75,80.5,
140.5,80.5,
141.25,80.5,
142.0,80.5,
142.75,80.5,
143.5,80.5,
144.25,80.5,
145.0,80.5,
145.75,80.5,
146.5,80.5,
147.25,80.5,
148.0,80.5,
148.75,80.5,
149.5,80.5,
150.25,80.5,
151.0,80.5,
151.75,80.5,
152.5,80.5,
153.25,80.5,
154.0,80.5,
154.75,80.5,
155.5,80.5,
156.25,80.5,
157.0,80.5,
157.75,80.5,
158.5,80.5,
159.25,80.5,
160.0,80.5,
160.75,80.5,
161.5,80.5,
162.25,80.5,-93.50883002207505
163.0,80.5,-93.4784946236559
163.75,80.5,-93.47292948438539
164.5,80.5,-93.44824952359953
165.25,80.5,-93.42502509744564
166.0,80.5,-93.4164972457266
166.75,80.5,-93.44436667135673
167.5,80.5,-93.58936408584545
168.25,80.5,-93.73822500151172
169.0,80.5,-93.88754669996409
169.75,80.5,-93.77666446862251
170.5,80.5,-93.7651206067774
171.25,80.5,-93.96156438141995
172.0,80.5,-94.31851414835782
172.75,80.5,-94.73898415681782
173.5,80.5,-94.65115005476453
174.25,80.5,-94.32914567103863
175.0,80.5,-94.20522979397782
175.75,80.5,-94.09476788449719
176.5,80.5,-94.02477009789379
177.25,80.5,-93.97809244091098
178.0,80.5,-94.27857142857142
178.75,80.5,-94.27185792349728
179.5,80.5,
180.25,80.5,
181.0,80.5,
181.75,80.5,
182.5,80.5,
183.25,80.5,
184.0,80.5,
184.75,80.5,
185.5,80.5,
186.25,80.5,
187.0,80.5,
187.75,80.5,
188.5,80.5,
189.25,80.5,
190.0,80.5,
190.75,80.5,
191.5,80.5,
192.25,80.5,
193.0,80.5,
193.75,80.5,
194.5,80.5,
195.25,80.5,
196.0,80.5,
196.75,80.5,
197.5,80.5,
198.25,80.5,
199.0,80.5,
199.75,80.5,
200.5,80.5,
201.25,80.5,
202.0,80.5,
202.75,80.5,
203.5,80.5,
204.25,80.5,
205.0,80.5,
205.75,80.5,
206.5,80.5,
207.25,80.5,
208.0,80.5,
208.75,80.5,
209.5,80.5,
210.25,80.5,
211.0,80.5,
211.75,80.5,
212.5,80.5,
213.25,80.5,
214.0,80.5,
214.75,80.5,
215.5,80.5,
216.25,80.5,
217.0,80.5,
217.75,80.5,
218.5,80.5,
219.25,80.5,
31.0,81.25,-90.98548398070298
31.75,81.25,-90.84568652256435
32.5,81.25,-90.76206228807914
33.25,81.25,-90.27074231080871
34.0,81.25,-90.24698741027808
34.75,81.25,-89.29748889011732
35.5,81.25,-89.67093351659564
36.25,81.25,-90.6011918368005
37.0,81.25,-90.82541236767891
37.75,81.25,-90.98501244038812
38.5,81.25,-90.02459810122471
39.25,81.25,-89.6246275240309
40.0,81.25,-88.83422930817379
40.75,81.25,-87.96742845655257
41.5,81.25,-87.49317179967035
42.25,81.25,-87.33152818580523
43.0,81.25,-86.37167451740349
43.75,81.25,-86.4184763072011
44.5,81.25,-86.19940732425883
45.25,81.25,-85.60328638497653
46.0,81.25,
46.75,81.25,
47.5,81.25,
48.25,81.25,
49.0,81.25,
49.75,81.25,
50.5,81.25,
51.25,81.25,
52.0,81.25,
52.75,81.25,
53.5,81.25,
54.25,81.25,
55.0,81.25,
55.75,81.25,
56.5,81.25,
57.25,81.25,-79.19989727716919
58.0,81.25,-80.41236721489311
58.75,81.25,-80.10793939478808
59.5,81.25,-80.65666082522692
60.25,81.25,-80.70564092745656
61.0,81.25,-80.6237389571754
61.75,81.25,-80.147797826683
62.5,81.25,-78.85564852171073
63.25,81.25,-78.44198189011352
64.0,81.25,-80.38674751256966
64.75,81.25,-81.92271461009065
65.5,81.25,-82.95155902043689
66.25,81.25,-83.11980820955014
67.0,81.25,-83.13012476066226
67.75,81.25,-81.17372074141701
68.5,81.25,-78.78013340221025
69.25,81.25,-77.24762448480585
70.0,81.25,-75.50649841094193
70.75,81.25,-73.15676759151809
71.5,81.25,-73.29867970456237
72.25,81.25,-72.74025974025975
73.0,81.25,-73.2603550295858
73.75,81.25,-73.27722772277228
74.5,81.25,-72.98418972332017
75.25,81.25,-72.5776397515528
76.0,81.25,
76.75,81.25,
77.5,81.25,
78.25,81.25,
79.0,81.25,
79.75,81.25,-90.50484948738242
80.5,81.25,-90.6388250580493
81.25,81.25,-90.8593496457433
82.0,81.25,-91.24222374978518
82.75,81.25,-91.85915420755566
83.5,81.25,-93.06218127459475
84.25,81.25,-94.9712380821228
85.0,81.25,-96.30560869554039
85.75,81.25,-94.96537262065746
86.5,81.25,-93.06287781090053
87.25,81.25,-92.04696907698604
88.0,81.25,-91.60545484362393
88.75,81.25,-91.39564440546295
89.5,81.25,-91.32302329685845
90.25,81.25,-91.31023347627574
91.0,81.25,
91.75,81.25,
92.5,81.25,
93.25,81.25,
94.0,81.25,
94.75,81.25,
95.5,81.25,
96.25,81.25,
97.0,81.25,
97.75,81.25,
98.5,81.25,
99.25,81.25,
100.0,81.25,
100.75,81.25,
101.5,81.25,
102.25,81.25,
103.0,81.25,
103.75,81.25,
104.5,81.25,
105.25,81.25,
106.0,81.25,
106.75,81.25,
107.5,81.25,
108.25,81.25,
109.0,81.25,
109.75,81.25,
110.5,81.25,
111.25,81.25,
112.0,81.25,
112.75,81.25,
113.5,81.25,
114.25,81.25,
115.0,81.25,
115.75,81.25,
116.5,81.25,
117.25,81.25,
118.0,81.25,
118.75,81.25,
119.5,81.25,
120.25,81.25,
121.0,81.25,
121.75,81.25,
122.5,81.25,
123.25,81.25,
124.0,81.25,
124.75,81.25,
125.5,81.25,
126.25,81.25,
127.0,81.25,
127.75,81.25,
128.5,81.25,
129.25,81.25,
130.0,81.25,
130.75,81.25,
131.5,81.25,
132.25,81.25,
133.0,81.25,
133.75,81.25,
134.5,81.25,
135.25,81.25,
136.0,81.25,
136.75,81.25,
137.5,81.25,
138.25,81.25,
139.0,81.25,
139.75,81.25,
140.5,81.25,
141.25,81.25,
142.0,81.25,
142.75,81.25,
143.5,81.25,
144.25,81.25,
145.0,81.25,
145.75,81.25,
146.5,81.25,
147.25,81.25,
148.0,81.25,
148.75,81.25,
149.5,81.25,
150.25,81.25,
151.0,81.25,
151.75,81.25,
152.5,81.25,
153.25,81.25,
154.0,81.25,
154.75,81.25,
155.5,81.25,
156.25,81.25,
157.0,81.25,
157.75,81.25,
158.5,81.25,
159.25,81.25,
160.0,81.25,
160.75,81.25,
161.5,81.25,-93.5587002096436
162.25,81.25,-93.54232804232805
163.0,81.25,-93.51029265043775
163.75,81.25,-93.49214482852959
164.5,81.25,-93.45592122360826
165.25,81.25,-93.41100739636606
166.0,81.25,-93.30618534344578
166.75,81.25,-93.33458788310176
167.5,81.25,-93.56938955354475
168.25,81.25,-93.82182437093115
169.0,81.25,-93.98010887666989
169.75,81.25,-93.88782732847793
170.5,81.25,-93.8601827141128
171.25,81.25,-94.07818483848366
172.0,81.25,-94.50847588566852
172.75,81.25,-94.93092401299872
173.5,81.25,-94.85281060864385
174.25,81.25,-94.51836738999121
175.0,81.25,-94.36248578780443
175.75,81.25,-94.21059917197937
176.5,81.25,-94.11250654751652
177.25,81.25,-94.34090909090908
178.0,81.25,-94.31802721088435
178.75,81.25,
179.5,81.25,
180.25,81.25,
181.0,81.25,
181.75,81.25,
182.5,81.25,
183.25,81.25,
184.0,81.25,
184.75,81.25,
185.5,81.25,
186.25,81.25,
187.0,81.25,
187.75,81.25,
188.5,81.25,
189.25,81.25,
190.0,81.25,
190.75,81.25,
191.5,81.25,
192.25,81.25,
193.0,81.25,
193.75,81.25,
194.5,81.25,
195.25,81.25,
196.0,81.25,
196.75,81.25,
197.5,81.25,
198.25,81.25,
199.0,81.25,
199.75,81.25,
200.5,81.25,
201.25,81.25,
202.0,81.25,
202.75,81.25,
203.5,81.25,
204.25,81.25,
205.0,81.25,
205.75,81.25,
206.5,81.25,
207.25,81.25,
208.0,81.25,
208.75,81.25,
209.5,81.25,
210.25,81.25,
211.0,81.25,
211.75,81.25,
212.5,81.25,
213.25,81.25,
214.0,81.25,
214.75,81.25,
215.5,81.25,
216.25,81.25,
217.0,81.25,
217.75,81.25,
218.5,81.25,
219.25,81.25,
31.0,82.0,-91.28814713896456
31.75,82.0,-91.78994083660555
32.5,82.0,-91.28551797238651
33.25,82.0,-91.8596463389638
34.0,82.0,-92.36393659180976
34.75,82.0,-92.82585713410357
35.5,82.0,-92.7592225786217
36.25,82.0,-92.42572904375557
37.0,82.0,-92.27724665391969
37.75,82.0,-92.12087936976981
38.5,82.0,-91.97164882929104
39.25,82.0,-91.09591284966898
40.0,82.0,-89.1639344262295
40.75,82.0,-87.38968965503108
41.5,82.0,-86.76474610224675
42.25,82.0,-85.99532765501138
43.0,82.0,-85.62749175191995
43.75,82.0,-85.2715750863359
44.5,82.0,-85.94120984726113
45.25,82.0,-84.07184375917528
46.0,82.0,-83.88372093023256
46.75,82.0,
47.5,82.0,
48.25,82.0,
49.0,82.0,
49.75,82.0,
50.5,82.0,
51.25,82.0,
52.0,82.0,
52.75,82.0,
53.5,82.0,
54.25,82.0,
55.0,82.0,
55.75,82.0,
56.5,82.0,
57.25,82.0,-81.5
58.0,82.0,-80.03942181340341
58.75,82.0,-80.14930310863969
59.5,82.0,-80.79342190224487
60.25,82.0,-80.92444934645478
61.0,82.0,-81.09023833225977
61.75,82.0,-81.329773776879
62.5,82.0,-81.46874876956979
63.25,82.0,-81.65146530595399
64.0,82.0,-82.35443037974682
64.75,82.0,-83.81017641564269
65.5,82.0,-84.09219775759728
66.25,82.0,-83.73357826866975
67.0,82.0,-83.51645536964692
67.75,82.0,-81.43750143193458
68.5,82.0,-79.85583876217812
69.25,82.0,-77.90700279470322
70.0,82.0,-76.06290966087205
70.75,82.0,-73.61821540365023
71.5,82.0,-73.02874743326488
72.25,82.0,-73.45360824742268
73.0,82.0,-74.14285714285714
73.75,82.0,-73.96551724137932
74.5,82.0,-73.40816326530611
75.25,82.0,-72.80377358490567
76.0,82.0,-72.27272727272727
76.75,82.0,
77.5,82.0,
78.25,82.0,
79.0,82.0,
79.75,82.0,-93.60477582846003
80.5,82.0,-90.88968603494814
81.25,82.0,-91.17874890785764
82.0,82.0,-91.71773712467687
82.75,82.0,-92.25966951745725
83.5,82.0,-93.123078427337
84.25,82.0,-94.20801204322238
85.0,82.0,-94.77637660724788
85.75,82.0,-94.08551511107407
86.5,82.0,-93.10587423170846
87.25,82.0,-92.31767901525453
88.0,82.0,-91.91784548422198
88.75,82.0,-91.60813289992409
89.5,82.0,-91.52951819084666
90.25,82.0,-93.16402078712967
91.0,82.0,-91.92592592592592
91.75,82.0,-91.98440545808967
92.5,82.0,
93.25,82.0,
94.0,82.0,
94.75,82.0,
95.5,82.0,
96.25,82.0,
97.0,82.0,
97.75,82.0,
98.5,82.0,
99.25,82.0,
100.0,82.0,
100.75,82.0,
101.5,82.0,
102.25,82.0,
103.0,82.0,
103.75,82.0,
104.5,82.0,
105.25,82.0,
106.0,82.0,
106.75,82.0,
107.5,82.0,
108.25,82.0,
109.0,82.0,
109.75,82.0,
110.5,82.0,
111.25,82.0,
112.0,82.0,
112.75,82.0,
113.5,82.0,
114.25,82.0,
115.0,82.0,
115.75,82.0,
116.5,82.0,
117.25,82.0,
118.0,82.0,
118.75,82.0,
119.5,82.0,
120.25,82.0,
121.0,82.0,
121.75,82.0,
122.5,82.0,
123.25,82.0,
124.0,82.0,
124.75,82.0,
125.5,82.0,
126.25,82.0,
127.0,82.0,
127.75,82.0,
128.5,82.0,
129.25,82.0,
130.0,82.0,
130.75,82.0,
131.5,82.0,
132.25,82.0,
133.0,82.0,
133.75,82.0,
134.5,82.0,
135.25,82.0,
136.0,82.0,
136.75,82.0,
137.5,82.0,
138.25,82.0,
139.0,82.0,
139.75,82.0,
140.5,82.0,
141.25,82.0,
142.0,82.0,
142.75,82.0,
143.5,82.0,
144.25,82.0,
145.0,82.0,
145.75,82.0,
146.5,82.0,
147.25,82.0,
148.0,82.0,
148.75,82.0,
149.5,82.0,
150.25,82.0,
151.0,82.0,
151.75,82.0,
152.5,82.0,
153.25,82.0,
154.0,82.0,
154.75,82.0,
155.5,82.0,
156.25,82.0,
157.0,82.0,
157.75,82.0,
158.5,82.0,
159.25,82.0,
160.0,82.0,
160.75,82.0,
161.5,82.0,-93.59523809523809
162.25,82.0,-93.56668002782264
163.0,82.0,-93.55149330587024
163.75,82.0,-93.4303348658705
164.5,82.0,-93.36707127292783
165.25,82.0,-93.31216731419457
166.0,82.0,-93.23661567877629
166.75,82.0,-93.18656083816552
167.5,82.0,-93.27500194135924
168.25,82.0,-93.62230058340279
169.0,82.0,-93.79100278626883
169.75,82.0,-93.82005419810085
170.5,82.0,-93.8854913403257
171.25,82.0,-94.0957291847513
172.0,82.0,-94.38141683778238
172.75,82.0,-94.62849803602268
173.5,82.0,-94.65323691182704
174.25,82.0,-94.54747570653879
175.0,82.0,-94.40800681431006
175.75,82.0,-94.26885984366034
176.5,82.0,-94.42391304347827
177.25,82.0,-94.38008130081302
178.0,82.0,-94.35
178.75,82.0,
179.5,82.0,
180.25,82.0,
181.0,82.0,
181.75,82.0,
182.5,82.0,
183.25,82.0,
184.0,82.0,
184.75,82.0,
185.5,82.0,
186.25,82.0,
187.0,82.0,
187.75,82.0,
188.5,82.0,
189.25,82.0,
190.0,82.0,
190.75,82.0,
191.5,82.0,
192.25,82.0,
193.0,82.0,
193.75,82.0,
194.5,82.0,
195.25,82.0,
196.0,82.0,
196.75,82.0,
197.5,82.0,
198.25,82.0,
199.0,82.0,
199.75,82.0,
200.5,82.0,
201.25,82.0,
202.0,82.0,
202.75,82.0,
203.5,82.0,
204.25,82.0,
205.0,82.0,
205.75,82.0,
206.5,82.0,
207.25,82.0,
208.0,82.0,
208.75,82.0,
209.5,82.0,
210.25,82.0,
211.0,82.0,
211.75,82.0,
212.5,82.0,
213.25,82.0,
214.0,82.0,
214.75,82.0,
215.5,82.0,
216.25,82.0,
217.0,82.0,
217.75,82.0,
218.5,82.0,
219.25,82.0,
31.0,82.75,-90.66683969884096
31.75,82.75,-92.3363825982764
32.5,82.75,-92.28290069249906
33.25,82.75,-93.02890130615181
34.0,82.75,-94.91623255107929
34.75,82.75,-97.35193419107468
35.5,82.75,-96.33819111448112
36.25,82.75,-93.3744743135016
37.0,82.75,-92.95703022706883
37.75,82.75,-92.58198688263239
38.5,82.75,-93.02311097945534
39.25,82.75,-93.37072077737561
40.0,82.75,-89.13246269173749
40.75,82.75,-86.25422750811161
41.5,82.75,-86.23126097051532
42.25,82.75,-85.80095297639751
43.0,82.75,-85.37080229782069
43.75,82.75,-84.97427637416074
44.5,82.75,-84.66625781780128
45.25,82.75,-83.86315789473684
46.0,82.75,-83.68450051932281
46.75,82.75,-82.95402298850574
47.5,82.75,
48.25,82.75,
49.0,82.75,
49.75,82.75,
50.5,82.75,
51.25,82.75,
52.0,82.75,
52.75,82.75,
53.5,82.75,
54.25,82.75,
55.0,82.75,
55.75,82.75,
56.5,82.75,
57.25,82.75,-83.10714285714285
58.0,82.75,-80.61435752777244
58.75,82.75,-80.655871624872
59.5,82.75,-80.89621799197727
60.25,82.75,-81.19876640797048
61.0,82.75,-81.51050748602366
61.75,82.75,-82.28523054725123
62.5,82.75,-83.93707711860199
63.25,82.75,-84.50457922915658
64.0,82.75,-83.80157617547624
64.75,82.75,-85.53951031185137
65.5,82.75,-85.20393844888625
66.25,82.75,-84.11880097747233
67.0,82.75,-84.61725503411391
67.75,82.75,-82.68178128329454
68.5,82.75,-80.00618662379637
69.25,82.75,-77.3685875759263
70.0,82.75,-74.80208599725096
70.75,82.75,-73.060394007628
71.5,82.75,-72.2965464751213
72.25,82.75,-74.18976822696877
73.0,82.75,-74.91780821917808
73.75,82.75,-74.43396226415094
74.5,82.75,-73.5859872611465
75.25,82.75,-72.82300884955752
76.0,82.75,-72.22044728434504
76.75,82.75,
77.5,82.75,
78.25,82.75,
79.0,82.75,
79.75,82.75,
80.5,82.75,-91.44305856832972
81.25,82.75,-92.07561420647673
82.0,82.75,-91.8722316669513
82.75,82.75,-92.25739017452679
83.5,82.75,-92.74523204489506
84.25,82.75,-93.20764902366982
85.0,82.75,-93.47606518615342
85.75,82.75,-93.08263999610897
86.5,82.75,-92.48995782731413
87.25,82.75,-92.06724417905642
88.0,82.75,-91.87030559172459
88.75,82.75,-91.80731442224672
89.5,82.75,-91.65629473378057
90.25,82.75,-92.90709012004734
91.0,82.75,-91.9768115942029
91.75,82.75,-92.03755868544603
92.5,82.75,-92.07619047619046
93.25,82.75,
94.0,82.75,
94.75,82.75,
95.5,82.75,
96.25,82.75,
97.0,82.75,
97.75,82.75,
98.5,82.75,
99.25,82.75,
100.0,82.75,
100.75,82.75,
101.5,82.75,
102.25,82.75,
103.0,82.75,
103.75,82.75,
104.5,82.75,
105.25,82.75,
106.0,82.75,
106.75,82.75,
107.5,82.75,
108.25,82.75,
109.0,82.75,
109.75,82.75,
110.5,82.75,
111.25,82.75,
112.0,82.75,
112.75,82.75,
113.5,82.75,
114.25,82.75,
115.0,82.75,
115.75,82.75,
116.5,82.75,
117.25,82.75,
118.0,82.75,
118.75,82.75,
119.5,82.75,
120.25,82.75,
121.0,82.75,
121.75,82.75,
122.5,82.75,
123.25,82.75,
124.0,82.75,
124.75,82.75,
125.5,82.75,
126.25,82.75,
127.0,82.75,
127.75,82.75,
128.5,82.75,
129.25,82.75,
130.0,82.75,
130.75,82.75,
131.5,82.75,
132.25,82.75,
133.0,82.75,
133.75,82.75,
134.5,82.75,
135.25,82.75,
136.0,82.75,
136.75,82.75,
137.5,82.75,
138.25,82.75,
139.0,82.75,
139.75,82.75,
140.5,82.75,
141.25,82.75,
142.0,82.75,
142.75,82.75,
143.5,82.75,
144.25,82.75,
145.0,82.75,
145.75,82.75,
146.5,82.75,
147.25,82.75,
148.0,82.75,
148.75,82.75,
149.5,82.75,
150.25,82.75,
151.0,82.75,
151.75,82.75,
152.5,82.75,
153.25,82.75,
154.0,82.75,
154.75,82.75,
155.5,82.75,
156.25,82.75,
157.0,82.75,
157.75,82.75,
158.5,82.75,
159.25,82.75,
160.0,82.75,
160.75,82.75,
161.5,82.75,-93.60402301394113
162.25,82.75,-93.60967333722071
163.0,82.75,-93.41984880468854
163.75,82.75,-93.47965652472483
164.5,82.75,-93.42719856005913
165.25,82.75,-93.34345368664093
166.0,82.75,-93.19165836330538
166.75,82.75,-93.03375264073684
167.5,82.75,-93.08361855023908
168.25,82.75,-93.29732512595236
169.0,82.75,-93.62535193506076
169.75,82.75,-93.72174930723317
170.5,82.75,-93.83740677451362
171.25,82.75,-94.01006501787377
172.0,82.75,-94.22084514880751
172.75,82.75,-94.34610293597426
173.5,82.75,-94.43854694686186
174.25,82.75,-94.45452899604577
175.0,82.75,-94.57835820895524
175.75,82.75,-94.50581395348837
176.5,82.75,-94.4481981981982
177.25,82.75,-94.4049295774648
178.0,82.75,
178.75,82.75,
179.5,82.75,
180.25,82.75,
181.0,82.75,
181.75,82.75,
182.5,82.75,
183.25,82.75,
184.0,82.75,
184.75,82.75,
185.5,82.75,
186.25,82.75,
187.0,82.75,
187.75,82.75,
188.5,82.75,
189.25,82.75,
190.0,82.75,
190.75,82.75,
191.5,82.75,
192.25,82.75,
193.0,82.75,
193.75,82.75,
194.5,82.75,
195.25,82.75,
196.0,82.75,
196.75,82.75,
197.5,82.75,
198.25,82.75,
199.0,82.75,
199.75,82.75,
200.5,82.75,
201.25,82.75,
202.0,82.75,
202.75,82.75,
203.5,82.75,
204.25,82.75,
205.0,82.75,
205.75,82.75,
206.5,82.75,
207.25,82.75,
208.0,82.75,
208.75,82.75,
209.5,82.75,
210.25,82.75,
211.0,82.75,
211.75,82.75,
212.5,82.75,
213.25,82.75,
214.0,82.75,
214.75,82.75,
215.5,82.75,
216.25,82.75,
217.0,82.75,
217.75,82.75,
218.5,82.75,
219.25,82.75,
31.0,83.5,-91.35352024320802
31.75,83.5,-92.19535613687245
32.5,83.5,-93.03079710144928
33.25,83.5,-93.68855939383744
34.0,83.5,-95.33801702755584
34.75,83.5,-96.95079549180345
35.5,83.5,-96.07358519713692
36.25,83.5,-93.41180679355749
37.0,83.5,-92.82269231620006
37.75,83.5,-91.95843598323796
38.5,83.5,-91.97886515047094
39.25,83.5,-91.8150334189136
40.0,83.5,-88.37826701200846
40.75,83.5,-86.35724715478618
41.5,83.5,-85.86586650380166
42.25,83.5,-85.42415157387522
43.0,83.5,-84.93425717625779
43.75,83.5,-84.52354561957604
44.5,83.5,-82.82176741432987
45.25,83.5,-80.92676361204116
46.0,83.5,-80.65081089290666
46.75,83.5,-80.17028907345487
47.5,83.5,
48.25,83.5,
49.0,83.5,
49.75,83.5,
50.5,83.5,
51.25,83.5,
52.0,83.5,
52.75,83.5,
53.5,83.5,
54.25,83.5,
55.0,83.5,
55.75,83.5,
56.5,83.5,
57.25,83.5,-81.24431133683724
58.0,83.5,-80.52783009393544
58.75,83.5,-80.55477422402517
59.5,83.5,-80.97173604309978
60.25,83.5,-81.06814476555334
61.0,83.5,-81.30959603852908
61.75,83.5,-81.91766722065277
62.5,83.5,-83.16170024803779
63.25,83.5,-83.62415359180032
64.0,83.5,-83.17817146167214
64.75,83.5,-84.63476522662243
65.5,83.5,-84.44287472610708
66.25,83.5,-84.41309307330494
67.0,83.5,-84.87317944187888
67.75,83.5,-82.87284594248406
68.5,83.5,-80.39554330978105
69.25,83.5,-76.62833038565722
70.0,83.5,-72.69159474489382
70.75,83.5,-70.63577845384178
71.5,83.5,-70.58203125
72.25,83.5,-73.2018785846887
73.0,83.5,-74.53846153846153
73.75,83.5,-74.08235294117647
74.5,83.5,-73.23529411764706
75.25,83.5,-72.51219512195121
76.0,83.5,-71.95890410958904
76.75,83.5,-71.53904282115869
77.5,83.5,
78.25,83.5,
79.0,83.5,
79.75,83.5,
80.5,83.5,-94.9279661016949
81.25,83.5,-91.98668567717466
82.0,83.5,-92.17403901049133
82.75,83.5,-92.38430393647019
83.5,83.5,-92.57947716346153
84.25,83.5,-92.69644125410959
85.0,83.5,-92.54686445795299
85.75,83.5,-92.22238550753876
86.5,83.5,-91.85635253848383
87.25,83.5,-91.68226433605787
88.0,83.5,-91.7089171439222
88.75,83.5,-91.80612082965705
89.5,83.5,-92.1342327421618
90.25,83.5,-91.98879329268269
91.0,83.5,-91.16000559623187
91.75,83.5,-91.02907810175138
92.5,83.5,-90.8957055214724
93.25,83.5,-90.69047619047619
94.0,83.5,
94.75,83.5,
95.5,83.5,
96.25,83.5,
97.0,83.5,
97.75,83.5,
98.5,83.5,
99.25,83.5,
100.0,83.5,
100.75,83.5,
101.5,83.5,
102.25,83.5,
103.0,83.5,
103.75,83.5,
104.5,83.5,
105.25,83.5,
106.0,83.5,
106.75,83.5,
107.5,83.5,
108.25,83.5,
109.0,83.5,
109.75,83.5,
110.5,83.5,
111.25,83.5,
112.0,83.5,
112.75,83.5,
113.5,83.5,
114.25,83.5,
115.0,83.5,
115.75,83.5,
116.5,83.5,
117.25,83.5,
118.0,83.5,
118.75,83.5,
119.5,83.5,
120.25,83.5,
121.0,83.5,
121.75,83.5,
122.5,83.5,
123.25,83.5,
124.0,83.5,
124.75,83.5,
125.5,83.5,
126.25,83.5,
127.0,83.5,
127.75,83.5,
128.5,83.5,
129.25,83.5,
130.0,83.5,
130.75,83.5,
131.5,83.5,
132.25,83.5,
133.0,83.5,
133.75,83.5,
134.5,83.5,
135.25,83.5,
136.0,83.5,
136.75,83.5,
137.5,83.5,
138.25,83.5,
139.0,83.5,
139.75,83.5,
140.5,83.5,
141.25,83.5,
142.0,83.5,
142.75,83.5,
143.5,83.5,
144.25,83.5,
145.0,83.5,
145.75,83.5,
146.5,83.5,
147.25,83.5,
148.0,83.5,
148.75,83.5,
149.5,83.5,
150.25,83.5,
151.0,83.5,
151.75,83.5,
152.5,83.5,
153.25,83.5,
154.0,83.5,
154.75,83.5,
155.5,83.5,
156.25,83.5,
157.0,83.5,
157.75,83.5,
158.5,83.5,
159.25,83.5,
160.0,83.5,
160.75,83.5,
161.5,83.5,-93.63650085313033
162.25,83.5,-93.43458070435364
163.0,83.5,-93.48759644286177
163.75,83.5,-93.56704088941731
164.5,83.5,-93.57973943778636
165.25,83.5,-93.19706222885831
166.0,83.5,-93.28394026746939
166.75,83.5,-93.10214701758655
167.5,83.5,-93.12874194770748
168.25,83.5,-93.24461859079084
169.0,83.5,-93.3235130145298
169.75,83.5,-93.49790541300781
170.5,83.5,-93.62822466997136
171.25,83.5,-93.91415575938595
172.0,83.5,-94.06165580191009
172.75,83.5,-94.17562651556892
173.5,83.5,-94.53858615611192
174.25,83.5,-94.51655341116248
175.0,83.5,-94.55434782608697
175.75,83.5,-94.50225225225226
176.5,83.5,-94.45588235294117
177.25,83.5,
178.0,83.5,
178.75,83.5,
179.5,83.5,
180.25,83.5,
181.0,83.5,
181.75,83.5,
182.5,83.5,
183.25,83.5,
184.0,83.5,
184.75,83.5,
185.5,83.5,
186.25,83.5,
187.0,83.5,
187.75,83.5,
188.5,83.5,
189.25,83.5,
190.0,83.5,
190.75,83.5,
191.5,83.5,
192.25,83.5,
193.0,83.5,
193.75,83.5,
194.5,83.5,
195.25,83.5,
196.0,83.5,
196.75,83.5,
197.5,83.5,
198.25,83.5,
199.0,83.5,
199.75,83.5,
200.5,83.5,
201.25,83.5,
202.0,83.5,
202.75,83.5,
203.5,83.5,
204.25,83.5,
205.0,83.5,
205.75,83.5,
206.5,83.5,
207.25,83.5,
208.0,83.5,
208.75,83.5,
209.5,83.5,
210.25,83.5,
211.0,83.5,
211.75,83.5,
212.5,83.5,
213.25,83.5,
214.0,83.5,
214.75,83.5,
215.5,83.5,
216.25,83.5,
217.0,83.5,
217.75,83.5,
218.5,83.5,
219.25,83.5,
31.0,84.25,-91.80383649714784
31.75,84.25,-92.56675530792285
32.5,84.25,-93.29146729455371
33.25,84.25,-93.49714313127582
34.0,84.25,-94.42823266280938
34.75,84.25,-94.83137882652728
35.5,84.25,-94.08669453210688
36.25,84.25,-92.61149022304605
37.0,84.25,-91.45694432618336
37.75,84.25,-89.62986416322553
38.5,84.25,-87.27862398623245
39.25,84.25,-86.66204810856793
40.0,84.25,-85.96394159133806
40.75,84.25,-85.414709536152
41.5,84.25,-85.12215015701277
42.25,84.25,-84.74863296877848
43.0,84.25,-84.25410697908407
43.75,84.25,-83.86946385017698
44.5,84.25,-81.22815982993704
45.25,84.25,-80.34887020249296
46.0,84.25,-79.84007215216788
46.75,84.25,-79.52560387162548
47.5,84.25,-75.08830022075054
48.25,84.25,-74.85347985347987
49.0,84.25,
49.75,84.25,
50.5,84.25,
51.25,84.25,
52.0,84.25,
52.75,84.25,
53.5,84.25,
54.25,84.25,
55.0,84.25,
55.75,84.25,
56.5,84.25,
57.25,84.25,-80.94139194139196
58.0,84.25,-80.13954973310035
58.75,84.25,-80.41009354231147
59.5,84.25,-80.78985349063565
60.25,84.25,-80.74871786185642
61.0,84.25,-80.39684601310974
61.75,84.25,-80.22294242437617
62.5,84.25,-79.66166477712511
63.25,84.25,-79.56380048745706
64.0,84.25,-80.81194522897736
64.75,84.25,-80.81633330308738
65.5,84.25,-81.50844446829706
66.25,84.25,-83.93466474638444
67.0,84.25,-85.64161701593032
67.75,84.25,-84.27404485541155
68.5,84.25,-81.24183564294385
69.25,84.25,-75.85691410319296
70.0,84.25,-69.71561525475497
70.75,84.25,-66.01415412271052
71.5,84.25,-66.64589454325873
72.25,84.25,-70.53417720540354
73.0,84.25,-71.93877551020408
73.75,84.25,-72.51219512195122
74.5,84.25,-72.24812030075188
75.25,84.25,-71.85148514851484
76.0,84.25,-71.49134948096886
76.75,84.25,-71.19289340101523
77.5,84.25,
78.25,84.25,
79.0,84.25,
79.75,84.25,
80.5,84.25,-94.66044776119404
81.25,84.25,-93.70890495543031
82.0,84.25,-93.66841867936759
82.75,84.25,-92.30017910996247
83.5,84.25,-92.33326729931768
84.25,84.25,-92.34988465195576
85.0,84.25,-92.16228871727452
85.75,84.25,-91.78879208261135
86.5,84.25,-91.37610957509453
87.25,84.25,-91.27627723490995
88.0,84.25,-91.61849296445655
88.75,84.25,-91.89364151923283
89.5,84.25,-92.00478618985713
90.25,84.25,-91.58589653371587
91.0,84.25,-91.20926823501595
91.75,84.25,-91.01639344262296
92.5,84.25,-90.83802273093497
93.25,84.25,-90.59389671361504
94.0,84.25,-90.46101364522416
94.75,84.25,
95.5,84.25,
96.25,84.25,
97.0,84.25,
97.75,84.25,
98.5,84.25,
99.25,84.25,
100.0,84.25,
100.75,84.25,
101.5,84.25,
102.25,84.25,
103.0,84.25,
103.75,84.25,
104.5,84.25,
105.25,84.25,
106.0,84.25,
106.75,84.25,
107.5,84.25,
108.25,84.25,
109.0,84.25,
109.75,84.25,
110.5,84.25,
111.25,84.25,
112.0,84.25,
112.75,84.25,
113.5,84.25,
114.25,84.25,
115.0,84.25,
115.75,84.25,
116.5,84.25,
117.25,84.25,
118.0,84.25,
118.75,84.25,
119.5,84.25,
120.25,84.25,
121.0,84.25,
121.75,84.25,
122.5,84.25,
123.25,84.25,
124.0,84.25,
124.75,84.25,
125.5,84.25,
126.25,84.25,
127.0,84.25,
127.75,84.25,
128.5,84.25,
129.25,84.25,
130.0,84.25,
130.75,84.25,
131.5,84.25,
132.25,84.25,
133.0,84.25,
133.75,84.25,
134.5,84.25,
135.25,84.25,
136.0,84.25,
136.75,84.25,
137.5,84.25,
138.25,84.25,
139.0,84.25,
139.75,84.25,
140.5,84.25,
141.25,84.25,
142.0,84.25,
142.75,84.25,
143.5,84.25,
144.25,84.25,
145.0,84.25,
145.75,84.25,
146.5,84.25,
147.25,84.25,
148.0,84.25,
148.75,84.25,
149.5,84.25,
150.25,84.25,
151.0,84.25,
151.75,84.25,
152.5,84.25,
153.25,84.25,
154.0,84.25,
154.75,84.25,
155.5,84.25,
156.25,84.25,
157.0,84.25,
157.75,84.25,
158.5,84.25,
159.25,84.25,
160.0,84.25,
160.75,84.25,
161.5,84.25,-93.6642083765205
162.25,84.25,-93.46273557466863
163.0,84.25,-93.54607333906439
163.75,84.25,-93.21758947306223
164.5,84.25,-93.55749700150322
165.25,84.25,-93.57117212268187
166.0,84.25,-93.24988249356123
166.75,84.25,-93.2075466950677
167.5,84.25,-93.12567474311165
168.25,84.25,-92.90277591369909
169.0,84.25,-93.37374144986988
169.75,84.25,-93.46578670604049
170.5,84.25,-93.49882620540872
171.25,84.25,-93.68512591880454
172.0,84.25,-93.8227504856324
172.75,84.25,-94.14056995633022
173.5,84.25,-94.46308484799258
174.25,84.25,-94.5590909090909
175.0,84.25,-94.52642276422765
175.75,84.25,-94.48943661971832
176.5,84.25,
177.25,84.25,
178.0,84.25,
178.75,84.25,
179.5,84.25,
180.25,84.25,
181.0,84.25,
181.75,84.25,
182.5,84.25,
183.25,84.25,
184.0,84.25,
184.75,84.25,
185.5,84.25,
186.25,84.25,
187.0,84.25,
187.75,84.25,-90.99999999999999
188.5,84.25,-91.00000000000001
189.25,84.25,
190.0,84.25,
190.75,84.25,
191.5,84.25,
192.25,84.25,
193.0,84.25,
193.75,84.25,
194.5,84.25,
195.25,84.25,
196.0,84.25,
196.75,84.25,
197.5,84.25,
198.25,84.25,
199.0,84.25,
199.75,84.25,
200.5,84.25,
201.25,84.25,
202.0,84.25,
202.75,84.25,
203.5,84.25,
204.25,84.25,
205.0,84.25,
205.75,84.25,
206.5,84.25,
207.25,84.25,
208.0,84.25,
208.75,84.25,
209.5,84.25,
210.25,84.25,
211.0,84.25,
211.75,84.25,
212.5,84.25,
213.25,84.25,
214.0,84.25,
214.75,84.25,
215.5,84.25,
216.25,84.25,
217.0,84.25,
217.75,84.25,
218.5,84.25,
219.25,84.25,
31.0,85.0,-94.53846153846153
31.75,85.0,-94.39680975621066
32.5,85.0,-94.67642536441357
33.25,85.0,-93.80782380002012
34.0,85.0,-93.13464507255732
34.75,85.0,-93.05349839303749
35.5,85.0,-92.36547996605174
36.25,85.0,-91.18179723392238
37.0,85.0,-89.4
37.75,85.0,-87.36904428883653
38.5,85.0,-84.61261388184465
39.25,85.0,-84.1094012383869
40.0,85.0,-84.7142857142857
40.75,85.0,-84.95861645879583
41.5,85.0,-84.74255658871043
42.25,85.0,-83.93535586754783
43.0,85.0,-82.57971014492753
43.75,85.0,-81.12121358523977
44.5,85.0,-80.50663918793106
45.25,85.0,-79.62612550535107
46.0,85.0,-79.11805962916677
46.75,85.0,-77.2958165474152
47.5,85.0,-74.78494623655914
48.25,85.0,-74.56989247311829
49.0,85.0,
49.75,85.0,
50.5,85.0,
51.25,85.0,
52.0,85.0,
52.75,85.0,
53.5,85.0,
54.25,85.0,
55.0,85.0,
55.75,85.0,
56.5,85.0,
57.25,85.0,
58.0,85.0,-80.7037037037037
58.75,85.0,-80.01402058388119
59.5,85.0,-80.16517542564115
60.25,85.0,-80.04238815389658
61.0,85.0,-79.75531914893618
61.75,85.0,-79.0649909475452
62.5,85.0,-77.66869111696515
63.25,85.0,-77.26674989666773
64.0,85.0,-79.25409836065572
64.75,85.0,-78.7162011077043
65.5,85.0,-79.75829005193766
66.25,85.0,-84.39413253809565
67.0,85.0,-86.99999999999619
67.75,85.0,-85.29563292088005
68.5,85.0,-81.82019236307089
69.25,85.0,-75.6777191234691
70.0,85.0,-68.32334768631847
70.75,85.0,-63.363717786635675
71.5,85.0,-64.16690565509293
72.25,85.0,-68.2105482083666
73.0,85.0,-69.79411764705883
73.75,85.0,-70.48453608247422
74.5,85.0,-70.94594594594594
75.25,85.0,-70.99078341013825
76.0,85.0,-70.89473684210526
76.75,85.0,-70.76039119804402
77.5,85.0,
78.25,85.0,
79.0,85.0,
79.75,85.0,
80.5,85.0,
81.25,85.0,-93.47052379566533
82.0,85.0,-93.38235294117646
82.75,85.0,-93.10755862091308
83.5,85.0,-92.9809354968226
84.25,85.0,-92.8056772055159
85.0,85.0,-92.49999999999999
85.75,85.0,-91.92302237687426
86.5,85.0,-91.20074338433072
87.25,85.0,-91.04437149294064
88.0,85.0,-91.5033878803375
88.75,85.0,-91.91430358492167
89.5,85.0,-91.80859094653842
90.25,85.0,-91.69139366508941
91.0,85.0,-91.33333333333336
91.75,85.0,-90.95732356070458
92.5,85.0,-90.7234995103297
93.25,85.0,-90.44202898550725
94.0,85.0,-90.31481481481481
94.75,85.0,
95.5,85.0,
96.25,85.0,
97.0,85.0,
97.75,85.0,
98.5,85.0,
99.25,85.0,
100.0,85.0,
100.75,85.0,
101.5,85.0,
102.25,85.0,
103.0,85.0,
103.75,85.0,
104.5,85.0,
105.25,85.0,
106.0,85.0,
106.75,85.0,
107.5,85.0,
108.25,85.0,
109.0,85.0,
109.75,85.0,
110.5,85.0,
111.25,85.0,
112.0,85.0,
112.75,85.0,
113.5,85.0,
114.25,85.0,
115.0,85.0,
115.75,85.0,
116.5,85.0,
117.25,85.0,
118.0,85.0,
118.75,85.0,
119.5,85.0,
120.25,85.0,
121.0,85.0,
121.75,85.0,
122.5,85.0,
123.25,85.0,
124.0,85.0,
124.75,85.0,
125.5,85.0,
126.25,85.0,
127.0,85.0,
127.75,85.0,
128.5,85.0,
129.25,85.0,
130.0,85.0,
130.75,85.0,
131.5,85.0,
132.25,85.0,
133.0,85.0,
133.75,85.0,
134.5,85.0,
135.25,85.0,
136.0,85.0,
136.75,85.0,
137.5,85.0,
138.25,85.0,
139.0,85.0,
139.75,85.0,
140.5,85.0,
141.25,85.0,
142.0,85.0,
142.75,85.0,
143.5,85.0,
144.25,85.0,
145.0,85.0,
145.75,85.0,
146.5,85.0,
147.25,85.0,
148.0,85.0,
148.75,85.0,
149.5,85.0,
150.25,85.0,
151.0,85.0,
151.75,85.0,
152.5,85.0,
153.25,85.0,
154.0,85.0,
154.75,85.0,
155.5,85.0,
156.25,85.0,
157.0,85.0,
157.75,85.0,
158.5,85.0,
159.25,85.0,
160.0,85.0,
160.75,85.0,
161.5,85.0,-93.3984437236827
162.25,85.0,-93.46355556924426
163.0,85.0,-92.8169014084507
163.75,85.0,-93.26625000919638
164.5,85.0,-93.80294272987274
165.25,85.0,-93.93021488009765
166.0,85.0,-93.3008474576271
166.75,85.0,-93.44335021505705
167.5,85.0,-93.287368533213
168.25,85.0,-92.77374421282713
169.0,85.0,-92.44444444444444
169.75,85.0,-92.24819221269624
170.5,85.0,-92.32315762021604
171.25,85.0,-92.42309888598895
172.0,85.0,-93.68898867629832
172.75,85.0,-94.37477311149978
173.5,85.0,
174.25,85.0,
175.0,85.0,
175.75,85.0,
176.5,85.0,
177.25,85.0,
178.0,85.0,
178.75,85.0,
179.5,85.0,
180.25,85.0,
181.0,85.0,
181.75,85.0,
182.5,85.0,
183.25,85.0,
184.0,85.0,
184.75,85.0,
185.5,85.0,
186.25,85.0,
187.0,85.0,-91.0
187.75,85.0,-91.0
188.5,85.0,-90.99999999999999
189.25,85.0,-91.0
190.0,85.0,
190.75,85.0,
191.5,85.0,
192.25,85.0,
193.0,85.0,
193.75,85.0,
194.5,85.0,
195.25,85.0,
196.0,85.0,
196.75,85.0,
197.5,85.0,
198.25,85.0,
199.0,85.0,
199.75,85.0,
200.5,85.0,
201.25,85.0,
202.0,85.0,
202.75,85.0,
203.5,85.0,
204.25,85.0,
205.0,85.0,
205.75,85.0,
206.5,85.0,
207.25,85.0,
208.0,85.0,
208.75,85.0,
209.5,85.0,
210.25,85.0,
211.0,85.0,
211.75,85.0,
212.5,85.0,
213.25,85.0,
214.0,85.0,
214.75,85.0,
215.5,85.0,
216.25,85.0,
217.0,85.0,
217.75,85.0,
218.5,85.0,
219.25,85.0,
31.0,85.75,
31.75,85.75,-94.36261268591142
32.5,85.75,-94.5599167182655
33.25,85.75,-91.86197209786
34.0,85.75,-92.0176641770978
34.75,85.75,-91.67973145919773
35.5,85.75,-90.92762247816218
36.25,85.75,-89.44146637781562
37.0,85.75,-87.8802471186565
37.75,85.75,-85.03804160852765
38.5,85.75,-84.26256556309342
39.25,85.75,-83.81714038167598
40.0,85.75,-83.69911592331381
40.75,85.75,-83.24710035863808
41.5,85.75,-82.94710919333255
42.25,85.75,-82.08341481224005
43.0,85.75,-80.7890463689997
43.75,85.75,-80.28010728554696
44.5,85.75,-79.70355914021872
45.25,85.75,-79.34196958053757
46.0,85.75,-79.08826929364011
46.75,85.75,-78.3686063858865
47.5,85.75,-77.44416778940119
48.25,85.75,-77.84325744308231
49.0,85.75,-77.54032258064517
49.75,85.75,-78.00824175824177
50.5,85.75,
51.25,85.75,
52.0,85.75,
52.75,85.75,
53.5,85.75,
54.25,85.75,
55.0,85.75,
55.75,85.75,
56.5,85.75,
57.25,85.75,
58.0,85.75,-80.51827956989247
58.75,85.75,-80.36723163841808
59.5,85.75,-79.24707793793009
60.25,85.75,-79.7814602514679
61.0,85.75,-79.07188817386394
61.75,85.75,-78.59053314620478
62.5,85.75,-77.97531092298911
63.25,85.75,-77.88866383902142
64.0,85.75,-79.08438756766095
64.75,85.75,-79.48251061766568
65.5,85.75,-80.63152687475049
66.25,85.75,-83.77474287414816
67.0,85.75,-85.70928101391294
67.75,85.75,-84.41356390022085
68.5,85.75,-82.02312854213737
69.25,85.75,-77.2918574583197
70.0,85.75,-70.76533844106491
70.75,85.75,-66.23633696898263
71.5,85.75,-66.4039228075837
72.25,85.75,-68.78385754735723
73.0,85.75,-68.96544263444453
73.75,85.75,-70.4747899159664
74.5,85.75,-69.79558011049724
75.25,85.75,-70.152
76.0,85.75,-70.28189910979228
76.75,85.75,-70.30316742081448
77.5,85.75,
78.25,85.75,
79.0,85.75,
79.75,85.75,
80.5,85.75,
81.25,85.75,-92.36548223350255
82.0,85.75,-93.02340930663159
82.75,85.75,-92.94335745769585
83.5,85.75,-92.8708638173022
84.25,85.75,-92.79554403640329
85.0,85.75,-92.65805251968851
85.75,85.75,-92.24106185402361
86.5,85.75,-91.55834488876425
87.25,85.75,-91.42360536422316
88.0,85.75,-91.83234502621748
88.75,85.75,-92.1350146316571
89.5,85.75,-92.15714636790038
90.25,85.75,-92.1708180052618
91.0,85.75,-91.90716952822166
91.75,85.75,-91.82794936583086
92.5,85.75,-91.90603016017907
93.25,85.75,-92.31986527877773
94.0,85.75,-92.63219581067892
94.75,85.75,-92.9302222039965
95.5,85.75,-93.24468085106383
96.25,85.75,
97.0,85.75,
97.75,85.75,
98.5,85.75,
99.25,85.75,
100.0,85.75,
100.75,85.75,
101.5,85.75,
102.25,85.75,
103.0,85.75,
103.75,85.75,
104.5,85.75,
105.25,85.75,
106.0,85.75,
106.75,85.75,
107.5,85.75,
108.25,85.75,
109.0,85.75,
109.75,85.75,
110.5,85.75,
111.25,85.75,
112.0,85.75,
112.75,85.75,
113.5,85.75,
114.25,85.75,
115.0,85.75,
115.75,85.75,
116.5,85.75,
117.25,85.75,
118.0,85.75,
118.75,85.75,
119.5,85.75,
120.25,85.75,
121.0,85.75,
121.75,85.75,
122.5,85.75,
123.25,85.75,
124.0,85.75,
124.75,85.75,
125.5,85.75,
126.25,85.75,
127.0,85.75,
127.75,85.75,
128.5,85.75,
129.25,85.75,
130.0,85.75,
130.75,85.75,
131.5,85.75,
132.25,85.75,
133.0,85.75,
133.75,85.75,
134.5,85.75,
135.25,85.75,
136.0,85.75,
136.75,85.75,
137.5,85.75,
138.25,85.75,
139.0,85.75,
139.75,85.75,
140.5,85.75,
141.25,85.75,
142.0,85.75,
142.75,85.75,
143.5,85.75,
144.25,85.75,
145.0,85.75,
145.75,85.75,
146.5,85.75,
147.25,85.75,
148.0,85.75,
148.75,85.75,
149.5,85.75,
150.25,85.75,
151.0,85.75,
151.75,85.75,
152.5,85.75,
153.25,85.75,
154.0,85.75,
154.75,85.75,
155.5,85.75,
156.25,85.75,
157.0,85.75,
157.75,85.75,
158.5,85.75,
159.25,85.75,
160.0,85.75,
160.75,85.75,
161.5,85.75,-93.44274313187115
162.25,85.75,-91.29184040317963
163.0,85.75,-91.81195810422007
163.75,85.75,-92.4639647695878
164.5,85.75,-93.1110694193756
165.25,85.75,-93.16969317746303
166.0,85.75,-92.64358472657081
166.75,85.75,-92.83852284992996
167.5,85.75,-92.69219992877895
168.25,85.75,-92.30423954005268
169.0,85.75,-92.01005639625255
169.75,85.75,-91.83460273748688
170.5,85.75,-91.86787748560577
171.25,85.75,-91.97881323547553
172.0,85.75,-92.12875069513156
172.75,85.75,-93.72346961733945
173.5,85.75,
174.25,85.75,
175.0,85.75,
175.75,85.75,
176.5,85.75,
177.25,85.75,
178.0,85.75,
178.75,85.75,
179.5,85.75,
180.25,85.75,
181.0,85.75,
181.75,85.75,
182.5,85.75,
183.25,85.75,
184.0,85.75,
184.75,85.75,
185.5,85.75,
186.25,85.75,-91.3025850094564
187.0,85.75,-91.34438287562455
187.75,85.75,-91.3763553708008
188.5,85.75,-91.38725135742739
189.25,85.75,-91.37569612378209
190.0,85.75,-91.35100579535526
190.75,85.75,-91.38636363636363
191.5,85.75,-91.36344537815125
192.25,85.75,
193.0,85.75,
193.75,85.75,
194.5,85.75,
195.25,85.75,
196.0,85.75,
196.75,85.75,
197.5,85.75,
198.25,85.75,
199.0,85.75,
199.75,85.75,
200.5,85.75,
201.25,85.75,
202.0,85.75,
202.75,85.75,
203.5,85.75,
204.25,85.75,
205.0,85.75,
205.75,85.75,
206.5,85.75,
207.25,85.75,
208.0,85.75,
208.75,85.75,
209.5,85.75,
210.25,85.75,
211.0,85.75,
211.75,85.75,
212.5,85.75,
213.25,85.75,
214.0,85.75,
214.75,85.75,
215.5,85.75,
216.25,85.75,
217.0,85.75,
217.75,85.75,
218.5,85.75,
219.25,85.75,
31.0,86.5,
31.75,86.5,
32.5,86.5,-96.18627450980391
33.25,86.5,-91.02460460760713
34.0,86.5,-90.76217808652795
34.75,86.5,-90.61449875034272
35.5,86.5,-88.91184463511213
36.25,86.5,-87.6774600528536
37.0,86.5,-86.16665922186985
37.75,86.5,-83.94589754355934
38.5,86.5,-82.85447923028582
39.25,86.5,-82.31794701921686
40.0,86.5,-81.92826308766972
40.75,86.5,-80.18355762380129
41.5,86.5,-80.39926487479899
42.25,86.5,-80.23295480462025
43.0,86.5,-80.01763540240087
43.75,86.5,-79.69819437196493
44.5,86.5,-78.99732630638441
45.25,86.5,-78.26007248153422
46.0,86.5,-77.48362806791266
46.75,86.5,-77.74505965465666
47.5,86.5,-77.28021978021978
48.25,86.5,-77.89919651062237
49.0,86.5,-77.89516129032258
49.75,86.5,-78.39569536423839
50.5,86.5,
51.25,86.5,
52.0,86.5,
52.75,86.5,
53.5,86.5,
54.25,86.5,
55.0,86.5,
55.75,86.5,
56.5,86.5,
57.25,86.5,
58.0,86.5,
58.75,86.5,-80.20987654320987
59.5,86.5,-79.24462028686341
60.25,86.5,-79.01982685459961
61.0,86.5,-78.77918097952762
61.75,86.5,-78.4774701785942
62.5,86.5,-78.19686457343616
63.25,86.5,-78.20409989350671
64.0,86.5,-78.36426621036154
64.75,86.5,-78.17402684256294
65.5,86.5,-79.30950054951764
66.25,86.5,-83.50364329397947
67.0,86.5,-86.52893728170692
67.75,86.5,-85.68553735901772
68.5,86.5,-82.47844033316133
69.25,86.5,-79.19703877332073
70.0,86.5,-75.01452288283622
70.75,86.5,-71.66803591681078
71.5,86.5,-70.48442797282647
72.25,86.5,-71.28525887925512
73.0,86.5,-69.47644347714761
73.75,86.5,-70.51571832599076
74.5,86.5,-69.0
75.25,86.5,-69.47840531561462
76.0,86.5,-69.74226804123711
76.75,86.5,-69.87626774847871
77.5,86.5,
78.25,86.5,
79.0,86.5,
79.75,86.5,
80.5,86.5,
81.25,86.5,-92.42317380352644
82.0,86.5,-92.40389534622805
82.75,86.5,-92.86811494932859
83.5,86.5,-92.85629683829721
84.25,86.5,-92.89021663924363
85.0,86.5,-92.93064163901514
85.75,86.5,-92.61315482190656
86.5,86.5,-92.1201875616979
87.25,86.5,-91.98981476592499
88.0,86.5,-92.23822974332748
88.75,86.5,-92.74661430708301
89.5,86.5,-92.69980755476578
90.25,86.5,-92.1918162248701
91.0,86.5,-91.68142774070496
91.75,86.5,-91.5487320280793
92.5,86.5,-91.71177857051855
93.25,86.5,-92.2373734203194
94.0,86.5,-92.70101851387287
94.75,86.5,-93.09184829876395
95.5,86.5,-93.5
96.25,86.5,-93.75531914893617
97.0,86.5,
97.75,86.5,
98.5,86.5,
99.25,86.5,
100.0,86.5,
100.75,86.5,
101.5,86.5,
102.25,86.5,
103.0,86.5,
103.75,86.5,
104.5,86.5,
105.25,86.5,
106.0,86.5,
106.75,86.5,
107.5,86.5,
108.25,86.5,
109.0,86.5,
109.75,86.5,
110.5,86.5,
111.25,86.5,
112.0,86.5,
112.75,86.5,
113.5,86.5,
114.25,86.5,
115.0,86.5,
115.75,86.5,
116.5,86.5,
117.25,86.5,
118.0,86.5,
118.75,86.5,
119.5,86.5,
120.25,86.5,
121.0,86.5,
121.75,86.5,
122.5,86.5,
123.25,86.5,
124.0,86.5,
124.75,86.5,
125.5,86.5,
126.25,86.5,
127.0,86.5,
127.75,86.5,
128.5,86.5,
129.25,86.5,
130.0,86.5,
130.75,86.5,
131.5,86.5,
132.25,86.5,
133.0,86.5,
133.75,86.5,
134.5,86.5,
135.25,86.5,
136.0,86.5,
136.75,86.5,
137.5,86.5,
138.25,86.5,
139.0,86.5,
139.75,86.5,
140.5,86.5,
141.25,86.5,
142.0,86.5,
142.75,86.5,
143.5,86.5,
144.25,86.5,
145.0,86.5,
145.75,86.5,
146.5,86.5,
147.25,86.5,
148.0,86.5,
148.75,86.5,
149.5,86.5,
150.25,86.5,
151.0,86.5,
151.75,86.5,
152.5,86.5,
153.25,86.5,
154.0,86.5,
154.75,86.5,
155.5,86.5,
156.25,86.5,
157.0,86.5,
157.75,86.5,
158.5,86.5,
159.25,86.5,
160.0,86.5,
160.75,86.5,
161.5,86.5,-91.24302300809543
162.25,86.5,-90.67250698095391
163.0,86.5,-91.04683606888013
163.75,86.5,-91.47031764574946
164.5,86.5,-91.7924915410746
165.25,86.5,-91.78485599041639
166.0,86.5,-91.66609538505645
166.75,86.5,-91.81761552395687
167.5,86.5,-91.69644667440461
168.25,86.5,-91.24029724992846
169.0,86.5,-91.37593130795454
169.75,86.5,-91.28859365305061
170.5,86.5,-91.28237275233937
171.25,86.5,-91.5063376294217
172.0,86.5,-91.02385638518273
172.75,86.5,-93.54879599364261
173.5,86.5,
174.25,86.5,
175.0,86.5,
175.75,86.5,
176.5,86.5,
177.25,86.5,
178.0,86.5,
178.75,86.5,
179.5,86.5,
180.25,86.5,
181.0,86.5,
181.75,86.5,
182.5,86.5,
183.25,86.5,
184.0,86.5,
184.75,86.5,
185.5,86.5,-91.25
186.25,86.5,-91.27147882347398
187.0,86.5,-91.33664432006888
187.75,86.5,-91.38693867455817
188.5,86.5,-91.4002019036631
189.25,86.5,-91.37344240607187
190.0,86.5,-91.32530661082859
190.75,86.5,-91.31962025316456
191.5,86.5,-91.29545454545455
192.25,86.5,-91.30339805825243
193.0,86.5,
193.75,86.5,
194.5,86.5,
195.25,86.5,
196.0,86.5,
196.75,86.5,
197.5,86.5,
198.25,86.5,
199.0,86.5,
199.75,86.5,
200.5,86.5,
201.25,86.5,
202.0,86.5,
202.75,86.5,
203.5,86.5,
204.25,86.5,
205.0,86.5,
205.75,86.5,
206.5,86.5,
207.25,86.5,
208.0,86.5,
208.75,86.5,
209.5,86.5,
210.25,86.5,
211.0,86.5,
211.75,86.5,
212.5,86.5,
213.25,86.5,
214.0,86.5,
214.75,86.5,
215.5,86.5,
216.25,86.5,
217.0,86.5,
217.75,86.5,
218.5,86.5,
219.25,86.5,
31.0,87.25,
31.75,87.25,
32.5,87.25,
33.25,87.25,-92.12208696097183
34.0,87.25,-90.07221562014189
34.75,87.25,-89.3409090909091
35.5,87.25,-87.91872763458312
36.25,87.25,-86.77117310354582
37.0,87.25,-84.3446921782203
37.75,87.25,-83.37364042131657
38.5,87.25,-82.1934385709457
39.25,87.25,-82.0365066856344
40.0,87.25,-81.33055467028782
40.75,87.25,-79.37435424440191
41.5,87.25,-79.457639203319
42.25,87.25,-79.86343320020532
43.0,87.25,-79.95207474435531
43.75,87.25,-79.26829223995335
44.5,87.25,-77.4618020185805
45.25,87.25,-76.04216636702094
46.0,87.25,-77.15922453093066
46.75,87.25,-77.86432847183866
47.5,87.25,-80.79125293773141
48.25,87.25,-82.29307145116285
49.0,87.25,-82.09286330277281
49.75,87.25,-83.09921106549906
50.5,87.25,-83.85731717061628
51.25,87.25,
52.0,87.25,
52.75,87.25,
53.5,87.25,
54.25,87.25,
55.0,87.25,
55.75,87.25,
56.5,87.25,
57.25,87.25,
58.0,87.25,
58.75,87.25,
59.5,87.25,-78.11388903571155
60.25,87.25,-77.97829186422578
61.0,87.25,-78.01076267259229
61.75,87.25,-77.79944199270965
62.5,87.25,-77.56760629488815
63.25,87.25,-77.6935952009338
64.0,87.25,-77.6022251295553
64.75,87.25,-77.58975734012603
65.5,87.25,-78.57105189080023
66.25,87.25,-83.36419990004839
67.0,87.25,-87.47517171778158
67.75,87.25,-85.22883144854951
68.5,87.25,-82.51371599151403
69.25,87.25,-80.31057330202535
70.0,87.25,-78.1501026330376
70.75,87.25,-75.91535454923674
71.5,87.25,-73.49035294463113
72.25,87.25,-73.10853728630933
73.0,87.25,-71.16611086843334
73.75,87.25,-71.17381106804025
74.5,87.25,-71.58422184959028
75.25,87.25,-69.0
76.0,87.25,-69.31509846827133
76.75,87.25,
77.5,87.25,
78.25,87.25,
79.0,87.25,
79.75,87.25,
80.5,87.25,
81.25,87.25,
82.0,87.25,-92.43003372109263
82.75,87.25,-92.53159745734945
83.5,87.25,-92.69272273993914
84.25,87.25,-92.86105634680536
85.0,87.25,-92.97779341332148
85.75,87.25,-92.67459838178604
86.5,87.25,-92.20556832484472
87.25,87.25,-92.07938667643519
88.0,87.25,-92.35907964752894
88.75,87.25,-92.9015392471554
89.5,87.25,-92.72834163189998
90.25,87.25,-91.82704700283064
91.0,87.25,-91.01110112358346
91.75,87.25,-90.9738815996131
92.5,87.25,-91.46950016364964
93.25,87.25,-92.23465540642437
94.0,87.25,-92.91454429214633
94.75,87.25,-93.39730134932535
95.5,87.25,-93.878223495702
96.25,87.25,-94.0972850678733
97.0,87.25,
97.75,87.25,
98.5,87.25,
99.25,87.25,
100.0,87.25,
100.75,87.25,
101.5,87.25,
102.25,87.25,
103.0,87.25,
103.75,87.25,
104.5,87.25,
105.25,87.25,
106.0,87.25,
106.75,87.25,
107.5,87.25,
108.25,87.25,
109.0,87.25,
109.75,87.25,
110.5,87.25,
111.25,87.25,
112.0,87.25,
112.75,87.25,
113.5,87.25,
114.25,87.25,
115.0,87.25,
115.75,87.25,
116.5,87.25,
117.25,87.25,
118.0,87.25,
118.75,87.25,
119.5,87.25,
120.25,87.25,
121.0,87.25,
121.75,87.25,
122.5,87.25,
123.25,87.25,
124.0,87.25,
124.75,87.25,
125.5,87.25,
126.25,87.25,
127.0,87.25,
127.75,87.25,
128.5,87.25,
129.25,87.25,
130.0,87.25,
130.75,87.25,
131.5,87.25,
132.25,87.25,
133.0,87.25,
133.75,87.25,
134.5,87.25,
135.25,87.25,
136.0,87.25,
136.75,87.25,
137.5,87.25,
138.25,87.25,
139.0,87.25,
139.75,87.25,
140.5,87.25,
141.25,87.25,
142.0,87.25,
142.75,87.25,
143.5,87.25,
144.25,87.25,
145.0,87.25,
145.75,87.25,
146.5,87.25,
147.25,87.25,
148.0,87.25,
148.75,87.25,
149.5,87.25,
150.25,87.25,
151.0,87.25,
151.75,87.25,
152.5,87.25,
153.25,87.25,
154.0,87.25,
154.75,87.25,
155.5,87.25,
156.25,87.25,
157.0,87.25,
157.75,87.25,
158.5,87.25,
159.25,87.25,
160.0,87.25,
160.75,87.25,-88.97737556561087
161.5,87.25,-89.78073878546107
162.25,87.25,-89.8658577713759
163.0,87.25,-89.9931863637201
163.75,87.25,-90.19745091791131
164.5,87.25,-90.29372413322577
165.25,87.25,-90.30887417198001
166.0,87.25,-90.62506018132466
166.75,87.25,-91.67207388773218
167.5,87.25,-91.30569703067798
168.25,87.25,-90.2895599750662
169.0,87.25,-89.91531037670447
169.75,87.25,-90.3754809191467
170.5,87.25,-90.45069912097298
171.25,87.25,-89.52203523215691
172.0,87.25,-89.51085415325889
172.75,87.25,
173.5,87.25,
174.25,87.25,
175.0,87.25,
175.75,87.25,
176.5,87.25,
177.25,87.25,
178.0,87.25,
178.75,87.25,
179.5,87.25,
180.25,87.25,
181.0,87.25,
181.75,87.25,
182.5,87.25,
183.25,87.25,
184.0,87.25,
184.75,87.25,-91.13297872340425
185.5,87.25,-91.14315165847532
186.25,87.25,-91.2094182130051
187.0,87.25,-91.29694873844893
187.75,87.25,-91.36746141506595
188.5,87.25,-91.38690543186033
189.25,87.25,-91.37738113322193
190.0,87.25,-91.28601715678269
190.75,87.25,-91.23148148148148
191.5,87.25,-91.19462076734763
192.25,87.25,-91.21256496048979
193.0,87.25,-91.24327349089339
193.75,87.25,-91.56726181123524
194.5,87.25,-91.72835457024844
195.25,87.25,-92.16820276497695
196.0,87.25,-92.35513078470824
196.75,87.25,
197.5,87.25,
198.25,87.25,
199.0,87.25,
199.75,87.25,
200.5,87.25,
201.25,87.25,
202.0,87.25,
202.75,87.25,
203.5,87.25,
204.25,87.25,
205.0,87.25,
205.75,87.25,
206.5,87.25,
207.25,87.25,
208.0,87.25,
208.75,87.25,
209.5,87.25,
210.25,87.25,
211.0,87.25,
211.75,87.25,
212.5,87.25,
213.25,87.25,
214.0,87.25,
214.75,87.25,
215.5,87.25,
216.25,87.25,
217.0,87.25,
217.75,87.25,
218.5,87.25,
219.25,87.25,
31.0,88.0,
31.75,88.0,
32.5,88.0,
33.25,88.0,-90.77263581488933
34.0,88.0,-89.34999999999998
34.75,88.0,-88.63209400833856
35.5,88.0,-86.48573833116271
36.25,88.0,-85.41756881686655
37.0,88.0,-84.11263134547671
37.75,88.0,-83.38043846373856
38.5,88.0,-82.31735125971966
39.25,88.0,-82.05175694261328
40.0,88.0,-80.75862068965516
40.75,88.0,-79.94359857348351
41.5,88.0,-79.681544929117
42.25,88.0,-79.4872017464242
43.0,88.0,-79.02412129565816
43.75,88.0,-77.46328021622993
44.5,88.0,-74.75375364481393
45.25,88.0,-73.72810521100604
46.0,88.0,-75.77244668911337
46.75,88.0,-78.63708379127593
47.5,88.0,-81.1594679926321
48.25,88.0,-82.95070336139797
49.0,88.0,-84.73065847286544
49.75,88.0,-85.70404004421343
50.5,88.0,-84.63337311651499
51.25,88.0,-90.52680525164114
52.0,88.0,-90.75
52.75,88.0,
53.5,88.0,
54.25,88.0,
55.0,88.0,
55.75,88.0,
56.5,88.0,
57.25,88.0,
58.0,88.0,
58.75,88.0,
59.5,88.0,-75.99152542372882
60.25,88.0,-78.00158782308581
61.0,88.0,-77.80885738519325
61.75,88.0,-77.56070755674774
62.5,88.0,-77.58695157292709
63.25,88.0,-77.28964513843015
64.0,88.0,-76.85714285714285
64.75,88.0,-76.66370537433303
65.5,88.0,-77.56703146374828
66.25,88.0,-80.50690414353048
67.0,88.0,-81.98360655737703
67.75,88.0,-82.20979701894987
68.5,88.0,-81.95006610614168
69.25,88.0,-81.15212890337816
70.0,88.0,-79.9360465116279
70.75,88.0,-78.28439708525626
71.5,88.0,-75.95959806271516
72.25,88.0,-75.06329669746383
73.0,88.0,-72.58095637583891
73.75,88.0,-72.47778225591436
74.5,88.0,-72.19491272564522
75.25,88.0,-68.68490153172867
76.0,88.0,-69.0
76.75,88.0,
77.5,88.0,
78.25,88.0,
79.0,88.0,
79.75,88.0,
80.5,88.0,
81.25,88.0,-92.69338422391859
82.0,88.0,-92.42048517520215
82.75,88.0,-92.50321383150586
83.5,88.0,-92.63310045629714
84.25,88.0,-92.7236605622663
85.0,88.0,-92.73509485094851
85.75,88.0,-92.39454581099154
86.5,88.0,-92.10656837268222
87.25,88.0,-92.02301961558297
88.0,88.0,-92.23008849557522
88.75,88.0,-92.34028222959986
89.5,88.0,-91.91470066602791
90.25,88.0,-90.60420332940689
91.0,88.0,-89.60018418629127
91.75,88.0,-90.04213520840332
92.5,88.0,-91.23836802057248
93.25,88.0,-92.50366998577525
94.0,88.0,-93.41935483870968
94.75,88.0,-93.92616669551977
95.5,88.0,-94.4041095890411
96.25,88.0,-94.52857142857142
97.0,88.0,
97.75,88.0,
98.5,88.0,
99.25,88.0,
100.0,88.0,
100.75,88.0,
101.5,88.0,
102.25,88.0,
103.0,88.0,
103.75,88.0,
104.5,88.0,
105.25,88.0,
106.0,88.0,
106.75,88.0,
107.5,88.0,
108.25,88.0,
109.0,88.0,
109.75,88.0,
110.5,88.0,
111.25,88.0,
112.0,88.0,
112.75,88.0,
113.5,88.0,
114.25,88.0,
115.0,88.0,
115.75,88.0,
116.5,88.0,
117.25,88.0,
118.0,88.0,
118.75,88.0,
119.5,88.0,
120.25,88.0,
121.0,88.0,
121.75,88.0,
122.5,88.0,
123.25,88.0,
124.0,88.0,
124.75,88.0,
125.5,88.0,
126.25,88.0,
127.0,88.0,
127.75,88.0,
128.5,88.0,
129.25,88.0,
130.0,88.0,
130.75,88.0,
131.5,88.0,
132.25,88.0,
133.0,88.0,
133.75,88.0,
134.5,88.0,
135.25,88.0,
136.0,88.0,
136.75,88.0,
137.5,88.0,
138.25,88.0,
139.0,88.0,
139.75,88.0,
140.5,88.0,
141.25,88.0,
142.0,88.0,
142.75,88.0,
143.5,88.0,
144.25,88.0,
145.0,88.0,
145.75,88.0,
146.5,88.0,
147.25,88.0,
148.0,88.0,
148.75,88.0,
149.5,88.0,
150.25,88.0,
151.0,88.0,
151.75,88.0,
152.5,88.0,
153.25,88.0,
154.0,88.0,
154.75,88.0,
155.5,88.0,
156.25,88.0,
157.0,88.0,
157.75,88.0,
158.5,88.0,
159.25,88.0,
160.0,88.0,-89.5
160.75,88.0,-89.39677419354838
161.5,88.0,-88.68340572644267
162.25,88.0,-89.11365247851471
163.0,88.0,-88.97064881565397
163.75,88.0,-88.81912389651578
164.5,88.0,-88.6381527093097
165.25,88.0,-88.44197903290274
166.0,88.0,-88.1522988505747
166.75,88.0,-87.93869241134874
167.5,88.0,-87.99606910309427
168.25,88.0,-88.31397739666156
169.0,88.0,-88.66872981700753
169.75,88.0,-88.95053869361779
170.5,88.0,-88.92600896860986
171.25,88.0,-89.06276686592656
172.0,88.0,-89.15957446808511
172.75,88.0,-87.5
173.5,88.0,
174.25,88.0,
175.0,88.0,
175.75,88.0,
176.5,88.0,
177.25,88.0,
178.0,88.0,
178.75,88.0,
179.5,88.0,
180.25,88.0,
181.0,88.0,
181.75,88.0,
182.5,88.0,
183.25,88.0,
184.0,88.0,-91.07894736842105
184.75,88.0,-91.05480293640615
185.5,88.0,-91.07708191898621
186.25,88.0,-91.17017889110966
187.0,88.0,-91.30708092485548
187.75,88.0,-91.42131362844334
188.5,88.0,-91.45270379817981
189.25,88.0,-91.37428564139198
190.0,88.0,-91.21512005191435
190.75,88.0,-91.11443116594835
191.5,88.0,-91.10901453527138
192.25,88.0,-91.33022387803453
193.0,88.0,-91.51973684210526
193.75,88.0,-91.7124271999671
194.5,88.0,-91.78282668593884
195.25,88.0,-91.95285467783525
196.0,88.0,-91.84999999999998
196.75,88.0,-92.04865599082812
197.5,88.0,-92.21428571428571
198.25,88.0,-91.95323741007192
199.0,88.0,
199.75,88.0,
200.5,88.0,
201.25,88.0,
202.0,88.0,
202.75,88.0,
203.5,88.0,
204.25,88.0,
205.0,88.0,
205.75,88.0,
206.5,88.0,
207.25,88.0,
208.0,88.0,
208.75,88.0,
209.5,88.0,
210.25,88.0,
211.0,88.0,
211.75,88.0,
212.5,88.0,
213.25,88.0,
214.0,88.0,
214.75,88.0,
215.5,88.0,
216.25,88.0,
217.0,88.0,
217.75,88.0,
218.5,88.0,
219.25,88.0,
31.0,88.75,
31.75,88.75,
32.5,88.75,
33.25,88.75,
34.0,88.75,-89.22736418511064
34.75,88.75,-87.01844258362493
35.5,88.75,-86.0578602851136
36.25,88.75,-85.21271538457981
37.0,88.75,-83.23302663688168
37.75,88.75,-82.63834264210247
38.5,88.75,-82.39867546507095
39.25,88.75,-81.06984746160245
40.0,88.75,-80.59455531708524
40.75,88.75,-80.0535792784956
41.5,88.75,-79.55750019586837
42.25,88.75,-78.8786407223032
43.0,88.75,-77.80032086502383
43.75,88.75,-75.1326036990981
44.5,88.75,-71.51498913243704
45.25,88.75,-70.66912418266142
46.0,88.75,-74.60719263748494
46.75,88.75,-79.24003463000001
47.5,88.75,-82.31530749343776
48.25,88.75,-84.07651766159185
49.0,88.75,-85.70705041893915
49.75,88.75,-86.59150828588938
50.5,88.75,-87.20274034998518
51.25,88.75,-90.75
52.0,88.75,-90.97319474835886
52.75,88.75,
53.5,88.75,
54.25,88.75,
55.0,88.75,
55.75,88.75,
56.5,88.75,
57.25,88.75,
58.0,88.75,
58.75,88.75,
59.5,88.75,-76.75262361616191
60.25,88.75,-76.70611743935149
61.0,88.75,-76.87852510803567
61.75,88.75,-76.86393293683243
62.5,88.75,-76.63312536559258
63.25,88.75,-76.85613278638239
64.0,88.75,-75.68198917626329
64.75,88.75,-73.67575455249556
65.5,88.75,-74.92017014435044
66.25,88.75,-78.15575576048143
67.0,88.75,-78.15406759603448
67.75,88.75,-79.47213502917722
68.5,88.75,-81.63155599117364
69.25,88.75,-82.09168513647278
70.0,88.75,-80.69594095964065
70.75,88.75,-79.16366674042929
71.5,88.75,-78.00569627213086
72.25,88.75,-76.26896562803181
73.0,88.75,-73.74625271583481
73.75,88.75,-73.33981469491471
74.5,88.75,-73.14346217373351
75.25,88.75,
76.0,88.75,
76.75,88.75,
77.5,88.75,
78.25,88.75,
79.0,88.75,
79.75,88.75,
80.5,88.75,
81.25,88.75,-92.65920398009949
82.0,88.75,-92.67508417508418
82.75,88.75,-92.43915135263032
83.5,88.75,-92.53410828657327
84.25,88.75,-92.54571675613622
85.0,88.75,-92.47556660485981
85.75,88.75,-92.13190728000606
86.5,88.75,-92.00797455707814
87.25,88.75,-91.99197430088329
88.0,88.75,-92.03657151475102
88.75,88.75,-91.84144647062281
89.5,88.75,-91.0122545508714
90.25,88.75,-89.26717397178213
91.0,88.75,-88.13889480311502
91.75,88.75,-89.22151596352381
92.5,88.75,-91.51767157957423
93.25,88.75,-93.44591029023748
94.0,88.75,-94.40857866903515
94.75,88.75,-94.98314606741573
95.5,88.75,-95.06521739130433
96.25,88.75,-95.02601156069365
97.0,88.75,
97.75,88.75,
98.5,88.75,
99.25,88.75,
100.0,88.75,
100.75,88.75,
101.5,88.75,
102.25,88.75,
103.0,88.75,
103.75,88.75,
104.5,88.75,
105.25,88.75,
106.0,88.75,
106.75,88.75,
107.5,88.75,
108.25,88.75,
109.0,88.75,
109.75,88.75,
110.5,88.75,
111.25,88.75,
112.0,88.75,
112.75,88.75,
113.5,88.75,
114.25,88.75,
115.0,88.75,
115.75,88.75,
116.5,88.75,
117.25,88.75,
118.0,88.75,
118.75,88.75,
119.5,88.75,
120.25,88.75,
121.0,88.75,
121.75,88.75,
122.5,88.75,
123.25,88.75,
124.0,88.75,
124.75,88.75,
125.5,88.75,
126.25,88.75,
127.0,88.75,
127.75,88.75,
128.5,88.75,
129.25,88.75,
130.0,88.75,
130.75,88.75,
131.5,88.75,
132.25,88.75,
133.0,88.75,
133.75,88.75,
134.5,88.75,
135.25,88.75,
136.0,88.75,
136.75,88.75,
137.5,88.75,
138.25,88.75,
139.0,88.75,
139.75,88.75,
140.5,88.75,
141.25,88.75,
142.0,88.75,
142.75,88.75,
143.5,88.75,
144.25,88.75,
145.0,88.75,
145.75,88.75,
146.5,88.75,
147.25,88.75,
148.0,88.75,
148.75,88.75,
149.5,88.75,
150.25,88.75,
151.0,88.75,
151.75,88.75,
152.5,88.75,
153.25,88.75,
154.0,88.75,
154.75,88.75,
155.5,88.75,
156.25,88.75,
157.0,88.75,
157.75,88.75,
158.5,88.75,
159.25,88.75,
160.0,88.75,-87.52571115973741
160.75,88.75,-89.03648068669527
161.5,88.75,-88.78873674538438
162.25,88.75,-88.44799318585679
163.0,88.75,-87.9976412470399
163.75,88.75,-87.48011275210519
164.5,88.75,-87.0704007380485
165.25,88.75,-86.66585477374723
166.0,88.75,-85.56904539400493
166.75,88.75,-83.53003093210633
167.5,88.75,-84.13955701825896
168.25,88.75,-86.20250654983829
169.0,88.75,-87.40754766761786
169.75,88.75,-87.21312683379261
170.5,88.75,-87.50315534813348
171.25,88.75,-88.63375093866145
172.0,88.75,-87.24588235294118
172.75,88.75,
173.5,88.75,
174.25,88.75,
175.0,88.75,
175.75,88.75,
176.5,88.75,
177.25,88.75,
178.0,88.75,
178.75,88.75,
179.5,88.75,
180.25,88.75,
181.0,88.75,
181.75,88.75,
182.5,88.75,
183.25,88.75,-91.0
184.0,88.75,-91.04933403630741
184.75,88.75,-91.00802139037435
185.5,88.75,-91.02594103629195
186.25,88.75,-91.14992362638678
187.0,88.75,-91.34910499156841
187.75,88.75,-91.52666938443835
188.5,88.75,-91.59181059571615
189.25,88.75,-91.45400706871645
190.0,88.75,-91.20281741606091
190.75,88.75,-91.02243844484153
191.5,88.75,-91.06870127082689
192.25,88.75,-91.27596566926765
193.0,88.75,-91.52544530031349
193.75,88.75,-91.76165429585417
194.5,88.75,-91.9668436802121
195.25,88.75,-92.07766990291262
196.0,88.75,-91.96802855668648
196.75,88.75,-91.93491819092493
197.5,88.75,-92.24774774774774
198.25,88.75,-91.91818181818182
199.0,88.75,-91.6304347826087
199.75,88.75,
200.5,88.75,
201.25,88.75,
202.0,88.75,
202.75,88.75,
203.5,88.75,
204.25,88.75,
205.0,88.75,
205.75,88.75,
206.5,88.75,
207.25,88.75,
208.0,88.75,
208.75,88.75,
209.5,88.75,
210.25,88.75,
211.0,88.75,
211.75,88.75,
212.5,88.75,
213.25,88.75,
214.0,88.75,
214.75,88.75,
215.5,88.75,
216.25,88.75,
217.0,88.75,
217.75,88.75,
218.5,88.75,
219.25,88.75,
31.0,89.5,
31.75,89.5,
32.5,89.5,
33.25,89.5,
34.0,89.5,
34.75,89.5,
35.5,89.5,-82.72549019607844
36.25,89.5,-81.77484082482466
37.0,89.5,-81.71505012608402
37.75,89.5,-81.83567262033483
38.5,89.5,-81.7076133460921
39.25,89.5,-80.73348759455435
40.0,89.5,-80.34813900815837
40.75,89.5,-79.85628685701339
41.5,89.5,-79.22974331466193
42.25,89.5,-78.54517433202082
43.0,89.5,-77.1628622691885
43.75,89.5,-75.38213187555307
44.5,89.5,-72.38848024065605
45.25,89.5,-71.89929945852485
46.0,89.5,-76.78451212028178
46.75,89.5,-81.94619656219793
47.5,89.5,-84.34276144700775
48.25,89.5,-85.54292306877825
49.0,89.5,-85.11363096872687
49.75,89.5,-85.12602579463623
50.5,89.5,-84.78444612333554
51.25,89.5,-86.28689991949494
52.0,89.5,-83.4591227808444
52.75,89.5,-82.53080548543822
53.5,89.5,
54.25,89.5,
55.0,89.5,
55.75,89.5,
56.5,89.5,
57.25,89.5,
58.0,89.5,
58.75,89.5,
59.5,89.5,-76.58823529411764
60.25,89.5,-76.76045179521232
61.0,89.5,-76.70718864336398
61.75,89.5,-76.9377826440261
62.5,89.5,-77.49596616610054
63.25,89.5,-77.02906297036736
64.0,89.5,-76.10803204296371
64.75,89.5,-74.58313252761589
65.5,89.5,-75.54387778543533
66.25,89.5,-77.89616646519309
67.0,89.5,-78.2347908745247
67.75,89.5,-79.018088705265
68.5,89.5,-80.7112657424066
69.25,89.5,-81.33416220578187
70.0,89.5,-79.55044517465777
70.75,89.5,-78.30400934611974
71.5,89.5,-77.6739611167419
72.25,89.5,-76.97860625314163
73.0,89.5,-74.44087474491204
73.75,89.5,-73.80929038523126
74.5,89.5,-73.36631016042782
75.25,89.5,
76.0,89.5,
76.75,89.5,
77.5,89.5,
78.25,89.5,
79.0,89.5,
79.75,89.5,
80.5,89.5,
81.25,89.5,-92.62121212121212
82.0,89.5,-92.62345679012346
82.75,89.5,-92.61814345991561
83.5,89.5,-92.38034865293186
84.25,89.5,-92.42130723743449
85.0,89.5,-92.34001077810687
85.75,89.5,-92.01977040483219
86.5,89.5,-91.97984697704655
87.25,89.5,-92.01843071271156
88.0,89.5,-91.98401688742725
88.75,89.5,-91.69163667137003
89.5,89.5,-90.8694263026829
90.25,89.5,-89.55766245757778
91.0,89.5,-88.64140130983033
91.75,89.5,-90.26262400193852
92.5,89.5,-93.53431190479728
93.25,89.5,-95.55998822704696
94.0,89.5,-95.91561432179469
94.75,89.5,-96.02229299363059
95.5,89.5,-95.77586206896551
96.25,89.5,-95.53076923076922
97.0,89.5,
97.75,89.5,
98.5,89.5,
99.25,89.5,
100.0,89.5,
100.75,89.5,
101.5,89.5,
102.25,89.5,
103.0,89.5,
103.75,89.5,
104.5,89.5,
105.25,89.5,
106.0,89.5,
106.75,89.5,
107.5,89.5,
108.25,89.5,
109.0,89.5,
109.75,89.5,
110.5,89.5,
111.25,89.5,
112.0,89.5,
112.75,89.5,
113.5,89.5,
114.25,89.5,
115.0,89.5,
115.75,89.5,
116.5,89.5,
117.25,89.5,
118.0,89.5,
118.75,89.5,
119.5,89.5,
120.25,89.5,
121.0,89.5,
121.75,89.5,
122.5,89.5,
123.25,89.5,
124.0,89.5,
124.75,89.5,
125.5,89.5,
126.25,89.5,
127.0,89.5,
127.75,89.5,
128.5,89.5,
129.25,89.5,
130.0,89.5,
130.75,89.5,
131.5,89.5,
132.25,89.5,
133.0,89.5,
133.75,89.5,
134.5,89.5,
135.25,89.5,
136.0,89.5,
136.75,89.5,
137.5,89.5,
138.25,89.5,
139.0,89.5,
139.75,89.5,
140.5,89.5,
141.25,89.5,
142.0,89.5,
142.75,89.5,
143.5,89.5,
144.25,89.5,
145.0,89.5,
145.75,89.5,
146.5,89.5,
147.25,89.5,
148.0,89.5,
148.75,89.5,
149.5,89.5,
150.25,89.5,
151.0,89.5,
151.75,89.5,
152.5,89.5,
153.25,89.5,
154.0,89.5,
154.75,89.5,
155.5,89.5,
156.25,89.5,
157.0,89.5,
157.75,89.5,
158.5,89.5,-96.36904761904762
159.25,89.5,-91.9973222078693
160.0,89.5,-91.2445919737431
160.75,89.5,-90.68661483290063
161.5,89.5,-88.33221970082081
162.25,89.5,-88.22331498306266
163.0,89.5,-87.49656611408821
163.75,89.5,-86.55475782890126
164.5,89.5,-85.68371671832405
165.25,89.5,-85.28684455586897
166.0,89.5,-84.8546307668241
166.75,89.5,-83.75971163934173
167.5,89.5,-84.11139037538962
168.25,89.5,-85.62168846796745
169.0,89.5,-86.39194280734853
169.75,89.5,-87.08453068752448
170.5,89.5,-86.98171768707482
171.25,89.5,-86.86656891495602
172.0,89.5,-87.02212389380531
172.75,89.5,
173.5,89.5,
174.25,89.5,
175.0,89.5,
175.75,89.5,
176.5,89.5,
177.25,89.5,
178.0,89.5,
178.75,89.5,
179.5,89.5,
180.25,89.5,
181.0,89.5,
181.75,89.5,
182.5,89.5,-91.0
183.25,89.5,-91.11536313908238
184.0,89.5,-91.06228627259404
184.75,89.5,-91.0223303057989
185.5,89.5,-91.04765624999999
186.25,89.5,-91.19711466838173
187.0,89.5,-91.44571122818573
187.75,89.5,-91.70153707138292
188.5,89.5,-91.81790569858258
189.25,89.5,-91.73319048488729
190.0,89.5,-91.37178450789618
190.75,89.5,-91.10750519130593
191.5,89.5,-91.13237083292677
192.25,89.5,-91.35407429799812
193.0,89.5,-91.6158134091992
193.75,89.5,-91.87105454051023
194.5,89.5,-92.10171568627452
195.25,89.5,-92.09800867488813
196.0,89.5,-92.13872717714574
196.75,89.5,-92.07317010181086
197.5,89.5,-92.05444713779602
198.25,89.5,-91.90229885057471
199.0,89.5,-91.54347826086956
199.75,89.5,-91.29611650485437
200.5,89.5,
201.25,89.5,
202.0,89.5,
202.75,89.5,
203.5,89.5,
204.25,89.5,
205.0,89.5,
205.75,89.5,
206.5,89.5,
207.25,89.5,
208.0,89.5,
208.75,89.5,
209.5,89.5,
210.25,89.5,
211.0,89.5,
211.75,89.5,
212.5,89.5,
213.25,89.5,
214.0,89.5,
214.75,89.5,
215.5,89.5,
216.25,89.5,
217.0,89.5,
217.75,89.5,
218.5,89.5,
219.25,89.5,
31.0,90.25,
31.75,90.25,
32.5,90.25,
33.25,90.25,
34.0,90.25,
34.75,90.25,
35.5,90.25,
36.25,90.25,-81.70459205259218
37.0,90.25,-81.64076139248577
37.75,90.25,-81.55318931747713
38.5,90.25,-81.66908224851672
39.25,90.25,-80.43842384982987
40.0,90.25,-80.07570037707391
40.75,90.25,-79.5864875465714
41.5,90.25,-79.1727024413854
42.25,90.25,-78.44928089239883
43.0,90.25,-78.33635776739516
43.75,90.25,-77.129335666635
44.5,90.25,-76.71166028128542
45.25,90.25,-77.89093252466905
46.0,90.25,-82.15298966510844
46.75,90.25,-85.44801022799228
47.5,90.25,-85.7897843569533
48.25,90.25,-86.16683567744897
49.0,90.25,-86.40311030391146
49.75,90.25,-86.2064322961817
50.5,90.25,-85.5055364149139
51.25,90.25,-86.1635066413597
52.0,90.25,-85.02987497043507
52.75,90.25,-81.94366993080418
53.5,90.25,-79.28256070640175
54.25,90.25,-78.53113553113553
55.0,90.25,
55.75,90.25,
56.5,90.25,
57.25,90.25,
58.0,90.25,
58.75,90.25,
59.5,90.25,-76.5558882235529
60.25,90.25,-76.85365412749489
61.0,90.25,-76.85104293552216
61.75,90.25,-76.99226482252308
62.5,90.25,-77.80475205237809
63.25,90.25,-77.72226081148872
64.0,90.25,-77.72361094757895
64.75,90.25,-78.19442450565658
65.5,90.25,-78.05449081273223
66.25,90.25,-78.15210664460886
67.0,90.25,-78.27306986070153
67.75,90.25,-78.0977010580365
68.5,90.25,-77.17928260559142
69.25,90.25,-76.76205322699377
70.0,90.25,-77.67854814806168
70.75,90.25,-77.68626236902655
71.5,90.25,-77.41924722875098
72.25,90.25,-75.91131773480299
73.0,90.25,-74.90920058824369
73.75,90.25,-74.34608555343391
74.5,90.25,-78.1821357285429
75.25,90.25,
76.0,90.25,
76.75,90.25,
77.5,90.25,
78.25,90.25,
79.0,90.25,
79.75,90.25,
80.5,90.25,
81.25,90.25,-92.584388185654
82.0,90.25,-92.57588075880759
82.75,90.25,-92.55673758865247
83.5,90.25,-92.51877934272302
84.25,90.25,-92.35487837438596
85.0,90.25,-92.29274078745262
85.75,90.25,-91.93449464732153
86.5,90.25,-91.89390115626493
87.25,90.25,-92.0604653355813
88.0,90.25,-91.99674754191307
88.75,90.25,-92.14834580441386
89.5,90.25,-91.72160431540966
90.25,90.25,-91.09943522722983
91.0,90.25,-91.28532580348543
91.75,90.25,-93.5569718171006
92.5,90.25,-96.85600806493248
93.25,90.25,-97.93397340118352
94.0,90.25,-97.39705475445808
94.75,90.25,-96.92857142857142
95.5,90.25,-96.382096069869
96.25,90.25,-95.95962732919256
97.0,90.25,
97.75,90.25,
98.5,90.25,
99.25,90.25,
100.0,90.25,
100.75,90.25,
101.5,90.25,
102.25,90.25,
103.0,90.25,
103.75,90.25,
104.5,90.25,
105.25,90.25,
106.0,90.25,
106.75,90.25,
107.5,90.25,
108.25,90.25,
109.0,90.25,
109.75,90.25,
110.5,90.25,
111.25,90.25,
112.0,90.25,
112.75,90.25,
113.5,90.25,
114.25,90.25,
115.0,90.25,
115.75,90.25,
116.5,90.25,
117.25,90.25,
118.0,90.25,
118.75,90.25,
119.5,90.25,
120.25,90.25,
121.0,90.25,
121.75,90.25,
122.5,90.25,
123.25,90.25,
124.0,90.25,
124.75,90.25,
125.5,90.25,
126.25,90.25,
127.0,90.25,
127.75,90.25,
128.5,90.25,
129.25,90.25,
130.0,90.25,
130.75,90.25,
131.5,90.25,
132.25,90.25,
133.0,90.25,
133.75,90.25,
134.5,90.25,
135.25,90.25,
136.0,90.25,
136.75,90.25,
137.5,90.25,
138.25,90.25,
139.0,90.25,
139.75,90.25,
140.5,90.25,
141.25,90.25,
142.0,90.25,
142.75,90.25,
143.5,90.25,
144.25,90.25,
145.0,90.25,
145.75,90.25,
146.5,90.25,
147.25,90.25,
148.0,90.25,
148.75,90.25,
149.5,90.25,
150.25,90.25,
151.0,90.25,
151.75,90.25,
152.5,90.25,
153.25,90.25,
154.0,90.25,
154.75,90.25,
155.5,90.25,
156.25,90.25,
157.0,90.25,
157.75,90.25,-96.94620253164557
158.5,90.25,-96.62037037037038
159.25,90.25,-92.65995858984188
160.0,90.25,-91.87554526311122
160.75,90.25,-91.12246766976448
161.5,90.25,-89.52243134909516
162.25,90.25,-88.85876453956776
163.0,90.25,-87.43617365048803
163.75,90.25,-85.86910360446821
164.5,90.25,-84.0808083749982
165.25,90.25,-83.6514213300388
166.0,90.25,-84.603327425443
166.75,90.25,-84.92581677186028
167.5,90.25,-85.1984929319422
168.25,90.25,-85.91626518228513
169.0,90.25,-86.32236313861928
169.75,90.25,-86.89734905052235
170.5,90.25,-85.43507061042365
171.25,90.25,-86.66062176165804
172.0,90.25,-86.84808853118712
172.75,90.25,
173.5,90.25,
174.25,90.25,
175.0,90.25,
175.75,90.25,
176.5,90.25,
177.25,90.25,
178.0,90.25,
178.75,90.25,
179.5,90.25,
180.25,90.25,
181.0,90.25,
181.75,90.25,-91.0
182.5,90.25,-91.00000000000001
183.25,90.25,-91.15266890334073
184.0,90.25,-91.11981781956933
184.75,90.25,-91.10762883217662
185.5,90.25,-91.15341425742659
186.25,90.25,-91.30384130982367
187.0,90.25,-91.55900961778609
187.75,90.25,-91.86696626539097
188.5,90.25,-92.17661864808579
189.25,90.25,-92.20444299412956
190.0,90.25,-91.86285764519137
190.75,90.25,-91.48945692770258
191.5,90.25,-91.41901350076469
192.25,90.25,-91.53091954289232
193.0,90.25,-91.76279794337343
193.75,90.25,-92.02109929078014
194.5,90.25,-92.29249962380129
195.25,90.25,-92.35180120452146
196.0,90.25,-92.3797560546036
196.75,90.25,-92.26653969747346
197.5,90.25,-92.16519425226184
198.25,90.25,-91.80068678307885
199.0,90.25,-91.48666666666668
199.75,90.25,-91.19767441860465
200.5,90.25,
201.25,90.25,
202.0,90.25,
202.75,90.25,
203.5,90.25,
204.25,90.25,
205.0,90.25,
205.75,90.25,
206.5,90.25,
207.25,90.25,
208.0,90.25,
208.75,90.25,
209.5,90.25,
210.25,90.25,
211.0,90.25,
211.75,90.25,
212.5,90.25,
213.25,90.25,
214.0,90.25,
214.75,90.25,
215.5,90.25,
216.25,90.25,
217.0,90.25,
217.75,90.25,
218.5,90.25,
219.25,90.25,
31.0,91.0,
31.75,91.0,
32.5,91.0,
33.25,91.0,
34.0,91.0,
34.75,91.0,
35.5,91.0,
36.25,91.0,
37.0,91.0,-80.84615384615383
37.75,91.0,-80.80594900849857
38.5,91.0,-80.73376623376623
39.25,91.0,-80.48692168496761
40.0,91.0,-78.51140202702703
40.75,91.0,-78.02140587005981
41.5,91.0,-80.1283884505108
42.25,91.0,-79.90302733364263
43.0,91.0,-79.65573770491804
43.75,91.0,-80.44347454089362
44.5,91.0,-81.01887919222688
45.25,91.0,-82.8876220101072
46.0,91.0,-85.57302231237323
46.75,91.0,-86.47232469601252
47.5,91.0,-86.65085096370174
48.25,91.0,-87.43989061317113
49.0,91.0,-87.9655172413793
49.75,91.0,-87.53741916279793
50.5,91.0,-86.22996848949727
51.25,91.0,-85.82247743295892
52.0,91.0,-84.26488837430233
52.75,91.0,-80.9795449970301
53.5,91.0,-78.31182795698925
54.25,91.0,-77.6236559139785
55.0,91.0,
55.75,91.0,
56.5,91.0,
57.25,91.0,
58.0,91.0,
58.75,91.0,
59.5,91.0,-76.7170542635659
60.25,91.0,-76.78498727735368
61.0,91.0,-77.02173913043478
61.75,91.0,-77.25723619620071
62.5,91.0,-77.44645449667819
63.25,91.0,-78.39146715929482
64.0,91.0,-78.96810278701099
64.75,91.0,-79.87581305670041
65.5,91.0,-79.46590157194525
66.25,91.0,-78.64122122766412
67.0,91.0,-77.47058823529412
67.75,91.0,-76.54407429323572
68.5,91.0,-74.83500192693577
69.25,91.0,-74.22538968176772
70.0,91.0,-76.12444933920705
70.75,91.0,-77.55531199097022
71.5,91.0,-77.32738656254207
72.25,91.0,-77.64268917062384
73.0,91.0,-77.77777777777779
73.75,91.0,-77.90394402035624
74.5,91.0,-77.98643410852712
75.25,91.0,
76.0,91.0,
76.75,91.0,
77.5,91.0,
78.25,91.0,
79.0,91.0,
79.75,91.0,
80.5,91.0,
81.25,91.0,
82.0,91.0,-92.53703703703704
82.75,91.0,-92.51159420289856
83.5,91.0,-92.47101449275362
84.25,91.0,-92.41111111111111
85.0,91.0,-92.42857142857144
85.75,91.0,-91.90723797968158
86.5,91.0,-91.82669310058782
87.25,91.0,-92.55170728842005
88.0,91.0,-92.59491660047658
88.75,91.0,-92.61975065816236
89.5,91.0,-92.58600228702979
90.25,91.0,-92.75872149174015
91.0,91.0,-93.67924528301886
91.75,91.0,-95.94902530350123
92.5,91.0,-98.46572804208054
93.25,91.0,-98.90826719984204
94.0,91.0,-98.17079889807162
94.75,91.0,-97.37284922965503
95.5,91.0,-96.74590163934427
96.25,91.0,-96.24183976261128
97.0,91.0,
97.75,91.0,
98.5,91.0,
99.25,91.0,
100.0,91.0,
100.75,91.0,
101.5,91.0,
102.25,91.0,
103.0,91.0,
103.75,91.0,
104.5,91.0,
105.25,91.0,
106.0,91.0,
106.75,91.0,
107.5,91.0,
108.25,91.0,
109.0,91.0,
109.75,91.0,
110.5,91.0,
111.25,91.0,
112.0,91.0,
112.75,91.0,
113.5,91.0,
114.25,91.0,
115.0,91.0,
115.75,91.0,
116.5,91.0,
117.25,91.0,
118.0,91.0,
118.75,91.0,
119.5,91.0,
120.25,91.0,
121.0,91.0,
121.75,91.0,
122.5,91.0,
123.25,91.0,
124.0,91.0,
124.75,91.0,
125.5,91.0,
126.25,91.0,
127.0,91.0,
127.75,91.0,
128.5,91.0,
129.25,91.0,
130.0,91.0,
130.75,91.0,
131.5,91.0,
132.25,91.0,
133.0,91.0,
133.75,91.0,
134.5,91.0,
135.25,91.0,
136.0,91.0,
136.75,91.0,
137.5,91.0,
138.25,91.0,
139.0,91.0,
139.75,91.0,
140.5,91.0,
141.25,91.0,
142.0,91.0,
142.75,91.0,
143.5,91.0,
144.25,91.0,
145.0,91.0,
145.75,91.0,
146.5,91.0,
147.25,91.0,
148.0,91.0,
148.75,91.0,
149.5,91.0,
150.25,91.0,
151.0,91.0,
151.75,91.0,
152.5,91.0,
153.25,91.0,
154.0,91.0,
154.75,91.0,
155.5,91.0,
156.25,91.0,
157.0,91.0,
157.75,91.0,-97.31870229007633
158.5,91.0,-96.99074074074073
159.25,91.0,-93.5100080692468
160.0,91.0,-92.51871808573802
160.75,91.0,-91.7009837469936
161.5,91.0,-90.30498455967543
162.25,91.0,-89.56353037879984
163.0,91.0,-88.50847457627117
163.75,91.0,-85.96785298425402
164.5,91.0,-83.00928675810661
165.25,91.0,-82.25898487224745
166.0,91.0,-84.34148497348262
166.75,91.0,-85.44509508430751
167.5,91.0,-85.79308571650373
168.25,91.0,-86.09628597910026
169.0,91.0,-85.91304347826086
169.75,91.0,-86.20758882201793
170.5,91.0,-86.4442763463645
171.25,91.0,-86.5378619153675
172.0,91.0,
172.75,91.0,
173.5,91.0,
174.25,91.0,
175.0,91.0,
175.75,91.0,
176.5,91.0,
177.25,91.0,
178.0,91.0,
178.75,91.0,
179.5,91.0,
180.25,91.0,
181.0,91.0,
181.75,91.0,-91.0
182.5,91.0,-91.00000000000001
183.25,91.0,-91.1996840796527
184.0,91.0,-91.18932038834951
184.75,91.0,-91.20163303144832
185.5,91.0,-91.24193481368215
186.25,91.0,-91.34869200010911
187.0,91.0,-91.55555555555554
187.75,91.0,-91.91776687844536
188.5,91.0,-92.37604057174046
189.25,91.0,-92.46765410976133
190.0,91.0,-92.12695749440715
190.75,91.0,-91.79846698252939
191.5,91.0,-91.64524379316994
192.25,91.0,-91.65621589684301
193.0,91.0,-91.83333333333333
193.75,91.0,-92.14354894417107
194.5,91.0,-92.54211856954419
195.25,91.0,-92.70912397885694
196.0,91.0,-92.7074275362319
196.75,91.0,-92.68349514563107
197.5,91.0,-92.32777726045255
198.25,91.0,-91.88573803046921
199.0,91.0,-91.5
199.75,91.0,-91.16666666666667
200.5,91.0,-91.02173913043478
201.25,91.0,
202.0,91.0,
202.75,91.0,
203.5,91.0,
204.25,91.0,
205.0,91.0,
205.75,91.0,
206.5,91.0,
207.25,91.0,
208.0,91.0,
208.75,91.0,
209.5,91.0,
210.25,91.0,
211.0,91.0,
211.75,91.0,
212.5,91.0,
213.25,91.0,
214.0,91.0,
214.75,91.0,
215.5,91.0,
216.25,91.0,
217.0,91.0,
217.75,91.0,
218.5,91.0,
219.25,91.0,
31.0,91.75,
31.75,91.75,
32.5,91.75,
33.25,91.75,
34.0,91.75,
34.75,91.75,
35.5,91.75,
36.25,91.75,
37.0,91.75,
37.75,91.75,-80.73580786026201
38.5,91.75,-80.67433414043583
39.25,91.75,-80.59326424870467
40.0,91.75,-78.20293161535665
40.75,91.75,-77.75070191857745
41.5,91.75,-80.73702306626261
42.25,91.75,-80.82486928399372
43.0,91.75,-81.00462675635318
43.75,91.75,-82.86421264854005
44.5,91.75,-84.10515519545417
45.25,91.75,-86.17708200890934
46.0,91.75,-87.22055309515075
46.75,91.75,-87.91241068980494
47.5,91.75,-88.41702426731021
48.25,91.75,-89.55726455276857
49.0,91.75,-90.39049524672201
49.75,91.75,-89.35259341945236
50.5,91.75,-87.7584485252355
51.25,91.75,-85.28400822606905
52.0,91.75,-83.57168093138796
52.75,91.75,-82.73767074005731
53.5,91.75,-80.00086475408723
54.25,91.75,-80.1663747810858
55.0,91.75,-74.88172043010753
55.75,91.75,-75.61904761904762
56.5,91.75,
57.25,91.75,
58.0,91.75,
58.75,91.75,
59.5,91.75,
60.25,91.75,-76.96009389671362
61.0,91.75,-77.11059190031152
61.75,91.75,-77.45424133686731
62.5,91.75,-77.73389528966895
63.25,91.75,-77.89091351024044
64.0,91.75,-78.54573067807819
64.75,91.75,-79.16993426655023
65.5,91.75,-79.04151857116635
66.25,91.75,-78.20201289981476
67.0,91.75,-77.42546022175355
67.75,91.75,-76.49987252378567
68.5,91.75,-75.33492688862236
69.25,91.75,-75.00184940699607
70.0,91.75,-76.25428155056916
70.75,91.75,-76.72487510706429
71.5,91.75,-77.09121279660174
72.25,91.75,-77.35875742127409
73.0,91.75,-77.50856697819313
73.75,91.75,-77.69131455399061
74.5,91.75,
75.25,91.75,
76.0,91.75,
76.75,91.75,
77.5,91.75,
78.25,91.75,
79.0,91.75,
79.75,91.75,
80.5,91.75,
81.25,91.75,
82.0,91.75,-92.50779727095518
82.75,91.75,-92.481220657277
83.5,91.75,-92.44397759103641
84.25,91.75,-92.39542483660131
85.0,91.75,-92.33882783882784
85.75,91.75,-91.80875244962517
86.5,91.75,-92.34434236406486
87.25,91.75,-92.93347156530348
88.0,91.75,-93.06007298201871
88.75,91.75,-93.26248886910955
89.5,91.75,-93.53049997328142
90.25,91.75,-93.98795925161767
91.0,91.75,-94.88183800250121
91.75,91.75,-96.37959135174744
92.5,91.75,-97.99304291778598
93.25,91.75,-98.42675390766993
94.0,91.75,-97.98018378766876
94.75,91.75,-97.37368056950302
95.5,91.75,-96.8605123326089
96.25,91.75,-96.35405405405406
97.0,91.75,
97.75,91.75,
98.5,91.75,
99.25,91.75,
100.0,91.75,
100.75,91.75,
101.5,91.75,
102.25,91.75,
103.0,91.75,
103.75,91.75,
104.5,91.75,
105.25,91.75,
106.0,91.75,
106.75,91.75,
107.5,91.75,
108.25,91.75,
109.0,91.75,
109.75,91.75,
110.5,91.75,
111.25,91.75,
112.0,91.75,
112.75,91.75,
113.5,91.75,
114.25,91.75,
115.0,91.75,
115.75,91.75,
116.5,91.75,
117.25,91.75,
118.0,91.75,
118.75,91.75,
119.5,91.75,
120.25,91.75,
121.0,91.75,
121.75,91.75,
122.5,91.75,
123.25,91.75,
124.0,91.75,
124.75,91.75,
125.5,91.75,
126.25,91.75,
127.0,91.75,
127.75,91.75,
128.5,91.75,
129.25,91.75,
130.0,91.75,
130.75,91.75,
131.5,91.75,
132.25,91.75,
133.0,91.75,
133.75,91.75,
134.5,91.75,
135.25,91.75,
136.0,91.75,
136.75,91.75,
137.5,91.75,
138.25,91.75,
139.0,91.75,
139.75,91.75,
140.5,91.75,
141.25,91.75,
142.0,91.75,
142.75,91.75,
143.5,91.75,
144.25,91.75,
145.0,91.75,
145.75,91.75,
146.5,91.75,
147.25,91.75,
148.0,91.75,
148.75,91.75,
149.5,91.75,
150.25,91.75,
151.0,91.75,
151.75,91.75,
152.5,91.75,
153.25,91.75,
154.0,91.75,
154.75,91.75,
155.5,91.75,
156.25,91.75,-101.0211267605634
157.0,91.75,-100.94715447154472
157.75,91.75,-98.97775175644028
158.5,91.75,-97.68188192326276
159.25,91.75,-95.1014113479223
160.0,91.75,-94.23556014809773
160.75,91.75,-93.21883812636933
161.5,91.75,-92.28232303511297
162.25,91.75,-90.88093352756395
163.0,91.75,-90.30318358593973
163.75,91.75,-88.5674871457292
164.5,91.75,-86.03867956555527
165.25,91.75,-85.28994274898193
166.0,91.75,-86.23449414539014
166.75,91.75,-86.65844064972902
167.5,91.75,-86.72664749578844
168.25,91.75,-86.77824975622724
169.0,91.75,-86.27562790808226
169.75,91.75,-86.41604746570789
170.5,91.75,-86.55714331090702
171.25,91.75,
172.0,91.75,
172.75,91.75,
173.5,91.75,
174.25,91.75,
175.0,91.75,
175.75,91.75,
176.5,91.75,
177.25,91.75,
178.0,91.75,
178.75,91.75,
179.5,91.75,
180.25,91.75,
181.0,91.75,
181.75,91.75,-91.0
182.5,91.75,-91.00000000000001
183.25,91.75,-91.23746554421514
184.0,91.75,-91.2341730329654
184.75,91.75,-91.23984865720362
185.5,91.75,-91.24997268058135
186.25,91.75,-91.25068311507178
187.0,91.75,-91.33272492386133
187.75,91.75,-91.64358385371072
188.5,91.75,-92.11094896942558
189.25,91.75,-92.25780727741007
190.0,91.75,-92.05761145259356
190.75,91.75,-91.84210470323428
191.5,91.75,-91.66741901260812
192.25,91.75,-91.56953932099809
193.0,91.75,-91.65163085537397
193.75,91.75,-92.13880557268598
194.5,91.75,-92.89961547097789
195.25,91.75,-93.21071864041656
196.0,91.75,-93.11038307054177
196.75,91.75,-92.94259986788583
197.5,91.75,-92.52445044213218
198.25,91.75,-92.03141812898686
199.0,91.75,-91.61864406779661
199.75,91.75,-91.24285714285713
200.5,91.75,-91.07471264367815
201.25,91.75,
202.0,91.75,
202.75,91.75,
203.5,91.75,
204.25,91.75,
205.0,91.75,
205.75,91.75,
206.5,91.75,
207.25,91.75,
208.0,91.75,
208.75,91.75,
209.5,91.75,
210.25,91.75,
211.0,91.75,
211.75,91.75,
212.5,91.75,
213.25,91.75,
214.0,91.75,
214.75,91.75,
215.5,91.75,
216.25,91.75,
217.0,91.75,
217.75,91.75,
218.5,91.75,
219.25,91.75,
31.0,92.5,
31.75,92.5,
32.5,92.5,
33.25,92.5,
34.0,92.5,
34.75,92.5,
35.5,92.5,
36.25,92.5,
37.0,92.5,
37.75,92.5,
38.5,92.5,
39.25,92.5,-80.57072691552062
40.0,92.5,-80.5
40.75,92.5,-77.56389118979222
41.5,92.5,-81.29856556120885
42.25,92.5,-81.71031726827522
43.0,92.5,-82.38674801570622
43.75,92.5,-85.19511993590774
44.5,92.5,-86.61247209192766
45.25,92.5,-88.49224708412653
46.0,92.5,-90.2192923876368
46.75,92.5,-92.49827819125397
47.5,92.5,-92.0836431226766
48.25,92.5,-92.13382645340047
49.0,92.5,-93.76283399153274
49.75,92.5,-91.36144762170152
50.5,92.5,-87.14675796519265
51.25,92.5,-83.24498043793119
52.0,92.5,-81.33544154194095
52.75,92.5,-80.94776449614106
53.5,92.5,-78.93406593406593
54.25,92.5,-79.58083824219077
55.0,92.5,-75.44086021505376
55.75,92.5,-76.22958057395142
56.5,92.5,
57.25,92.5,
58.0,92.5,
58.75,92.5,
59.5,92.5,
60.25,92.5,-77.08700209643605
61.0,92.5,-77.25268817204302
61.75,92.5,-77.58351492060179
62.5,92.5,-77.85439112859844
63.25,92.5,-77.65011518186606
64.0,92.5,-77.7990211531214
64.75,92.5,-78.03314871966711
65.5,92.5,-77.81727613147798
66.25,92.5,-77.97483581690501
67.0,92.5,-77.48771093176818
67.75,92.5,-76.91569543429027
68.5,92.5,-76.24526143035459
69.25,92.5,-75.99234697293986
70.0,92.5,-76.19496558480331
70.75,92.5,-76.55039501734538
71.5,92.5,-77.05354233588983
72.25,92.5,-77.24115006719816
73.0,92.5,-77.33602150537635
73.75,92.5,-77.53721174004193
74.5,92.5,
75.25,92.5,
76.0,92.5,
76.75,92.5,
77.5,92.5,
78.25,92.5,
79.0,92.5,
79.75,92.5,
80.5,92.5,
81.25,92.5,
82.0,92.5,
82.75,92.5,-92.46190476190476
83.5,92.5,-92.4298245614035
84.25,92.5,-92.39135802469137
85.0,92.5,-92.3494623655914
85.75,92.5,-93.34145755380867
86.5,92.5,-92.53756476683938
87.25,92.5,-93.37471152742309
88.0,92.5,-93.66865935676205
88.75,92.5,-94.0040004738625
89.5,92.5,-94.41785254980186
90.25,92.5,-94.90175726214628
91.0,92.5,-95.48041429361844
91.75,92.5,-96.37681430352853
92.5,92.5,-97.30567081604426
93.25,92.5,-97.59629116169522
94.0,92.5,-97.4564450091769
94.75,92.5,-97.12497815067294
95.5,92.5,-96.77637130801688
96.25,92.5,-98.45040214477211
97.0,92.5,
97.75,92.5,
98.5,92.5,
99.25,92.5,
100.0,92.5,
100.75,92.5,
101.5,92.5,
102.25,92.5,
103.0,92.5,
103.75,92.5,
104.5,92.5,
105.25,92.5,
106.0,92.5,
106.75,92.5,
107.5,92.5,
108.25,92.5,
109.0,92.5,
109.75,92.5,
110.5,92.5,
111.25,92.5,
112.0,92.5,
112.75,92.5,
113.5,92.5,
114.25,92.5,
115.0,92.5,
115.75,92.5,
116.5,92.5,
117.25,92.5,
118.0,92.5,
118.75,92.5,
119.5,92.5,
120.25,92.5,
121.0,92.5,
121.75,92.5,
122.5,92.5,
123.25,92.5,
124.0,92.5,
124.75,92.5,
125.5,92.5,
126.25,92.5,
127.0,92.5,
127.75,92.5,
128.5,92.5,
129.25,92.5,
130.0,92.5,
130.75,92.5,
131.5,92.5,
132.25,92.5,
133.0,92.5,
133.75,92.5,
134.5,92.5,
135.25,92.5,
136.0,92.5,
136.75,92.5,
137.5,92.5,
138.25,92.5,
139.0,92.5,
139.75,92.5,
140.5,92.5,
141.25,92.5,
142.0,92.5,
142.75,92.5,
143.5,92.5,
144.25,92.5,
145.0,92.5,
145.75,92.5,
146.5,92.5,
147.25,92.5,
148.0,92.5,
148.75,92.5,
149.5,92.5,
150.25,92.5,
151.0,92.5,
151.75,92.5,
152.5,92.5,
153.25,92.5,
154.0,92.5,
154.75,92.5,
155.5,92.5,-101.08823529411765
156.25,92.5,-100.99549549549549
157.0,92.5,-100.8913043478261
157.75,92.5,-98.38285073419311
158.5,92.5,-98.19674338883446
159.25,92.5,-96.12045007596949
160.0,92.5,-95.14119771678385
160.75,92.5,-93.89738352915408
161.5,92.5,-92.79029141545155
162.25,92.5,-92.26845272348599
163.0,92.5,-92.09762649149816
163.75,92.5,-91.01614273962284
164.5,92.5,-90.51412510810034
165.25,92.5,-90.76967035992078
166.0,92.5,-89.20230308871336
166.75,92.5,-88.17563548673557
167.5,92.5,-87.67709367681579
168.25,92.5,-87.44313623118633
169.0,92.5,-86.67909782479495
169.75,92.5,-85.63142015064989
170.5,92.5,-85.53239964493538
171.25,92.5,
172.0,92.5,
172.75,92.5,
173.5,92.5,
174.25,92.5,
175.0,92.5,
175.75,92.5,
176.5,92.5,
177.25,92.5,
178.0,92.5,
178.75,92.5,
179.5,92.5,
180.25,92.5,
181.0,92.5,
181.75,92.5,-91.0
182.5,92.5,-91.0
183.25,92.5,-91.25981353132767
184.0,92.5,-91.24989380681336
184.75,92.5,-91.23172194289404
185.5,92.5,-91.18844221105527
186.25,92.5,-91.10661588935929
187.0,92.5,-91.0563785692355
187.75,92.5,-91.24236788953982
188.5,92.5,-91.63582837689107
189.25,92.5,-91.9021234215066
190.0,92.5,-91.90823898101932
190.75,92.5,-91.76640675045051
191.5,92.5,-91.57331331963975
192.25,92.5,-91.32428325876852
193.0,92.5,-91.1810987282921
193.75,92.5,-91.91584603037785
194.5,92.5,-93.44626524390246
195.25,92.5,-93.78297688033932
196.0,92.5,-93.5402057526769
196.75,92.5,-93.15128098894851
197.5,92.5,-92.69938065745593
198.25,92.5,-92.20449281941946
199.0,92.5,-91.83333333333334
199.75,92.5,-91.42957746478874
200.5,92.5,-91.22727272727272
201.25,92.5,
202.0,92.5,
202.75,92.5,
203.5,92.5,
204.25,92.5,
205.0,92.5,
205.75,92.5,
206.5,92.5,
207.25,92.5,
208.0,92.5,
208.75,92.5,
209.5,92.5,
210.25,92.5,
211.0,92.5,
211.75,92.5,
212.5,92.5,
213.25,92.5,
214.0,92.5,
214.75,92.5,
215.5,92.5,
216.25,92.5,
217.0,92.5,
217.75,92.5,
218.5,92.5,
219.25,92.5,
31.0,93.25,
31.75,93.25,
32.5,93.25,
33.25,93.25,
34.0,93.25,
34.75,93.25,
35.5,93.25,
36.25,93.25,
37.0,93.25,
37.75,93.25,
38.5,93.25,
39.25,93.25,
40.0,93.25,
40.75,93.25,
41.5,93.25,-83.35139318885449
42.25,93.25,-83.88398509937832
43.0,93.25,-84.68812923781013
43.75,93.25,-87.20456562283786
44.5,93.25,-88.51212781290651
45.25,93.25,-90.1753194466445
46.0,93.25,-91.32442154344544
46.75,93.25,-93.54367941216492
47.5,93.25,-92.98373772912225
48.25,93.25,-92.68230479048543
49.0,93.25,-94.59853254416987
49.75,93.25,-91.14596432446756
50.5,93.25,-83.5879538173206
51.25,93.25,-78.60978680338297
52.0,93.25,-78.52408530698504
52.75,93.25,-79.2845691083611
53.5,93.25,-77.87223238265763
54.25,93.25,-78.62917750563466
55.0,93.25,-72.98749909909014
55.75,93.25,-72.93707481753155
56.5,93.25,-72.66852894211839
57.25,93.25,
58.0,93.25,
58.75,93.25,
59.5,93.25,-77.1698344573881
60.25,93.25,-77.59047848385329
61.0,93.25,-78.92822221846296
61.75,93.25,-78.63241852378927
62.5,93.25,-77.72973476888168
63.25,93.25,-77.31008062633379
64.0,93.25,-77.21326717472422
64.75,93.25,-77.27302546995007
65.5,93.25,-77.17341998113073
66.25,93.25,-76.99861240450312
67.0,93.25,-76.78447799178738
67.75,93.25,-77.07764145328865
68.5,93.25,-76.73284305690643
69.25,93.25,-76.51711835865923
70.0,93.25,-76.50837119718359
70.75,93.25,-76.3328728447477
71.5,93.25,-76.29653430994502
72.25,93.25,-77.249208963634
73.0,93.25,-77.24773242630386
73.75,93.25,
74.5,93.25,
75.25,93.25,
76.0,93.25,
76.75,93.25,
77.5,93.25,
78.25,93.25,
79.0,93.25,
79.75,93.25,
80.5,93.25,
81.25,93.25,
82.0,93.25,
82.75,93.25,
83.5,93.25,
84.25,93.25,
85.0,93.25,
85.75,93.25,-93.95273631840796
86.5,93.25,-94.19969969969969
87.25,93.25,-93.1573116451337
88.0,93.25,-94.43000031411373
88.75,93.25,-94.90039840637449
89.5,93.25,-95.41476178620316
90.25,93.25,-95.87427790402556
91.0,93.25,-96.18640331521094
91.75,93.25,-96.62260996001454
92.5,93.25,-96.84353741496598
93.25,93.25,-97.00291806958475
94.0,93.25,-96.99063697666523
94.75,93.25,-96.84006642661012
95.5,93.25,-98.3465703971119
96.25,93.25,-98.32432432432434
97.0,93.25,
97.75,93.25,
98.5,93.25,
99.25,93.25,
100.0,93.25,
100.75,93.25,
101.5,93.25,
102.25,93.25,
103.0,93.25,
103.75,93.25,
104.5,93.25,
105.25,93.25,
106.0,93.25,
106.75,93.25,
107.5,93.25,
108.25,93.25,
109.0,93.25,
109.75,93.25,
110.5,93.25,
111.25,93.25,
112.0,93.25,
112.75,93.25,
113.5,93.25,
114.25,93.25,
115.0,93.25,
115.75,93.25,
116.5,93.25,
117.25,93.25,
118.0,93.25,
118.75,93.25,
119.5,93.25,
120.25,93.25,
121.0,93.25,
121.75,93.25,
122.5,93.25,
123.25,93.25,
124.0,93.25,
124.75,93.25,
125.5,93.25,
126.25,93.25,
127.0,93.25,
127.75,93.25,
128.5,93.25,
129.25,93.25,
130.0,93.25,
130.75,93.25,
131.5,93.25,
132.25,93.25,
133.0,93.25,
133.75,93.25,
134.5,93.25,
135.25,93.25,
136.0,93.25,
136.75,93.25,
137.5,93.25,
138.25,93.25,
139.0,93.25,
139.75,93.25,
140.5,93.25,
141.25,93.25,
142.0,93.25,
142.75,93.25,
143.5,93.25,
144.25,93.25,
145.0,93.25,
145.75,93.25,
146.5,93.25,
147.25,93.25,
148.0,93.25,
148.75,93.25,
149.5,93.25,
150.25,93.25,
151.0,93.25,
151.75,93.25,
152.5,93.25,
153.25,93.25,
154.0,93.25,
154.75,93.25,-101.19014084507043
155.5,93.25,-98.929927936008
156.25,93.25,-99.24203692914978
157.0,93.25,-98.57089221109565
157.75,93.25,-97.68833318330438
158.5,93.25,-97.90272441418709
159.25,93.25,-97.70982939066366
160.0,93.25,-96.30630861666599
160.75,93.25,-94.75359139959943
161.5,93.25,-93.30242459413842
162.25,93.25,-92.52393818903828
163.0,93.25,-92.46565168175488
163.75,93.25,-91.71379817903022
164.5,93.25,-91.54293949639798
165.25,93.25,-91.73080975128443
166.0,93.25,-90.37150569704515
166.75,93.25,-89.02673715613282
167.5,93.25,-88.14766080974633
168.25,93.25,-87.59469286767137
169.0,93.25,-86.30731611827562
169.75,93.25,-86.02783246603654
170.5,93.25,-85.84829721362229
171.25,93.25,
172.0,93.25,
172.75,93.25,
173.5,93.25,
174.25,93.25,
175.0,93.25,
175.75,93.25,
176.5,93.25,
177.25,93.25,
178.0,93.25,
178.75,93.25,
179.5,93.25,
180.25,93.25,
181.0,93.25,
181.75,93.25,-92.44383455343235
182.5,93.25,-92.24682684171388
183.25,93.25,-92.01767081970009
184.0,93.25,-91.87250505234172
184.75,93.25,-91.22097633502665
185.5,93.25,-91.15903511946092
186.25,93.25,-91.0686709045314
187.0,93.25,-91.01022656477579
187.75,93.25,-91.1216565077307
188.5,93.25,-91.37949680102392
189.25,93.25,-91.71160960192987
190.0,93.25,-91.76804486402703
190.75,93.25,-91.70119059630713
191.5,93.25,-91.53301963017748
192.25,93.25,-91.26002342341701
193.0,93.25,-91.0495550687438
193.75,93.25,-91.82967160037003
194.5,93.25,-93.61049127169261
195.25,93.25,-93.92857142857143
196.0,93.25,-93.60284623135581
196.75,93.25,-93.21177922764943
197.5,93.25,-92.79062767276416
198.25,93.25,-92.34758809442353
199.0,93.25,-92.0820895522388
199.75,93.25,-91.67948717948718
200.5,93.25,-91.44736842105263
201.25,93.25,
202.0,93.25,
202.75,93.25,
203.5,93.25,
204.25,93.25,
205.0,93.25,
205.75,93.25,
206.5,93.25,
207.25,93.25,
208.0,93.25,
208.75,93.25,
209.5,93.25,
210.25,93.25,
211.0,93.25,
211.75,93.25,
212.5,93.25,
213.25,93.25,
214.0,93.25,
214.75,93.25,
215.5,93.25,
216.25,93.25,
217.0,93.25,
217.75,93.25,
218.5,93.25,
219.25,93.25,
31.0,94.0,
31.75,94.0,
32.5,94.0,
33.25,94.0,
34.0,94.0,
34.75,94.0,
35.5,94.0,
36.25,94.0,
37.0,94.0,
37.75,94.0,
38.5,94.0,
39.25,94.0,
40.0,94.0,
40.75,94.0,
41.5,94.0,
42.25,94.0,-84.70271977375226
43.0,94.0,-85.54138770541691
43.75,94.0,-88.04599546361997
44.5,94.0,-89.19160802916264
45.25,94.0,-88.78577329640076
46.0,94.0,-90.44059405940595
46.75,94.0,-91.58992100771877
47.5,94.0,-91.27135401202626
48.25,94.0,-90.52420415527494
49.0,94.0,-90.05983772819472
49.75,94.0,-84.52257621939002
50.5,94.0,-75.01733524206462
51.25,94.0,-71.36896700279199
52.0,94.0,-73.95987654320989
52.75,94.0,-76.38765410979599
53.5,94.0,-77.7033828422835
54.25,94.0,-78.8157949236889
55.0,94.0,-77.05361596009973
55.75,94.0,-75.85864639412522
56.5,94.0,-72.08345021037867
57.25,94.0,-73.46779890052517
58.0,94.0,-75.03571428571429
58.75,94.0,-75.36507936507938
59.5,94.0,-75.73333333333333
60.25,94.0,-77.2636408709317
61.0,94.0,-77.73493975903615
61.75,94.0,-77.305963967775
62.5,94.0,-77.66671326138645
63.25,94.0,-77.52269620948078
64.0,94.0,-77.40025006946374
64.75,94.0,-76.71925655708274
65.5,94.0,-76.82245970258019
66.25,94.0,-77.30500618230496
67.0,94.0,-77.38993390950688
67.75,94.0,-77.09456524072203
68.5,94.0,-76.89589836845214
69.25,94.0,-76.65374657094743
70.0,94.0,-76.41215445996009
70.75,94.0,-76.11021696342264
71.5,94.0,-76.19135359083427
72.25,94.0,-77.31784707082768
73.0,94.0,
73.75,94.0,
74.5,94.0,
75.25,94.0,
76.0,94.0,
76.75,94.0,
77.5,94.0,
78.25,94.0,
79.0,94.0,
79.75,94.0,
80.5,94.0,
81.25,94.0,
82.0,94.0,
82.75,94.0,
83.5,94.0,
84.25,94.0,
85.0,94.0,
85.75,94.0,-94.40929705215419
86.5,94.0,-94.71505376344085
87.25,94.0,-95.12305295950155
88.0,94.0,-94.98165137614679
88.75,94.0,-95.5094205810799
89.5,94.0,-96.06444893400761
90.25,94.0,-96.5154859497996
91.0,94.0,-96.81542699724517
91.75,94.0,-96.78969977623817
92.5,94.0,-96.747934581015
93.25,94.0,-96.74498532195882
94.0,94.0,-96.71794871794872
94.75,94.0,-98.11059907834102
95.5,94.0,-98.16438356164383
96.25,94.0,-98.18701298701298
97.0,94.0,
97.75,94.0,
98.5,94.0,
99.25,94.0,
100.0,94.0,
100.75,94.0,
101.5,94.0,
102.25,94.0,
103.0,94.0,
103.75,94.0,
104.5,94.0,
105.25,94.0,
106.0,94.0,
106.75,94.0,
107.5,94.0,
108.25,94.0,
109.0,94.0,
109.75,94.0,
110.5,94.0,
111.25,94.0,
112.0,94.0,
112.75,94.0,
113.5,94.0,
114.25,94.0,
115.0,94.0,
115.75,94.0,
116.5,94.0,
117.25,94.0,
118.0,94.0,
118.75,94.0,
119.5,94.0,
120.25,94.0,
121.0,94.0,
121.75,94.0,
122.5,94.0,
123.25,94.0,
124.0,94.0,
124.75,94.0,
125.5,94.0,
126.25,94.0,
127.0,94.0,
127.75,94.0,
128.5,94.0,
129.25,94.0,
130.0,94.0,
130.75,94.0,
131.5,94.0,
132.25,94.0,
133.0,94.0,
133.75,94.0,
134.5,94.0,
135.25,94.0,
136.0,94.0,
136.75,94.0,
137.5,94.0,
138.25,94.0,
139.0,94.0,
139.75,94.0,
140.5,94.0,
141.25,94.0,
142.0,94.0,
142.75,94.0,
143.5,94.0,
144.25,94.0,
145.0,94.0,
145.75,94.0,
146.5,94.0,
147.25,94.0,
148.0,94.0,
148.75,94.0,
149.5,94.0,
150.25,94.0,
151.0,94.0,
151.75,94.0,
152.5,94.0,
153.25,94.0,
154.0,94.0,-98.1860465116279
154.75,94.0,-98.46323630562395
155.5,94.0,-98.81240087993042
156.25,94.0,-97.37506702275853
157.0,94.0,-97.97126592572515
157.75,94.0,-98.27720289005518
158.5,94.0,-98.8336618341878
159.25,94.0,-98.75782048770411
160.0,94.0,-97.69736842105263
160.75,94.0,-96.13921156774869
161.5,94.0,-94.03281883521737
162.25,94.0,-92.92469704293774
163.0,94.0,-92.4415026164964
163.75,94.0,-92.0486667431498
164.5,94.0,-91.277063535602
165.25,94.0,-90.95917109322413
166.0,94.0,-90.3120212139069
166.75,94.0,-89.34711336204016
167.5,94.0,-88.59285194302542
168.25,94.0,-88.04066637071872
169.0,94.0,-86.67133292757151
169.75,94.0,-86.34129036923746
170.5,94.0,
171.25,94.0,
172.0,94.0,
172.75,94.0,
173.5,94.0,
174.25,94.0,
175.0,94.0,
175.75,94.0,
176.5,94.0,
177.25,94.0,
178.0,94.0,
178.75,94.0,
179.5,94.0,
180.25,94.0,
181.0,94.0,
181.75,94.0,-92.867830416775
182.5,94.0,-92.66876079786397
183.25,94.0,-92.40568045123527
184.0,94.0,-92.14583333333334
184.75,94.0,-91.84200268488172
185.5,94.0,-91.54083612422495
186.25,94.0,-91.30172343559562
187.0,94.0,-91.10381861575179
187.75,94.0,-91.17140522965326
188.5,94.0,-91.32769351216271
189.25,94.0,-91.62356942683071
190.0,94.0,-91.70408163265309
190.75,94.0,-91.6928919213629
191.5,94.0,-91.60660330639584
192.25,94.0,-91.48496420692496
193.0,94.0,-91.51785714285714
193.75,94.0,-92.11496882157273
194.5,94.0,-93.16666666666667
195.25,94.0,-93.55263157894737
196.0,94.0,-93.38317757009347
196.75,94.0,-93.11293642812309
197.5,94.0,-92.78321678321677
198.25,94.0,-92.42658289977422
199.0,94.0,-92.29999999999998
199.75,94.0,-91.92857142857142
200.5,94.0,-91.68518518518519
201.25,94.0,
202.0,94.0,
202.75,94.0,
203.5,94.0,
204.25,94.0,
205.0,94.0,
205.75,94.0,
206.5,94.0,
207.25,94.0,
208.0,94.0,
208.75,94.0,
209.5,94.0,
210.25,94.0,
211.0,94.0,
211.75,94.0,
212.5,94.0,
213.25,94.0,
214.0,94.0,
214.75,94.0,
215.5,94.0,
216.25,94.0,
217.0,94.0,
217.75,94.0,
218.5,94.0,
219.25,94.0,
31.0,94.75,
31.75,94.75,
32.5,94.75,
33.25,94.75,
34.0,94.75,
34.75,94.75,
35.5,94.75,
36.25,94.75,
37.0,94.75,
37.75,94.75,
38.5,94.75,
39.25,94.75,
40.0,94.75,
40.75,94.75,
41.5,94.75,
42.25,94.75,
43.0,94.75,-91.08969465648853
43.75,94.75,-88.50228053606881
44.5,94.75,-89.43938961374403
45.25,94.75,-88.00777400562741
46.0,94.75,-88.92898440358744
46.75,94.75,-90.27755557315594
47.5,94.75,-89.52648752907939
48.25,94.75,-87.84772759925008
49.0,94.75,-84.56534649930707
49.75,94.75,-76.74913877595743
50.5,94.75,-66.44466942395368
51.25,94.75,-64.2849508496801
52.0,94.75,-70.2644847260771
52.75,94.75,-75.66567558249965
53.5,94.75,-78.82240603438139
54.25,94.75,-79.71381123948112
55.0,94.75,-77.18860005583619
55.75,94.75,-76.27332981186794
56.5,94.75,-75.32967780128034
57.25,94.75,-74.78783891450783
58.0,94.75,-74.55667236819684
58.75,94.75,-71.75101894567116
59.5,94.75,-75.63754045307444
60.25,94.75,-76.18300653594771
61.0,94.75,-77.42474681474869
61.75,94.75,-77.06261897314968
62.5,94.75,-77.11809041695025
63.25,94.75,-77.90745573184712
64.0,94.75,-77.56818642365617
64.75,94.75,-77.29075218336176
65.5,94.75,-76.86361222739313
66.25,94.75,-77.41054223481562
67.0,94.75,-77.91826180925501
67.75,94.75,-77.3592253746864
68.5,94.75,-76.60793027953024
69.25,94.75,-76.55582102082349
70.0,94.75,-76.21707041890059
70.75,94.75,-75.42575200309567
71.5,94.75,-74.8546255506608
72.25,94.75,-74.77697775739509
73.0,94.75,
73.75,94.75,
74.5,94.75,
75.25,94.75,
76.0,94.75,
76.75,94.75,
77.5,94.75,
78.25,94.75,
79.0,94.75,
79.75,94.75,
80.5,94.75,
81.25,94.75,
82.0,94.75,
82.75,94.75,
83.5,94.75,
84.25,94.75,
85.0,94.75,
85.75,94.75,-94.78112449799195
86.5,94.75,-95.1060606060606
87.25,94.75,-95.50529100529101
88.0,94.75,-95.94927536231884
88.75,94.75,-97.2751677852349
89.5,94.75,-96.64139210561805
90.25,94.75,-96.89548074753317
91.0,94.75,-96.98996089759855
91.75,94.75,-96.91754459896052
92.5,94.75,-96.78302879134306
93.25,94.75,-97.53246753246754
94.0,94.75,-97.75129533678756
94.75,94.75,-97.90400000000001
95.5,94.75,-98.0
96.25,94.75,-98.05741626794257
97.0,94.75,
97.75,94.75,
98.5,94.75,
99.25,94.75,
100.0,94.75,
100.75,94.75,
101.5,94.75,
102.25,94.75,
103.0,94.75,
103.75,94.75,
104.5,94.75,
105.25,94.75,
106.0,94.75,
106.75,94.75,
107.5,94.75,
108.25,94.75,
109.0,94.75,
109.75,94.75,
110.5,94.75,
111.25,94.75,
112.0,94.75,
112.75,94.75,
113.5,94.75,
114.25,94.75,
115.0,94.75,
115.75,94.75,
116.5,94.75,
117.25,94.75,
118.0,94.75,
118.75,94.75,
119.5,94.75,
120.25,94.75,
121.0,94.75,
121.75,94.75,
122.5,94.75,
123.25,94.75,
124.0,94.75,
124.75,94.75,
125.5,94.75,
126.25,94.75,
127.0,94.75,
127.75,94.75,
128.5,94.75,
129.25,94.75,
130.0,94.75,
130.75,94.75,
131.5,94.75,
132.25,94.75,
133.0,94.75,
133.75,94.75,
134.5,94.75,
135.25,94.75,
136.0,94.75,
136.75,94.75,
137.5,94.75,
138.25,94.75,
139.0,94.75,
139.75,94.75,
140.5,94.75,
141.25,94.75,
142.0,94.75,
142.75,94.75,
143.5,94.75,
144.25,94.75,
145.0,94.75,
145.75,94.75,
146.5,94.75,
147.25,94.75,
148.0,94.75,
148.75,94.75,
149.5,94.75,
150.25,94.75,
151.0,94.75,
151.75,94.75,
152.5,94.75,
153.25,94.75,-95.43103448275862
154.0,94.75,-97.88612129362701
154.75,94.75,-98.16842105263157
155.5,94.75,-96.68868047936232
156.25,94.75,-97.27227939214475
157.0,94.75,-97.57708492982725
157.75,94.75,-98.55523547138736
158.5,94.75,-99.59889673260193
159.25,94.75,-99.78036559830193
160.0,94.75,-98.28933011960308
160.75,94.75,-96.36493235694294
161.5,94.75,-94.99328779101339
162.25,94.75,-94.0451633001488
163.0,94.75,-92.84718983340943
163.75,94.75,-91.68472707939955
164.5,94.75,-91.40527275587527
165.25,94.75,-90.83969332544278
166.0,94.75,-90.06432401406029
166.75,94.75,-89.33613816895694
167.5,94.75,-88.77150341330146
168.25,94.75,-88.29883976204853
169.0,94.75,-88.11959287531806
169.75,94.75,
170.5,94.75,
171.25,94.75,
172.0,94.75,
172.75,94.75,
173.5,94.75,
174.25,94.75,
175.0,94.75,
175.75,94.75,
176.5,94.75,
177.25,94.75,
178.0,94.75,
178.75,94.75,
179.5,94.75,
180.25,94.75,
181.0,94.75,
181.75,94.75,-94.04726368159203
182.5,94.75,-93.8003003003003
183.25,94.75,-93.4290780141844
184.0,94.75,-92.5923851336008
184.75,94.75,-92.2228775990114
185.5,94.75,-91.8832265064454
186.25,94.75,-91.63235001955437
187.0,94.75,-91.55886445095301
187.75,94.75,-91.2577076532463
188.5,94.75,-91.3481846735048
189.25,94.75,-91.4209605748322
190.0,94.75,-91.69481573032306
190.75,94.75,-91.7234071834394
191.5,94.75,-91.7180577429949
192.25,94.75,-91.72707071289587
193.0,94.75,-91.9467223427072
193.75,94.75,-92.31818181818181
194.5,94.75,-92.84782608695652
195.25,94.75,-93.16666666666666
196.0,94.75,-93.24418604651162
196.75,94.75,-92.937576813721
197.5,94.75,-92.71097810335624
198.25,94.75,-92.44581395613267
199.0,94.75,-92.45959595959597
199.75,94.75,-92.13636363636363
200.5,94.75,-91.90157480314961
201.25,94.75,
202.0,94.75,
202.75,94.75,
203.5,94.75,
204.25,94.75,
205.0,94.75,
205.75,94.75,
206.5,94.75,
207.25,94.75,
208.0,94.75,
208.75,94.75,
209.5,94.75,
210.25,94.75,
211.0,94.75,
211.75,94.75,
212.5,94.75,
213.25,94.75,
214.0,94.75,
214.75,94.75,
215.5,94.75,
216.25,94.75,
217.0,94.75,
217.75,94.75,
218.5,94.75,
219.25,94.75,
31.0,95.5,
31.75,95.5,
32.5,95.5,
33.25,95.5,
34.0,95.5,
34.75,95.5,
35.5,95.5,
36.25,95.5,
37.0,95.5,
37.75,95.5,
38.5,95.5,
39.25,95.5,
40.0,95.5,
40.75,95.5,
41.5,95.5,
42.25,95.5,
43.0,95.5,
43.75,95.5,-92.24018599307345
44.5,95.5,-92.42233009708737
45.25,95.5,-88.75850807418713
46.0,95.5,-88.77856853689444
46.75,95.5,-88.37143876660149
47.5,95.5,-87.31376866512362
48.25,95.5,-85.50934678880941
49.0,95.5,-81.58136530473047
49.75,95.5,-74.98477841479175
50.5,95.5,-67.5674475625335
51.25,95.5,-66.00493228676827
52.0,95.5,-72.98676601055124
52.75,95.5,-79.1605133864805
53.5,95.5,-81.30087310403538
54.25,95.5,-80.70194786189158
55.0,95.5,-77.58966245718871
55.75,95.5,-75.9234623564456
56.5,95.5,-74.64181779888199
57.25,95.5,-75.20626927807359
58.0,95.5,-72.59356304927192
58.75,95.5,-72.80224916377061
59.5,95.5,-71.61351731814312
60.25,95.5,-74.533137326119
61.0,95.5,-74.52513206999411
61.75,95.5,-77.10976796732324
62.5,95.5,-77.09168456047547
63.25,95.5,-77.82537830968565
64.0,95.5,-77.32455812394447
64.75,95.5,-76.88744101483162
65.5,95.5,-76.03410372939835
66.25,95.5,-76.7584428343503
67.0,95.5,-77.39815303690168
67.75,95.5,-76.72246613161535
68.5,95.5,-75.857810026431
69.25,95.5,-75.55482133647418
70.0,95.5,-75.52135922330098
70.75,95.5,-75.45653273147742
71.5,95.5,-75.41785672594264
72.25,95.5,-74.75264805169681
73.0,95.5,
73.75,95.5,
74.5,95.5,
75.25,95.5,
76.0,95.5,
76.75,95.5,
77.5,95.5,
78.25,95.5,
79.0,95.5,
79.75,95.5,
80.5,95.5,
81.25,95.5,
82.0,95.5,
82.75,95.5,
83.5,95.5,
84.25,95.5,
85.0,95.5,
85.75,95.5,
86.5,95.5,
87.25,95.5,
88.0,95.5,
88.75,95.5,
89.5,95.5,-97.14285714285715
90.25,95.5,-97.05676855895196
91.0,95.5,-97.02040816326532
91.75,95.5,-97.0718232044199
92.5,95.5,-97.21739130434783
93.25,95.5,-97.41463414634144
94.0,95.5,-97.6065573770492
94.75,95.5,-97.76079734219269
95.5,95.5,-97.87234042553193
96.25,95.5,-97.94882729211088
97.0,95.5,
97.75,95.5,
98.5,95.5,
99.25,95.5,
100.0,95.5,
100.75,95.5,
101.5,95.5,
102.25,95.5,
103.0,95.5,
103.75,95.5,
104.5,95.5,
105.25,95.5,
106.0,95.5,
106.75,95.5,
107.5,95.5,
108.25,95.5,
109.0,95.5,
109.75,95.5,
110.5,95.5,
111.25,95.5,
112.0,95.5,
112.75,95.5,
113.5,95.5,
114.25,95.5,
115.0,95.5,
115.75,95.5,
116.5,95.5,
117.25,95.5,
118.0,95.5,
118.75,95.5,
119.5,95.5,
120.25,95.5,
121.0,95.5,
121.75,95.5,
122.5,95.5,
123.25,95.5,
124.0,95.5,
124.75,95.5,
125.5,95.5,
126.25,95.5,
127.0,95.5,
127.75,95.5,
128.5,95.5,
129.25,95.5,
130.0,95.5,
130.75,95.5,
131.5,95.5,
132.25,95.5,
133.0,95.5,
133.75,95.5,
134.5,95.5,
135.25,95.5,
136.0,95.5,
136.75,95.5,
137.5,95.5,
138.25,95.5,
139.0,95.5,
139.75,95.5,
140.5,95.5,
141.25,95.5,
142.0,95.5,
142.75,95.5,
143.5,95.5,
144.25,95.5,
145.0,95.5,
145.75,95.5,
146.5,95.5,
147.25,95.5,
148.0,95.5,
148.75,95.5,
149.5,95.5,
150.25,95.5,
151.0,95.5,
151.75,95.5,
152.5,95.5,
153.25,95.5,-97.3315195250739
154.0,95.5,-97.45916351917944
154.75,95.5,-94.5001864858458
155.5,95.5,-94.88787555098841
156.25,95.5,-95.7692324508722
157.0,95.5,-97.35560988094055
157.75,95.5,-98.43302695553574
158.5,95.5,-99.37426855335568
159.25,95.5,-99.45497894002725
160.0,95.5,-97.83093638463151
160.75,95.5,-95.66040427099392
161.5,95.5,-94.50825014306606
162.25,95.5,-94.10793475041083
163.0,95.5,-93.76673365654223
163.75,95.5,-91.73818584119303
164.5,95.5,-91.46349145214857
165.25,95.5,-90.64093064947826
166.0,95.5,-90.47594508579178
166.75,95.5,-90.22523921696596
167.5,95.5,-89.69417475728154
168.25,95.5,-89.45075056115435
169.0,95.5,
169.75,95.5,
170.5,95.5,
171.25,95.5,
172.0,95.5,
172.75,95.5,
173.5,95.5,
174.25,95.5,
175.0,95.5,
175.75,95.5,
176.5,95.5,
177.25,95.5,
178.0,95.5,
178.75,95.5,-89.0
179.5,95.5,-89.76363636363635
180.25,95.5,-90.62711864406779
181.0,95.5,-93.56554307116104
181.75,95.5,-95.8340602145367
182.5,95.5,-95.61778727601512
183.25,95.5,-95.3012973092262
184.0,95.5,-94.84499227821311
184.75,95.5,-94.24782703212564
185.5,95.5,-92.56281710558105
186.25,95.5,-92.20536266278442
187.0,95.5,-92.00934550613782
187.75,95.5,-91.84641422845142
188.5,95.5,-91.35839299920447
189.25,95.5,-91.39519650655019
190.0,95.5,-91.79249853200234
190.75,95.5,-91.84697565618107
191.5,95.5,-91.88507281553399
192.25,95.5,-91.94545022482338
193.0,95.5,-92.13636363636364
193.75,95.5,-92.39743589743591
194.5,95.5,-92.69999999999999
195.25,95.5,-92.92553191489363
196.0,95.5,-93.03333333333335
196.75,95.5,-93.05696202531647
197.5,95.5,-92.61610633307272
198.25,95.5,-92.42740113720136
199.0,95.5,-92.56451612903224
199.75,95.5,-92.2925925925926
200.5,95.5,
201.25,95.5,
202.0,95.5,
202.75,95.5,
203.5,95.5,
204.25,95.5,
205.0,95.5,
205.75,95.5,
206.5,95.5,
207.25,95.5,
208.0,95.5,
208.75,95.5,
209.5,95.5,
210.25,95.5,
211.0,95.5,
211.75,95.5,
212.5,95.5,
213.25,95.5,
214.0,95.5,
214.75,95.5,
215.5,95.5,
216.25,95.5,
217.0,95.5,
217.75,95.5,
218.5,95.5,
219.25,95.5,
31.0,96.25,
31.75,96.25,
32.5,96.25,
33.25,96.25,
34.0,96.25,
34.75,96.25,
35.5,96.25,
36.25,96.25,
37.0,96.25,
37.75,96.25,
38.5,96.25,
39.25,96.25,
40.0,96.25,
40.75,96.25,
41.5,96.25,
42.25,96.25,
43.0,96.25,
43.75,96.25,
44.5,96.25,-92.4416179231691
45.25,96.25,-87.73583818422023
46.0,96.25,-87.44380772896417
46.75,96.25,-86.71376304785969
47.5,96.25,-85.65473863430404
48.25,96.25,-84.28759327442155
49.0,96.25,-81.31144558711664
49.75,96.25,-77.48197054430031
50.5,96.25,-73.52275242322348
51.25,96.25,-74.52936525673181
52.0,96.25,-79.98337998191191
52.75,96.25,-85.32839408089656
53.5,96.25,-85.26815883295683
54.25,96.25,-81.3513556641861
55.0,96.25,-77.85216161097014
55.75,96.25,-75.41727681409778
56.5,96.25,-75.70297848881393
57.25,96.25,-74.20632129950953
58.0,96.25,-71.83883635500604
58.75,96.25,-72.36655220775059
59.5,96.25,-71.80314187099957
60.25,96.25,-73.30059928339611
61.0,96.25,-75.06378322998978
61.75,96.25,-76.37009088990803
62.5,96.25,-76.19019094642653
63.25,96.25,-76.83394315443898
64.0,96.25,-76.36848687083665
64.75,96.25,-75.69222250136362
65.5,96.25,-74.81812463343213
66.25,96.25,-74.34030119605515
67.0,96.25,-73.80239507637887
67.75,96.25,-74.44911059533625
68.5,96.25,-74.98840711025446
69.25,96.25,-75.20886149180693
70.0,96.25,-75.27625511011162
70.75,96.25,-75.4399404535742
71.5,96.25,-75.44963319422291
72.25,96.25,-75.83109820398292
73.0,96.25,
73.75,96.25,
74.5,96.25,
75.25,96.25,
76.0,96.25,
76.75,96.25,
77.5,96.25,
78.25,96.25,
79.0,96.25,
79.75,96.25,
80.5,96.25,
81.25,96.25,
82.0,96.25,
82.75,96.25,
83.5,96.25,
84.25,96.25,
85.0,96.25,
85.75,96.25,
86.5,96.25,
87.25,96.25,
88.0,96.25,
88.75,96.25,
89.5,96.25,
90.25,96.25,-97.11409395973153
91.0,96.25,-97.0943396226415
91.75,96.25,-97.13600000000001
92.5,96.25,-97.24110671936758
93.25,96.25,-97.38686131386862
94.0,96.25,-97.53993610223641
94.75,96.25,-97.67567567567566
95.5,96.25,-97.78426966292135
96.25,96.25,
97.0,96.25,
97.75,96.25,
98.5,96.25,
99.25,96.25,
100.0,96.25,
100.75,96.25,
101.5,96.25,
102.25,96.25,
103.0,96.25,
103.75,96.25,
104.5,96.25,
105.25,96.25,
106.0,96.25,
106.75,96.25,
107.5,96.25,
108.25,96.25,
109.0,96.25,
109.75,96.25,
110.5,96.25,
111.25,96.25,
112.0,96.25,
112.75,96.25,
113.5,96.25,
114.25,96.25,
115.0,96.25,
115.75,96.25,
116.5,96.25,
117.25,96.25,
118.0,96.25,
118.75,96.25,
119.5,96.25,
120.25,96.25,
121.0,96.25,
121.75,96.25,
122.5,96.25,
123.25,96.25,
124.0,96.25,
124.75,96.25,
125.5,96.25,
126.25,96.25,
127.0,96.25,
127.75,96.25,
128.5,96.25,
129.25,96.25,
130.0,96.25,
130.75,96.25,
131.5,96.25,
132.25,96.25,
133.0,96.25,
133.75,96.25,
134.5,96.25,
135.25,96.25,
136.0,96.25,
136.75,96.25,
137.5,96.25,
138.25,96.25,
139.0,96.25,
139.75,96.25,
140.5,96.25,
141.25,96.25,
142.0,96.25,
142.75,96.25,
143.5,96.25,
144.25,96.25,
145.0,96.25,
145.75,96.25,
146.5,96.25,
147.25,96.25,
148.0,96.25,
148.75,96.25,
149.5,96.25,
150.25,96.25,
151.0,96.25,
151.75,96.25,
152.5,96.25,
153.25,96.25,-96.88198566617942
154.0,96.25,-93.38832680843338
154.75,96.25,-93.77900080477548
155.5,96.25,-94.16112319579447
156.25,96.25,-94.99244779126879
157.0,96.25,-96.26178143678987
157.75,96.25,-98.2345133017539
158.5,96.25,-99.81932911597201
159.25,96.25,-99.86678932553076
160.0,96.25,-96.9050152025585
160.75,96.25,-93.82488673353019
161.5,96.25,-93.27628939606397
162.25,96.25,-93.5195855489129
163.0,96.25,-93.69535734097579
163.75,96.25,-93.6134379996167
164.5,96.25,-91.82454261764025
165.25,96.25,-90.5784193001837
166.0,96.25,-90.40801142726515
166.75,96.25,-90.26398996194469
167.5,96.25,-89.69957823950783
168.25,96.25,
169.0,96.25,
169.75,96.25,
170.5,96.25,
171.25,96.25,
172.0,96.25,
172.75,96.25,
173.5,96.25,
174.25,96.25,
175.0,96.25,
175.75,96.25,
176.5,96.25,
177.25,96.25,
178.0,96.25,-87.87750556792874
178.75,96.25,-88.56476683937824
179.5,96.25,-91.94586130566468
180.25,96.25,-92.82064487463016
181.0,96.25,-93.67295597484276
181.75,96.25,-94.37746658993542
182.5,96.25,-94.33022229878053
183.25,96.25,-95.87844673422464
184.0,96.25,-95.59196070220344
184.75,96.25,-95.16860735910572
185.5,96.25,-94.64212982692777
186.25,96.25,-93.89745336713669
187.0,96.25,-92.5386810156639
187.75,96.25,-92.38153225068388
188.5,96.25,-91.36824558207324
189.25,96.25,-91.38562122208651
190.0,96.25,-91.82770469469952
190.75,96.25,-91.89306641051904
191.5,96.25,-91.9562594765389
192.25,96.25,-92.14102564102565
193.0,96.25,-92.26119402985074
193.75,96.25,-92.43548387096776
194.5,96.25,-92.62698412698413
195.25,96.25,-92.78571428571428
196.0,96.25,-92.8855421686747
196.75,96.25,-92.93137254901961
197.5,96.25,-92.94094488188975
198.25,96.25,-92.87333333333332
199.0,96.25,-92.62903225806451
199.75,96.25,-92.40361445783132
200.5,96.25,
201.25,96.25,
202.0,96.25,
202.75,96.25,
203.5,96.25,
204.25,96.25,
205.0,96.25,
205.75,96.25,
206.5,96.25,
207.25,96.25,
208.0,96.25,
208.75,96.25,
209.5,96.25,
210.25,96.25,
211.0,96.25,
211.75,96.25,
212.5,96.25,
213.25,96.25,
214.0,96.25,
214.75,96.25,
215.5,96.25,
216.25,96.25,
217.0,96.25,
217.75,96.25,
218.5,96.25,
219.25,96.25,
31.0,97.0,
31.75,97.0,
32.5,97.0,
33.25,97.0,
34.0,97.0,
34.75,97.0,
35.5,97.0,
36.25,97.0,
37.0,97.0,
37.75,97.0,
38.5,97.0,
39.25,97.0,
40.0,97.0,
40.75,97.0,
41.5,97.0,
42.25,97.0,
43.0,97.0,
43.75,97.0,
44.5,97.0,
45.25,97.0,-94.38804071246818
46.0,97.0,-86.28119293974437
46.75,97.0,-85.2445602465144
47.5,97.0,-85.47372244177573
48.25,97.0,-83.92217537749815
49.0,97.0,-82.07142857142858
49.75,97.0,-79.13412317492192
50.5,97.0,-78.78626029123463
51.25,97.0,-79.94797029292337
52.0,97.0,-84.48221343873517
52.75,97.0,-88.61146416160013
53.5,97.0,-87.32949356140125
54.25,97.0,-81.49944285519545
55.0,97.0,-76.39682539682539
55.75,97.0,-73.79564486570149
56.5,97.0,-72.42566907450555
57.25,97.0,-70.79907620896643
58.0,97.0,-71.126010286554
58.75,97.0,-71.71949819397595
59.5,97.0,-72.3259322112517
60.25,97.0,-74.06276612501878
61.0,97.0,-75.53932584269666
61.75,97.0,-75.62407443841043
62.5,97.0,-75.61162508804375
63.25,97.0,-76.96258789727838
64.0,97.0,-76.41412788751256
64.75,97.0,-75.64787689310027
65.5,97.0,-74.52329302320071
66.25,97.0,-73.30290887193298
67.0,97.0,-72.0000000000034
67.75,97.0,-73.19751844786683
68.5,97.0,-74.2682314275757
69.25,97.0,-74.64205159846418
70.0,97.0,-75.28626749557183
70.75,97.0,-75.16590524253004
71.5,97.0,-75.75289575289577
72.25,97.0,-75.81542898341745
73.0,97.0,
73.75,97.0,
74.5,97.0,
75.25,97.0,
76.0,97.0,
76.75,97.0,
77.5,97.0,
78.25,97.0,
79.0,97.0,
79.75,97.0,
80.5,97.0,
81.25,97.0,
82.0,97.0,
82.75,97.0,
83.5,97.0,
84.25,97.0,
85.0,97.0,
85.75,97.0,
86.5,97.0,
87.25,97.0,
88.0,97.0,
88.75,97.0,
89.5,97.0,
90.25,97.0,
91.0,97.0,
91.75,97.0,
92.5,97.0,
93.25,97.0,
94.0,97.0,
94.75,97.0,
95.5,97.0,
96.25,97.0,
97.0,97.0,
97.75,97.0,
98.5,97.0,
99.25,97.0,
100.0,97.0,
100.75,97.0,
101.5,97.0,
102.25,97.0,
103.0,97.0,
103.75,97.0,
104.5,97.0,
105.25,97.0,
106.0,97.0,
106.75,97.0,
107.5,97.0,
108.25,97.0,
109.0,97.0,
109.75,97.0,
110.5,97.0,
111.25,97.0,
112.0,97.0,
112.75,97.0,
113.5,97.0,
114.25,97.0,
115.0,97.0,
115.75,97.0,
116.5,97.0,
117.25,97.0,
118.0,97.0,
118.75,97.0,
119.5,97.0,
120.25,97.0,
121.0,97.0,
121.75,97.0,
122.5,97.0,
123.25,97.0,
124.0,97.0,
124.75,97.0,
125.5,97.0,
126.25,97.0,
127.0,97.0,
127.75,97.0,
128.5,97.0,
129.25,97.0,
130.0,97.0,
130.75,97.0,
131.5,97.0,
132.25,97.0,
133.0,97.0,
133.75,97.0,
134.5,97.0,
135.25,97.0,
136.0,97.0,
136.75,97.0,
137.5,97.0,
138.25,97.0,
139.0,97.0,
139.75,97.0,
140.5,97.0,
141.25,97.0,
142.0,97.0,
142.75,97.0,
143.5,97.0,
144.25,97.0,
145.0,97.0,
145.75,97.0,
146.5,97.0,
147.25,97.0,
148.0,97.0,
148.75,97.0,
149.5,97.0,
150.25,97.0,
151.0,97.0,
151.75,97.0,
152.5,97.0,
153.25,97.0,-91.39488028495127
154.0,97.0,-92.6639267261625
154.75,97.0,-92.55227879514695
155.5,97.0,-92.93570151619876
156.25,97.0,-93.78088952471597
157.0,97.0,-94.96428571428571
157.75,97.0,-97.61629962706881
158.5,97.0,-101.2175260636799
159.25,97.0,-102.37348225201337
160.0,97.0,-96.37931034482756
160.75,97.0,-92.24814294011118
161.5,97.0,-92.45592265587635
162.25,97.0,-93.01070806793615
163.0,97.0,-93.44791666666666
163.75,97.0,-93.21692522911171
164.5,97.0,-93.24877850618067
165.25,97.0,-92.21068563196798
166.0,97.0,-91.71746254681648
166.75,97.0,-92.14341803274316
167.5,97.0,
168.25,97.0,
169.0,97.0,
169.75,97.0,
170.5,97.0,
171.25,97.0,
172.0,97.0,
172.75,97.0,
173.5,97.0,
174.25,97.0,
175.0,97.0,
175.75,97.0,
176.5,97.0,
177.25,97.0,
178.0,97.0,-87.17391304347827
178.75,97.0,-90.49275588355533
179.5,97.0,-91.45704467353953
180.25,97.0,-92.62449981771623
181.0,97.0,-93.77777777777777
181.75,97.0,-94.68744490847969
182.5,97.0,-95.24925272394175
183.25,97.0,-95.11516615161672
184.0,97.0,-96.11811023622047
184.75,97.0,-95.88592433739612
185.5,97.0,-95.52256640535809
186.25,97.0,-95.0923572120924
187.0,97.0,-94.69565217391303
187.75,97.0,-92.92028985507247
188.5,97.0,-92.73809523809524
189.25,97.0,-91.0
190.0,97.0,-91.0
190.75,97.0,-91.79994308339927
191.5,97.0,-92.17741935483872
192.25,97.0,-92.23831775700934
193.0,97.0,-92.33333333333334
193.75,97.0,-92.45604395604396
194.5,97.0,-92.58695652173911
195.25,97.0,-92.7020202020202
196.0,97.0,-92.78571428571429
196.75,97.0,-92.83587786259541
197.5,97.0,
198.25,97.0,
199.0,97.0,
199.75,97.0,
200.5,97.0,
201.25,97.0,
202.0,97.0,
202.75,97.0,
203.5,97.0,
204.25,97.0,
205.0,97.0,
205.75,97.0,
206.5,97.0,
207.25,97.0,
208.0,97.0,
208.75,97.0,
209.5,97.0,
210.25,97.0,
211.0,97.0,
211.75,97.0,
212.5,97.0,
213.25,97.0,
214.0,97.0,
214.75,97.0,
215.5,97.0,
216.25,97.0,
217.0,97.0,
217.75,97.0,
218.5,97.0,
219.25,97.0,
31.0,97.75,
31.75,97.75,
32.5,97.75,
33.25,97.75,
34.0,97.75,
34.75,97.75,
35.5,97.75,
36.25,97.75,
37.0,97.75,
37.75,97.75,
38.5,97.75,
39.25,97.75,
40.0,97.75,
40.75,97.75,
41.5,97.75,
42.25,97.75,
43.0,97.75,
43.75,97.75,
44.5,97.75,
45.25,97.75,
46.0,97.75,-85.2210239311163
46.75,97.75,-84.17305634297571
47.5,97.75,-85.3447061842336
48.25,97.75,-84.38651999905647
49.0,97.75,-83.51755657931314
49.75,97.75,-81.22008972124519
50.5,97.75,-80.48041786946642
51.25,97.75,-82.65114546237889
52.0,97.75,-85.33340340925614
52.75,97.75,-86.87520264581299
53.5,97.75,-84.93416086385733
54.25,97.75,-78.1012745661084
55.0,97.75,-71.8490296336431
55.75,97.75,-70.37608088531417
56.5,97.75,-70.56113450775311
57.25,97.75,-69.84099596518917
58.0,97.75,-70.34896705705897
58.75,97.75,-70.24678543245949
59.5,97.75,-72.16175492994084
60.25,97.75,-75.91749785304121
61.0,97.75,-77.61988784863655
61.75,97.75,-77.21103805996302
62.5,97.75,-76.26385253747301
63.25,97.75,-75.85317300896273
64.0,97.75,-75.44783535144356
64.75,97.75,-75.22503390765297
65.5,97.75,-75.13480603868803
66.25,97.75,-74.42773051814284
67.0,97.75,-73.80989347222359
67.75,97.75,-74.23290979151868
68.5,97.75,-74.58967028089012
69.25,97.75,-74.6765177689504
70.0,97.75,-74.66527689113428
70.75,97.75,-75.3298512324854
71.5,97.75,-75.12397165130103
72.25,97.75,-75.83109820398292
73.0,97.75,
73.75,97.75,
74.5,97.75,
75.25,97.75,
76.0,97.75,
76.75,97.75,
77.5,97.75,
78.25,97.75,
79.0,97.75,
79.75,97.75,
80.5,97.75,
81.25,97.75,
82.0,97.75,
82.75,97.75,
83.5,97.75,
84.25,97.75,
85.0,97.75,
85.75,97.75,
86.5,97.75,
87.25,97.75,
88.0,97.75,
88.75,97.75,
89.5,97.75,
90.25,97.75,
91.0,97.75,
91.75,97.75,
92.5,97.75,
93.25,97.75,
94.0,97.75,
94.75,97.75,
95.5,97.75,
96.25,97.75,
97.0,97.75,
97.75,97.75,
98.5,97.75,
99.25,97.75,
100.0,97.75,
100.75,97.75,
101.5,97.75,
102.25,97.75,
103.0,97.75,
103.75,97.75,
104.5,97.75,
105.25,97.75,
106.0,97.75,
106.75,97.75,
107.5,97.75,
108.25,97.75,
109.0,97.75,
109.75,97.75,
110.5,97.75,
111.25,97.75,
112.0,97.75,
112.75,97.75,
113.5,97.75,
114.25,97.75,
115.0,97.75,
115.75,97.75,
116.5,97.75,
117.25,97.75,
118.0,97.75,
118.75,97.75,
119.5,97.75,
120.25,97.75,
121.0,97.75,
121.75,97.75,
122.5,97.75,
123.25,97.75,
124.0,97.75,
124.75,97.75,
125.5,97.75,
126.25,97.75,
127.0,97.75,
127.75,97.75,
128.5,97.75,
129.25,97.75,
130.0,97.75,
130.75,97.75,
131.5,97.75,
132.25,97.75,
133.0,97.75,
133.75,97.75,
134.5,97.75,
135.25,97.75,
136.0,97.75,
136.75,97.75,
137.5,97.75,
138.25,97.75,
139.0,97.75,
139.75,97.75,
140.5,97.75,
141.25,97.75,
142.0,97.75,
142.75,97.75,
143.5,97.75,
144.25,97.75,
145.0,97.75,
145.75,97.75,
146.5,97.75,
147.25,97.75,
148.0,97.75,
148.75,97.75,
149.5,97.75,
150.25,97.75,
151.0,97.75,
151.75,97.75,
152.5,97.75,-87.062351543943
153.25,97.75,-90.64595709874204
154.0,97.75,-91.59106768880102
154.75,97.75,-91.67765493634222
155.5,97.75,-91.83628697344776
156.25,97.75,-92.09149742911448
157.0,97.75,-92.70082252475945
157.75,97.75,-94.57895469510848
158.5,97.75,-97.28715372239157
159.25,97.75,-97.63128686819793
160.0,97.75,-94.78115913902298
160.75,97.75,-92.86358891431286
161.5,97.75,-92.5419749409446
162.25,97.75,-92.86779450770295
163.0,97.75,-92.77481377642536
163.75,97.75,-93.19970681373503
164.5,97.75,-91.0175655656735
165.25,97.75,-90.80526854599746
166.0,97.75,-90.61189233528312
166.75,97.75,-89.05066796601353
167.5,97.75,-87.39920159680639
168.25,97.75,
169.0,97.75,
169.75,97.75,
170.5,97.75,
171.25,97.75,
172.0,97.75,
172.75,97.75,
173.5,97.75,
174.25,97.75,-83.69871794871794
175.0,97.75,-83.59946236559139
175.75,97.75,-83.47139303482587
176.5,97.75,-83.71640819085378
177.25,97.75,-85.67555232058376
178.0,97.75,-87.67216938579486
178.75,97.75,-88.28900404944974
179.5,97.75,-89.34365825883184
180.25,97.75,-91.34172728771311
181.0,97.75,-93.03205981812768
181.75,97.75,-94.44546664357073
182.5,97.75,-95.6457261863944
183.25,97.75,-95.84872807576338
184.0,97.75,-95.61578694818971
184.75,97.75,-96.34554670927574
185.5,97.75,-96.15983224849113
186.25,97.75,-95.8447479535997
187.0,97.75,-95.48873737279283
187.75,97.75,-95.1690524379025
188.5,97.75,-93.19094922737308
189.25,97.75,
190.0,97.75,-91.0
190.75,97.75,
191.5,97.75,-92.24842767295597
192.25,97.75,-92.30281690140845
193.0,97.75,-92.37786259541983
193.75,97.75,-92.46825396825398
194.5,97.75,-92.56299212598425
195.25,97.75,-92.64925373134328
196.0,97.75,-92.71768707482994
196.75,97.75,
197.5,97.75,
198.25,97.75,
199.0,97.75,
199.75,97.75,
200.5,97.75,
201.25,97.75,
202.0,97.75,
202.75,97.75,
203.5,97.75,
204.25,97.75,
205.0,97.75,
205.75,97.75,
206.5,97.75,
207.25,97.75,
208.0,97.75,
208.75,97.75,
209.5,97.75,
210.25,97.75,
211.0,97.75,
211.75,97.75,
212.5,97.75,
213.25,97.75,
214.0,97.75,
214.75,97.75,
215.5,97.75,
216.25,97.75,
217.0,97.75,
217.75,97.75,
218.5,97.75,
219.25,97.75,
31.0,98.5,
31.75,98.5,
32.5,98.5,
33.25,98.5,
34.0,98.5,
34.75,98.5,
35.5,98.5,
36.25,98.5,
37.0,98.5,
37.75,98.5,
38.5,98.5,
39.25,98.5,
40.0,98.5,
40.75,98.5,
41.5,98.5,
42.25,98.5,
43.0,98.5,
43.75,98.5,
44.5,98.5,
45.25,98.5,
46.0,98.5,
46.75,98.5,-83.45510835913312
47.5,98.5,-85.53705633543798
48.25,98.5,-85.04501357595464
49.0,98.5,-84.79590686658096
49.75,98.5,-80.620320059084
50.5,98.5,-81.90689109386582
51.25,98.5,-84.02377901137795
52.0,98.5,-86.81138073162658
52.75,98.5,-90.06690887142273
53.5,98.5,-86.5440773357206
54.25,98.5,-72.80462714931879
55.0,98.5,-64.05388969738848
55.75,98.5,-66.30609010496201
56.5,98.5,-68.9273753084366
57.25,98.5,-69.52166536282773
58.0,98.5,-69.20117694533394
58.75,98.5,-69.41332022243206
59.5,98.5,-70.84496016019357
60.25,98.5,-77.45507536644081
61.0,98.5,-81.4732585563067
61.75,98.5,-79.29593168280888
62.5,98.5,-76.11079032840132
63.25,98.5,-75.54584550751102
64.0,98.5,-75.52819436112779
64.75,98.5,-76.16756925287325
65.5,98.5,-75.87716747369275
66.25,98.5,-76.03266967962762
67.0,98.5,-77.03263655863749
67.75,98.5,-76.07858008870811
68.5,98.5,-75.18419965951975
69.25,98.5,-74.80050007082433
70.0,98.5,-75.47593484049126
70.75,98.5,-75.4862256674653
71.5,98.5,-75.06786742674812
72.25,98.5,-74.3267490967799
73.0,98.5,
73.75,98.5,
74.5,98.5,
75.25,98.5,
76.0,98.5,
76.75,98.5,
77.5,98.5,
78.25,98.5,
79.0,98.5,
79.75,98.5,
80.5,98.5,
81.25,98.5,
82.0,98.5,
82.75,98.5,
83.5,98.5,
84.25,98.5,
85.0,98.5,
85.75,98.5,
86.5,98.5,
87.25,98.5,
88.0,98.5,
88.75,98.5,
89.5,98.5,
90.25,98.5,
91.0,98.5,
91.75,98.5,
92.5,98.5,
93.25,98.5,
94.0,98.5,
94.75,98.5,
95.5,98.5,
96.25,98.5,
97.0,98.5,
97.75,98.5,
98.5,98.5,
99.25,98.5,
100.0,98.5,
100.75,98.5,
101.5,98.5,
102.25,98.5,
103.0,98.5,
103.75,98.5,
104.5,98.5,
105.25,98.5,
106.0,98.5,
106.75,98.5,
107.5,98.5,
108.25,98.5,
109.0,98.5,
109.75,98.5,
110.5,98.5,
111.25,98.5,
112.0,98.5,
112.75,98.5,
113.5,98.5,
114.25,98.5,
115.0,98.5,
115.75,98.5,
116.5,98.5,
117.25,98.5,
118.0,98.5,
118.75,98.5,
119.5,98.5,
120.25,98.5,
121.0,98.5,
121.75,98.5,
122.5,98.5,
123.25,98.5,
124.0,98.5,
124.75,98.5,
125.5,98.5,
126.25,98.5,
127.0,98.5,
127.75,98.5,
128.5,98.5,
129.25,98.5,
130.0,98.5,
130.75,98.5,
131.5,98.5,
132.25,98.5,
133.0,98.5,
133.75,98.5,
134.5,98.5,
135.25,98.5,
136.0,98.5,
136.75,98.5,
137.5,98.5,
138.25,98.5,
139.0,98.5,
139.75,98.5,
140.5,98.5,
141.25,98.5,
142.0,98.5,
142.75,98.5,
143.5,98.5,
144.25,98.5,
145.0,98.5,
145.75,98.5,
146.5,98.5,
147.25,98.5,
148.0,98.5,
148.75,98.5,
149.5,98.5,
150.25,98.5,
151.0,98.5,
151.75,98.5,-86.71247464503041
152.5,98.5,-86.8563829787234
153.25,98.5,-90.94109540530302
154.0,98.5,-90.63548967936612
154.75,98.5,-90.5915309029639
155.5,98.5,-90.66547767203745
156.25,98.5,-91.00571957881964
157.0,98.5,-91.11102808429033
157.75,98.5,-91.35357114926636
158.5,98.5,-91.76150392817061
159.25,98.5,-91.3487657825826
160.0,98.5,-92.12947189097106
160.75,98.5,-90.94683273471962
161.5,98.5,-91.0919511587341
162.25,98.5,-91.91781678333923
163.0,98.5,-92.53135632284275
163.75,98.5,-90.72606615693374
164.5,98.5,-90.55322889397681
165.25,98.5,-90.21330491603157
166.0,98.5,-89.94182725727386
166.75,98.5,-88.7696349747201
167.5,98.5,
168.25,98.5,
169.0,98.5,
169.75,98.5,
170.5,98.5,
171.25,98.5,
172.0,98.5,
172.75,98.5,
173.5,98.5,
174.25,98.5,-83.78090507726269
175.0,98.5,-83.6747311827957
175.75,98.5,-83.87126619914442
176.5,98.5,-83.70517355737343
177.25,98.5,-85.14235378866861
178.0,98.5,-86.73020023577068
178.75,98.5,-87.20586779402538
179.5,98.5,-88.333560685987
180.25,98.5,-90.22796019393662
181.0,98.5,-92.9697691921726
181.75,98.5,-94.86168503671541
182.5,98.5,-95.78566121842496
183.25,98.5,-96.01701046982438
184.0,98.5,-96.10693970420932
184.75,98.5,-96.6580101125161
185.5,98.5,-96.6279069767442
186.25,98.5,-96.41018669429705
187.0,98.5,-96.10381260493878
187.75,98.5,-95.78879480366926
188.5,98.5,-93.57936507936508
189.25,98.5,
190.0,98.5,
190.75,98.5,
191.5,98.5,
192.25,98.5,
193.0,98.5,-92.40697674418604
193.75,98.5,-92.4760479041916
194.5,98.5,-92.54761904761905
195.25,98.5,-92.6142857142857
196.0,98.5,
196.75,98.5,
197.5,98.5,
198.25,98.5,
199.0,98.5,
199.75,98.5,
200.5,98.5,
201.25,98.5,
202.0,98.5,
202.75,98.5,
203.5,98.5,
204.25,98.5,
205.0,98.5,
205.75,98.5,
206.5,98.5,
207.25,98.5,
208.0,98.5,
208.75,98.5,
209.5,98.5,
210.25,98.5,
211.0,98.5,
211.75,98.5,
212.5,98.5,
213.25,98.5,
214.0,98.5,
214.75,98.5,
215.5,98.5,
216.25,98.5,
217.0,98.5,
217.75,98.5,
218.5,98.5,
219.25,98.5,
31.0,99.25,
31.75,99.25,
32.5,99.25,
33.25,99.25,
34.0,99.25,
34.75,99.25,
35.5,99.25,
36.25,99.25,
37.0,99.25,
37.75,99.25,
38.5,99.25,
39.25,99.25,
40.0,99.25,
40.75,99.25,
41.5,99.25,
42.25,99.25,
43.0,99.25,
43.75,99.25,
44.5,99.25,
45.25,99.25,
46.0,99.25,
46.75,99.25,
47.5,99.25,-81.30340557275542
48.25,99.25,-81.9842416122734
49.0,99.25,-83.00592660593809
49.75,99.25,-79.82594964440861
50.5,99.25,-81.53784495490261
51.25,99.25,-83.9192293297291
52.0,99.25,-87.38654921469595
52.75,99.25,-91.62772041889878
53.5,99.25,-87.92544306453051
54.25,99.25,-71.08651331900711
55.0,99.25,-61.91464422985488
55.75,99.25,-65.50199887174293
56.5,99.25,-67.62549573284166
57.25,99.25,-68.0539170529696
58.0,99.25,-68.89049589385955
58.75,99.25,-69.10186526400477
59.5,99.25,-70.1898347003101
60.25,99.25,-77.5353524817634
61.0,99.25,-82.48603782238321
61.75,99.25,-79.29961368617103
62.5,99.25,-75.17627104511631
63.25,99.25,-74.43352661261231
64.0,99.25,-74.82090135735284
64.75,99.25,-76.41626129525123
65.5,99.25,-75.88498296490994
66.25,99.25,-75.91632741416562
67.0,99.25,-77.71407209017161
67.75,99.25,-76.37312805533179
68.5,99.25,-75.18549199857483
69.25,99.25,-74.68098418890072
70.0,99.25,-75.48839818622807
70.75,99.25,-75.48289747086939
71.5,99.25,-74.87699043395448
72.25,99.25,-74.34686324820363
73.0,99.25,
73.75,99.25,
74.5,99.25,
75.25,99.25,
76.0,99.25,
76.75,99.25,
77.5,99.25,
78.25,99.25,
79.0,99.25,
79.75,99.25,
80.5,99.25,
81.25,99.25,
82.0,99.25,
82.75,99.25,
83.5,99.25,
84.25,99.25,
85.0,99.25,
85.75,99.25,
86.5,99.25,
87.25,99.25,
88.0,99.25,-94.34355828220859
88.75,99.25,-94.53333333333333
89.5,99.25,-94.00928578484638
90.25,99.25,-94.13312631923372
91.0,99.25,-95.23349633251834
91.75,99.25,-95.2177033492823
92.5,99.25,-95.17415730337078
93.25,99.25,
94.0,99.25,
94.75,99.25,
95.5,99.25,
96.25,99.25,
97.0,99.25,
97.75,99.25,
98.5,99.25,
99.25,99.25,
100.0,99.25,
100.75,99.25,
101.5,99.25,
102.25,99.25,
103.0,99.25,
103.75,99.25,
104.5,99.25,
105.25,99.25,
106.0,99.25,
106.75,99.25,
107.5,99.25,
108.25,99.25,
109.0,99.25,
109.75,99.25,
110.5,99.25,
111.25,99.25,
112.0,99.25,
112.75,99.25,
113.5,99.25,
114.25,99.25,
115.0,99.25,
115.75,99.25,
116.5,99.25,
117.25,99.25,
118.0,99.25,
118.75,99.25,
119.5,99.25,
120.25,99.25,
121.0,99.25,
121.75,99.25,
122.5,99.25,
123.25,99.25,
124.0,99.25,-101.5
124.75,99.25,
125.5,99.25,
126.25,99.25,
127.0,99.25,
127.75,99.25,
128.5,99.25,
129.25,99.25,
130.0,99.25,
130.75,99.25,
131.5,99.25,
132.25,99.25,
133.0,99.25,
133.75,99.25,
134.5,99.25,
135.25,99.25,
136.0,99.25,
136.75,99.25,
137.5,99.25,
138.25,99.25,
139.0,99.25,
139.75,99.25,
140.5,99.25,
141.25,99.25,
142.0,99.25,
142.75,99.25,
143.5,99.25,
144.25,99.25,
145.0,99.25,
145.75,99.25,
146.5,99.25,
147.25,99.25,
148.0,99.25,
148.75,99.25,
149.5,99.25,
150.25,99.25,
151.0,99.25,
151.75,99.25,-86.49463519313306
152.5,99.25,-88.84128823397637
153.25,99.25,-88.91132567933225
154.0,99.25,-90.18135739960672
154.75,99.25,-89.95645136526096
155.5,99.25,-89.87119410001749
156.25,99.25,-90.2672704858437
157.0,99.25,-90.88448639784208
157.75,99.25,-90.33910659746053
158.5,99.25,-90.218742331197
159.25,99.25,-90.36887972556221
160.0,99.25,-91.36990837840823
160.75,99.25,-90.41078696601805
161.5,99.25,-90.79854745568687
162.25,99.25,-91.30837427838591
163.0,99.25,-91.01693140800603
163.75,99.25,-90.58101842298781
164.5,99.25,-90.02635631232056
165.25,99.25,-89.46594420833415
166.0,99.25,-89.51857015030593
166.75,99.25,-87.79020180225916
167.5,99.25,-87.46621198974958
168.25,99.25,-86.5717299578059
169.0,99.25,
169.75,99.25,
170.5,99.25,
171.25,99.25,
172.0,99.25,
172.75,99.25,
173.5,99.25,-83.95545073375263
174.25,99.25,-83.89814814814815
175.0,99.25,-84.08073765778009
175.75,99.25,-85.48638336153269
176.5,99.25,-85.0505824935559
177.25,99.25,-85.50892187136421
178.0,99.25,-86.16102592382612
178.75,99.25,-85.69993218193324
179.5,99.25,-86.74789200533075
180.25,99.25,-89.07632692414525
181.0,99.25,-92.15805062158618
181.75,99.25,-95.01081168513805
182.5,99.25,-95.96538586435891
183.25,99.25,-96.03272807980994
184.0,99.25,-96.39717321941829
184.75,99.25,-97.35135135135135
185.5,99.25,-97.61599999999999
186.25,99.25,-97.75257731958762
187.0,99.25,-97.82918149466192
187.75,99.25,-97.87564766839377
188.5,99.25,-97.90569744597249
189.25,99.25,
190.0,99.25,
190.75,99.25,
191.5,99.25,
192.25,99.25,
193.0,99.25,
193.75,99.25,
194.5,99.25,
195.25,99.25,
196.0,99.25,
196.75,99.25,
197.5,99.25,
198.25,99.25,
199.0,99.25,
199.75,99.25,
200.5,99.25,
201.25,99.25,
202.0,99.25,
202.75,99.25,
203.5,99.25,
204.25,99.25,
205.0,99.25,
205.75,99.25,
206.5,99.25,
207.25,99.25,
208.0,99.25,
208.75,99.25,
209.5,99.25,
210.25,99.25,
211.0,99.25,
211.75,99.25,
212.5,99.25,
213.25,99.25,
214.0,99.25,
214.75,99.25,
215.5,99.25,
216.25,99.25,
217.0,99.25,
217.75,99.25,
218.5,99.25,
219.25,99.25,
31.0,100.0,
31.75,100.0,
32.5,100.0,
33.25,100.0,
34.0,100.0,
34.75,100.0,
35.5,100.0,
36.25,100.0,
37.0,100.0,
37.75,100.0,
38.5,100.0,
39.25,100.0,
40.0,100.0,
40.75,100.0,
41.5,100.0,
42.25,100.0,
43.0,100.0,
43.75,100.0,
44.5,100.0,
45.25,100.0,
46.0,100.0,
46.75,100.0,
47.5,100.0,
48.25,100.0,-83.00284963848674
49.0,100.0,-84.03956177723677
49.75,100.0,-79.85355897218938
50.5,100.0,-81.16347054288934
51.25,100.0,-82.80802919936505
52.0,100.0,-84.29275286757039
52.75,100.0,-85.31422992420329
53.5,100.0,-81.16105293747039
54.25,100.0,-72.97190149358784
55.0,100.0,-69.1299699924981
55.75,100.0,-68.31619366561006
56.5,100.0,-68.67798534134725
57.25,100.0,-68.09424694549469
58.0,100.0,-68.03571428571426
58.75,100.0,-68.47460241578301
59.5,100.0,-69.74402607630556
60.25,100.0,-73.99407068044826
61.0,100.0,-77.41432791728212
61.75,100.0,-76.29167009178808
62.5,100.0,-73.46604397183503
63.25,100.0,-72.30770987214804
64.0,100.0,-72.41666666666666
64.75,100.0,-72.22923655352756
65.5,100.0,-72.70597605715389
66.25,100.0,-74.06326980131259
67.0,100.0,-74.69067796610169
67.75,100.0,-74.71829251001381
68.5,100.0,-74.58916370593059
69.25,100.0,-74.47422626733868
70.0,100.0,-74.39096916299559
70.75,100.0,-77.425277175247
71.5,100.0,-77.90673339399454
72.25,100.0,-80.33573667711597
73.0,100.0,
73.75,100.0,
74.5,100.0,
75.25,100.0,
76.0,100.0,
76.75,100.0,
77.5,100.0,
78.25,100.0,
79.0,100.0,
79.75,100.0,
80.5,100.0,
81.25,100.0,
82.0,100.0,
82.75,100.0,
83.5,100.0,
84.25,100.0,
85.0,100.0,
85.75,100.0,
86.5,100.0,
87.25,100.0,
88.0,100.0,-93.11627906976743
88.75,100.0,-93.18784099766172
89.5,100.0,-93.27331189710613
90.25,100.0,-93.36298649722
91.0,100.0,-93.44578313253014
91.75,100.0,-93.51343900758098
92.5,100.0,-94.5
93.25,100.0,-94.5
94.0,100.0,-94.5
94.75,100.0,
95.5,100.0,
96.25,100.0,
97.0,100.0,
97.75,100.0,
98.5,100.0,
99.25,100.0,
100.0,100.0,
100.75,100.0,
101.5,100.0,
102.25,100.0,
103.0,100.0,
103.75,100.0,
104.5,100.0,
105.25,100.0,
106.0,100.0,
106.75,100.0,
107.5,100.0,
108.25,100.0,
109.0,100.0,
109.75,100.0,
110.5,100.0,
111.25,100.0,
112.0,100.0,
112.75,100.0,
113.5,100.0,
114.25,100.0,
115.0,100.0,
115.75,100.0,
116.5,100.0,
117.25,100.0,
118.0,100.0,
118.75,100.0,
119.5,100.0,
120.25,100.0,
121.0,100.0,
121.75,100.0,-101.86217303822937
122.5,100.0,-101.76548672566372
123.25,100.0,-101.64117647058823
124.0,100.0,-101.5
124.75,100.0,-101.35882352941177
125.5,100.0,-101.23451327433628
126.25,100.0,-101.13782696177061
127.0,100.0,
127.75,100.0,
128.5,100.0,
129.25,100.0,
130.0,100.0,
130.75,100.0,
131.5,100.0,
132.25,100.0,
133.0,100.0,
133.75,100.0,
134.5,100.0,
135.25,100.0,
136.0,100.0,
136.75,100.0,
137.5,100.0,
138.25,100.0,
139.0,100.0,
139.75,100.0,
140.5,100.0,
141.25,100.0,
142.0,100.0,
142.75,100.0,
143.5,100.0,
144.25,100.0,
145.0,100.0,
145.75,100.0,
146.5,100.0,
147.25,100.0,
148.0,100.0,
148.75,100.0,
149.5,100.0,
150.25,100.0,
151.0,100.0,
151.75,100.0,-88.04075235109717
152.5,100.0,-89.57697711762344
153.25,100.0,-89.34181269503107
154.0,100.0,-89.03225806451614
154.75,100.0,-88.60183518518498
155.5,100.0,-88.6278407657241
156.25,100.0,-87.91220089880514
157.0,100.0,-87.66875825627476
157.75,100.0,-88.52548198400608
158.5,100.0,-89.08475298126066
159.25,100.0,-89.74067225963132
160.0,100.0,-91.77272727272727
160.75,100.0,-92.60886192507402
161.5,100.0,-92.39629126368794
162.25,100.0,-92.2112240754143
163.0,100.0,-91.09252570158378
163.75,100.0,-90.23564724005405
164.5,100.0,-88.91692360530372
165.25,100.0,-89.11943952911543
166.0,100.0,-88.86976899899564
166.75,100.0,-88.55919785798676
167.5,100.0,-87.3337049571969
168.25,100.0,-86.66531165311653
169.0,100.0,-87.09259259259258
169.75,100.0,-87.41423001949317
170.5,100.0,
171.25,100.0,
172.0,100.0,
172.75,100.0,
173.5,100.0,-84.08333333333333
174.25,100.0,-86.27091676155791
175.0,100.0,-85.983775679848
175.75,100.0,-85.60886397265168
176.5,100.0,-85.1033565221586
177.25,100.0,-85.89033793723299
178.0,100.0,-84.91981132075473
178.75,100.0,-84.16720230157445
179.5,100.0,-84.92655446352454
180.25,100.0,-87.72336648781922
181.0,100.0,-91.44420600858369
181.75,100.0,-94.91757260359384
182.5,100.0,-96.94381443298968
183.25,100.0,-97.3306936633463
184.0,100.0,-97.0656779661017
184.75,100.0,-97.09956709956711
185.5,100.0,-98.0
186.25,100.0,-98.0
187.0,100.0,-97.99999999999999
187.75,100.0,-98.0
188.5,100.0,-98.0
189.25,100.0,
190.0,100.0,
190.75,100.0,
191.5,100.0,
192.25,100.0,
193.0,100.0,
193.75,100.0,
194.5,100.0,
195.25,100.0,
196.0,100.0,
196.75,100.0,
197.5,100.0,
198.25,100.0,
199.0,100.0,
199.75,100.0,
200.5,100.0,
201.25,100.0,
202.0,100.0,
202.75,100.0,
203.5,100.0,
204.25,100.0,
205.0,100.0,
205.75,100.0,
206.5,100.0,
207.25,100.0,
208.0,100.0,
208.75,100.0,
209.5,100.0,
210.25,100.0,
211.0,100.0,
211.75,100.0,
212.5,100.0,
213.25,100.0,
214.0,100.0,
214.75,100.0,
215.5,100.0,
216.25,100.0,
217.0,100.0,
217.75,100.0,
218.5,100.0,
219.25,100.0,
31.0,100.75,
31.75,100.75,
32.5,100.75,
33.25,100.75,
34.0,100.75,
34.75,100.75,
35.5,100.75,
36.25,100.75,
37.0,100.75,
37.75,100.75,
38.5,100.75,
39.25,100.75,
40.0,100.75,
40.75,100.75,
41.5,100.75,
42.25,100.75,
43.0,100.75,
43.75,100.75,
44.5,100.75,
45.25,100.75,
46.0,100.75,
46.75,100.75,
47.5,100.75,
48.25,100.75,
49.0,100.75,-91.44783715012721
49.75,100.75,-79.44476277023189
50.5,100.75,-80.25341237192585
51.25,100.75,-81.0186146893616
52.0,100.75,-80.84571488238775
52.75,100.75,-80.50287864653218
53.5,100.75,-76.9393341682283
54.25,100.75,-72.29834394697122
55.0,100.75,-71.03449894830368
55.75,100.75,-70.44624612925195
56.5,100.75,-69.69567414935098
57.25,100.75,-68.34223756609603
58.0,100.75,-66.90566946022862
58.75,100.75,-64.80822656446739
59.5,100.75,-66.13002634469574
60.25,100.75,-71.09124130056858
61.0,100.75,-73.61813784518594
61.75,100.75,-73.02550184558649
62.5,100.75,-70.93070688557931
63.25,100.75,-70.33586312857209
64.0,100.75,-70.38107018597056
64.75,100.75,-67.83633665213769
65.5,100.75,-69.10755732984188
66.25,100.75,-72.38934021558669
67.0,100.75,-72.6137951401721
67.75,100.75,-73.34577483233815
68.5,100.75,-74.02003013096495
69.25,100.75,-75.81749626144104
70.0,100.75,-76.52481527864782
70.75,100.75,-77.87029590203755
71.5,100.75,-78.65291216339581
72.25,100.75,-80.18889833560252
73.0,100.75,
73.75,100.75,
74.5,100.75,
75.25,100.75,
76.0,100.75,
76.75,100.75,
77.5,100.75,
78.25,100.75,
79.0,100.75,
79.75,100.75,
80.5,100.75,
81.25,100.75,
82.0,100.75,
82.75,100.75,
83.5,100.75,
84.25,100.75,
85.0,100.75,
85.75,100.75,
86.5,100.75,
87.25,100.75,-91.39671361502347
88.0,100.75,-91.41327913279133
88.75,100.75,-91.43939393939394
89.5,100.75,-92.65819822455249
90.25,100.75,-92.72733120796163
91.0,100.75,-92.80882176457932
91.75,100.75,-92.89562776792742
92.5,100.75,-92.98248750558693
93.25,100.75,
94.0,100.75,
94.75,100.75,
95.5,100.75,
96.25,100.75,
97.0,100.75,
97.75,100.75,
98.5,100.75,
99.25,100.75,
100.0,100.75,
100.75,100.75,
101.5,100.75,
102.25,100.75,
103.0,100.75,
103.75,100.75,
104.5,100.75,
105.25,100.75,
106.0,100.75,
106.75,100.75,
107.5,100.75,
108.25,100.75,
109.0,100.75,
109.75,100.75,
110.5,100.75,
111.25,100.75,
112.0,100.75,
112.75,100.75,
113.5,100.75,
114.25,100.75,
115.0,100.75,
115.75,100.75,
116.5,100.75,
117.25,100.75,
118.0,100.75,
118.75,100.75,
119.5,100.75,
120.25,100.75,
121.0,100.75,-102.0345211581292
121.75,100.75,-101.96632124352331
122.5,100.75,-101.85190615835776
123.25,100.75,-101.69108280254775
124.0,100.75,-101.5
124.75,100.75,-101.30891719745223
125.5,100.75,-101.14809384164224
126.25,100.75,-101.03367875647669
127.0,100.75,-100.96547884187083
127.75,100.75,
128.5,100.75,
129.25,100.75,
130.0,100.75,
130.75,100.75,
131.5,100.75,
132.25,100.75,
133.0,100.75,
133.75,100.75,
134.5,100.75,
135.25,100.75,
136.0,100.75,
136.75,100.75,
137.5,100.75,
138.25,100.75,
139.0,100.75,
139.75,100.75,
140.5,100.75,
141.25,100.75,
142.0,100.75,
142.75,100.75,
143.5,100.75,
144.25,100.75,
145.0,100.75,
145.75,100.75,
146.5,100.75,
147.25,100.75,
148.0,100.75,
148.75,100.75,
149.5,100.75,
150.25,100.75,
151.0,100.75,-90.24999999999999
151.75,100.75,-89.97177170079311
152.5,100.75,-89.79335161841975
153.25,100.75,-89.45369315764626
154.0,100.75,-89.14078187685061
154.75,100.75,-88.50323880752762
155.5,100.75,-87.38267316329882
156.25,100.75,-84.88074263209957
157.0,100.75,-82.11068904257324
157.75,100.75,-85.95904530373963
158.5,100.75,-88.8848120805683
159.25,100.75,-89.24315638102497
160.0,100.75,-91.67087627764592
160.75,100.75,-95.34853155618347
161.5,100.75,-94.89174406443671
162.25,100.75,-92.5016382272579
163.0,100.75,-91.03310520822643
163.75,100.75,-89.23631090788324
164.5,100.75,-88.08065896059843
165.25,100.75,-87.39157416970858
166.0,100.75,-87.27713488811388
166.75,100.75,-87.29997495422852
167.5,100.75,-87.23933176328453
168.25,100.75,-87.74404410739378
169.0,100.75,-87.37246376811595
169.75,100.75,-87.70657276995306
170.5,100.75,-87.91904761904762
171.25,100.75,
172.0,100.75,
172.75,100.75,
173.5,100.75,-86.70859671740276
174.25,100.75,-86.49650469302335
175.0,100.75,-86.21195750381871
175.75,100.75,-85.84071961414145
176.5,100.75,-85.33685906296714
177.25,100.75,-85.19641122869677
178.0,100.75,-84.12371690688592
178.75,100.75,-82.38820586260655
179.5,100.75,-83.0329473449081
180.25,100.75,-86.41004980247689
181.0,100.75,-90.88088779362252
181.75,100.75,-95.41946704026418
182.5,100.75,-98.92441478062445
183.25,100.75,-99.65293325775825
184.0,100.75,-98.253240931431
184.75,100.75,-97.66978641708666
185.5,100.75,-98.384
186.25,100.75,-98.24742268041236
187.0,100.75,-98.17081850533808
187.75,100.75,-98.1243523316062
188.5,100.75,-98.0943025540275
189.25,100.75,
190.0,100.75,
190.75,100.75,
191.5,100.75,
192.25,100.75,
193.0,100.75,
193.75,100.75,
194.5,100.75,
195.25,100.75,
196.0,100.75,
196.75,100.75,
197.5,100.75,
198.25,100.75,
199.0,100.75,
199.75,100.75,
200.5,100.75,
201.25,100.75,
202.0,100.75,
202.75,100.75,
203.5,100.75,
204.25,100.75,
205.0,100.75,
205.75,100.75,
206.5,100.75,
207.25,100.75,
208.0,100.75,
208.75,100.75,
209.5,100.75,
210.25,100.75,
211.0,100.75,
211.75,100.75,
212.5,100.75,
213.25,100.75,
214.0,100.75,
214.75,100.75,
215.5,100.75,
216.25,100.75,
217.0,100.75,
217.75,100.75,
218.5,100.75,
219.25,100.75,
31.0,101.5,-95.12403100775194
31.75,101.5,-95.0319361277445
32.5,101.5,-94.93650793650794
33.25,101.5,-94.84761904761906
34.0,101.5,
34.75,101.5,
35.5,101.5,
36.25,101.5,
37.0,101.5,
37.75,101.5,
38.5,101.5,
39.25,101.5,
40.0,101.5,
40.75,101.5,
41.5,101.5,
42.25,101.5,
43.0,101.5,
43.75,101.5,
44.5,101.5,
45.25,101.5,
46.0,101.5,
46.75,101.5,
47.5,101.5,
48.25,101.5,
49.0,101.5,
49.75,101.5,-81.14188493807282
50.5,101.5,-81.09480894015861
51.25,101.5,-80.01826417802657
52.0,101.5,-79.29819707392296
52.75,101.5,-77.86860804464554
53.5,101.5,-75.3344148990678
54.25,101.5,-72.66154704239229
55.0,101.5,-71.21383710167923
55.75,101.5,-71.31691693907874
56.5,101.5,-70.17710170487949
57.25,101.5,-69.54019041781766
58.0,101.5,-68.45759378779371
58.75,101.5,-65.98295969975688
59.5,101.5,-66.98736437815703
60.25,101.5,-71.59971300429002
61.0,101.5,-74.84469446383525
61.75,101.5,-74.01669217003618
62.5,101.5,-71.26995362090393
63.25,101.5,-70.64989632679293
64.0,101.5,-70.1714081047892
64.75,101.5,-68.4397298413113
65.5,101.5,-69.53197175663192
66.25,101.5,-72.38729711514503
67.0,101.5,-72.94411605718456
67.75,101.5,-74.18159191840651
68.5,101.5,-75.61660215133807
69.25,101.5,-76.80103356960043
70.0,101.5,-77.69807755644011
70.75,101.5,-78.80531906807641
71.5,101.5,-78.97288747363481
72.25,101.5,-79.54332555396515
73.0,101.5,-83.96000000000001
73.75,101.5,
74.5,101.5,
75.25,101.5,
76.0,101.5,
76.75,101.5,
77.5,101.5,
78.25,101.5,
79.0,101.5,
79.75,101.5,
80.5,101.5,
81.25,101.5,
82.0,101.5,
82.75,101.5,
83.5,101.5,
84.25,101.5,
85.0,101.5,-89.19200000000001
85.75,101.5,-89.3295194508009
86.5,101.5,-90.1465167497392
87.25,101.5,-91.2472978732524
88.0,101.5,-91.33806169078447
88.75,101.5,-91.37402370718962
89.5,101.5,-92.01875040921888
90.25,101.5,-92.02410750843109
91.0,101.5,-92.0369644861826
91.75,101.5,-91.48484632256904
92.5,101.5,-91.49067940224926
93.25,101.5,-91.48510732462934
94.0,101.5,
94.75,101.5,
95.5,101.5,
96.25,101.5,
97.0,101.5,
97.75,101.5,
98.5,101.5,
99.25,101.5,
100.0,101.5,
100.75,101.5,
101.5,101.5,
102.25,101.5,
103.0,101.5,
103.75,101.5,
104.5,101.5,
105.25,101.5,
106.0,101.5,
106.75,101.5,
107.5,101.5,
108.25,101.5,
109.0,101.5,-96.0
109.75,101.5,-95.99999999999999
110.5,101.5,-96.00000000000001
111.25,101.5,-95.99999999999999
112.0,101.5,-95.99999999999999
112.75,101.5,-95.99999999999999
113.5,101.5,
114.25,101.5,
115.0,101.5,
115.75,101.5,
116.5,101.5,
117.25,101.5,
118.0,101.5,
118.75,101.5,
119.5,101.5,
120.25,101.5,-102.18649885583524
121.0,101.5,-102.17415730337078
121.75,101.5,-102.11433447098976
122.5,101.5,-101.98387096774194
123.25,101.5,-101.77149321266968
124.0,101.5,-101.5
124.75,101.5,-101.22850678733032
125.5,101.5,-101.01612903225806
126.25,101.5,-100.88566552901024
127.0,101.5,-100.82584269662921
127.75,101.5,-100.81350114416476
128.5,101.5,
129.25,101.5,
130.0,101.5,
130.75,101.5,
131.5,101.5,
132.25,101.5,
133.0,101.5,
133.75,101.5,
134.5,101.5,
135.25,101.5,
136.0,101.5,
136.75,101.5,
137.5,101.5,
138.25,101.5,
139.0,101.5,
139.75,101.5,
140.5,101.5,
141.25,101.5,
142.0,101.5,
142.75,101.5,
143.5,101.5,
144.25,101.5,
145.0,101.5,-89.12623762376239
145.75,101.5,-89.05958904109589
146.5,101.5,-89.01744186046513
147.25,101.5,-89.7371838858863
148.0,101.5,-89.83549783549783
148.75,101.5,-89.07616754451895
149.5,101.5,-88.46963023067116
150.25,101.5,-89.27046776825809
151.0,101.5,-90.26003869388398
151.75,101.5,-89.9916281206917
152.5,101.5,-90.00887027081082
153.25,101.5,-90.38347243258409
154.0,101.5,-89.94172098932943
154.75,101.5,-89.42228609118553
155.5,101.5,-88.39688093199835
156.25,101.5,-86.11787150864703
157.0,101.5,-83.96373957947618
157.75,101.5,-87.12763441820695
158.5,101.5,-89.53644763860372
159.25,101.5,-89.90075503943386
160.0,101.5,-91.88153811502077
160.75,101.5,-94.83493510990205
161.5,101.5,-94.59713333529949
162.25,101.5,-91.72116568304449
163.0,101.5,-89.87133525663977
163.75,101.5,-88.27461752964747
164.5,101.5,-86.83395357163045
165.25,101.5,-85.97128011241908
166.0,101.5,-86.25116930356612
166.75,101.5,-86.74730799326326
167.5,101.5,-86.672939198062
168.25,101.5,-87.38176285801283
169.0,101.5,-87.43580072937196
169.75,101.5,-87.21568387412528
170.5,101.5,-87.2631779402803
171.25,101.5,-87.92023809523809
172.0,101.5,-87.59615384615384
172.75,101.5,-89.4958089776111
173.5,101.5,-86.98620872549742
174.25,101.5,-86.79340868742085
175.0,101.5,-86.86872931844316
175.75,101.5,-86.42786000725414
176.5,101.5,-85.93739832477054
177.25,101.5,-85.72269563549479
178.0,101.5,-84.65094955168234
178.75,101.5,-83.09597844855341
179.5,101.5,-83.66726990692865
180.25,101.5,-86.35403131635483
181.0,101.5,-90.22774085368735
181.75,101.5,-94.81673036569418
182.5,101.5,-98.48472310630171
183.25,101.5,-99.31978994689571
184.0,101.5,-98.2104156578284
184.75,101.5,-97.01747920310318
185.5,101.5,-98.63157894736841
186.25,101.5,-98.43438914027149
187.0,101.5,-98.31168831168833
187.75,101.5,-98.23244552058111
188.5,101.5,
189.25,101.5,
190.0,101.5,
190.75,101.5,
191.5,101.5,
192.25,101.5,
193.0,101.5,
193.75,101.5,
194.5,101.5,
195.25,101.5,
196.0,101.5,
196.75,101.5,
197.5,101.5,
198.25,101.5,
199.0,101.5,
199.75,101.5,
200.5,101.5,
201.25,101.5,
202.0,101.5,
202.75,101.5,
203.5,101.5,
204.25,101.5,
205.0,101.5,
205.75,101.5,
206.5,101.5,
207.25,101.5,
208.0,101.5,
208.75,101.5,
209.5,101.5,
210.25,101.5,
211.0,101.5,
211.75,101.5,
212.5,101.5,
213.25,101.5,
214.0,101.5,
214.75,101.5,
215.5,101.5,
216.25,101.5,
217.0,101.5,
217.75,101.5,
218.5,101.5,
219.25,101.5,
31.0,102.25,-95.16284987277353
31.75,102.25,-95.04232804232804
32.5,102.25,-94.91601049868767
33.25,102.25,-94.8009950248756
34.0,102.25,-94.70975056689343
34.75,102.25,
35.5,102.25,
36.25,102.25,
37.0,102.25,
37.75,102.25,
38.5,102.25,
39.25,102.25,
40.0,102.25,
40.75,102.25,
41.5,102.25,
42.25,102.25,
43.0,102.25,
43.75,102.25,
44.5,102.25,
45.25,102.25,
46.0,102.25,
46.75,102.25,
47.5,102.25,
48.25,102.25,
49.0,102.25,
49.75,102.25,-83.75124378109453
50.5,102.25,-80.06075528644752
51.25,102.25,-78.65798387577951
52.0,102.25,-78.08204125889696
52.75,102.25,-76.82898127981242
53.5,102.25,-75.2242811629036
54.25,102.25,-72.68404818174017
55.0,102.25,-72.16560888404571
55.75,102.25,-71.68630294293776
56.5,102.25,-72.1443195736047
57.25,102.25,-72.32064784755893
58.0,102.25,-72.02881974537557
58.75,102.25,-70.8347152032438
59.5,102.25,-72.36296475026879
60.25,102.25,-76.66831041087022
61.0,102.25,-78.40579434682185
61.75,102.25,-76.66234580285126
62.5,102.25,-73.9426013589381
63.25,102.25,-72.56122881838077
64.0,102.25,-71.23773393261256
64.75,102.25,-70.62273739986394
65.5,102.25,-71.77376563845647
66.25,102.25,-74.22828034130437
67.0,102.25,-75.81009202289378
67.75,102.25,-76.0978113519914
68.5,102.25,-77.01794951283145
69.25,102.25,-78.24633860262007
70.0,102.25,-79.56009915359692
70.75,102.25,-79.76667743358372
71.5,102.25,-80.31355621535144
72.25,102.25,-80.11644508392868
73.0,102.25,-83.59850374064838
73.75,102.25,-83.0
74.5,102.25,
75.25,102.25,
76.0,102.25,
76.75,102.25,
77.5,102.25,
78.25,102.25,
79.0,102.25,
79.75,102.25,
80.5,102.25,
81.25,102.25,
82.0,102.25,
82.75,102.25,
83.5,102.25,
84.25,102.25,-89.0
85.0,102.25,-89.11970074812966
85.75,102.25,-90.99044122991482
86.5,102.25,-91.089861747278
87.25,102.25,-91.20152161881067
88.0,102.25,-91.27779818481083
88.75,102.25,-91.36996235609712
89.5,102.25,-91.4597556126474
90.25,102.25,-91.54337916712387
91.0,102.25,-92.00318235257113
91.75,102.25,-92.02568837872425
92.5,102.25,-92.04409501003751
93.25,102.25,-91.51290034076374
94.0,102.25,-91.49178964289386
94.75,102.25,
95.5,102.25,
96.25,102.25,
97.0,102.25,
97.75,102.25,
98.5,102.25,
99.25,102.25,
100.0,102.25,
100.75,102.25,
101.5,102.25,
102.25,102.25,
103.0,102.25,
103.75,102.25,
104.5,102.25,
105.25,102.25,
106.0,102.25,
106.75,102.25,
107.5,102.25,-96.00000000000001
108.25,102.25,-96.0
109.0,102.25,-95.99999999999999
109.75,102.25,-96.0
110.5,102.25,-96.0
111.25,102.25,-95.99999999999999
112.0,102.25,-96.00000000000001
112.75,102.25,-96.0
113.5,102.25,-96.0
114.25,102.25,-96.00000000000001
115.0,102.25,
115.75,102.25,
116.5,102.25,
117.25,102.25,
118.0,102.25,
118.75,102.25,
119.5,102.25,
120.25,102.25,-102.32872928176798
121.0,102.25,-102.35409252669038
121.75,102.25,-102.32568807339449
122.5,102.25,-102.19364161849711
123.25,102.25,-101.91095890410958
124.0,102.25,-101.50000000000001
124.75,102.25,-101.08904109589041
125.5,102.25,-100.80635838150289
126.25,102.25,-100.6743119266055
127.0,102.25,-100.6459074733096
127.75,102.25,-100.67127071823205
128.5,102.25,
129.25,102.25,
130.0,102.25,
130.75,102.25,
131.5,102.25,
132.25,102.25,
133.0,102.25,
133.75,102.25,
134.5,102.25,
135.25,102.25,
136.0,102.25,
136.75,102.25,
137.5,102.25,
138.25,102.25,
139.0,102.25,
139.75,102.25,
140.5,102.25,
141.25,102.25,
142.0,102.25,
142.75,102.25,
143.5,102.25,-89.26945080091534
144.25,102.25,-89.16988950276243
145.0,102.25,-89.06147540983606
145.75,102.25,-89.55012473545442
146.5,102.25,-89.4989963722078
147.25,102.25,-89.54081548531765
148.0,102.25,-89.0476572275791
148.75,102.25,-89.06248515195263
149.5,102.25,-89.68287884331865
150.25,102.25,-90.1612067412804
151.0,102.25,-90.21672489986729
151.75,102.25,-90.37864847419415
152.5,102.25,-90.18738418486397
153.25,102.25,-90.91045232053528
154.0,102.25,-90.74234547732316
154.75,102.25,-90.53988547553351
155.5,102.25,-90.55593252602442
156.25,102.25,-91.16091163017757
157.0,102.25,-92.0796259855964
157.75,102.25,-91.28554035217803
158.5,102.25,-91.92426779965585
159.25,102.25,-92.30630468342
160.0,102.25,-92.80165287494147
160.75,102.25,-92.8890155304195
161.5,102.25,-92.18036872162666
162.25,102.25,-90.63768181394893
163.0,102.25,-89.9935235315736
163.75,102.25,-88.1226968169845
164.5,102.25,-84.87505815203383
165.25,102.25,-83.91054666863155
166.0,102.25,-85.03899695493287
166.75,102.25,-86.71042267622862
167.5,102.25,-87.0191503125317
168.25,102.25,-87.95577704243685
169.0,102.25,-87.7598500434152
169.75,102.25,-87.75512953160457
170.5,102.25,-87.72718509422967
171.25,102.25,-87.94620437657694
172.0,102.25,-88.94755950319897
172.75,102.25,-89.64711729622266
173.5,102.25,-88.10870893984573
174.25,102.25,-87.81215555028652
175.0,102.25,-87.23502840335412
175.75,102.25,-86.67819071303433
176.5,102.25,-86.05783047116427
177.25,102.25,-85.94117836031748
178.0,102.25,-85.60869121404056
178.75,102.25,-85.08650521160489
179.5,102.25,-85.3354095086716
180.25,102.25,-86.71517940101792
181.0,102.25,-89.48838830297922
181.75,102.25,-93.05536081177931
182.5,102.25,-95.99276338337265
183.25,102.25,-97.421802037828
184.0,102.25,-97.0905183999944
184.75,102.25,-96.38306484041331
185.5,102.25,-98.73096446700507
186.25,102.25,-98.54135338345864
187.0,102.25,-98.40793201133144
187.75,102.25,-98.31441048034935
188.5,102.25,
189.25,102.25,
190.0,102.25,
190.75,102.25,
191.5,102.25,
192.25,102.25,
193.0,102.25,
193.75,102.25,
194.5,102.25,
195.25,102.25,
196.0,102.25,
196.75,102.25,
197.5,102.25,
198.25,102.25,
199.0,102.25,
199.75,102.25,
200.5,102.25,
201.25,102.25,
202.0,102.25,
202.75,102.25,
203.5,102.25,
204.25,102.25,
205.0,102.25,
205.75,102.25,
206.5,102.25,
207.25,102.25,
208.0,102.25,
208.75,102.25,
209.5,102.25,
210.25,102.25,
211.0,102.25,
211.75,102.25,
212.5,102.25,
213.25,102.25,
214.0,102.25,
214.75,102.25,
215.5,102.25,
216.25,102.25,
217.0,102.25,
217.75,102.25,
218.5,102.25,
219.25,102.25,
31.0,103.0,-95.22222222222221
31.75,103.0,-95.05860805860806
32.5,103.0,-94.8840579710145
33.25,103.0,-94.73063973063972
34.0,103.0,-94.61904761904763
34.75,103.0,-94.55216284987277
35.5,103.0,
36.25,103.0,
37.0,103.0,
37.75,103.0,
38.5,103.0,
39.25,103.0,
40.0,103.0,
40.75,103.0,
41.5,103.0,
42.25,103.0,
43.0,103.0,
43.75,103.0,
44.5,103.0,
45.25,103.0,
46.0,103.0,
46.75,103.0,
47.5,103.0,
48.25,103.0,
49.0,103.0,
49.75,103.0,-82.94623655913979
50.5,103.0,-82.47311827956989
51.25,103.0,-76.05933538568125
52.0,103.0,-76.19101838226122
52.75,103.0,-77.35152458777372
53.5,103.0,-76.49455698205533
54.25,103.0,-75.78203120010804
55.0,103.0,-75.38095238095237
55.75,103.0,-72.90834113596847
56.5,103.0,-73.2156627923749
57.25,103.0,-72.64721763340215
58.0,103.0,-73.85229445506691
58.75,103.0,-75.53052986904433
59.5,103.0,-76.8843834934732
60.25,103.0,-78.57585004577044
61.0,103.0,-79.99999999999716
61.75,103.0,-78.62295070335873
62.5,103.0,-76.16710580363916
63.25,103.0,-74.40483203447657
64.0,103.0,-73.19713656387665
64.75,103.0,-72.48889020231621
65.5,103.0,-74.33245490469626
66.25,103.0,-76.09084518079413
67.0,103.0,-76.99999999999919
67.75,103.0,-77.25454865080067
68.5,103.0,-79.23484739934086
69.25,103.0,-81.38466995556925
70.0,103.0,-81.88677942699346
70.75,103.0,-81.55916342945544
71.5,103.0,-80.98605108614673
72.25,103.0,-80.46027864489557
73.0,103.0,-83.1190476190476
73.75,103.0,-82.40149625935162
74.5,103.0,-82.04
75.25,103.0,
76.0,103.0,
76.75,103.0,
77.5,103.0,
78.25,103.0,
79.0,103.0,
79.75,103.0,
80.5,103.0,
81.25,103.0,
82.0,103.0,
82.75,103.0,
83.5,103.0,-88.808
84.25,103.0,-88.88029925187031
85.0,103.0,-90.54761904761905
85.75,103.0,-90.8632236803909
86.5,103.0,-90.98911636617267
87.25,103.0,-91.12292612479366
88.0,103.0,-91.24468971261973
88.75,103.0,-91.34830750995103
89.5,103.0,-91.46202161629918
90.25,103.0,-91.58640092185608
91.0,103.0,-91.67469879518073
91.75,103.0,-92.00410610032601
92.5,103.0,-92.02425430283537
93.25,103.0,-92.04278927568733
94.0,103.0,-91.50805886475122
94.75,103.0,-91.62467532467534
95.5,103.0,
96.25,103.0,
97.0,103.0,
97.75,103.0,
98.5,103.0,
99.25,103.0,
100.0,103.0,
100.75,103.0,
101.5,103.0,
102.25,103.0,
103.0,103.0,
103.75,103.0,
104.5,103.0,
105.25,103.0,
106.0,103.0,
106.75,103.0,-96.0
107.5,103.0,-95.99999999999999
108.25,103.0,-96.0
109.0,103.0,-96.0
109.75,103.0,-96.00000000000001
110.5,103.0,-96.0
111.25,103.0,-96.0
112.0,103.0,-95.99999999999999
112.75,103.0,-96.00000000000001
113.5,103.0,-96.0
114.25,103.0,-96.0
115.0,103.0,
115.75,103.0,
116.5,103.0,
117.25,103.0,
118.0,103.0,
118.75,103.0,
119.5,103.0,-102.39108910891089
120.25,103.0,-102.48360655737704
121.0,103.0,-102.57142857142857
121.75,103.0,-102.61801242236025
122.5,103.0,-102.53448275862067
123.25,103.0,-102.17415730337078
124.0,103.0,-101.50000000000001
124.75,103.0,-100.82584269662921
125.5,103.0,-100.46551724137929
126.25,103.0,-100.38198757763975
127.0,103.0,-100.42857142857143
127.75,103.0,-100.51639344262296
128.5,103.0,-100.60891089108911
129.25,103.0,
130.0,103.0,
130.75,103.0,
131.5,103.0,
132.25,103.0,
133.0,103.0,
133.75,103.0,
134.5,103.0,
135.25,103.0,
136.0,103.0,
136.75,103.0,
137.5,103.0,
138.25,103.0,
139.0,103.0,
139.75,103.0,
140.5,103.0,
141.25,103.0,
142.0,103.0,
142.75,103.0,-89.37583518930958
143.5,103.0,-89.27808988764045
144.25,103.0,-89.15213523131672
145.0,103.0,-89.53030303030303
145.75,103.0,-89.34384584574698
146.5,103.0,-89.2219445436154
147.25,103.0,-88.89860953791955
148.0,103.0,-88.98026315789473
148.75,103.0,-89.49327414669546
149.5,103.0,-89.89720579033299
150.25,103.0,-90.0772828625549
151.0,103.0,-90.1276595744681
151.75,103.0,-90.42259766971668
152.5,103.0,-90.46318784139336
153.25,103.0,-90.74768408604753
154.0,103.0,-91.66418515515589
154.75,103.0,-91.7869252845935
155.5,103.0,-92.06797641015646
156.25,103.0,-93.97255591789936
157.0,103.0,-95.99999999999424
157.75,103.0,-93.97461628038651
158.5,103.0,-93.44876594494372
159.25,103.0,-93.82639751388588
160.0,103.0,-92.84146341463413
160.75,103.0,-91.09065127199973
161.5,103.0,-90.48984611262107
162.25,103.0,-90.08256253349991
163.0,103.0,-90.99999999999619
163.75,103.0,-88.50572703304677
164.5,103.0,-83.29246450346325
165.25,103.0,-82.27268640217869
166.0,103.0,-84.88560170963002
166.75,103.0,-87.43358017121096
167.5,103.0,-88.50818176177839
168.25,103.0,-88.6134164278284
169.0,103.0,-88.45901639344262
169.75,103.0,-87.93729383900185
170.5,103.0,-87.82443027902805
171.25,103.0,-88.161640495147
172.0,103.0,-88.92131979695431
172.75,103.0,-88.79844008643711
173.5,103.0,-88.51935081349804
174.25,103.0,-88.31145963359367
175.0,103.0,-87.95604395604396
175.75,103.0,-87.16659009209015
176.5,103.0,-85.97257493573615
177.25,103.0,-85.62052748438931
178.0,103.0,-86.11104783599089
178.75,103.0,-85.10917005517221
179.5,103.0,-85.33536727615571
180.25,103.0,-86.76148038292298
181.0,103.0,-88.89622641509432
181.75,103.0,-91.44236821934561
182.5,103.0,-93.62149292671964
183.25,103.0,-95.3670442045322
184.0,103.0,-95.63169425511197
184.75,103.0,-97.04177833770888
185.5,103.0,-98.73846153846155
186.25,103.0,-98.58358662613982
187.0,103.0,-98.46153846153845
187.75,103.0,
188.5,103.0,
189.25,103.0,
190.0,103.0,
190.75,103.0,
191.5,103.0,
192.25,103.0,
193.0,103.0,
193.75,103.0,
194.5,103.0,
195.25,103.0,
196.0,103.0,
196.75,103.0,
197.5,103.0,
198.25,103.0,
199.0,103.0,
199.75,103.0,
200.5,103.0,
201.25,103.0,
202.0,103.0,
202.75,103.0,
203.5,103.0,
204.25,103.0,
205.0,103.0,
205.75,103.0,
206.5,103.0,
207.25,103.0,
208.0,103.0,
208.75,103.0,
209.5,103.0,
210.25,103.0,
211.0,103.0,
211.75,103.0,
212.5,103.0,
213.25,103.0,
214.0,103.0,
214.75,103.0,
215.5,103.0,
216.25,103.0,
217.0,103.0,
217.75,103.0,
218.5,103.0,
219.25,103.0,
31.0,103.75,-95.26668096886384
31.75,103.75,-95.07173231225107
32.5,103.75,-94.86016938750461
33.25,103.75,-94.69001490312965
34.0,103.75,-94.59020774735457
34.75,103.75,-94.5528965295563
35.5,103.75,-94.55517298970928
36.25,103.75,
37.0,103.75,
37.75,103.75,
38.5,103.75,
39.25,103.75,
40.0,103.75,
40.75,103.75,
41.5,103.75,
42.25,103.75,
43.0,103.75,
43.75,103.75,
44.5,103.75,
45.25,103.75,
46.0,103.75,
46.75,103.75,
47.5,103.75,
48.25,103.75,
49.0,103.75,
49.75,103.75,-81.46489292602747
50.5,103.75,-79.85111655439023
51.25,103.75,-78.74823395092415
52.0,103.75,-78.30742228456137
52.75,103.75,-75.47749903074248
53.5,103.75,-77.79927636053236
54.25,103.75,-77.5568694798629
55.0,103.75,-76.85749579005822
55.75,103.75,-76.79582187358976
56.5,103.75,-75.88392809530828
57.25,103.75,-75.66771236040867
58.0,103.75,-76.77280837530712
58.75,103.75,-78.16063484964558
59.5,103.75,-78.93007707030755
60.25,103.75,-79.68729771470298
61.0,103.75,-79.99593747182473
61.75,103.75,-79.20607395259583
62.5,103.75,-77.6948066740532
63.25,103.75,-76.20127395894318
64.0,103.75,-74.95439539237682
64.75,103.75,-73.54561632209725
65.5,103.75,-75.37631107675674
66.25,103.75,-76.3034935909775
67.0,103.75,-77.20203198054672
67.75,103.75,-78.79376963826084
68.5,103.75,-82.76601292410713
69.25,103.75,-84.98271058122651
70.0,103.75,-84.29065505553714
70.75,103.75,-82.73304285414991
71.5,103.75,-81.41953888134391
72.25,103.75,-80.88205850342047
73.0,103.75,-81.51966327163693
73.75,103.75,-81.11348870849154
74.5,103.75,-81.35240274599543
75.25,103.75,
76.0,103.75,
76.75,103.75,
77.5,103.75,
78.25,103.75,
79.0,103.75,
79.75,103.75,
80.5,103.75,
81.25,103.75,
82.0,103.75,
82.75,103.75,-86.53265306122448
83.5,103.75,-87.84726962598911
84.25,103.75,-89.92222847697118
85.0,103.75,-90.03422937069683
85.75,103.75,-90.39448311878954
86.5,103.75,-90.61487360026592
87.25,103.75,-91.17196670881619
88.0,103.75,-91.27948108685683
88.75,103.75,-91.33595655327582
89.5,103.75,-91.4654506827224
90.25,103.75,-91.64573027039516
91.0,103.75,-91.78218152713596
91.75,103.75,-91.79175110806509
92.5,103.75,-92.0065217534798
93.25,103.75,-92.02431688296956
94.0,103.75,-92.04562789937108
94.75,103.75,-91.47943664941705
95.5,103.75,-91.58551068883611
96.25,103.75,
97.0,103.75,
97.75,103.75,
98.5,103.75,
99.25,103.75,
100.0,103.75,
100.75,103.75,
101.5,103.75,
102.25,103.75,
103.0,103.75,
103.75,103.75,
104.5,103.75,
105.25,103.75,
106.0,103.75,-96.0
106.75,103.75,-96.0
107.5,103.75,-96.0
108.25,103.75,-95.99999999999999
109.0,103.75,-96.0
109.75,103.75,-95.99999999999999
110.5,103.75,-95.99999999999999
111.25,103.75,-95.99999999999999
112.0,103.75,-95.99999999999999
112.75,103.75,-96.0
113.5,103.75,-96.0
114.25,103.75,-96.0
115.0,103.75,
115.75,103.75,
116.5,103.75,
117.25,103.75,
118.0,103.75,
118.75,103.75,
119.5,103.75,-102.48630136986301
120.25,103.75,-102.62781954887218
121.0,103.75,-102.7972972972973
121.75,103.75,-102.97540983606558
122.5,103.75,-103.05844155844154
123.25,103.75,-102.69999999999999
124.0,103.75,-101.5
124.75,103.75,-100.30000000000001
125.5,103.75,-99.94155844155844
126.25,103.75,-100.02459016393443
127.0,103.75,-100.2027027027027
127.75,103.75,-100.37218045112782
128.5,103.75,-100.51369863013697
129.25,103.75,
130.0,103.75,
130.75,103.75,
131.5,103.75,
132.25,103.75,
133.0,103.75,
133.75,103.75,
134.5,103.75,
135.25,103.75,
136.0,103.75,
136.75,103.75,
137.5,103.75,
138.25,103.75,
139.0,103.75,
139.75,103.75,
140.5,103.75,
141.25,103.75,
142.0,103.75,-89.49647887323943
142.75,103.75,-89.42357512953369
143.5,103.75,-89.31996587030716
144.25,103.75,-89.68736742008632
145.0,103.75,-89.43225012215473
145.75,103.75,-89.11530616673177
146.5,103.75,-88.83825670777695
147.25,103.75,-88.81891906169203
148.0,103.75,-89.30236737610231
148.75,103.75,-89.69411652778791
149.5,103.75,-89.90268930768039
150.25,103.75,-89.96770640798469
151.0,103.75,-90.00377770867478
151.75,103.75,-90.35525319209336
152.5,103.75,-91.55052106098758
153.25,103.75,-91.09221483353423
154.0,103.75,-91.51447048379674
154.75,103.75,-92.2314032334714
155.5,103.75,-92.57948968266915
156.25,103.75,-93.43805136902996
157.0,103.75,-94.37574877408667
157.75,103.75,-93.41131690751286
158.5,103.75,-92.90541777120664
159.25,103.75,-92.86204184717693
160.0,103.75,-91.83658488740225
160.75,103.75,-89.40958154031262
161.5,103.75,-88.50646976310576
162.25,103.75,-88.45283832450784
163.0,103.75,-88.64775661463514
163.75,103.75,-87.21988568982576
164.5,103.75,-84.93638966685423
165.25,103.75,-84.4633742610897
166.0,103.75,-86.91233428995439
166.75,103.75,-89.48902809215672
167.5,103.75,-89.97668855538977
168.25,103.75,-89.37968733442857
169.0,103.75,-88.70515322373863
169.75,103.75,-88.3650179169488
170.5,103.75,-88.31391166377243
171.25,103.75,-89.08552218303393
172.0,103.75,-89.01122262179373
172.75,103.75,-89.04490120747367
173.5,103.75,-89.75386744273398
174.25,103.75,-89.25317379037745
175.0,103.75,-88.91435913598464
175.75,103.75,-88.60658335217012
176.5,103.75,-88.05442709707805
177.25,103.75,-87.67792792792793
178.0,103.75,-87.31906479334846
178.75,103.75,-86.25549206392016
179.5,103.75,-86.19492773862316
180.25,103.75,-87.09779987597918
181.0,103.75,-88.74974050877893
181.75,103.75,-90.50113172103507
182.5,103.75,-92.08680489870343
183.25,103.75,-93.71562140610193
184.0,103.75,-94.28381491177694
184.75,103.75,-96.30287630324305
185.5,103.75,-98.70381231671556
186.25,103.75,-98.58536585365854
187.0,103.75,
187.75,103.75,
188.5,103.75,
189.25,103.75,
190.0,103.75,
190.75,103.75,
191.5,103.75,
192.25,103.75,
193.0,103.75,
193.75,103.75,
194.5,103.75,
195.25,103.75,
196.0,103.75,
196.75,103.75,
197.5,103.75,
198.25,103.75,
199.0,103.75,
199.75,103.75,
200.5,103.75,
201.25,103.75,
202.0,103.75,
202.75,103.75,
203.5,103.75,
204.25,103.75,
205.0,103.75,
205.75,103.75,
206.5,103.75,
207.25,103.75,
208.0,103.75,
208.75,103.75,
209.5,103.75,
210.25,103.75,
211.0,103.75,
211.75,103.75,
212.5,103.75,
213.25,103.75,
214.0,103.75,
214.75,103.75,
215.5,103.75,
216.25,103.75,
217.0,103.75,
217.75,103.75,
218.5,103.75,
219.25,103.75,
31.0,104.5,-95.41793456308065
31.75,104.5,-95.11719889601328
32.5,104.5,-94.77394900068917
33.25,104.5,-94.52697601222586
34.0,104.5,-94.42244399617793
34.75,104.5,-94.4170503536432
35.5,104.5,-94.45631067961165
36.25,104.5,-94.50777724145145
37.0,104.5,
37.75,104.5,
38.5,104.5,
39.25,104.5,
40.0,104.5,
40.75,104.5,
41.5,104.5,
42.25,104.5,
43.0,104.5,
43.75,104.5,
44.5,104.5,
45.25,104.5,
46.0,104.5,
46.75,104.5,
47.5,104.5,
48.25,104.5,
49.0,104.5,
49.75,104.5,-77.92755344418053
50.5,104.5,-76.03018230109863
51.25,104.5,-79.77736957586336
52.0,104.5,-76.85342585928115
52.75,104.5,-78.84597473594002
53.5,104.5,-79.46461718991182
54.25,104.5,-79.74552504808777
55.0,104.5,-80.38865033918765
55.75,104.5,-80.33916845400148
56.5,104.5,-80.5119224483732
57.25,104.5,-80.82775453557613
58.0,104.5,-81.03647579958957
58.75,104.5,-80.71202625992579
59.5,104.5,-80.91193744225947
60.25,104.5,-81.64457812772775
61.0,104.5,-82.21011919299495
61.75,104.5,-81.27438122698518
62.5,104.5,-79.87128980032381
63.25,104.5,-77.29591160024837
64.0,104.5,-75.9284644817834
64.75,104.5,-75.26994739698087
65.5,104.5,-76.69180225854274
66.25,104.5,-76.4744128461627
67.0,104.5,-76.06840632649639
67.75,104.5,-79.74961414024602
68.5,104.5,-87.79291944090667
69.25,104.5,-90.2943074349921
70.0,104.5,-86.63457406354527
70.75,104.5,-83.35590497735271
71.5,104.5,-81.28280649833135
72.25,104.5,-80.24424107105338
73.0,104.5,-80.61425706768132
73.75,104.5,-80.41031140554045
74.5,104.5,-79.6220006954909
75.25,104.5,
76.0,104.5,
76.75,104.5,
77.5,104.5,
78.25,104.5,
79.0,104.5,
79.75,104.5,
80.5,104.5,
81.25,104.5,
82.0,104.5,-86.48347107438016
82.75,104.5,-86.51007556675064
83.5,104.5,-88.67424100800119
84.25,104.5,-89.71569145506015
85.0,104.5,-89.80393547536333
85.75,104.5,-90.12902658169259
86.5,104.5,-90.37461431899756
87.25,104.5,-91.02430470412426
88.0,104.5,-91.20915524665993
88.75,104.5,-91.14724415529493
89.5,104.5,-91.30394756818438
90.25,104.5,-91.76016534802088
91.0,104.5,-91.93861565718372
91.75,104.5,-91.87912474675338
92.5,104.5,-91.9870218579235
93.25,104.5,-92.00256080231603
94.0,104.5,-92.02781354659561
94.75,104.5,-91.4685467140195
95.5,104.5,-91.56382978723406
96.25,104.5,-91.54868154158214
97.0,104.5,
97.75,104.5,
98.5,104.5,
99.25,104.5,
100.0,104.5,
100.75,104.5,
101.5,104.5,
102.25,104.5,
103.0,104.5,
103.75,104.5,
104.5,104.5,
105.25,104.5,
106.0,104.5,-96.0
106.75,104.5,-96.0
107.5,104.5,-96.00000000000001
108.25,104.5,-96.0
109.0,104.5,-96.0
109.75,104.5,-96.0
110.5,104.5,-96.0
111.25,104.5,-95.99999999999999
112.0,104.5,-96.0
112.75,104.5,-96.0
113.5,104.5,-96.0
114.25,104.5,-96.0
115.0,104.5,
115.75,104.5,
116.5,104.5,
117.25,104.5,
118.0,104.5,
118.75,104.5,
119.5,104.5,-102.54651162790698
120.25,104.5,-102.72448979591837
121.0,104.5,-102.96341463414633
121.75,104.5,-103.28217821782178
122.5,104.5,-103.64285714285714
123.25,104.5,-103.5689655172414
124.0,104.5,-101.50000000000001
124.75,104.5,-99.43103448275863
125.5,104.5,-99.35714285714286
126.25,104.5,-99.71782178217823
127.0,104.5,-100.03658536585367
127.75,104.5,-100.27551020408164
128.5,104.5,-100.45348837209302
129.25,104.5,
130.0,104.5,
130.75,104.5,
131.5,104.5,
132.25,104.5,
133.0,104.5,
133.75,104.5,
134.5,104.5,
135.25,104.5,
136.0,104.5,
136.75,104.5,
137.5,104.5,
138.25,104.5,
139.0,104.5,
139.75,104.5,
140.5,104.5,
141.25,104.5,
142.0,104.5,-89.5641592920354
142.75,104.5,-89.50366568914956
143.5,104.5,-89.41129032258065
144.25,104.5,-89.74209510984284
145.0,104.5,-89.43915343915343
145.75,104.5,-88.98498850919927
146.5,104.5,-88.4217406606667
147.25,104.5,-88.29977624561968
148.0,104.5,-88.90606749437569
148.75,104.5,-89.76363642048722
149.5,104.5,-89.95271987639101
150.25,104.5,-89.3343423162758
151.0,104.5,-89.46314924345666
151.75,104.5,-90.08428403087423
152.5,104.5,-90.73883285557005
153.25,104.5,-91.58585951201438
154.0,104.5,-91.84532563875918
154.75,104.5,-92.41431122251045
155.5,104.5,-92.44525441291425
156.25,104.5,-92.74161675380066
157.0,104.5,-92.7917547031239
157.75,104.5,-92.51748239390425
158.5,104.5,-91.99554262656594
159.25,104.5,-91.38032258660539
160.0,104.5,-89.45755343944481
160.75,104.5,-87.53563322238949
161.5,104.5,-87.23801662693015
162.25,104.5,-86.08086810884264
163.0,104.5,-84.60332877517747
163.75,104.5,-85.63364216541467
164.5,104.5,-86.56110572259944
165.25,104.5,-87.45119380909493
166.0,104.5,-89.70361246623393
166.75,104.5,-91.85408891227306
167.5,104.5,-91.66484362277146
168.25,104.5,-89.91454336136671
169.0,104.5,-88.5925371985878
169.75,104.5,-88.1573988920807
170.5,104.5,-88.76793919792918
171.25,104.5,-88.98580567496484
172.0,104.5,-89.76087006663788
172.75,104.5,-89.3331728178105
173.5,104.5,-89.90945103253614
174.25,104.5,-90.13519798084829
175.0,104.5,-90.1285532132271
175.75,104.5,-90.84426238139545
176.5,104.5,-92.57289588961683
177.25,104.5,-93.06621522238177
178.0,104.5,-90.25231744987761
178.75,104.5,-88.08177208261279
179.5,104.5,-87.80809718999306
180.25,104.5,-88.02457718600986
181.0,104.5,-88.71529761346487
181.75,104.5,-89.66000167050825
182.5,104.5,-91.22616405699091
183.25,104.5,-92.54570851476839
184.0,104.5,-95.29400238214163
184.75,104.5,-95.59334742306918
185.5,104.5,
186.25,104.5,
187.0,104.5,
187.75,104.5,
188.5,104.5,
189.25,104.5,
190.0,104.5,
190.75,104.5,
191.5,104.5,
192.25,104.5,
193.0,104.5,
193.75,104.5,
194.5,104.5,
195.25,104.5,
196.0,104.5,
196.75,104.5,
197.5,104.5,
198.25,104.5,
199.0,104.5,
199.75,104.5,
200.5,104.5,
201.25,104.5,
202.0,104.5,
202.75,104.5,
203.5,104.5,
204.25,104.5,
205.0,104.5,
205.75,104.5,
206.5,104.5,
207.25,104.5,
208.0,104.5,
208.75,104.5,
209.5,104.5,
210.25,104.5,
211.0,104.5,
211.75,104.5,
212.5,104.5,
213.25,104.5,
214.0,104.5,
214.75,104.5,
215.5,104.5,
216.25,104.5,
217.0,104.5,
217.75,104.5,
218.5,104.5,
219.25,104.5,
31.0,105.25,-95.70656097793908
31.75,105.25,-95.21452322213878
32.5,105.25,-94.59409532777576
33.25,105.25,-94.2335735481136
34.0,105.25,-94.09317975156455
34.75,105.25,-94.12932683945036
35.5,105.25,-94.17651819530087
36.25,105.25,-94.20675323768789
37.0,105.25,-93.77608142493638
37.75,105.25,
38.5,105.25,
39.25,105.25,
40.0,105.25,
40.75,105.25,
41.5,105.25,
42.25,105.25,
43.0,105.25,
43.75,105.25,
44.5,105.25,
45.25,105.25,
46.0,105.25,
46.75,105.25,
47.5,105.25,-77.86511156186613
48.25,105.25,-78.04298642533938
49.0,105.25,-77.32867322303551
49.75,105.25,-77.3818577348687
50.5,105.25,-78.29909803630936
51.25,105.25,-78.07456064029925
52.0,105.25,-80.508937890376
52.75,105.25,-80.98075836268181
53.5,105.25,-80.55889787168323
54.25,105.25,-81.29064281579707
55.0,105.25,-82.54004433136798
55.75,105.25,-83.13619020415003
56.5,105.25,-81.93648354490877
57.25,105.25,-81.4505721538331
58.0,105.25,-82.22620888320832
58.75,105.25,-81.26745708935677
59.5,105.25,-81.65842486367687
60.25,105.25,-82.61552803525585
61.0,105.25,-82.97873923056217
61.75,105.25,-82.7197000332519
62.5,105.25,-82.41119785389051
63.25,105.25,-81.1828209622505
64.0,105.25,-76.49321189207768
64.75,105.25,-77.990737690569
65.5,105.25,-77.11165161093811
66.25,105.25,-76.41118488966445
67.0,105.25,-75.3466129392185
67.75,105.25,-79.74674524788254
68.5,105.25,-89.21622105660269
69.25,105.25,-91.6042680847435
70.0,105.25,-86.19124572479883
70.75,105.25,-81.77325535585354
71.5,105.25,-79.65269845065409
72.25,105.25,-79.03211544854004
73.0,105.25,-80.40407996287534
73.75,105.25,-80.83299390333869
74.5,105.25,-81.2636817655959
75.25,105.25,-74.5868544600939
76.0,105.25,
76.75,105.25,
77.5,105.25,
78.25,105.25,
79.0,105.25,
79.75,105.25,
80.5,105.25,
81.25,105.25,
82.0,105.25,-86.5998224013109
82.75,105.25,-87.83559849724352
83.5,105.25,-89.14967553787928
84.25,105.25,-89.87772211203428
85.0,105.25,-89.82720616063486
85.75,105.25,-89.7103633167613
86.5,105.25,-89.87463673021449
87.25,105.25,-90.6681625220016
88.0,105.25,-91.21628809938082
88.75,105.25,-91.12402557756619
89.5,105.25,-91.34115379220027
90.25,105.25,-91.83666179903042
91.0,105.25,-91.98177736440142
91.75,105.25,-91.87256987288124
92.5,105.25,-91.76044488112153
93.25,105.25,-91.970124536301
94.0,105.25,-92.00714260718787
94.75,105.25,-91.44420109872631
95.5,105.25,-91.53438395415473
96.25,105.25,-91.52575107296137
97.0,105.25,
97.75,105.25,
98.5,105.25,
99.25,105.25,
100.0,105.25,
100.75,105.25,
101.5,105.25,
102.25,105.25,
103.0,105.25,
103.75,105.25,
104.5,105.25,
105.25,105.25,
106.0,105.25,-96.0
106.75,105.25,-96.0
107.5,105.25,-96.0
108.25,105.25,-96.0
109.0,105.25,-96.0
109.75,105.25,-96.00000000000001
110.5,105.25,-96.0
111.25,105.25,-96.0
112.0,105.25,-96.00000000000001
112.75,105.25,-96.0
113.5,105.25,-96.0
114.25,105.25,-96.0
115.0,105.25,
115.75,105.25,
116.5,105.25,
117.25,105.25,
118.0,105.25,
118.75,105.25,
119.5,105.25,-102.55571847507329
120.25,105.25,-102.7396694214876
121.0,105.25,-102.99068322981367
121.75,105.25,-103.33673469387755
122.5,105.25,-103.76415094339625
123.25,105.25,-103.80769230769229
124.0,105.25,-101.5
124.75,105.25,-99.19230769230768
125.5,105.25,-99.23584905660378
126.25,105.25,-99.66326530612245
127.0,105.25,-100.00931677018635
127.75,105.25,-100.2603305785124
128.5,105.25,-100.44428152492668
129.25,105.25,
130.0,105.25,
130.75,105.25,-98.49233716475096
131.5,105.25,
132.25,105.25,
133.0,105.25,
133.75,105.25,
134.5,105.25,
135.25,105.25,
136.0,105.25,
136.75,105.25,
137.5,105.25,
138.25,105.25,
139.0,105.25,
139.75,105.25,
140.5,105.25,
141.25,105.25,
142.0,105.25,-89.65117647058823
142.75,105.25,-89.61624203821655
143.5,105.25,-90.05986943854347
144.25,105.25,-89.91086430300442
145.0,105.25,-89.89655376260794
145.75,105.25,-89.21861417560983
146.5,105.25,-88.43643791788294
147.25,105.25,-88.22417951092655
148.0,105.25,-89.23551513660112
148.75,105.25,-89.85233834425628
149.5,105.25,-90.14433258347262
150.25,105.25,-89.09307218920743
151.0,105.25,-88.88928565090487
151.75,105.25,-89.69712899599126
152.5,105.25,-90.76976883364482
153.25,105.25,-91.55965978703749
154.0,105.25,-91.94507582790666
154.75,105.25,-92.39537051532349
155.5,105.25,-92.35208812063107
156.25,105.25,-92.26965937228026
157.0,105.25,-91.94848433690218
157.75,105.25,-91.79479736064785
158.5,105.25,-91.82115498204921
159.25,105.25,-90.0448562779017
160.0,105.25,-88.5342141878668
160.75,105.25,-87.18075277174506
161.5,105.25,-86.92212365532625
162.25,105.25,-85.34010255045105
163.0,105.25,-83.7370516071827
163.75,105.25,-85.31330075190576
164.5,105.25,-87.61935010507652
165.25,105.25,-89.06201400576423
166.0,105.25,-90.27500391420561
166.75,105.25,-92.47006707666381
167.5,105.25,-91.79520283005583
168.25,105.25,-89.37708934368165
169.0,105.25,-87.845029264894
169.75,105.25,-87.66583044330167
170.5,105.25,-88.5177457305022
171.25,105.25,-89.01334011198641
172.0,105.25,-88.98920896601156
172.75,105.25,-89.4447948004978
173.5,105.25,-89.9238076832111
174.25,105.25,-90.235016015567
175.0,105.25,-90.54404578357209
175.75,105.25,-91.49661494699711
176.5,105.25,-93.7057021269085
177.25,105.25,-94.37541291651017
178.0,105.25,-91.65016364007684
178.75,105.25,-89.51788882046894
179.5,105.25,-88.33925708829878
180.25,105.25,-87.74521347549529
181.0,105.25,-89.1437555937449
181.75,105.25,-89.64811471904852
182.5,105.25,-90.25722894627279
183.25,105.25,-93.4090909090909
184.0,105.25,-94.1793893129771
184.75,105.25,
185.5,105.25,
186.25,105.25,
187.0,105.25,
187.75,105.25,
188.5,105.25,
189.25,105.25,
190.0,105.25,
190.75,105.25,
191.5,105.25,
192.25,105.25,
193.0,105.25,
193.75,105.25,
194.5,105.25,
195.25,105.25,
196.0,105.25,
196.75,105.25,
197.5,105.25,
198.25,105.25,
199.0,105.25,
199.75,105.25,
200.5,105.25,
201.25,105.25,
202.0,105.25,
202.75,105.25,
203.5,105.25,
204.25,105.25,
205.0,105.25,
205.75,105.25,
206.5,105.25,
207.25,105.25,
208.0,105.25,
208.75,105.25,
209.5,105.25,
210.25,105.25,
211.0,105.25,
211.75,105.25,
212.5,105.25,
213.25,105.25,
214.0,105.25,
214.75,105.25,
215.5,105.25,
216.25,105.25,
217.0,105.25,
217.75,105.25,
218.5,105.25,
219.25,105.25,
31.0,106.0,-96.25301204819277
31.75,106.0,-95.38443936120069
32.5,106.0,-94.159628918746
33.25,106.0,-93.70320286578215
34.0,106.0,-93.81250000000001
34.75,106.0,-93.9908522888285
35.5,106.0,-94.10068404370038
36.25,106.0,-94.15227374495133
37.0,106.0,-93.60012172854535
37.75,106.0,-93.60444648234287
38.5,106.0,
39.25,106.0,
40.0,106.0,
40.75,106.0,
41.5,106.0,
42.25,106.0,
43.0,106.0,
43.75,106.0,
44.5,106.0,
45.25,106.0,
46.0,106.0,-77.5
46.75,106.0,-77.63129102844638
47.5,106.0,-77.80927835051546
48.25,106.0,-77.30131140600105
49.0,106.0,-77.45098039215685
49.75,106.0,-77.55998160257565
50.5,106.0,-78.32851234973374
51.25,106.0,-80.32579410738673
52.0,106.0,-80.69185884968049
52.75,106.0,-80.93837736743393
53.5,106.0,-81.75248491804791
54.25,106.0,-82.95137956099394
55.0,106.0,-84.5448041122534
55.75,106.0,-86.31360600985124
56.5,106.0,-87.26998241547439
57.25,106.0,-86.92907810349728
58.0,106.0,-84.6590909090909
58.75,106.0,-83.01714599836058
59.5,106.0,-82.59364833074729
60.25,106.0,-82.82344931942518
61.0,106.0,-83.23038229376257
61.75,106.0,-83.54135894988404
62.5,106.0,-83.89277386689167
63.25,106.0,-83.19588088513841
64.0,106.0,-81.7584388185654
64.75,106.0,-80.05916714582357
65.5,106.0,-78.52800570451359
66.25,106.0,-77.9454803766722
67.0,106.0,-78.29490094186424
67.75,106.0,-81.30304985587067
68.5,106.0,-84.65101511249159
69.25,106.0,-85.11530898690386
70.0,106.0,-82.15506329113923
70.75,106.0,-77.99237781266547
71.5,106.0,-77.22591221832681
72.25,106.0,-78.12497399327607
73.0,106.0,-79.40129112869639
73.75,106.0,-80.3081786628177
74.5,106.0,-81.01015263621143
75.25,106.0,-78.81452767004146
76.0,106.0,-79.34883720930232
76.75,106.0,
77.5,106.0,
78.25,106.0,
79.0,106.0,
79.75,106.0,
80.5,106.0,-86.48347107438016
81.25,106.0,-86.5998224013109
82.0,106.0,-88.7082785808147
82.75,106.0,-88.64086113079136
83.5,106.0,-89.2592999767072
84.25,106.0,-89.61750933130767
85.0,106.0,-89.50278248691676
85.75,106.0,-89.2684914403144
86.5,106.0,-88.87294452525639
87.25,106.0,-89.33948169755779
88.0,106.0,-91.30555555555554
88.75,106.0,-92.40928772603237
89.5,106.0,-92.44161848879685
90.25,106.0,-91.9792072146982
91.0,106.0,-91.69821092278718
91.75,106.0,-91.66709858452722
92.5,106.0,-91.65050322880913
93.25,106.0,-91.92226368159206
94.0,106.0,-91.98611111111111
94.75,106.0,-92.0365776081425
95.5,106.0,-91.5
96.25,106.0,-91.5
97.0,106.0,
97.75,106.0,
98.5,106.0,
99.25,106.0,
100.0,106.0,
100.75,106.0,
101.5,106.0,
102.25,106.0,
103.0,106.0,
103.75,106.0,
104.5,106.0,
105.25,106.0,-96.0
106.0,106.0,-96.0
106.75,106.0,-95.99999999999999
107.5,106.0,-96.0
108.25,106.0,-96.0
109.0,106.0,-96.0
109.75,106.0,-96.0
110.5,106.0,-96.0
111.25,106.0,-95.99999999999999
112.0,106.0,-95.99999999999999
112.75,106.0,-96.00000000000001
113.5,106.0,-96.0
114.25,106.0,-95.99999999999999
115.0,106.0,
115.75,106.0,
116.5,106.0,
117.25,106.0,
118.0,106.0,
118.75,106.0,
119.5,106.0,-102.5112359550562
120.25,106.0,-102.66731517509727
121.0,106.0,-102.86363636363637
121.75,106.0,-103.0929203539823
122.5,106.0,-103.26470588235296
123.25,106.0,-102.96341463414633
124.0,106.0,-101.5
124.75,106.0,-100.03658536585367
125.5,106.0,-99.73529411764707
126.25,106.0,-99.90707964601769
127.0,106.0,-100.13636363636364
127.75,106.0,-100.33268482490273
128.5,106.0,-100.48876404494384
129.25,106.0,
130.0,106.0,-98.56666666666666
130.75,106.0,-98.44274028629857
131.5,106.0,
132.25,106.0,
133.0,106.0,
133.75,106.0,
134.5,106.0,
135.25,106.0,
136.0,106.0,
136.75,106.0,
137.5,106.0,
138.25,106.0,
139.0,106.0,
139.75,106.0,
140.5,106.0,
141.25,106.0,-89.75000000000001
142.0,106.0,-89.75000000000001
142.75,106.0,-89.74999999999999
143.5,106.0,-90.23102310231023
144.25,106.0,-90.46394566231531
145.0,106.0,-90.33490566037734
145.75,106.0,-89.99936438482625
146.5,106.0,-89.89584340132721
147.25,106.0,-89.9704757535409
148.0,106.0,-90.36075949367088
148.75,106.0,-90.85557218193661
149.5,106.0,-90.28485667056404
150.25,106.0,-88.63208058390545
151.0,106.0,-87.62371663244355
151.75,106.0,-88.85961196530104
152.5,106.0,-90.96389348062735
153.25,106.0,-91.75366330215951
154.0,106.0,-91.64240506329114
154.75,106.0,-91.39063251238386
155.5,106.0,-91.40174393972184
156.25,106.0,-91.92815593827818
157.0,106.0,-92.1726275292106
157.75,106.0,-92.15116156609257
158.5,106.0,-90.8158094866098
159.25,106.0,-89.71481349642241
160.0,106.0,-88.6695171026157
160.75,106.0,-87.69321865997479
161.5,106.0,-86.91313063075607
162.25,106.0,-86.13299501591776
163.0,106.0,-85.60758334350957
163.75,106.0,-86.91091623990816
164.5,106.0,-89.47414022497279
165.25,106.0,-90.07161227848567
166.0,106.0,-89.99999999999997
166.75,106.0,-90.12495454375508
167.5,106.0,-89.67422577272244
168.25,106.0,-87.41346955662073
169.0,106.0,-85.61403508771932
169.75,106.0,-86.5513252679529
170.5,106.0,-88.60185410664042
171.25,106.0,-89.35014957844527
172.0,106.0,-88.96414913957935
172.75,106.0,-89.45021038821623
173.5,106.0,-90.47368090284726
174.25,106.0,-90.07058915082828
175.0,106.0,-90.13709677419355
175.75,106.0,-90.98558287079562
176.5,106.0,-91.62261681122347
177.25,106.0,-91.7767290151635
178.0,106.0,-91.05327868852459
178.75,106.0,-90.0580106680886
179.5,106.0,-88.9415177217703
180.25,106.0,-88.30654573865226
181.0,106.0,-89.91313259824709
181.75,106.0,-90.24330383959455
182.5,106.0,-92.34129143988123
183.25,106.0,-92.78776978417265
184.0,106.0,-93.5
184.75,106.0,
185.5,106.0,
186.25,106.0,
187.0,106.0,
187.75,106.0,
188.5,106.0,
189.25,106.0,
190.0,106.0,
190.75,106.0,
191.5,106.0,
192.25,106.0,
193.0,106.0,
193.75,106.0,
194.5,106.0,
195.25,106.0,
196.0,106.0,
196.75,106.0,
197.5,106.0,
198.25,106.0,
199.0,106.0,
199.75,106.0,
200.5,106.0,
201.25,106.0,
202.0,106.0,
202.75,106.0,
203.5,106.0,
204.25,106.0,
205.0,106.0,
205.75,106.0,
206.5,106.0,
207.25,106.0,
208.0,106.0,
208.75,106.0,
209.5,106.0,
210.25,106.0,
211.0,106.0,
211.75,106.0,
212.5,106.0,
213.25,106.0,
214.0,106.0,
214.75,106.0,
215.5,106.0,
216.25,106.0,
217.0,106.0,
217.75,106.0,
218.5,106.0,
219.25,106.0,
31.0,106.75,-96.91927573424582
31.75,106.75,-95.79098464501088
32.5,106.75,-93.54539358719062
33.25,106.75,-93.13875205254514
34.0,106.75,-93.60781679547694
34.75,106.75,-93.93022334864564
35.5,106.75,-94.06578246692075
36.25,106.75,-94.11221911379837
37.0,106.75,-93.61237769625131
37.75,106.75,-93.6062363676467
38.5,106.75,-93.60061919504643
39.25,106.75,
40.0,106.75,
40.75,106.75,
41.5,106.75,
42.25,106.75,
43.0,106.75,
43.75,106.75,
44.5,106.75,
45.25,106.75,
46.0,106.75,-77.36870897155362
46.75,106.75,-77.49999999999999
47.5,106.75,-77.1344050400437
48.25,106.75,-77.34206745472909
49.0,106.75,-77.5879955145273
49.75,106.75,-78.34104391018846
50.5,106.75,-78.44096604264834
51.25,106.75,-79.70413060946893
52.0,106.75,-79.91757028209928
52.75,106.75,-80.37320077451281
53.5,106.75,-81.18960072653586
54.25,106.75,-82.84023814031414
55.0,106.75,-85.31516593837007
55.75,106.75,-89.3082359425212
56.5,106.75,-94.71043902407871
57.25,106.75,-96.1127786016352
58.0,106.75,-87.4602335097181
58.75,106.75,-82.47904235856076
59.5,106.75,-82.98137978752223
60.25,106.75,-84.56832232778225
61.0,106.75,-84.54740695269298
61.75,106.75,-85.08926438977075
62.5,106.75,-85.27829373190622
63.25,106.75,-84.39955347032863
64.0,106.75,-82.73097242091086
64.75,106.75,-82.83179836799292
65.5,106.75,-81.68967847217039
66.25,106.75,-79.50779866510047
67.0,106.75,-80.310604372943
67.75,106.75,-81.89615978132161
68.5,106.75,-83.15772554318626
69.25,106.75,-83.21963533604523
70.0,106.75,-79.53153531034265
70.75,106.75,-73.94051186668653
71.5,106.75,-74.46461246486894
72.25,106.75,-76.95806506105727
73.0,106.75,-78.85940478732505
73.75,106.75,-80.12459874281058
74.5,106.75,-81.01983592704899
75.25,106.75,-79.41052631578947
76.0,106.75,-79.91301125460389
76.75,106.75,-81.63026819923373
77.5,106.75,
78.25,106.75,
79.0,106.75,
79.75,106.75,-86.53265306122448
80.5,106.75,-86.51007556675064
81.25,106.75,-88.02901237028175
82.0,106.75,-88.65664072088384
82.75,106.75,-88.56766519275082
83.5,106.75,-89.02357424147485
84.25,106.75,-88.95352076183492
85.0,106.75,-89.19732248873089
85.75,106.75,-88.88559353530732
86.5,106.75,-87.7723007150144
87.25,106.75,-87.53438522989481
88.0,106.75,-91.35524434808318
88.75,106.75,-94.86390982414386
89.5,106.75,-94.2341901667897
90.25,106.75,-91.97593566241878
91.0,106.75,-91.07609071946116
91.75,106.75,-91.34912665546895
92.5,106.75,-91.57742390237344
93.25,106.75,-91.88268415474296
94.0,106.75,-91.97645410275237
94.75,106.75,-92.2187480882407
95.5,106.75,-91.46561604584528
96.25,106.75,-91.47424892703863
97.0,106.75,
97.75,106.75,
98.5,106.75,
99.25,106.75,
100.0,106.75,
100.75,106.75,
101.5,106.75,
102.25,106.75,
103.0,106.75,
103.75,106.75,
104.5,106.75,
105.25,106.75,-95.99999999999999
106.0,106.75,-96.00000000000001
106.75,106.75,-96.0
107.5,106.75,-96.0
108.25,106.75,-96.00000000000001
109.0,106.75,-96.0
109.75,106.75,-96.00000000000001
110.5,106.75,-95.99999999999999
111.25,106.75,-96.0
112.0,106.75,-95.99999999999999
112.75,106.75,-96.0
113.5,106.75,-95.99999999999999
114.25,106.75,-95.99999999999999
115.0,106.75,
115.75,106.75,
116.5,106.75,
117.25,106.75,
118.0,106.75,
118.75,106.75,
119.5,106.75,-102.42544987146529
120.25,106.75,-102.5344827586207
121.0,106.75,-102.64832535885166
121.75,106.75,-102.73287671232877
122.5,106.75,-102.6881188118812
123.25,106.75,-102.31081081081082
124.0,106.75,-101.5
124.75,106.75,-100.68918918918921
125.5,106.75,-100.31188118811882
126.25,106.75,-100.26712328767124
127.0,106.75,-100.35167464114832
127.75,106.75,-100.46551724137932
128.5,106.75,-100.5745501285347
129.25,106.75,
130.0,106.75,-98.51720430107525
130.75,106.75,
131.5,106.75,
132.25,106.75,
133.0,106.75,
133.75,106.75,
134.5,106.75,
135.25,106.75,
136.0,106.75,
136.75,106.75,
137.5,106.75,
138.25,106.75,
139.0,106.75,
139.75,106.75,
140.5,106.75,
141.25,106.75,
142.0,106.75,-89.84882352941176
142.75,106.75,-89.88375796178345
143.5,106.75,-90.76333111754377
144.25,106.75,-90.74454679629646
145.0,106.75,-90.7721298676821
145.75,106.75,-90.61045626199045
146.5,106.75,-91.17077794263545
147.25,106.75,-91.35248345946556
148.0,106.75,-91.21304800928142
148.75,106.75,-92.16967602627768
149.5,106.75,-91.42430383847717
150.25,106.75,-87.87811924817653
151.0,106.75,-85.33531733736538
151.75,106.75,-87.81690034991391
152.5,106.75,-92.39617433995326
153.25,106.75,-93.4267802248428
154.0,106.75,-91.32737536049275
154.75,106.75,-90.20184074430243
155.5,106.75,-90.34546934864096
156.25,106.75,-91.25345635814415
157.0,106.75,-91.73904921985057
157.75,106.75,-91.80576611458656
158.5,106.75,-90.48972442604955
159.25,106.75,-89.65544475517119
160.0,106.75,-88.79624938289359
160.75,106.75,-88.21492401380047
161.5,106.75,-87.20429862538437
162.25,106.75,-86.79925428017063
163.0,106.75,-87.27816118347539
163.75,106.75,-89.50609197792677
164.5,106.75,-91.15900345103384
165.25,106.75,-91.63041910033007
166.0,106.75,-89.961340457123
166.75,106.75,-89.40544021963969
167.5,106.75,-88.90464528940507
168.25,106.75,-85.36096528758748
169.0,106.75,-82.40716278489364
169.75,106.75,-85.28160227048
170.5,106.75,-89.3013194000026
171.25,106.75,-89.84676509422638
172.0,106.75,-89.3590196178921
172.75,106.75,-89.30635569248572
173.5,106.75,-90.11378521177849
174.25,106.75,-89.41399693792766
175.0,106.75,-89.6805152946808
175.75,106.75,-90.07179045034091
176.5,106.75,-90.7826703458851
177.25,106.75,-90.89372365079723
178.0,106.75,-90.38363550378673
178.75,106.75,-89.76912567293746
179.5,106.75,-89.24499005919829
180.25,106.75,-88.8541774028474
181.0,106.75,-88.83636564251393
181.75,106.75,-90.78191913963683
182.5,106.75,-91.12941579851731
183.25,106.75,-92.38505747126437
184.0,106.75,
184.75,106.75,
185.5,106.75,
186.25,106.75,
187.0,106.75,
187.75,106.75,
188.5,106.75,
189.25,106.75,
190.0,106.75,
190.75,106.75,
191.5,106.75,
192.25,106.75,
193.0,106.75,
193.75,106.75,
194.5,106.75,
195.25,106.75,
196.0,106.75,
196.75,106.75,
197.5,106.75,
198.25,106.75,
199.0,106.75,
199.75,106.75,
200.5,106.75,
201.25,106.75,
202.0,106.75,
202.75,106.75,
203.5,106.75,
204.25,106.75,
205.0,106.75,
205.75,106.75,
206.5,106.75,
207.25,106.75,
208.0,106.75,
208.75,106.75,
209.5,106.75,
210.25,106.75,
211.0,106.75,
211.75,106.75,
212.5,106.75,
213.25,106.75,
214.0,106.75,
214.75,106.75,
215.5,106.75,
216.25,106.75,
217.0,106.75,
217.75,106.75,
218.5,106.75,
219.25,106.75,
31.0,107.5,-96.68339724791338
31.75,107.5,-95.6082563984624
32.5,107.5,-93.8409090909091
33.25,107.5,-93.41631933311957
34.0,107.5,-93.81146106736658
34.75,107.5,-93.93741866296915
35.5,107.5,-93.92716249155077
36.25,107.5,-93.859066489091
37.0,107.5,-93.3628286431497
37.75,107.5,-93.28821146764399
38.5,107.5,-93.2276812918952
39.25,107.5,-92.53809523809525
40.0,107.5,
40.75,107.5,
41.5,107.5,
42.25,107.5,
43.0,107.5,
43.75,107.5,
44.5,107.5,
45.25,107.5,-79.42974745972965
46.0,107.5,-79.21132328807995
46.75,107.5,-79.83909331714257
47.5,107.5,-79.01808582341046
48.25,107.5,-78.87213272186783
49.0,107.5,-78.77046312287904
49.75,107.5,-78.81178541050882
50.5,107.5,-78.93145355971836
51.25,107.5,-79.28779139409329
52.0,107.5,-78.95712740509781
52.75,107.5,-78.97003913847414
53.5,107.5,-80.24957752337481
54.25,107.5,-82.36058105588874
55.0,107.5,-84.73529931543166
55.75,107.5,-88.25947300627293
56.5,107.5,-93.64156368891378
57.25,107.5,-94.38664509049552
58.0,107.5,-87.27962232828386
58.75,107.5,-83.32602725019026
59.5,107.5,-83.62709515639435
60.25,107.5,-86.1040464299905
61.0,107.5,-88.38028877247991
61.75,107.5,-87.99014509541179
62.5,107.5,-87.39745734165012
63.25,107.5,-85.94770835866028
64.0,107.5,-84.75614023405704
64.75,107.5,-84.0552312825175
65.5,107.5,-82.9865714317933
66.25,107.5,-80.17383381355992
67.0,107.5,-80.8328962676441
67.75,107.5,-81.75620332094769
68.5,107.5,-82.64685994092959
69.25,107.5,-82.52008838978205
70.0,107.5,-79.17189891060103
70.75,107.5,-74.95907495488525
71.5,107.5,-75.21243020310129
72.25,107.5,-77.39524403449623
73.0,107.5,-79.11733158329316
73.75,107.5,-80.3602249584996
74.5,107.5,-79.70847999822895
75.25,107.5,-79.64283429398073
76.0,107.5,-79.91805337277742
76.75,107.5,-82.53016372390083
77.5,107.5,-92.0
78.25,107.5,-90.71333333333334
79.0,107.5,-88.7716866020861
79.75,107.5,-87.92568719036893
80.5,107.5,-88.66344061525407
81.25,107.5,-87.77157320552817
82.0,107.5,-88.24079067452855
82.75,107.5,-88.52449054438353
83.5,107.5,-88.72354646407736
84.25,107.5,-88.50670749190678
85.0,107.5,-88.54154236206512
85.75,107.5,-88.99244382627556
86.5,107.5,-88.46604410840091
87.25,107.5,-88.3494469470064
88.0,107.5,-91.25458619141521
88.75,107.5,-94.31072849287122
89.5,107.5,-93.96894218942191
90.25,107.5,-92.08433651104588
91.0,107.5,-91.23480463514679
91.75,107.5,-91.37786728522926
92.5,107.5,-91.5704772533513
93.25,107.5,-91.8973065894982
94.0,107.5,-91.9939081410974
94.75,107.5,-92.23603150603044
95.5,107.5,-91.43617021276596
96.25,107.5,-91.45131845841784
97.0,107.5,
97.75,107.5,
98.5,107.5,
99.25,107.5,
100.0,107.5,
100.75,107.5,
101.5,107.5,
102.25,107.5,
103.0,107.5,
103.75,107.5,
104.5,107.5,
105.25,107.5,-95.99999999999999
106.0,107.5,-96.0
106.75,107.5,-96.0
107.5,107.5,-96.0
108.25,107.5,-96.0
109.0,107.5,-96.0
109.75,107.5,-96.0
110.5,107.5,-95.99999999999999
111.25,107.5,-96.0
112.0,107.5,-96.00000000000001
112.75,107.5,-95.99999999999999
113.5,107.5,-96.0
114.25,107.5,-96.0
115.0,107.5,
115.75,107.5,
116.5,107.5,
117.25,107.5,
118.0,107.5,
118.75,107.5,
119.5,107.5,
120.25,107.5,-102.37976539589444
121.0,107.5,-102.01104431706976
121.75,107.5,-102.06711761917573
122.5,107.5,-102.00794551645855
123.25,107.5,-101.76138489644092
124.0,107.5,-101.34408602150539
124.75,107.5,-100.91649303097121
125.5,107.5,-100.71052631578948
126.25,107.5,-100.58629441624365
127.0,107.5,-100.57692307692308
127.75,107.5,-100.62023460410558
128.5,107.5,
129.25,107.5,-98.59224318658282
130.0,107.5,-98.46581196581197
130.75,107.5,
131.5,107.5,
132.25,107.5,
133.0,107.5,
133.75,107.5,
134.5,107.5,
135.25,107.5,
136.0,107.5,
136.75,107.5,
137.5,107.5,
138.25,107.5,
139.0,107.5,
139.75,107.5,
140.5,107.5,
141.25,107.5,
142.0,107.5,-89.9358407079646
142.75,107.5,-89.99633431085044
143.5,107.5,-90.94209117500965
144.25,107.5,-90.97597277775921
145.0,107.5,-91.05979870542491
145.75,107.5,-90.82254619448095
146.5,107.5,-91.21205104135427
147.25,107.5,-91.32405091781582
148.0,107.5,-91.35556054397799
148.75,107.5,-91.87417265534856
149.5,107.5,-91.2543049139017
150.25,107.5,-88.19555929561079
151.0,107.5,-86.24760287654813
151.75,107.5,-88.13232015214594
152.5,107.5,-91.45369592608147
153.25,107.5,-92.48521433927401
154.0,107.5,-90.946319680842
154.75,107.5,-90.2859130876011
155.5,107.5,-90.29152253217366
156.25,107.5,-91.05873132691772
157.0,107.5,-90.99708833602811
157.75,107.5,-91.63369653453086
158.5,107.5,-90.32358241649784
159.25,107.5,-89.69110756434037
160.0,107.5,-88.99040660479511
160.75,107.5,-88.23717493138841
161.5,107.5,-88.09790935700043
162.25,107.5,-87.64940470459815
163.0,107.5,-88.30321383274263
163.75,107.5,-89.67437851581849
164.5,107.5,-91.04945289295935
165.25,107.5,-91.13669110355681
166.0,107.5,-89.45218765012848
166.75,107.5,-89.08775734735444
167.5,107.5,-88.29633204633204
168.25,107.5,-85.50725538122109
169.0,107.5,-83.40753263830187
169.75,107.5,-85.98266583515824
170.5,107.5,-89.16819571865443
171.25,107.5,-89.76035088156671
172.0,107.5,-89.55382589294936
172.75,107.5,-89.24938430521583
173.5,107.5,-89.24173035943738
174.25,107.5,-88.52032818926199
175.0,107.5,-88.53760509821582
175.75,107.5,-88.97187407943284
176.5,107.5,-90.02102058985432
177.25,107.5,-90.37103315559504
178.0,107.5,-89.61940566568938
178.75,107.5,-89.20294450470145
179.5,107.5,-88.94656563039968
180.25,107.5,-88.737029412159
181.0,107.5,-89.31310356599374
181.75,107.5,-89.20146729664306
182.5,107.5,-87.41176470588235
183.25,107.5,
184.0,107.5,
184.75,107.5,
185.5,107.5,
186.25,107.5,
187.0,107.5,
187.75,107.5,
188.5,107.5,
189.25,107.5,
190.0,107.5,
190.75,107.5,
191.5,107.5,
192.25,107.5,
193.0,107.5,
193.75,107.5,
194.5,107.5,
195.25,107.5,
196.0,107.5,
196.75,107.5,
197.5,107.5,
198.25,107.5,
199.0,107.5,
199.75,107.5,
200.5,107.5,
201.25,107.5,
202.0,107.5,
202.75,107.5,
203.5,107.5,
204.25,107.5,
205.0,107.5,
205.75,107.5,
206.5,107.5,
207.25,107.5,
208.0,107.5,
208.75,107.5,
209.5,107.5,
210.25,107.5,
211.0,107.5,
211.75,107.5,
212.5,107.5,
213.25,107.5,
214.0,107.5,
214.75,107.5,
215.5,107.5,
216.25,107.5,
217.0,107.5,
217.75,107.5,
218.5,107.5,
219.25,107.5,
31.0,108.25,-95.77267771762924
31.75,108.25,-95.14497041420118
32.5,108.25,-94.65819995360705
33.25,108.25,-94.54596935376415
34.0,108.25,-94.27770370648511
34.75,108.25,-94.06648944529236
35.5,108.25,-93.89307461531511
36.25,108.25,-93.76174983877826
37.0,108.25,-93.30804428020357
37.75,108.25,-93.22284247490362
38.5,108.25,-93.15909620396147
39.25,108.25,-92.51877934272302
40.0,108.25,-92.49220272904483
40.75,108.25,
41.5,108.25,
42.25,108.25,
43.0,108.25,
43.75,108.25,-79.88919413919413
44.5,108.25,-79.66611479028698
45.25,108.25,-79.51651512610556
46.0,108.25,-80.0911603154339
46.75,108.25,-79.75457624535608
47.5,108.25,-78.8600268657472
48.25,108.25,-78.67785971024063
49.0,108.25,-78.69846091966038
49.75,108.25,-78.92002716141609
50.5,108.25,-79.3635007945235
51.25,108.25,-79.28044896914709
52.0,108.25,-78.2981462440989
52.75,108.25,-76.8679622118346
53.5,108.25,-77.92078383170747
54.25,108.25,-81.41278133591851
55.0,108.25,-83.18747769139917
55.75,108.25,-85.07858271476961
56.5,108.25,-88.0998953005894
57.25,108.25,-88.40487164107097
58.0,108.25,-85.81709958448886
58.75,108.25,-82.9934182617074
59.5,108.25,-84.01321177733013
60.25,108.25,-89.09252140547038
61.0,108.25,-93.33299151474661
61.75,108.25,-92.53854352449565
62.5,108.25,-89.77763899528391
63.25,108.25,-87.46033135947297
64.0,108.25,-85.86068085363499
64.75,108.25,-85.19731074074981
65.5,108.25,-83.41142442890535
66.25,108.25,-82.22973341626601
67.0,108.25,-80.72474295484405
67.75,108.25,-81.12680409339526
68.5,108.25,-81.70985673653045
69.25,108.25,-80.89852312497106
70.0,108.25,-78.87959186165162
70.75,108.25,-77.40637707015163
71.5,108.25,-77.46502609186238
72.25,108.25,-78.56430870568438
73.0,108.25,-79.1767983034326
73.75,108.25,-80.14919932896888
74.5,108.25,-80.58811517661722
75.25,108.25,-80.39932134712636
76.0,108.25,-82.08867323363627
76.75,108.25,-83.1138106070758
77.5,108.25,-86.89590381853756
78.25,108.25,-87.11786154440358
79.0,108.25,-88.88857513224102
79.75,108.25,-88.89640469542941
80.5,108.25,-88.69846510851687
81.25,108.25,-88.51867907374066
82.0,108.25,-88.3624080027199
82.75,108.25,-88.46602263253908
83.5,108.25,-88.17189530340633
84.25,108.25,-87.76195769948161
85.0,108.25,-87.38611186687776
85.75,108.25,-88.79238946704739
86.5,108.25,-90.73576954848967
87.25,108.25,-91.38384383350277
88.0,108.25,-91.55810147325333
88.75,108.25,-92.48793699924175
89.5,108.25,-92.86000655722128
90.25,108.25,-92.21531882939047
91.0,108.25,-91.7239492955803
91.75,108.25,-91.62193135552633
92.5,108.25,-91.65904877094782
93.25,108.25,-91.97495641341342
94.0,108.25,-92.04240248633454
94.75,108.25,-92.27779632574524
95.5,108.25,-91.4144893111639
96.25,108.25,
97.0,108.25,
97.75,108.25,
98.5,108.25,
99.25,108.25,
100.0,108.25,
100.75,108.25,
101.5,108.25,
102.25,108.25,
103.0,108.25,
103.75,108.25,
104.5,108.25,
105.25,108.25,-95.99999999999999
106.0,108.25,-96.0
106.75,108.25,-95.99999999999999
107.5,108.25,-96.00000000000001
108.25,108.25,-96.0
109.0,108.25,-96.0
109.75,108.25,-95.99999999999999
110.5,108.25,-96.0
111.25,108.25,-96.0
112.0,108.25,-96.00000000000001
112.75,108.25,-96.0
113.5,108.25,-96.0
114.25,108.25,
115.0,108.25,
115.75,108.25,
116.5,108.25,
117.25,108.25,
118.0,108.25,
118.75,108.25,
119.5,108.25,-102.41648590021691
120.25,108.25,-101.60684227784459
121.0,108.25,-101.64646464646464
121.75,108.25,-101.64986490676351
122.5,108.25,-101.58560521872158
123.25,108.25,-101.43155546542283
124.0,108.25,-101.20447284345047
124.75,108.25,-100.96573875802997
125.5,108.25,-100.77908022005683
126.25,108.25,-100.66796726632367
127.0,108.25,-100.77051671732524
127.75,108.25,-100.76829268292683
128.5,108.25,
129.25,108.25,-98.54016064257027
130.0,108.25,-98.41820040899793
130.75,108.25,
131.5,108.25,
132.25,108.25,
133.0,108.25,
133.75,108.25,
134.5,108.25,
135.25,108.25,
136.0,108.25,
136.75,108.25,
137.5,108.25,
138.25,108.25,
139.0,108.25,
139.75,108.25,
140.5,108.25,
141.25,108.25,
142.0,108.25,-90.00352112676056
142.75,108.25,-90.07642487046633
143.5,108.25,-91.09300480825898
144.25,108.25,-91.1520909950258
145.0,108.25,-91.24617950437126
145.75,108.25,-90.79500317896026
146.5,108.25,-91.01650677250753
147.25,108.25,-91.18282720168068
148.0,108.25,-91.47747561240777
148.75,108.25,-91.92072054547165
149.5,108.25,-91.1357784613716
150.25,108.25,-88.77685645226265
151.0,108.25,-87.77788650705588
151.75,108.25,-88.25204780448502
152.5,108.25,-89.20161546044163
153.25,108.25,-89.48056804168506
154.0,108.25,-89.9775589998093
154.75,108.25,-90.52766718585636
155.5,108.25,-90.57250220580963
156.25,108.25,-91.18745921735736
157.0,108.25,-90.75249057833238
157.75,108.25,-90.86827327838611
158.5,108.25,-90.23508523399822
159.25,108.25,-89.74469074649183
160.0,108.25,-88.89109156496129
160.75,108.25,-88.55546391808014
161.5,108.25,-87.69534038975331
162.25,108.25,-87.9763815756753
163.0,108.25,-88.63625617275241
163.75,108.25,-89.33049401030839
164.5,108.25,-89.61368215491942
165.25,108.25,-89.26312389807264
166.0,108.25,-88.27255328938766
166.75,108.25,-86.92161711194383
167.5,108.25,-86.79494020497896
168.25,108.25,-86.6122942172281
169.0,108.25,-86.66977884149738
169.75,108.25,-88.05205598763463
170.5,108.25,-90.36102001578602
171.25,108.25,-90.90610099332233
172.0,108.25,-89.97842683506398
172.75,108.25,-89.62523213361904
173.5,108.25,-89.17624281086296
174.25,108.25,-87.89541248164913
175.0,108.25,-87.10341217579916
175.75,108.25,-87.61577702448082
176.5,108.25,-87.65713147405113
177.25,108.25,-87.59890375776672
178.0,108.25,-88.20085400759814
178.75,108.25,-88.40373345365911
179.5,108.25,-88.51106902106056
180.25,108.25,-88.77659228179441
181.0,108.25,-89.1708926091665
181.75,108.25,-89.1424802750474
182.5,108.25,-88.46007984031935
183.25,108.25,
184.0,108.25,
184.75,108.25,
185.5,108.25,
186.25,108.25,
187.0,108.25,
187.75,108.25,
188.5,108.25,
189.25,108.25,
190.0,108.25,
190.75,108.25,
191.5,108.25,
192.25,108.25,
193.0,108.25,
193.75,108.25,
194.5,108.25,
195.25,108.25,
196.0,108.25,
196.75,108.25,
197.5,108.25,
198.25,108.25,
199.0,108.25,
199.75,108.25,
200.5,108.25,
201.25,108.25,
202.0,108.25,
202.75,108.25,
203.5,108.25,
204.25,108.25,
205.0,108.25,
205.75,108.25,
206.5,108.25,
207.25,108.25,
208.0,108.25,
208.75,108.25,
209.5,108.25,
210.25,108.25,
211.0,108.25,
211.75,108.25,
212.5,108.25,
213.25,108.25,
214.0,108.25,
214.75,108.25,
215.5,108.25,
216.25,108.25,
217.0,108.25,
217.75,108.25,
218.5,108.25,
219.25,108.25,
31.0,109.0,-95.22222222222223
31.75,109.0,-94.94715398744063
32.5,109.0,-94.92305334150826
33.25,109.0,-94.96040276475863
34.0,109.0,-94.49492900608519
34.75,109.0,-94.0121381686793
35.5,109.0,-93.73045275634007
36.25,109.0,-93.58758327765463
37.0,109.0,-93.20833333333334
37.75,109.0,-93.12351975228422
38.5,109.0,-93.0633927666326
39.25,109.0,-92.48840579710145
40.0,109.0,-92.46296296296296
40.75,109.0,
41.5,109.0,
42.25,109.0,
43.0,109.0,
43.75,109.0,-80.15860215053762
44.5,109.0,-79.9543010752688
45.25,109.0,-80.53874952826999
46.0,109.0,-80.18582214765098
46.75,109.0,-79.5394590486949
47.5,109.0,-78.73368419947457
48.25,109.0,-78.37144904778161
49.0,109.0,-78.36206896551724
49.75,109.0,-78.8769393820049
50.5,109.0,-79.69776267958746
51.25,109.0,-79.88532443809716
52.0,109.0,-77.80968922032469
52.75,109.0,-75.26459881774865
53.5,109.0,-76.24275421280497
54.25,109.0,-81.38977911062022
55.0,109.0,-82.99999999999939
55.75,109.0,-83.50743343857778
56.5,109.0,-85.01367120605825
57.25,109.0,-86.29338248673831
58.0,109.0,-83.73639191290822
58.75,109.0,-80.3992306118511
59.5,109.0,-82.04513995166964
60.25,109.0,-91.51623552515741
61.0,109.0,-96.99999999999224
61.75,109.0,-94.64529458614113
62.5,109.0,-91.88670105605091
63.25,109.0,-88.45942152304269
64.0,109.0,-86.66011235955057
64.75,109.0,-86.27607281717538
65.5,109.0,-83.5598060520173
66.25,109.0,-82.51281846145635
67.0,109.0,-80.67857142857144
67.75,109.0,-81.25916909827039
68.5,109.0,-80.92093775601286
69.25,109.0,-80.01862594790637
70.0,109.0,-78.49844934527911
70.75,109.0,-77.13884306369923
71.5,109.0,-77.56649038782513
72.25,109.0,-79.22837920754334
73.0,109.0,-81.06349206349205
73.75,109.0,-81.83896744755151
74.5,109.0,-81.75420240973459
75.25,109.0,-82.40522017611558
76.0,109.0,-82.58892090662768
76.75,109.0,-84.3669360814521
77.5,109.0,-86.9369478514592
78.25,109.0,-87.26854691268106
79.0,109.0,-87.38888888888889
79.75,109.0,-88.95323021453116
80.5,109.0,-88.68732752280577
81.25,109.0,-88.46232375387895
82.0,109.0,-88.22296749465613
82.75,109.0,-88.2797228705963
83.5,109.0,-88.23359729395823
84.25,109.0,-87.27064888848086
85.0,109.0,-86.00000000000448
85.75,109.0,-88.40656746582789
86.5,109.0,-92.10215051020208
87.25,109.0,-92.85039455741095
88.0,109.0,-92.06622176591375
88.75,109.0,-91.87561058486331
89.5,109.0,-92.35646167818595
90.25,109.0,-92.15365011412372
91.0,109.0,-91.91666666666666
91.75,109.0,-91.79033636587585
92.5,109.0,-91.75148500422252
93.25,109.0,-92.08144989244593
94.0,109.0,-92.28906797477224
94.75,109.0,-91.37532467532466
95.5,109.0,
96.25,109.0,
97.0,109.0,
97.75,109.0,
98.5,109.0,
99.25,109.0,
100.0,109.0,
100.75,109.0,
101.5,109.0,
102.25,109.0,
103.0,109.0,
103.75,109.0,
104.5,109.0,
105.25,109.0,
106.0,109.0,-96.0
106.75,109.0,-96.0
107.5,109.0,-96.00000000000001
108.25,109.0,-96.0
109.0,109.0,-96.0
109.75,109.0,-96.00000000000001
110.5,109.0,-96.0
111.25,109.0,-96.0
112.0,109.0,-96.0
112.75,109.0,-96.0
113.5,109.0,
114.25,109.0,
115.0,109.0,
115.75,109.0,
116.5,109.0,
117.25,109.0,
118.0,109.0,
118.75,109.0,-102.0
119.5,109.0,-102.0
120.25,109.0,-102.00000000000001
121.0,109.0,-101.28571428571429
121.75,109.0,-101.25464190981432
122.5,109.0,-101.19753086419752
123.25,109.0,-101.11072664359861
124.0,109.0,-101.00000000000001
124.75,109.0,-100.88278388278387
125.5,109.0,-100.78082191780821
126.25,109.0,-100.70820668693007
127.0,109.0,-100.66666666666667
127.75,109.0,
128.5,109.0,
129.25,109.0,-98.4925512104283
130.0,109.0,
130.75,109.0,
131.5,109.0,
132.25,109.0,
133.0,109.0,
133.75,109.0,
134.5,109.0,
135.25,109.0,
136.0,109.0,
136.75,109.0,
137.5,109.0,
138.25,109.0,
139.0,109.0,
139.75,109.0,
140.5,109.0,
141.25,109.0,
142.0,109.0,
142.75,109.0,-90.12416481069043
143.5,109.0,-91.2166311438805
144.25,109.0,-91.28941169739292
145.0,109.0,-91.3913043478261
145.75,109.0,-91.14165498806888
146.5,109.0,-91.31292726376675
147.25,109.0,-91.57287676286396
148.0,109.0,-91.89733059548254
148.75,109.0,-92.84385904601515
149.5,109.0,-92.11116559751008
150.25,109.0,-88.70426513474006
151.0,109.0,-87.00000000000294
151.75,109.0,-88.11802326768732
152.5,109.0,-88.4544546544147
153.25,109.0,-88.15986910692992
154.0,109.0,-89.37476099426387
154.75,109.0,-90.42658160593945
155.5,109.0,-90.66470989945687
156.25,109.0,-91.58683113531418
157.0,109.0,-90.83050847457628
157.75,109.0,-90.71873205168791
158.5,109.0,-90.51910917730473
159.25,109.0,-88.12851391578258
160.0,109.0,-87.80971953578336
160.75,109.0,-87.38989203182005
161.5,109.0,-87.51134942567245
162.25,109.0,-87.79289389946209
163.0,109.0,-88.55737704918033
163.75,109.0,-88.85234111062921
164.5,109.0,-89.31436450396559
165.25,109.0,-88.5466988228531
166.0,109.0,-87.00420875420876
166.75,109.0,-85.19549074206056
167.5,109.0,-85.69996912743443
168.25,109.0,-87.40256411983114
169.0,109.0,-88.65
169.75,109.0,-89.5815842796716
170.5,109.0,-91.70057034220532
171.25,109.0,-92.26379541711567
172.0,109.0,-90.60402906208715
172.75,109.0,-89.98109928959276
173.5,109.0,-89.57089389890609
174.25,109.0,-87.38668477536375
175.0,109.0,-86.00000000000223
175.75,109.0,-86.78711074912691
176.5,109.0,-86.46782095932842
177.25,109.0,-86.12152024380177
178.0,109.0,-87.19821991470424
178.75,109.0,-88.09197024961405
179.5,109.0,-88.5357514260573
180.25,109.0,-88.87505581325297
181.0,109.0,-89.69565217391305
181.75,109.0,-88.29643765903307
182.5,109.0,-88.34496124031008
183.25,109.0,
184.0,109.0,
184.75,109.0,
185.5,109.0,
186.25,109.0,
187.0,109.0,
187.75,109.0,
188.5,109.0,
189.25,109.0,
190.0,109.0,
190.75,109.0,
191.5,109.0,
192.25,109.0,
193.0,109.0,
193.75,109.0,
194.5,109.0,
195.25,109.0,
196.0,109.0,
196.75,109.0,
197.5,109.0,
198.25,109.0,
199.0,109.0,
199.75,109.0,
200.5,109.0,
201.25,109.0,
202.0,109.0,
202.75,109.0,
203.5,109.0,
204.25,109.0,
205.0,109.0,
205.75,109.0,
206.5,109.0,
207.25,109.0,
208.0,109.0,
208.75,109.0,
209.5,109.0,
210.25,109.0,
211.0,109.0,
211.75,109.0,
212.5,109.0,
213.25,109.0,
214.0,109.0,
214.75,109.0,
215.5,109.0,
216.25,109.0,
217.0,109.0,
217.75,109.0,
218.5,109.0,
219.25,109.0,
31.0,109.75,-94.954754321938
31.75,109.75,-94.82440155525366
32.5,109.75,-94.74984096189198
33.25,109.75,-94.68162481037355
34.0,109.75,-94.16834227366662
34.75,109.75,-93.61399312995331
35.5,109.75,-93.40608348005071
36.25,109.75,-93.10037452967465
37.0,109.75,-92.67640185829471
37.75,109.75,-92.43569657487626
38.5,109.75,-92.11853000387632
39.25,109.75,-91.37917190379146
40.0,109.75,-91.17272709875374
40.75,109.75,-91.00403048641174
41.5,109.75,-90.09284332688588
42.25,109.75,-90.08150183150182
43.0,109.75,-89.75537634408602
43.75,109.75,-85.09194395796847
44.5,109.75,-83.22073815362562
45.25,109.75,-82.36423932788516
46.0,109.75,-81.68540184986065
46.75,109.75,-79.41539044373907
47.5,109.75,-78.68177964889664
48.25,109.75,-77.74557911479127
49.0,109.75,-77.43696242881364
49.75,109.75,-78.12529443601801
50.5,109.75,-79.04540565269389
51.25,109.75,-79.17404025575007
52.0,109.75,-77.94159116276691
52.75,109.75,-76.51780439767509
53.5,109.75,-77.6034626755409
54.25,109.75,-80.87738484947636
55.0,109.75,-82.6168354374945
55.75,109.75,-83.15624223650957
56.5,109.75,-84.75609047610324
57.25,109.75,-84.96416762835491
58.0,109.75,-83.97248485584858
58.75,109.75,-82.47112769238154
59.5,109.75,-84.14753757193647
60.25,109.75,-90.25187329379679
61.0,109.75,-94.19014744072652
61.75,109.75,-93.21884181943074
62.5,109.75,-91.23589557098697
63.25,109.75,-90.30838842475342
64.0,109.75,-87.83406617233425
64.75,109.75,-86.85394538938277
65.5,109.75,-85.81153754807954
66.25,109.75,-82.70704999027758
67.0,109.75,-80.34022430587898
67.75,109.75,-81.05353668007687
68.5,109.75,-80.68665227672388
69.25,109.75,-80.22553500001901
70.0,109.75,-79.16990058398994
70.75,109.75,-78.34753006091121
71.5,109.75,-78.94151424304121
72.25,109.75,-81.97018137981871
73.0,109.75,-84.32925682972454
73.75,109.75,-84.22114246484468
74.5,109.75,-83.59435360955581
75.25,109.75,-82.93265346329322
76.0,109.75,-83.20795967177821
76.75,109.75,-84.34117063819349
77.5,109.75,-86.19269384284313
78.25,109.75,-87.84008741929912
79.0,109.75,-88.00358894069524
79.75,109.75,-88.68785664845669
80.5,109.75,-88.6667101653922
81.25,109.75,-88.3552346640604
82.0,109.75,-88.12584969569694
82.75,109.75,-88.06617191609958
83.5,109.75,-88.43957632028281
84.25,109.75,-88.69574300513756
85.0,109.75,-88.3979769601362
85.75,109.75,-89.70750843868981
86.5,109.75,-91.46895324076236
87.25,109.75,-92.11524890056937
88.0,109.75,-91.97029509557602
88.75,109.75,-91.86365571687578
89.5,109.75,-91.87898419776889
90.25,109.75,-92.07149239276478
91.0,109.75,-91.9529124961842
91.75,109.75,-91.86085022532663
92.5,109.75,-92.3091173443771
93.25,109.75,-92.37154000294349
94.0,109.75,-92.38370919354385
94.75,109.75,
95.5,109.75,
96.25,109.75,
97.0,109.75,
97.75,109.75,
98.5,109.75,
99.25,109.75,
100.0,109.75,
100.75,109.75,
101.5,109.75,
102.25,109.75,
103.0,109.75,
103.75,109.75,
104.5,109.75,
105.25,109.75,
106.0,109.75,-96.00000000000001
106.75,109.75,-96.00000000000001
107.5,109.75,-96.0
108.25,109.75,-96.0
109.0,109.75,-96.0
109.75,109.75,-96.0
110.5,109.75,-95.99999999999999
111.25,109.75,-96.00000000000001
112.0,109.75,-96.0
112.75,109.75,
113.5,109.75,
114.25,109.75,
115.0,109.75,
115.75,109.75,
116.5,109.75,
117.25,109.75,
118.0,109.75,
118.75,109.75,
119.5,109.75,-101.58351409978306
120.25,109.75,-101.50259067357513
121.0,109.75,-101.41641337386018
121.75,109.75,-100.87996358728066
122.5,109.75,-100.82229249621582
123.25,109.75,-100.77687191589789
124.0,109.75,-100.7429718875502
124.75,109.75,-100.71446974576592
125.5,109.75,-100.68824383610058
126.25,109.75,-100.66654997782915
127.0,109.75,-99.49999999999999
127.75,109.75,-99.47628458498023
128.5,109.75,
129.25,109.75,
130.0,109.75,
130.75,109.75,
131.5,109.75,
132.25,109.75,
133.0,109.75,
133.75,109.75,
134.5,109.75,
135.25,109.75,
136.0,109.75,
136.75,109.75,
137.5,109.75,
138.25,109.75,
139.0,109.75,
139.75,109.75,
140.5,109.75,
141.25,109.75,
142.0,109.75,
142.75,109.75,
143.5,109.75,-91.03555101563748
144.25,109.75,-91.75977875837377
145.0,109.75,-91.8110551957819
145.75,109.75,-91.13867548751648
146.5,109.75,-91.29381622934667
147.25,109.75,-91.30528083665807
148.0,109.75,-91.6468491274581
148.75,109.75,-92.01084868275397
149.5,109.75,-91.07027730249064
150.25,109.75,-89.37236965486645
151.0,109.75,-88.60605583183944
151.75,109.75,-89.12219685779506
152.5,109.75,-89.59830217936165
153.25,109.75,-89.78469431632914
154.0,109.75,-90.36162170288274
154.75,109.75,-91.24737698044079
155.5,109.75,-91.44102585066607
156.25,109.75,-92.00308443144411
157.0,109.75,-92.09013906651123
157.75,109.75,-90.82670886486008
158.5,109.75,-90.16040920510336
159.25,109.75,-88.5
160.0,109.75,-87.99444062302152
160.75,109.75,-87.57296729869047
161.5,109.75,-87.27773114886828
162.25,109.75,-87.77328837457195
163.0,109.75,-87.96822865336053
163.75,109.75,-88.62850828519835
164.5,109.75,-88.12404149884239
165.25,109.75,-88.2150168063493
166.0,109.75,-87.1973630496398
166.75,109.75,-86.3145553097136
167.5,109.75,-86.75544383591107
168.25,109.75,-88.83352136511071
169.0,109.75,-90.15919188600277
169.75,109.75,-90.11059520596679
170.5,109.75,-90.45588502028276
171.25,109.75,-90.52885106815388
172.0,109.75,-89.99970898466817
172.75,109.75,-89.74039224520375
173.5,109.75,-89.0656782951877
174.25,109.75,-87.62530489787405
175.0,109.75,-86.70315772197108
175.75,109.75,-87.01046843774725
176.5,109.75,-86.83357382419057
177.25,109.75,-86.63199276057865
178.0,109.75,-87.1903230330763
178.75,109.75,-87.85511702376371
179.5,109.75,-88.2333908845499
180.25,109.75,-88.5974812213635
181.0,109.75,-88.0638629283489
181.75,109.75,-88.17136150234742
182.5,109.75,
183.25,109.75,
184.0,109.75,
184.75,109.75,
185.5,109.75,
186.25,109.75,
187.0,109.75,
187.75,109.75,
188.5,109.75,
189.25,109.75,
190.0,109.75,
190.75,109.75,
191.5,109.75,
192.25,109.75,
193.0,109.75,
193.75,109.75,
194.5,109.75,
195.25,109.75,
196.0,109.75,
196.75,109.75,
197.5,109.75,
198.25,109.75,
199.0,109.75,
199.75,109.75,
200.5,109.75,
201.25,109.75,
202.0,109.75,
202.75,109.75,
203.5,109.75,
204.25,109.75,
205.0,109.75,
205.75,109.75,
206.5,109.75,
207.25,109.75,
208.0,109.75,
208.75,109.75,
209.5,109.75,
210.25,109.75,
211.0,109.75,
211.75,109.75,
212.5,109.75,
213.25,109.75,
214.0,109.75,
214.75,109.75,
215.5,109.75,
216.25,109.75,
217.0,109.75,
217.75,109.75,
218.5,109.75,
219.25,109.75,
31.0,110.5,-94.77272727272728
31.75,110.5,-94.50936183051239
32.5,110.5,-94.40183606273754
33.25,110.5,-94.1345766813188
34.0,110.5,-93.56956943636766
34.75,110.5,-93.1229325949833
35.5,110.5,-93.03695534562405
36.25,110.5,-92.80093863864093
37.0,110.5,-92.5128444216774
37.75,110.5,-92.24187902347664
38.5,110.5,-91.91769652184992
39.25,110.5,-91.25968331538564
40.0,110.5,-91.02368170187145
40.75,110.5,-90.84102469493715
41.5,110.5,-91.73770491803279
42.25,110.5,-90.14380707007253
43.0,110.5,-90.00268817204301
43.75,110.5,-84.1431662908909
44.5,110.5,-83.69249236141425
45.25,110.5,-83.76816476448279
46.0,110.5,-82.15675616576398
46.75,110.5,-81.15182849315144
47.5,110.5,-78.70560612723747
48.25,110.5,-77.33380561254187
49.0,110.5,-75.75701869311933
49.75,110.5,-76.93106323484439
50.5,110.5,-78.24476666404344
51.25,110.5,-78.51239332469669
52.0,110.5,-78.20265103643615
52.75,110.5,-77.84623634328503
53.5,110.5,-78.89765885732503
54.25,110.5,-80.64379442222769
55.0,110.5,-81.89044264886434
55.75,110.5,-82.81474994122205
56.5,110.5,-84.47020926361972
57.25,110.5,-84.80854228962204
58.0,110.5,-84.61101772105602
58.75,110.5,-84.78965975682193
59.5,110.5,-86.09097137565088
60.25,110.5,-89.21188125373499
61.0,110.5,-91.32703223224911
61.75,110.5,-91.66313958779041
62.5,110.5,-90.66869672452663
63.25,110.5,-89.84344795202745
64.0,110.5,-91.20589052514589
64.75,110.5,-87.23371955988127
65.5,110.5,-85.37502942708147
66.25,110.5,-82.54514304240097
67.0,110.5,-80.08171664957224
67.75,110.5,-81.08226053295844
68.5,110.5,-81.145482524772
69.25,110.5,-80.69988904980623
70.0,110.5,-79.59699914178267
70.75,110.5,-80.03714426976585
71.5,110.5,-81.94381182424662
72.25,110.5,-85.90842093590206
73.0,110.5,-88.58577066702442
73.75,110.5,-86.52907291001388
74.5,110.5,-83.46010535456055
75.25,110.5,-83.04127258587059
76.0,110.5,-82.80296886891118
76.75,110.5,-84.06537151273125
77.5,110.5,-86.31848087014532
78.25,110.5,-86.99170278320209
79.0,110.5,-88.55655028978697
79.75,110.5,-88.89913728315072
80.5,110.5,-88.60643470111002
81.25,110.5,-88.19973661999467
82.0,110.5,-87.84194307746944
82.75,110.5,-87.41102585942805
83.5,110.5,-88.0732399361589
84.25,110.5,-90.71104434917228
85.0,110.5,-92.7434702847225
85.75,110.5,-91.70364830067224
86.5,110.5,-91.39807617567041
87.25,110.5,-91.51784838364247
88.0,110.5,-91.75851255604938
88.75,110.5,-91.73291381542487
89.5,110.5,-91.73255212280328
90.25,110.5,-91.72169694546997
91.0,110.5,-91.94032264505502
91.75,110.5,-91.97949194426752
92.5,110.5,-92.61090748230536
93.25,110.5,-92.48460721398537
94.0,110.5,
94.75,110.5,
95.5,110.5,
96.25,110.5,
97.0,110.5,
97.75,110.5,
98.5,110.5,
99.25,110.5,
100.0,110.5,
100.75,110.5,
101.5,110.5,
102.25,110.5,
103.0,110.5,
103.75,110.5,
104.5,110.5,
105.25,110.5,
106.0,110.5,
106.75,110.5,-96.0
107.5,110.5,-96.00000000000001
108.25,110.5,-96.0
109.0,110.5,-96.0
109.75,110.5,-96.00000000000001
110.5,110.5,-96.00000000000001
111.25,110.5,-96.0
112.0,110.5,
112.75,110.5,
113.5,110.5,
114.25,110.5,
115.0,110.5,
115.75,110.5,
116.5,110.5,
117.25,110.5,
118.0,110.5,
118.75,110.5,
119.5,110.5,
120.25,110.5,
121.0,110.5,-100.92134831460675
121.75,110.5,-100.78864353312302
122.5,110.5,-100.70270270270271
123.25,110.5,-100.46038309213641
124.0,110.5,-100.47540983606557
124.75,110.5,-100.5110912827564
125.5,110.5,-99.7093023255814
126.25,110.5,-99.65424164524421
127.0,110.5,-99.6061946902655
127.75,110.5,
128.5,110.5,
129.25,110.5,
130.0,110.5,
130.75,110.5,
131.5,110.5,
132.25,110.5,
133.0,110.5,
133.75,110.5,
134.5,110.5,
135.25,110.5,
136.0,110.5,
136.75,110.5,
137.5,110.5,
138.25,110.5,
139.0,110.5,
139.75,110.5,
140.5,110.5,
141.25,110.5,
142.0,110.5,
142.75,110.5,
143.5,110.5,-92.70245398773008
144.25,110.5,-92.65187936432167
145.0,110.5,-92.03335492503983
145.75,110.5,-91.84428982207784
146.5,110.5,-91.82533272167291
147.25,110.5,-90.95039147381507
148.0,110.5,-91.0240289484242
148.75,110.5,-90.9415020757329
149.5,110.5,-90.66552695092514
150.25,110.5,-90.23602056048814
151.0,110.5,-90.57519254154843
151.75,110.5,-90.79863842288246
152.5,110.5,-92.3000976920259
153.25,110.5,-92.98233954333868
154.0,110.5,-92.32496121133113
154.75,110.5,-92.48339521343358
155.5,110.5,-92.90716675583487
156.25,110.5,-92.96617872279627
157.0,110.5,-93.02470424878537
157.75,110.5,-93.08123350214768
158.5,110.5,-91.99501066422911
159.25,110.5,-88.57072691552062
160.0,110.5,
160.75,110.5,-87.69814241486068
161.5,110.5,-87.25788391224862
162.25,110.5,-87.70878949382868
163.0,110.5,-87.79863284378439
163.75,110.5,-88.72665156400294
164.5,110.5,-88.04901912964152
165.25,110.5,-88.42188670064627
166.0,110.5,-87.66193362885748
166.75,110.5,-87.72643290676727
167.5,110.5,-88.96231155778896
168.25,110.5,-91.43789764631178
169.0,110.5,-92.98092283599269
169.75,110.5,-90.9718502534349
170.5,110.5,-88.12665361413906
171.25,110.5,-87.29943543874411
172.0,110.5,-88.60539281508872
172.75,110.5,-89.15905665453052
173.5,110.5,-88.53844126823898
174.25,110.5,-87.92274975856536
175.0,110.5,-87.38367261739094
175.75,110.5,-87.17722457486447
176.5,110.5,-87.16035934328572
177.25,110.5,-87.228355227012
178.0,110.5,-87.5018904623602
178.75,110.5,-87.90248956586868
179.5,110.5,-87.25040863027132
180.25,110.5,-87.41016396752376
181.0,110.5,-87.96236559139786
181.75,110.5,-88.08071278825996
182.5,110.5,
183.25,110.5,
184.0,110.5,
184.75,110.5,
185.5,110.5,
186.25,110.5,
187.0,110.5,
187.75,110.5,
188.5,110.5,
189.25,110.5,
190.0,110.5,
190.75,110.5,
191.5,110.5,
192.25,110.5,
193.0,110.5,
193.75,110.5,
194.5,110.5,
195.25,110.5,
196.0,110.5,
196.75,110.5,
197.5,110.5,
198.25,110.5,
199.0,110.5,
199.75,110.5,
200.5,110.5,
201.25,110.5,
202.0,110.5,
202.75,110.5,
203.5,110.5,
204.25,110.5,
205.0,110.5,
205.75,110.5,
206.5,110.5,
207.25,110.5,
208.0,110.5,
208.75,110.5,
209.5,110.5,
210.25,110.5,
211.0,110.5,
211.75,110.5,
212.5,110.5,
213.25,110.5,
214.0,110.5,
214.75,110.5,
215.5,110.5,
216.25,110.5,
217.0,110.5,
217.75,110.5,
218.5,110.5,
219.25,110.5,
31.0,111.25,-94.61784825198329
31.75,111.25,-94.26581710229311
32.5,111.25,-94.07522194193187
33.25,111.25,-93.75130056091814
34.0,111.25,-93.30881565428768
34.75,111.25,-93.01100422357621
35.5,111.25,-92.94334180022199
36.25,111.25,-92.63424625672225
37.0,111.25,-92.27875761148579
37.75,111.25,-91.70031219659879
38.5,111.25,-91.3376356066049
39.25,111.25,-90.64287236958309
40.0,111.25,-90.26078434369096
40.75,111.25,-91.331465877423
41.5,111.25,-89.3227268397728
42.25,111.25,-89.25734246160147
43.0,111.25,-86.73979505202794
43.75,111.25,-84.59618329658444
44.5,111.25,-84.34259020986366
45.25,111.25,-84.2934190316593
46.0,111.25,-83.61894759281894
46.75,111.25,-82.74959320886799
47.5,111.25,-80.25323652019094
48.25,111.25,-77.70343499659955
49.0,111.25,-75.3810448002737
49.75,111.25,-77.44199600603494
50.5,111.25,-78.29093183615028
51.25,111.25,-78.84649528892763
52.0,111.25,-78.42477206418694
52.75,111.25,-78.4124364124908
53.5,111.25,-78.66166537660442
54.25,111.25,-80.6174805256073
55.0,111.25,-81.50177876723158
55.75,111.25,-82.18363082813613
56.5,111.25,-84.44391103979015
57.25,111.25,-84.8983826455541
58.0,111.25,-85.17585762250638
58.75,111.25,-86.41592906229961
59.5,111.25,-87.295569667924
60.25,111.25,-88.66947693112729
61.0,111.25,-90.21958356744153
61.75,111.25,-90.12160027768527
62.5,111.25,-90.0483896327021
63.25,111.25,-90.64997725555223
64.0,111.25,-89.02306252390997
64.75,111.25,-90.04069071985766
65.5,111.25,-86.35990627129874
66.25,111.25,-85.21508852462327
67.0,111.25,-80.70824161369573
67.75,111.25,-80.32522483651987
68.5,111.25,-80.31646490305845
69.25,111.25,-80.40048277953956
70.0,111.25,-80.47156230094859
70.75,111.25,-81.32732391998654
71.5,111.25,-83.2343711987372
72.25,111.25,-86.68590292174757
73.0,111.25,-89.51651930167084
73.75,111.25,-86.42544988693514
74.5,111.25,-83.29584368833261
75.25,111.25,-81.76633918945346
76.0,111.25,-82.70600437902402
76.75,111.25,-84.13788751564533
77.5,111.25,-86.59553831346243
78.25,111.25,-87.89991304747356
79.0,111.25,-89.29500894057846
79.75,111.25,-89.25580154619774
80.5,111.25,-88.17538816879902
81.25,111.25,-87.91096152725397
82.0,111.25,-87.75484869763574
82.75,111.25,-87.22514924905582
83.5,111.25,-87.85591812967566
84.25,111.25,-91.2661818019159
85.0,111.25,-93.72571399174899
85.75,111.25,-92.49498314434048
86.5,111.25,-91.32975978629379
87.25,111.25,-91.39187318862278
88.0,111.25,-91.35015554869486
88.75,111.25,-91.6532865197387
89.5,111.25,-91.6462705085955
90.25,111.25,-91.63935552340271
91.0,111.25,-92.02233863832056
91.75,111.25,-92.92381341986966
92.5,111.25,-92.85536955020112
93.25,111.25,
94.0,111.25,
94.75,111.25,
95.5,111.25,
96.25,111.25,
97.0,111.25,
97.75,111.25,
98.5,111.25,
99.25,111.25,
100.0,111.25,
100.75,111.25,
101.5,111.25,
102.25,111.25,
103.0,111.25,
103.75,111.25,
104.5,111.25,
105.25,111.25,
106.0,111.25,
106.75,111.25,
107.5,111.25,
108.25,111.25,
109.0,111.25,
109.75,111.25,
110.5,111.25,
111.25,111.25,
112.0,111.25,
112.75,111.25,
113.5,111.25,
114.25,111.25,
115.0,111.25,
115.75,111.25,
116.5,111.25,
117.25,111.25,
118.0,111.25,
118.75,111.25,
119.5,111.25,
120.25,111.25,
121.0,111.25,
121.75,111.25,
122.5,111.25,
123.25,111.25,
124.0,111.25,
124.75,111.25,
125.5,111.25,
126.25,111.25,
127.0,111.25,
127.75,111.25,
128.5,111.25,
129.25,111.25,
130.0,111.25,
130.75,111.25,
131.5,111.25,
132.25,111.25,
133.0,111.25,
133.75,111.25,
134.5,111.25,
135.25,111.25,
136.0,111.25,
136.75,111.25,
137.5,111.25,
138.25,111.25,
139.0,111.25,
139.75,111.25,
140.5,111.25,
141.25,111.25,
142.0,111.25,
142.75,111.25,
143.5,111.25,-92.88440805781518
144.25,111.25,-92.89878826584203
145.0,111.25,-92.23923627624677
145.75,111.25,-92.08931269860473
146.5,111.25,-91.1633738541365
147.25,111.25,-91.04346042134688
148.0,111.25,-90.31404304361256
148.75,111.25,-90.04261170997958
149.5,111.25,-89.90946783603292
150.25,111.25,-90.58345937665452
151.0,111.25,-90.9530608442518
151.75,111.25,-91.17803717851339
152.5,111.25,-93.12973401035003
153.25,111.25,-93.7452837077766
154.0,111.25,-93.02266105064707
154.75,111.25,-93.48808837556746
155.5,111.25,-93.25977387301833
156.25,111.25,-93.12862395151234
157.0,111.25,-93.04018725589259
157.75,111.25,-93.50369896191968
158.5,111.25,-93.46536129980744
159.25,111.25,
160.0,111.25,
160.75,111.25,
161.5,111.25,-89.31433224755702
162.25,111.25,-89.16087968029818
163.0,111.25,-89.04011544250855
163.75,111.25,-89.57185579463592
164.5,111.25,-88.26678173785201
165.25,111.25,-87.56061319726815
166.0,111.25,-87.96915410978568
166.75,111.25,-88.46073685864349
167.5,111.25,-89.89315525702095
168.25,111.25,-91.98575060897349
169.0,111.25,-93.70717863621964
169.75,111.25,-91.22876330610703
170.5,111.25,-87.12948181962179
171.25,111.25,-86.41089846891025
172.0,111.25,-87.87679424977055
172.75,111.25,-88.73209442269024
173.5,111.25,-88.53593000209226
174.25,111.25,-88.00785572418681
175.0,111.25,-87.70355165784288
175.75,111.25,-87.49625265530757
176.5,111.25,-87.37999527459442
177.25,111.25,-87.14410288926837
178.0,111.25,-87.22862826442314
178.75,111.25,-87.0627952208947
179.5,111.25,-87.21664415005029
180.25,111.25,-87.34792883762053
181.0,111.25,-87.91043083900226
181.75,111.25,
182.5,111.25,
183.25,111.25,
184.0,111.25,
184.75,111.25,
185.5,111.25,
186.25,111.25,
187.0,111.25,
187.75,111.25,
188.5,111.25,
189.25,111.25,
190.0,111.25,
190.75,111.25,
191.5,111.25,
192.25,111.25,
193.0,111.25,
193.75,111.25,
194.5,111.25,
195.25,111.25,
196.0,111.25,
196.75,111.25,
197.5,111.25,
198.25,111.25,
199.0,111.25,
199.75,111.25,
200.5,111.25,
201.25,111.25,
202.0,111.25,
202.75,111.25,
203.5,111.25,
204.25,111.25,
205.0,111.25,
205.75,111.25,
206.5,111.25,
207.25,111.25,
208.0,111.25,
208.75,111.25,
209.5,111.25,
210.25,111.25,
211.0,111.25,
211.75,111.25,
212.5,111.25,
213.25,111.25,
214.0,111.25,
214.75,111.25,
215.5,111.25,
216.25,111.25,
217.0,111.25,
217.75,111.25,
218.5,111.25,
219.25,111.25,
31.0,112.0,-94.49287495546845
31.75,112.0,-94.06103165374115
32.5,112.0,-93.85529802327599
33.25,112.0,-93.57928436672307
34.0,112.0,-93.0885357548241
34.75,112.0,-92.85423193098084
35.5,112.0,-92.67114054524328
36.25,112.0,-92.14714499776194
37.0,112.0,-91.88152626207113
37.75,112.0,-91.56651992682944
38.5,112.0,-90.9003253743578
39.25,112.0,-90.3642156756016
40.0,112.0,-89.40288713910759
40.75,112.0,-89.48798333763581
41.5,112.0,-89.59865430464306
42.25,112.0,-89.33307625507035
43.0,112.0,-86.78996602296677
43.75,112.0,-85.41289268048214
44.5,112.0,-85.13065339943017
45.25,112.0,-84.9307533903615
46.0,112.0,-84.25
46.75,112.0,-83.80867571753154
47.5,112.0,-82.24831016175347
48.25,112.0,-80.88045106252767
49.0,112.0,-80.27906208718625
49.75,112.0,-80.12857511927496
50.5,112.0,-79.65027062201746
51.25,112.0,-78.90611360211095
52.0,112.0,-78.96511627906978
52.75,112.0,-78.60547100834731
53.5,112.0,-78.79342640581821
54.25,112.0,-79.09645460832621
55.0,112.0,-81.25023509678311
55.75,112.0,-81.84420071594238
56.5,112.0,-84.52124790840398
57.25,112.0,-85.01897377991193
58.0,112.0,-86.75720620842571
58.75,112.0,-87.09380152014072
59.5,112.0,-87.69595358307936
60.25,112.0,-88.92720229878171
61.0,112.0,-88.8658428949691
61.75,112.0,-88.50901481257708
62.5,112.0,-88.99867483702748
63.25,112.0,-88.71291209816107
64.0,112.0,-88.36456133614897
64.75,112.0,-88.93945015689518
65.5,112.0,-88.51605637203346
66.25,112.0,-84.04720650816334
67.0,112.0,-82.4212962962963
67.75,112.0,-82.61622103130503
68.5,112.0,-80.61143444772183
69.25,112.0,-80.47084223775447
70.0,112.0,-80.8425925925926
70.75,112.0,-81.48097759897234
71.5,112.0,-82.35853227643395
72.25,112.0,-83.06438695906947
73.0,112.0,-83.32900911470084
73.75,112.0,-82.62583887667977
74.5,112.0,-80.45898952603419
75.25,112.0,-79.87485200610021
76.0,112.0,-81.15697674418604
76.75,112.0,-83.58946459970525
77.5,112.0,-87.00576163897317
78.25,112.0,-89.48027351825999
79.0,112.0,-90.63399102547181
79.75,112.0,-89.91738578059238
80.5,112.0,-87.6252671047857
81.25,112.0,-86.92560345001549
82.0,112.0,-87.72222222222221
82.75,112.0,-87.97679391517543
83.5,112.0,-88.51063250397927
84.25,112.0,-90.19703217693322
85.0,112.0,-91.63475393820978
85.75,112.0,-91.5658749335805
86.5,112.0,-91.12025065598174
87.25,112.0,-90.76716132749993
88.0,112.0,-91.23617511520739
88.75,112.0,-91.61430606482998
89.5,112.0,-91.59423240521295
90.25,112.0,-92.38314925154884
91.0,112.0,-93.05421686746988
91.75,112.0,-92.9855764794453
92.5,112.0,
93.25,112.0,
94.0,112.0,
94.75,112.0,
95.5,112.0,
96.25,112.0,
97.0,112.0,
97.75,112.0,
98.5,112.0,
99.25,112.0,
100.0,112.0,
100.75,112.0,
101.5,112.0,
102.25,112.0,
103.0,112.0,
103.75,112.0,
104.5,112.0,
105.25,112.0,
106.0,112.0,
106.75,112.0,
107.5,112.0,
108.25,112.0,
109.0,112.0,
109.75,112.0,
110.5,112.0,
111.25,112.0,
112.0,112.0,
112.75,112.0,
113.5,112.0,
114.25,112.0,
115.0,112.0,
115.75,112.0,
116.5,112.0,
117.25,112.0,
118.0,112.0,
118.75,112.0,
119.5,112.0,
120.25,112.0,
121.0,112.0,
121.75,112.0,
122.5,112.0,
123.25,112.0,
124.0,112.0,
124.75,112.0,
125.5,112.0,
126.25,112.0,
127.0,112.0,
127.75,112.0,
128.5,112.0,
129.25,112.0,
130.0,112.0,
130.75,112.0,
131.5,112.0,
132.25,112.0,
133.0,112.0,
133.75,112.0,
134.5,112.0,
135.25,112.0,
136.0,112.0,
136.75,112.0,
137.5,112.0,
138.25,112.0,
139.0,112.0,
139.75,112.0,
140.5,112.0,
141.25,112.0,
142.0,112.0,
142.75,112.0,
143.5,112.0,
144.25,112.0,-92.27214141384127
145.0,112.0,-92.29573170731706
145.75,112.0,-91.3046213715044
146.5,112.0,-91.16562233289459
147.25,112.0,-90.46771247633725
148.0,112.0,-90.06
148.75,112.0,-89.54466133048194
149.5,112.0,-88.29036982790188
150.25,112.0,-88.84187019247808
151.0,112.0,-89.0508474576271
151.75,112.0,-90.56675357367615
152.5,112.0,-93.30848153214772
153.25,112.0,-94.2349139116563
154.0,112.0,-94.60714285714283
154.75,112.0,-94.1789435293099
155.5,112.0,-93.92797006847265
156.25,112.0,-93.81894474700911
157.0,112.0,-93.68094430308169
157.75,112.0,-93.56301489356512
158.5,112.0,-96.21186440677964
159.25,112.0,
160.0,112.0,-93.5
160.75,112.0,
161.5,112.0,
162.25,112.0,-89.18209762010784
163.0,112.0,-89.02314814814815
163.75,112.0,-89.68337590253356
164.5,112.0,-88.25769164696953
165.25,112.0,-88.04006996433682
166.0,112.0,-87.77188940092168
166.75,112.0,-88.2940211861052
167.5,112.0,-89.26278754423473
168.25,112.0,-90.29097286080857
169.0,112.0,-91.18639254884143
169.75,112.0,-89.8385499223634
170.5,112.0,-87.94539800941853
171.25,112.0,-87.3231013947705
172.0,112.0,-87.60365853658537
172.75,112.0,-87.94730141811277
173.5,112.0,-88.49713700358065
174.25,112.0,-88.29281856067665
175.0,112.0,-87.85833249173784
175.75,112.0,-87.71160309554931
176.5,112.0,-87.22364368044956
177.25,112.0,-87.3445486370882
178.0,112.0,-87.38726372637264
178.75,112.0,-87.10053932098096
179.5,112.0,-87.2143124510838
180.25,112.0,-87.77437641723355
181.0,112.0,
181.75,112.0,
182.5,112.0,
183.25,112.0,
184.0,112.0,
184.75,112.0,
185.5,112.0,
186.25,112.0,
187.0,112.0,
187.75,112.0,
188.5,112.0,
189.25,112.0,
190.0,112.0,
190.75,112.0,
191.5,112.0,
192.25,112.0,
193.0,112.0,
193.75,112.0,
194.5,112.0,
195.25,112.0,
196.0,112.0,
196.75,112.0,
197.5,112.0,
198.25,112.0,
199.0,112.0,
199.75,112.0,
200.5,112.0,
201.25,112.0,
202.0,112.0,
202.75,112.0,
203.5,112.0,
204.25,112.0,
205.0,112.0,
205.75,112.0,
206.5,112.0,
207.25,112.0,
208.0,112.0,
208.75,112.0,
209.5,112.0,
210.25,112.0,
211.0,112.0,
211.75,112.0,
212.5,112.0,
213.25,112.0,
214.0,112.0,
214.75,112.0,
215.5,112.0,
216.25,112.0,
217.0,112.0,
217.75,112.0,
218.5,112.0,
219.25,112.0,
31.0,112.75,-94.67822730763399
31.75,112.75,-93.90761022407297
32.5,112.75,-93.71547574210953
33.25,112.75,-93.21130313089893
34.0,112.75,-92.70364204875102
34.75,112.75,-92.52242338302993
35.5,112.75,-92.06128746224677
36.25,112.75,-91.91194687114869
37.0,112.75,-91.97033360741348
37.75,112.75,-91.56793205889883
38.5,112.75,-90.66583320985877
39.25,112.75,-89.57738779236566
40.0,112.75,-89.07609798384266
40.75,112.75,-89.24304245518705
41.5,112.75,-89.41305518883244
42.25,112.75,-88.53110256709583
43.0,112.75,-87.20473797495109
43.75,112.75,-87.57012959865659
44.5,112.75,-86.88601944421637
45.25,112.75,-85.38830123599165
46.0,112.75,-84.68188956684054
46.75,112.75,-84.42297265190791
47.5,112.75,-84.14318992690137
48.25,112.75,-83.05997885116189
49.0,112.75,-83.7849955684109
49.75,112.75,-82.11782269556898
50.5,112.75,-79.08928209641262
51.25,112.75,-78.24009183211183
52.0,112.75,-78.95001521385218
52.75,112.75,-79.32198350598676
53.5,112.75,-78.84016909324735
54.25,112.75,-79.04280035523348
55.0,112.75,-79.26350621553833
55.75,112.75,-81.7755514347887
56.5,112.75,-84.00385008684101
57.25,112.75,-85.53619433569257
58.0,112.75,-87.15548199842107
58.75,112.75,-86.2270549343188
59.5,112.75,-87.13795539445103
60.25,112.75,-88.1729287569535
61.0,112.75,-88.37849301078131
61.75,112.75,-88.47763328829376
62.5,112.75,-88.42130955912295
63.25,112.75,-88.24447636172361
64.0,112.75,-88.60013756574143
64.75,112.75,-88.18777086342928
65.5,112.75,-87.78884083330787
66.25,112.75,-85.94042967590228
67.0,112.75,-83.80715093697825
67.75,112.75,-82.78780322444642
68.5,112.75,-82.5440693181974
69.25,112.75,-81.42383431505935
70.0,112.75,-80.82915748429753
70.75,112.75,-80.94110646979973
71.5,112.75,-80.8622304663675
72.25,112.75,-80.13132139584498
73.0,112.75,-79.17496214900105
73.75,112.75,-79.81822184838111
74.5,112.75,-78.17730326996141
75.25,112.75,-77.45946933839048
76.0,112.75,-79.82355056410883
76.75,112.75,-82.96813263520974
77.5,112.75,-86.8527623811379
78.25,112.75,-91.0375759803457
79.0,112.75,-93.64008051999276
79.75,112.75,-90.60170302990555
80.5,112.75,-86.32891932114529
81.25,112.75,-85.45156634713041
82.0,112.75,-87.47765128287696
82.75,112.75,-88.8526436110706
83.5,112.75,-88.81357742530831
84.25,112.75,-89.12989861660651
85.0,112.75,-90.22762940601461
85.75,112.75,-90.57170986517391
86.5,112.75,-90.55169517372462
87.25,112.75,-90.54847918579196
88.0,112.75,-91.25022514402094
88.75,112.75,-91.89161161115075
89.5,112.75,-92.20547781751519
90.25,112.75,-93.34406047682684
91.0,112.75,-92.04752475247525
91.75,112.75,
92.5,112.75,
93.25,112.75,
94.0,112.75,
94.75,112.75,
95.5,112.75,
96.25,112.75,
97.0,112.75,
97.75,112.75,
98.5,112.75,
99.25,112.75,
100.0,112.75,
100.75,112.75,
101.5,112.75,
102.25,112.75,
103.0,112.75,
103.75,112.75,
104.5,112.75,
105.25,112.75,
106.0,112.75,
106.75,112.75,
107.5,112.75,
108.25,112.75,
109.0,112.75,
109.75,112.75,
110.5,112.75,
111.25,112.75,
112.0,112.75,
112.75,112.75,
113.5,112.75,
114.25,112.75,
115.0,112.75,
115.75,112.75,
116.5,112.75,
117.25,112.75,
118.0,112.75,
118.75,112.75,
119.5,112.75,
120.25,112.75,
121.0,112.75,
121.75,112.75,
122.5,112.75,
123.25,112.75,
124.0,112.75,
124.75,112.75,
125.5,112.75,
126.25,112.75,
127.0,112.75,
127.75,112.75,
128.5,112.75,
129.25,112.75,
130.0,112.75,
130.75,112.75,
131.5,112.75,
132.25,112.75,
133.0,112.75,
133.75,112.75,
134.5,112.75,
135.25,112.75,
136.0,112.75,
136.75,112.75,
137.5,112.75,
138.25,112.75,
139.0,112.75,
139.75,112.75,
140.5,112.75,
141.25,112.75,
142.0,112.75,
142.75,112.75,
143.5,112.75,-92.35510688836105
144.25,112.75,-92.43167701863355
145.0,112.75,-91.17413404704577
145.75,112.75,-90.65059032770259
146.5,112.75,-90.60970494322076
147.25,112.75,-90.49378519500189
148.0,112.75,-89.80267350252903
148.75,112.75,-88.9617533813561
149.5,112.75,-88.34785883725499
150.25,112.75,-86.97992714015133
151.0,112.75,-85.40387953501016
151.75,112.75,-89.01981291149846
152.5,112.75,-95.3876106384054
153.25,112.75,-97.2609934307548
154.0,112.75,-95.23388436366612
154.75,112.75,-94.3654089990062
155.5,112.75,-94.35644444640099
156.25,112.75,-94.13245371407226
157.0,112.75,-93.92766726187722
157.75,112.75,-94.40503695016102
158.5,112.75,-94.28721655396242
159.25,112.75,-93.98868778280543
160.0,112.75,-93.34245076586434
160.75,112.75,
161.5,112.75,-89.89814814814815
162.25,112.75,-89.86864406779661
163.0,112.75,-88.62665188318944
163.75,112.75,-88.41667578604633
164.5,112.75,-88.19542876192749
165.25,112.75,-87.96180292419658
166.0,112.75,-87.22363846068139
166.75,112.75,-87.35456686355926
167.5,112.75,-87.57458762591011
168.25,112.75,-87.88161093805346
169.0,112.75,-88.05902969803138
169.75,112.75,-87.82116651382381
170.5,112.75,-87.48178022713775
171.25,112.75,-87.39686811973279
172.0,112.75,-87.49665031110712
172.75,112.75,-87.67730729867769
173.5,112.75,-87.79935278379905
174.25,112.75,-88.40160661554373
175.0,112.75,-87.63577585457094
175.75,112.75,-87.33607801798557
176.5,112.75,-87.31803849112403
177.25,112.75,-87.4937924794225
178.0,112.75,-87.05521395228524
178.75,112.75,-86.0
179.5,112.75,-86.00000000000001
180.25,112.75,
181.0,112.75,
181.75,112.75,
182.5,112.75,
183.25,112.75,
184.0,112.75,
184.75,112.75,
185.5,112.75,
186.25,112.75,
187.0,112.75,
187.75,112.75,
188.5,112.75,
189.25,112.75,
190.0,112.75,
190.75,112.75,
191.5,112.75,
192.25,112.75,
193.0,112.75,
193.75,112.75,
194.5,112.75,
195.25,112.75,
196.0,112.75,
196.75,112.75,
197.5,112.75,
198.25,112.75,
199.0,112.75,
199.75,112.75,
200.5,112.75,
201.25,112.75,
202.0,112.75,
202.75,112.75,
203.5,112.75,
204.25,112.75,
205.0,112.75,
205.75,112.75,
206.5,112.75,
207.25,112.75,
208.0,112.75,
208.75,112.75,
209.5,112.75,
210.25,112.75,
211.0,112.75,
211.75,112.75,
212.5,112.75,
213.25,112.75,
214.0,112.75,
214.75,112.75,
215.5,112.75,
216.25,112.75,
217.0,112.75,
217.75,112.75,
218.5,112.75,
219.25,112.75,
31.0,113.5,-93.95698924731181
31.75,113.5,-93.3945040675972
32.5,113.5,-93.27472527472527
33.25,113.5,-92.5565149972028
34.0,113.5,-92.40121417382008
34.75,113.5,-91.84151211118042
35.5,113.5,-91.69646282509149
36.25,113.5,-91.68702761253928
37.0,113.5,-91.78851112972487
37.75,113.5,-91.15178245140484
38.5,113.5,-89.71221025138752
39.25,113.5,-88.96648928249655
40.0,113.5,-88.87038907941101
40.75,113.5,-88.94140725368513
41.5,113.5,-89.15864463782657
42.25,113.5,-88.82254457721207
43.0,113.5,-89.17275367294681
43.75,113.5,-88.58924450881351
44.5,113.5,-88.62982809092736
45.25,113.5,-87.9580909492998
46.0,113.5,-85.53948189311463
46.75,113.5,-84.23464074764223
47.5,113.5,-84.03330658105938
48.25,113.5,-83.56622136745071
49.0,113.5,-83.85807031562125
49.75,113.5,-82.88977669838403
50.5,113.5,-79.86475952116437
51.25,113.5,-78.83272004422993
52.0,113.5,-79.34904443545383
52.75,113.5,-79.75231203732041
53.5,113.5,-80.70298154637544
54.25,113.5,-80.84187768228497
55.0,113.5,-78.8096978432079
55.75,113.5,-79.23076923652823
56.5,113.5,-79.40929935566263
57.25,113.5,-86.21197332323202
58.0,113.5,-86.66549432424567
58.75,113.5,-87.49130951018174
59.5,113.5,-88.58883719881554
60.25,113.5,-87.95727952222212
61.0,113.5,-88.15220591429073
61.75,113.5,-88.2784679233839
62.5,113.5,-88.33058327519792
63.25,113.5,-88.30326754726025
64.0,113.5,-87.86106331304511
64.75,113.5,-87.24700627729855
65.5,113.5,-85.77764504118905
66.25,113.5,-85.27768547135118
67.0,113.5,-84.97062114687529
67.75,113.5,-83.60336823037007
68.5,113.5,-82.51378270820146
69.25,113.5,-80.90530120584003
70.0,113.5,-81.1048478668371
70.75,113.5,-81.00987304587149
71.5,113.5,-80.4625037483214
72.25,113.5,-79.75801381378237
73.0,113.5,-79.2504262258599
73.75,113.5,-79.41436903093494
74.5,113.5,-78.39096751577472
75.25,113.5,-77.94953352561687
76.0,113.5,-79.85172954363819
76.75,113.5,-82.22366054044966
77.5,113.5,-85.41456101640628
78.25,113.5,-89.72106747076973
79.0,113.5,-92.42981553504076
79.75,113.5,-89.90322924192853
80.5,113.5,-86.80785384292312
81.25,113.5,-85.96929798159914
82.0,113.5,-87.31914948028846
82.75,113.5,-88.67611328737665
83.5,113.5,-88.82873445750299
84.25,113.5,-88.74137509313827
85.0,113.5,-89.07014051251345
85.75,113.5,-89.93427097297118
86.5,113.5,-90.08751443194355
87.25,113.5,-90.6056214511817
88.0,113.5,-90.60027790938963
88.75,113.5,-91.18326648045118
89.5,113.5,-93.5
90.25,113.5,-93.47678916827854
91.0,113.5,
91.75,113.5,
92.5,113.5,
93.25,113.5,
94.0,113.5,
94.75,113.5,
95.5,113.5,
96.25,113.5,
97.0,113.5,
97.75,113.5,
98.5,113.5,
99.25,113.5,
100.0,113.5,
100.75,113.5,
101.5,113.5,
102.25,113.5,
103.0,113.5,
103.75,113.5,
104.5,113.5,
105.25,113.5,
106.0,113.5,
106.75,113.5,
107.5,113.5,
108.25,113.5,
109.0,113.5,
109.75,113.5,
110.5,113.5,
111.25,113.5,
112.0,113.5,
112.75,113.5,
113.5,113.5,
114.25,113.5,
115.0,113.5,
115.75,113.5,
116.5,113.5,
117.25,113.5,
118.0,113.5,
118.75,113.5,
119.5,113.5,
120.25,113.5,
121.0,113.5,
121.75,113.5,
122.5,113.5,
123.25,113.5,
124.0,113.5,
124.75,113.5,
125.5,113.5,
126.25,113.5,
127.0,113.5,
127.75,113.5,
128.5,113.5,
129.25,113.5,
130.0,113.5,
130.75,113.5,
131.5,113.5,
132.25,113.5,
133.0,113.5,
133.75,113.5,
134.5,113.5,
135.25,113.5,
136.0,113.5,
136.75,113.5,
137.5,113.5,
138.25,113.5,
139.0,113.5,
139.75,113.5,
140.5,113.5,
141.25,113.5,
142.0,113.5,
142.75,113.5,
143.5,113.5,-92.45744680851064
144.25,113.5,-90.80460870245102
145.0,113.5,-91.39450630083896
145.75,113.5,-90.76176764775195
146.5,113.5,-90.88453878273313
147.25,113.5,-90.47602622451281
148.0,113.5,-89.37057810891955
148.75,113.5,-88.32706450499609
149.5,113.5,-87.33620015637216
150.25,113.5,-86.79819448326637
151.0,113.5,-86.02695581678151
151.75,113.5,-88.83320308830973
152.5,113.5,-94.01428745878617
153.25,113.5,-95.9013485598164
154.0,113.5,-94.37581643426657
154.75,113.5,-94.43655758587201
155.5,113.5,-94.20157102768633
156.25,113.5,-93.88236344812661
157.0,113.5,-93.50636774162875
157.75,113.5,-93.19228203077985
158.5,113.5,-93.70594890060295
159.25,113.5,-93.23132652140343
160.0,113.5,-93.12886597938143
160.75,113.5,-90.45246131403563
161.5,113.5,-89.07926359574795
162.25,113.5,-89.12244090701795
163.0,113.5,-89.1320749160728
163.75,113.5,-87.93109115904322
164.5,113.5,-87.67990376706939
165.25,113.5,-87.32640505760759
166.0,113.5,-86.8242866622067
166.75,113.5,-86.1614677119606
167.5,113.5,-85.42941811671743
168.25,113.5,-84.57904367073458
169.0,113.5,-84.17276165236565
169.75,113.5,-84.76078263243934
170.5,113.5,-85.7100958131867
171.25,113.5,-86.47837157212625
172.0,113.5,-86.94244396884845
172.75,113.5,-87.26011404948343
173.5,113.5,-87.47089810499287
174.25,113.5,-86.62482494642748
175.0,113.5,-86.93296233984728
175.75,113.5,-86.8739920228544
176.5,113.5,-86.99260255548081
177.25,113.5,-86.0
178.0,113.5,-86.00000000000001
178.75,113.5,-85.99999999999999
179.5,113.5,
180.25,113.5,
181.0,113.5,
181.75,113.5,
182.5,113.5,
183.25,113.5,
184.0,113.5,
184.75,113.5,
185.5,113.5,
186.25,113.5,
187.0,113.5,
187.75,113.5,
188.5,113.5,
189.25,113.5,
190.0,113.5,
190.75,113.5,
191.5,113.5,
192.25,113.5,
193.0,113.5,
193.75,113.5,
194.5,113.5,
195.25,113.5,
196.0,113.5,
196.75,113.5,
197.5,113.5,
198.25,113.5,
199.0,113.5,
199.75,113.5,
200.5,113.5,
201.25,113.5,
202.0,113.5,
202.75,113.5,
203.5,113.5,
204.25,113.5,
205.0,113.5,
205.75,113.5,
206.5,113.5,
207.25,113.5,
208.0,113.5,
208.75,113.5,
209.5,113.5,
210.25,113.5,
211.0,113.5,
211.75,113.5,
212.5,113.5,
213.25,113.5,
214.0,113.5,
214.75,113.5,
215.5,113.5,
216.25,113.5,
217.0,113.5,
217.75,113.5,
218.5,113.5,
219.25,113.5,
31.0,114.25,-93.91397849462366
31.75,114.25,-93.29597197898423
32.5,114.25,-93.18449081164896
33.25,114.25,-92.30999669893833
34.0,114.25,-91.58562951188429
34.75,114.25,-91.41200670452442
35.5,114.25,-91.25254870821381
36.25,114.25,-90.95956940278559
37.0,114.25,-90.74584788271885
37.75,114.25,-89.81228286356054
38.5,114.25,-88.6233624868615
39.25,114.25,-88.20841742397369
40.0,114.25,-88.18075378532994
40.75,114.25,-88.65566001165773
41.5,114.25,-88.21083370983484
42.25,114.25,-88.53240704316451
43.0,114.25,-88.46251707420444
43.75,114.25,-89.72083733642128
44.5,114.25,-91.878550515556
45.25,114.25,-91.52572890422756
46.0,114.25,-86.10722464143832
46.75,114.25,-81.84136066527128
47.5,114.25,-82.17475314166295
48.25,114.25,-84.69016920584127
49.0,114.25,-86.93394753747697
49.75,114.25,-85.34188225911494
50.5,114.25,-82.54511107060631
51.25,114.25,-80.96767741971725
52.0,114.25,-80.75970825100272
52.75,114.25,-80.41842956492712
53.5,114.25,-80.66232607826055
54.25,114.25,-81.34302823531078
55.0,114.25,-78.6913829419218
55.75,114.25,-78.87572956744962
56.5,114.25,-80.39936280869188
57.25,114.25,-83.86495983684813
58.0,114.25,-85.99450868909055
58.75,114.25,-88.49499845824474
59.5,114.25,-88.72097924360864
60.25,114.25,-87.89378038840155
61.0,114.25,-88.09423260535613
61.75,114.25,-88.10978693889251
62.5,114.25,-88.6055249302679
63.25,114.25,-88.55882823125695
64.0,114.25,-87.57454953736271
64.75,114.25,-86.34925377478703
65.5,114.25,-85.38125012565217
66.25,114.25,-84.82908961601628
67.0,114.25,-84.5749930667308
67.75,114.25,-83.58521146936445
68.5,114.25,-82.58846531324609
69.25,114.25,-80.76761486194357
70.0,114.25,-80.79680849467718
70.75,114.25,-80.75337522274536
71.5,114.25,-80.23276886519866
72.25,114.25,-79.85074244608734
73.0,114.25,-79.52452235078852
73.75,114.25,-80.07672292682076
74.5,114.25,-79.66308737882066
75.25,114.25,-79.62295777950314
76.0,114.25,-80.16634877886774
76.75,114.25,-80.05630399659667
77.5,114.25,-82.53085328136916
78.25,114.25,-87.80671563536634
79.0,114.25,-89.46629517143664
79.75,114.25,-88.79297032362025
80.5,114.25,-87.5072013770538
81.25,114.25,-86.85477874924835
82.0,114.25,-87.19718828332202
82.75,114.25,-87.88129023117978
83.5,114.25,-88.33111747590728
84.25,114.25,-88.39775921896135
85.0,114.25,-88.63419865477391
85.75,114.25,-88.83167150121322
86.5,114.25,-89.83852649453911
87.25,114.25,-90.39786322425348
88.0,114.25,-91.23440005743939
88.75,114.25,-92.26657449662856
89.5,114.25,-93.52321083172146
90.25,114.25,
91.0,114.25,
91.75,114.25,
92.5,114.25,
93.25,114.25,
94.0,114.25,
94.75,114.25,
95.5,114.25,
96.25,114.25,
97.0,114.25,
97.75,114.25,
98.5,114.25,
99.25,114.25,
100.0,114.25,
100.75,114.25,
101.5,114.25,
102.25,114.25,
103.0,114.25,
103.75,114.25,
104.5,114.25,
105.25,114.25,
106.0,114.25,
106.75,114.25,
107.5,114.25,
108.25,114.25,
109.0,114.25,
109.75,114.25,
110.5,114.25,
111.25,114.25,
112.0,114.25,
112.75,114.25,
113.5,114.25,
114.25,114.25,
115.0,114.25,
115.75,114.25,
116.5,114.25,
117.25,114.25,
118.0,114.25,
118.75,114.25,
119.5,114.25,
120.25,114.25,
121.0,114.25,
121.75,114.25,
122.5,114.25,
123.25,114.25,
124.0,114.25,
124.75,114.25,
125.5,114.25,
126.25,114.25,
127.0,114.25,
127.75,114.25,
128.5,114.25,
129.25,114.25,
130.0,114.25,
130.75,114.25,
131.5,114.25,
132.25,114.25,
133.0,114.25,
133.75,114.25,
134.5,114.25,
135.25,114.25,
136.0,114.25,
136.75,114.25,
137.5,114.25,
138.25,114.25,
139.0,114.25,
139.75,114.25,
140.5,114.25,
141.25,114.25,
142.0,114.25,
142.75,114.25,
143.5,114.25,-92.62817468985469
144.25,114.25,-91.21648873072361
145.0,114.25,-91.63983144143438
145.75,114.25,-91.54883516290032
146.5,114.25,-92.43067221347401
147.25,114.25,-92.25566725328264
148.0,114.25,-90.02462610539865
148.75,114.25,-88.69762977458703
149.5,114.25,-87.87467285746595
150.25,114.25,-86.597623951221
151.0,114.25,-86.48807729642658
151.75,114.25,-87.6045292847748
152.5,114.25,-90.00893380832227
153.25,114.25,-90.82117906131582
154.0,114.25,-92.66877253975115
154.75,114.25,-94.84838820877918
155.5,114.25,-94.9437894518812
156.25,114.25,-94.14138107663855
157.0,114.25,-93.3126163686073
157.75,114.25,-92.85581977534339
158.5,114.25,-93.3572231694822
159.25,114.25,-93.09913713270943
160.0,114.25,-90.89869788582438
160.75,114.25,-90.26655494874448
161.5,114.25,-89.16586256603361
162.25,114.25,-89.23613246599646
163.0,114.25,-89.24856794453936
163.75,114.25,-88.03465837418885
164.5,114.25,-87.93621107356512
165.25,114.25,-87.45151014923555
166.0,114.25,-86.66066722339886
166.75,114.25,-85.38624437367866
167.5,114.25,-83.55293019921834
168.25,114.25,-81.497205707798
169.0,114.25,-80.43777859338387
169.75,114.25,-81.49896002719096
170.5,114.25,-83.44347412412027
171.25,114.25,-85.09440327989604
172.0,114.25,-86.14264629784297
172.75,114.25,-86.72115648340423
173.5,114.25,-87.08491991516827
174.25,114.25,-85.38456250576509
175.0,114.25,-86.92307124036543
175.75,114.25,-86.88588184543613
176.5,114.25,-86.0
177.25,114.25,-86.0
178.0,114.25,
178.75,114.25,
179.5,114.25,
180.25,114.25,
181.0,114.25,
181.75,114.25,
182.5,114.25,
183.25,114.25,
184.0,114.25,
184.75,114.25,
185.5,114.25,
186.25,114.25,
187.0,114.25,
187.75,114.25,
188.5,114.25,
189.25,114.25,
190.0,114.25,
190.75,114.25,
191.5,114.25,
192.25,114.25,
193.0,114.25,
193.75,114.25,
194.5,114.25,
195.25,114.25,
196.0,114.25,
196.75,114.25,
197.5,114.25,
198.25,114.25,
199.0,114.25,
199.75,114.25,
200.5,114.25,
201.25,114.25,
202.0,114.25,
202.75,114.25,
203.5,114.25,
204.25,114.25,
205.0,114.25,
205.75,114.25,
206.5,114.25,
207.25,114.25,
208.0,114.25,
208.75,114.25,
209.5,114.25,
210.25,114.25,
211.0,114.25,
211.75,114.25,
212.5,114.25,
213.25,114.25,
214.0,114.25,
214.75,114.25,
215.5,114.25,
216.25,114.25,
217.0,114.25,
217.75,114.25,
218.5,114.25,
219.25,114.25,
31.0,115.0,
31.75,115.0,-92.54301075268818
32.5,115.0,-92.52150537634408
33.25,115.0,-91.50369435173012
34.0,115.0,-90.69861061631634
34.75,115.0,-90.58822374953498
35.5,115.0,-90.39789805863654
36.25,115.0,-90.16010365573123
37.0,115.0,-89.6198347107438
37.75,115.0,-88.88108836243057
38.5,115.0,-88.08596618682427
39.25,115.0,-88.01213993380458
40.0,115.0,-88.07631874298542
40.75,115.0,-88.02169709469291
41.5,115.0,-88.28402140776613
42.25,115.0,-87.93615894896777
43.0,115.0,-88.21428571428571
43.75,115.0,-89.77384707640238
44.5,115.0,-93.94537834011281
45.25,115.0,-95.26293771760663
46.0,115.0,-86.2800528401585
46.75,115.0,-77.74315089406794
47.5,115.0,-79.52656045154768
48.25,115.0,-86.8925349243917
49.0,115.0,-90.99999999999132
49.75,115.0,-88.04752550033218
50.5,115.0,-84.64135461859806
51.25,115.0,-82.73769345071092
52.0,115.0,-81.92050626378268
52.75,115.0,-81.39766050153946
53.5,115.0,-82.72629495216101
54.25,115.0,-82.84326699358868
55.0,115.0,
55.75,115.0,
56.5,115.0,
57.25,115.0,
58.0,115.0,-89.0
58.75,115.0,-88.99999999999999
59.5,115.0,-87.47550922725097
60.25,115.0,-87.6783547085643
61.0,115.0,-87.6027397260274
61.75,115.0,-88.08874256051566
62.5,115.0,-88.73783361809933
63.25,115.0,-88.90334121102067
64.0,115.0,-87.52419354838709
64.75,115.0,-85.66605088208745
65.5,115.0,-84.51423748248186
66.25,115.0,-84.10168452333474
67.0,115.0,-84.04347826086956
67.75,115.0,-83.43539826623666
68.5,115.0,-83.11957242947022
69.25,115.0,-82.23714603957383
70.0,115.0,-81.18150684931507
70.75,115.0,-81.12457365155176
71.5,115.0,-80.3900735890184
72.25,115.0,-80.0349269066294
73.0,115.0,-79.6875
73.75,115.0,-80.66716990743267
74.5,115.0,-80.50407497121783
75.25,115.0,-80.56127076000404
76.0,115.0,-79.95731707317074
76.75,115.0,-77.87854651340959
77.5,115.0,-79.75757882225746
78.25,115.0,-87.5132819488905
79.0,115.0,-89.99999999999675
79.75,115.0,-88.80159976493805
80.5,115.0,-86.79947559620908
81.25,115.0,-86.14956449189434
82.0,115.0,-87.15400410677618
82.75,115.0,-87.41277699128855
83.5,115.0,-87.98269781247036
84.25,115.0,-87.95342356737287
85.0,115.0,-88.21311475409837
85.75,115.0,-88.75468926753486
86.5,115.0,-88.94024971849723
87.25,115.0,-90.46259982101408
88.0,115.0,-91.68518518518519
88.75,115.0,
89.5,115.0,
90.25,115.0,
91.0,115.0,
91.75,115.0,
92.5,115.0,
93.25,115.0,
94.0,115.0,
94.75,115.0,
95.5,115.0,
96.25,115.0,
97.0,115.0,
97.75,115.0,
98.5,115.0,
99.25,115.0,
100.0,115.0,
100.75,115.0,
101.5,115.0,
102.25,115.0,
103.0,115.0,
103.75,115.0,
104.5,115.0,
105.25,115.0,
106.0,115.0,
106.75,115.0,
107.5,115.0,
108.25,115.0,
109.0,115.0,
109.75,115.0,
110.5,115.0,
111.25,115.0,
112.0,115.0,
112.75,115.0,
113.5,115.0,
114.25,115.0,
115.0,115.0,
115.75,115.0,
116.5,115.0,
117.25,115.0,
118.0,115.0,
118.75,115.0,
119.5,115.0,
120.25,115.0,
121.0,115.0,
121.75,115.0,
122.5,115.0,
123.25,115.0,
124.0,115.0,
124.75,115.0,
125.5,115.0,
126.25,115.0,
127.0,115.0,
127.75,115.0,
128.5,115.0,
129.25,115.0,
130.0,115.0,
130.75,115.0,
131.5,115.0,
132.25,115.0,
133.0,115.0,
133.75,115.0,
134.5,115.0,
135.25,115.0,
136.0,115.0,
136.75,115.0,
137.5,115.0,
138.25,115.0,
139.0,115.0,
139.75,115.0,
140.5,115.0,
141.25,115.0,
142.0,115.0,
142.75,115.0,-93.65347721822542
143.5,115.0,-90.92640239959943
144.25,115.0,-91.21083478504465
145.0,115.0,-91.69014084507043
145.75,115.0,-92.12015722487791
146.5,115.0,-93.41845580526204
147.25,115.0,-93.7279021236441
148.0,115.0,-90.23600723267856
148.75,115.0,-88.93300073986022
149.5,115.0,-88.3574890589431
150.25,115.0,-86.11763349867667
151.0,115.0,-85.00000000000125
151.75,115.0,-86.56186893867586
152.5,115.0,-88.85727127447063
153.25,115.0,-89.1460048760587
154.0,115.0,-91.93442622950819
154.75,115.0,-96.12555434950973
155.5,115.0,-95.6503666785603
156.25,115.0,-93.98690755914052
157.0,115.0,-93.10638297872342
157.75,115.0,-92.64874681097868
158.5,115.0,-93.18070697779018
159.25,115.0,-91.67606601385124
160.0,115.0,-90.68929074682949
160.75,115.0,-90.07083730547596
161.5,115.0,-89.27364246491763
162.25,115.0,-89.4033282442748
163.0,115.0,-89.42857142857143
163.75,115.0,-88.56583620519433
164.5,115.0,-88.16269327843568
165.25,115.0,-87.97372807347361
166.0,115.0,-87.04346238130022
166.75,115.0,-85.3480200863008
167.5,115.0,-82.74132754634978
168.25,115.0,-80.13773513920395
169.0,115.0,-79.00000000000178
169.75,115.0,-79.8695975674194
170.5,115.0,-81.61817726705945
171.25,115.0,-82.73606585364044
172.0,115.0,-83.81942714819426
172.75,115.0,-84.52286319172939
173.5,115.0,-82.33529411764707
174.25,115.0,-82.56466512702077
175.0,115.0,
175.75,115.0,
176.5,115.0,
177.25,115.0,
178.0,115.0,
178.75,115.0,
179.5,115.0,
180.25,115.0,
181.0,115.0,
181.75,115.0,
182.5,115.0,
183.25,115.0,
184.0,115.0,
184.75,115.0,
185.5,115.0,
186.25,115.0,
187.0,115.0,
187.75,115.0,
188.5,115.0,
189.25,115.0,
190.0,115.0,
190.75,115.0,
191.5,115.0,
192.25,115.0,
193.0,115.0,
193.75,115.0,
194.5,115.0,
195.25,115.0,
196.0,115.0,
196.75,115.0,
197.5,115.0,
198.25,115.0,
199.0,115.0,
199.75,115.0,
200.5,115.0,
201.25,115.0,
202.0,115.0,
202.75,115.0,
203.5,115.0,
204.25,115.0,
205.0,115.0,
205.75,115.0,
206.5,115.0,
207.25,115.0,
208.0,115.0,
208.75,115.0,
209.5,115.0,
210.25,115.0,
211.0,115.0,
211.75,115.0,
212.5,115.0,
213.25,115.0,
214.0,115.0,
214.75,115.0,
215.5,115.0,
216.25,115.0,
217.0,115.0,
217.75,115.0,
218.5,115.0,
219.25,115.0,
31.0,115.75,
31.75,115.75,-92.514652014652
32.5,115.75,-92.49116997792494
33.25,115.75,-90.44087520327245
34.0,115.75,-90.3168139451771
34.75,115.75,-90.13489700275912
35.5,115.75,-89.884125678718
36.25,115.75,-89.43521023074439
37.0,115.75,-88.98168011153597
37.75,115.75,-88.15362828968976
38.5,115.75,-87.94460708353347
39.25,115.75,-87.92971819669125
40.0,115.75,-88.09529365707832
40.75,115.75,-87.91234601637481
41.5,115.75,-87.36131767876222
42.25,115.75,-86.62745401892782
43.0,115.75,-86.34720304174351
43.75,115.75,-87.34400494044927
44.5,115.75,-89.757211587435
45.25,115.75,-90.17319693656451
46.0,115.75,-86.0595604331741
46.75,115.75,-81.25544422546405
47.5,115.75,-81.97370732697289
48.25,115.75,-86.11484465488473
49.0,115.75,-88.28535368857145
49.75,115.75,-87.3058437286575
50.5,115.75,-85.35181994486182
51.25,115.75,-83.56568947618273
52.0,115.75,-82.66319501466552
52.75,115.75,-82.76611687132741
53.5,115.75,-83.37306910156408
54.25,115.75,-83.31084593140305
55.0,115.75,
55.75,115.75,
56.5,115.75,
57.25,115.75,-89.0
58.0,115.75,-89.0
58.75,115.75,-89.00000000000001
59.5,115.75,-87.44454659550848
60.25,115.75,-87.17883930834711
61.0,115.75,-87.50399565767678
61.75,115.75,-87.88495002220681
62.5,115.75,-88.23406189693925
63.25,115.75,-88.04737829540471
64.0,115.75,-86.32502799552071
64.75,115.75,-84.00975060855747
65.5,115.75,-83.15170457549533
66.25,115.75,-83.38364090280355
67.0,115.75,-83.81543702744571
67.75,115.75,-83.71939974930936
68.5,115.75,-83.6940934552437
69.25,115.75,-81.77195380269102
70.0,115.75,-81.31900888917356
70.75,115.75,-80.90397580290967
71.5,115.75,-80.30450468796953
72.25,115.75,-80.01052054248105
73.0,115.75,-79.69259162787475
73.75,115.75,-81.20141708795795
74.5,115.75,-81.13675540031926
75.25,115.75,-81.4091494518323
76.0,115.75,-80.9439021558155
76.75,115.75,-80.34225129750833
77.5,115.75,-82.52454999930475
78.25,115.75,-87.53924796583975
79.0,115.75,-89.27152744588189
79.75,115.75,-88.84011988424969
80.5,115.75,-87.6539691016229
81.25,115.75,-86.7445648576863
82.0,115.75,-86.9776810015116
82.75,115.75,-87.24973472543394
83.5,115.75,-87.43716238292379
84.25,115.75,-87.5869802664736
85.0,115.75,-87.85028647818183
85.75,115.75,-88.0631772102749
86.5,115.75,-89.30731192810636
87.25,115.75,-91.40610328638499
88.0,115.75,-91.53898635477583
88.75,115.75,
89.5,115.75,
90.25,115.75,
91.0,115.75,
91.75,115.75,
92.5,115.75,
93.25,115.75,
94.0,115.75,
94.75,115.75,
95.5,115.75,
96.25,115.75,
97.0,115.75,
97.75,115.75,
98.5,115.75,
99.25,115.75,
100.0,115.75,
100.75,115.75,
101.5,115.75,
102.25,115.75,
103.0,115.75,
103.75,115.75,
104.5,115.75,
105.25,115.75,
106.0,115.75,
106.75,115.75,
107.5,115.75,
108.25,115.75,
109.0,115.75,
109.75,115.75,
110.5,115.75,
111.25,115.75,
112.0,115.75,
112.75,115.75,
113.5,115.75,
114.25,115.75,
115.0,115.75,
115.75,115.75,
116.5,115.75,
117.25,115.75,
118.0,115.75,
118.75,115.75,
119.5,115.75,
120.25,115.75,
121.0,115.75,
121.75,115.75,
122.5,115.75,
123.25,115.75,
124.0,115.75,
124.75,115.75,
125.5,115.75,
126.25,115.75,
127.0,115.75,
127.75,115.75,
128.5,115.75,
129.25,115.75,
130.0,115.75,
130.75,115.75,
131.5,115.75,
132.25,115.75,
133.0,115.75,
133.75,115.75,
134.5,115.75,
135.25,115.75,
136.0,115.75,
136.75,115.75,
137.5,115.75,
138.25,115.75,
139.0,115.75,
139.75,115.75,
140.5,115.75,
141.25,115.75,
142.0,115.75,-93.58179959100204
142.75,115.75,-92.55072338246259
143.5,115.75,-90.65203950811545
144.25,115.75,-90.99053040439959
145.0,115.75,-91.30242238500752
145.75,115.75,-91.60455697897807
146.5,115.75,-92.29158598099401
147.25,115.75,-91.92514359595397
148.0,115.75,-89.33648224331876
148.75,115.75,-87.70741753224705
149.5,115.75,-87.11210545410562
150.25,115.75,-85.53355092034106
151.0,115.75,-85.24918534948551
151.75,115.75,-85.53355092034106
152.5,115.75,-87.9328820463308
153.25,115.75,-88.59256919109605
154.0,115.75,-90.61127795354071
154.75,115.75,-93.52647343918204
155.5,115.75,-93.76871515815849
156.25,115.75,-93.04764914667636
157.0,115.75,-92.58368730500308
157.75,115.75,-91.21178520191295
158.5,115.75,-91.32971115688956
159.25,115.75,-90.31124860804957
160.0,115.75,-89.44406831443499
160.75,115.75,-89.18034322179555
161.5,115.75,-88.94752995728234
162.25,115.75,-89.36081533307853
163.0,115.75,-89.53618577550557
163.75,115.75,-88.95151987915648
164.5,115.75,-88.73902748447566
165.25,115.75,-88.36725724717185
166.0,115.75,-87.66326748075373
166.75,115.75,-85.96596305189588
167.5,115.75,-83.50164832059892
168.25,115.75,-80.94116596112964
169.0,115.75,-79.781424100543
169.75,115.75,-80.33326792897087
170.5,115.75,-81.6016839286785
171.25,115.75,-82.3015441290389
172.0,115.75,-83.32196747312737
172.75,115.75,-81.54347826086958
173.5,115.75,-81.93576826196474
174.25,115.75,-82.21428571428571
175.0,115.75,
175.75,115.75,
176.5,115.75,
177.25,115.75,
178.0,115.75,
178.75,115.75,
179.5,115.75,
180.25,115.75,
181.0,115.75,
181.75,115.75,
182.5,115.75,
183.25,115.75,
184.0,115.75,
184.75,115.75,
185.5,115.75,
186.25,115.75,
187.0,115.75,
187.75,115.75,
188.5,115.75,
189.25,115.75,
190.0,115.75,
190.75,115.75,
191.5,115.75,
192.25,115.75,
193.0,115.75,
193.75,115.75,
194.5,115.75,
195.25,115.75,
196.0,115.75,
196.75,115.75,
197.5,115.75,
198.25,115.75,
199.0,115.75,
199.75,115.75,
200.5,115.75,
201.25,115.75,
202.0,115.75,
202.75,115.75,
203.5,115.75,
204.25,115.75,
205.0,115.75,
205.75,115.75,
206.5,115.75,
207.25,115.75,
208.0,115.75,
208.75,115.75,
209.5,115.75,
210.25,115.75,
211.0,115.75,
211.75,115.75,
212.5,115.75,
213.25,115.75,
214.0,115.75,
214.75,115.75,
215.5,115.75,
216.25,115.75,
217.0,115.75,
217.75,115.75,
218.5,115.75,
219.25,115.75,
31.0,116.5,
31.75,116.5,
32.5,116.5,
33.25,116.5,-90.15330960342287
34.0,116.5,-89.98655555408813
34.75,116.5,-89.75439848120658
35.5,116.5,-89.50039878768544
36.25,116.5,-89.0265607536615
37.0,116.5,-88.58814105812054
37.75,116.5,-87.78302243730236
38.5,116.5,-87.39658642469932
39.25,116.5,-87.348930683883
40.0,116.5,-87.9396283295163
40.75,116.5,-89.12154138163038
41.5,116.5,-88.38745387453875
42.25,116.5,-85.56739167070937
43.0,116.5,-83.9017328825021
43.75,116.5,-85.08967168717015
44.5,116.5,-85.36123723041997
45.25,116.5,-85.13546565395494
46.0,116.5,-84.7106043220501
46.75,116.5,-83.77838850514092
47.5,116.5,-83.70632089605478
48.25,116.5,-85.1299409922632
49.0,116.5,-85.39228497985793
49.75,116.5,-85.47344045476513
50.5,116.5,-84.74200251025556
51.25,116.5,-83.94314564153335
52.0,116.5,-83.23071800956964
52.75,116.5,-83.16577896254645
53.5,116.5,-83.89778413152251
54.25,116.5,-83.6353919239905
55.0,116.5,
55.75,116.5,
56.5,116.5,
57.25,116.5,-89.0
58.0,116.5,-89.0
58.75,116.5,-89.00000000000001
59.5,116.5,-87.3764618064195
60.25,116.5,-87.04585359823238
61.0,116.5,-87.35881265806368
61.75,116.5,-87.76887519043393
62.5,116.5,-88.29205607476636
63.25,116.5,-88.16356635588389
64.0,116.5,-85.1155764652534
64.75,116.5,-81.33296908819989
65.5,116.5,-81.3111717286866
66.25,116.5,-82.53718445471283
67.0,116.5,-83.4299043696499
67.75,116.5,-84.01340832300329
68.5,116.5,-83.80000255398345
69.25,116.5,-82.2030931089614
70.0,116.5,-81.99770885527177
70.75,116.5,-81.93586437189711
71.5,116.5,-80.22971435793731
72.25,116.5,-79.97177844064586
73.0,116.5,-79.68550458749473
73.75,116.5,-81.81895029823806
74.5,116.5,-82.19529331875862
75.25,116.5,-82.44064599356012
76.0,116.5,-82.67293800399699
76.75,116.5,-83.71445159906762
77.5,116.5,-85.96221941734325
78.25,116.5,-89.39333519649482
79.0,116.5,-91.05159917803608
79.75,116.5,-89.9122072259641
80.5,116.5,-88.72201857717357
81.25,116.5,-87.53686547634992
82.0,116.5,-87.28183348176448
82.75,116.5,-87.28270189752972
83.5,116.5,-87.61046553642919
84.25,116.5,-87.80199344534117
85.0,116.5,-88.27390054751288
85.75,116.5,-88.5305859104451
86.5,116.5,-90.1556603773585
87.25,116.5,-91.30952380952381
88.0,116.5,
88.75,116.5,
89.5,116.5,
90.25,116.5,
91.0,116.5,
91.75,116.5,
92.5,116.5,
93.25,116.5,
94.0,116.5,
94.75,116.5,
95.5,116.5,
96.25,116.5,
97.0,116.5,
97.75,116.5,
98.5,116.5,
99.25,116.5,
100.0,116.5,
100.75,116.5,
101.5,116.5,
102.25,116.5,
103.0,116.5,
103.75,116.5,
104.5,116.5,
105.25,116.5,
106.0,116.5,
106.75,116.5,
107.5,116.5,
108.25,116.5,
109.0,116.5,
109.75,116.5,
110.5,116.5,
111.25,116.5,
112.0,116.5,
112.75,116.5,
113.5,116.5,
114.25,116.5,
115.0,116.5,
115.75,116.5,
116.5,116.5,
117.25,116.5,
118.0,116.5,
118.75,116.5,
119.5,116.5,
120.25,116.5,
121.0,116.5,
121.75,116.5,
122.5,116.5,
123.25,116.5,
124.0,116.5,
124.75,116.5,
125.5,116.5,
126.25,116.5,
127.0,116.5,
127.75,116.5,
128.5,116.5,
129.25,116.5,
130.0,116.5,
130.75,116.5,
131.5,116.5,
132.25,116.5,
133.0,116.5,
133.75,116.5,
134.5,116.5,
135.25,116.5,
136.0,116.5,
136.75,116.5,
137.5,116.5,
138.25,116.5,
139.0,116.5,
139.75,116.5,
140.5,116.5,
141.25,116.5,-91.717684021544
142.0,116.5,-92.193656561715
142.75,116.5,-92.31437457139764
143.5,116.5,-89.88116989408134
144.25,116.5,-90.08775406132787
145.0,116.5,-90.9627451215901
145.75,116.5,-91.0625791660946
146.5,116.5,-90.65947661614197
147.25,116.5,-89.60781139113263
148.0,116.5,-87.061059602649
148.75,116.5,-84.00356053721958
149.5,116.5,-84.2871644183251
150.25,116.5,-85.03357804729015
151.0,116.5,-85.02023988005998
151.75,116.5,-84.30092315870425
152.5,116.5,-83.82199419295236
153.25,116.5,-84.0809445539896
154.0,116.5,-88.2874787052811
154.75,116.5,-91.02394387559706
155.5,116.5,-91.35004983802642
156.25,116.5,-91.27147789977705
157.0,116.5,-91.13164272774192
157.75,116.5,-90.76362275055243
158.5,116.5,-90.89999775813945
159.25,116.5,-89.86466127238951
160.0,116.5,-89.0305019180838
160.75,116.5,-88.61467113183272
161.5,116.5,-88.99201631809203
162.25,116.5,-89.73835688886415
163.0,116.5,-90.18818722363852
163.75,116.5,-89.44691962889311
164.5,116.5,-88.87719231355806
165.25,116.5,-88.85552388772594
166.0,116.5,-88.22036461570335
166.75,116.5,-87.0323030703221
167.5,116.5,-84.72636864310842
168.25,116.5,-82.72176485742358
169.0,116.5,-81.31528395183605
169.75,116.5,-81.4719641916569
170.5,116.5,-82.19845179451092
171.25,116.5,-82.31063937007875
172.0,116.5,-80.85294117647058
172.75,116.5,-81.30100755667507
173.5,116.5,
174.25,116.5,
175.0,116.5,
175.75,116.5,
176.5,116.5,
177.25,116.5,
178.0,116.5,
178.75,116.5,
179.5,116.5,
180.25,116.5,
181.0,116.5,
181.75,116.5,
182.5,116.5,
183.25,116.5,
184.0,116.5,
184.75,116.5,
185.5,116.5,
186.25,116.5,
187.0,116.5,
187.75,116.5,
188.5,116.5,
189.25,116.5,
190.0,116.5,
190.75,116.5,
191.5,116.5,
192.25,116.5,
193.0,116.5,
193.75,116.5,
194.5,116.5,
195.25,116.5,
196.0,116.5,
196.75,116.5,
197.5,116.5,
198.25,116.5,
199.0,116.5,
199.75,116.5,
200.5,116.5,
201.25,116.5,
202.0,116.5,
202.75,116.5,
203.5,116.5,
204.25,116.5,
205.0,116.5,
205.75,116.5,
206.5,116.5,
207.25,116.5,
208.0,116.5,
208.75,116.5,
209.5,116.5,
210.25,116.5,
211.0,116.5,
211.75,116.5,
212.5,116.5,
213.25,116.5,
214.0,116.5,
214.75,116.5,
215.5,116.5,
216.25,116.5,
217.0,116.5,
217.75,116.5,
218.5,116.5,
219.25,116.5,
31.0,117.25,
31.75,117.25,
32.5,117.25,
33.25,117.25,-89.53831417624521
34.0,117.25,-88.9799299566622
34.75,117.25,-88.83157894736841
35.5,117.25,-88.72320970507195
36.25,117.25,-88.49533601733204
37.0,117.25,-88.1895504438061
37.75,117.25,-87.61573901883186
38.5,117.25,-87.21854688397262
39.25,117.25,-87.08438535815412
40.0,117.25,-87.95658626963032
40.75,117.25,-89.53788179293932
41.5,117.25,-88.6751571691468
42.25,117.25,-84.93884432777944
43.0,117.25,-83.15292544203966
43.75,117.25,-84.2522698072368
44.5,117.25,-84.59309372560377
45.25,117.25,-84.51483326115202
46.0,117.25,-84.10693682111128
46.75,117.25,-83.73974360754374
47.5,117.25,-83.56379494519048
48.25,117.25,-84.17777669212511
49.0,117.25,-84.38741769601411
49.75,117.25,-84.29186523701367
50.5,117.25,-84.19438567686005
51.25,117.25,-83.8797608662357
52.0,117.25,-83.16152389207656
52.75,117.25,-84.62705434992772
53.5,117.25,-84.36901763224182
54.25,117.25,-84.07551020408164
55.0,117.25,
55.75,117.25,
56.5,117.25,
57.25,117.25,
58.0,117.25,-89.0
58.75,117.25,-89.0
59.5,117.25,-86.63838098354037
60.25,117.25,-86.84747226061836
61.0,117.25,-87.14295743575838
61.75,117.25,-87.62136384864377
62.5,117.25,-88.42610594383818
63.25,117.25,-88.5509581306551
64.0,117.25,-84.71530092351756
64.75,117.25,-80.6057434343803
65.5,117.25,-80.91970300925226
66.25,117.25,-82.32117003059784
67.0,117.25,-83.14814862536261
67.75,117.25,-83.61404561877515
68.5,117.25,-83.86892100765677
69.25,117.25,-82.70559880206363
70.0,117.25,-82.5355391187176
70.75,117.25,-82.04999168191648
71.5,117.25,-79.99701419089544
72.25,117.25,-77.97337261787662
73.0,117.25,-77.9075276956758
73.75,117.25,-81.58959491633004
74.5,117.25,-81.96382986898519
75.25,117.25,-83.43827769263531
76.0,117.25,-84.1159234849307
76.75,117.25,-85.09699883762859
77.5,117.25,-88.01151552590653
78.25,117.25,-90.34352631142129
79.0,117.25,-91.78042477737348
79.75,117.25,-90.28540421841623
80.5,117.25,-88.33201483958598
81.25,117.25,-88.1540580436654
82.0,117.25,-88.0639197150741
82.75,117.25,-88.22007496515178
83.5,117.25,-88.54687451776937
84.25,117.25,-88.80813694861862
85.0,117.25,-88.22575417553625
85.75,117.25,-88.2151161311659
86.5,117.25,-88.29625539577391
87.25,117.25,
88.0,117.25,
88.75,117.25,
89.5,117.25,
90.25,117.25,
91.0,117.25,
91.75,117.25,
92.5,117.25,
93.25,117.25,
94.0,117.25,
94.75,117.25,
95.5,117.25,
96.25,117.25,
97.0,117.25,
97.75,117.25,
98.5,117.25,
99.25,117.25,
100.0,117.25,
100.75,117.25,
101.5,117.25,
102.25,117.25,
103.0,117.25,
103.75,117.25,
104.5,117.25,
105.25,117.25,
106.0,117.25,
106.75,117.25,
107.5,117.25,
108.25,117.25,
109.0,117.25,
109.75,117.25,
110.5,117.25,
111.25,117.25,
112.0,117.25,
112.75,117.25,
113.5,117.25,
114.25,117.25,
115.0,117.25,
115.75,117.25,
116.5,117.25,
117.25,117.25,
118.0,117.25,
118.75,117.25,
119.5,117.25,
120.25,117.25,
121.0,117.25,
121.75,117.25,
122.5,117.25,
123.25,117.25,
124.0,117.25,
124.75,117.25,
125.5,117.25,
126.25,117.25,
127.0,117.25,
127.75,117.25,
128.5,117.25,
129.25,117.25,
130.0,117.25,
130.75,117.25,
131.5,117.25,
132.25,117.25,
133.0,117.25,
133.75,117.25,
134.5,117.25,
135.25,117.25,
136.0,117.25,
136.75,117.25,
137.5,117.25,
138.25,117.25,
139.0,117.25,
139.75,117.25,
140.5,117.25,
141.25,117.25,
142.0,117.25,-91.54134132306378
142.75,117.25,-90.65234405628182
143.5,117.25,-89.79807076284028
144.25,117.25,-90.1569111164809
145.0,117.25,-90.32577639636956
145.75,117.25,-90.43787267347732
146.5,117.25,-90.18409483505218
147.25,117.25,-89.18638528035774
148.0,117.25,-86.67688830016746
148.75,117.25,-82.93349368875123
149.5,117.25,-83.62060242055834
150.25,117.25,-85.0979707783319
151.0,117.25,-84.65955433999461
151.75,117.25,-83.85640458606318
152.5,117.25,-83.02735255310753
153.25,117.25,-82.88379335727929
154.0,117.25,-87.5728833204548
154.75,117.25,-91.08780327595795
155.5,117.25,-91.08027037816134
156.25,117.25,-90.5088097763601
157.0,117.25,-90.11410479541668
157.75,117.25,-89.63379724402374
158.5,117.25,-89.7788593779869
159.25,117.25,-87.74227341531399
160.0,117.25,-87.35695484576358
160.75,117.25,-87.85383901145872
161.5,117.25,-88.42917434841944
162.25,117.25,-89.48840852497456
163.0,117.25,-90.36384636382766
163.75,117.25,-89.40923428592694
164.5,117.25,-88.88520040526504
165.25,117.25,-88.915690140318
166.0,117.25,-88.43343675232376
166.75,117.25,-87.31103445561355
167.5,117.25,-85.72442606879527
168.25,117.25,-83.65458180767008
169.0,117.25,-81.396449704142
169.75,117.25,-80.99115044247787
170.5,117.25,-80.94352159468438
171.25,117.25,
172.0,117.25,
172.75,117.25,
173.5,117.25,
174.25,117.25,
175.0,117.25,
175.75,117.25,
176.5,117.25,
177.25,117.25,
178.0,117.25,
178.75,117.25,
179.5,117.25,
180.25,117.25,
181.0,117.25,
181.75,117.25,
182.5,117.25,
183.25,117.25,
184.0,117.25,
184.75,117.25,
185.5,117.25,
186.25,117.25,
187.0,117.25,
187.75,117.25,
188.5,117.25,
189.25,117.25,
190.0,117.25,
190.75,117.25,
191.5,117.25,
192.25,117.25,
193.0,117.25,
193.75,117.25,
194.5,117.25,
195.25,117.25,
196.0,117.25,
196.75,117.25,
197.5,117.25,
198.25,117.25,
199.0,117.25,
199.75,117.25,
200.5,117.25,
201.25,117.25,
202.0,117.25,
202.75,117.25,
203.5,117.25,
204.25,117.25,
205.0,117.25,
205.75,117.25,
206.5,117.25,
207.25,117.25,
208.0,117.25,
208.75,117.25,
209.5,117.25,
210.25,117.25,
211.0,117.25,
211.75,117.25,
212.5,117.25,
213.25,117.25,
214.0,117.25,
214.75,117.25,
215.5,117.25,
216.25,117.25,
217.0,117.25,
217.75,117.25,
218.5,117.25,
219.25,117.25,
31.0,118.0,
31.75,118.0,
32.5,118.0,
33.25,118.0,
34.0,118.0,-88.81395348837208
34.75,118.0,-88.6569994846451
35.5,118.0,-88.60618485373517
36.25,118.0,-88.41363063270884
37.0,118.0,-88.17867555185339
37.75,118.0,-87.629987497774
38.5,118.0,-87.18488779081736
39.25,118.0,-87.29669995625645
40.0,118.0,-87.66666666666664
40.75,118.0,-87.92986521601779
41.5,118.0,-87.17638540258737
42.25,118.0,-84.88961458229862
43.0,118.0,-83.6785714285714
43.75,118.0,-83.75720174828649
44.5,118.0,-83.56334172142225
45.25,118.0,-83.60725135160051
46.0,118.0,-82.8611111111111
46.75,118.0,-81.64949274261528
47.5,118.0,-81.87015596880624
48.25,118.0,-82.64152544082847
49.0,118.0,-83.48420780117362
49.75,118.0,-84.10441148856785
50.5,118.0,-83.68479657519414
51.25,118.0,-83.6332148324433
52.0,118.0,-83.48633257403188
52.75,118.0,-83.74420065054106
53.5,118.0,-84.71487603305785
54.25,118.0,
55.0,118.0,
55.75,118.0,
56.5,118.0,
57.25,118.0,
58.0,118.0,-88.99999999999999
58.75,118.0,-89.00000000000001
59.5,118.0,-86.42669459253617
60.25,118.0,-86.57064024553452
61.0,118.0,-86.7637614678899
61.75,118.0,-87.02809820141157
62.5,118.0,-87.25946453513008
63.25,118.0,-86.63270326421386
64.0,118.0,-84.30740884406516
64.75,118.0,-82.69966226164547
65.5,118.0,-82.50108240729104
66.25,118.0,-82.93396577760385
67.0,118.0,-83.45072405470634
67.75,118.0,-83.81827466039502
68.5,118.0,-83.59021470477344
69.25,118.0,-82.98233475380981
70.0,118.0,-82.31997371879105
70.75,118.0,-82.8078353466271
71.5,118.0,-83.0995575221239
72.25,118.0,-77.92678827487516
73.0,118.0,-77.87349397590363
73.75,118.0,-80.86113084469883
74.5,118.0,-82.63148905017512
75.25,118.0,-83.44493342024235
76.0,118.0,-84.86044734648515
76.75,118.0,-87.06914135686571
77.5,118.0,-88.20928206188954
78.25,118.0,-89.43524111663983
79.0,118.0,-89.92516629711753
79.75,118.0,-88.83334598763734
80.5,118.0,-87.65303592286729
81.25,118.0,-87.00784003846752
82.0,118.0,-87.59302325581396
82.75,118.0,-88.349657660742
83.5,118.0,-88.81411352376192
84.25,118.0,-88.72240961007418
85.0,118.0,-88.86299267832872
85.75,118.0,-88.9150307552339
86.5,118.0,-89.16666666666666
87.25,118.0,
88.0,118.0,
88.75,118.0,
89.5,118.0,
90.25,118.0,
91.0,118.0,
91.75,118.0,
92.5,118.0,
93.25,118.0,
94.0,118.0,
94.75,118.0,
95.5,118.0,
96.25,118.0,
97.0,118.0,
97.75,118.0,
98.5,118.0,
99.25,118.0,
100.0,118.0,
100.75,118.0,
101.5,118.0,
102.25,118.0,
103.0,118.0,
103.75,118.0,
104.5,118.0,
105.25,118.0,
106.0,118.0,
106.75,118.0,
107.5,118.0,
108.25,118.0,
109.0,118.0,
109.75,118.0,
110.5,118.0,
111.25,118.0,
112.0,118.0,
112.75,118.0,
113.5,118.0,
114.25,118.0,
115.0,118.0,
115.75,118.0,
116.5,118.0,
117.25,118.0,
118.0,118.0,
118.75,118.0,
119.5,118.0,
120.25,118.0,
121.0,118.0,
121.75,118.0,
122.5,118.0,
123.25,118.0,
124.0,118.0,
124.75,118.0,
125.5,118.0,
126.25,118.0,
127.0,118.0,
127.75,118.0,
128.5,118.0,
129.25,118.0,
130.0,118.0,
130.75,118.0,
131.5,118.0,
132.25,118.0,
133.0,118.0,
133.75,118.0,
134.5,118.0,
135.25,118.0,
136.0,118.0,
136.75,118.0,
137.5,118.0,
138.25,118.0,
139.0,118.0,
139.75,118.0,
140.5,118.0,-89.74173553719008
141.25,118.0,-90.61274900202947
142.0,118.0,-90.13041002277903
142.75,118.0,-90.1906830202741
143.5,118.0,-90.29337099681113
144.25,118.0,-89.96032334285992
145.0,118.0,-90.19666896789784
145.75,118.0,-90.58899359779585
146.5,118.0,-91.02816436712656
147.25,118.0,-90.71169134445546
148.0,118.0,-89.11111111111111
148.75,118.0,-87.74128534283315
149.5,118.0,-87.46883716212787
150.25,118.0,-85.9194800311324
151.0,118.0,-85.4186046511628
151.75,118.0,-84.52004593639874
152.5,118.0,-84.35995295059811
153.25,118.0,-84.66053953466688
154.0,118.0,-87.18181818181819
154.75,118.0,-89.90870446078304
155.5,118.0,-90.28428982495404
156.25,118.0,-89.97045503475154
157.0,118.0,-89.52115987460814
157.75,118.0,-89.01219651527938
158.5,118.0,-88.43570618953163
159.25,118.0,-87.20774576784571
160.0,118.0,-87.07604562737642
160.75,118.0,-87.26893289962626
161.5,118.0,-87.57918504210552
162.25,118.0,-87.97342457315312
163.0,118.0,-88.15062776777458
163.75,118.0,-88.25587786975635
164.5,118.0,-88.39764079147642
165.25,118.0,-88.4393902936807
166.0,118.0,-88.04782270606532
166.75,118.0,-87.5326970524183
167.5,118.0,-86.49074399531342
168.25,118.0,-84.79342274820443
169.0,118.0,-82.46153846153845
169.75,118.0,-81.88679245283019
170.5,118.0,-81.6470588235294
171.25,118.0,
172.0,118.0,
172.75,118.0,
173.5,118.0,
174.25,118.0,
175.0,118.0,
175.75,118.0,
176.5,118.0,
177.25,118.0,
178.0,118.0,
178.75,118.0,
179.5,118.0,
180.25,118.0,
181.0,118.0,
181.75,118.0,
182.5,118.0,
183.25,118.0,
184.0,118.0,
184.75,118.0,
185.5,118.0,
186.25,118.0,
187.0,118.0,
187.75,118.0,
188.5,118.0,
189.25,118.0,
190.0,118.0,
190.75,118.0,
191.5,118.0,
192.25,118.0,
193.0,118.0,
193.75,118.0,
194.5,118.0,
195.25,118.0,
196.0,118.0,
196.75,118.0,
197.5,118.0,
198.25,118.0,
199.0,118.0,
199.75,118.0,
200.5,118.0,
201.25,118.0,
202.0,118.0,
202.75,118.0,
203.5,118.0,
204.25,118.0,
205.0,118.0,
205.75,118.0,
206.5,118.0,
207.25,118.0,
208.0,118.0,
208.75,118.0,
209.5,118.0,
210.25,118.0,
211.0,118.0,
211.75,118.0,
212.5,118.0,
213.25,118.0,
214.0,118.0,
214.75,118.0,
215.5,118.0,
216.25,118.0,
217.0,118.0,
217.75,118.0,
218.5,118.0,
219.25,118.0,
31.0,118.75,
31.75,118.75,
32.5,118.75,
33.25,118.75,
34.0,118.75,
34.75,118.75,-87.39671361502349
35.5,118.75,-88.55490596631348
36.25,118.75,-88.4061614804619
37.0,118.75,-88.24657416374943
37.75,118.75,-87.12910555345795
38.5,118.75,-87.18185615806806
39.25,118.75,-87.29208346683554
40.0,118.75,-87.46901173068132
40.75,118.75,-87.84178531091575
41.5,118.75,-87.27264524277686
42.25,118.75,-84.27062399261906
43.0,118.75,-82.21199475697979
43.75,118.75,-83.0664529692835
44.5,118.75,-83.65635501076663
45.25,118.75,-83.87534435261708
46.0,118.75,-82.6890607528886
46.75,118.75,-80.4125742013389
47.5,118.75,-80.67636748312873
48.25,118.75,-82.17918869960225
49.0,118.75,-83.13480601620621
49.75,118.75,-83.72434636428918
50.5,118.75,-84.08797664842406
51.25,118.75,-83.41525529178492
52.0,118.75,-84.46316276353357
52.75,118.75,-85.94897959183672
53.5,118.75,
54.25,118.75,
55.0,118.75,
55.75,118.75,
56.5,118.75,
57.25,118.75,
58.0,118.75,
58.75,118.75,-89.00000000000001
59.5,118.75,-86.18549243460436
60.25,118.75,-86.24303308628244
61.0,118.75,-86.28666091475526
61.75,118.75,-86.34262688529137
62.5,118.75,-86.08120959456619
63.25,118.75,-85.0205534087914
64.0,118.75,-83.79110339938377
64.75,118.75,-83.0688862147518
65.5,118.75,-83.104890646514
66.25,118.75,-83.481632423234
67.0,118.75,-83.96595070059465
67.75,118.75,-83.97494424503915
68.5,118.75,-83.97489534429013
69.25,118.75,-83.35259680031933
70.0,118.75,-83.1543498485211
70.75,118.75,-83.70113400598767
71.5,118.75,-83.95103092783505
72.25,118.75,-83.31415094339623
73.0,118.75,-78.21435643564357
73.75,118.75,-81.31883354679059
74.5,118.75,-83.14425976774498
75.25,118.75,-84.5631431136484
76.0,118.75,-86.0067738829277
76.75,118.75,-87.46425775644562
77.5,118.75,-88.10738433186054
78.25,118.75,-88.60030398380188
79.0,118.75,-88.5309728536133
79.75,118.75,-88.10158533032123
80.5,118.75,-85.9563811235265
81.25,118.75,-85.39946534411229
82.0,118.75,-87.1138685565649
82.75,118.75,-88.53024590888622
83.5,118.75,-89.21077011819371
84.25,118.75,-89.44667780525411
85.0,118.75,-89.2655868183991
85.75,118.75,-89.65650143193963
86.5,118.75,-89.61352546508083
87.25,118.75,
88.0,118.75,
88.75,118.75,
89.5,118.75,
90.25,118.75,
91.0,118.75,
91.75,118.75,
92.5,118.75,
93.25,118.75,
94.0,118.75,
94.75,118.75,
95.5,118.75,
96.25,118.75,
97.0,118.75,
97.75,118.75,
98.5,118.75,
99.25,118.75,
100.0,118.75,
100.75,118.75,
101.5,118.75,
102.25,118.75,
103.0,118.75,
103.75,118.75,
104.5,118.75,
105.25,118.75,
106.0,118.75,
106.75,118.75,
107.5,118.75,
108.25,118.75,
109.0,118.75,
109.75,118.75,
110.5,118.75,
111.25,118.75,
112.0,118.75,
112.75,118.75,
113.5,118.75,
114.25,118.75,
115.0,118.75,
115.75,118.75,
116.5,118.75,
117.25,118.75,
118.0,118.75,
118.75,118.75,
119.5,118.75,
120.25,118.75,
121.0,118.75,
121.75,118.75,
122.5,118.75,
123.25,118.75,
124.0,118.75,
124.75,118.75,
125.5,118.75,
126.25,118.75,
127.0,118.75,
127.75,118.75,
128.5,118.75,
129.25,118.75,
130.0,118.75,
130.75,118.75,
131.5,118.75,
132.25,118.75,
133.0,118.75,
133.75,118.75,
134.5,118.75,
135.25,118.75,
136.0,118.75,
136.75,118.75,
137.5,118.75,
138.25,118.75,
139.0,118.75,
139.75,118.75,-89.76632653061223
140.5,118.75,-89.75503778337533
141.25,118.75,-90.20686864745934
142.0,118.75,-89.49022825450565
142.75,118.75,-89.94242464835021
143.5,118.75,-89.97427606362916
144.25,118.75,-90.07382611707446
145.0,118.75,-90.52072735598743
145.75,118.75,-90.51345534173039
146.5,118.75,-92.07471972063145
147.25,118.75,-92.50655163407215
148.0,118.75,-90.57246943118562
148.75,118.75,-91.4207005116096
149.5,118.75,-90.4942399414419
150.25,118.75,-87.0505985764165
151.0,118.75,-85.97677009028308
151.75,118.75,-85.49115726355353
152.5,118.75,-83.87864580349037
153.25,118.75,-83.60301812259605
154.0,118.75,-87.21398990703439
154.75,118.75,-90.92153731341232
155.5,118.75,-90.62930232557164
156.25,118.75,-89.23323859672301
157.0,118.75,-89.07232014503737
157.75,118.75,-87.58668532226616
158.5,118.75,-86.89325898023486
159.25,118.75,-86.18530085543077
160.0,118.75,-85.61631828426445
160.75,118.75,-85.99195086155362
161.5,118.75,-86.70888587603068
162.25,118.75,-86.6830896487682
163.0,118.75,-86.13430204875063
163.75,118.75,-86.96562071523354
164.5,118.75,-87.8029299803401
165.25,118.75,-87.94396074348201
166.0,118.75,-87.75512191523913
166.75,118.75,-87.63210008852457
167.5,118.75,-86.94429769034683
168.25,118.75,-86.17302518106798
169.0,118.75,-83.24528301886792
169.75,118.75,-82.63354037267082
170.5,118.75,-82.28715365239294
171.25,118.75,
172.0,118.75,
172.75,118.75,
173.5,118.75,
174.25,118.75,
175.0,118.75,
175.75,118.75,
176.5,118.75,
177.25,118.75,
178.0,118.75,
178.75,118.75,
179.5,118.75,
180.25,118.75,
181.0,118.75,
181.75,118.75,
182.5,118.75,
183.25,118.75,
184.0,118.75,
184.75,118.75,
185.5,118.75,
186.25,118.75,
187.0,118.75,
187.75,118.75,
188.5,118.75,
189.25,118.75,
190.0,118.75,
190.75,118.75,
191.5,118.75,
192.25,118.75,
193.0,118.75,
193.75,118.75,
194.5,118.75,
195.25,118.75,
196.0,118.75,
196.75,118.75,
197.5,118.75,
198.25,118.75,
199.0,118.75,
199.75,118.75,
200.5,118.75,
201.25,118.75,
202.0,118.75,
202.75,118.75,
203.5,118.75,
204.25,118.75,
205.0,118.75,
205.75,118.75,
206.5,118.75,
207.25,118.75,
208.0,118.75,
208.75,118.75,
209.5,118.75,
210.25,118.75,
211.0,118.75,
211.75,118.75,
212.5,118.75,
213.25,118.75,
214.0,118.75,
214.75,118.75,
215.5,118.75,
216.25,118.75,
217.0,118.75,
217.75,118.75,
218.5,118.75,
219.25,118.75,
31.0,119.5,
31.75,119.5,
32.5,119.5,
33.25,119.5,
34.0,119.5,
34.75,119.5,
35.5,119.5,-87.54039642981337
36.25,119.5,-87.98403458069237
37.0,119.5,-87.96871606506437
37.75,119.5,-87.34655018525463
38.5,119.5,-87.37516529185821
39.25,119.5,-87.10395358127067
40.0,119.5,-87.30704378265942
40.75,119.5,-87.6136548644052
41.5,119.5,-86.99695674520517
42.25,119.5,-84.56407996650218
43.0,119.5,-82.8757491010787
43.75,119.5,-83.44763090757444
44.5,119.5,-83.79825462012322
45.25,119.5,-83.78964853543671
46.0,119.5,-83.01513351041523
46.75,119.5,-81.30482043987774
47.5,119.5,-81.6675553246246
48.25,119.5,-83.03492960105075
49.0,119.5,-83.84648074934724
49.75,119.5,-83.69447049843606
50.5,119.5,-83.93960785472679
51.25,119.5,-85.43574085061431
52.0,119.5,-85.72860395176929
52.75,119.5,-85.93056230066585
53.5,119.5,
54.25,119.5,
55.0,119.5,
55.75,119.5,
56.5,119.5,
57.25,119.5,
58.0,119.5,
58.75,119.5,
59.5,119.5,-87.32734438391097
60.25,119.5,-85.92139982077363
61.0,119.5,-85.84554801997183
61.75,119.5,-85.82612187026548
62.5,119.5,-84.9971481650479
63.25,119.5,-84.40957465135347
64.0,119.5,-83.68382984818103
64.75,119.5,-83.20333625406742
65.5,119.5,-83.35120168297415
66.25,119.5,-84.1427881596219
67.0,119.5,-84.55617863339562
67.75,119.5,-84.53549546922115
68.5,119.5,-83.7900437842106
69.25,119.5,-83.22034213885149
70.0,119.5,-82.75247879945711
70.75,119.5,-82.78514079291166
71.5,119.5,-83.61363636363636
72.25,119.5,
73.0,119.5,
73.75,119.5,-84.41344294003869
74.5,119.5,-84.75
75.25,119.5,-87.04250510991086
76.0,119.5,-87.39284567876757
76.75,119.5,-87.81770839940268
77.5,119.5,-88.0553129464933
78.25,119.5,-88.75696331718993
79.0,119.5,-89.15538340397755
79.75,119.5,-88.26286865516535
80.5,119.5,-86.70116238231728
81.25,119.5,-86.2945135289933
82.0,119.5,-88.14326004711954
82.75,119.5,-89.54041815331463
83.5,119.5,-90.03699268240307
84.25,119.5,-90.35654813578513
85.0,119.5,-90.70979193040056
85.75,119.5,-90.83255163557571
86.5,119.5,-90.98015293992836
87.25,119.5,-92.34334240786639
88.0,119.5,
88.75,119.5,
89.5,119.5,
90.25,119.5,
91.0,119.5,
91.75,119.5,
92.5,119.5,
93.25,119.5,
94.0,119.5,
94.75,119.5,
95.5,119.5,
96.25,119.5,
97.0,119.5,
97.75,119.5,
98.5,119.5,
99.25,119.5,
100.0,119.5,
100.75,119.5,
101.5,119.5,
102.25,119.5,
103.0,119.5,
103.75,119.5,
104.5,119.5,
105.25,119.5,
106.0,119.5,
106.75,119.5,
107.5,119.5,
108.25,119.5,
109.0,119.5,
109.75,119.5,
110.5,119.5,
111.25,119.5,
112.0,119.5,
112.75,119.5,-94.62864077669903
113.5,119.5,-94.75
114.25,119.5,-94.88963963963964
115.0,119.5,-95.0241935483871
115.75,119.5,-95.13811188811188
116.5,119.5,-95.22619047619048
117.25,119.5,
118.0,119.5,
118.75,119.5,
119.5,119.5,
120.25,119.5,
121.0,119.5,
121.75,119.5,
122.5,119.5,
123.25,119.5,
124.0,119.5,
124.75,119.5,
125.5,119.5,
126.25,119.5,
127.0,119.5,
127.75,119.5,
128.5,119.5,
129.25,119.5,
130.0,119.5,
130.75,119.5,
131.5,119.5,
132.25,119.5,
133.0,119.5,
133.75,119.5,
134.5,119.5,
135.25,119.5,
136.0,119.5,
136.75,119.5,
137.5,119.5,
138.25,119.5,
139.0,119.5,-90.904
139.75,119.5,-90.42363481299456
140.5,119.5,-90.07764245120767
141.25,119.5,-89.11575553903302
142.0,119.5,-89.71169320980398
142.75,119.5,-88.65507871955371
143.5,119.5,-88.86214354519181
144.25,119.5,-89.623328177903
145.0,119.5,-89.73680301663296
145.75,119.5,-90.19239151489056
146.5,119.5,-91.19600589715152
147.25,119.5,-91.629191961214
148.0,119.5,-90.37606598629945
148.75,119.5,-90.97203313816028
149.5,119.5,-90.22279260780289
150.25,119.5,-87.30386920795688
151.0,119.5,-86.34878146224528
151.75,119.5,-85.76950004726156
152.5,119.5,-84.62782340862425
153.25,119.5,-84.35300005490812
154.0,119.5,-87.36580909955453
154.75,119.5,-90.29158448447576
155.5,119.5,-90.10452119031468
156.25,119.5,-88.60122568219745
157.0,119.5,-88.35164364464606
157.75,119.5,-86.73839775578563
158.5,119.5,-86.32828784623834
159.25,119.5,-84.86844780201797
160.0,119.5,-84.62172288152263
160.75,119.5,-85.151059010007
161.5,119.5,-85.90791050074324
162.25,119.5,-86.6152446010582
163.0,119.5,-86.47704486024361
163.75,119.5,-87.0989791940561
164.5,119.5,-87.6571384871931
165.25,119.5,-87.87748626273103
166.0,119.5,-87.62756747315115
166.75,119.5,-87.29462696407045
167.5,119.5,-87.25652257475534
168.25,119.5,-86.69169285015597
169.0,119.5,-83.76470588235296
169.75,119.5,-83.19395465994963
170.5,119.5,
171.25,119.5,
172.0,119.5,
172.75,119.5,
173.5,119.5,
174.25,119.5,
175.0,119.5,
175.75,119.5,
176.5,119.5,
177.25,119.5,
178.0,119.5,
178.75,119.5,
179.5,119.5,
180.25,119.5,
181.0,119.5,
181.75,119.5,
182.5,119.5,
183.25,119.5,
184.0,119.5,
184.75,119.5,
185.5,119.5,
186.25,119.5,
187.0,119.5,
187.75,119.5,
188.5,119.5,
189.25,119.5,
190.0,119.5,
190.75,119.5,
191.5,119.5,
192.25,119.5,
193.0,119.5,
193.75,119.5,
194.5,119.5,
195.25,119.5,
196.0,119.5,
196.75,119.5,
197.5,119.5,
198.25,119.5,
199.0,119.5,
199.75,119.5,
200.5,119.5,
201.25,119.5,
202.0,119.5,
202.75,119.5,
203.5,119.5,
204.25,119.5,
205.0,119.5,
205.75,119.5,
206.5,119.5,
207.25,119.5,
208.0,119.5,
208.75,119.5,
209.5,119.5,
210.25,119.5,
211.0,119.5,
211.75,119.5,
212.5,119.5,
213.25,119.5,
214.0,119.5,
214.75,119.5,
215.5,119.5,
216.25,119.5,
217.0,119.5,
217.75,119.5,
218.5,119.5,
219.25,119.5,
31.0,120.25,
31.75,120.25,
32.5,120.25,
33.25,120.25,
34.0,120.25,
34.75,120.25,
35.5,120.25,-87.41762013729976
36.25,120.25,-88.03351938664461
37.0,120.25,-88.03398284090254
37.75,120.25,-87.27533657983722
38.5,120.25,-87.27614356903176
39.25,120.25,-86.91730604616866
40.0,120.25,-86.9654095523743
40.75,120.25,-86.90389783831199
41.5,120.25,-86.27466744119755
42.25,120.25,-85.45632257970831
43.0,120.25,-85.51325979748106
43.75,120.25,-85.09832635983265
44.5,120.25,-84.1758579763056
45.25,120.25,-84.06395128824316
46.0,120.25,-84.4995519078673
46.75,120.25,-84.95709678630655
47.5,120.25,-84.82440004038615
48.25,120.25,-84.35301472854086
49.0,120.25,-84.21298953094171
49.75,120.25,-84.80946653201734
50.5,120.25,-84.72355781068131
51.25,120.25,-85.26987478089077
52.0,120.25,-83.56714628297364
52.75,120.25,-83.55128205128204
53.5,120.25,
54.25,120.25,
55.0,120.25,
55.75,120.25,
56.5,120.25,
57.25,120.25,
58.0,120.25,
58.75,120.25,
59.5,120.25,-86.49427917620137
60.25,120.25,-85.64865183250603
61.0,120.25,-85.50937142574777
61.75,120.25,-84.85578994415789
62.5,120.25,-84.57191632232175
63.25,120.25,-84.19390108042283
64.0,120.25,-83.83627226207543
64.75,120.25,-83.70663654696237
65.5,120.25,-84.1315034930547
66.25,120.25,-85.1996636373101
67.0,120.25,-86.22692092252547
67.75,120.25,-85.59092704853893
68.5,120.25,-84.26890867954927
69.25,120.25,-83.31611826861187
70.0,120.25,-82.68729484715155
70.75,120.25,-82.56378841870892
71.5,120.25,-82.13749918613851
72.25,120.25,-81.9056457947951
73.0,120.25,
73.75,120.25,
74.5,120.25,-85.08655705996132
75.25,120.25,-86.87700261654088
76.0,120.25,-87.26576475758745
76.75,120.25,-87.99622518911198
77.5,120.25,-88.68564761301079
78.25,120.25,-88.93337656901356
79.0,120.25,-89.62812219030708
79.75,120.25,-89.61396561862797
80.5,120.25,-89.93570719187413
81.25,120.25,-90.17492395903827
82.0,120.25,-90.18012142891224
82.75,120.25,-91.20831211138561
83.5,120.25,-91.3165467684803
84.25,120.25,-91.04971974120794
85.0,120.25,-90.97583638922193
85.75,120.25,-91.0692810709982
86.5,120.25,-91.22600539727365
87.25,120.25,-92.47393338787818
88.0,120.25,-92.66255772703771
88.75,120.25,
89.5,120.25,
90.25,120.25,
91.0,120.25,
91.75,120.25,
92.5,120.25,
93.25,120.25,
94.0,120.25,
94.75,120.25,
95.5,120.25,
96.25,120.25,
97.0,120.25,
97.75,120.25,
98.5,120.25,
99.25,120.25,
100.0,120.25,
100.75,120.25,
101.5,120.25,
102.25,120.25,
103.0,120.25,
103.75,120.25,
104.5,120.25,
105.25,120.25,
106.0,120.25,
106.75,120.25,
107.5,120.25,
108.25,120.25,
109.0,120.25,
109.75,120.25,
110.5,120.25,
111.25,120.25,
112.0,120.25,-94.61263736263737
112.75,120.25,-94.71511627906978
113.5,120.25,-94.85919540229885
114.25,120.25,-95.01595744680851
115.0,120.25,-95.15654205607477
115.75,120.25,-95.26587301587303
116.5,120.25,-95.34271523178809
117.25,120.25,
118.0,120.25,
118.75,120.25,
119.5,120.25,
120.25,120.25,
121.0,120.25,
121.75,120.25,
122.5,120.25,
123.25,120.25,
124.0,120.25,
124.75,120.25,
125.5,120.25,
126.25,120.25,
127.0,120.25,
127.75,120.25,
128.5,120.25,
129.25,120.25,
130.0,120.25,
130.75,120.25,
131.5,120.25,
132.25,120.25,
133.0,120.25,
133.75,120.25,
134.5,120.25,
135.25,120.25,
136.0,120.25,
136.75,120.25,
137.5,120.25,
138.25,120.25,-91.0
139.0,120.25,-90.94014962593515
139.75,120.25,-88.531066581432
140.5,120.25,-88.566752455765
141.25,120.25,-88.28881328179678
142.0,120.25,-88.35114962651572
142.75,120.25,-88.60743979430426
143.5,120.25,-88.82909507394103
144.25,120.25,-89.38879368437833
145.0,120.25,-89.35757475853447
145.75,120.25,-89.09084023416459
146.5,120.25,-88.20166433793742
147.25,120.25,-88.01328633837309
148.0,120.25,-89.2424480805538
148.75,120.25,-89.73164434651684
149.5,120.25,-89.35782660890031
150.25,120.25,-87.61277796996139
151.0,120.25,-86.64483080211575
151.75,120.25,-86.6721725730755
152.5,120.25,-87.36922600009405
153.25,120.25,-87.75034460794916
154.0,120.25,-88.97467209761822
154.75,120.25,-89.71288876230071
155.5,120.25,-89.1156926407937
156.25,120.25,-87.43626300980439
157.0,120.25,-86.38001017462061
157.75,120.25,-86.31213881135892
158.5,120.25,-85.34084364939007
159.25,120.25,-84.72530525210415
160.0,120.25,-83.98261176191137
160.75,120.25,-83.33803903075396
161.5,120.25,-84.51378283215597
162.25,120.25,-87.2921419315071
163.0,120.25,-88.87457174280752
163.75,120.25,-88.52150568403668
164.5,120.25,-88.06385839312951
165.25,120.25,-87.87795831767082
166.0,120.25,-87.8024967945043
166.75,120.25,-87.34069613175411
167.5,120.25,-87.50395390917618
168.25,120.25,-86.46406113330653
169.0,120.25,-84.09237875288682
169.75,120.25,-83.59183673469387
170.5,120.25,
171.25,120.25,
172.0,120.25,
172.75,120.25,
173.5,120.25,
174.25,120.25,
175.0,120.25,
175.75,120.25,
176.5,120.25,
177.25,120.25,
178.0,120.25,
178.75,120.25,
179.5,120.25,
180.25,120.25,
181.0,120.25,
181.75,120.25,
182.5,120.25,
183.25,120.25,
184.0,120.25,
184.75,120.25,
185.5,120.25,
186.25,120.25,
187.0,120.25,
187.75,120.25,
188.5,120.25,
189.25,120.25,
190.0,120.25,
190.75,120.25,
191.5,120.25,
192.25,120.25,
193.0,120.25,
193.75,120.25,
194.5,120.25,
195.25,120.25,
196.0,120.25,
196.75,120.25,
197.5,120.25,
198.25,120.25,
199.0,120.25,
199.75,120.25,
200.5,120.25,
201.25,120.25,
202.0,120.25,
202.75,120.25,
203.5,120.25,
204.25,120.25,
205.0,120.25,
205.75,120.25,
206.5,120.25,
207.25,120.25,
208.0,120.25,
208.75,120.25,
209.5,120.25,
210.25,120.25,
211.0,120.25,
211.75,120.25,
212.5,120.25,
213.25,120.25,
214.0,120.25,
214.75,120.25,
215.5,120.25,
216.25,120.25,
217.0,120.25,
217.75,120.25,
218.5,120.25,
219.25,120.25,
31.0,121.0,
31.75,121.0,
32.5,121.0,
33.25,121.0,
34.0,121.0,
34.75,121.0,
35.5,121.0,-87.452
36.25,121.0,-87.47007481296757
37.0,121.0,-88.09523809523809
37.75,121.0,-87.1003149340482
38.5,121.0,-87.08893841965764
39.25,121.0,-86.7334370493295
40.0,121.0,-86.69186260779831
40.75,121.0,-86.60656482255135
41.5,121.0,-86.22485012716007
42.25,121.0,-86.40136143479371
43.0,121.0,-86.99999999999787
43.75,121.0,-85.90804162007944
44.5,121.0,-84.4650419496604
45.25,121.0,-84.11600609222646
46.0,121.0,-85.2295081967213
46.75,121.0,-86.82360383531129
47.5,121.0,-86.49950830145944
48.25,121.0,-85.37171948018788
49.0,121.0,-84.81868131868133
49.75,121.0,-84.59508325422112
50.5,121.0,-84.492417077374
51.25,121.0,-83.84890965732086
52.0,121.0,-83.75925925925925
52.75,121.0,
53.5,121.0,
54.25,121.0,
55.0,121.0,
55.75,121.0,
56.5,121.0,
57.25,121.0,
58.0,121.0,
58.75,121.0,
59.5,121.0,-86.288
60.25,121.0,-86.17955112219451
61.0,121.0,-84.57142857142857
61.75,121.0,-84.01005474615259
62.5,121.0,-83.84990612997203
63.25,121.0,-83.67753028890728
64.0,121.0,-83.57715251541062
64.75,121.0,-83.49808860302043
65.5,121.0,-84.16486593092132
66.25,121.0,-85.93436569659029
67.0,121.0,-87.4999999999963
67.75,121.0,-86.00025843946969
68.5,121.0,-84.11106264177283
69.25,121.0,-83.00014414746111
70.0,121.0,-82.57379221099335
70.75,121.0,-82.06863319732186
71.5,121.0,-81.79216422633867
72.25,121.0,-81.62004705844691
73.0,121.0,
73.75,121.0,
74.5,121.0,
75.25,121.0,-92.0
76.0,121.0,-89.89156626506025
76.75,121.0,-89.85862719908533
77.5,121.0,-89.89579448340838
78.25,121.0,-89.90620389233491
79.0,121.0,-90.04545454545453
79.75,121.0,-90.53080029543483
80.5,121.0,-91.55200974151921
81.25,121.0,-91.87556641731729
82.0,121.0,-91.20967741935482
82.75,121.0,-91.899321379603
83.5,121.0,-91.71516359293892
84.25,121.0,-91.19738735247546
85.0,121.0,-91.13636363636363
85.75,121.0,-91.31532511037855
86.5,121.0,-91.53206509975803
87.25,121.0,-92.69896441572881
88.0,121.0,-92.89156626506025
88.75,121.0,-95.14257425742575
89.5,121.0,
90.25,121.0,
91.0,121.0,
91.75,121.0,
92.5,121.0,
93.25,121.0,
94.0,121.0,
94.75,121.0,
95.5,121.0,
96.25,121.0,
97.0,121.0,
97.75,121.0,
98.5,121.0,
99.25,121.0,
100.0,121.0,
100.75,121.0,
101.5,121.0,
102.25,121.0,
103.0,121.0,
103.75,121.0,
104.5,121.0,
105.25,121.0,
106.0,121.0,
106.75,121.0,
107.5,121.0,
108.25,121.0,
109.0,121.0,
109.75,121.0,
110.5,121.0,
111.25,121.0,-94.67857142857143
112.0,121.0,-94.75
112.75,121.0,-94.87666666666668
113.5,121.0,-95.03947368421052
114.25,121.0,-95.20180722891567
115.0,121.0,-95.33333333333333
115.75,121.0,-95.42391304347827
116.5,121.0,-95.47857142857143
117.25,121.0,
118.0,121.0,
118.75,121.0,
119.5,121.0,
120.25,121.0,
121.0,121.0,
121.75,121.0,
122.5,121.0,
123.25,121.0,
124.0,121.0,
124.75,121.0,
125.5,121.0,
126.25,121.0,
127.0,121.0,
127.75,121.0,
128.5,121.0,
129.25,121.0,
130.0,121.0,
130.75,121.0,
131.5,121.0,
132.25,121.0,
133.0,121.0,
133.75,121.0,
134.5,121.0,
135.25,121.0,
136.0,121.0,
136.75,121.0,
137.5,121.0,-91.096
138.25,121.0,-91.05985037406482
139.0,121.0,-88.26190476190476
139.75,121.0,-88.5674325428625
140.5,121.0,-88.59242070264274
141.25,121.0,-88.38158147603228
142.0,121.0,-88.4744232328444
142.75,121.0,-88.57106349542109
143.5,121.0,-88.80135364960405
144.25,121.0,-89.14058099856622
145.0,121.0,-89.49999999999928
145.75,121.0,-88.74286969056419
146.5,121.0,-86.17812965983806
147.25,121.0,-85.34797610194325
148.0,121.0,-88.28389830508473
148.75,121.0,-89.88561556420498
149.5,121.0,-89.51846922130039
150.25,121.0,-87.29472444051062
151.0,121.0,-86.00000000000213
151.75,121.0,-87.01255743334217
152.5,121.0,-88.74706851152376
153.25,121.0,-89.0403588189997
154.0,121.0,-89.92441860465115
154.75,121.0,-90.5417691169999
155.5,121.0,-89.07356544041649
156.25,121.0,-86.79011989889888
157.0,121.0,-85.00000000000344
157.75,121.0,-85.91943742463287
158.5,121.0,-85.8238751993607
159.25,121.0,-84.88209842849881
160.0,121.0,-83.67203219315894
160.75,121.0,-82.19574760522046
161.5,121.0,-83.14002645220832
162.25,121.0,-88.04320382547681
163.0,121.0,-90.99999999999524
163.75,121.0,-89.62476123962944
164.5,121.0,-88.40839400941847
165.25,121.0,-87.9010600793531
166.0,121.0,-87.69949161520127
166.75,121.0,-88.23408081681755
167.5,121.0,-88.81598379678466
168.25,121.0,-88.78707653400133
169.0,121.0,
169.75,121.0,
170.5,121.0,
171.25,121.0,
172.0,121.0,
172.75,121.0,
173.5,121.0,
174.25,121.0,
175.0,121.0,
175.75,121.0,
176.5,121.0,
177.25,121.0,
178.0,121.0,
178.75,121.0,
179.5,121.0,
180.25,121.0,
181.0,121.0,
181.75,121.0,
182.5,121.0,
183.25,121.0,
184.0,121.0,
184.75,121.0,
185.5,121.0,
186.25,121.0,
187.0,121.0,
187.75,121.0,
188.5,121.0,
189.25,121.0,
190.0,121.0,
190.75,121.0,
191.5,121.0,
192.25,121.0,
193.0,121.0,
193.75,121.0,
194.5,121.0,
195.25,121.0,
196.0,121.0,
196.75,121.0,
197.5,121.0,
198.25,121.0,
199.0,121.0,
199.75,121.0,
200.5,121.0,
201.25,121.0,
202.0,121.0,
202.75,121.0,
203.5,121.0,
204.25,121.0,
205.0,121.0,
205.75,121.0,
206.5,121.0,
207.25,121.0,
208.0,121.0,
208.75,121.0,
209.5,121.0,
210.25,121.0,
211.0,121.0,
211.75,121.0,
212.5,121.0,
213.25,121.0,
214.0,121.0,
214.75,121.0,
215.5,121.0,
216.25,121.0,
217.0,121.0,
217.75,121.0,
218.5,121.0,
219.25,121.0,
31.0,121.75,
31.75,121.75,
32.5,121.75,
33.25,121.75,
34.0,121.75,
34.75,121.75,
35.5,121.75,
36.25,121.75,-87.5
37.0,121.75,-87.5299251870324
37.75,121.75,-87.01776224706015
38.5,121.75,-86.98614301773021
39.25,121.75,-86.66042108190254
40.0,121.75,-86.56835319337735
40.75,121.75,-86.54855987115769
41.5,121.75,-86.11656441919963
42.25,121.75,-86.32143939377424
43.0,121.75,-86.47142504166385
43.75,121.75,-85.9830743278503
44.5,121.75,-85.39580884350305
45.25,121.75,-85.19061594727751
46.0,121.75,-85.65681882396912
46.75,121.75,-86.24058310830331
47.5,121.75,-86.18725318243136
48.25,121.75,-85.67203498590005
49.0,121.75,-86.04100543109944
49.75,121.75,-86.07901768491172
50.5,121.75,-84.82111072709735
51.25,121.75,-84.05367231638418
52.0,121.75,-83.9215053763441
52.75,121.75,
53.5,121.75,
54.25,121.75,
55.0,121.75,
55.75,121.75,
56.5,121.75,
57.25,121.75,
58.0,121.75,
58.75,121.75,
59.5,121.75,
60.25,121.75,-86.0
61.0,121.75,-85.82044887780548
61.75,121.75,-83.74460180603141
62.5,121.75,-83.59584007487904
63.25,121.75,-83.43850517348605
64.0,121.75,-83.02810560438462
64.75,121.75,-83.012273977068
65.5,121.75,-83.21874208177205
66.25,121.75,-83.92936231918239
67.0,121.75,-84.69019117346123
67.75,121.75,-83.78998690387792
68.5,121.75,-82.93981988911423
69.25,121.75,-82.59440096188813
70.0,121.75,-82.40622455044578
70.75,121.75,-82.33425829230087
71.5,121.75,-82.4342718714631
72.25,121.75,-82.57981733908443
73.0,121.75,-82.65591397849462
73.75,121.75,-82.88278388278388
74.5,121.75,
75.25,121.75,
76.0,121.75,-89.88233131548073
76.75,121.75,-89.88099725130769
77.5,121.75,-89.94145795130183
78.25,121.75,-90.01780580297691
79.0,121.75,-90.2170800466914
79.75,121.75,-90.62145705538998
80.5,121.75,-91.28895078542001
81.25,121.75,-91.3307738970655
82.0,121.75,-90.8919952076654
82.75,121.75,-90.96716281769558
83.5,121.75,-90.92034450509462
84.25,121.75,-90.84982564276426
85.0,121.75,-91.13523221645194
85.75,121.75,-91.45906911519518
86.5,121.75,-92.23857703327539
87.25,121.75,-92.34943877004656
88.0,121.75,-92.31362465878958
88.75,121.75,-92.22878012467937
89.5,121.75,-93.70889748549324
90.25,121.75,
91.0,121.75,
91.75,121.75,
92.5,121.75,
93.25,121.75,
94.0,121.75,
94.75,121.75,
95.5,121.75,
96.25,121.75,
97.0,121.75,
97.75,121.75,
98.5,121.75,
99.25,121.75,
100.0,121.75,
100.75,121.75,
101.5,121.75,
102.25,121.75,
103.0,121.75,
103.75,121.75,
104.5,121.75,
105.25,121.75,
106.0,121.75,
106.75,121.75,
107.5,121.75,
108.25,121.75,
109.0,121.75,
109.75,121.75,
110.5,121.75,-94.80339805825243
111.25,121.75,-94.8546511627907
112.0,121.75,-94.95666666666666
112.75,121.75,-95.10714285714285
113.5,121.75,-95.27816901408453
114.25,121.75,-95.42948717948717
115.0,121.75,-95.53571428571428
115.75,121.75,-95.59545454545454
116.5,121.75,
117.25,121.75,
118.0,121.75,
118.75,121.75,
119.5,121.75,
120.25,121.75,
121.0,121.75,
121.75,121.75,
122.5,121.75,
123.25,121.75,
124.0,121.75,
124.75,121.75,
125.5,121.75,
126.25,121.75,
127.0,121.75,
127.75,121.75,
128.5,121.75,
129.25,121.75,
130.0,121.75,
130.75,121.75,
131.5,121.75,
132.25,121.75,
133.0,121.75,
133.75,121.75,
134.5,121.75,
135.25,121.75,
136.0,121.75,
136.75,121.75,-91.29897959183674
137.5,121.75,-90.95983875437001
138.25,121.75,-89.08495999417217
139.0,121.75,-89.03134475462609
139.75,121.75,-89.00883142305861
140.5,121.75,-88.80078130544959
141.25,121.75,-88.80048674704979
142.0,121.75,-88.65554568312801
142.75,121.75,-88.84173663427217
143.5,121.75,-88.79789257402103
144.25,121.75,-88.87345598502552
145.0,121.75,-88.9614848336847
145.75,121.75,-88.625981008134
146.5,121.75,-87.17191953821332
147.25,121.75,-86.84829956045576
148.0,121.75,-88.20827868561906
148.75,121.75,-89.21012896708038
149.5,121.75,-88.83107619466388
150.25,121.75,-88.01458954818294
151.0,121.75,-87.26656395559488
151.75,121.75,-87.8746402125913
152.5,121.75,-89.53947079865783
153.25,121.75,-90.09899055154028
154.0,121.75,-91.69579394848923
154.75,121.75,-92.94469077891583
155.5,121.75,-91.6330636713811
156.25,121.75,-88.14871115654009
157.0,121.75,-86.53536653986203
157.75,121.75,-86.50587789402363
158.5,121.75,-85.74135003765413
159.25,121.75,-85.37111714790453
160.0,121.75,-84.30530322498427
160.75,121.75,-83.25671019542115
161.5,121.75,-83.88833629705381
162.25,121.75,-86.7365952659548
163.0,121.75,-89.15589023626295
163.75,121.75,-88.88321156770088
164.5,121.75,-88.15136808617255
165.25,121.75,-87.7324482282457
166.0,121.75,-87.5378012926597
166.75,121.75,-87.05750890229119
167.5,121.75,-88.90085884583588
168.25,121.75,-88.84823758964092
169.0,121.75,
169.75,121.75,
170.5,121.75,
171.25,121.75,
172.0,121.75,
172.75,121.75,
173.5,121.75,
174.25,121.75,
175.0,121.75,
175.75,121.75,
176.5,121.75,
177.25,121.75,
178.0,121.75,
178.75,121.75,
179.5,121.75,
180.25,121.75,
181.0,121.75,
181.75,121.75,
182.5,121.75,
183.25,121.75,
184.0,121.75,
184.75,121.75,
185.5,121.75,
186.25,121.75,
187.0,121.75,
187.75,121.75,
188.5,121.75,
189.25,121.75,
190.0,121.75,
190.75,121.75,
191.5,121.75,
192.25,121.75,
193.0,121.75,
193.75,121.75,
194.5,121.75,
195.25,121.75,
196.0,121.75,
196.75,121.75,
197.5,121.75,
198.25,121.75,
199.0,121.75,
199.75,121.75,
200.5,121.75,
201.25,121.75,
202.0,121.75,
202.75,121.75,
203.5,121.75,
204.25,121.75,
205.0,121.75,
205.75,121.75,
206.5,121.75,
207.25,121.75,
208.0,121.75,
208.75,121.75,
209.5,121.75,
210.25,121.75,
211.0,121.75,
211.75,121.75,
212.5,121.75,
213.25,121.75,
214.0,121.75,
214.75,121.75,
215.5,121.75,
216.25,121.75,
217.0,121.75,
217.75,121.75,
218.5,121.75,
219.25,121.75,
31.0,122.5,
31.75,122.5,
32.5,122.5,
33.25,122.5,
34.0,122.5,
34.75,122.5,
35.5,122.5,
36.25,122.5,
37.0,122.5,-87.548
37.75,122.5,-87.40285357310559
38.5,122.5,-86.38420698422195
39.25,122.5,-86.98198039995735
40.0,122.5,-86.27965170578896
40.75,122.5,-86.0313065910775
41.5,122.5,-86.08342068288768
42.25,122.5,-86.1772522522609
43.0,122.5,-86.25707553842622
43.75,122.5,-86.39731253567726
44.5,122.5,-87.07448415323738
45.25,122.5,-87.29286582544007
46.0,122.5,-86.469680436477
46.75,122.5,-86.09122248783073
47.5,122.5,-86.60683551558806
48.25,122.5,-86.61370242778129
49.0,122.5,-86.65027433851166
49.75,122.5,-86.71746973759586
50.5,122.5,-87.11756409163873
51.25,122.5,-84.19135802469134
52.0,122.5,
52.75,122.5,
53.5,122.5,
54.25,122.5,
55.0,122.5,
55.75,122.5,
56.5,122.5,
57.25,122.5,
58.0,122.5,
58.75,122.5,
59.5,122.5,
60.25,122.5,
61.0,122.5,-85.712
61.75,122.5,-84.10365140315085
62.5,122.5,-83.84868315764767
63.25,122.5,-83.13256559689339
64.0,122.5,-82.53173622934526
64.75,122.5,-82.19824321217592
65.5,122.5,-81.33400298473195
66.25,122.5,-80.19853253686591
67.0,122.5,-79.011468093006
67.75,122.5,-80.25356945286799
68.5,122.5,-81.28644277706492
69.25,122.5,-81.59129307114846
70.0,122.5,-81.68050594478746
70.75,122.5,-81.93639336099386
71.5,122.5,-82.23974609375
72.25,122.5,-82.52312293810729
73.0,122.5,-82.8279569892473
73.75,122.5,-83.07064017660043
74.5,122.5,
75.25,122.5,
76.0,122.5,
76.75,122.5,-89.91089350290518
77.5,122.5,-89.9576328224321
78.25,122.5,-90.03456717234606
79.0,122.5,-90.17506169964201
79.75,122.5,-90.76725968029481
80.5,122.5,-90.84271768645155
81.25,122.5,-90.63066665367401
82.0,122.5,-89.8573664836307
82.75,122.5,-88.7977941489539
83.5,122.5,-89.14541596230622
84.25,122.5,-90.44376639162893
85.0,122.5,-91.48643788360465
85.75,122.5,-92.06127462073086
86.5,122.5,-92.69199012496824
87.25,122.5,-92.68027726091435
88.0,122.5,-92.49673647448746
88.75,122.5,-92.30986401100876
89.5,122.5,-93.5
90.25,122.5,-93.29110251450678
91.0,122.5,
91.75,122.5,
92.5,122.5,
93.25,122.5,
94.0,122.5,
94.75,122.5,
95.5,122.5,
96.25,122.5,
97.0,122.5,
97.75,122.5,
98.5,122.5,
99.25,122.5,
100.0,122.5,
100.75,122.5,
101.5,122.5,
102.25,122.5,
103.0,122.5,
103.75,122.5,
104.5,122.5,
105.25,122.5,
106.0,122.5,
106.75,122.5,
107.5,122.5,
108.25,122.5,
109.0,122.5,
109.75,122.5,-94.93503937007875
110.5,122.5,-94.98076923076923
111.25,122.5,-95.06609195402298
112.0,122.5,-95.19736842105262
112.75,122.5,-95.36267605633802
113.5,122.5,-95.52777777777777
114.25,122.5,-95.65506329113924
115.0,122.5,-95.72826086956522
115.75,122.5,-95.7545045045045
116.5,122.5,
117.25,122.5,
118.0,122.5,
118.75,122.5,
119.5,122.5,
120.25,122.5,
121.0,122.5,
121.75,122.5,
122.5,122.5,
123.25,122.5,
124.0,122.5,
124.75,122.5,
125.5,122.5,
126.25,122.5,
127.0,122.5,
127.75,122.5,
128.5,122.5,
129.25,122.5,
130.0,122.5,
130.75,122.5,
131.5,122.5,
132.25,122.5,
133.0,122.5,
133.75,122.5,
134.5,122.5,
135.25,122.5,
136.0,122.5,-91.22520661157024
136.75,122.5,-91.26511335012594
137.5,122.5,-90.89917183877965
138.25,122.5,-89.24395950408994
139.0,122.5,-89.21443079651074
139.75,122.5,-89.12754526156688
140.5,122.5,-88.90707449153078
141.25,122.5,-88.81485803218965
142.0,122.5,-89.01400159490811
142.75,122.5,-89.49183385075335
143.5,122.5,-89.20981315191281
144.25,122.5,-88.70516142963507
145.0,122.5,-88.82732805455971
145.75,122.5,-88.36384858701452
146.5,122.5,-88.25281576830248
147.25,122.5,-88.12804913810048
148.0,122.5,-88.1365046443386
148.75,122.5,-88.76803987736996
149.5,122.5,-88.60349127182045
150.25,122.5,-88.16451112561258
151.0,122.5,-88.42984271833855
151.75,122.5,-90.28085332016411
152.5,122.5,-91.77885052248979
153.25,122.5,-92.41797755007664
154.0,122.5,-93.47491115671455
154.75,122.5,-96.59544759155348
155.5,122.5,-94.91431305265937
156.25,122.5,-88.92440386499857
157.0,122.5,-86.66770135800155
157.75,122.5,-87.03960614184756
158.5,122.5,-87.08964629800714
159.25,122.5,-87.01198656599539
160.0,122.5,-84.66735194330623
160.75,122.5,-82.87032105953472
161.5,122.5,-83.18936707024135
162.25,122.5,-85.05467383433414
163.0,122.5,-87.31427420839714
163.75,122.5,-88.0153357638121
164.5,122.5,-88.21680943223977
165.25,122.5,-88.26899078369127
166.0,122.5,-88.31828430592519
166.75,122.5,-88.3659109317973
167.5,122.5,-88.95454545454544
168.25,122.5,
169.0,122.5,
169.75,122.5,
170.5,122.5,
171.25,122.5,
172.0,122.5,
172.75,122.5,
173.5,122.5,
174.25,122.5,
175.0,122.5,
175.75,122.5,
176.5,122.5,
177.25,122.5,
178.0,122.5,
178.75,122.5,
179.5,122.5,
180.25,122.5,
181.0,122.5,
181.75,122.5,
182.5,122.5,
183.25,122.5,
184.0,122.5,
184.75,122.5,
185.5,122.5,
186.25,122.5,
187.0,122.5,
187.75,122.5,
188.5,122.5,
189.25,122.5,
190.0,122.5,
190.75,122.5,
191.5,122.5,
192.25,122.5,
193.0,122.5,
193.75,122.5,
194.5,122.5,
195.25,122.5,
196.0,122.5,
196.75,122.5,
197.5,122.5,
198.25,122.5,
199.0,122.5,
199.75,122.5,
200.5,122.5,
201.25,122.5,
202.0,122.5,
202.75,122.5,
203.5,122.5,
204.25,122.5,
205.0,122.5,
205.75,122.5,
206.5,122.5,
207.25,122.5,
208.0,122.5,
208.75,122.5,
209.5,122.5,
210.25,122.5,
211.0,122.5,
211.75,122.5,
212.5,122.5,
213.25,122.5,
214.0,122.5,
214.75,122.5,
215.5,122.5,
216.25,122.5,
217.0,122.5,
217.75,122.5,
218.5,122.5,
219.25,122.5,
31.0,123.25,
31.75,123.25,
32.5,123.25,
33.25,123.25,
34.0,123.25,
34.75,123.25,
35.5,123.25,
36.25,123.25,
37.0,123.25,
37.75,123.25,-87.53265306122448
38.5,123.25,-87.51007556675063
39.25,123.25,-86.51463202078496
40.0,123.25,-86.17756984695095
40.75,123.25,-86.2029644391854
41.5,123.25,-86.07266281223865
42.25,123.25,-86.17065292963734
43.0,123.25,-86.29126011704318
43.75,123.25,-86.7674521547645
44.5,123.25,-87.82379787599525
45.25,123.25,-87.93192873258198
46.0,123.25,-87.74305929585532
46.75,123.25,-87.50721679575379
47.5,123.25,-87.37626252243055
48.25,123.25,-87.45457200425216
49.0,123.25,-87.51075739981927
49.75,123.25,-87.88757889151674
50.5,123.25,-87.91107575104766
51.25,123.25,-92.02262443438914
52.0,123.25,
52.75,123.25,
53.5,123.25,
54.25,123.25,
55.0,123.25,
55.75,123.25,
56.5,123.25,
57.25,123.25,
58.0,123.25,
58.75,123.25,
59.5,123.25,
60.25,123.25,
61.0,123.25,
61.75,123.25,-82.57690751462285
62.5,123.25,-82.47349583127804
63.25,123.25,-82.30356023970567
64.0,123.25,-81.61152464696573
64.75,123.25,-81.1823417246883
65.5,123.25,-80.3762781035591
66.25,123.25,-79.05977206595539
67.0,123.25,-78.1549631932475
67.75,123.25,-79.18908013348936
68.5,123.25,-80.31729405230733
69.25,123.25,-80.65338096274319
70.0,123.25,-81.68816438142508
70.75,123.25,-82.44010806975618
71.5,123.25,-83.17478817964819
72.25,123.25,-83.76904991725405
73.0,123.25,-83.10774410774411
73.75,123.25,-83.33862433862434
74.5,123.25,-83.46960167714884
75.25,123.25,
76.0,123.25,
76.75,123.25,
77.5,123.25,-89.61352546508083
78.25,123.25,-89.73465423272718
79.0,123.25,-89.86625215209939
79.75,123.25,-90.63182627213071
80.5,123.25,-90.57564435472185
81.25,123.25,-90.24966425981677
82.0,123.25,-89.41579782378399
82.75,123.25,-88.28083965973377
83.5,123.25,-88.77550572343907
84.25,123.25,-90.99808946810298
85.0,123.25,-92.73963802125891
85.75,123.25,-93.60053826686128
86.5,123.25,-93.39851352266673
87.25,123.25,-93.04479628266215
88.0,123.25,-92.08421707690529
88.75,123.25,-91.62562189054728
89.5,123.25,-91.91489866378515
90.25,123.25,-91.59436786390079
91.0,123.25,
91.75,123.25,
92.5,123.25,
93.25,123.25,
94.0,123.25,
94.75,123.25,
95.5,123.25,
96.25,123.25,
97.0,123.25,
97.75,123.25,
98.5,123.25,
99.25,123.25,
100.0,123.25,
100.75,123.25,
101.5,123.25,
102.25,123.25,
103.0,123.25,
103.75,123.25,
104.5,123.25,
105.25,123.25,
106.0,123.25,
106.75,123.25,
107.5,123.25,
108.25,123.25,
109.0,123.25,
109.75,123.25,-95.08582089552237
110.5,123.25,-95.15990990990991
111.25,123.25,-95.27127659574468
112.0,123.25,-95.41867469879517
112.75,123.25,-95.58333333333333
113.5,123.25,-95.73101265822784
114.25,123.25,-95.83139534883722
115.0,123.25,-95.87626262626263
115.75,123.25,
116.5,123.25,
117.25,123.25,
118.0,123.25,
118.75,123.25,
119.5,123.25,
120.25,123.25,
121.0,123.25,
121.75,123.25,
122.5,123.25,
123.25,123.25,
124.0,123.25,
124.75,123.25,
125.5,123.25,
126.25,123.25,
127.0,123.25,
127.75,123.25,
128.5,123.25,
129.25,123.25,
130.0,123.25,
130.75,123.25,
131.5,123.25,
132.25,123.25,
133.0,123.25,
133.75,123.25,
134.5,123.25,-88.21672828096118
135.25,123.25,-88.43367346938776
136.0,123.25,-89.07607968377657
136.75,123.25,-90.19088977881495
137.5,123.25,-89.06848320740951
138.25,123.25,-89.17312715415893
139.0,123.25,-89.46602508630632
139.75,123.25,-89.44193578727769
140.5,123.25,-89.32175309034
141.25,123.25,-88.8609211151358
142.0,123.25,-88.68853058766076
142.75,123.25,-89.63230606663319
143.5,123.25,-89.11603570282675
144.25,123.25,-88.47630750055397
145.0,123.25,-88.92332162175019
145.75,123.25,-88.45272215246086
146.5,123.25,-87.85588118805751
147.25,123.25,-88.54021068086537
148.0,123.25,-88.271113044568
148.75,123.25,-88.65344724600945
149.5,123.25,-88.382598165509
150.25,123.25,-88.5667849339493
151.0,123.25,-89.96950761551548
151.75,123.25,-90.88667316405999
152.5,123.25,-92.20125093711283
153.25,123.25,-92.72155350076672
154.0,123.25,-93.42941431274208
154.75,123.25,-97.70967917426728
155.5,123.25,-95.75606158258186
156.25,123.25,-88.89894699037696
157.0,123.25,-86.23761805576036
157.75,123.25,-87.06137714472138
158.5,123.25,-87.32536882804352
159.25,123.25,-87.57619330953325
160.0,123.25,-84.99488521387855
160.75,123.25,-82.44605694212244
161.5,123.25,-82.80713125572497
162.25,123.25,-84.97934032682392
163.0,123.25,-87.02450194670209
163.75,123.25,-87.89228777028742
164.5,123.25,-88.39350181525012
165.25,123.25,-88.63132501448487
166.0,123.25,-88.6434727514868
166.75,123.25,-89.80362709128566
167.5,123.25,-93.97169811320754
168.25,123.25,
169.0,123.25,
169.75,123.25,
170.5,123.25,
171.25,123.25,
172.0,123.25,
172.75,123.25,
173.5,123.25,
174.25,123.25,
175.0,123.25,
175.75,123.25,
176.5,123.25,
177.25,123.25,
178.0,123.25,
178.75,123.25,
179.5,123.25,
180.25,123.25,
181.0,123.25,
181.75,123.25,
182.5,123.25,
183.25,123.25,
184.0,123.25,
184.75,123.25,
185.5,123.25,
186.25,123.25,
187.0,123.25,
187.75,123.25,
188.5,123.25,
189.25,123.25,
190.0,123.25,
190.75,123.25,
191.5,123.25,
192.25,123.25,
193.0,123.25,
193.75,123.25,
194.5,123.25,
195.25,123.25,
196.0,123.25,
196.75,123.25,
197.5,123.25,
198.25,123.25,
199.0,123.25,
199.75,123.25,
200.5,123.25,
201.25,123.25,
202.0,123.25,
202.75,123.25,
203.5,123.25,
204.25,123.25,
205.0,123.25,
205.75,123.25,
206.5,123.25,
207.25,123.25,
208.0,123.25,
208.75,123.25,
209.5,123.25,
210.25,123.25,
211.0,123.25,
211.75,123.25,
212.5,123.25,
213.25,123.25,
214.0,123.25,
214.75,123.25,
215.5,123.25,
216.25,123.25,
217.0,123.25,
217.75,123.25,
218.5,123.25,
219.25,123.25,
31.0,124.0,
31.75,124.0,
32.5,124.0,
33.25,124.0,
34.0,124.0,
34.75,124.0,
35.5,124.0,
36.25,124.0,
37.0,124.0,
37.75,124.0,
38.5,124.0,-87.48347107438016
39.25,124.0,-87.5998224013109
40.0,124.0,-86.17214191852824
40.75,124.0,-86.20912902713592
41.5,124.0,-86.27156054506567
42.25,124.0,-87.4046796391107
43.0,124.0,-87.49057873485867
43.75,124.0,-87.71702791408346
44.5,124.0,-87.97944809347148
45.25,124.0,-88.11813588771919
46.0,124.0,-88.43690248565964
46.75,124.0,-88.64656543313797
47.5,124.0,-88.94782967582546
48.25,124.0,-88.83677404106105
49.0,124.0,-89.16094677128389
49.75,124.0,-89.02558267154093
50.5,124.0,-91.73134328358209
51.25,124.0,-93.0
52.0,124.0,-93.0
52.75,124.0,
53.5,124.0,
54.25,124.0,
55.0,124.0,
55.75,124.0,
56.5,124.0,
57.25,124.0,
58.0,124.0,
58.75,124.0,
59.5,124.0,
60.25,124.0,
61.0,124.0,
61.75,124.0,-80.22709551656921
62.5,124.0,-82.28079272623953
63.25,124.0,-81.54495216419235
64.0,124.0,-81.26286764705884
64.75,124.0,-80.8241858648901
65.5,124.0,-80.18493299447778
66.25,124.0,-79.70156536194935
67.0,124.0,-79.29039929211369
67.75,124.0,-79.92083812380233
68.5,124.0,-80.0728648787231
69.25,124.0,-80.20851484157946
70.0,124.0,-81.10602798708288
70.75,124.0,-82.36587480442932
71.5,124.0,-83.42436695178561
72.25,124.0,-83.77425673752415
73.0,124.0,-85.24839596700274
73.75,124.0,-85.60724423152627
74.5,124.0,-83.76190476190476
75.25,124.0,
76.0,124.0,-89.5
76.75,124.0,
77.5,124.0,-90.38095238095238
78.25,124.0,-89.67126619387201
79.0,124.0,-89.73260301626884
79.75,124.0,-90.69019049700253
80.5,124.0,-90.62758655967978
81.25,124.0,-90.41379527199447
82.0,124.0,-89.97497393117833
82.75,124.0,-89.71471583175895
83.5,124.0,-90.7364150884138
84.25,124.0,-93.5033652373941
85.0,124.0,-95.56512141280353
85.75,124.0,-95.06320869323453
86.5,124.0,-93.91457741056833
87.25,124.0,-92.76505548482326
88.0,124.0,-91.97488921713443
88.75,124.0,-91.41708161856707
89.5,124.0,-91.52190055692138
90.25,124.0,-91.24155682332854
91.0,124.0,-88.53703703703704
91.75,124.0,-88.50779727095517
92.5,124.0,
93.25,124.0,
94.0,124.0,
94.75,124.0,
95.5,124.0,
96.25,124.0,
97.0,124.0,
97.75,124.0,
98.5,124.0,
99.25,124.0,
100.0,124.0,
100.75,124.0,
101.5,124.0,
102.25,124.0,
103.0,124.0,
103.75,124.0,
104.5,124.0,
105.25,124.0,
106.0,124.0,
106.75,124.0,
107.5,124.0,
108.25,124.0,
109.0,124.0,
109.75,124.0,-95.22278911564625
110.5,124.0,-95.31451612903224
111.25,124.0,-95.43691588785047
112.0,124.0,-95.58333333333333
112.75,124.0,-95.73351648351648
113.5,124.0,-95.85869565217392
114.25,124.0,-95.93686868686868
115.0,124.0,
115.75,124.0,
116.5,124.0,
117.25,124.0,
118.0,124.0,
118.75,124.0,
119.5,124.0,
120.25,124.0,
121.0,124.0,
121.75,124.0,
122.5,124.0,
123.25,124.0,
124.0,124.0,
124.75,124.0,
125.5,124.0,
126.25,124.0,
127.0,124.0,
127.75,124.0,
128.5,124.0,
129.25,124.0,
130.0,124.0,
130.75,124.0,
131.5,124.0,
132.25,124.0,
133.0,124.0,
133.75,124.0,-86.21378269617706
134.5,124.0,-87.60547264955076
135.25,124.0,-88.6244698022053
136.0,124.0,-89.15621079046423
136.75,124.0,-89.47791971095113
137.5,124.0,-89.18832495443846
138.25,124.0,-89.3535605175805
139.0,124.0,-89.54769363100665
139.75,124.0,-89.92099290387063
140.5,124.0,-90.15392155414935
141.25,124.0,-89.59679274271541
142.0,124.0,-87.53481012658227
142.75,124.0,-86.09837642583582
143.5,124.0,-86.16220102670775
144.25,124.0,-87.0580276972672
145.0,124.0,-87.92178532177311
145.75,124.0,-87.87183657193447
146.5,124.0,-87.66345673579825
147.25,124.0,-87.56085861130033
148.0,124.0,-87.21102661596959
148.75,124.0,-88.24328036168242
149.5,124.0,-88.41396857441838
150.25,124.0,-88.6510389823098
151.0,124.0,-90.01111419838843
151.75,124.0,-89.96764188908298
152.5,124.0,-90.14229478059308
153.25,124.0,-90.37125405246393
154.0,124.0,-90.97727272727272
154.75,124.0,-91.54804614195828
155.5,124.0,-91.02512776831347
156.25,124.0,-88.93081354922023
157.0,124.0,-87.78571428571426
157.75,124.0,-87.5003973378365
158.5,124.0,-86.48102915620775
159.25,124.0,-86.42838318873717
160.0,124.0,-85.63888888888887
160.75,124.0,-84.5265380014663
161.5,124.0,-84.60500899820035
162.25,124.0,-86.44534033057236
163.0,124.0,-87.90038010769717
163.75,124.0,-88.85301376188649
164.5,124.0,-89.43187451724782
165.25,124.0,-89.62661205544136
166.0,124.0,-90.14663951120164
166.75,124.0,-90.78929590888067
167.5,124.0,-92.7465940054496
168.25,124.0,
169.0,124.0,
169.75,124.0,
170.5,124.0,
171.25,124.0,
172.0,124.0,
172.75,124.0,
173.5,124.0,
174.25,124.0,
175.0,124.0,
175.75,124.0,
176.5,124.0,
177.25,124.0,
178.0,124.0,
178.75,124.0,
179.5,124.0,
180.25,124.0,
181.0,124.0,
181.75,124.0,
182.5,124.0,
183.25,124.0,
184.0,124.0,
184.75,124.0,
185.5,124.0,
186.25,124.0,
187.0,124.0,
187.75,124.0,
188.5,124.0,
189.25,124.0,
190.0,124.0,
190.75,124.0,
191.5,124.0,
192.25,124.0,
193.0,124.0,
193.75,124.0,
194.5,124.0,
195.25,124.0,
196.0,124.0,
196.75,124.0,
197.5,124.0,
198.25,124.0,
199.0,124.0,
199.75,124.0,
200.5,124.0,
201.25,124.0,
202.0,124.0,
202.75,124.0,
203.5,124.0,
204.25,124.0,
205.0,124.0,
205.75,124.0,
206.5,124.0,
207.25,124.0,
208.0,124.0,
208.75,124.0,
209.5,124.0,
210.25,124.0,
211.0,124.0,
211.75,124.0,
212.5,124.0,
213.25,124.0,
214.0,124.0,
214.75,124.0,
215.5,124.0,
216.25,124.0,
217.0,124.0,
217.75,124.0,
218.5,124.0,
219.25,124.0,
31.0,124.75,
31.75,124.75,
32.5,124.75,
33.25,124.75,
34.0,124.75,
34.75,124.75,
35.5,124.75,
36.25,124.75,
37.0,124.75,
37.75,124.75,
38.5,124.75,
39.25,124.75,
40.0,124.75,-87.5998224013109
40.75,124.75,-86.9014597668614
41.5,124.75,-87.71453452041185
42.25,124.75,-87.88932599643886
43.0,124.75,-88.03944621747792
43.75,124.75,-88.33249624037796
44.5,124.75,-88.76958007864114
45.25,124.75,-89.2817591365413
46.0,124.75,-90.14351255064469
46.75,124.75,-90.82819597281542
47.5,124.75,-91.2381643026471
48.25,124.75,-91.36165484932977
49.0,124.75,-92.07814802815106
49.75,124.75,-93.01622693263445
50.5,124.75,-92.74916044375227
51.25,124.75,-93.97737556561087
52.0,124.75,
52.75,124.75,
53.5,124.75,
54.25,124.75,
55.0,124.75,
55.75,124.75,
56.5,124.75,
57.25,124.75,
58.0,124.75,
58.75,124.75,
59.5,124.75,
60.25,124.75,
61.0,124.75,
61.75,124.75,
62.5,124.75,-81.84327548806941
63.25,124.75,-80.96416314938267
64.0,124.75,-81.0616471491476
64.75,124.75,-80.69573774901438
65.5,124.75,-80.74626678321258
66.25,124.75,-80.31451601329063
67.0,124.75,-80.4423290207708
67.75,124.75,-80.20114711149992
68.5,124.75,-79.43998177456551
69.25,124.75,-79.23022028130168
70.0,124.75,-80.78014882742283
70.75,124.75,-82.79686492099458
71.5,124.75,-84.1143417747071
72.25,124.75,-84.59015785525862
73.0,124.75,-85.7545138443163
73.75,124.75,-86.02439184660471
74.5,124.75,-86.20019249278151
75.25,124.75,
76.0,124.75,
76.75,124.75,
77.5,124.75,-90.2348008385744
78.25,124.75,-90.16931216931216
79.0,124.75,-90.51271201174774
79.75,124.75,-90.85410005665643
80.5,124.75,-90.87392523098778
81.25,124.75,-90.88267073319868
82.0,124.75,-90.86239819358944
82.75,124.75,-91.65239473345899
83.5,124.75,-93.33207627874556
84.25,124.75,-96.24868500087084
85.0,124.75,-97.80241967030791
85.75,124.75,-96.4807338539648
86.5,124.75,-94.09661410695352
87.25,124.75,-92.40048228851994
88.0,124.75,-91.4904842075907
88.75,124.75,-91.33690242798974
89.5,124.75,-91.02079359483879
90.25,124.75,-90.8182483800505
91.0,124.75,-88.51159420289856
91.75,124.75,-88.481220657277
92.5,124.75,-88.46190476190476
93.25,124.75,
94.0,124.75,
94.75,124.75,
95.5,124.75,
96.25,124.75,
97.0,124.75,
97.75,124.75,
98.5,124.75,
99.25,124.75,
100.0,124.75,
100.75,124.75,
101.5,124.75,
102.25,124.75,
103.0,124.75,
103.75,124.75,
104.5,124.75,
105.25,124.75,
106.0,124.75,
106.75,124.75,
107.5,124.75,
108.25,124.75,
109.0,124.75,
109.75,124.75,-95.33433734939759
110.5,124.75,-95.43181818181817
111.25,124.75,-95.5515873015873
112.0,124.75,-95.68478260869566
112.75,124.75,
113.5,124.75,
114.25,124.75,
115.0,124.75,
115.75,124.75,
116.5,124.75,
117.25,124.75,
118.0,124.75,
118.75,124.75,
119.5,124.75,
120.25,124.75,
121.0,124.75,
121.75,124.75,
122.5,124.75,
123.25,124.75,
124.0,124.75,
124.75,124.75,
125.5,124.75,
126.25,124.75,
127.0,124.75,
127.75,124.75,
128.5,124.75,
129.25,124.75,
130.0,124.75,
130.75,124.75,
131.5,124.75,
132.25,124.75,
133.0,124.75,-86.19654788418708
133.75,124.75,-87.33341867899546
134.5,124.75,-87.46655065391722
135.25,124.75,-88.3790716289824
136.0,124.75,-88.95079675398404
136.75,124.75,-89.32896369134095
137.5,124.75,-88.90632329367745
138.25,124.75,-89.5182104852084
139.0,124.75,-89.76740246657452
139.75,124.75,-90.23492022899495
140.5,124.75,-91.26672813950105
141.25,124.75,-91.44060687438258
142.0,124.75,-86.74566855359308
142.75,124.75,-80.66417977608985
143.5,124.75,-81.63185065322126
144.25,124.75,-85.08878085539756
145.0,124.75,-86.56813404583252
145.75,124.75,-87.16881332886773
146.5,124.75,-87.24159951223722
147.25,124.75,-87.34068552901364
148.0,124.75,-86.99410443067671
148.75,124.75,-88.29716339118164
149.5,124.75,-88.42628069249798
150.25,124.75,-88.69324888664623
151.0,124.75,-88.62087309869192
151.75,124.75,-88.79462308000056
152.5,124.75,-87.79375462510868
153.25,124.75,-87.4144030453271
154.0,124.75,-88.50495130280062
154.75,124.75,-87.0997609064763
155.5,124.75,-87.48615373033968
156.25,124.75,-88.11683795961726
157.0,124.75,-87.99531315799052
157.75,124.75,-87.5732257364457
158.5,124.75,-85.95199524860844
159.25,124.75,-85.64922458270523
160.0,124.75,-85.95400266561941
160.75,124.75,-86.85089023181139
161.5,124.75,-87.08307093766362
162.25,124.75,-88.96334105770286
163.0,124.75,-90.3736431749351
163.75,124.75,-91.31018412542645
164.5,124.75,-91.36074452352408
165.25,124.75,-91.20141558702183
166.0,124.75,-91.00708083345903
166.75,124.75,-92.44436182620288
167.5,124.75,-92.76971139993024
168.25,124.75,-93.20612244897958
169.0,124.75,
169.75,124.75,
170.5,124.75,
171.25,124.75,
172.0,124.75,
172.75,124.75,
173.5,124.75,
174.25,124.75,
175.0,124.75,
175.75,124.75,
176.5,124.75,
177.25,124.75,
178.0,124.75,
178.75,124.75,
179.5,124.75,
180.25,124.75,
181.0,124.75,
181.75,124.75,
182.5,124.75,
183.25,124.75,
184.0,124.75,
184.75,124.75,
185.5,124.75,
186.25,124.75,
187.0,124.75,
187.75,124.75,
188.5,124.75,
189.25,124.75,
190.0,124.75,
190.75,124.75,
191.5,124.75,
192.25,124.75,
193.0,124.75,
193.75,124.75,
194.5,124.75,
195.25,124.75,
196.0,124.75,
196.75,124.75,
197.5,124.75,
198.25,124.75,
199.0,124.75,
199.75,124.75,
200.5,124.75,
201.25,124.75,
202.0,124.75,
202.75,124.75,
203.5,124.75,
204.25,124.75,
205.0,124.75,
205.75,124.75,
206.5,124.75,
207.25,124.75,
208.0,124.75,
208.75,124.75,
209.5,124.75,
210.25,124.75,
211.0,124.75,
211.75,124.75,
212.5,124.75,
213.25,124.75,
214.0,124.75,
214.75,124.75,
215.5,124.75,
216.25,124.75,
217.0,124.75,
217.75,124.75,
218.5,124.75,
219.25,124.75,
31.0,125.5,
31.75,125.5,
32.5,125.5,
33.25,125.5,
34.0,125.5,
34.75,125.5,
35.5,125.5,
36.25,125.5,
37.0,125.5,
37.75,125.5,
38.5,125.5,
39.25,125.5,
40.0,125.5,-87.48347107438016
40.75,125.5,-87.51007556675063
41.5,125.5,-89.06812933025402
42.25,125.5,-89.27835338938401
43.0,125.5,-89.5985514389003
43.75,125.5,-89.78898741648194
44.5,125.5,-90.52653823184541
45.25,125.5,-91.74519185331836
46.0,125.5,-93.42773253425484
46.75,125.5,-94.81727718899573
47.5,125.5,-95.41421887184819
48.25,125.5,-94.7727004565807
49.0,125.5,-94.98170593992322
49.75,125.5,-94.2875640136217
50.5,125.5,-95.29787234042551
51.25,125.5,
52.0,125.5,
52.75,125.5,
53.5,125.5,
54.25,125.5,
55.0,125.5,
55.75,125.5,
56.5,125.5,
57.25,125.5,
58.0,125.5,
58.75,125.5,
59.5,125.5,
60.25,125.5,
61.0,125.5,
61.75,125.5,
62.5,125.5,
63.25,125.5,-80.83122137250548
64.0,125.5,-80.61463268962771
64.75,125.5,-80.3555568707322
65.5,125.5,-80.85546875
66.25,125.5,-81.4433607653541
67.0,125.5,-81.16554890366115
67.75,125.5,-80.67641210827894
68.5,125.5,-79.81584365254777
69.25,125.5,-79.7265967641952
70.0,125.5,-81.8588520295878
70.75,125.5,-84.52582991835385
71.5,125.5,-85.57455777814515
72.25,125.5,-86.0483226605371
73.0,125.5,-86.99115186615185
73.75,125.5,-87.35063010147869
74.5,125.5,-87.640467443213
75.25,125.5,-89.90124334647109
76.0,125.5,
76.75,125.5,
77.5,125.5,
78.25,125.5,-90.03532008830021
79.0,125.5,-89.91397849462365
79.75,125.5,-91.87228839802883
80.5,125.5,-91.8731190150479
81.25,125.5,-91.67996926252425
82.0,125.5,-91.96506012647752
82.75,125.5,-92.71321783161537
83.5,125.5,-94.22424437666452
84.25,125.5,-96.11555848717067
85.0,125.5,-97.30390445765013
85.75,125.5,-95.72756910880234
86.5,125.5,-92.8175376439327
87.25,125.5,-91.18356429784878
88.0,125.5,-90.65401757870598
88.75,125.5,-89.33408644874363
89.5,125.5,-88.63017581857561
90.25,125.5,-87.92341227664338
91.0,125.5,-85.2688056708483
91.75,125.5,-84.63994634310696
92.5,125.5,-84.09202453987731
93.25,125.5,-81.53333333333333
94.0,125.5,
94.75,125.5,
95.5,125.5,
96.25,125.5,
97.0,125.5,
97.75,125.5,
98.5,125.5,
99.25,125.5,
100.0,125.5,
100.75,125.5,
101.5,125.5,
102.25,125.5,
103.0,125.5,
103.75,125.5,
104.5,125.5,
105.25,125.5,
106.0,125.5,
106.75,125.5,
107.5,125.5,
108.25,125.5,
109.0,125.5,
109.75,125.5,
110.5,125.5,
111.25,125.5,
112.0,125.5,
112.75,125.5,
113.5,125.5,
114.25,125.5,
115.0,125.5,
115.75,125.5,
116.5,125.5,
117.25,125.5,
118.0,125.5,
118.75,125.5,
119.5,125.5,
120.25,125.5,
121.0,125.5,
121.75,125.5,
122.5,125.5,
123.25,125.5,
124.0,125.5,
124.75,125.5,
125.5,125.5,
126.25,125.5,
127.0,125.5,
127.75,125.5,
128.5,125.5,
129.25,125.5,
130.0,125.5,
130.75,125.5,-88.54047619047618
131.5,125.5,-88.36403508771932
132.25,125.5,-87.72733273959547
133.0,125.5,-87.43672369573454
133.75,125.5,-87.79156055144445
134.5,125.5,-87.77251188689706
135.25,125.5,-88.16962089734768
136.0,125.5,-88.50621455019261
136.75,125.5,-88.96115227216595
137.5,125.5,-89.00584362380903
138.25,125.5,-89.45773642500109
139.0,125.5,-89.91195516275833
139.75,125.5,-90.19286928392565
140.5,125.5,-90.88124644746095
141.25,125.5,-90.81972768925142
142.0,125.5,-86.96953520567534
142.75,125.5,-81.75640571722097
143.5,125.5,-81.97143634385203
144.25,125.5,-84.50775461254479
145.0,125.5,-86.19660415751011
145.75,125.5,-86.58421718105271
146.5,125.5,-86.80195039362015
147.25,125.5,-87.0621429468255
148.0,125.5,-86.43969810384371
148.75,125.5,-88.32914342590166
149.5,125.5,-88.37350420980569
150.25,125.5,-88.03194134208053
151.0,125.5,-87.63334023073652
151.75,125.5,-88.27445774555763
152.5,125.5,-87.61397367684124
153.25,125.5,-87.4536846945978
154.0,125.5,-87.88888332749386
154.75,125.5,-87.20903161107248
155.5,125.5,-87.28787878787878
156.25,125.5,-87.82570242548135
157.0,125.5,-87.69289471212547
157.75,125.5,-87.11780317486985
158.5,125.5,-86.09002018672723
159.25,125.5,-85.851606155503
160.0,125.5,-87.16275248961819
160.75,125.5,-87.89937345383915
161.5,125.5,-88.9858845671267
162.25,125.5,-90.68799470131329
163.0,125.5,-92.68729007731011
163.75,125.5,-92.31002209391197
164.5,125.5,-92.4316077635262
165.25,125.5,-91.78317507061583
166.0,125.5,-91.31664419004314
166.75,125.5,-92.21870859742783
167.5,125.5,-92.3323802716226
168.25,125.5,-92.90142517814725
169.0,125.5,
169.75,125.5,
170.5,125.5,
171.25,125.5,
172.0,125.5,
172.75,125.5,
173.5,125.5,
174.25,125.5,
175.0,125.5,
175.75,125.5,
176.5,125.5,
177.25,125.5,
178.0,125.5,
178.75,125.5,
179.5,125.5,
180.25,125.5,
181.0,125.5,
181.75,125.5,
182.5,125.5,
183.25,125.5,
184.0,125.5,
184.75,125.5,
185.5,125.5,
186.25,125.5,
187.0,125.5,
187.75,125.5,
188.5,125.5,
189.25,125.5,
190.0,125.5,
190.75,125.5,
191.5,125.5,
192.25,125.5,
193.0,125.5,
193.75,125.5,
194.5,125.5,
195.25,125.5,
196.0,125.5,
196.75,125.5,
197.5,125.5,
198.25,125.5,
199.0,125.5,
199.75,125.5,
200.5,125.5,
201.25,125.5,
202.0,125.5,
202.75,125.5,
203.5,125.5,
204.25,125.5,
205.0,125.5,
205.75,125.5,
206.5,125.5,
207.25,125.5,
208.0,125.5,
208.75,125.5,
209.5,125.5,
210.25,125.5,
211.0,125.5,
211.75,125.5,
212.5,125.5,
213.25,125.5,
214.0,125.5,
214.75,125.5,
215.5,125.5,
216.25,125.5,
217.0,125.5,
217.75,125.5,
218.5,125.5,
219.25,125.5,
31.0,126.25,
31.75,126.25,
32.5,126.25,
33.25,126.25,
34.0,126.25,
34.75,126.25,
35.5,126.25,
36.25,126.25,
37.0,126.25,
37.75,126.25,
38.5,126.25,
39.25,126.25,
40.0,126.25,
40.75,126.25,-87.53265306122448
41.5,126.25,-90.9449721746539
42.25,126.25,-90.00836728352935
43.0,126.25,-90.5436980481563
43.75,126.25,-91.3678516776841
44.5,126.25,-92.16063694516762
45.25,126.25,-94.02019815924362
46.0,126.25,-96.61879870747003
46.75,126.25,-98.0061542052439
47.5,126.25,-97.87197026689738
48.25,126.25,-97.31107312111834
49.0,126.25,-96.24681875298656
49.75,126.25,-95.29289254695102
50.5,126.25,
51.25,126.25,
52.0,126.25,
52.75,126.25,
53.5,126.25,
54.25,126.25,
55.0,126.25,
55.75,126.25,
56.5,126.25,
57.25,126.25,
58.0,126.25,
58.75,126.25,
59.5,126.25,
60.25,126.25,
61.0,126.25,
61.75,126.25,
62.5,126.25,
63.25,126.25,-78.41561181434598
64.0,126.25,-78.42411924119241
64.75,126.25,-80.34977527969365
65.5,126.25,-81.15621937628953
66.25,126.25,-82.17787974771657
67.0,126.25,-82.01889110839956
67.75,126.25,-81.79198646914733
68.5,126.25,-81.63178110450748
69.25,126.25,-82.35824975009787
70.0,126.25,-84.70390394334969
70.75,126.25,-86.38721648048688
71.5,126.25,-86.70861221799747
72.25,126.25,-87.17848160723699
73.0,126.25,-87.54231987279256
73.75,126.25,-87.86462825433478
74.5,126.25,-88.11133865737752
75.25,126.25,-90.05796615155498
76.0,126.25,-90.22922009728461
76.75,126.25,
77.5,126.25,
78.25,126.25,-89.94139194139193
79.0,126.25,-89.82795698924731
79.75,126.25,-92.14360770577932
80.5,126.25,-92.2174561667364
81.25,126.25,-92.005096426522
82.0,126.25,-92.36080259566347
82.75,126.25,-93.00139141102709
83.5,126.25,-93.94574857360452
84.25,126.25,-94.67810167883734
85.0,126.25,-94.73264007077947
85.75,126.25,-92.89851244265259
86.5,126.25,-90.39465889160988
87.25,126.25,-89.65395815802934
88.0,126.25,-89.25449842932213
88.75,126.25,-88.80652152583137
89.5,126.25,-88.11362101489019
90.25,126.25,-87.37856989081898
91.0,126.25,-85.07026835323325
91.75,126.25,-84.31615925058549
92.5,126.25,-83.68466948902483
93.25,126.25,-81.26291079812208
94.0,126.25,-80.89083820662768
94.75,126.25,
95.5,126.25,
96.25,126.25,
97.0,126.25,
97.75,126.25,
98.5,126.25,
99.25,126.25,
100.0,126.25,
100.75,126.25,
101.5,126.25,
102.25,126.25,
103.0,126.25,
103.75,126.25,
104.5,126.25,
105.25,126.25,
106.0,126.25,
106.75,126.25,
107.5,126.25,
108.25,126.25,
109.0,126.25,
109.75,126.25,
110.5,126.25,
111.25,126.25,
112.0,126.25,
112.75,126.25,
113.5,126.25,
114.25,126.25,
115.0,126.25,
115.75,126.25,
116.5,126.25,
117.25,126.25,
118.0,126.25,
118.75,126.25,
119.5,126.25,
120.25,126.25,
121.0,126.25,
121.75,126.25,
122.5,126.25,
123.25,126.25,
124.0,126.25,
124.75,126.25,
125.5,126.25,
126.25,126.25,
127.0,126.25,
127.75,126.25,
128.5,126.25,
129.25,126.25,
130.0,126.25,-88.79288499025341
130.75,126.25,-88.64671361502349
131.5,126.25,-88.09528179895979
132.25,126.25,-87.6365975901988
133.0,126.25,-87.43499966180867
133.75,126.25,-87.6380938677313
134.5,126.25,-87.55724029698705
135.25,126.25,-87.81256083824412
136.0,126.25,-88.12818423609507
136.75,126.25,-88.65576016511058
137.5,126.25,-89.35216490924952
138.25,126.25,-89.76326911928312
139.0,126.25,-90.12177264793847
139.75,126.25,-90.11856335096766
140.5,126.25,-90.15822990499416
141.25,126.25,-89.9297853658845
142.0,126.25,-88.198134322431
142.75,126.25,-85.56133468704223
143.5,126.25,-84.7203545748668
144.25,126.25,-84.99595577102136
145.0,126.25,-85.74350773081052
145.75,126.25,-86.23940565394878
146.5,126.25,-85.66929784527247
147.25,126.25,-85.94643338548016
148.0,126.25,-85.80834045441482
148.75,126.25,-88.6550490050152
149.5,126.25,-88.14642203057855
150.25,126.25,-87.67707020623135
151.0,126.25,-87.54177397439092
151.75,126.25,-88.0352180824776
152.5,126.25,-87.79104443365925
153.25,126.25,-87.6664465910709
154.0,126.25,-86.9213790757785
154.75,126.25,-86.99437976181275
155.5,126.25,-87.17190384957343
156.25,126.25,-86.88401664898886
157.0,126.25,-87.10481023599208
157.75,126.25,-87.04491206158153
158.5,126.25,-86.87637436165151
159.25,126.25,-86.3279549579965
160.0,126.25,-88.29023204303286
160.75,126.25,-89.29728498829945
161.5,126.25,-90.12203931291006
162.25,126.25,-92.83667227692034
163.0,126.25,-95.36584905049556
163.75,126.25,-94.3186908453792
164.5,126.25,-92.45575190769162
165.25,126.25,-92.01034441323401
166.0,126.25,-91.87759801680407
166.75,126.25,-92.12423376491333
167.5,126.25,-92.2681427357941
168.25,126.25,-92.24205422426394
169.0,126.25,
169.75,126.25,
170.5,126.25,
171.25,126.25,
172.0,126.25,
172.75,126.25,
173.5,126.25,
174.25,126.25,
175.0,126.25,
175.75,126.25,
176.5,126.25,
177.25,126.25,
178.0,126.25,
178.75,126.25,
179.5,126.25,
180.25,126.25,
181.0,126.25,
181.75,126.25,
182.5,126.25,
183.25,126.25,
184.0,126.25,
184.75,126.25,
185.5,126.25,
186.25,126.25,
187.0,126.25,
187.75,126.25,
188.5,126.25,
189.25,126.25,
190.0,126.25,
190.75,126.25,
191.5,126.25,
192.25,126.25,
193.0,126.25,
193.75,126.25,
194.5,126.25,
195.25,126.25,
196.0,126.25,
196.75,126.25,
197.5,126.25,
198.25,126.25,
199.0,126.25,
199.75,126.25,
200.5,126.25,
201.25,126.25,
202.0,126.25,
202.75,126.25,
203.5,126.25,
204.25,126.25,
205.0,126.25,
205.75,126.25,
206.5,126.25,
207.25,126.25,
208.0,126.25,
208.75,126.25,
209.5,126.25,
210.25,126.25,
211.0,126.25,
211.75,126.25,
212.5,126.25,
213.25,126.25,
214.0,126.25,
214.75,126.25,
215.5,126.25,
216.25,126.25,
217.0,126.25,
217.75,126.25,
218.5,126.25,
219.25,126.25,
31.0,127.0,
31.75,127.0,
32.5,127.0,
33.25,127.0,
34.0,127.0,
34.75,127.0,
35.5,127.0,
36.25,127.0,
37.0,127.0,
37.75,127.0,
38.5,127.0,
39.25,127.0,
40.0,127.0,
40.75,127.0,
41.5,127.0,-93.31196581196582
42.25,127.0,-93.61924119241192
43.0,127.0,-94.11111111111111
43.75,127.0,-94.86888888888889
44.5,127.0,-95.94444444444446
45.25,127.0,-97.23856209150327
46.0,127.0,-98.38888888888889
46.75,127.0,-98.9640522875817
47.5,127.0,-98.87777777777778
48.25,127.0,-98.38888888888889
49.0,127.0,-97.77777777777777
49.75,127.0,
50.5,127.0,
51.25,127.0,
52.0,127.0,
52.75,127.0,
53.5,127.0,
54.25,127.0,
55.0,127.0,
55.75,127.0,
56.5,127.0,
57.25,127.0,
58.0,127.0,
58.75,127.0,
59.5,127.0,
60.25,127.0,
61.0,127.0,
61.75,127.0,
62.5,127.0,
63.25,127.0,
64.0,127.0,-78.46296296296296
64.75,127.0,-78.48840579710145
65.5,127.0,-82.29938527881143
66.25,127.0,-82.42436479141512
67.0,127.0,-82.62500000000001
67.75,127.0,-82.93986583109555
68.5,127.0,-83.55309033280508
69.25,127.0,-85.1061919390877
70.0,127.0,-86.49999999999999
70.75,127.0,-87.00362979060516
71.5,127.0,-87.15893535440406
72.25,127.0,-87.71835974802934
73.0,127.0,-88.16666666666667
73.75,127.0,-88.46280247611148
74.5,127.0,-88.65293643212357
75.25,127.0,-90.29194084888383
76.0,127.0,-90.42771084337349
76.75,127.0,-89.88069306930693
77.5,127.0,
78.25,127.0,
79.0,127.0,
79.75,127.0,-92.56989247311827
80.5,127.0,-92.78494623655912
81.25,127.0,-92.22892057330176
82.0,127.0,-92.60453141091656
82.75,127.0,-93.08328825687714
83.5,127.0,-93.0595474504093
84.25,127.0,-93.2108359223886
85.0,127.0,-92.58333333333331
85.75,127.0,-90.91849536519864
86.5,127.0,-89.30446149885768
87.25,127.0,-89.01981004937487
88.0,127.0,-88.91822429906541
88.75,127.0,-88.31897447981203
89.5,127.0,-87.60361907956673
90.25,127.0,-86.8164679032593
91.0,127.0,-84.75000000000001
91.75,127.0,-83.81054498167633
92.5,127.0,-83.0862752413375
93.25,127.0,-80.83768115942028
94.0,127.0,-80.48148148148148
94.75,127.0,
95.5,127.0,
96.25,127.0,
97.0,127.0,
97.75,127.0,
98.5,127.0,
99.25,127.0,
100.0,127.0,
100.75,127.0,
101.5,127.0,
102.25,127.0,
103.0,127.0,
103.75,127.0,
104.5,127.0,
105.25,127.0,
106.0,127.0,
106.75,127.0,
107.5,127.0,
108.25,127.0,
109.0,127.0,
109.75,127.0,
110.5,127.0,
111.25,127.0,
112.0,127.0,
112.75,127.0,
113.5,127.0,
114.25,127.0,
115.0,127.0,
115.75,127.0,
116.5,127.0,
117.25,127.0,
118.0,127.0,
118.75,127.0,
119.5,127.0,
120.25,127.0,
121.0,127.0,
121.75,127.0,
122.5,127.0,
123.25,127.0,
124.0,127.0,
124.75,127.0,
125.5,127.0,
126.25,127.0,
127.0,127.0,
127.75,127.0,
128.5,127.0,
129.25,127.0,
130.0,127.0,-88.95370370370371
130.75,127.0,-88.37788352178032
131.5,127.0,-87.94202149623732
132.25,127.0,-87.73314475140305
133.0,127.0,-87.45652173913044
133.75,127.0,-87.45908588143966
134.5,127.0,-87.27145642208325
135.25,127.0,-87.4198939824775
136.0,127.0,-87.62912308930005
136.75,127.0,-88.14715488335978
137.5,127.0,-89.00302996232269
138.25,127.0,-89.92499383034539
139.0,127.0,-90.49999999999889
139.75,127.0,-90.19521046035716
140.5,127.0,-90.29752262732912
141.25,127.0,-90.41780216723038
142.0,127.0,-89.20706260032101
142.75,127.0,-87.51813883671832
143.5,127.0,-85.92550177832244
144.25,127.0,-85.80275351567984
145.0,127.0,-85.92424242424242
145.75,127.0,-85.61570202709093
146.5,127.0,-85.79435220423606
147.25,127.0,-85.85637886406614
148.0,127.0,-85.53395061728396
148.75,127.0,-85.41685041374808
149.5,127.0,-86.32803856370464
150.25,127.0,-86.26807703371362
151.0,127.0,-86.19736842105264
151.75,127.0,-85.56557927076678
152.5,127.0,-85.97055345807577
153.25,127.0,-86.0722799351662
154.0,127.0,-86.67153284671534
154.75,127.0,-86.54802641933692
155.5,127.0,-86.51739066070466
156.25,127.0,-86.63748337746675
157.0,127.0,-87.0
157.75,127.0,-86.54353417419794
158.5,127.0,-86.52872673408429
159.25,127.0,-87.59920709840435
160.0,127.0,-88.69969199178647
160.75,127.0,-89.87966769947111
161.5,127.0,-90.14044294442213
162.25,127.0,-94.04758640648681
163.0,127.0,-97.99999999999187
163.75,127.0,-95.26750290286614
164.5,127.0,-92.79598510545325
165.25,127.0,-91.89407453336946
166.0,127.0,-91.39462936101992
166.75,127.0,-91.2442745125333
167.5,127.0,-91.95090554253555
168.25,127.0,-92.02744271921192
169.0,127.0,-90.73076923076924
169.75,127.0,
170.5,127.0,
171.25,127.0,
172.0,127.0,
172.75,127.0,
173.5,127.0,
174.25,127.0,
175.0,127.0,
175.75,127.0,
176.5,127.0,
177.25,127.0,
178.0,127.0,
178.75,127.0,
179.5,127.0,
180.25,127.0,
181.0,127.0,
181.75,127.0,
182.5,127.0,
183.25,127.0,
184.0,127.0,
184.75,127.0,
185.5,127.0,
186.25,127.0,
187.0,127.0,
187.75,127.0,
188.5,127.0,
189.25,127.0,
190.0,127.0,
190.75,127.0,
191.5,127.0,
192.25,127.0,
193.0,127.0,
193.75,127.0,
194.5,127.0,
195.25,127.0,
196.0,127.0,
196.75,127.0,
197.5,127.0,
198.25,127.0,
199.0,127.0,
199.75,127.0,
200.5,127.0,
201.25,127.0,
202.0,127.0,
202.75,127.0,
203.5,127.0,
204.25,127.0,
205.0,127.0,
205.75,127.0,
206.5,127.0,
207.25,127.0,
208.0,127.0,
208.75,127.0,
209.5,127.0,
210.25,127.0,
211.0,127.0,
211.75,127.0,
212.5,127.0,
213.25,127.0,
214.0,127.0,
214.75,127.0,
215.5,127.0,
216.25,127.0,
217.0,127.0,
217.75,127.0,
218.5,127.0,
219.25,127.0,
31.0,127.75,
31.75,127.75,
32.5,127.75,
33.25,127.75,
34.0,127.75,
34.75,127.75,
35.5,127.75,
36.25,127.75,
37.0,127.75,
37.75,127.75,
38.5,127.75,
39.25,127.75,
40.0,127.75,
40.75,127.75,
41.5,127.75,-93.8352380952381
42.25,127.75,-94.22300469483568
43.0,127.75,-94.77536231884058
43.75,127.75,-95.52836879432624
44.5,127.75,-96.4704641350211
45.25,127.75,-97.48095238095237
46.0,127.75,-98.31592039800995
46.75,127.75,-98.73809523809524
47.5,127.75,-98.69831223628692
48.25,127.75,-98.33687943262412
49.0,127.75,
49.75,127.75,
50.5,127.75,
51.25,127.75,
52.0,127.75,
52.75,127.75,
53.5,127.75,
54.25,127.75,
55.0,127.75,
55.75,127.75,
56.5,127.75,
57.25,127.75,
58.0,127.75,
58.75,127.75,
59.5,127.75,
60.25,127.75,
61.0,127.75,
61.75,127.75,
62.5,127.75,
63.25,127.75,
64.0,127.75,-78.49220272904483
64.75,127.75,-78.51877934272301
65.5,127.75,-83.06026629906519
66.25,127.75,-83.33676857895341
67.0,127.75,-83.75128503355053
67.75,127.75,-84.37532062075725
68.5,127.75,-85.80511691274506
69.25,127.75,-86.89923226255412
70.0,127.75,-87.8236192160062
70.75,127.75,-88.10031678328357
71.5,127.75,-88.3095257223179
72.25,127.75,-88.66540439964788
73.0,127.75,-88.8236809675561
73.75,127.75,-88.89420799100367
74.5,127.75,-89.89161938721307
75.25,127.75,-89.89077482881665
76.0,127.75,-90.67036933131278
76.75,127.75,-90.70609089660856
77.5,127.75,
78.25,127.75,
79.0,127.75,
79.75,127.75,-92.85347985347985
80.5,127.75,-93.08830022075054
81.25,127.75,-92.27945926633467
82.0,127.75,-92.52941241382356
82.75,127.75,-92.77571767359328
83.5,127.75,-92.2987093938115
84.25,127.75,-92.11434108527129
85.0,127.75,-91.45629101321333
85.75,127.75,-90.39852663547566
86.5,127.75,-89.17981730911532
87.25,127.75,-88.94190079972698
88.0,127.75,-88.46255616616286
88.75,127.75,-87.96598834055582
89.5,127.75,-87.46555622857424
90.25,127.75,-86.6846065588239
91.0,127.75,-84.98217073996061
91.75,127.75,-84.14424706230028
92.5,127.75,-83.72150146003001
93.25,127.75,-82.68847007841073
94.0,127.75,-79.93766937669376
94.75,127.75,-79.81856540084388
95.5,127.75,
96.25,127.75,
97.0,127.75,
97.75,127.75,
98.5,127.75,
99.25,127.75,
100.0,127.75,
100.75,127.75,
101.5,127.75,
102.25,127.75,
103.0,127.75,
103.75,127.75,
104.5,127.75,
105.25,127.75,
106.0,127.75,
106.75,127.75,
107.5,127.75,
108.25,127.75,
109.0,127.75,
109.75,127.75,
110.5,127.75,
111.25,127.75,
112.0,127.75,
112.75,127.75,
113.5,127.75,
114.25,127.75,
115.0,127.75,
115.75,127.75,
116.5,127.75,
117.25,127.75,
118.0,127.75,
118.75,127.75,
119.5,127.75,
120.25,127.75,-96.5
121.0,127.75,
121.75,127.75,
122.5,127.75,-97.45131845841784
123.25,127.75,-97.47424892703862
124.0,127.75,-97.50000000000001
124.75,127.75,-97.52575107296138
125.5,127.75,-97.54868154158214
126.25,127.75,
127.0,127.75,
127.75,127.75,
128.5,127.75,-90.54642166344294
129.25,127.75,-89.30552024323515
130.0,127.75,-88.84279218067906
130.75,127.75,-89.21831806259519
131.5,127.75,-88.76382331289162
132.25,127.75,-88.46942363938835
133.0,127.75,-88.0221806805611
133.75,127.75,-87.53484168377562
134.5,127.75,-87.07659866502024
135.25,127.75,-86.9605786991552
136.0,127.75,-87.13900944086141
136.75,127.75,-87.39842394835414
137.5,127.75,-88.11676613860621
138.25,127.75,-89.37581072855706
139.0,127.75,-89.94449163160527
139.75,127.75,-89.89156415302669
140.5,127.75,-89.94104497562648
141.25,127.75,-89.90651397156002
142.0,127.75,-88.92946459448711
142.75,127.75,-87.66363395288192
143.5,127.75,-86.67825812054953
144.25,127.75,-86.01483930639814
145.0,127.75,-85.78870540245964
145.75,127.75,-84.26907059276532
146.5,127.75,-83.01706562073915
147.25,127.75,-84.55786518509476
148.0,127.75,-84.49856761061895
148.75,127.75,-84.08473043708625
149.5,127.75,-84.28624569068178
150.25,127.75,-85.04147075311444
151.0,127.75,-85.22952916127296
151.75,127.75,-85.12755876726047
152.5,127.75,-85.10365063974132
153.25,127.75,-85.21438751561423
154.0,127.75,-85.57756084234224
154.75,127.75,-86.09327051892363
155.5,127.75,-86.1525951054829
156.25,127.75,-86.5246682918965
157.0,127.75,-86.87053510178835
157.75,127.75,-86.25354367657093
158.5,127.75,-86.03669899424057
159.25,127.75,-87.16853665619666
160.0,127.75,-87.36102418337771
160.75,127.75,-87.99751816581747
161.5,127.75,-88.80139522417844
162.25,127.75,-91.46495421155335
163.0,127.75,-93.83866101402944
163.75,127.75,-92.66512899207025
164.5,127.75,-91.62480118045092
165.25,127.75,-90.76151757798232
166.0,127.75,-90.71074704067469
166.75,127.75,-91.28796614057164
167.5,127.75,-91.57376668131089
168.25,127.75,-92.4511520985508
169.0,127.75,-92.09808175142607
169.75,127.75,-92.34771717553645
170.5,127.75,
171.25,127.75,
172.0,127.75,
172.75,127.75,
173.5,127.75,
174.25,127.75,
175.0,127.75,
175.75,127.75,
176.5,127.75,
177.25,127.75,
178.0,127.75,
178.75,127.75,
179.5,127.75,
180.25,127.75,
181.0,127.75,
181.75,127.75,
182.5,127.75,
183.25,127.75,
184.0,127.75,
184.75,127.75,
185.5,127.75,
186.25,127.75,
187.0,127.75,
187.75,127.75,
188.5,127.75,
189.25,127.75,
190.0,127.75,
190.75,127.75,
191.5,127.75,
192.25,127.75,
193.0,127.75,
193.75,127.75,
194.5,127.75,
195.25,127.75,
196.0,127.75,
196.75,127.75,
197.5,127.75,
198.25,127.75,
199.0,127.75,
199.75,127.75,
200.5,127.75,
201.25,127.75,
202.0,127.75,
202.75,127.75,
203.5,127.75,
204.25,127.75,
205.0,127.75,
205.75,127.75,
206.5,127.75,
207.25,127.75,
208.0,127.75,
208.75,127.75,
209.5,127.75,
210.25,127.75,
211.0,127.75,
211.75,127.75,
212.5,127.75,
213.25,127.75,
214.0,127.75,
214.75,127.75,
215.5,127.75,
216.25,127.75,
217.0,127.75,
217.75,127.75,
218.5,127.75,
219.25,127.75,
31.0,128.5,
31.75,128.5,
32.5,128.5,
33.25,128.5,
34.0,128.5,
34.75,128.5,
35.5,128.5,
36.25,128.5,
37.0,128.5,
37.75,128.5,
38.5,128.5,
39.25,128.5,
40.0,128.5,
40.75,128.5,
41.5,128.5,
42.25,128.5,
43.0,128.5,-95.17619047619047
43.75,128.5,-95.84173669467788
44.5,128.5,-96.60256410256409
45.25,128.5,-97.35964912280703
46.0,128.5,-97.96376811594203
46.75,128.5,-98.28596491228072
47.5,128.5,
48.25,128.5,
49.0,128.5,
49.75,128.5,
50.5,128.5,
51.25,128.5,
52.0,128.5,
52.75,128.5,
53.5,128.5,
54.25,128.5,
55.0,128.5,
55.75,128.5,
56.5,128.5,
57.25,128.5,
58.0,128.5,
58.75,128.5,
59.5,128.5,
60.25,128.5,
61.0,128.5,
61.75,128.5,
62.5,128.5,
63.25,128.5,
64.0,128.5,
64.75,128.5,-78.53809523809524
65.5,128.5,-83.74771480804387
66.25,128.5,-84.14664694842118
67.0,128.5,-84.7142290923504
67.75,128.5,-86.19273386562858
68.5,128.5,-87.14251215585513
69.25,128.5,-88.2483833110199
70.0,128.5,-89.90172205453007
70.75,128.5,-91.162498879307
71.5,128.5,-90.8874679270763
72.25,128.5,-90.00869345933604
73.0,128.5,-89.69328103688973
73.75,128.5,-89.57895932287978
74.5,128.5,-90.22324947832136
75.25,128.5,-90.10568851445943
76.0,128.5,-89.9789760904842
76.75,128.5,-89.86528691033534
77.5,128.5,
78.25,128.5,
79.0,128.5,
79.75,128.5,
80.5,128.5,
81.25,128.5,-92.23870878160027
82.0,128.5,-92.3823661047292
82.75,128.5,-92.47805599549733
83.5,128.5,-91.72777777777779
84.25,128.5,-91.4572764721411
85.0,128.5,-90.9374848304318
85.75,128.5,-89.35970808331098
86.5,128.5,-88.84983028245847
87.25,128.5,-88.50248923800665
88.0,128.5,-87.99760854825738
88.75,128.5,-87.8561505757039
89.5,128.5,-87.54817651666814
90.25,128.5,-85.83557682866255
91.0,128.5,-84.0204432178868
91.75,128.5,-82.98112326902452
92.5,128.5,-82.72803655660378
93.25,128.5,-82.08506018293653
94.0,128.5,-82.39402747362135
94.75,128.5,-82.71688290724185
95.5,128.5,
96.25,128.5,
97.0,128.5,
97.75,128.5,
98.5,128.5,
99.25,128.5,
100.0,128.5,
100.75,128.5,
101.5,128.5,
102.25,128.5,
103.0,128.5,
103.75,128.5,
104.5,128.5,
105.25,128.5,
106.0,128.5,
106.75,128.5,
107.5,128.5,
108.25,128.5,
109.0,128.5,
109.75,128.5,
110.5,128.5,
111.25,128.5,
112.0,128.5,
112.75,128.5,
113.5,128.5,
114.25,128.5,
115.0,128.5,
115.75,128.5,
116.5,128.5,
117.25,128.5,
118.0,128.5,
118.75,128.5,
119.5,128.5,-96.5
120.25,128.5,
121.0,128.5,
121.75,128.5,-97.41448931116389
122.5,128.5,-97.43617021276597
123.25,128.5,-97.46561604584528
124.0,128.5,-97.5
124.75,128.5,-97.53438395415473
125.5,128.5,-97.56382978723406
126.25,128.5,-97.58551068883611
127.0,128.5,
127.75,128.5,-93.22271659766965
128.5,128.5,-92.67213114754098
129.25,128.5,-89.93794111778598
130.0,128.5,-89.49086075910594
130.75,128.5,-89.43259498805517
131.5,128.5,-89.05762551748029
132.25,128.5,-88.78481605354933
133.0,128.5,-88.24639741588412
133.75,128.5,-87.39153612078206
134.5,128.5,-86.53475443928974
135.25,128.5,-86.3398994766114
136.0,128.5,-86.75876380699574
136.75,128.5,-86.73223755830004
137.5,128.5,-87.02704466784262
138.25,128.5,-88.2257472271689
139.0,128.5,-89.22678404543278
139.75,128.5,-89.65458757896153
140.5,128.5,-89.3708704771893
141.25,128.5,-89.20443330911893
142.0,128.5,-88.33952862697011
142.75,128.5,-87.49215281211643
143.5,128.5,-86.72504586558607
144.25,128.5,-85.05417169087143
145.0,128.5,-83.61266710072134
145.75,128.5,-83.23906861971814
146.5,128.5,-82.9494225660871
147.25,128.5,-83.03135632556835
148.0,128.5,-83.6363251365345
148.75,128.5,-83.28480847362086
149.5,128.5,-84.31451620991588
150.25,128.5,-84.43947654097146
151.0,128.5,-84.87432631090755
151.75,128.5,-84.67310446961679
152.5,128.5,-84.83372172375554
153.25,128.5,-84.88095039238982
154.0,128.5,-84.87386348638876
154.75,128.5,-85.15451596017677
155.5,128.5,-85.42420743157116
156.25,128.5,-85.4158888329798
157.0,128.5,-85.6156024716787
157.75,128.5,-85.90149743039402
158.5,128.5,-85.76783380869038
159.25,128.5,-86.04162042417205
160.0,128.5,-84.54200953167557
160.75,128.5,-82.32485973715671
161.5,128.5,-84.16969795388113
162.25,128.5,-88.7335385186806
163.0,128.5,-90.06252497003594
163.75,128.5,-90.34380955118209
164.5,128.5,-89.67907187491546
165.25,128.5,-89.35940094726573
166.0,128.5,-90.25634821860683
166.75,128.5,-91.03745887211433
167.5,128.5,-92.23734009644048
168.25,128.5,-92.63183377987659
169.0,128.5,-92.32323987839598
169.75,128.5,-92.56222997751176
170.5,128.5,-92.38888888888889
171.25,128.5,
172.0,128.5,
172.75,128.5,
173.5,128.5,
174.25,128.5,
175.0,128.5,
175.75,128.5,
176.5,128.5,
177.25,128.5,
178.0,128.5,
178.75,128.5,
179.5,128.5,
180.25,128.5,
181.0,128.5,
181.75,128.5,
182.5,128.5,
183.25,128.5,
184.0,128.5,
184.75,128.5,
185.5,128.5,
186.25,128.5,
187.0,128.5,
187.75,128.5,
188.5,128.5,
189.25,128.5,
190.0,128.5,
190.75,128.5,
191.5,128.5,
192.25,128.5,
193.0,128.5,
193.75,128.5,
194.5,128.5,
195.25,128.5,
196.0,128.5,
196.75,128.5,
197.5,128.5,
198.25,128.5,
199.0,128.5,
199.75,128.5,
200.5,128.5,
201.25,128.5,
202.0,128.5,
202.75,128.5,
203.5,128.5,
204.25,128.5,
205.0,128.5,
205.75,128.5,
206.5,128.5,
207.25,128.5,
208.0,128.5,
208.75,128.5,
209.5,128.5,
210.25,128.5,
211.0,128.5,
211.75,128.5,
212.5,128.5,
213.25,128.5,
214.0,128.5,
214.75,128.5,
215.5,128.5,
216.25,128.5,
217.0,128.5,
217.75,128.5,
218.5,128.5,
219.25,128.5,
31.0,129.25,
31.75,129.25,
32.5,129.25,
33.25,129.25,
34.0,129.25,
34.75,129.25,
35.5,129.25,
36.25,129.25,
37.0,129.25,
37.75,129.25,
38.5,129.25,
39.25,129.25,
40.0,129.25,
40.75,129.25,
41.5,129.25,
42.25,129.25,
43.0,129.25,
43.75,129.25,
44.5,129.25,
45.25,129.25,
46.0,129.25,
46.75,129.25,
47.5,129.25,
48.25,129.25,
49.0,129.25,
49.75,129.25,
50.5,129.25,
51.25,129.25,
52.0,129.25,
52.75,129.25,
53.5,129.25,
54.25,129.25,
55.0,129.25,
55.75,129.25,
56.5,129.25,
57.25,129.25,
58.0,129.25,
58.75,129.25,
59.5,129.25,
60.25,129.25,
61.0,129.25,
61.75,129.25,
62.5,129.25,
63.25,129.25,
64.0,129.25,
64.75,129.25,
65.5,129.25,-85.95046439628483
66.25,129.25,-86.23631863149552
67.0,129.25,-86.66901795869602
67.75,129.25,-88.00335353756203
68.5,129.25,-88.5048451012734
69.25,129.25,-89.43876279432021
70.0,129.25,-90.65709867060703
70.75,129.25,-91.78103825188539
71.5,129.25,-91.5509783059859
72.25,129.25,-90.81558575626647
73.0,129.25,-90.6408013903098
73.75,129.25,-90.98491113646442
74.5,129.25,-90.83053985088922
75.25,129.25,-90.3100693414694
76.0,129.25,-90.12456920529615
76.75,129.25,-90.51668573231827
77.5,129.25,-89.87039045553145
78.25,129.25,
79.0,129.25,
79.75,129.25,
80.5,129.25,
81.25,129.25,
82.0,129.25,-93.73632385120351
82.75,129.25,-93.50000000000001
83.5,129.25,-91.92956714093117
84.25,129.25,-91.47897975090798
85.0,129.25,-90.91263205229303
85.75,129.25,-88.69616640196341
86.5,129.25,-88.42011852926278
87.25,129.25,-87.92681197144958
88.0,129.25,-87.64334447195462
88.75,129.25,-87.87039359196021
89.5,129.25,-87.3347412083374
90.25,129.25,-84.58340406745555
91.0,129.25,-82.01939466038061
91.75,129.25,-81.74093405318219
92.5,129.25,-82.31611281246273
93.25,129.25,-82.42498454324277
94.0,129.25,-83.25130798847397
94.75,129.25,-82.56013569484439
95.5,129.25,-81.28199566160521
96.25,129.25,
97.0,129.25,
97.75,129.25,
98.5,129.25,
99.25,129.25,
100.0,129.25,
100.75,129.25,
101.5,129.25,
102.25,129.25,
103.0,129.25,
103.75,129.25,
104.5,129.25,
105.25,129.25,
106.0,129.25,
106.75,129.25,
107.5,129.25,
108.25,129.25,
109.0,129.25,
109.75,129.25,
110.5,129.25,
111.25,129.25,
112.0,129.25,
112.75,129.25,
113.5,129.25,
114.25,129.25,
115.0,129.25,
115.75,129.25,
116.5,129.25,
117.25,129.25,
118.0,129.25,
118.75,129.25,-96.5
119.5,129.25,
120.25,129.25,
121.0,129.25,-97.37532467532468
121.75,129.25,-97.38819875776397
122.5,129.25,-97.41335740072202
123.25,129.25,-97.45200000000001
124.0,129.25,-97.77160030052592
124.75,129.25,-97.82302920556461
125.5,129.25,-97.8711628397623
126.25,129.25,-97.91214120665266
127.0,129.25,-95.40745986779982
127.75,129.25,-91.90782190217084
128.5,129.25,-91.48963567775198
129.25,129.25,-90.56191624950716
130.0,129.25,-89.30747158331297
130.75,129.25,-89.68764457396735
131.5,129.25,-89.46638537468253
132.25,129.25,-89.34618187138588
133.0,129.25,-88.8671686239966
133.75,129.25,-87.78743627838963
134.5,129.25,-86.49678663546992
135.25,129.25,-86.19237817047063
136.0,129.25,-86.75363446002032
136.75,129.25,-86.59001243996921
137.5,129.25,-86.76112930246241
138.25,129.25,-87.64209615834865
139.0,129.25,-88.27350959369399
139.75,129.25,-89.11996916071087
140.5,129.25,-89.04878405491853
141.25,129.25,-88.79733611206089
142.0,129.25,-87.72613086579334
142.75,129.25,-86.16942818274917
143.5,129.25,-85.57492418156022
144.25,129.25,-84.13232019277876
145.0,129.25,-83.49555775807836
145.75,129.25,-82.38646935865259
146.5,129.25,-82.78558104389333
147.25,129.25,-82.80641358278554
148.0,129.25,-82.69444108410474
148.75,129.25,-84.0882796900083
149.5,129.25,-83.970063738786
150.25,129.25,-84.4540303018442
151.0,129.25,-84.69273568195418
151.75,129.25,-84.47843678312178
152.5,129.25,-84.56504798083206
153.25,129.25,-84.76511436915634
154.0,129.25,-84.13663161161706
154.75,129.25,-84.18495221983787
155.5,129.25,-84.61846565842662
156.25,129.25,-84.18483901147903
157.0,129.25,-84.51765823092613
157.75,129.25,-85.40079425295876
158.5,129.25,-85.34459559821555
159.25,129.25,-85.19873528439742
160.0,129.25,-83.38655310361737
160.75,129.25,-80.79785666113553
161.5,129.25,-82.4908699371524
162.25,129.25,-87.97831702894163
163.0,129.25,-89.88704995314778
163.75,129.25,-89.71776533383573
164.5,129.25,-89.39765279724688
165.25,129.25,-89.28483543527703
166.0,129.25,-90.27877676222259
166.75,129.25,-90.91176495682255
167.5,129.25,-91.3877244219879
168.25,129.25,-91.69686940244213
169.0,129.25,-92.8847085483579
169.75,129.25,-92.85668011127903
170.5,129.25,-92.9709431029439
171.25,129.25,
172.0,129.25,
172.75,129.25,
173.5,129.25,
174.25,129.25,
175.0,129.25,
175.75,129.25,
176.5,129.25,
177.25,129.25,
178.0,129.25,
178.75,129.25,
179.5,129.25,
180.25,129.25,
181.0,129.25,
181.75,129.25,
182.5,129.25,
183.25,129.25,
184.0,129.25,
184.75,129.25,
185.5,129.25,
186.25,129.25,
187.0,129.25,
187.75,129.25,
188.5,129.25,
189.25,129.25,
190.0,129.25,
190.75,129.25,
191.5,129.25,
192.25,129.25,
193.0,129.25,
193.75,129.25,
194.5,129.25,
195.25,129.25,
196.0,129.25,
196.75,129.25,
197.5,129.25,
198.25,129.25,
199.0,129.25,
199.75,129.25,
200.5,129.25,
201.25,129.25,
202.0,129.25,
202.75,129.25,
203.5,129.25,
204.25,129.25,
205.0,129.25,
205.75,129.25,
206.5,129.25,
207.25,129.25,
208.0,129.25,
208.75,129.25,
209.5,129.25,
210.25,129.25,
211.0,129.25,
211.75,129.25,
212.5,129.25,
213.25,129.25,
214.0,129.25,
214.75,129.25,
215.5,129.25,
216.25,129.25,
217.0,129.25,
217.75,129.25,
218.5,129.25,
219.25,129.25,
31.0,130.0,
31.75,130.0,
32.5,130.0,
33.25,130.0,
34.0,130.0,
34.75,130.0,
35.5,130.0,
36.25,130.0,
37.0,130.0,
37.75,130.0,
38.5,130.0,
39.25,130.0,
40.0,130.0,
40.75,130.0,
41.5,130.0,
42.25,130.0,
43.0,130.0,
43.75,130.0,
44.5,130.0,
45.25,130.0,
46.0,130.0,
46.75,130.0,
47.5,130.0,
48.25,130.0,
49.0,130.0,
49.75,130.0,
50.5,130.0,
51.25,130.0,
52.0,130.0,
52.75,130.0,
53.5,130.0,
54.25,130.0,
55.0,130.0,
55.75,130.0,
56.5,130.0,
57.25,130.0,
58.0,130.0,
58.75,130.0,
59.5,130.0,
60.25,130.0,
61.0,130.0,
61.75,130.0,
62.5,130.0,
63.25,130.0,
64.0,130.0,
64.75,130.0,
65.5,130.0,
66.25,130.0,-86.68063892218426
67.0,130.0,-87.13694461351187
67.75,130.0,-88.54005509002731
68.5,130.0,-88.84198744199672
69.25,130.0,-89.57642834689871
70.0,130.0,-90.54863231163755
70.75,130.0,-91.07158492378893
71.5,130.0,-91.10736276340414
72.25,130.0,-91.45392386637924
73.0,130.0,-91.66974318463943
73.75,130.0,-91.45073138201434
74.5,130.0,-91.05259783644685
75.25,130.0,-90.77329135930954
76.0,130.0,-90.62737314463237
76.75,130.0,-90.39524519329008
77.5,130.0,-89.97258133257564
78.25,130.0,-91.60916179337232
79.0,130.0,
79.75,130.0,
80.5,130.0,
81.25,130.0,
82.0,130.0,-93.5
82.75,130.0,-93.2636761487965
83.5,130.0,-91.57675667611515
84.25,130.0,-91.18150920181084
85.0,130.0,-90.71369721936146
85.75,130.0,-87.98323262696019
86.5,130.0,-87.87089843353066
87.25,130.0,-87.37332247178827
88.0,130.0,-86.94743178170144
88.75,130.0,-86.43428955178842
89.5,130.0,-84.93706023237861
90.25,130.0,-81.20976058665323
91.0,130.0,-78.49758116534078
91.75,130.0,-79.2018945604236
92.5,130.0,-80.76986908570754
93.25,130.0,-82.39234286791957
94.0,130.0,-83.51574198502593
94.75,130.0,-84.08139214969532
95.5,130.0,-83.95510725955391
96.25,130.0,-81.12670565302145
97.0,130.0,
97.75,130.0,
98.5,130.0,
99.25,130.0,
100.0,130.0,
100.75,130.0,
101.5,130.0,
102.25,130.0,
103.0,130.0,
103.75,130.0,
104.5,130.0,
105.25,130.0,
106.0,130.0,
106.75,130.0,
107.5,130.0,
108.25,130.0,
109.0,130.0,
109.75,130.0,
110.5,130.0,
111.25,130.0,
112.0,130.0,
112.75,130.0,
113.5,130.0,
114.25,130.0,
115.0,130.0,
115.75,130.0,
116.5,130.0,
117.25,130.0,
118.0,130.0,-96.49999999999999
118.75,130.0,
119.5,130.0,
120.25,130.0,-97.34415584415586
121.0,130.0,-97.34210526315789
121.75,130.0,-97.61730678118936
122.5,130.0,-97.62997173778176
123.25,130.0,-97.67358565094273
124.0,130.0,-97.74193548387095
124.75,130.0,-97.81556111372713
125.5,130.0,-97.87823940765117
126.25,130.0,-95.3506416415614
127.0,130.0,-94.63856270549553
127.75,130.0,-93.47829007855267
128.5,130.0,-91.38867323426112
129.25,130.0,-90.64509051529976
130.0,130.0,-89.42857142857144
130.75,130.0,-89.64005129694408
131.5,130.0,-89.91995770204505
132.25,130.0,-90.1396560026544
133.0,130.0,-90.0472890462816
133.75,130.0,-88.86630900515617
134.5,130.0,-87.49402075095047
135.25,130.0,-87.07696734047185
136.0,130.0,-87.10064935064935
136.75,130.0,-87.02955015194921
137.5,130.0,-87.1188771125752
138.25,130.0,-87.41129191812661
139.0,130.0,-87.93658710366938
139.75,130.0,-88.31263029286949
140.5,130.0,-88.46964143476846
141.25,130.0,-87.12908891750504
142.0,130.0,-86.53621730382292
142.75,130.0,-86.48895237891195
143.5,130.0,-85.51412610156127
144.25,130.0,-84.26194234172249
145.0,130.0,-83.41697717745693
145.75,130.0,-82.75489328919977
146.5,130.0,-82.53485810170945
147.25,130.0,-82.47612036778978
148.0,130.0,-82.45652173913044
148.75,130.0,-83.10078596759442
149.5,130.0,-84.33695195240657
150.25,130.0,-85.54042427884461
151.0,130.0,-86.05323393532129
151.75,130.0,-84.25354234215025
152.5,130.0,-82.19920690495991
153.25,130.0,-81.75253029306228
154.0,130.0,-82.11426684280052
154.75,130.0,-82.75608999331915
155.5,130.0,-83.71381864924767
156.25,130.0,-83.36761741966224
157.0,130.0,-83.92399565689469
157.75,130.0,-83.97615977271863
158.5,130.0,-85.02851224998665
159.25,130.0,-85.30400975448937
160.0,130.0,-84.41395793499045
160.75,130.0,-83.6510280917351
161.5,130.0,-84.90765591753258
162.25,130.0,-87.34421514018676
163.0,130.0,-88.29918032786884
163.75,130.0,-89.1604745860288
164.5,130.0,-90.7928987283591
165.25,130.0,-91.09413432686526
166.0,130.0,-91.32142857142856
166.75,130.0,-91.64174942544217
167.5,130.0,-91.96360389120908
168.25,130.0,-92.50484893858014
169.0,130.0,-93.30524948386649
169.75,130.0,-93.3834755777462
170.5,130.0,-93.26271186440677
171.25,130.0,
172.0,130.0,
172.75,130.0,
173.5,130.0,
174.25,130.0,
175.0,130.0,
175.75,130.0,
176.5,130.0,
177.25,130.0,
178.0,130.0,
178.75,130.0,
179.5,130.0,
180.25,130.0,
181.0,130.0,
181.75,130.0,
182.5,130.0,
183.25,130.0,
184.0,130.0,
184.75,130.0,
185.5,130.0,
186.25,130.0,
187.0,130.0,
187.75,130.0,
188.5,130.0,
189.25,130.0,
190.0,130.0,
190.75,130.0,
191.5,130.0,
192.25,130.0,
193.0,130.0,
193.75,130.0,
194.5,130.0,
195.25,130.0,
196.0,130.0,
196.75,130.0,
197.5,130.0,
198.25,130.0,
199.0,130.0,
199.75,130.0,
200.5,130.0,
201.25,130.0,
202.0,130.0,
202.75,130.0,
203.5,130.0,
204.25,130.0,
205.0,130.0,
205.75,130.0,
206.5,130.0,
207.25,130.0,
208.0,130.0,
208.75,130.0,
209.5,130.0,
210.25,130.0,
211.0,130.0,
211.75,130.0,
212.5,130.0,
213.25,130.0,
214.0,130.0,
214.75,130.0,
215.5,130.0,
216.25,130.0,
217.0,130.0,
217.75,130.0,
218.5,130.0,
219.25,130.0,
31.0,130.75,
31.75,130.75,
32.5,130.75,
33.25,130.75,
34.0,130.75,
34.75,130.75,
35.5,130.75,
36.25,130.75,
37.0,130.75,
37.75,130.75,
38.5,130.75,
39.25,130.75,
40.0,130.75,
40.75,130.75,
41.5,130.75,
42.25,130.75,
43.0,130.75,
43.75,130.75,
44.5,130.75,
45.25,130.75,
46.0,130.75,
46.75,130.75,
47.5,130.75,
48.25,130.75,
49.0,130.75,
49.75,130.75,
50.5,130.75,
51.25,130.75,
52.0,130.75,
52.75,130.75,
53.5,130.75,
54.25,130.75,
55.0,130.75,
55.75,130.75,
56.5,130.75,
57.25,130.75,
58.0,130.75,
58.75,130.75,
59.5,130.75,
60.25,130.75,
61.0,130.75,
61.75,130.75,
62.5,130.75,
63.25,130.75,
64.0,130.75,
64.75,130.75,
65.5,130.75,
66.25,130.75,
67.0,130.75,-90.05979643765902
67.75,130.75,-88.45120901012567
68.5,130.75,-88.91752038537564
69.25,130.75,-89.85902474834705
70.0,130.75,-90.2612431452565
70.75,130.75,-91.01187330263966
71.5,130.75,-91.16393024786224
72.25,130.75,-91.77489782295258
73.0,130.75,-92.40230546308257
73.75,130.75,-91.79570747371751
74.5,130.75,-91.06156425566455
75.25,130.75,-90.71762395922413
76.0,130.75,-90.89289740508092
76.75,130.75,-90.73010015914755
77.5,130.75,-89.88925516428253
78.25,130.75,-89.85616360920868
79.0,130.75,
79.75,130.75,
80.5,130.75,
81.25,130.75,
82.0,130.75,
82.75,130.75,
83.5,130.75,-91.3338551197729
84.25,130.75,-90.98799827921866
85.0,130.75,-90.59162563902467
85.75,130.75,-87.90262527422084
86.5,130.75,-87.39467563502821
87.25,130.75,-85.96786744760834
88.0,130.75,-85.57723206152771
88.75,130.75,-84.66488208504629
89.5,130.75,-82.49896458200084
90.25,130.75,-77.79727006814075
91.0,130.75,-74.44913938308488
91.75,130.75,-77.01050167626498
92.5,130.75,-80.52242883335799
93.25,130.75,-82.69018474608718
94.0,130.75,-83.92874722392376
94.75,130.75,-84.20368337162786
95.5,130.75,-84.54307679351291
96.25,130.75,-84.91198924187339
97.0,130.75,
97.75,130.75,
98.5,130.75,
99.25,130.75,
100.0,130.75,
100.75,130.75,
101.5,130.75,
102.25,130.75,
103.0,130.75,
103.75,130.75,
104.5,130.75,
105.25,130.75,
106.0,130.75,
106.75,130.75,
107.5,130.75,
108.25,130.75,
109.0,130.75,
109.75,130.75,
110.5,130.75,
111.25,130.75,
112.0,130.75,
112.75,130.75,
113.5,130.75,
114.25,130.75,
115.0,130.75,
115.75,130.75,
116.5,130.75,
117.25,130.75,
118.0,130.75,
118.75,130.75,
119.5,130.75,-97.3289786223278
120.25,130.75,-97.31366459627328
121.0,130.75,-97.56733161079104
121.75,130.75,-97.53573764956634
122.5,130.75,-97.53706492566822
123.25,130.75,-97.59570435881238
124.0,130.75,-97.70579915134371
124.75,130.75,-97.81813141114502
125.5,130.75,-96.29225202187544
126.25,130.75,-95.68695981763159
127.0,130.75,-94.79129539492448
127.75,130.75,-93.45812250492025
128.5,130.75,-92.01315784366037
129.25,130.75,-90.49076487219429
130.0,130.75,-89.47973991608698
130.75,130.75,-89.76275940342713
131.5,130.75,-90.16785067858103
132.25,130.75,-90.80874445259792
133.0,130.75,-91.36442192330435
133.75,130.75,-89.90878002148806
134.5,130.75,-87.57091826691365
135.25,130.75,-87.12225657490414
136.0,130.75,-87.38270386736761
136.75,130.75,-87.44936298209602
137.5,130.75,-87.5229062193983
138.25,130.75,-87.44560784010973
139.0,130.75,-87.78764482400065
139.75,130.75,-88.05065737033786
140.5,130.75,-86.89445520002671
141.25,130.75,-86.69576701347394
142.0,130.75,-86.8214304955497
142.75,130.75,-87.26709133123215
143.5,130.75,-86.60166112789679
144.25,130.75,-83.85778658107422
145.0,130.75,-82.99396387807316
145.75,130.75,-82.68528153187248
146.5,130.75,-81.93683245470044
147.25,130.75,-81.73661186738914
148.0,130.75,-82.01390206524118
148.75,130.75,-82.75813714767433
149.5,130.75,-84.32763703132957
150.25,130.75,-86.71845135392152
151.0,130.75,-88.62490120943723
151.75,130.75,-85.1608332301614
152.5,130.75,-78.77998547454588
153.25,130.75,-77.24747891762794
154.0,130.75,-79.6989946594946
154.75,130.75,-81.62124262840494
155.5,130.75,-82.19663401430725
156.25,130.75,-82.58251406039479
157.0,130.75,-83.42202825817802
157.75,130.75,-83.4479707342657
158.5,130.75,-84.21667326182445
159.25,130.75,-85.83185159761237
160.0,130.75,-85.89783630857804
160.75,130.75,-85.87352353600504
161.5,130.75,-86.02296139025655
162.25,130.75,-86.71176184567285
163.0,130.75,-86.21279089813503
163.75,130.75,-88.37434918756617
164.5,130.75,-92.3758276157794
165.25,130.75,-93.1729789516021
166.0,130.75,-92.48824010603862
166.75,130.75,-92.51069274002799
167.5,130.75,-92.97751675921008
168.25,130.75,-93.09027718339907
169.0,130.75,-93.69988212627742
169.75,130.75,-93.67045568579866
170.5,130.75,-93.62895098292312
171.25,130.75,
172.0,130.75,
172.75,130.75,
173.5,130.75,
174.25,130.75,
175.0,130.75,
175.75,130.75,
176.5,130.75,
177.25,130.75,
178.0,130.75,
178.75,130.75,
179.5,130.75,
180.25,130.75,
181.0,130.75,
181.75,130.75,
182.5,130.75,
183.25,130.75,
184.0,130.75,
184.75,130.75,
185.5,130.75,
186.25,130.75,
187.0,130.75,
187.75,130.75,
188.5,130.75,
189.25,130.75,
190.0,130.75,
190.75,130.75,
191.5,130.75,
192.25,130.75,
193.0,130.75,
193.75,130.75,
194.5,130.75,
195.25,130.75,
196.0,130.75,
196.75,130.75,
197.5,130.75,
198.25,130.75,
199.0,130.75,
199.75,130.75,
200.5,130.75,
201.25,130.75,
202.0,130.75,
202.75,130.75,
203.5,130.75,
204.25,130.75,
205.0,130.75,
205.75,130.75,
206.5,130.75,
207.25,130.75,
208.0,130.75,
208.75,130.75,
209.5,130.75,
210.25,130.75,
211.0,130.75,
211.75,130.75,
212.5,130.75,
213.25,130.75,
214.0,130.75,
214.75,130.75,
215.5,130.75,
216.25,130.75,
217.0,130.75,
217.75,130.75,
218.5,130.75,
219.25,130.75,
31.0,131.5,
31.75,131.5,
32.5,131.5,
33.25,131.5,
34.0,131.5,
34.75,131.5,
35.5,131.5,
36.25,131.5,
37.0,131.5,
37.75,131.5,
38.5,131.5,
39.25,131.5,
40.0,131.5,
40.75,131.5,
41.5,131.5,
42.25,131.5,
43.0,131.5,
43.75,131.5,
44.5,131.5,
45.25,131.5,
46.0,131.5,
46.75,131.5,
47.5,131.5,
48.25,131.5,
49.0,131.5,
49.75,131.5,
50.5,131.5,
51.25,131.5,
52.0,131.5,
52.75,131.5,
53.5,131.5,
54.25,131.5,
55.0,131.5,
55.75,131.5,
56.5,131.5,
57.25,131.5,
58.0,131.5,
58.75,131.5,
59.5,131.5,
60.25,131.5,
61.0,131.5,
61.75,131.5,
62.5,131.5,
63.25,131.5,
64.0,131.5,
64.75,131.5,
65.5,131.5,
66.25,131.5,
67.0,131.5,
67.75,131.5,-89.85945630381573
68.5,131.5,-90.59906524294442
69.25,131.5,-90.64348549970879
70.0,131.5,-90.66355272871826
70.75,131.5,-90.63848548861719
71.5,131.5,-90.68229911519558
72.25,131.5,-91.15881546829749
73.0,131.5,-91.84760919791749
73.75,131.5,-91.14793038963471
74.5,131.5,-90.8186293518487
75.25,131.5,-90.8069843292665
76.0,131.5,-90.57295675209389
76.75,131.5,-90.70323192154554
77.5,131.5,-90.4375919206391
78.25,131.5,-89.6283660382915
79.0,131.5,-89.822
79.75,131.5,
80.5,131.5,
81.25,131.5,
82.0,131.5,
82.75,131.5,
83.5,131.5,
84.25,131.5,-88.50883002207505
85.0,131.5,-88.4784946236559
85.75,131.5,-86.15039287207364
86.5,131.5,-85.89024872995975
87.25,131.5,-85.6096966726487
88.0,131.5,-85.13656084956556
88.75,131.5,-84.55811586961427
89.5,131.5,-82.84167576521968
90.25,131.5,-79.53721601928295
91.0,131.5,-76.41941640738096
91.75,131.5,-79.21309457642012
92.5,131.5,-82.11279146991592
93.25,131.5,-83.5394857008362
94.0,131.5,-84.69212361852144
94.75,131.5,-84.14779587958489
95.5,131.5,-85.05217491263325
96.25,131.5,-85.07820815884202
97.0,131.5,-85.95316804407715
97.75,131.5,-86.60365853658537
98.5,131.5,
99.25,131.5,-87.07318271119841
100.0,131.5,-87.25
100.75,131.5,-87.42681728880156
101.5,131.5,
102.25,131.5,
103.0,131.5,
103.75,131.5,
104.5,131.5,
105.25,131.5,
106.0,131.5,
106.75,131.5,
107.5,131.5,
108.25,131.5,
109.0,131.5,
109.75,131.5,
110.5,131.5,
111.25,131.5,
112.0,131.5,
112.75,131.5,
113.5,131.5,
114.25,131.5,
115.0,131.5,
115.75,131.5,
116.5,131.5,
117.25,131.5,
118.0,131.5,
118.75,131.5,
119.5,131.5,-97.30851063829788
120.25,131.5,-97.57186033156559
121.0,131.5,-97.5019768974339
121.75,131.5,-97.43136091974999
122.5,131.5,-97.39488320355952
123.25,131.5,-97.46481004994702
124.0,131.5,-97.66386554621849
124.75,131.5,-97.04422503588876
125.5,131.5,-96.52123920889882
126.25,131.5,-95.73582708853084
127.0,131.5,-94.56600411083546
127.75,131.5,-93.36854652508649
128.5,131.5,-91.75290264765083
129.25,131.5,-91.03381158466631
130.0,131.5,-90.08983471268347
130.75,131.5,-89.72788233905911
131.5,131.5,-90.14211988884477
132.25,131.5,-90.75360366056937
133.0,131.5,-91.11505176757058
133.75,131.5,-90.05394931624602
134.5,131.5,-87.9879129117026
135.25,131.5,-87.37546434476643
136.0,131.5,-87.62294190021298
136.75,131.5,-87.77550608183901
137.5,131.5,-87.83821662116691
138.25,131.5,-87.56008345684279
139.0,131.5,-87.71368113639063
139.75,131.5,-87.57551283619023
140.5,131.5,-86.44481146632224
141.25,131.5,-86.30676035410254
142.0,131.5,-86.19644519907025
142.75,131.5,-86.84936186878569
143.5,131.5,-85.86799026285816
144.25,131.5,-83.34320386534397
145.0,131.5,-82.76412784993373
145.75,131.5,-82.1473361320649
146.5,131.5,-81.3976267095736
147.25,131.5,-81.24641319720382
148.0,131.5,-81.37330648114245
148.75,131.5,-82.26965049041942
149.5,131.5,-83.188344463426
150.25,131.5,-85.62533218264348
151.0,131.5,-87.4007031175307
151.75,131.5,-84.49359367613073
152.5,131.5,-79.39179939414235
153.25,131.5,-77.86802307383317
154.0,131.5,-79.52147446778119
154.75,131.5,-80.969074468155
155.5,131.5,-81.99804765496738
156.25,131.5,-82.30424233062571
157.0,131.5,-81.43969217108183
157.75,131.5,-83.27613937769479
158.5,131.5,-84.22931552690675
159.25,131.5,-86.91032036704493
160.0,131.5,-86.49095433728672
160.75,131.5,-86.68595362524186
161.5,131.5,-86.9850028817243
162.25,131.5,-87.00208528474546
163.0,131.5,-86.71404755001448
163.75,131.5,-89.3316016421448
164.5,131.5,-92.36804767309876
165.25,131.5,-93.08944075711737
166.0,131.5,-93.20728028499124
166.75,131.5,-93.64221534546131
167.5,131.5,-93.87825720647531
168.25,131.5,-93.76211267860299
169.0,131.5,-93.60419497166883
169.75,131.5,-93.3032391909661
170.5,131.5,-94.27039522777743
171.25,131.5,-94.42157967204905
172.0,131.5,-97.16452991452991
172.75,131.5,-97.28642987249545
173.5,131.5,
174.25,131.5,
175.0,131.5,
175.75,131.5,
176.5,131.5,
177.25,131.5,
178.0,131.5,
178.75,131.5,
179.5,131.5,
180.25,131.5,
181.0,131.5,
181.75,131.5,
182.5,131.5,
183.25,131.5,
184.0,131.5,
184.75,131.5,
185.5,131.5,
186.25,131.5,
187.0,131.5,
187.75,131.5,
188.5,131.5,
189.25,131.5,
190.0,131.5,
190.75,131.5,
191.5,131.5,
192.25,131.5,
193.0,131.5,
193.75,131.5,
194.5,131.5,
195.25,131.5,
196.0,131.5,
196.75,131.5,
197.5,131.5,
198.25,131.5,
199.0,131.5,
199.75,131.5,
200.5,131.5,
201.25,131.5,
202.0,131.5,
202.75,131.5,
203.5,131.5,
204.25,131.5,
205.0,131.5,
205.75,131.5,
206.5,131.5,
207.25,131.5,
208.0,131.5,
208.75,131.5,
209.5,131.5,
210.25,131.5,
211.0,131.5,
211.75,131.5,
212.5,131.5,
213.25,131.5,
214.0,131.5,
214.75,131.5,
215.5,131.5,
216.25,131.5,
217.0,131.5,
217.75,131.5,
218.5,131.5,
219.25,131.5,
31.0,132.25,
31.75,132.25,
32.5,132.25,
33.25,132.25,
34.0,132.25,
34.75,132.25,
35.5,132.25,
36.25,132.25,
37.0,132.25,
37.75,132.25,
38.5,132.25,
39.25,132.25,
40.0,132.25,
40.75,132.25,
41.5,132.25,
42.25,132.25,
43.0,132.25,
43.75,132.25,
44.5,132.25,
45.25,132.25,
46.0,132.25,
46.75,132.25,
47.5,132.25,
48.25,132.25,
49.0,132.25,
49.75,132.25,
50.5,132.25,
51.25,132.25,
52.0,132.25,
52.75,132.25,
53.5,132.25,
54.25,132.25,
55.0,132.25,
55.75,132.25,
56.5,132.25,
57.25,132.25,
58.0,132.25,
58.75,132.25,
59.5,132.25,
60.25,132.25,
61.0,132.25,
61.75,132.25,
62.5,132.25,
63.25,132.25,
64.0,132.25,
64.75,132.25,
65.5,132.25,
66.25,132.25,
67.0,132.25,
67.75,132.25,-91.23981664848306
68.5,132.25,-90.6049753495328
69.25,132.25,-90.58503359274611
70.0,132.25,-90.49429486327521
70.75,132.25,-90.27965618180586
71.5,132.25,-89.82798251850213
72.25,132.25,-88.99806686308085
73.0,132.25,-88.33877415381367
73.75,132.25,-89.12704991198558
74.5,132.25,-90.02805942646562
75.25,132.25,-90.35583010901233
76.0,132.25,-90.57131929625073
76.75,132.25,-90.66761110403391
77.5,132.25,-90.70758107114365
78.25,132.25,-90.72240310701952
79.0,132.25,-89.79488778054862
79.75,132.25,-89.75
80.5,132.25,
81.25,132.25,
82.0,132.25,
82.75,132.25,
83.5,132.25,
84.25,132.25,-88.48534798534799
85.0,132.25,-88.45698924731182
85.75,132.25,-85.91534920505192
86.5,132.25,-85.76470380320012
87.25,132.25,-85.56463120045662
88.0,132.25,-85.66494835431085
88.75,132.25,-85.40395400148866
89.5,132.25,-85.33926045045686
90.25,132.25,-85.87297488400606
91.0,132.25,-87.13119645306229
91.75,132.25,-85.90634039812656
92.5,132.25,-85.12748745656384
93.25,132.25,-84.85775331749726
94.0,132.25,-84.87858903896343
94.75,132.25,-84.80018255437882
95.5,132.25,-84.65562541549043
96.25,132.25,-84.23347961968386
97.0,132.25,-85.84308736217132
97.75,132.25,-86.70353790885325
98.5,132.25,-85.92666472506434
99.25,132.25,-87.01683937823834
100.0,132.25,-87.25
100.75,132.25,-87.48316062176166
101.5,132.25,-87.68583535108958
102.25,132.25,-87.83951965065503
103.0,132.25,
103.75,132.25,
104.5,132.25,
105.25,132.25,
106.0,132.25,
106.75,132.25,
107.5,132.25,
108.25,132.25,
109.0,132.25,
109.75,132.25,
110.5,132.25,
111.25,132.25,
112.0,132.25,
112.75,132.25,
113.5,132.25,
114.25,132.25,
115.0,132.25,
115.75,132.25,
116.5,132.25,
117.25,132.25,
118.0,132.25,
118.75,132.25,
119.5,132.25,-97.29369627507164
120.25,132.25,-97.54949844344516
121.0,132.25,-97.4511177276165
121.75,132.25,-97.32523840549666
122.5,132.25,-97.20109940448923
123.25,132.25,-97.23558484349259
124.0,132.25,-97.21517715857685
124.75,132.25,-97.56652308852277
125.5,132.25,-97.24929002276825
126.25,132.25,-96.19222072679887
127.0,132.25,-94.62703610770636
127.75,132.25,-92.94442253236365
128.5,132.25,-91.32363790399114
129.25,132.25,-90.55526009452443
130.0,132.25,-89.77152135519253
130.75,132.25,-89.57931802331542
131.5,132.25,-89.90528383813269
132.25,132.25,-90.72108299317107
133.0,132.25,-91.16884806998783
133.75,132.25,-90.50018708287652
134.5,132.25,-89.1656379196289
135.25,132.25,-88.34860984156275
136.0,132.25,-88.14395790882041
136.75,132.25,-88.12793819919402
137.5,132.25,-88.12474344891173
138.25,132.25,-87.72148664439815
139.0,132.25,-87.67449745352818
139.75,132.25,-86.78304540370623
140.5,132.25,-85.67346909634763
141.25,132.25,-85.59637140652876
142.0,132.25,-85.26451631988071
142.75,132.25,-84.88343587705168
143.5,132.25,-83.69140725421508
144.25,132.25,-81.61743795286168
145.0,132.25,-80.36037958842117
145.75,132.25,-80.91657451276797
146.5,132.25,-80.82825854711548
147.25,132.25,-80.76125708884763
148.0,132.25,-80.83722709578474
148.75,132.25,-80.62079662434272
149.5,132.25,-81.36507066046774
150.25,132.25,-83.14131198308765
151.0,132.25,-83.64184505029215
151.75,132.25,-83.19167452466017
152.5,132.25,-81.41044003088653
153.25,132.25,-80.35032592139774
154.0,132.25,-80.58709520268609
154.75,132.25,-81.25381428938007
155.5,132.25,-82.0163911446612
156.25,132.25,-82.22114300384074
157.0,132.25,-81.1889424788787
157.75,132.25,-82.18354556270558
158.5,132.25,-83.95065743290928
159.25,132.25,-87.14085551273763
160.0,132.25,-87.22336994741167
160.75,132.25,-87.43982323582787
161.5,132.25,-87.68417339827121
162.25,132.25,-87.97333301135548
163.0,132.25,-88.57632886581122
163.75,132.25,-91.03506940170548
164.5,132.25,-92.79122247914572
165.25,132.25,-93.47669971742104
166.0,132.25,-93.91700764516555
166.75,132.25,-94.90965312155755
167.5,132.25,-94.9600292075853
168.25,132.25,-94.41393766642719
169.0,132.25,-94.53495802513974
169.75,132.25,-94.33309002810026
170.5,132.25,-94.2552556753633
171.25,132.25,-94.4018794041206
172.0,132.25,-94.44296915976598
172.75,132.25,-97.41877637130803
173.5,132.25,
174.25,132.25,
175.0,132.25,
175.75,132.25,
176.5,132.25,
177.25,132.25,
178.0,132.25,
178.75,132.25,
179.5,132.25,
180.25,132.25,
181.0,132.25,
181.75,132.25,
182.5,132.25,
183.25,132.25,
184.0,132.25,
184.75,132.25,
185.5,132.25,
186.25,132.25,
187.0,132.25,
187.75,132.25,
188.5,132.25,
189.25,132.25,
190.0,132.25,
190.75,132.25,
191.5,132.25,
192.25,132.25,
193.0,132.25,
193.75,132.25,
194.5,132.25,
195.25,132.25,
196.0,132.25,
196.75,132.25,
197.5,132.25,
198.25,132.25,
199.0,132.25,
199.75,132.25,
200.5,132.25,
201.25,132.25,
202.0,132.25,
202.75,132.25,
203.5,132.25,
204.25,132.25,
205.0,132.25,
205.75,132.25,
206.5,132.25,
207.25,132.25,
208.0,132.25,
208.75,132.25,
209.5,132.25,
210.25,132.25,
211.0,132.25,
211.75,132.25,
212.5,132.25,
213.25,132.25,
214.0,132.25,
214.75,132.25,
215.5,132.25,
216.25,132.25,
217.0,132.25,
217.75,132.25,
218.5,132.25,
219.25,132.25,
31.0,133.0,
31.75,133.0,
32.5,133.0,
33.25,133.0,
34.0,133.0,
34.75,133.0,
35.5,133.0,
36.25,133.0,
37.0,133.0,
37.75,133.0,
38.5,133.0,
39.25,133.0,
40.0,133.0,
40.75,133.0,
41.5,133.0,
42.25,133.0,
43.0,133.0,
43.75,133.0,
44.5,133.0,
45.25,133.0,
46.0,133.0,
46.75,133.0,
47.5,133.0,
48.25,133.0,
49.0,133.0,
49.75,133.0,
50.5,133.0,
51.25,133.0,
52.0,133.0,
52.75,133.0,
53.5,133.0,
54.25,133.0,
55.0,133.0,
55.75,133.0,
56.5,133.0,
57.25,133.0,
58.0,133.0,
58.75,133.0,
59.5,133.0,
60.25,133.0,
61.0,133.0,
61.75,133.0,
62.5,133.0,
63.25,133.0,
64.0,133.0,
64.75,133.0,
65.5,133.0,
66.25,133.0,
67.0,133.0,
67.75,133.0,-91.2221397965968
68.5,133.0,-91.14046525171476
69.25,133.0,-91.00598271468908
70.0,133.0,-90.7462859908057
70.75,133.0,-90.4912317310061
71.5,133.0,-89.6557263119247
72.25,133.0,-87.84228486416484
73.0,133.0,-86.00000000000507
73.75,133.0,-87.94745673798519
74.5,133.0,-89.71031177332823
75.25,133.0,-90.37845565008361
76.0,133.0,-90.60096651708663
76.75,133.0,-90.67716430127905
77.5,133.0,-90.69610251229643
78.25,133.0,-90.69544685387274
79.0,133.0,-90.52380952380952
79.75,133.0,-89.70511221945137
80.5,133.0,-89.678
81.25,133.0,
82.0,133.0,
82.75,133.0,
83.5,133.0,
84.25,133.0,
85.0,133.0,
85.75,133.0,-85.24936282597453
86.5,133.0,-85.268781545231
87.25,133.0,-85.31515563666414
88.0,133.0,-85.89032180014517
88.75,133.0,-85.77813493560545
89.5,133.0,-86.81557656499959
90.25,133.0,-89.35022573232922
91.0,133.0,-91.99999999999272
91.75,133.0,-89.3164119435297
92.5,133.0,-86.90684956802095
93.25,133.0,-86.20702122949493
94.0,133.0,-85.80686917500863
94.75,133.0,-85.37391413966688
95.5,133.0,-84.98088648293871
96.25,133.0,-85.73287211485086
97.0,133.0,-85.32352941176471
97.75,133.0,-86.51738674001676
98.5,133.0,-86.57965331392332
99.25,133.0,-86.23084421914605
100.0,133.0,-87.25000000000001
100.75,133.0,-87.57028469750891
101.5,133.0,-87.83441558441558
102.25,133.0,-88.01487252124645
103.0,133.0,-88.11538461538461
103.75,133.0,
104.5,133.0,
105.25,133.0,
106.0,133.0,
106.75,133.0,
107.5,133.0,
108.25,133.0,
109.0,133.0,
109.75,133.0,
110.5,133.0,
111.25,133.0,
112.0,133.0,
112.75,133.0,
113.5,133.0,
114.25,133.0,
115.0,133.0,
115.75,133.0,
116.5,133.0,
117.25,133.0,
118.0,133.0,
118.75,133.0,
119.5,133.0,-97.63557958862384
120.25,133.0,-97.55842933074749
121.0,133.0,-97.44827586206898
121.75,133.0,-97.28880975984785
122.5,133.0,-97.08340971585702
123.25,133.0,-97.02283857758025
124.0,133.0,-97.32565191024864
124.75,133.0,-97.9397492546237
125.5,133.0,-97.69579512427165
126.25,133.0,-96.36068208424274
127.0,133.0,-94.4090909090909
127.75,133.0,-92.30827570391247
128.5,133.0,-90.44269769528026
129.25,133.0,-89.40186167506921
130.0,133.0,-89.56241266884022
130.75,133.0,-89.5073970674793
131.5,133.0,-89.6691847324736
132.25,133.0,-91.0091272413321
133.0,133.0,-91.99999999999801
133.75,133.0,-91.21460319360965
134.5,133.0,-89.979309300803
135.25,133.0,-89.11864332368185
136.0,133.0,-88.67400678116013
136.75,133.0,-88.4447352526826
137.5,133.0,-88.14668649440549
138.25,133.0,-88.02908264550082
139.0,133.0,-86.82758620689656
139.75,133.0,-85.22809642716327
140.5,133.0,-85.03304250095684
141.25,133.0,-84.36259623272085
142.0,133.0,-84.23337515683814
142.75,133.0,-83.73700580474848
143.5,133.0,-82.4173276528264
144.25,133.0,-80.15168569136642
145.0,133.0,-78.00000000000607
145.75,133.0,-79.88116884441435
146.5,133.0,-80.69233887312525
147.25,133.0,-80.56087281039053
148.0,133.0,-80.5800273597811
148.75,133.0,-79.65413123807117
149.5,133.0,-80.20883181812023
150.25,133.0,-82.42665986159479
151.0,133.0,-82.9999999999997
151.75,133.0,-82.87005143442506
152.5,133.0,-82.19811043852782
153.25,133.0,-81.50042501548496
154.0,133.0,-81.23189722830352
154.75,133.0,-81.32051607103125
155.5,133.0,-81.72670671218219
156.25,133.0,-81.96168330380871
157.0,133.0,-79.83333333333333
157.75,133.0,-80.54529616724739
158.5,133.0,-81.2587571449509
159.25,133.0,-86.35176129777463
160.0,133.0,-87.54130396827377
160.75,133.0,-87.96298727825949
161.5,133.0,-88.35378371626868
162.25,133.0,-89.41863021763099
163.0,133.0,-91.23437499999999
163.75,133.0,-92.47165131135094
164.5,133.0,-93.69579971683484
165.25,133.0,-93.95648368029025
166.0,133.0,-94.3511777301927
166.75,133.0,-95.84881349437343
167.5,133.0,-95.58517977555283
168.25,133.0,-94.90658559301546
169.0,133.0,-94.43749999999997
169.75,133.0,-94.230523733111
170.5,133.0,-94.20528868827246
171.25,133.0,-94.39611956777406
172.0,133.0,-94.50468164794006
172.75,133.0,-94.83619793101853
173.5,133.0,
174.25,133.0,
175.0,133.0,
175.75,133.0,
176.5,133.0,
177.25,133.0,
178.0,133.0,
178.75,133.0,
179.5,133.0,
180.25,133.0,
181.0,133.0,
181.75,133.0,
182.5,133.0,
183.25,133.0,
184.0,133.0,
184.75,133.0,
185.5,133.0,
186.25,133.0,
187.0,133.0,
187.75,133.0,
188.5,133.0,
189.25,133.0,
190.0,133.0,
190.75,133.0,
191.5,133.0,
192.25,133.0,
193.0,133.0,
193.75,133.0,
194.5,133.0,
195.25,133.0,
196.0,133.0,
196.75,133.0,
197.5,133.0,
198.25,133.0,
199.0,133.0,
199.75,133.0,
200.5,133.0,
201.25,133.0,
202.0,133.0,
202.75,133.0,
203.5,133.0,
204.25,133.0,
205.0,133.0,
205.75,133.0,
206.5,133.0,
207.25,133.0,
208.0,133.0,
208.75,133.0,
209.5,133.0,
210.25,133.0,
211.0,133.0,
211.75,133.0,
212.5,133.0,
213.25,133.0,
214.0,133.0,
214.75,133.0,
215.5,133.0,
216.25,133.0,
217.0,133.0,
217.75,133.0,
218.5,133.0,
219.25,133.0,
31.0,133.75,
31.75,133.75,
32.5,133.75,
33.25,133.75,
34.0,133.75,
34.75,133.75,
35.5,133.75,
36.25,133.75,
37.0,133.75,
37.75,133.75,
38.5,133.75,
39.25,133.75,
40.0,133.75,
40.75,133.75,
41.5,133.75,
42.25,133.75,
43.0,133.75,
43.75,133.75,
44.5,133.75,
45.25,133.75,
46.0,133.75,
46.75,133.75,
47.5,133.75,
48.25,133.75,
49.0,133.75,
49.75,133.75,
50.5,133.75,
51.25,133.75,
52.0,133.75,
52.75,133.75,
53.5,133.75,
54.25,133.75,
55.0,133.75,
55.75,133.75,
56.5,133.75,
57.25,133.75,
58.0,133.75,
58.75,133.75,
59.5,133.75,
60.25,133.75,
61.0,133.75,
61.75,133.75,
62.5,133.75,
63.25,133.75,
64.0,133.75,
64.75,133.75,
65.5,133.75,
66.25,133.75,
67.0,133.75,
67.75,133.75,-91.25246907252816
68.5,133.75,-91.19312988315748
69.25,133.75,-91.03272611891883
70.0,133.75,-91.07134808889994
70.75,133.75,-90.85555640639119
71.5,133.75,-90.45395932346321
72.25,133.75,-89.64962069512151
73.0,133.75,-88.82857367406542
73.75,133.75,-89.72322179492073
74.5,133.75,-90.44811486426529
75.25,133.75,-90.63676516912028
76.0,133.75,-90.69771485278254
76.75,133.75,-90.70468317269261
77.5,133.75,-90.67561204239462
78.25,133.75,-90.97322671471636
79.0,133.75,-91.80417075090045
79.75,133.75,-92.00868277393965
80.5,133.75,-91.59116733008895
81.25,133.75,-92.27142857142857
82.0,133.75,
82.75,133.75,
83.5,133.75,
84.25,133.75,
85.0,133.75,
85.75,133.75,-85.33804334102462
86.5,133.75,-85.41247369530687
87.25,133.75,-86.06861544845755
88.0,133.75,-85.63597219291752
88.75,133.75,-86.09933383714136
89.5,133.75,-86.91589750729936
90.25,133.75,-88.19153745101333
91.0,133.75,-89.17510859639475
91.75,133.75,-88.13364346328403
92.5,133.75,-87.47358044809347
93.25,133.75,-87.3148950050895
94.0,133.75,-86.61792141739063
94.75,133.75,-85.7612825310822
95.5,133.75,-85.90597497394175
96.25,133.75,-86.2046975670079
97.0,133.75,-86.08316862700148
97.75,133.75,-87.55831671472689
98.5,133.75,-87.61401086809688
99.25,133.75,-87.56629041516118
100.0,133.75,-87.28531250528262
100.75,133.75,-87.81406017637195
101.5,133.75,-87.99943447818843
102.25,133.75,-87.6705271303595
103.0,133.75,-87.62056818678171
103.75,133.75,-87.51023531662523
104.5,133.75,-88.61579572446556
105.25,133.75,-88.42959183673469
106.0,133.75,
106.75,133.75,
107.5,133.75,
108.25,133.75,
109.0,133.75,
109.75,133.75,
110.5,133.75,
111.25,133.75,
112.0,133.75,
112.75,133.75,
113.5,133.75,
114.25,133.75,
115.0,133.75,
115.75,133.75,
116.5,133.75,
117.25,133.75,
118.0,133.75,
118.75,133.75,
119.5,133.75,-97.671583246959
120.25,133.75,-97.60713396930733
121.0,133.75,-97.5178572990562
121.75,133.75,-97.3963543874523
122.5,133.75,-96.94222632414298
123.25,133.75,-96.91453162202217
124.0,133.75,-97.1858642559719
124.75,133.75,-97.56632877141118
125.5,133.75,-97.31569002042326
126.25,133.75,-96.0665661109716
127.0,133.75,-93.83394010981453
127.75,133.75,-91.22301741397104
128.5,133.75,-89.0685456707061
129.25,133.75,-88.60442162720355
130.0,133.75,-89.01332905751481
130.75,133.75,-89.39262863603452
131.5,133.75,-89.78157389054356
132.25,133.75,-90.64053954683496
133.0,133.75,-91.30137192955587
133.75,133.75,-90.93442577403559
134.5,133.75,-90.19423745151728
135.25,133.75,-89.50613683219173
136.0,133.75,-89.04246645904887
136.75,133.75,-88.75069697224134
137.5,133.75,-88.47019257756304
138.25,133.75,-88.21221459424459
139.0,133.75,-87.01955990220048
139.75,133.75,-85.07709416883579
140.5,133.75,-85.28130878125657
141.25,133.75,-85.08295867948796
142.0,133.75,-83.93629439127974
142.75,133.75,-83.55243326672279
143.5,133.75,-82.88686353694672
144.25,133.75,-81.7576540779478
145.0,133.75,-80.89296984830031
145.75,133.75,-81.66743152953704
146.5,133.75,-81.57776688285428
147.25,133.75,-81.3447694945342
148.0,133.75,-81.1794283379623
148.75,133.75,-80.62845040619546
149.5,133.75,-80.99547560571844
150.25,133.75,-82.13970538897473
151.0,133.75,-82.73000280782377
151.75,133.75,-82.64546404534681
152.5,133.75,-82.34148817581061
153.25,133.75,-82.01911480988274
154.0,133.75,-81.76438914907148
154.75,133.75,-81.70144993180747
155.5,133.75,-82.0296421797887
156.25,133.75,-82.14701186810184
157.0,133.75,
157.75,133.75,-80.594816331879
158.5,133.75,-83.05298013245032
159.25,133.75,-86.03279692592619
160.0,133.75,-88.0328577434435
160.75,133.75,-88.3851156410439
161.5,133.75,-89.53195873936401
162.25,133.75,-91.44464401854735
163.0,133.75,-92.02163928680226
163.75,133.75,-92.83132847543125
164.5,133.75,-93.51167063105113
165.25,133.75,-93.79689382410513
166.0,133.75,-94.12470491924014
166.75,133.75,-94.77582028464408
167.5,133.75,-94.88457143337878
168.25,133.75,-94.42799732761067
169.0,133.75,-94.10255954282279
169.75,133.75,-94.40372765449382
170.5,133.75,-94.63577795763527
171.25,133.75,-95.01159439109468
172.0,133.75,-95.27094205127374
172.75,133.75,-95.43671404765836
173.5,133.75,-95.81720316632376
174.25,133.75,
175.0,133.75,
175.75,133.75,
176.5,133.75,
177.25,133.75,
178.0,133.75,
178.75,133.75,
179.5,133.75,
180.25,133.75,
181.0,133.75,
181.75,133.75,
182.5,133.75,
183.25,133.75,
184.0,133.75,
184.75,133.75,
185.5,133.75,
186.25,133.75,
187.0,133.75,
187.75,133.75,
188.5,133.75,
189.25,133.75,
190.0,133.75,
190.75,133.75,
191.5,133.75,
192.25,133.75,
193.0,133.75,
193.75,133.75,
194.5,133.75,
195.25,133.75,
196.0,133.75,
196.75,133.75,
197.5,133.75,
198.25,133.75,
199.0,133.75,
199.75,133.75,
200.5,133.75,
201.25,133.75,
202.0,133.75,
202.75,133.75,
203.5,133.75,
204.25,133.75,
205.0,133.75,
205.75,133.75,
206.5,133.75,
207.25,133.75,
208.0,133.75,
208.75,133.75,
209.5,133.75,
210.25,133.75,
211.0,133.75,
211.75,133.75,
212.5,133.75,
213.25,133.75,
214.0,133.75,
214.75,133.75,
215.5,133.75,
216.25,133.75,
217.0,133.75,
217.75,133.75,
218.5,133.75,
219.25,133.75,
31.0,134.5,
31.75,134.5,
32.5,134.5,
33.25,134.5,
34.0,134.5,
34.75,134.5,
35.5,134.5,
36.25,134.5,
37.0,134.5,
37.75,134.5,
38.5,134.5,
39.25,134.5,
40.0,134.5,
40.75,134.5,
41.5,134.5,
42.25,134.5,
43.0,134.5,
43.75,134.5,
44.5,134.5,
45.25,134.5,
46.0,134.5,
46.75,134.5,
47.5,134.5,
48.25,134.5,
49.0,134.5,
49.75,134.5,
50.5,134.5,
51.25,134.5,
52.0,134.5,
52.75,134.5,
53.5,134.5,
54.25,134.5,
55.0,134.5,
55.75,134.5,
56.5,134.5,
57.25,134.5,
58.0,134.5,
58.75,134.5,
59.5,134.5,
60.25,134.5,
61.0,134.5,
61.75,134.5,
62.5,134.5,
63.25,134.5,
64.0,134.5,
64.75,134.5,
65.5,134.5,
66.25,134.5,
67.0,134.5,
67.75,134.5,-90.65618221258134
68.5,134.5,-91.15366509751178
69.25,134.5,-91.19623185672965
70.0,134.5,-91.38766130130581
70.75,134.5,-91.4766021072542
71.5,134.5,-91.80793588287042
72.25,134.5,-92.72350129985934
73.0,134.5,-93.83200757486533
73.75,134.5,-92.29954264129496
74.5,134.5,-90.91112221702751
75.25,134.5,-90.65126835355132
76.0,134.5,-90.7413295331202
76.75,134.5,-90.82307540863523
77.5,134.5,-90.80106731314152
78.25,134.5,-91.82552827509639
79.0,134.5,-91.79623607233039
79.75,134.5,-92.06751167702654
80.5,134.5,-92.17261927017124
81.25,134.5,-92.4294710327456
82.0,134.5,-92.61570247933885
82.75,134.5,
83.5,134.5,
84.25,134.5,
85.0,134.5,
85.75,134.5,-88.63720173535792
86.5,134.5,-84.97612642905177
87.25,134.5,-86.24840179645614
88.0,134.5,-85.6576803874934
88.75,134.5,-85.97774086037322
89.5,134.5,-86.30172472191629
90.25,134.5,-86.22501430915197
91.0,134.5,-85.9460434859432
91.75,134.5,-86.6721485707392
92.5,134.5,-88.3503925583195
93.25,134.5,-88.93551556980431
94.0,134.5,-87.2624251463845
94.75,134.5,-86.24662697482735
95.5,134.5,-85.51839465023836
96.25,134.5,-85.33878753418979
97.0,134.5,-85.92219983235647
97.75,134.5,-87.29370266262144
98.5,134.5,-87.30950611291935
99.25,134.5,-87.22773638195551
100.0,134.5,-87.6508847898968
100.75,134.5,-88.3874945640875
101.5,134.5,-88.26822746570869
102.25,134.5,-88.28866789795835
103.0,134.5,-87.82791452147542
103.75,134.5,-87.6190366184682
104.5,134.5,-88.51829268292683
105.25,134.5,-88.30541561712847
106.0,134.5,-88.1590909090909
106.75,134.5,
107.5,134.5,
108.25,134.5,
109.0,134.5,
109.75,134.5,
110.5,134.5,
111.25,134.5,
112.0,134.5,
112.75,134.5,
113.5,134.5,
114.25,134.5,
115.0,134.5,
115.75,134.5,
116.5,134.5,
117.25,134.5,
118.0,134.5,
118.75,134.5,
119.5,134.5,-97.72699829373934
120.25,134.5,-97.68784942862868
121.0,134.5,-97.64368517388651
121.75,134.5,-96.52290738387111
122.5,134.5,-96.76112101677866
123.25,134.5,-96.74263233801776
124.0,134.5,-97.3760493603203
124.75,134.5,-98.28831605491445
125.5,134.5,-97.81670957561664
126.25,134.5,-95.9019357076438
127.0,134.5,-93.12453451733028
127.75,134.5,-89.80411742606871
128.5,134.5,-87.23291413638995
129.25,134.5,-86.73615155441814
130.0,134.5,-87.96188588474986
130.75,134.5,-88.85012462465247
131.5,134.5,-89.57779692894712
132.25,134.5,-90.20228962166115
133.0,134.5,-90.4577799398644
133.75,134.5,-90.37904197616092
134.5,134.5,-90.02197802197803
135.25,134.5,-89.62588021683374
136.0,134.5,-89.24259824369668
136.75,134.5,-88.9606801628368
137.5,134.5,-89.12453264039483
138.25,134.5,-88.20955908828208
139.0,134.5,-87.03100775193799
139.75,134.5,-86.11936891222688
140.5,134.5,-85.48989240707388
141.25,134.5,-85.31988867940548
142.0,134.5,-85.08441848939236
142.75,134.5,-84.24299422303402
143.5,134.5,-84.14510365876352
144.25,134.5,-84.69464217798699
145.0,134.5,-85.72653192958576
145.75,134.5,-84.20579147068493
146.5,134.5,-83.46577726218098
147.25,134.5,-83.28169707222052
148.0,134.5,-82.49175738158517
148.75,134.5,-81.69193049527443
149.5,134.5,-81.76618213161724
150.25,134.5,-82.27494765142814
151.0,134.5,-82.3684208080842
151.75,134.5,-82.39902787690433
152.5,134.5,-82.50719352979752
153.25,134.5,-82.1963274117011
154.0,134.5,-82.02664316629016
154.75,134.5,-81.94353953147505
155.5,134.5,-81.71015010721943
156.25,134.5,-79.31769596199524
157.0,134.5,
157.75,134.5,
158.5,134.5,
159.25,134.5,-86.48199181821397
160.0,134.5,-86.87751752946441
160.75,134.5,-88.76518323424335
161.5,134.5,-89.74460169865517
162.25,134.5,-91.92303876053143
163.0,134.5,-92.37095881951618
163.75,134.5,-92.8947246758788
164.5,134.5,-93.2312137506854
165.25,134.5,-93.48453518873606
166.0,134.5,-93.63064013596795
166.75,134.5,-93.7228030876244
167.5,134.5,-93.74860917941587
168.25,134.5,-93.71592553273261
169.0,134.5,-93.84986100369453
169.75,134.5,-94.10885057071174
170.5,134.5,-94.65650653277594
171.25,134.5,-95.24985703020319
172.0,134.5,-95.5790431006347
172.75,134.5,-95.7217318660404
173.5,134.5,-96.07281553398059
174.25,134.5,-96.0778797817417
175.0,134.5,
175.75,134.5,
176.5,134.5,
177.25,134.5,
178.0,134.5,
178.75,134.5,
179.5,134.5,
180.25,134.5,
181.0,134.5,
181.75,134.5,
182.5,134.5,
183.25,134.5,
184.0,134.5,
184.75,134.5,
185.5,134.5,
186.25,134.5,
187.0,134.5,
187.75,134.5,
188.5,134.5,
189.25,134.5,
190.0,134.5,
190.75,134.5,
191.5,134.5,
192.25,134.5,
193.0,134.5,
193.75,134.5,
194.5,134.5,
195.25,134.5,
196.0,134.5,
196.75,134.5,
197.5,134.5,
198.25,134.5,
199.0,134.5,
199.75,134.5,
200.5,134.5,
201.25,134.5,
202.0,134.5,
202.75,134.5,
203.5,134.5,
204.25,134.5,
205.0,134.5,
205.75,134.5,
206.5,134.5,
207.25,134.5,
208.0,134.5,
208.75,134.5,
209.5,134.5,
210.25,134.5,
211.0,134.5,
211.75,134.5,
212.5,134.5,
213.25,134.5,
214.0,134.5,
214.75,134.5,
215.5,134.5,
216.25,134.5,
217.0,134.5,
217.75,134.5,
218.5,134.5,
219.25,134.5,
31.0,135.25,
31.75,135.25,
32.5,135.25,
33.25,135.25,
34.0,135.25,
34.75,135.25,
35.5,135.25,
36.25,135.25,
37.0,135.25,
37.75,135.25,
38.5,135.25,
39.25,135.25,
40.0,135.25,
40.75,135.25,
41.5,135.25,
42.25,135.25,
43.0,135.25,
43.75,135.25,
44.5,135.25,
45.25,135.25,
46.0,135.25,
46.75,135.25,
47.5,135.25,
48.25,135.25,
49.0,135.25,
49.75,135.25,
50.5,135.25,
51.25,135.25,
52.0,135.25,
52.75,135.25,
53.5,135.25,
54.25,135.25,
55.0,135.25,
55.75,135.25,
56.5,135.25,
57.25,135.25,
58.0,135.25,
58.75,135.25,
59.5,135.25,
60.25,135.25,
61.0,135.25,
61.75,135.25,
62.5,135.25,
63.25,135.25,
64.0,135.25,
64.75,135.25,
65.5,135.25,
66.25,135.25,
67.0,135.25,
67.75,135.25,-90.8734439834025
68.5,135.25,-90.9931506849315
69.25,135.25,-91.28929432704754
70.0,135.25,-91.65512953522975
70.75,135.25,-91.95217349498522
71.5,135.25,-92.44634064416582
72.25,135.25,-93.68936540830936
73.0,135.25,-94.78303500633285
73.75,135.25,-93.03532675176288
74.5,135.25,-90.97843351081606
75.25,135.25,-90.63503249534578
76.0,135.25,-90.8896145669031
76.75,135.25,-90.75998287005714
77.5,135.25,-91.3272705743785
78.25,135.25,-91.62642087728794
79.0,135.25,-91.8157341427119
79.75,135.25,-92.19305032383497
80.5,135.25,-92.4649642124856
81.25,135.25,-92.98961431162591
82.0,135.25,-92.84229828850857
82.75,135.25,
83.5,135.25,
84.25,135.25,
85.0,135.25,
85.75,135.25,-88.48029045643153
86.5,135.25,-88.39383561643835
87.25,135.25,-86.13850848766808
88.0,135.25,-85.32843750255863
88.75,135.25,-85.58626207839075
89.5,135.25,-85.67407680399943
90.25,135.25,-85.66430264773423
91.0,135.25,-85.53523011243796
91.75,135.25,-86.0623775186624
92.5,135.25,-88.3961050603191
93.25,135.25,-89.28873552322848
94.0,135.25,-87.11868008630924
94.75,135.25,-85.81424968600699
95.5,135.25,-85.00625241287915
96.25,135.25,-85.49398674075483
97.0,135.25,-87.049381243935
97.75,135.25,-86.95406515817916
98.5,135.25,-86.77405663116527
99.25,135.25,-86.81945463479771
100.0,135.25,-87.62527028045479
100.75,135.25,-88.6799226215379
101.5,135.25,-88.9810557210092
102.25,135.25,-88.86785147248885
103.0,135.25,-88.65438472925018
103.75,135.25,-87.54438515199898
104.5,135.25,-87.2591302551692
105.25,135.25,-86.69166809069407
106.0,135.25,-86.92320811866614
106.75,135.25,-87.39404758696882
107.5,135.25,-87.43292821096735
108.25,135.25,-87.99180924537349
109.0,135.25,-87.64669926650367
109.75,135.25,-89.6417068848371
110.5,135.25,-89.65227014026749
111.25,135.25,-90.3915343915344
112.0,135.25,-90.4529262086514
112.75,135.25,
113.5,135.25,
114.25,135.25,
115.0,135.25,
115.75,135.25,
116.5,135.25,
117.25,135.25,
118.0,135.25,
118.75,135.25,
119.5,135.25,-97.79195397211772
120.25,135.25,-97.7806533255586
121.0,135.25,-96.49718473679609
121.75,135.25,-96.10594405258591
122.5,135.25,-96.10409863103033
123.25,135.25,-96.53603369160173
124.0,135.25,-97.43109025267847
124.75,135.25,-98.64457994803068
125.5,135.25,-97.98228769018759
126.25,135.25,-94.74528427989846
127.0,135.25,-91.99825013751368
127.75,135.25,-89.53242033205733
128.5,135.25,-86.85628193425227
129.25,135.25,-86.26667282651022
130.0,135.25,-87.55782402074745
130.75,135.25,-88.58626054651424
131.5,135.25,-89.21218643866953
132.25,135.25,-89.75753163317277
133.0,135.25,-90.08056071063558
133.75,135.25,-90.16466617680393
134.5,135.25,-90.06847391374244
135.25,135.25,-90.31301684532924
136.0,135.25,-90.12199255562743
136.75,135.25,-90.07078933073078
137.5,135.25,-89.44962216624685
138.25,135.25,-89.33673469387753
139.0,135.25,-88.6061712010617
139.75,135.25,-85.51959253377083
140.5,135.25,-85.56723697242113
141.25,135.25,-86.59873340252147
142.0,135.25,-86.39594447033726
142.75,135.25,-85.55090637137383
143.5,135.25,-85.1772479586152
144.25,135.25,-85.57985511190356
145.0,135.25,-86.74095117041621
145.75,135.25,-85.02368857074745
146.5,135.25,-83.84008496158852
147.25,135.25,-83.84756669794879
148.0,135.25,-83.08726356821244
148.75,135.25,-82.26473250453898
149.5,135.25,-81.98513235748119
150.25,135.25,-82.3177898633588
151.0,135.25,-82.59008527881477
151.75,135.25,-82.28035053226628
152.5,135.25,-82.20085895380848
153.25,135.25,-81.95803981623277
154.0,135.25,-81.78371436919647
154.75,135.25,-82.07519035825102
155.5,135.25,-79.68450881612091
156.25,135.25,-79.53775510204082
157.0,135.25,
157.75,135.25,
158.5,135.25,
159.25,135.25,
160.0,135.25,-89.78993435448578
160.75,135.25,-90.0
161.5,135.25,-92.16087328502981
162.25,135.25,-92.41970052719003
163.0,135.25,-92.74756280370298
163.75,135.25,-92.7230395068691
164.5,135.25,-93.00145714715978
165.25,135.25,-93.19781597776655
166.0,135.25,-93.33493705919048
166.75,135.25,-93.51278201590652
167.5,135.25,-93.44856519324111
168.25,135.25,-93.19278469451649
169.0,135.25,-92.97830327256499
169.75,135.25,-93.66440773957956
170.5,135.25,-94.60797386344981
171.25,135.25,-95.40565230487563
172.0,135.25,-95.57300728956231
172.75,135.25,-96.13125471096423
173.5,135.25,-96.36582425730487
174.25,135.25,-96.30062835042459
175.0,135.25,-98.69402035623409
175.75,135.25,
176.5,135.25,
177.25,135.25,
178.0,135.25,
178.75,135.25,
179.5,135.25,
180.25,135.25,
181.0,135.25,
181.75,135.25,
182.5,135.25,
183.25,135.25,
184.0,135.25,
184.75,135.25,
185.5,135.25,
186.25,135.25,
187.0,135.25,
187.75,135.25,
188.5,135.25,
189.25,135.25,
190.0,135.25,
190.75,135.25,
191.5,135.25,
192.25,135.25,
193.0,135.25,
193.75,135.25,
194.5,135.25,
195.25,135.25,
196.0,135.25,
196.75,135.25,
197.5,135.25,
198.25,135.25,
199.0,135.25,
199.75,135.25,
200.5,135.25,
201.25,135.25,
202.0,135.25,
202.75,135.25,
203.5,135.25,
204.25,135.25,
205.0,135.25,
205.75,135.25,
206.5,135.25,
207.25,135.25,
208.0,135.25,
208.75,135.25,
209.5,135.25,
210.25,135.25,
211.0,135.25,
211.75,135.25,
212.5,135.25,
213.25,135.25,
214.0,135.25,
214.75,135.25,
215.5,135.25,
216.25,135.25,
217.0,135.25,
217.75,135.25,
218.5,135.25,
219.25,135.25,
31.0,136.0,
31.75,136.0,
32.5,136.0,
33.25,136.0,
34.0,136.0,
34.75,136.0,
35.5,136.0,
36.25,136.0,
37.0,136.0,
37.75,136.0,
38.5,136.0,
39.25,136.0,
40.0,136.0,
40.75,136.0,
41.5,136.0,
42.25,136.0,
43.0,136.0,
43.75,136.0,
44.5,136.0,
45.25,136.0,
46.0,136.0,
46.75,136.0,
47.5,136.0,
48.25,136.0,
49.0,136.0,
49.75,136.0,
50.5,136.0,
51.25,136.0,
52.0,136.0,
52.75,136.0,
53.5,136.0,
54.25,136.0,
55.0,136.0,
55.75,136.0,
56.5,136.0,
57.25,136.0,
58.0,136.0,
58.75,136.0,
59.5,136.0,
60.25,136.0,
61.0,136.0,
61.75,136.0,
62.5,136.0,
63.25,136.0,
64.0,136.0,
64.75,136.0,
65.5,136.0,
66.25,136.0,
67.0,136.0,
67.75,136.0,
68.5,136.0,-91.21287128712873
69.25,136.0,-91.55082126872396
70.0,136.0,-91.85544250335955
70.75,136.0,-92.15653309994615
71.5,136.0,-92.44522337006319
72.25,136.0,-93.06292453268665
73.0,136.0,-93.29002923026955
73.75,136.0,-92.56547922960914
74.5,136.0,-91.86686794401946
75.25,136.0,-91.6016013251009
76.0,136.0,-91.09810126582278
76.75,136.0,-90.66635228068506
77.5,136.0,-90.66960112529628
78.25,136.0,-91.33630545568238
79.0,136.0,-92.0700608527082
79.75,136.0,-92.57606936679751
80.5,136.0,-92.75251816084707
81.25,136.0,-93.25198329503714
82.0,136.0,-93.34215885947046
82.75,136.0,-93.17396061269146
83.5,136.0,
84.25,136.0,
85.0,136.0,
85.75,136.0,
86.5,136.0,-88.23514851485149
87.25,136.0,-86.65019850756796
88.0,136.0,-85.14676521405259
88.75,136.0,-85.29240361545405
89.5,136.0,-85.28148183603264
90.25,136.0,-85.30618809403141
91.0,136.0,-85.21711594673596
91.75,136.0,-84.8252168097116
92.5,136.0,-84.33930930458226
93.25,136.0,-84.44996324436381
94.0,136.0,-84.4935064935065
94.75,136.0,-84.14953843133418
95.5,136.0,-84.33625309858932
96.25,136.0,-85.27830442324422
97.0,136.0,-86.92583357081789
97.75,136.0,-86.58988222351536
98.5,136.0,-85.67265516092104
99.25,136.0,-85.80836466734394
100.0,136.0,-87.74179206566347
100.75,136.0,-89.40531410844602
101.5,136.0,-89.63209020322415
102.25,136.0,-89.18730617954725
103.0,136.0,-88.22835634793614
103.75,136.0,-87.75218632188125
104.5,136.0,-87.3479920927894
105.25,136.0,-87.60790257076297
106.0,136.0,-87.44474835886213
106.75,136.0,-86.9586614706943
107.5,136.0,-86.55148417583254
108.25,136.0,-88.38521245949747
109.0,136.0,-89.45433789954338
109.75,136.0,-89.44825393543296
110.5,136.0,-89.51909047340114
111.25,136.0,-89.55816766478266
112.0,136.0,-89.6576819407008
112.75,136.0,-90.404984423676
113.5,136.0,-90.62365591397848
114.25,136.0,-90.83900226757369
115.0,136.0,
115.75,136.0,
116.5,136.0,
117.25,136.0,
118.0,136.0,
118.75,136.0,
119.5,136.0,-97.8095238095238
120.25,136.0,-95.98555398648907
121.0,136.0,-96.06208053691275
121.75,136.0,-94.88148416487286
122.5,136.0,-95.32871293503129
123.25,136.0,-95.61701717281944
124.0,136.0,-96.15697674418604
124.75,136.0,-96.63118184935558
125.5,136.0,-95.16042101070684
126.25,136.0,-92.61628433692677
127.0,136.0,-90.97792607802876
127.75,136.0,-90.00673741774814
128.5,136.0,-88.18418988539794
129.25,136.0,-87.68382191606047
130.0,136.0,-88.22334004024144
130.75,136.0,-88.62846905539797
131.5,136.0,-89.28970571348246
132.25,136.0,-89.44291742801352
133.0,136.0,-89.70442033661286
133.75,136.0,-89.84142334403911
134.5,136.0,-89.84639586723483
135.25,136.0,-90.2976477273921
136.0,136.0,-90.16447368421053
136.75,136.0,-89.74449877750612
137.5,136.0,-89.58264462809916
138.25,136.0,-86.3644177168706
139.0,136.0,-86.37037037037037
139.75,136.0,-86.7733590842404
140.5,136.0,-86.27774262987501
141.25,136.0,-86.44205097405936
142.0,136.0,-86.79277566539925
142.75,136.0,-86.62751111882754
143.5,136.0,-86.44087660552752
144.25,136.0,-85.71484527312039
145.0,136.0,-85.72033898305084
145.75,136.0,-84.9401690191495
146.5,136.0,-83.37893296853623
147.25,136.0,-82.90632047967438
148.0,136.0,-82.85714285714285
148.75,136.0,-81.85182807439881
149.5,136.0,-81.71093381119623
150.25,136.0,-81.68835847407492
151.0,136.0,-82.51241005318595
151.75,136.0,-82.19244301461273
152.5,136.0,-82.15312560046335
153.25,136.0,-81.95656946777889
154.0,136.0,-81.8453947368421
154.75,136.0,-80.06784841075795
155.5,136.0,-79.85743801652893
156.25,136.0,
157.0,136.0,
157.75,136.0,
158.5,136.0,
159.25,136.0,
160.0,136.0,-90.0
160.75,136.0,-90.21006564551422
161.5,136.0,-91.32560047739818
162.25,136.0,-92.59949007722433
163.0,136.0,-92.85443843064873
163.75,136.0,-92.5965861741895
164.5,136.0,-92.77336996296678
165.25,136.0,-92.89166351399015
166.0,136.0,-93.43421052631578
166.75,136.0,-93.41044287285888
167.5,136.0,-92.96359000539184
168.25,136.0,-91.76948465768658
169.0,136.0,-91.07528957528956
169.75,136.0,-92.6477149168412
170.5,136.0,-95.50481766073887
171.25,136.0,-96.64953997538184
172.0,136.0,-96.38159371492705
172.75,136.0,-95.86721720241209
173.5,136.0,-95.56497695331919
174.25,136.0,-95.18503434579573
175.0,136.0,-98.70238095238096
175.75,136.0,-98.7137188208617
176.5,136.0,
177.25,136.0,
178.0,136.0,
178.75,136.0,
179.5,136.0,
180.25,136.0,
181.0,136.0,
181.75,136.0,
182.5,136.0,
183.25,136.0,
184.0,136.0,
184.75,136.0,
185.5,136.0,
186.25,136.0,
187.0,136.0,
187.75,136.0,
188.5,136.0,
189.25,136.0,
190.0,136.0,
190.75,136.0,
191.5,136.0,
192.25,136.0,
193.0,136.0,
193.75,136.0,
194.5,136.0,
195.25,136.0,
196.0,136.0,
196.75,136.0,
197.5,136.0,
198.25,136.0,
199.0,136.0,
199.75,136.0,
200.5,136.0,
201.25,136.0,
202.0,136.0,
202.75,136.0,
203.5,136.0,
204.25,136.0,
205.0,136.0,
205.75,136.0,
206.5,136.0,
207.25,136.0,
208.0,136.0,
208.75,136.0,
209.5,136.0,
210.25,136.0,
211.0,136.0,
211.75,136.0,
212.5,136.0,
213.25,136.0,
214.0,136.0,
214.75,136.0,
215.5,136.0,
216.25,136.0,
217.0,136.0,
217.75,136.0,
218.5,136.0,
219.25,136.0,
31.0,136.75,
31.75,136.75,
32.5,136.75,
33.25,136.75,
34.0,136.75,
34.75,136.75,
35.5,136.75,
36.25,136.75,
37.0,136.75,
37.75,136.75,
38.5,136.75,
39.25,136.75,
40.0,136.75,
40.75,136.75,
41.5,136.75,
42.25,136.75,
43.0,136.75,
43.75,136.75,
44.5,136.75,
45.25,136.75,
46.0,136.75,
46.75,136.75,
47.5,136.75,
48.25,136.75,
49.0,136.75,
49.75,136.75,
50.5,136.75,
51.25,136.75,
52.0,136.75,
52.75,136.75,
53.5,136.75,
54.25,136.75,
55.0,136.75,
55.75,136.75,
56.5,136.75,
57.25,136.75,
58.0,136.75,
58.75,136.75,
59.5,136.75,
60.25,136.75,
61.0,136.75,
61.75,136.75,
62.5,136.75,
63.25,136.75,
64.0,136.75,
64.75,136.75,
65.5,136.75,
66.25,136.75,
67.0,136.75,
67.75,136.75,
68.5,136.75,-91.3590021691974
69.25,136.75,-91.93586051832276
70.0,136.75,-91.87606452438614
70.75,136.75,-92.142768836195
71.5,136.75,-92.20845041376485
72.25,136.75,-92.53408473525856
73.0,136.75,-92.55285661630707
73.75,136.75,-92.41533370716716
74.5,136.75,-92.66169332397583
75.25,136.75,-92.76765722308221
76.0,136.75,-91.43266357369903
76.75,136.75,-89.40090678750308
77.5,136.75,-89.77136872792559
78.25,136.75,-91.35727133838284
79.0,136.75,-92.48534578082723
79.75,136.75,-93.05763245442117
80.5,136.75,-93.2719386518521
81.25,136.75,-93.60274484175147
82.0,136.75,-93.60298826313273
82.75,136.75,-93.43779904306221
83.5,136.75,
84.25,136.75,
85.0,136.75,
85.75,136.75,
86.5,136.75,-88.12960954446854
87.25,136.75,-85.53782888248985
88.0,136.75,-86.20837182325509
88.75,136.75,-86.00056439475382
89.5,136.75,-84.82563409603299
90.25,136.75,-84.65137972279564
91.0,136.75,-84.11132746065262
91.75,136.75,-83.07319842798726
92.5,136.75,-79.86271904918704
93.25,136.75,-78.90660038462934
94.0,136.75,-82.48251485297175
94.75,136.75,-83.54097296632928
95.5,136.75,-83.90897083773704
96.25,136.75,-85.38104617359572
97.0,136.75,-86.49932909196576
97.75,136.75,-86.14367233034766
98.5,136.75,-84.55922076871212
99.25,136.75,-84.05137127533261
100.0,136.75,-87.6569300911471
100.75,136.75,-90.65193516422322
101.5,136.75,-90.44556151664159
102.25,136.75,-89.32954348586668
103.0,136.75,-88.04994846828139
103.75,136.75,-87.39242612318867
104.5,136.75,-87.15068210471738
105.25,136.75,-87.32516315599734
106.0,136.75,-87.27710769622932
106.75,136.75,-86.978386909002
107.5,136.75,-87.7229276013112
108.25,136.75,-88.08050867303044
109.0,136.75,-88.61746969320559
109.75,136.75,-89.33386666188038
110.5,136.75,-89.29396040137772
111.25,136.75,-89.35633750464628
112.0,136.75,-89.50464765702108
112.75,136.75,-89.72454761469567
113.5,136.75,-90.54035087719299
114.25,136.75,-90.82485875706215
115.0,136.75,-91.05668934240363
115.75,136.75,
116.5,136.75,
117.25,136.75,
118.0,136.75,
118.75,136.75,
119.5,136.75,-94.97772998010224
120.25,136.75,-94.96039595640445
121.0,136.75,-94.46084361387351
121.75,136.75,-93.94572877215163
122.5,136.75,-93.92435720960204
123.25,136.75,-94.20408981175152
124.0,136.75,-94.1194638541649
124.75,136.75,-93.85102880340925
125.5,136.75,-92.38041825879334
126.25,136.75,-90.88849601889753
127.0,136.75,-90.07367815179677
127.75,136.75,-90.207984646606
128.5,136.75,-89.46825889155706
129.25,136.75,-88.92313439992539
130.0,136.75,-89.12091698313715
130.75,136.75,-88.76548192910026
131.5,136.75,-89.32475924229075
132.25,136.75,-89.67509288397002
133.0,136.75,-89.76132003005492
133.75,136.75,-89.60191179618046
134.5,136.75,-89.6586951985913
135.25,136.75,-89.98631150698448
136.0,136.75,-89.98140043763675
136.75,136.75,
137.5,136.75,-87.67500514418413
138.25,136.75,-85.81220657276997
139.0,136.75,-86.11594202898551
139.75,136.75,-87.17100611334276
140.5,136.75,-86.58010933254108
141.25,136.75,-86.94845991621165
142.0,136.75,-87.24545647820447
142.75,136.75,-87.24849669250412
143.5,136.75,-87.16873533143709
144.25,136.75,-86.44261811816088
145.0,136.75,-86.0206762328025
145.75,136.75,-85.00406241510647
146.5,136.75,-82.27235973996122
147.25,136.75,-81.42087441642781
148.0,136.75,-82.59663642285334
148.75,136.75,-81.95485169713378
149.5,136.75,-81.67252890778984
150.25,136.75,-81.6739996093318
151.0,136.75,-81.69474646499427
151.75,136.75,-82.66986594350725
152.5,136.75,-82.11994176174437
153.25,136.75,-80.31370336079368
154.0,136.75,-80.37582056892778
154.75,136.75,
155.5,136.75,
156.25,136.75,
157.0,136.75,
157.75,136.75,
158.5,136.75,
159.25,136.75,
160.0,136.75,
160.75,136.75,
161.5,136.75,-91.49270503259746
162.25,136.75,-91.76160980553712
163.0,136.75,-92.82294448126386
163.75,136.75,-92.44209756956268
164.5,136.75,-92.52665238243945
165.25,136.75,-93.36532224472464
166.0,136.75,-93.45506567663061
166.75,136.75,-93.02434473288139
167.5,136.75,-92.03354385861317
168.25,136.75,-89.96753850774085
169.0,136.75,-88.29970576976704
169.75,136.75,-91.5026572096843
170.5,136.75,-97.11861687017158
171.25,136.75,-98.15975483079667
172.0,136.75,-97.0760763246927
172.75,136.75,-96.3150752418488
173.5,136.75,-95.69513465125718
174.25,136.75,-95.22919011054479
175.0,136.75,-96.24339996929368
175.75,136.75,-98.72512437810946
176.5,136.75,-98.73095238095237
177.25,136.75,
178.0,136.75,
178.75,136.75,
179.5,136.75,
180.25,136.75,
181.0,136.75,
181.75,136.75,
182.5,136.75,
183.25,136.75,
184.0,136.75,
184.75,136.75,
185.5,136.75,
186.25,136.75,
187.0,136.75,
187.75,136.75,
188.5,136.75,
189.25,136.75,
190.0,136.75,
190.75,136.75,
191.5,136.75,
192.25,136.75,
193.0,136.75,
193.75,136.75,
194.5,136.75,
195.25,136.75,
196.0,136.75,
196.75,136.75,
197.5,136.75,
198.25,136.75,
199.0,136.75,
199.75,136.75,
200.5,136.75,
201.25,136.75,
202.0,136.75,
202.75,136.75,
203.5,136.75,
204.25,136.75,
205.0,136.75,
205.75,136.75,
206.5,136.75,
207.25,136.75,
208.0,136.75,
208.75,136.75,
209.5,136.75,
210.25,136.75,
211.0,136.75,
211.75,136.75,
212.5,136.75,
213.25,136.75,
214.0,136.75,
214.75,136.75,
215.5,136.75,
216.25,136.75,
217.0,136.75,
217.75,136.75,
218.5,136.75,
219.25,136.75,
31.0,137.5,
31.75,137.5,
32.5,137.5,
33.25,137.5,
34.0,137.5,
34.75,137.5,
35.5,137.5,
36.25,137.5,
37.0,137.5,
37.75,137.5,
38.5,137.5,
39.25,137.5,
40.0,137.5,
40.75,137.5,
41.5,137.5,
42.25,137.5,
43.0,137.5,
43.75,137.5,
44.5,137.5,
45.25,137.5,
46.0,137.5,
46.75,137.5,
47.5,137.5,
48.25,137.5,
49.0,137.5,
49.75,137.5,
50.5,137.5,
51.25,137.5,
52.0,137.5,
52.75,137.5,
53.5,137.5,
54.25,137.5,
55.0,137.5,
55.75,137.5,
56.5,137.5,
57.25,137.5,
58.0,137.5,
58.75,137.5,
59.5,137.5,
60.25,137.5,
61.0,137.5,
61.75,137.5,
62.5,137.5,
63.25,137.5,
64.0,137.5,
64.75,137.5,
65.5,137.5,
66.25,137.5,
67.0,137.5,
67.75,137.5,
68.5,137.5,
69.25,137.5,-92.02627171653987
70.0,137.5,-91.90194696560708
70.75,137.5,-92.09420023620937
71.5,137.5,-92.13447597859312
72.25,137.5,-92.25153493323245
73.0,137.5,-92.30008924932541
73.75,137.5,-92.37359622474314
74.5,137.5,-92.77166132981732
75.25,137.5,-92.70685185358477
76.0,137.5,-91.69003711949497
76.75,137.5,-90.14894744747923
77.5,137.5,-90.59769445738239
78.25,137.5,-92.31543910067253
79.0,137.5,-93.49747570777943
79.75,137.5,-93.86815691068706
80.5,137.5,-93.60395666431603
81.25,137.5,-93.39183549938886
82.0,137.5,-93.87746224155626
82.75,137.5,-93.77024040236643
83.5,137.5,
84.25,137.5,
85.0,137.5,
85.75,137.5,
86.5,137.5,
87.25,137.5,-85.17059464476685
88.0,137.5,-85.90377095869346
88.75,137.5,-85.64453322893822
89.5,137.5,-85.09431901177666
90.25,137.5,-84.56719594413642
91.0,137.5,-83.63213798666307
91.75,137.5,-82.31885843494051
92.5,137.5,-79.93441049432093
93.25,137.5,-79.4799230550615
94.0,137.5,-82.19158418238197
94.75,137.5,-83.67698564244027
95.5,137.5,-84.37051300617271
96.25,137.5,-86.5788370919044
97.0,137.5,-88.06160198737746
97.75,137.5,-87.78802445459233
98.5,137.5,-85.68624979361672
99.25,137.5,-85.18476683006297
100.0,137.5,-87.93841791044774
100.75,137.5,-90.20636863188678
101.5,137.5,-90.04418034791534
102.25,137.5,-88.7570164825198
103.0,137.5,-87.29881297398606
103.75,137.5,-86.93744616536489
104.5,137.5,-87.22201851706221
105.25,137.5,-87.06141204967555
106.0,137.5,-87.09091467719583
106.75,137.5,-86.95240247532918
107.5,137.5,-87.72604205807832
108.25,137.5,-88.13483026335211
109.0,137.5,-88.64938528119289
109.75,137.5,-88.7709428278156
110.5,137.5,-89.03741886216112
111.25,137.5,-89.3636440030488
112.0,137.5,-89.75827481854506
112.75,137.5,-90.24126307295565
113.5,137.5,-90.6693289482807
114.25,137.5,-91.50341627358608
115.0,137.5,-91.43936930537468
115.75,137.5,-90.56817913911914
116.5,137.5,-89.18449197860963
117.25,137.5,-91.48843674093621
118.0,137.5,-92.5
118.75,137.5,-92.581326656071
119.5,137.5,-93.15524193548387
120.25,137.5,-93.2631245413573
121.0,137.5,-92.37279263631136
121.75,137.5,-92.2337794185423
122.5,137.5,-91.99317966532602
123.25,137.5,-91.65506338637759
124.0,137.5,-91.2256359429231
124.75,137.5,-90.95329261162607
125.5,137.5,-90.41349761615933
126.25,137.5,-90.34239109353537
127.0,137.5,-90.14634422472588
127.75,137.5,-90.18985492664953
128.5,137.5,-89.9839042298998
129.25,137.5,-89.7109196285356
130.0,137.5,-89.01310191778416
130.75,137.5,-89.04441207950074
131.5,137.5,-89.2912937347437
132.25,137.5,-89.48656246070925
133.0,137.5,-89.25032701801763
133.75,137.5,-89.48858620914169
134.5,137.5,-90.97727272727272
135.25,137.5,
136.0,137.5,
136.75,137.5,-85.17038125753255
137.5,137.5,-84.60736196319019
138.25,137.5,-84.79722549497646
139.0,137.5,-85.110432308912
139.75,137.5,-86.45457918937032
140.5,137.5,-86.99028486207767
141.25,137.5,-87.54360159438549
142.0,137.5,-88.14945017468854
142.75,137.5,-88.41760054679128
143.5,137.5,-87.9540233905039
144.25,137.5,-86.96051073680515
145.0,137.5,-86.24918929874342
145.75,137.5,-85.1513013400048
146.5,137.5,-82.69706313347174
147.25,137.5,-81.83976028535464
148.0,137.5,-82.58501567825873
148.75,137.5,-83.15195586527258
149.5,137.5,-82.85208148628178
150.25,137.5,-82.1798028520377
151.0,137.5,-81.79055635460622
151.75,137.5,-81.82049613786178
152.5,137.5,-81.41882067851374
153.25,137.5,
154.0,137.5,
154.75,137.5,
155.5,137.5,
156.25,137.5,
157.0,137.5,
157.75,137.5,
158.5,137.5,
159.25,137.5,
160.0,137.5,
160.75,137.5,
161.5,137.5,
162.25,137.5,-93.75441501103752
163.0,137.5,-93.73924731182795
163.75,137.5,-92.96070349491737
164.5,137.5,-92.80531805745555
165.25,137.5,-93.66300907405167
166.0,137.5,-93.3713832849172
166.75,137.5,-92.86057370274955
167.5,137.5,-91.52621427347002
168.25,137.5,-90.06843392703162
169.0,137.5,-89.09572165615324
169.75,137.5,-92.17506857958053
170.5,137.5,-96.72343767530573
171.25,137.5,-97.80410000927861
172.0,137.5,-97.12373504889383
172.75,137.5,-96.58788291604732
173.5,137.5,-96.20629754818233
174.25,137.5,-96.0103067154938
175.0,137.5,-96.95345055153254
175.75,137.5,-95.80709842774999
176.5,137.5,-97.8475935828877
177.25,137.5,
178.0,137.5,
178.75,137.5,
179.5,137.5,
180.25,137.5,
181.0,137.5,
181.75,137.5,
182.5,137.5,
183.25,137.5,
184.0,137.5,
184.75,137.5,
185.5,137.5,
186.25,137.5,
187.0,137.5,
187.75,137.5,
188.5,137.5,
189.25,137.5,
190.0,137.5,
190.75,137.5,
191.5,137.5,
192.25,137.5,
193.0,137.5,
193.75,137.5,
194.5,137.5,
195.25,137.5,
196.0,137.5,
196.75,137.5,
197.5,137.5,
198.25,137.5,
199.0,137.5,
199.75,137.5,
200.5,137.5,
201.25,137.5,
202.0,137.5,
202.75,137.5,
203.5,137.5,
204.25,137.5,
205.0,137.5,
205.75,137.5,
206.5,137.5,
207.25,137.5,
208.0,137.5,
208.75,137.5,
209.5,137.5,
210.25,137.5,
211.0,137.5,
211.75,137.5,
212.5,137.5,
213.25,137.5,
214.0,137.5,
214.75,137.5,
215.5,137.5,
216.25,137.5,
217.0,137.5,
217.75,137.5,
218.5,137.5,
219.25,137.5,
31.0,138.25,
31.75,138.25,
32.5,138.25,
33.25,138.25,
34.0,138.25,
34.75,138.25,
35.5,138.25,
36.25,138.25,
37.0,138.25,
37.75,138.25,
38.5,138.25,
39.25,138.25,
40.0,138.25,
40.75,138.25,
41.5,138.25,
42.25,138.25,
43.0,138.25,
43.75,138.25,
44.5,138.25,
45.25,138.25,
46.0,138.25,
46.75,138.25,
47.5,138.25,
48.25,138.25,
49.0,138.25,
49.75,138.25,
50.5,138.25,
51.25,138.25,
52.0,138.25,
52.75,138.25,
53.5,138.25,
54.25,138.25,
55.0,138.25,
55.75,138.25,
56.5,138.25,
57.25,138.25,
58.0,138.25,
58.75,138.25,
59.5,138.25,
60.25,138.25,
61.0,138.25,
61.75,138.25,
62.5,138.25,
63.25,138.25,
64.0,138.25,
64.75,138.25,
65.5,138.25,
66.25,138.25,
67.0,138.25,
67.75,138.25,
68.5,138.25,
69.25,138.25,-94.168776371308
70.0,138.25,-93.27324047331842
70.75,138.25,-92.03680943389298
71.5,138.25,-92.03475804893499
72.25,138.25,-92.12081708142541
73.0,138.25,-92.78669707503742
73.75,138.25,-92.70655887021458
74.5,138.25,-92.65596275834265
75.25,138.25,-92.61508616093856
76.0,138.25,-92.59112273975053
76.75,138.25,-92.86476383890746
77.5,138.25,-93.02846531498412
78.25,138.25,-93.9633239140293
79.0,138.25,-94.97765788393818
79.75,138.25,-94.71308234380214
80.5,138.25,-94.08869812444874
81.25,138.25,-93.62388815225026
82.0,138.25,-93.24087520355693
82.75,138.25,-93.93974493298168
83.5,138.25,
84.25,138.25,
85.0,138.25,
85.75,138.25,
86.5,138.25,
87.25,138.25,-82.38291139240505
88.0,138.25,-84.16693372059166
88.75,138.25,-85.35750265912556
89.5,138.25,-84.76496430065747
90.25,138.25,-84.2172458117585
91.0,138.25,-83.39761888937626
91.75,138.25,-82.87434167739961
92.5,138.25,-81.85203283348154
93.25,138.25,-81.90666068201753
94.0,138.25,-83.29785013244941
94.75,138.25,-84.63911091336381
95.5,138.25,-86.39649721439731
96.25,138.25,-89.32936431073435
97.0,138.25,-91.00369326087797
97.75,138.25,-90.07107122025862
98.5,138.25,-89.03803780538765
99.25,138.25,-88.97099863522988
100.0,138.25,-88.79754883106494
100.75,138.25,-89.04732205659255
101.5,138.25,-88.774019243566
102.25,138.25,-87.50013504528533
103.0,138.25,-86.42554034064844
103.75,138.25,-86.56747435583567
104.5,138.25,-86.8354838396656
105.25,138.25,-86.76821463143882
106.0,138.25,-86.66624031161113
106.75,138.25,-86.94510780752829
107.5,138.25,-87.73973677914333
108.25,138.25,-88.18633802333409
109.0,138.25,-88.69070100656975
109.75,138.25,-89.03522868666525
110.5,138.25,-88.80875324981757
111.25,138.25,-88.69963405594146
112.0,138.25,-89.40096269902013
112.75,138.25,-90.2443460310382
113.5,138.25,-90.74946870133444
114.25,138.25,-91.00519576711042
115.0,138.25,-91.51779948400646
115.75,138.25,-91.9650072497319
116.5,138.25,-91.44884450062088
117.25,138.25,-91.48232185016052
118.0,138.25,-91.85884353741497
118.75,138.25,-92.60832359836942
119.5,138.25,-91.25704801617596
120.25,138.25,-90.57586298686455
121.0,138.25,-91.5171464846524
121.75,138.25,-90.81851459866812
122.5,138.25,-90.3006229113308
123.25,138.25,-89.96605565964012
124.0,138.25,-89.40827944892852
124.75,138.25,-88.90142656241505
125.5,138.25,-89.27722656369178
126.25,138.25,-90.3343555665994
127.0,138.25,-90.8384720226818
127.75,138.25,-90.66512008397098
128.5,138.25,-90.3408517901209
129.25,138.25,-90.03483308204983
130.0,138.25,-89.11349486649814
130.75,138.25,-89.31442728540628
131.5,138.25,-89.47620925862759
132.25,138.25,-89.56138860873719
133.0,138.25,-89.11119959023938
133.75,138.25,-89.32198515064744
134.5,138.25,
135.25,138.25,
136.0,138.25,-82.01559454191033
136.75,138.25,-81.962441314554
137.5,138.25,-84.28774450613267
138.25,138.25,-84.40046838407494
139.0,138.25,-84.62170469322615
139.75,138.25,-85.83858828651508
140.5,138.25,-86.55666306850074
141.25,138.25,-87.61875152762293
142.0,138.25,-88.88070560805019
142.75,138.25,-89.84983604288048
143.5,138.25,-89.51278579865676
144.25,138.25,-88.68764792958119
145.0,138.25,-88.6174913880138
145.75,138.25,-86.60603110756837
146.5,138.25,-83.5440177163835
147.25,138.25,-82.47983606616307
148.0,138.25,-82.75941489032267
148.75,138.25,-83.17416570366593
149.5,138.25,-82.95555769027035
150.25,138.25,-83.41521810772247
151.0,138.25,-81.75435683469327
151.75,138.25,-81.78584601757464
152.5,138.25,-81.85509424591605
153.25,138.25,
154.0,138.25,
154.75,138.25,
155.5,138.25,
156.25,138.25,
157.0,138.25,
157.75,138.25,
158.5,138.25,
159.25,138.25,
160.0,138.25,
160.75,138.25,
161.5,138.25,
162.25,138.25,-93.74267399267399
163.0,138.25,-93.7284946236559
163.75,138.25,-92.0201401050788
164.5,138.25,-92.56216056870727
165.25,138.25,-93.71031402132449
166.0,138.25,-93.4625460404311
166.75,138.25,-92.45684201044784
167.5,138.25,-91.99650470562887
168.25,138.25,-91.57343395106152
169.0,138.25,-91.95112585213528
169.75,138.25,-94.30656701271572
170.5,138.25,-96.8682056316989
171.25,138.25,-97.6086044899942
172.0,138.25,-97.05195987605987
172.75,138.25,-96.43589219590346
173.5,138.25,-96.10241709458407
174.25,138.25,-95.9849207619798
175.0,138.25,-96.84826516068533
175.75,138.25,-96.859203142268
176.5,138.25,-98.83656884144189
177.25,138.25,
178.0,138.25,
178.75,138.25,
179.5,138.25,
180.25,138.25,
181.0,138.25,
181.75,138.25,
182.5,138.25,
183.25,138.25,
184.0,138.25,
184.75,138.25,
185.5,138.25,
186.25,138.25,
187.0,138.25,
187.75,138.25,
188.5,138.25,
189.25,138.25,
190.0,138.25,
190.75,138.25,
191.5,138.25,
192.25,138.25,
193.0,138.25,
193.75,138.25,
194.5,138.25,
195.25,138.25,
196.0,138.25,
196.75,138.25,
197.5,138.25,
198.25,138.25,
199.0,138.25,
199.75,138.25,
200.5,138.25,
201.25,138.25,
202.0,138.25,
202.75,138.25,
203.5,138.25,
204.25,138.25,
205.0,138.25,
205.75,138.25,
206.5,138.25,
207.25,138.25,
208.0,138.25,
208.75,138.25,
209.5,138.25,
210.25,138.25,
211.0,138.25,
211.75,138.25,
212.5,138.25,
213.25,138.25,
214.0,138.25,
214.75,138.25,
215.5,138.25,
216.25,138.25,
217.0,138.25,
217.75,138.25,
218.5,138.25,
219.25,138.25,
31.0,139.0,
31.75,139.0,
32.5,139.0,
33.25,139.0,
34.0,139.0,
34.75,139.0,
35.5,139.0,
36.25,139.0,
37.0,139.0,
37.75,139.0,
38.5,139.0,
39.25,139.0,
40.0,139.0,
40.75,139.0,
41.5,139.0,
42.25,139.0,
43.0,139.0,
43.75,139.0,
44.5,139.0,
45.25,139.0,
46.0,139.0,
46.75,139.0,
47.5,139.0,
48.25,139.0,
49.0,139.0,
49.75,139.0,
50.5,139.0,
51.25,139.0,
52.0,139.0,
52.75,139.0,
53.5,139.0,
54.25,139.0,
55.0,139.0,
55.75,139.0,
56.5,139.0,
57.25,139.0,
58.0,139.0,
58.75,139.0,
59.5,139.0,
60.25,139.0,
61.0,139.0,
61.75,139.0,
62.5,139.0,
63.25,139.0,
64.0,139.0,
64.75,139.0,
65.5,139.0,
66.25,139.0,
67.0,139.0,
67.75,139.0,
68.5,139.0,
69.25,139.0,
70.0,139.0,-94.07407407407408
70.75,139.0,-93.17649607786493
71.5,139.0,-92.86249082806061
72.25,139.0,-92.825307543582
73.0,139.0,-92.78125000000001
73.75,139.0,-92.7487684377889
74.5,139.0,-92.74964233861945
75.25,139.0,-92.95900194914807
76.0,139.0,-93.33124076809452
76.75,139.0,-93.93124173717136
77.5,139.0,-93.85371022846759
78.25,139.0,-94.75542785162845
79.0,139.0,-95.9999999999977
79.75,139.0,-95.23476163135885
80.5,139.0,-94.26711626124562
81.25,139.0,-93.64152407202515
82.0,139.0,-93.19180907483795
82.75,139.0,-93.45035281368656
83.5,139.0,
84.25,139.0,
85.0,139.0,
85.75,139.0,
86.5,139.0,
87.25,139.0,
88.0,139.0,-82.02777777777777
88.75,139.0,-83.79869841276255
89.5,139.0,-83.50672088479361
90.25,139.0,-83.15164809866872
91.0,139.0,-82.67391304347825
91.75,139.0,-83.11886807521323
92.5,139.0,-82.86740617593574
93.25,139.0,-83.55519751421384
94.0,139.0,-84.5738133547868
94.75,139.0,-85.97324664963213
95.5,139.0,-88.21217325689808
96.25,139.0,-91.26276001482718
97.0,139.0,-92.99999999999669
97.75,139.0,-91.39032451865826
98.5,139.0,-90.28440196503163
99.25,139.0,-90.39722585289036
100.0,139.0,-89.46951219512195
100.75,139.0,-88.87622791365496
101.5,139.0,-88.32346016919955
102.25,139.0,-86.76624358222364
103.0,139.0,-85.50000000000263
103.75,139.0,-86.25015942359276
104.5,139.0,-86.54847683614146
105.25,139.0,-86.35847668362516
106.0,139.0,-86.51479146459748
106.75,139.0,-87.01449614534849
107.5,139.0,-87.79396119761255
108.25,139.0,-88.20725771334929
109.0,139.0,-88.9924812030075
109.75,139.0,-89.14996727570292
110.5,139.0,-88.43440101593579
111.25,139.0,-88.14397410538922
112.0,139.0,-89.48071510130379
112.75,139.0,-90.57383073904816
113.5,139.0,-91.07315555533373
114.25,139.0,-91.23755960823816
115.0,139.0,-91.95918367346938
115.75,139.0,-91.96843988081038
116.5,139.0,-92.00354564136425
117.25,139.0,-92.21454169667992
118.0,139.0,-91.89285714285714
118.75,139.0,-91.70801729130406
119.5,139.0,-91.09979745714557
120.25,139.0,-90.8206380606863
121.0,139.0,-90.42857142857143
121.75,139.0,-89.78668432835637
122.5,139.0,-89.07518834987472
123.25,139.0,-88.63173993732534
124.0,139.0,-88.80973687725391
124.75,139.0,-88.09761050302592
125.5,139.0,-88.52052063409732
126.25,139.0,-90.49619782111904
127.0,139.0,-91.49999999999841
127.75,139.0,-91.02953805075005
128.5,139.0,-90.53608839684003
129.25,139.0,-90.22014309411578
130.0,139.0,-89.3228585116783
130.75,139.0,-89.2176043534741
131.5,139.0,-89.2202835562682
132.25,139.0,-89.08943105697432
133.0,139.0,
133.75,139.0,
134.5,139.0,
135.25,139.0,
136.0,139.0,-82.07407407407408
136.75,139.0,-82.0231884057971
137.5,139.0,-83.94641607983957
138.25,139.0,-83.9498522283958
139.0,139.0,-84.00000000000001
139.75,139.0,-84.94429312000585
140.5,139.0,-85.45637883033042
141.25,139.0,-86.83122147512526
142.0,139.0,-89.00780158360503
142.75,139.0,-90.83787665106104
143.5,139.0,-90.34646249668795
144.25,139.0,-89.66511947160323
145.0,139.0,-90.99999999999487
145.75,139.0,-87.93781595070452
146.5,139.0,-82.6547332572055
147.25,139.0,-81.67584412158175
148.0,139.0,-82.72995509508479
148.75,139.0,-83.21682741143154
149.5,139.0,-83.32710985101208
150.25,139.0,-83.53389914650768
151.0,139.0,-81.8695652173913
151.75,139.0,-81.2703562340967
152.5,139.0,-81.26550387596899
153.25,139.0,
154.0,139.0,
154.75,139.0,
155.5,139.0,
156.25,139.0,
157.0,139.0,
157.75,139.0,
158.5,139.0,
159.25,139.0,
160.0,139.0,
160.75,139.0,
161.5,139.0,
162.25,139.0,
163.0,139.0,
163.75,139.0,-90.98655913978494
164.5,139.0,-90.86827956989247
165.25,139.0,-92.49943087349733
166.0,139.0,-92.45877222066362
166.75,139.0,-92.3375149094409
167.5,139.0,-92.27224513847968
168.25,139.0,-92.45421729376628
169.0,139.0,-93.63157894736841
169.75,139.0,-95.34976520643553
170.5,139.0,-97.99890442667248
171.25,139.0,-98.74948597020928
172.0,139.0,-96.9496324373995
172.75,139.0,-96.06727927383992
173.5,139.0,-95.89608963460083
174.25,139.0,-95.95481238744178
175.0,139.0,-96.77272727272727
175.75,139.0,-96.83324071201218
176.5,139.0,-96.86531612754449
177.25,139.0,-98.67460317460318
178.0,139.0,
178.75,139.0,
179.5,139.0,
180.25,139.0,
181.0,139.0,
181.75,139.0,
182.5,139.0,
183.25,139.0,
184.0,139.0,
184.75,139.0,
185.5,139.0,
186.25,139.0,
187.0,139.0,
187.75,139.0,
188.5,139.0,
189.25,139.0,
190.0,139.0,
190.75,139.0,
191.5,139.0,
192.25,139.0,
193.0,139.0,
193.75,139.0,
194.5,139.0,
195.25,139.0,
196.0,139.0,
196.75,139.0,
197.5,139.0,
198.25,139.0,
199.0,139.0,
199.75,139.0,
200.5,139.0,
201.25,139.0,
202.0,139.0,
202.75,139.0,
203.5,139.0,
204.25,139.0,
205.0,139.0,
205.75,139.0,
206.5,139.0,
207.25,139.0,
208.0,139.0,
208.75,139.0,
209.5,139.0,
210.25,139.0,
211.0,139.0,
211.75,139.0,
212.5,139.0,
213.25,139.0,
214.0,139.0,
214.75,139.0,
215.5,139.0,
216.25,139.0,
217.0,139.0,
217.75,139.0,
218.5,139.0,
219.25,139.0,
31.0,139.75,
31.75,139.75,
32.5,139.75,
33.25,139.75,
34.0,139.75,
34.75,139.75,
35.5,139.75,
36.25,139.75,
37.0,139.75,
37.75,139.75,
38.5,139.75,
39.25,139.75,
40.0,139.75,
40.75,139.75,
41.5,139.75,
42.25,139.75,
43.0,139.75,
43.75,139.75,
44.5,139.75,
45.25,139.75,
46.0,139.75,
46.75,139.75,
47.5,139.75,
48.25,139.75,
49.0,139.75,
49.75,139.75,
50.5,139.75,
51.25,139.75,
52.0,139.75,
52.75,139.75,
53.5,139.75,
54.25,139.75,
55.0,139.75,
55.75,139.75,
56.5,139.75,
57.25,139.75,
58.0,139.75,
58.75,139.75,
59.5,139.75,
60.25,139.75,
61.0,139.75,
61.75,139.75,
62.5,139.75,
63.25,139.75,
64.0,139.75,
64.75,139.75,
65.5,139.75,
66.25,139.75,
67.0,139.75,
67.75,139.75,
68.5,139.75,
69.25,139.75,
70.0,139.75,-94.01559454191033
70.75,139.75,-93.962441314554
71.5,139.75,-93.3963142294094
72.25,139.75,-92.82880274527895
73.0,139.75,-92.82353054954226
73.75,139.75,-92.84479480138039
74.5,139.75,-93.03483045170574
75.25,139.75,-93.25332448976532
76.0,139.75,-93.41962670476921
76.75,139.75,-93.69792295527421
77.5,139.75,-93.78952823664973
78.25,139.75,-94.30524920743278
79.0,139.75,-95.02706528679472
79.75,139.75,-94.48116051682858
80.5,139.75,-93.60093664954337
81.25,139.75,-92.90699376229996
82.0,139.75,-92.94870814963245
82.75,139.75,-93.24103332303555
83.5,139.75,-92.57324455205811
84.25,139.75,
85.0,139.75,
85.75,139.75,
86.5,139.75,
87.25,139.75,
88.0,139.75,-81.80847953216374
88.75,139.75,-81.60915492957747
89.5,139.75,-83.4139465988727
90.25,139.75,-83.15073914070675
91.0,139.75,-82.82512860133
91.75,139.75,-83.81912656070314
92.5,139.75,-83.85477489654805
93.25,139.75,-84.72871816457082
94.0,139.75,-85.63603410671143
94.75,139.75,-86.86723347696393
95.5,139.75,-88.7163724676967
96.25,139.75,-90.68722950230604
97.0,139.75,-91.89665643802658
97.75,139.75,-91.03571772564244
98.5,139.75,-90.23731664615428
99.25,139.75,-90.02233023821475
100.0,139.75,-89.40973550072144
100.75,139.75,-88.99242273972472
101.5,139.75,-88.67815447863428
102.25,139.75,-87.93768436852758
103.0,139.75,-87.1885218742502
103.75,139.75,-87.0351957135459
104.5,139.75,-86.03003046823554
105.25,139.75,-85.38895484982746
106.0,139.75,-86.26800311885715
106.75,139.75,-87.36009854138112
107.5,139.75,-87.98289758852962
108.25,139.75,-88.12476285133828
109.0,139.75,-88.71385527611622
109.75,139.75,-89.59568954515326
110.5,139.75,-90.14945905606913
111.25,139.75,-90.16141373308831
112.0,139.75,-90.94845466124252
112.75,139.75,-91.45005328596294
113.5,139.75,-91.59395962086401
114.25,139.75,-91.5244592450876
115.0,139.75,-91.99959277968325
115.75,139.75,-91.90506341167944
116.5,139.75,-91.58701464171725
117.25,139.75,-92.10418547467786
118.0,139.75,-92.03731975256908
118.75,139.75,-91.87376109293928
119.5,139.75,-91.57214834388817
120.25,139.75,-91.14730053116077
121.0,139.75,-90.71510813765782
121.75,139.75,-90.00531554995163
122.5,139.75,-89.16055337967981
123.25,139.75,-88.83100880830318
124.0,139.75,-88.45060028372389
124.75,139.75,-88.34133769121239
125.5,139.75,-88.6496811241835
126.25,139.75,-89.78322333727328
127.0,139.75,-90.66872908873356
127.75,139.75,-90.46183588554642
128.5,139.75,-89.98755507481674
129.25,139.75,-89.61016928696692
130.0,139.75,-89.33197116920316
130.75,139.75,-89.19546016057397
131.5,139.75,-89.43765130425004
132.25,139.75,-89.28438030560272
133.0,139.75,
133.75,139.75,
134.5,139.75,
135.25,139.75,-82.16877637130801
136.0,139.75,-82.15176151761518
136.75,139.75,-82.11347517730496
137.5,139.75,-83.62787136294028
138.25,139.75,-83.52228041791207
139.0,139.75,-83.3687523228351
139.75,139.75,-83.79630073254069
140.5,139.75,-83.65435289007975
141.25,139.75,-84.47075911692399
142.0,139.75,-87.12200397623077
142.75,139.75,-89.43453825429363
143.5,139.75,-89.43900882779182
144.25,139.75,-89.13563122058467
145.0,139.75,-89.32345163539674
145.75,139.75,-87.38614215127198
146.5,139.75,-83.88552253354915
147.25,139.75,-82.74654167420752
148.0,139.75,-83.1789647373653
148.75,139.75,-83.65174443804777
149.5,139.75,-83.47936688508854
150.25,139.75,-83.64723313963239
151.0,139.75,-81.29361370716511
151.75,139.75,-81.28286384976526
152.5,139.75,
153.25,139.75,
154.0,139.75,
154.75,139.75,
155.5,139.75,
156.25,139.75,
157.0,139.75,
157.75,139.75,
158.5,139.75,
159.25,139.75,
160.0,139.75,
160.75,139.75,
161.5,139.75,
162.25,139.75,
163.0,139.75,
163.75,139.75,-90.83058608058607
164.5,139.75,-90.7014348785872
165.25,139.75,-91.5645190015932
166.0,139.75,-92.51057157648383
166.75,139.75,-92.46498438950094
167.5,139.75,-92.49193183010367
168.25,139.75,-93.30758221307636
169.0,139.75,-93.64394209898413
169.75,139.75,-94.25101622093341
170.5,139.75,-95.35745150057178
171.25,139.75,-95.79112278831995
172.0,139.75,-95.12429347438953
172.75,139.75,-95.24839730195478
173.5,139.75,-95.69137368600471
174.25,139.75,-96.8021834931324
175.0,139.75,-97.01370447054055
175.75,139.75,-95.80154283357318
176.5,139.75,-95.60174932406181
177.25,139.75,-96.06456348145404
178.0,139.75,-94.96487264505627
178.75,139.75,-91.98868778280543
179.5,139.75,-91.70889748549322
180.25,139.75,
181.0,139.75,
181.75,139.75,
182.5,139.75,
183.25,139.75,
184.0,139.75,
184.75,139.75,
185.5,139.75,
186.25,139.75,
187.0,139.75,
187.75,139.75,
188.5,139.75,
189.25,139.75,
190.0,139.75,
190.75,139.75,
191.5,139.75,
192.25,139.75,
193.0,139.75,
193.75,139.75,
194.5,139.75,
195.25,139.75,
196.0,139.75,
196.75,139.75,
197.5,139.75,
198.25,139.75,
199.0,139.75,
199.75,139.75,
200.5,139.75,
201.25,139.75,
202.0,139.75,
202.75,139.75,
203.5,139.75,
204.25,139.75,
205.0,139.75,
205.75,139.75,
206.5,139.75,
207.25,139.75,
208.0,139.75,
208.75,139.75,
209.5,139.75,
210.25,139.75,
211.0,139.75,
211.75,139.75,
212.5,139.75,
213.25,139.75,
214.0,139.75,
214.75,139.75,
215.5,139.75,
216.25,139.75,
217.0,139.75,
217.75,139.75,
218.5,139.75,
219.25,139.75,
31.0,140.5,
31.75,140.5,
32.5,140.5,
33.25,140.5,
34.0,140.5,
34.75,140.5,
35.5,140.5,
36.25,140.5,
37.0,140.5,
37.75,140.5,
38.5,140.5,
39.25,140.5,
40.0,140.5,
40.75,140.5,
41.5,140.5,
42.25,140.5,
43.0,140.5,
43.75,140.5,
44.5,140.5,
45.25,140.5,
46.0,140.5,
46.75,140.5,
47.5,140.5,
48.25,140.5,
49.0,140.5,
49.75,140.5,
50.5,140.5,
51.25,140.5,
52.0,140.5,
52.75,140.5,
53.5,140.5,
54.25,140.5,
55.0,140.5,
55.75,140.5,
56.5,140.5,
57.25,140.5,
58.0,140.5,
58.75,140.5,
59.5,140.5,
60.25,140.5,
61.0,140.5,
61.75,140.5,
62.5,140.5,
63.25,140.5,
64.0,140.5,
64.75,140.5,
65.5,140.5,
66.25,140.5,
67.0,140.5,
67.75,140.5,
68.5,140.5,
69.25,140.5,
70.0,140.5,
70.75,140.5,-93.92380952380952
71.5,140.5,-93.92565508836076
72.25,140.5,-93.17439715474309
73.0,140.5,-92.8833609198366
73.75,140.5,-93.45562711942063
74.5,140.5,-92.9611733238618
75.25,140.5,-93.19009666273372
76.0,140.5,-93.50372745640948
76.75,140.5,-93.80707835680377
77.5,140.5,-93.73057197368293
78.25,140.5,-93.36155748567825
79.0,140.5,-93.29790281823887
79.75,140.5,-93.02778248228087
80.5,140.5,-92.58345543322064
81.25,140.5,-92.19962983267692
82.0,140.5,-92.22354944549411
82.75,140.5,-92.04645825422337
83.5,140.5,-92.0969387755102
84.25,140.5,-92.01719056974461
85.0,140.5,
85.75,140.5,
86.5,140.5,
87.25,140.5,
88.0,140.5,
88.75,140.5,-81.46428571428571
89.5,140.5,-81.22368421052632
90.25,140.5,-81.59504388008251
91.0,140.5,-82.9813495054188
91.75,140.5,-84.38783313103559
92.5,140.5,-84.56122925346907
93.25,140.5,-85.53384504806311
94.0,140.5,-86.3983638311327
94.75,140.5,-87.24118841749655
95.5,140.5,-88.46527032859696
96.25,140.5,-89.62439895141625
97.0,140.5,-90.7122170683733
97.75,140.5,-90.39963862460961
98.5,140.5,-90.35919751212022
99.25,140.5,-90.00157353698428
100.0,140.5,-89.28264042837002
100.75,140.5,-89.04447939573359
101.5,140.5,-89.0685178507032
102.25,140.5,-89.75056316155832
103.0,140.5,-90.77059715791155
103.75,140.5,-88.45485464098435
104.5,140.5,-84.29223742981479
105.25,140.5,-83.31747112921582
106.0,140.5,-86.01600455001345
106.75,140.5,-88.45499696016128
107.5,140.5,-88.54951640389585
108.25,140.5,-87.96910651213304
109.0,140.5,-87.60059003939318
109.75,140.5,-89.54819252197017
110.5,140.5,-93.4629909365559
111.25,140.5,-94.5476211490287
112.0,140.5,-93.16365575123803
112.75,140.5,-92.51379796169726
113.5,140.5,-92.1766012673428
114.25,140.5,-91.78002127811688
115.0,140.5,-91.91659386501267
115.75,140.5,-91.71310853198183
116.5,140.5,-92.00928797648972
117.25,140.5,-91.94030318268611
118.0,140.5,-92.08234119364006
118.75,140.5,-92.13094145741347
119.5,140.5,-91.9426820955359
120.25,140.5,-91.56131073689549
121.0,140.5,-91.07974299793334
121.75,140.5,-90.29569494535293
122.5,140.5,-89.62713505390018
123.25,140.5,-88.9103770826902
124.0,140.5,-88.52866100374456
124.75,140.5,-88.19076352761924
125.5,140.5,-88.36670750777863
126.25,140.5,-89.06195962427262
127.0,140.5,-89.70371843240048
127.75,140.5,-89.90943302830908
128.5,140.5,-89.66446248449297
129.25,140.5,-89.47324020492486
130.0,140.5,-89.29314082928003
130.75,140.5,-89.22842915877337
131.5,140.5,-90.88636363636363
132.25,140.5,
133.0,140.5,
133.75,140.5,
134.5,140.5,
135.25,140.5,-82.24242424242425
136.0,140.5,-82.24691358024693
136.75,140.5,-82.23628691983122
137.5,140.5,-83.37717908082409
138.25,140.5,-83.21079015799405
139.0,140.5,-82.92838728158122
139.75,140.5,-82.73989267310971
140.5,140.5,-81.86996257289583
141.25,140.5,-81.79804428753543
142.0,140.5,-84.23245899949113
142.75,140.5,-86.94155861755985
143.5,140.5,-87.91393355876853
144.25,140.5,-88.03648379500176
145.0,140.5,-87.7405258307896
145.75,140.5,-86.57528410713375
146.5,140.5,-85.07251936958197
147.25,140.5,-84.11724400125968
148.0,140.5,-83.9618494074705
148.75,140.5,-84.08962305019273
149.5,140.5,-83.66129919873205
150.25,140.5,-83.40919054554894
151.0,140.5,-81.30376344086022
151.75,140.5,-81.291928721174
152.5,140.5,
153.25,140.5,
154.0,140.5,
154.75,140.5,
155.5,140.5,
156.25,140.5,
157.0,140.5,
157.75,140.5,
158.5,140.5,
159.25,140.5,
160.0,140.5,
160.75,140.5,
161.5,140.5,
162.25,140.5,
163.0,140.5,
163.75,140.5,
164.5,140.5,
165.25,140.5,-91.5342340911724
166.0,140.5,-91.47622074160161
166.75,140.5,-92.45895384188252
167.5,140.5,-92.41635932518892
168.25,140.5,-93.22048508592871
169.0,140.5,-92.90625348447837
169.75,140.5,-92.00798516499898
170.5,140.5,-89.77818440879103
171.25,140.5,-89.12375358887033
172.0,140.5,-92.16440595347487
172.75,140.5,-95.09523928565359
173.5,140.5,-96.48904865194625
174.25,140.5,-97.02662400150263
175.0,140.5,-96.15172502204584
175.75,140.5,-95.9111578826543
176.5,140.5,-95.60397559190022
177.25,140.5,-95.83212825614464
178.0,140.5,-95.45775098671983
178.75,140.5,-93.5375029488905
179.5,140.5,-91.5
180.25,140.5,-91.29110251450678
181.0,140.5,
181.75,140.5,
182.5,140.5,
183.25,140.5,
184.0,140.5,
184.75,140.5,
185.5,140.5,
186.25,140.5,
187.0,140.5,
187.75,140.5,
188.5,140.5,
189.25,140.5,
190.0,140.5,
190.75,140.5,
191.5,140.5,
192.25,140.5,
193.0,140.5,
193.75,140.5,
194.5,140.5,
195.25,140.5,
196.0,140.5,
196.75,140.5,
197.5,140.5,
198.25,140.5,
199.0,140.5,
199.75,140.5,
200.5,140.5,
201.25,140.5,
202.0,140.5,
202.75,140.5,
203.5,140.5,
204.25,140.5,
205.0,140.5,
205.75,140.5,
206.5,140.5,
207.25,140.5,
208.0,140.5,
208.75,140.5,
209.5,140.5,
210.25,140.5,
211.0,140.5,
211.75,140.5,
212.5,140.5,
213.25,140.5,
214.0,140.5,
214.75,140.5,
215.5,140.5,
216.25,140.5,
217.0,140.5,
217.75,140.5,
218.5,140.5,
219.25,140.5,
31.0,141.25,
31.75,141.25,
32.5,141.25,
33.25,141.25,
34.0,141.25,
34.75,141.25,
35.5,141.25,
36.25,141.25,
37.0,141.25,
37.75,141.25,
38.5,141.25,
39.25,141.25,
40.0,141.25,
40.75,141.25,
41.5,141.25,
42.25,141.25,
43.0,141.25,
43.75,141.25,
44.5,141.25,
45.25,141.25,
46.0,141.25,
46.75,141.25,
47.5,141.25,
48.25,141.25,
49.0,141.25,
49.75,141.25,
50.5,141.25,
51.25,141.25,
52.0,141.25,
52.75,141.25,
53.5,141.25,
54.25,141.25,
55.0,141.25,
55.75,141.25,
56.5,141.25,
57.25,141.25,
58.0,141.25,
58.75,141.25,
59.5,141.25,
60.25,141.25,
61.0,141.25,
61.75,141.25,
62.5,141.25,
63.25,141.25,
64.0,141.25,
64.75,141.25,
65.5,141.25,
66.25,141.25,
67.0,141.25,
67.75,141.25,
68.5,141.25,
69.25,141.25,
70.0,141.25,
70.75,141.25,
71.5,141.25,-93.65015479876162
72.25,141.25,-93.67322381158556
73.0,141.25,-92.95826528303553
73.75,141.25,-92.77463240381581
74.5,141.25,-92.91736231235029
75.25,141.25,-93.13625930847958
76.0,141.25,-93.47885495064058
76.75,141.25,-93.85709293171341
77.5,141.25,-93.5765281201643
78.25,141.25,-92.4045617419308
79.0,141.25,-91.57648391032099
79.75,141.25,-91.30732993766854
80.5,141.25,-91.28900236731211
81.25,141.25,-91.81006704136509
82.0,141.25,-91.93339424909409
82.75,141.25,-91.13138620586064
83.5,141.25,-90.51045250066154
84.25,141.25,-91.61561264822136
85.0,141.25,
85.75,141.25,
86.5,141.25,
87.25,141.25,
88.0,141.25,
88.75,141.25,
89.5,141.25,
90.25,141.25,
91.0,141.25,-80.16202672605792
91.75,141.25,-83.59381195180653
92.5,141.25,-84.05430857511911
93.25,141.25,-84.74862502929136
94.0,141.25,-86.46177451479922
94.75,141.25,-87.51041152498036
95.5,141.25,-88.15623604022001
96.25,141.25,-88.8844272829731
97.0,141.25,-90.05229275432944
97.75,141.25,-90.00403784191776
98.5,141.25,-90.20784172093292
99.25,141.25,-89.52222740818657
100.0,141.25,-89.23065436000631
100.75,141.25,-89.01740761999248
101.5,141.25,-89.12319016352754
102.25,141.25,-90.31008267938282
103.0,141.25,-91.71773463341734
103.75,141.25,-88.98048290242535
104.5,141.25,-83.65758193315433
105.25,141.25,-82.60379571089362
106.0,141.25,-85.96178165186562
106.75,141.25,-88.74524815812124
107.5,141.25,-88.66944012498077
108.25,141.25,-87.92655159216362
109.0,141.25,-87.17819097925819
109.75,141.25,-89.44401051729626
110.5,141.25,-94.45881791823118
111.25,141.25,-95.52892507076994
112.0,141.25,-94.02522848251733
112.75,141.25,-93.30574465245103
113.5,141.25,-92.75195025905064
114.25,141.25,-92.28661722785034
115.0,141.25,-91.5897871863797
115.75,141.25,-91.33318641407439
116.5,141.25,-91.54300112023405
117.25,141.25,-91.66386877172941
118.0,141.25,-92.15901921534109
118.75,141.25,-92.57158498041406
119.5,141.25,-92.47366878738244
120.25,141.25,-92.05931070522595
121.0,141.25,-91.51822536335939
121.75,141.25,-90.63311121690583
122.5,141.25,-89.82468694191272
123.25,141.25,-89.03338330223937
124.0,141.25,-88.56559634877507
124.75,141.25,-88.10545108943575
125.5,141.25,-88.20972074210381
126.25,141.25,-88.70770690757996
127.0,141.25,-89.15171589748229
127.75,141.25,-89.41867032692555
128.5,141.25,-89.5222089349871
129.25,141.25,-89.58406862234806
130.0,141.25,-89.57062938862525
130.75,141.25,-90.15891965317529
131.5,141.25,
132.25,141.25,
133.0,141.25,
133.75,141.25,
134.5,141.25,
135.25,141.25,-82.318407960199
136.0,141.25,-84.40495558718898
136.75,141.25,-83.91893968497887
137.5,141.25,-84.65917622901833
138.25,141.25,-84.10400987887489
139.0,141.25,-83.19907542597629
139.75,141.25,-82.76798787259263
140.5,141.25,-81.5469654725244
141.25,141.25,-81.25876977570285
142.0,141.25,-83.05042422867267
142.75,141.25,-85.34058877059078
143.5,141.25,-86.70148426137013
144.25,141.25,-87.04488789531753
145.0,141.25,-86.8687938036952
145.75,141.25,-86.23332897404906
146.5,141.25,-85.39859656553378
147.25,141.25,-84.9808948222984
148.0,141.25,-84.654470315394
148.75,141.25,-83.91555669172133
149.5,141.25,-83.59863605734601
150.25,141.25,-83.61227162676934
151.0,141.25,-81.30895691609977
151.75,141.25,
152.5,141.25,
153.25,141.25,
154.0,141.25,
154.75,141.25,
155.5,141.25,
156.25,141.25,
157.0,141.25,
157.75,141.25,
158.5,141.25,
159.25,141.25,
160.0,141.25,
160.75,141.25,
161.5,141.25,
162.25,141.25,
163.0,141.25,
163.75,141.25,
164.5,141.25,
165.25,141.25,-87.50766283524905
166.0,141.25,-90.9605575630625
166.75,141.25,-90.96842105263157
167.5,141.25,-93.37711214635097
168.25,141.25,-93.0724474613947
169.0,141.25,-92.37645291327985
169.75,141.25,-91.0113607841144
170.5,141.25,-88.38378197271985
171.25,141.25,-87.72305804616273
172.0,141.25,-92.08658524423011
172.75,141.25,-96.00450071559494
173.5,141.25,-97.47657753144647
174.25,141.25,-96.84647674838536
175.0,141.25,-96.4093745808207
175.75,141.25,-95.99787039450419
176.5,141.25,-95.29711661598257
177.25,141.25,-95.44658521351761
178.0,141.25,-95.03998107863028
178.75,141.25,-93.25042589437821
179.5,141.25,-93.06732986140709
180.25,141.25,-91.01131221719457
181.0,141.25,
181.75,141.25,
182.5,141.25,
183.25,141.25,
184.0,141.25,
184.75,141.25,
185.5,141.25,
186.25,141.25,
187.0,141.25,
187.75,141.25,
188.5,141.25,
189.25,141.25,
190.0,141.25,
190.75,141.25,
191.5,141.25,
192.25,141.25,
193.0,141.25,
193.75,141.25,
194.5,141.25,
195.25,141.25,
196.0,141.25,
196.75,141.25,
197.5,141.25,
198.25,141.25,
199.0,141.25,
199.75,141.25,
200.5,141.25,
201.25,141.25,
202.0,141.25,
202.75,141.25,
203.5,141.25,
204.25,141.25,
205.0,141.25,
205.75,141.25,
206.5,141.25,
207.25,141.25,
208.0,141.25,
208.75,141.25,
209.5,141.25,
210.25,141.25,
211.0,141.25,
211.75,141.25,
212.5,141.25,
213.25,141.25,
214.0,141.25,
214.75,141.25,
215.5,141.25,
216.25,141.25,
217.0,141.25,
217.75,141.25,
218.5,141.25,
219.25,141.25,
31.0,142.0,
31.75,142.0,
32.5,142.0,
33.25,142.0,
34.0,142.0,
34.75,142.0,
35.5,142.0,
36.25,142.0,
37.0,142.0,
37.75,142.0,
38.5,142.0,
39.25,142.0,
40.0,142.0,
40.75,142.0,
41.5,142.0,
42.25,142.0,
43.0,142.0,
43.75,142.0,
44.5,142.0,
45.25,142.0,
46.0,142.0,
46.75,142.0,
47.5,142.0,
48.25,142.0,
49.0,142.0,
49.75,142.0,
50.5,142.0,
51.25,142.0,
52.0,142.0,
52.75,142.0,
53.5,142.0,
54.25,142.0,
55.0,142.0,
55.75,142.0,
56.5,142.0,
57.25,142.0,
58.0,142.0,
58.75,142.0,
59.5,142.0,
60.25,142.0,
61.0,142.0,
61.75,142.0,
62.5,142.0,
63.25,142.0,
64.0,142.0,
64.75,142.0,
65.5,142.0,
66.25,142.0,
67.0,142.0,
67.75,142.0,
68.5,142.0,
69.25,142.0,
70.0,142.0,
70.75,142.0,
71.5,142.0,
72.25,142.0,-93.70705808677243
73.0,142.0,-93.74132684114424
73.75,142.0,-92.29762580499728
74.5,142.0,-92.60733147261097
75.25,142.0,-92.72323277697416
76.0,142.0,-92.89537223340041
76.75,142.0,-92.86195120441317
77.5,142.0,-92.1872368458009
78.25,142.0,-90.48701037497611
79.0,142.0,-89.32323775847489
79.75,142.0,-89.71855991405964
80.5,142.0,-90.41634386839527
81.25,142.0,-90.99330986120177
82.0,142.0,-91.407190370605
82.75,142.0,-91.45355824822194
83.5,142.0,-91.31591008293321
84.25,142.0,-91.28606237816764
85.0,142.0,
85.75,142.0,
86.5,142.0,
87.25,142.0,
88.0,142.0,
88.75,142.0,
89.5,142.0,
90.25,142.0,
91.0,142.0,
91.75,142.0,-80.35160965794768
92.5,142.0,-84.51108352317813
93.25,142.0,-85.1188406296144
94.0,142.0,-86.7251552795031
94.75,142.0,-87.52088562235396
95.5,142.0,-88.40022129822528
96.25,142.0,-88.41944610091626
97.0,142.0,-89.5715814898172
97.75,142.0,-89.74370927949465
98.5,142.0,-89.7051978975252
99.25,142.0,-89.48144454129282
100.0,142.0,-89.31338028169014
100.75,142.0,-89.13019396487894
101.5,142.0,-89.1896795619054
102.25,142.0,-89.60449494478581
103.0,142.0,-89.7895420591101
103.75,142.0,-88.09129859737489
104.5,142.0,-85.51200911870808
105.25,142.0,-84.80152028329411
106.0,142.0,-86.22225891677675
106.75,142.0,-87.91821405952619
107.5,142.0,-88.32272913359094
108.25,142.0,-88.37801417684904
109.0,142.0,-88.5754824063564
109.75,142.0,-90.21502636215072
110.5,142.0,-92.97324732411798
111.25,142.0,-93.99804120800405
112.0,142.0,-94.04310344827584
112.75,142.0,-94.29627297587469
113.5,142.0,-93.62789690106214
114.25,142.0,-91.99713130851435
115.0,142.0,-90.81344410876135
115.75,142.0,-90.88128000533489
116.5,142.0,-90.92724542610658
117.25,142.0,-91.06609912134257
118.0,142.0,-92.26506024096385
118.75,142.0,-93.47137363208198
119.5,142.0,-93.30122979966632
120.25,142.0,-92.4923329074746
121.0,142.0,-91.9626865671642
121.75,142.0,-91.0128618411984
122.5,142.0,-89.82466422077437
123.25,142.0,-89.25374500579233
124.0,142.0,-88.79430379746834
124.75,142.0,-88.53207005893222
125.5,142.0,-88.53522395912726
126.25,142.0,-88.65668356605917
127.0,142.0,-88.9138900275224
127.75,142.0,-89.13538705075294
128.5,142.0,-89.27743624746813
129.25,142.0,-89.3874267900896
130.0,142.0,-89.4244415243101
130.75,142.0,-89.63055339049104
131.5,142.0,
132.25,142.0,
133.0,142.0,
133.75,142.0,-87.4541910331384
134.5,142.0,-87.04761904761904
135.25,142.0,-85.26538278070205
136.0,142.0,-85.63157894736841
136.75,142.0,-84.92791185652727
137.5,142.0,-84.17239384632337
138.25,142.0,-83.8197945981255
139.0,142.0,-83.44491080797481
139.75,142.0,-83.2158788674281
140.5,142.0,-82.59142625469796
141.25,142.0,-82.52108061613168
142.0,142.0,-83.35433386837882
142.75,142.0,-84.77893892142933
143.5,142.0,-85.87630222456863
144.25,142.0,-86.44518206493282
145.0,142.0,-86.32010374260412
145.75,142.0,-85.995486735694
146.5,142.0,-85.53238416439048
147.25,142.0,-85.46586072078568
148.0,142.0,-85.13988864585406
148.75,142.0,-83.93430946825114
149.5,142.0,-83.84351924320276
150.25,142.0,-81.32256235827664
151.0,142.0,
151.75,142.0,
152.5,142.0,
153.25,142.0,
154.0,142.0,
154.75,142.0,
155.5,142.0,
156.25,142.0,
157.0,142.0,
157.75,142.0,
158.5,142.0,
159.25,142.0,
160.0,142.0,
160.75,142.0,
161.5,142.0,
162.25,142.0,
163.0,142.0,
163.75,142.0,
164.5,142.0,
165.25,142.0,
166.0,142.0,-90.93023255813952
166.75,142.0,-90.88574520114241
167.5,142.0,-92.82239250005112
168.25,142.0,-93.20468891273532
169.0,142.0,-92.6085822087663
169.75,142.0,-91.84063438510141
170.5,142.0,-90.77960421939305
171.25,142.0,-91.72546512257051
172.0,142.0,-95.6621532364597
172.75,142.0,-98.91744420588714
173.5,142.0,-99.03941884722815
174.25,142.0,-97.4083217702438
175.0,142.0,-96.42479779262585
175.75,142.0,-95.86445927426931
176.5,142.0,-95.22424737680188
177.25,142.0,-94.96879050660328
178.0,142.0,-94.48843187660668
178.75,142.0,-94.26830100524856
179.5,142.0,-93.09429590385896
180.25,142.0,-91.72700977853334
181.0,142.0,
181.75,142.0,
182.5,142.0,
183.25,142.0,
184.0,142.0,
184.75,142.0,
185.5,142.0,
186.25,142.0,
187.0,142.0,
187.75,142.0,
188.5,142.0,
189.25,142.0,
190.0,142.0,
190.75,142.0,
191.5,142.0,
192.25,142.0,
193.0,142.0,
193.75,142.0,
194.5,142.0,
195.25,142.0,
196.0,142.0,
196.75,142.0,
197.5,142.0,
198.25,142.0,
199.0,142.0,
199.75,142.0,
200.5,142.0,
201.25,142.0,
202.0,142.0,
202.75,142.0,
203.5,142.0,
204.25,142.0,
205.0,142.0,
205.75,142.0,
206.5,142.0,
207.25,142.0,
208.0,142.0,
208.75,142.0,
209.5,142.0,
210.25,142.0,
211.0,142.0,
211.75,142.0,
212.5,142.0,
213.25,142.0,
214.0,142.0,
214.75,142.0,
215.5,142.0,
216.25,142.0,
217.0,142.0,
217.75,142.0,
218.5,142.0,
219.25,142.0,
31.0,142.75,
31.75,142.75,
32.5,142.75,
33.25,142.75,
34.0,142.75,
34.75,142.75,
35.5,142.75,
36.25,142.75,
37.0,142.75,
37.75,142.75,
38.5,142.75,
39.25,142.75,
40.0,142.75,
40.75,142.75,
41.5,142.75,
42.25,142.75,
43.0,142.75,
43.75,142.75,
44.5,142.75,
45.25,142.75,
46.0,142.75,
46.75,142.75,
47.5,142.75,
48.25,142.75,
49.0,142.75,
49.75,142.75,
50.5,142.75,
51.25,142.75,
52.0,142.75,
52.75,142.75,
53.5,142.75,
54.25,142.75,
55.0,142.75,
55.75,142.75,
56.5,142.75,
57.25,142.75,
58.0,142.75,
58.75,142.75,
59.5,142.75,
60.25,142.75,
61.0,142.75,
61.75,142.75,
62.5,142.75,
63.25,142.75,
64.0,142.75,
64.75,142.75,
65.5,142.75,
66.25,142.75,
67.0,142.75,
67.75,142.75,
68.5,142.75,
69.25,142.75,
70.0,142.75,
70.75,142.75,
71.5,142.75,
72.25,142.75,
73.0,142.75,-94.0
73.75,142.75,-91.79050304261737
74.5,142.75,-92.19869355053281
75.25,142.75,-92.15067842446875
76.0,142.75,-92.02000215729407
76.75,142.75,-91.44950732829744
77.5,142.75,-90.60838104073076
78.25,142.75,-88.76273035398904
79.0,142.75,-87.63748044268965
79.75,142.75,-88.44561423813425
80.5,142.75,-89.60140215317253
81.25,142.75,-90.46664891743826
82.0,142.75,-90.84310414168246
82.75,142.75,-90.92071936126725
83.5,142.75,-91.25655757879564
84.25,142.75,-90.41735937974163
85.0,142.75,
85.75,142.75,
86.5,142.75,
87.25,142.75,
88.0,142.75,
88.75,142.75,
89.5,142.75,
90.25,142.75,
91.0,142.75,
91.75,142.75,
92.5,142.75,-85.38909426987061
93.25,142.75,-86.11224489795917
94.0,142.75,-85.95362431800467
94.75,142.75,-89.79050624784587
95.5,142.75,-89.86048951768313
96.25,142.75,-90.00821573919154
97.0,142.75,-91.053777136545
97.75,142.75,-90.1545585716608
98.5,142.75,-89.62121566764662
99.25,142.75,-89.48733566774067
100.0,142.75,-89.23276649284203
100.75,142.75,-89.13300329892517
101.5,142.75,-89.03863228718298
102.25,142.75,-88.98687035730302
103.0,142.75,-88.72532610245547
103.75,142.75,-87.69770681159142
104.5,142.75,-86.5895299574969
105.25,142.75,-86.16029025666663
106.0,142.75,-86.56895624466088
106.75,142.75,-87.6531933565708
107.5,142.75,-88.21969146056479
108.25,142.75,-88.80865807435583
109.0,142.75,-89.45051606675675
109.75,142.75,-90.63842711982318
110.5,142.75,-92.36204457852158
111.25,142.75,-93.41010138346181
112.0,142.75,-94.49759446354108
112.75,142.75,-95.69614042733643
113.5,142.75,-94.95786879542759
114.25,142.75,-91.38635476570859
115.0,142.75,-89.64161876252646
115.75,142.75,-90.31087319211606
116.5,142.75,-90.34579924826578
117.25,142.75,-90.22837183109289
118.0,142.75,-92.34834710130954
118.75,142.75,-94.67962845493392
119.5,142.75,-94.28035771093079
120.25,142.75,-92.69483772514782
121.0,142.75,-92.44679502274806
121.75,142.75,-91.466783000582
122.5,142.75,-89.43810925062041
123.25,142.75,-89.07191823995247
124.0,142.75,-88.87715069163661
124.75,142.75,-88.54580663680287
125.5,142.75,-88.57138302573999
126.25,142.75,-88.7347407412117
127.0,142.75,-88.8153860966302
127.75,142.75,-88.98730315135536
128.5,142.75,-89.12259968161125
129.25,142.75,-89.13267163958095
130.0,142.75,-89.44422411226272
130.75,142.75,-90.12244897959182
131.5,142.75,
132.25,142.75,
133.0,142.75,
133.75,142.75,-87.9111111111111
134.5,142.75,-87.5518207282913
135.25,142.75,-87.83980736259296
136.0,142.75,-86.18166618047798
136.75,142.75,-85.35568990204321
137.5,142.75,-84.34531276863608
138.25,142.75,-83.4174249134391
139.0,142.75,-83.05401298286559
139.75,142.75,-83.36532433068604
140.5,142.75,-83.83467966766939
141.25,142.75,-83.70141532506055
142.0,142.75,-84.35394920043265
142.75,142.75,-85.05167139446063
143.5,142.75,-85.43585611819009
144.25,142.75,-85.93149314553186
145.0,142.75,-86.45717465568879
145.75,142.75,-85.80297073466957
146.5,142.75,-85.54156885715807
147.25,142.75,-85.71557909446108
148.0,142.75,-84.35565488550687
148.75,142.75,-85.09530386740332
149.5,142.75,-85.03260869565217
150.25,142.75,
151.0,142.75,
151.75,142.75,
152.5,142.75,
153.25,142.75,
154.0,142.75,
154.75,142.75,
155.5,142.75,
156.25,142.75,
157.0,142.75,
157.75,142.75,
158.5,142.75,
159.25,142.75,
160.0,142.75,
160.75,142.75,
161.5,142.75,
162.25,142.75,
163.0,142.75,
163.75,142.75,
164.5,142.75,
165.25,142.75,
166.0,142.75,
166.75,142.75,-91.7605633802817
167.5,142.75,-93.14880259103332
168.25,142.75,-93.02818878261301
169.0,142.75,-92.8409506579483
169.75,142.75,-93.3645717605824
170.5,142.75,-94.14324691053373
171.25,142.75,-95.77400400282265
172.0,142.75,-99.05492688052836
172.75,142.75,-102.38091380190684
173.5,142.75,-101.3900662243938
174.25,142.75,-97.38782379528408
175.0,142.75,-96.04834963474237
175.75,142.75,-95.85612969041384
176.5,142.75,-94.87344332409609
177.25,142.75,-94.11669484713252
178.0,142.75,-93.61976635786328
178.75,142.75,-93.56911375850322
179.5,142.75,-92.7095505850829
180.25,142.75,-92.86955585877665
181.0,142.75,-90.05668934240363
181.75,142.75,
182.5,142.75,
183.25,142.75,
184.0,142.75,
184.75,142.75,
185.5,142.75,
186.25,142.75,
187.0,142.75,
187.75,142.75,
188.5,142.75,
189.25,142.75,
190.0,142.75,
190.75,142.75,
191.5,142.75,
192.25,142.75,
193.0,142.75,
193.75,142.75,
194.5,142.75,
195.25,142.75,
196.0,142.75,
196.75,142.75,
197.5,142.75,
198.25,142.75,
199.0,142.75,
199.75,142.75,
200.5,142.75,
201.25,142.75,
202.0,142.75,
202.75,142.75,
203.5,142.75,
204.25,142.75,
205.0,142.75,
205.75,142.75,
206.5,142.75,
207.25,142.75,
208.0,142.75,
208.75,142.75,
209.5,142.75,
210.25,142.75,
211.0,142.75,
211.75,142.75,
212.5,142.75,
213.25,142.75,
214.0,142.75,
214.75,142.75,
215.5,142.75,
216.25,142.75,
217.0,142.75,
217.75,142.75,
218.5,142.75,
219.25,142.75,
31.0,143.5,
31.75,143.5,
32.5,143.5,
33.25,143.5,
34.0,143.5,
34.75,143.5,
35.5,143.5,
36.25,143.5,
37.0,143.5,
37.75,143.5,
38.5,143.5,
39.25,143.5,
40.0,143.5,
40.75,143.5,
41.5,143.5,
42.25,143.5,
43.0,143.5,
43.75,143.5,
44.5,143.5,
45.25,143.5,
46.0,143.5,
46.75,143.5,
47.5,143.5,
48.25,143.5,
49.0,143.5,
49.75,143.5,
50.5,143.5,
51.25,143.5,
52.0,143.5,
52.75,143.5,
53.5,143.5,
54.25,143.5,
55.0,143.5,
55.75,143.5,
56.5,143.5,
57.25,143.5,
58.0,143.5,
58.75,143.5,
59.5,143.5,
60.25,143.5,
61.0,143.5,
61.75,143.5,
62.5,143.5,
63.25,143.5,
64.0,143.5,
64.75,143.5,
65.5,143.5,
66.25,143.5,
67.0,143.5,
67.75,143.5,
68.5,143.5,
69.25,143.5,
70.0,143.5,
70.75,143.5,
71.5,143.5,
72.25,143.5,
73.0,143.5,
73.75,143.5,-91.20168640312986
74.5,143.5,-91.12760800434343
75.25,143.5,-91.44254810916352
76.0,143.5,-91.08751190048359
76.75,143.5,-90.7487533561378
77.5,143.5,-89.74345468484134
78.25,143.5,-88.55850001422853
79.0,143.5,-87.89304500261308
79.75,143.5,-88.45205003437226
80.5,143.5,-89.68230185505439
81.25,143.5,-90.78159656695419
82.0,143.5,-91.65507827815897
82.75,143.5,-92.32448795647346
83.5,143.5,-91.23515651672926
84.25,143.5,-91.48517352404217
85.0,143.5,-95.096
85.75,143.5,
86.5,143.5,
87.25,143.5,
88.0,143.5,
88.75,143.5,
89.5,143.5,
90.25,143.5,
91.0,143.5,
91.75,143.5,
92.5,143.5,
93.25,143.5,
94.0,143.5,
94.75,143.5,
95.5,143.5,-91.97727272727272
96.25,143.5,-91.07332349465217
97.0,143.5,-90.91339297016752
97.75,143.5,-90.91139116098189
98.5,143.5,-90.72617893430545
99.25,143.5,-90.01116726957093
100.0,143.5,-89.1721194963139
100.75,143.5,-89.04987051110997
101.5,143.5,-88.69492132489188
102.25,143.5,-88.59794919601171
103.0,143.5,-88.1639390366255
103.75,143.5,-87.58978830825752
104.5,143.5,-87.04192087549634
105.25,143.5,-86.76796012057153
106.0,143.5,-86.8452944489933
106.75,143.5,-87.74421664468991
107.5,143.5,-88.84414057760915
108.25,143.5,-89.13926549210917
109.0,143.5,-89.87075617033175
109.75,143.5,-91.34327181146347
110.5,143.5,-92.2830355481109
111.25,143.5,-93.27548707592804
112.0,143.5,-94.40857910036745
112.75,143.5,-95.35826762368488
113.5,143.5,-94.58791523482243
114.25,143.5,-91.5668108411448
115.0,143.5,-89.99762291949916
115.75,143.5,-90.44037210999804
116.5,143.5,-90.43658031667879
117.25,143.5,-90.49097606359912
118.0,143.5,-92.32889089676983
118.75,143.5,-94.30762213271902
119.5,143.5,-93.99439323727005
120.25,143.5,-92.7001608049271
121.0,143.5,-92.31944127808079
121.75,143.5,-91.38039199929827
122.5,143.5,-89.61249894505865
123.25,143.5,-89.17592961662818
124.0,143.5,-89.01604607638505
124.75,143.5,-88.61655544601511
125.5,143.5,-88.62412349377087
126.25,143.5,-88.77413369197943
127.0,143.5,-88.72580476739124
127.75,143.5,-88.8408676038545
128.5,143.5,-88.94335090971214
129.25,143.5,-89.22426426303285
130.0,143.5,-89.3182481378145
130.75,143.5,-89.97781885397413
131.5,143.5,
132.25,143.5,
133.0,143.5,
133.75,143.5,-88.49382716049384
134.5,143.5,-88.88826476392896
135.25,143.5,-88.526619442304
136.0,143.5,-87.06333055567738
136.75,143.5,-86.23612331263831
137.5,143.5,-85.06231454005935
138.25,143.5,-83.82798833819243
139.0,143.5,-83.2530987258386
139.75,143.5,-83.74535963421948
140.5,143.5,-84.36032373570592
141.25,143.5,-85.06397198673771
142.0,143.5,-85.00505879396029
142.75,143.5,-85.62890202504417
143.5,143.5,-85.77135042936123
144.25,143.5,-85.56679334244438
145.0,143.5,-86.2421541348518
145.75,143.5,-86.24414860615937
146.5,143.5,-87.2626092804304
147.25,143.5,-85.72945205479452
148.0,143.5,-85.49752475247526
148.75,143.5,-85.34327548806942
149.5,143.5,
150.25,143.5,
151.0,143.5,
151.75,143.5,
152.5,143.5,
153.25,143.5,
154.0,143.5,
154.75,143.5,
155.5,143.5,
156.25,143.5,
157.0,143.5,
157.75,143.5,
158.5,143.5,
159.25,143.5,
160.0,143.5,
160.75,143.5,
161.5,143.5,
162.25,143.5,
163.0,143.5,
163.75,143.5,
164.5,143.5,
165.25,143.5,
166.0,143.5,
166.75,143.5,
167.5,143.5,-94.59986090181987
168.25,143.5,-94.44358369821488
169.0,143.5,-94.38487680543757
169.75,143.5,-95.20663038599626
170.5,143.5,-95.9376970146486
171.25,143.5,-97.14225865236857
172.0,143.5,-99.64014643964512
172.75,143.5,-101.78049264834351
173.5,143.5,-100.72444575938637
174.25,143.5,-97.4578198209181
175.0,143.5,-96.21720811650306
175.75,143.5,-95.62434985190124
176.5,143.5,-93.92481203007516
177.25,143.5,-92.43927601499739
178.0,143.5,-92.28761189398192
178.75,143.5,-92.707789932304
179.5,143.5,-92.30257474434701
180.25,143.5,-92.626410742832
181.0,143.5,-90.13978494623656
181.75,143.5,-90.32914046121593
182.5,143.5,
183.25,143.5,
184.0,143.5,
184.75,143.5,
185.5,143.5,
186.25,143.5,
187.0,143.5,
187.75,143.5,
188.5,143.5,
189.25,143.5,
190.0,143.5,
190.75,143.5,
191.5,143.5,
192.25,143.5,
193.0,143.5,
193.75,143.5,
194.5,143.5,
195.25,143.5,
196.0,143.5,
196.75,143.5,
197.5,143.5,
198.25,143.5,
199.0,143.5,
199.75,143.5,
200.5,143.5,
201.25,143.5,
202.0,143.5,
202.75,143.5,
203.5,143.5,
204.25,143.5,
205.0,143.5,
205.75,143.5,
206.5,143.5,
207.25,143.5,
208.0,143.5,
208.75,143.5,
209.5,143.5,
210.25,143.5,
211.0,143.5,
211.75,143.5,
212.5,143.5,
213.25,143.5,
214.0,143.5,
214.75,143.5,
215.5,143.5,
216.25,143.5,
217.0,143.5,
217.75,143.5,
218.5,143.5,
219.25,143.5,
31.0,144.25,
31.75,144.25,
32.5,144.25,
33.25,144.25,
34.0,144.25,
34.75,144.25,
35.5,144.25,
36.25,144.25,
37.0,144.25,
37.75,144.25,
38.5,144.25,
39.25,144.25,
40.0,144.25,
40.75,144.25,
41.5,144.25,
42.25,144.25,
43.0,144.25,
43.75,144.25,
44.5,144.25,
45.25,144.25,
46.0,144.25,
46.75,144.25,
47.5,144.25,
48.25,144.25,
49.0,144.25,
49.75,144.25,
50.5,144.25,
51.25,144.25,
52.0,144.25,
52.75,144.25,
53.5,144.25,
54.25,144.25,
55.0,144.25,
55.75,144.25,
56.5,144.25,
57.25,144.25,
58.0,144.25,
58.75,144.25,
59.5,144.25,
60.25,144.25,
61.0,144.25,
61.75,144.25,
62.5,144.25,
63.25,144.25,
64.0,144.25,
64.75,144.25,
65.5,144.25,
66.25,144.25,
67.0,144.25,
67.75,144.25,
68.5,144.25,
69.25,144.25,
70.0,144.25,
70.75,144.25,
71.5,144.25,
72.25,144.25,
73.0,144.25,
73.75,144.25,-90.1247429271261
74.5,144.25,-90.66403861244784
75.25,144.25,-90.3911108037382
76.0,144.25,-90.48975063935993
76.75,144.25,-90.22227234222181
77.5,144.25,-89.36557570068399
78.25,144.25,-88.52883903012695
79.0,144.25,-88.24067529857015
79.75,144.25,-88.81802728029088
80.5,144.25,-89.97224311850184
81.25,144.25,-91.21604600437722
82.0,144.25,-92.11927084118395
82.75,144.25,-92.58560296056004
83.5,144.25,-92.94921885078136
84.25,144.25,-93.17230116283959
85.0,144.25,-95.05985037406482
85.75,144.25,-95.00000000000001
86.5,144.25,
87.25,144.25,
88.0,144.25,
88.75,144.25,
89.5,144.25,
90.25,144.25,
91.0,144.25,
91.75,144.25,
92.5,144.25,
93.25,144.25,
94.0,144.25,
94.75,144.25,
95.5,144.25,
96.25,144.25,-90.96283860831664
97.0,144.25,-90.82413506094389
97.75,144.25,-90.65254916157656
98.5,144.25,-90.76834622013267
99.25,144.25,-90.65178157275909
100.0,144.25,-89.04500700937632
100.75,144.25,-88.56762724564052
101.5,144.25,-88.4747837236387
102.25,144.25,-88.17829501096779
103.0,144.25,-87.94212853306277
103.75,144.25,-87.60804327247497
104.5,144.25,-87.24755867247373
105.25,144.25,-87.05949753078718
106.0,144.25,-87.9215496956928
106.75,144.25,-88.1031187415255
107.5,144.25,-89.15336516961929
108.25,144.25,-89.3966342717574
109.0,144.25,-90.1016462953761
109.75,144.25,-91.529052181475
110.5,144.25,-92.23989903506543
111.25,144.25,-93.00445194961603
112.0,144.25,-93.72517079846644
112.75,144.25,-94.01484423720991
113.5,144.25,-93.56103589933896
114.25,144.25,-92.20026260502479
115.0,144.25,-91.16002969028821
115.75,144.25,-91.05195435785738
116.5,144.25,-90.99772895680789
117.25,144.25,-91.28061608846457
118.0,144.25,-92.2282410921303
118.75,144.25,-93.14690402223768
119.5,144.25,-92.99706483625334
120.25,144.25,-92.44467822926967
121.0,144.25,-91.87511214105058
121.75,144.25,-91.10694988614475
122.5,144.25,-90.14027055115001
123.25,144.25,-89.54396931250567
124.0,144.25,-89.23264268402087
124.75,144.25,-88.8699746932029
125.5,144.25,-88.8197439695657
126.25,144.25,-88.88501108114603
127.0,144.25,-88.73339293800446
127.75,144.25,-88.81665094860541
128.5,144.25,-89.02109547190844
129.25,144.25,-89.13914512907921
130.0,144.25,-88.28621730382294
130.75,144.25,
131.5,144.25,
132.25,144.25,
133.0,144.25,
133.75,144.25,-89.6070727055849
134.5,144.25,-89.56051925908234
135.25,144.25,-89.41571717601958
136.0,144.25,-88.3162569206463
136.75,144.25,-87.73274082810326
137.5,144.25,-86.74526094031143
138.25,144.25,-85.59769492992802
139.0,144.25,-84.92516850186166
139.75,144.25,-84.9950337564945
140.5,144.25,-85.55551577847139
141.25,144.25,-85.7703154300365
142.0,144.25,-85.92012161178444
142.75,144.25,-86.02592373081241
143.5,144.25,-86.43805282056816
144.25,144.25,-86.11508669612282
145.0,144.25,-86.06564123716419
145.75,144.25,-86.11417223639074
146.5,144.25,-86.0851409978308
147.25,144.25,-85.85580912863071
148.0,144.25,
148.75,144.25,
149.5,144.25,
150.25,144.25,
151.0,144.25,
151.75,144.25,
152.5,144.25,
153.25,144.25,
154.0,144.25,
154.75,144.25,
155.5,144.25,
156.25,144.25,
157.0,144.25,
157.75,144.25,
158.5,144.25,
159.25,144.25,
160.0,144.25,
160.75,144.25,
161.5,144.25,
162.25,144.25,
163.0,144.25,
163.75,144.25,
164.5,144.25,
165.25,144.25,
166.0,144.25,
166.75,144.25,
167.5,144.25,-93.68192219679634
168.25,144.25,-95.03282288167986
169.0,144.25,-95.20911694760385
169.75,144.25,-96.16614748014331
170.5,144.25,-96.90096718431141
171.25,144.25,-97.400813650866
172.0,144.25,-98.69294731792222
172.75,144.25,-99.29506103281358
173.5,144.25,-98.68162271790138
174.25,144.25,-97.72589301890734
175.0,144.25,-97.42605933680375
175.75,144.25,-95.43119503362648
176.5,144.25,-91.2994708656909
177.25,144.25,-89.53753535306606
178.0,144.25,-90.66678787744354
178.75,144.25,-91.91597832291262
179.5,144.25,-92.00947692736592
180.25,144.25,-92.47595629647803
181.0,144.25,-90.30218068535824
181.75,144.25,-90.47417840375586
182.5,144.25,
183.25,144.25,
184.0,144.25,
184.75,144.25,
185.5,144.25,
186.25,144.25,
187.0,144.25,
187.75,144.25,
188.5,144.25,
189.25,144.25,
190.0,144.25,
190.75,144.25,
191.5,144.25,
192.25,144.25,
193.0,144.25,
193.75,144.25,
194.5,144.25,
195.25,144.25,
196.0,144.25,
196.75,144.25,
197.5,144.25,
198.25,144.25,
199.0,144.25,
199.75,144.25,
200.5,144.25,
201.25,144.25,
202.0,144.25,
202.75,144.25,
203.5,144.25,
204.25,144.25,
205.0,144.25,
205.75,144.25,
206.5,144.25,
207.25,144.25,
208.0,144.25,
208.75,144.25,
209.5,144.25,
210.25,144.25,
211.0,144.25,
211.75,144.25,
212.5,144.25,
213.25,144.25,
214.0,144.25,
214.75,144.25,
215.5,144.25,
216.25,144.25,
217.0,144.25,
217.75,144.25,
218.5,144.25,
219.25,144.25,
31.0,145.0,
31.75,145.0,
32.5,145.0,
33.25,145.0,
34.0,145.0,
34.75,145.0,
35.5,145.0,
36.25,145.0,
37.0,145.0,
37.75,145.0,
38.5,145.0,
39.25,145.0,
40.0,145.0,
40.75,145.0,
41.5,145.0,
42.25,145.0,
43.0,145.0,
43.75,145.0,
44.5,145.0,
45.25,145.0,
46.0,145.0,
46.75,145.0,
47.5,145.0,
48.25,145.0,
49.0,145.0,
49.75,145.0,
50.5,145.0,
51.25,145.0,
52.0,145.0,
52.75,145.0,
53.5,145.0,
54.25,145.0,
55.0,145.0,
55.75,145.0,
56.5,145.0,
57.25,145.0,
58.0,145.0,
58.75,145.0,
59.5,145.0,
60.25,145.0,
61.0,145.0,
61.75,145.0,
62.5,145.0,
63.25,145.0,
64.0,145.0,
64.75,145.0,
65.5,145.0,
66.25,145.0,
67.0,145.0,
67.75,145.0,
68.5,145.0,
69.25,145.0,
70.0,145.0,
70.75,145.0,
71.5,145.0,
72.25,145.0,
73.0,145.0,
73.75,145.0,-89.81704027978968
74.5,145.0,-89.65496434448711
75.25,145.0,-89.4056448522284
76.0,145.0,-89.90085038205568
76.75,145.0,-90.10087464449605
77.5,145.0,-89.28990656874097
78.25,145.0,-88.24937202881502
79.0,145.0,-87.50000000000222
79.75,145.0,-88.69303816026141
80.5,145.0,-90.85308693936116
81.25,145.0,-92.37367382025361
82.0,145.0,-93.07198250149135
82.75,145.0,-93.41443645607208
83.5,145.0,-93.5783522795286
84.25,145.0,-93.66029451765844
85.0,145.0,-96.19047619047618
85.75,145.0,-94.94014962593515
86.5,145.0,-94.90400000000001
87.25,145.0,
88.0,145.0,
88.75,145.0,
89.5,145.0,
90.25,145.0,
91.0,145.0,
91.75,145.0,
92.5,145.0,
93.25,145.0,
94.0,145.0,
94.75,145.0,
95.5,145.0,
96.25,145.0,
97.0,145.0,
97.75,145.0,
98.5,145.0,
99.25,145.0,-90.16412213740458
100.0,145.0,-90.21428571428572
100.75,145.0,-88.54655053504543
101.5,145.0,-88.45031712473572
102.25,145.0,-88.27421006253856
103.0,145.0,-88.16129032258064
103.75,145.0,-87.89848141127898
104.5,145.0,-87.64555421257472
105.25,145.0,-87.39916440632848
106.0,145.0,-87.1190476190476
106.75,145.0,-88.30221899368608
107.5,145.0,-89.12383728854802
108.25,145.0,-89.75016608702728
109.0,145.0,-90.46153846153847
109.75,145.0,-91.97701144775235
110.5,145.0,-92.52709888970573
111.25,145.0,-93.04606447261396
112.0,145.0,-93.39926820733619
112.75,145.0,-93.35703219384021
113.5,145.0,-93.29096102816763
114.25,145.0,-92.46673176979692
115.0,145.0,-91.8279569892473
115.75,145.0,-91.42010246473316
116.5,145.0,-91.47764122597717
117.25,145.0,-91.7755334727684
118.0,145.0,-92.12947189097105
118.75,145.0,-92.39423861179334
119.5,145.0,-92.32146852162838
120.25,145.0,-92.06599475163287
121.0,145.0,-91.56435643564355
121.75,145.0,-90.98872019673267
122.5,145.0,-90.37574564796765
123.25,145.0,-89.89767962551642
124.0,145.0,-89.55644940622778
124.75,145.0,-89.01669657019771
125.5,145.0,-88.919988132151
126.25,145.0,-88.89338617526079
127.0,145.0,-88.5
127.75,145.0,-88.48561221017837
128.5,145.0,-88.47541836059374
129.25,145.0,-88.30345211581292
130.0,145.0,
130.75,145.0,
131.5,145.0,
132.25,145.0,
133.0,145.0,
133.75,145.0,-90.12049433573635
134.5,145.0,-90.2513966480447
135.25,145.0,-90.36699029126214
136.0,145.0,-90.3913043478261
136.75,145.0,-89.62146892655369
137.5,145.0,-89.03045685279189
138.25,145.0,-88.24741901032397
139.0,145.0,-87.66666666666666
139.75,145.0,-87.30472214975215
140.5,145.0,-87.00000000000001
141.25,145.0,-86.6905428838202
142.0,145.0,-86.40909090909089
142.75,145.0,-85.07119021134594
143.5,145.0,-84.88363636363636
144.25,145.0,-84.76383763837639
145.0,145.0,
145.75,145.0,
146.5,145.0,
147.25,145.0,
148.0,145.0,
148.75,145.0,
149.5,145.0,
150.25,145.0,
151.0,145.0,
151.75,145.0,
152.5,145.0,
153.25,145.0,
154.0,145.0,
154.75,145.0,
155.5,145.0,
156.25,145.0,
157.0,145.0,
157.75,145.0,
158.5,145.0,
159.25,145.0,
160.0,145.0,
160.75,145.0,
161.5,145.0,
162.25,145.0,
163.0,145.0,
163.75,145.0,
164.5,145.0,
165.25,145.0,
166.0,145.0,
166.75,145.0,
167.5,145.0,-94.232
168.25,145.0,-94.52119700748129
169.0,145.0,-94.99999999999999
169.75,145.0,-96.39816795998418
170.5,145.0,-97.11016193241801
171.25,145.0,-97.03159127245297
172.0,145.0,-97.55261071634746
172.75,145.0,-97.83821234084478
173.5,145.0,-97.73143881019104
174.25,145.0,-98.0452819998463
175.0,145.0,-98.99999999999588
175.75,145.0,-95.99964296780566
176.5,145.0,-88.96689589522232
177.25,145.0,-87.36494893547291
178.0,145.0,-89.93660133427257
178.75,145.0,-91.17819558166671
179.5,145.0,-92.00950768317804
180.25,145.0,-92.4899809708387
181.0,145.0,-90.55555555555557
181.75,145.0,-90.67430025445293
182.5,145.0,-90.75193798449612
183.25,145.0,
184.0,145.0,
184.75,145.0,
185.5,145.0,
186.25,145.0,
187.0,145.0,
187.75,145.0,
188.5,145.0,
189.25,145.0,
190.0,145.0,
190.75,145.0,
191.5,145.0,
192.25,145.0,
193.0,145.0,
193.75,145.0,
194.5,145.0,
195.25,145.0,
196.0,145.0,
196.75,145.0,
197.5,145.0,
198.25,145.0,
199.0,145.0,
199.75,145.0,
200.5,145.0,
201.25,145.0,
202.0,145.0,
202.75,145.0,
203.5,145.0,
204.25,145.0,
205.0,145.0,
205.75,145.0,
206.5,145.0,
207.25,145.0,
208.0,145.0,
208.75,145.0,
209.5,145.0,
210.25,145.0,
211.0,145.0,
211.75,145.0,
212.5,145.0,
213.25,145.0,
214.0,145.0,
214.75,145.0,
215.5,145.0,
216.25,145.0,
217.0,145.0,
217.75,145.0,
218.5,145.0,
219.25,145.0,
31.0,145.75,
31.75,145.75,
32.5,145.75,
33.25,145.75,
34.0,145.75,
34.75,145.75,
35.5,145.75,
36.25,145.75,
37.0,145.75,
37.75,145.75,
38.5,145.75,
39.25,145.75,
40.0,145.75,
40.75,145.75,
41.5,145.75,
42.25,145.75,
43.0,145.75,
43.75,145.75,
44.5,145.75,
45.25,145.75,
46.0,145.75,
46.75,145.75,
47.5,145.75,
48.25,145.75,
49.0,145.75,
49.75,145.75,
50.5,145.75,
51.25,145.75,
52.0,145.75,
52.75,145.75,
53.5,145.75,
54.25,145.75,
55.0,145.75,
55.75,145.75,
56.5,145.75,
57.25,145.75,
58.0,145.75,
58.75,145.75,
59.5,145.75,
60.25,145.75,
61.0,145.75,
61.75,145.75,
62.5,145.75,
63.25,145.75,
64.0,145.75,
64.75,145.75,
65.5,145.75,
66.25,145.75,
67.0,145.75,
67.75,145.75,
68.5,145.75,
69.25,145.75,
70.0,145.75,
70.75,145.75,
71.5,145.75,
72.25,145.75,
73.0,145.75,
73.75,145.75,-89.58277373742492
74.5,145.75,-89.40039617790913
75.25,145.75,-90.23468491156054
76.0,145.75,-90.96814312013599
76.75,145.75,-90.4893342063936
77.5,145.75,-89.84522648316484
78.25,145.75,-89.17163899011716
79.0,145.75,-88.78746421283611
79.75,145.75,-90.35917516333039
80.5,145.75,-92.89549319667833
81.25,145.75,-94.11660972560803
82.0,145.75,-94.29772167879304
82.75,145.75,-94.23903809002704
83.5,145.75,-94.16717493592017
84.25,145.75,-94.1821065638499
85.0,145.75,-94.7633237505519
85.75,145.75,-94.54514341326262
86.5,145.75,-93.19058194772374
87.25,145.75,-91.89693877551021
88.0,145.75,
88.75,145.75,
89.5,145.75,
90.25,145.75,
91.0,145.75,
91.75,145.75,
92.5,145.75,
93.25,145.75,
94.0,145.75,
94.75,145.75,
95.5,145.75,
96.25,145.75,
97.0,145.75,
97.75,145.75,
98.5,145.75,
99.25,145.75,
100.0,145.75,-90.28231292517007
100.75,145.75,-90.3507462686567
101.5,145.75,-88.2896674915999
102.25,145.75,-88.1293896832094
103.0,145.75,-87.90845684394071
103.75,145.75,-87.91661142398189
104.5,145.75,-87.73997380549844
105.25,145.75,-87.31861515713459
106.0,145.75,-87.20975056689345
106.75,145.75,-86.10633031345222
107.5,145.75,-88.17004033517784
108.25,145.75,-89.92083921808843
109.0,145.75,-91.9123862325124
109.75,145.75,-91.99760388621566
110.5,145.75,-92.3949087436856
111.25,145.75,-93.16264542251605
112.0,145.75,-92.9437432566462
112.75,145.75,-93.40295835895633
113.5,145.75,-92.93657079874312
114.25,145.75,-92.60406723310247
115.0,145.75,-91.91288638991296
115.75,145.75,-91.78386424597531
116.5,145.75,-91.81038033943973
117.25,145.75,-92.00322523889089
118.0,145.75,-92.0643263193447
118.75,145.75,-92.03112632412316
119.5,145.75,-92.1256680027704
120.25,145.75,-91.7455762665559
121.0,145.75,-91.57110362626308
121.75,145.75,-90.92382194444221
122.5,145.75,-90.51906302039598
123.25,145.75,-90.11180787906238
124.0,145.75,-89.80289759135009
124.75,145.75,-89.16495379876477
125.5,145.75,-89.06426765153935
126.25,145.75,-89.01448270685587
127.0,145.75,-88.5143877898216
127.75,145.75,-88.5
128.5,145.75,-88.31864988558353
129.25,145.75,
130.0,145.75,
130.75,145.75,
131.5,145.75,
132.25,145.75,
133.0,145.75,
133.75,145.75,-90.56766177350407
134.5,145.75,-90.84918779831472
135.25,145.75,-91.1914183332823
136.0,145.75,-91.54551846466067
136.75,145.75,-91.70618626784501
137.5,145.75,-91.00096173680207
138.25,145.75,-90.28546409807356
139.0,145.75,-89.91399262430588
139.75,145.75,-89.41555366029363
140.5,145.75,-88.69201760289609
141.25,145.75,-88.00668721784966
142.0,145.75,-87.46112767106267
142.75,145.75,-87.05707477515232
143.5,145.75,-85.55217814128619
144.25,145.75,-85.30447781915183
145.0,145.75,
145.75,145.75,
146.5,145.75,
147.25,145.75,
148.0,145.75,
148.75,145.75,
149.5,145.75,
150.25,145.75,
151.0,145.75,
151.75,145.75,
152.5,145.75,
153.25,145.75,
154.0,145.75,
154.75,145.75,
155.5,145.75,
156.25,145.75,
157.0,145.75,
157.75,145.75,
158.5,145.75,
159.25,145.75,
160.0,145.75,
160.75,145.75,
161.5,145.75,
162.25,145.75,
163.0,145.75,
163.75,145.75,
164.5,145.75,
165.25,145.75,
166.0,145.75,
166.75,145.75,
167.5,145.75,
168.25,145.75,-95.0
169.0,145.75,-95.4788029925187
169.75,145.75,-96.74583061969926
170.5,145.75,-97.28053776701144
171.25,145.75,-96.54443761261103
172.0,145.75,-96.89676355330708
172.75,145.75,-97.06424430434944
173.5,145.75,-97.13605206830995
174.25,145.75,-97.40479424425165
175.0,145.75,-97.58064758090755
175.75,145.75,-95.23698795155005
176.5,145.75,-91.5429089085339
177.25,145.75,-90.34223520237957
178.0,145.75,-91.41437560051313
178.75,145.75,-91.8894701883823
179.5,145.75,-92.36291659911733
180.25,145.75,-92.68003846442878
181.0,145.75,-90.88278388278388
181.75,145.75,-90.91534391534393
182.5,145.75,-90.93612774451097
183.25,145.75,
184.0,145.75,
184.75,145.75,
185.5,145.75,
186.25,145.75,
187.0,145.75,
187.75,145.75,
188.5,145.75,
189.25,145.75,
190.0,145.75,
190.75,145.75,
191.5,145.75,
192.25,145.75,
193.0,145.75,
193.75,145.75,
194.5,145.75,
195.25,145.75,
196.0,145.75,
196.75,145.75,
197.5,145.75,
198.25,145.75,
199.0,145.75,
199.75,145.75,
200.5,145.75,
201.25,145.75,
202.0,145.75,
202.75,145.75,
203.5,145.75,
204.25,145.75,
205.0,145.75,
205.75,145.75,
206.5,145.75,
207.25,145.75,
208.0,145.75,
208.75,145.75,
209.5,145.75,
210.25,145.75,
211.0,145.75,
211.75,145.75,
212.5,145.75,
213.25,145.75,
214.0,145.75,
214.75,145.75,
215.5,145.75,
216.25,145.75,
217.0,145.75,
217.75,145.75,
218.5,145.75,
219.25,145.75,
31.0,146.5,
31.75,146.5,
32.5,146.5,
33.25,146.5,
34.0,146.5,
34.75,146.5,
35.5,146.5,
36.25,146.5,
37.0,146.5,
37.75,146.5,
38.5,146.5,
39.25,146.5,
40.0,146.5,
40.75,146.5,
41.5,146.5,
42.25,146.5,
43.0,146.5,
43.75,146.5,
44.5,146.5,
45.25,146.5,
46.0,146.5,
46.75,146.5,
47.5,146.5,
48.25,146.5,
49.0,146.5,
49.75,146.5,
50.5,146.5,
51.25,146.5,
52.0,146.5,
52.75,146.5,
53.5,146.5,
54.25,146.5,
55.0,146.5,
55.75,146.5,
56.5,146.5,
57.25,146.5,
58.0,146.5,
58.75,146.5,
59.5,146.5,
60.25,146.5,
61.0,146.5,
61.75,146.5,
62.5,146.5,
63.25,146.5,
64.0,146.5,
64.75,146.5,
65.5,146.5,
66.25,146.5,
67.0,146.5,
67.75,146.5,
68.5,146.5,
69.25,146.5,
70.0,146.5,
70.75,146.5,
71.5,146.5,
72.25,146.5,
73.0,146.5,
73.75,146.5,
74.5,146.5,-87.49999999999999
75.25,146.5,-90.32582792129861
76.0,146.5,-91.44333987430952
76.75,146.5,-91.18991339833649
77.5,146.5,-90.92509214490448
78.25,146.5,-90.96056890893345
79.0,146.5,-91.46692186611666
79.75,146.5,-93.21429564457037
80.5,146.5,-95.18245372046783
81.25,146.5,-95.64348191722986
82.0,146.5,-95.22643941564021
82.75,146.5,-94.93604633460542
83.5,146.5,-94.56875753920387
84.25,146.5,-94.26411999395246
85.0,146.5,-94.57868674370008
85.75,146.5,-94.33922102007878
86.5,146.5,-93.17048811037165
87.25,146.5,-91.79534005037785
88.0,146.5,-91.67561983471074
88.75,146.5,
89.5,146.5,
90.25,146.5,
91.0,146.5,
91.75,146.5,
92.5,146.5,
93.25,146.5,
94.0,146.5,
94.75,146.5,
95.5,146.5,
96.25,146.5,
97.0,146.5,
97.75,146.5,
98.5,146.5,
99.25,146.5,
100.0,146.5,
100.75,146.5,-90.38571428571429
101.5,146.5,-90.45238095238095
102.25,146.5,-90.52395209580837
103.0,146.5,-87.84960422163589
103.75,146.5,-87.07984031936127
104.5,146.5,-86.84126984126983
105.25,146.5,-87.40165532131826
106.0,146.5,-85.50000000000001
106.75,146.5,-86.0789756199958
107.5,146.5,-88.03174603174604
108.25,146.5,-90.47028184873388
109.0,146.5,-92.04336408322673
109.75,146.5,-93.28854470889473
110.5,146.5,-92.78578647556049
111.25,146.5,-92.95115579143123
112.0,146.5,-94.02056998391176
112.75,146.5,-93.16127639401425
113.5,146.5,-92.3475229902106
114.25,146.5,-92.34705835469322
115.0,146.5,-92.10491112756897
115.75,146.5,-91.9733663585005
116.5,146.5,-92.03058315264809
117.25,146.5,-92.14544660769639
118.0,146.5,-91.92391304347825
118.75,146.5,-91.8108929204529
119.5,146.5,-91.87983689098914
120.25,146.5,-91.69500475762729
121.0,146.5,-91.44148614304733
121.75,146.5,-91.13110661581405
122.5,146.5,-90.88343983226417
123.25,146.5,-90.2623989009158
124.0,146.5,-89.41290920321185
124.75,146.5,-89.27316162536108
125.5,146.5,-89.17663778354213
126.25,146.5,-88.54199092729964
127.0,146.5,-88.52458163940626
127.75,146.5,-88.68135011441647
128.5,146.5,
129.25,146.5,
130.0,146.5,
130.75,146.5,
131.5,146.5,
132.25,146.5,
133.0,146.5,
133.75,146.5,-92.44012944983818
134.5,146.5,-91.26366559485531
135.25,146.5,-91.73148961859711
136.0,146.5,-92.28095872170438
136.75,146.5,-92.72313153224215
137.5,146.5,-92.39664804469274
138.25,146.5,-91.25748303104483
139.0,146.5,-90.89083518823186
139.75,146.5,-90.53500352830937
140.5,146.5,-89.76305970149252
141.25,146.5,-88.95327466935935
142.0,146.5,-88.27803395793907
142.75,146.5,-87.7590734106233
143.5,146.5,-87.9056603773585
144.25,146.5,
145.0,146.5,
145.75,146.5,
146.5,146.5,
147.25,146.5,
148.0,146.5,
148.75,146.5,
149.5,146.5,
150.25,146.5,
151.0,146.5,
151.75,146.5,
152.5,146.5,
153.25,146.5,
154.0,146.5,
154.75,146.5,
155.5,146.5,
156.25,146.5,
157.0,146.5,
157.75,146.5,
158.5,146.5,
159.25,146.5,
160.0,146.5,
160.75,146.5,
161.5,146.5,
162.25,146.5,
163.0,146.5,
163.75,146.5,
164.5,146.5,
165.25,146.5,
166.0,146.5,
166.75,146.5,
167.5,146.5,
168.25,146.5,
169.0,146.5,-95.768
169.75,146.5,-97.14481576550192
170.5,146.5,-97.33676998429672
171.25,146.5,-96.23152899624893
172.0,146.5,-96.42877861393802
172.75,146.5,-96.51498196374115
173.5,146.5,-97.01119622863878
174.25,146.5,-96.71782437674342
175.0,146.5,-96.09035260162914
175.75,146.5,-94.85031611452924
176.5,146.5,-94.2988242567173
177.25,146.5,-94.32880450383469
178.0,146.5,-93.34443725743856
178.75,146.5,-92.92567756679813
179.5,146.5,-92.88689095127611
180.25,146.5,-92.59787923307582
181.0,146.5,-91.231884057971
181.75,146.5,-91.16797900262468
182.5,146.5,-91.12698412698413
183.25,146.5,
184.0,146.5,
184.75,146.5,
185.5,146.5,
186.25,146.5,
187.0,146.5,
187.75,146.5,
188.5,146.5,
189.25,146.5,
190.0,146.5,
190.75,146.5,
191.5,146.5,
192.25,146.5,
193.0,146.5,
193.75,146.5,
194.5,146.5,
195.25,146.5,
196.0,146.5,
196.75,146.5,
197.5,146.5,
198.25,146.5,
199.0,146.5,
199.75,146.5,
200.5,146.5,
201.25,146.5,
202.0,146.5,
202.75,146.5,
203.5,146.5,
204.25,146.5,
205.0,146.5,
205.75,146.5,
206.5,146.5,
207.25,146.5,
208.0,146.5,
208.75,146.5,
209.5,146.5,
210.25,146.5,
211.0,146.5,
211.75,146.5,
212.5,146.5,
213.25,146.5,
214.0,146.5,
214.75,146.5,
215.5,146.5,
216.25,146.5,
217.0,146.5,
217.75,146.5,
218.5,146.5,
219.25,146.5,
31.0,147.25,
31.75,147.25,
32.5,147.25,
33.25,147.25,
34.0,147.25,
34.75,147.25,
35.5,147.25,
36.25,147.25,
37.0,147.25,
37.75,147.25,
38.5,147.25,
39.25,147.25,
40.0,147.25,
40.75,147.25,
41.5,147.25,
42.25,147.25,
43.0,147.25,
43.75,147.25,
44.5,147.25,
45.25,147.25,
46.0,147.25,
46.75,147.25,
47.5,147.25,
48.25,147.25,
49.0,147.25,
49.75,147.25,
50.5,147.25,
51.25,147.25,
52.0,147.25,
52.75,147.25,
53.5,147.25,
54.25,147.25,
55.0,147.25,
55.75,147.25,
56.5,147.25,
57.25,147.25,
58.0,147.25,
58.75,147.25,
59.5,147.25,
60.25,147.25,
61.0,147.25,
61.75,147.25,
62.5,147.25,
63.25,147.25,
64.0,147.25,
64.75,147.25,
65.5,147.25,
66.25,147.25,
67.0,147.25,
67.75,147.25,
68.5,147.25,
69.25,147.25,
70.0,147.25,
70.75,147.25,
71.5,147.25,
72.25,147.25,
73.0,147.25,
73.75,147.25,
74.5,147.25,
75.25,147.25,-89.75874326726185
76.0,147.25,-91.77340223707961
76.75,147.25,-91.8378397522368
77.5,147.25,-92.10776132838366
78.25,147.25,-92.54087624483695
79.0,147.25,-93.58430347091942
79.75,147.25,-94.8695443989904
80.5,147.25,-95.82142353940405
81.25,147.25,-95.95734605839823
82.0,147.25,-95.67370084516004
82.75,147.25,-95.06722769839071
83.5,147.25,-94.58030368875885
84.25,147.25,-94.22254222000988
85.0,147.25,-93.11709759933981
85.75,147.25,-92.56703373003573
86.5,147.25,-92.11336115397998
87.25,147.25,-92.20047232784894
88.0,147.25,-91.5299511002445
88.75,147.25,
89.5,147.25,
90.25,147.25,
91.0,147.25,
91.75,147.25,
92.5,147.25,
93.25,147.25,
94.0,147.25,
94.75,147.25,
95.5,147.25,
96.25,147.25,
97.0,147.25,
97.75,147.25,
98.5,147.25,
99.25,147.25,
100.0,147.25,
100.75,147.25,
101.5,147.25,
102.25,147.25,
103.0,147.25,
103.75,147.25,
104.5,147.25,
105.25,147.25,
106.0,147.25,
106.75,147.25,
107.5,147.25,
108.25,147.25,
109.0,147.25,
109.75,147.25,
110.5,147.25,
111.25,147.25,-93.42136150234742
112.0,147.25,-93.31368563685638
112.75,147.25,-93.14393939393939
113.5,147.25,-92.21467635553418
114.25,147.25,-91.9411481253556
115.0,147.25,-92.22989127224275
115.75,147.25,-92.1386409028372
116.5,147.25,-92.12958113591515
117.25,147.25,-91.6558319882424
118.0,147.25,-91.88008130081302
118.75,147.25,-92.08278598030927
119.5,147.25,-92.04049598086536
120.25,147.25,-91.95951813569054
121.0,147.25,-91.34652509245477
121.75,147.25,-91.26531870892462
122.5,147.25,-90.96494776190885
123.25,147.25,-89.87602155094133
124.0,147.25,-89.7267292912041
124.75,147.25,-89.6088324477439
125.5,147.25,-88.71480938416423
126.25,147.25,-88.70336787564766
127.0,147.25,-88.69654788418708
127.75,147.25,
128.5,147.25,
129.25,147.25,
130.0,147.25,
130.75,147.25,
131.5,147.25,
132.25,147.25,
133.0,147.25,
133.75,147.25,-92.44444444444446
134.5,147.25,-92.52582159624416
135.25,147.25,-91.92664072497452
136.0,147.25,-92.45776810676068
136.75,147.25,-92.9001408270388
137.5,147.25,-92.63136971449221
138.25,147.25,-91.35311248634873
139.0,147.25,-91.00303046136162
139.75,147.25,-90.90630239668607
140.5,147.25,-90.58888395589102
141.25,147.25,-90.19737331185728
142.0,147.25,-89.84713966112514
142.75,147.25,-89.57206253786657
143.5,147.25,
144.25,147.25,
145.0,147.25,
145.75,147.25,
146.5,147.25,
147.25,147.25,
148.0,147.25,
148.75,147.25,
149.5,147.25,
150.25,147.25,
151.0,147.25,
151.75,147.25,
152.5,147.25,
153.25,147.25,
154.0,147.25,
154.75,147.25,
155.5,147.25,
156.25,147.25,
157.0,147.25,
157.75,147.25,
158.5,147.25,
159.25,147.25,
160.0,147.25,
160.75,147.25,
161.5,147.25,
162.25,147.25,
163.0,147.25,
163.75,147.25,
164.5,147.25,
165.25,147.25,
166.0,147.25,
166.75,147.25,
167.5,147.25,
168.25,147.25,
169.0,147.25,
169.75,147.25,-101.13061224489795
170.5,147.25,-101.04030226700253
171.25,147.25,-98.84596421548166
172.0,147.25,-97.03245376664991
172.75,147.25,-96.80562994332689
173.5,147.25,-96.50434672822479
174.25,147.25,-96.09335283486156
175.0,147.25,-95.49690717649914
175.75,147.25,-94.87408665110397
176.5,147.25,-94.82099021446156
177.25,147.25,-94.86534088424368
178.0,147.25,-94.17789332101437
178.75,147.25,-93.58623613006938
179.5,147.25,-93.08201311787217
180.25,147.25,-92.93718957744325
181.0,147.25,-91.53872053872054
181.75,147.25,-91.39800995024875
182.5,147.25,-91.3047619047619
183.25,147.25,
184.0,147.25,
184.75,147.25,
185.5,147.25,
186.25,147.25,
187.0,147.25,
187.75,147.25,
188.5,147.25,
189.25,147.25,
190.0,147.25,
190.75,147.25,
191.5,147.25,
192.25,147.25,
193.0,147.25,
193.75,147.25,
194.5,147.25,
195.25,147.25,
196.0,147.25,
196.75,147.25,
197.5,147.25,
198.25,147.25,
199.0,147.25,
199.75,147.25,
200.5,147.25,
201.25,147.25,
202.0,147.25,
202.75,147.25,
203.5,147.25,
204.25,147.25,
205.0,147.25,
205.75,147.25,
206.5,147.25,
207.25,147.25,
208.0,147.25,
208.75,147.25,
209.5,147.25,
210.25,147.25,
211.0,147.25,
211.75,147.25,
212.5,147.25,
213.25,147.25,
214.0,147.25,
214.75,147.25,
215.5,147.25,
216.25,147.25,
217.0,147.25,
217.75,147.25,
218.5,147.25,
219.25,147.25,
31.0,148.0,
31.75,148.0,
32.5,148.0,
33.25,148.0,
34.0,148.0,
34.75,148.0,
35.5,148.0,
36.25,148.0,
37.0,148.0,
37.75,148.0,
38.5,148.0,
39.25,148.0,
40.0,148.0,
40.75,148.0,
41.5,148.0,
42.25,148.0,
43.0,148.0,
43.75,148.0,
44.5,148.0,
45.25,148.0,
46.0,148.0,
46.75,148.0,
47.5,148.0,
48.25,148.0,
49.0,148.0,
49.75,148.0,
50.5,148.0,
51.25,148.0,
52.0,148.0,
52.75,148.0,
53.5,148.0,
54.25,148.0,
55.0,148.0,
55.75,148.0,
56.5,148.0,
57.25,148.0,
58.0,148.0,
58.75,148.0,
59.5,148.0,
60.25,148.0,
61.0,148.0,
61.75,148.0,
62.5,148.0,
63.25,148.0,
64.0,148.0,
64.75,148.0,
65.5,148.0,
66.25,148.0,
67.0,148.0,
67.75,148.0,
68.5,148.0,
69.25,148.0,
70.0,148.0,
70.75,148.0,
71.5,148.0,
72.25,148.0,
73.0,148.0,
73.75,148.0,
74.5,148.0,
75.25,148.0,-93.53975058456743
76.0,148.0,-92.26018396846254
76.75,148.0,-92.52175737652503
77.5,148.0,-93.0654605486007
78.25,148.0,-93.74485170449434
79.0,148.0,-94.95052292839901
79.75,148.0,-96.06061381451323
80.5,148.0,-97.03407520692099
81.25,148.0,-96.95460983660395
82.0,148.0,-95.98051948051948
82.75,148.0,-94.82457185641543
83.5,148.0,-94.4756250976471
84.25,148.0,-93.49523443248506
85.0,148.0,-92.77325495688066
85.75,148.0,-92.13432206919981
86.5,148.0,-91.65742729840014
87.25,148.0,-89.602231229255
88.0,148.0,-89.28536184210526
88.75,148.0,-91.31673960612692
89.5,148.0,
90.25,148.0,
91.0,148.0,
91.75,148.0,
92.5,148.0,
93.25,148.0,
94.0,148.0,
94.75,148.0,
95.5,148.0,
96.25,148.0,
97.0,148.0,
97.75,148.0,
98.5,148.0,
99.25,148.0,
100.0,148.0,
100.75,148.0,
101.5,148.0,
102.25,148.0,
103.0,148.0,
103.75,148.0,
104.5,148.0,
105.25,148.0,
106.0,148.0,
106.75,148.0,
107.5,148.0,
108.25,148.0,
109.0,148.0,
109.75,148.0,
110.5,148.0,
111.25,148.0,
112.0,148.0,-93.18333333333332
112.75,148.0,-93.04478458049888
113.5,148.0,-92.87380952380951
114.25,148.0,-91.91968869331079
115.0,148.0,-91.71518987341771
115.75,148.0,-92.25152253206353
116.5,148.0,-91.30793902144448
117.25,148.0,-91.48477158222377
118.0,148.0,-91.85
118.75,148.0,-92.59801341146785
119.5,148.0,-92.67552806033443
120.25,148.0,-91.88297301003034
121.0,148.0,-92.18354430379748
121.75,148.0,-91.26495889300934
122.5,148.0,-90.03821895380982
123.25,148.0,-89.90632009903227
124.0,148.0,-89.7872340425532
124.75,148.0,-88.73588235294119
125.5,148.0,-88.72345132743362
126.25,148.0,-88.71378269617706
127.0,148.0,
127.75,148.0,
128.5,148.0,
129.25,148.0,
130.0,148.0,
130.75,148.0,
131.5,148.0,
132.25,148.0,
133.0,148.0,
133.75,148.0,-92.42367601246106
134.5,148.0,-92.49122807017544
135.25,148.0,-92.57516339869282
136.0,148.0,-92.21495327102804
136.75,148.0,-92.41851530549015
137.5,148.0,-92.14158855451406
138.25,148.0,-91.43720332631429
139.0,148.0,-91.06451612903224
139.75,148.0,-90.90026261785516
140.5,148.0,-90.6602816186731
141.25,148.0,-90.35695030657511
142.0,148.0,-90.0566037735849
142.75,148.0,-91.61323155216286
143.5,148.0,
144.25,148.0,
145.0,148.0,
145.75,148.0,
146.5,148.0,
147.25,148.0,
148.0,148.0,
148.75,148.0,
149.5,148.0,
150.25,148.0,
151.0,148.0,
151.75,148.0,
152.5,148.0,
153.25,148.0,
154.0,148.0,
154.75,148.0,
155.5,148.0,
156.25,148.0,
157.0,148.0,
157.75,148.0,
158.5,148.0,
159.25,148.0,
160.0,148.0,
160.75,148.0,
161.5,148.0,
162.25,148.0,
163.0,148.0,
163.75,148.0,
164.5,148.0,
165.25,148.0,
166.0,148.0,
166.75,148.0,
167.5,148.0,
168.25,148.0,
169.0,148.0,
169.75,148.0,
170.5,148.0,-100.93388429752066
171.25,148.0,-99.23172213491287
172.0,148.0,-96.69382391590013
172.75,148.0,-96.4605008131838
173.5,148.0,-96.15603080437604
174.25,148.0,-95.76868099578019
175.0,148.0,-95.31333316340834
175.75,148.0,-94.91765104446924
176.5,148.0,-94.54279317697228
177.25,148.0,-94.51115850678211
178.0,148.0,-94.19942748091603
178.75,148.0,-93.68488217769402
179.5,148.0,-93.36832262785593
180.25,148.0,-92.0281124497992
181.0,148.0,-91.76190476190477
181.75,148.0,-91.58049886621318
182.5,148.0,
183.25,148.0,
184.0,148.0,
184.75,148.0,
185.5,148.0,
186.25,148.0,
187.0,148.0,
187.75,148.0,
188.5,148.0,
189.25,148.0,
190.0,148.0,
190.75,148.0,
191.5,148.0,
192.25,148.0,
193.0,148.0,
193.75,148.0,
194.5,148.0,
195.25,148.0,
196.0,148.0,
196.75,148.0,
197.5,148.0,
198.25,148.0,
199.0,148.0,
199.75,148.0,
200.5,148.0,
201.25,148.0,
202.0,148.0,
202.75,148.0,
203.5,148.0,
204.25,148.0,
205.0,148.0,
205.75,148.0,
206.5,148.0,
207.25,148.0,
208.0,148.0,
208.75,148.0,
209.5,148.0,
210.25,148.0,
211.0,148.0,
211.75,148.0,
212.5,148.0,
213.25,148.0,
214.0,148.0,
214.75,148.0,
215.5,148.0,
216.25,148.0,
217.0,148.0,
217.75,148.0,
218.5,148.0,
219.25,148.0,
31.0,148.75,
31.75,148.75,
32.5,148.75,
33.25,148.75,
34.0,148.75,
34.75,148.75,
35.5,148.75,
36.25,148.75,
37.0,148.75,
37.75,148.75,
38.5,148.75,
39.25,148.75,
40.0,148.75,
40.75,148.75,
41.5,148.75,
42.25,148.75,
43.0,148.75,
43.75,148.75,
44.5,148.75,
45.25,148.75,
46.0,148.75,
46.75,148.75,
47.5,148.75,
48.25,148.75,
49.0,148.75,
49.75,148.75,
50.5,148.75,
51.25,148.75,
52.0,148.75,
52.75,148.75,
53.5,148.75,
54.25,148.75,
55.0,148.75,
55.75,148.75,
56.5,148.75,
57.25,148.75,
58.0,148.75,
58.75,148.75,
59.5,148.75,
60.25,148.75,
61.0,148.75,
61.75,148.75,
62.5,148.75,
63.25,148.75,
64.0,148.75,
64.75,148.75,
65.5,148.75,
66.25,148.75,
67.0,148.75,
67.75,148.75,
68.5,148.75,
69.25,148.75,
70.0,148.75,
70.75,148.75,
71.5,148.75,
72.25,148.75,
73.0,148.75,
73.75,148.75,
74.5,148.75,
75.25,148.75,-92.52007491040392
76.0,148.75,-93.47367369424992
76.75,148.75,-93.77837882619338
77.5,148.75,-94.3242717252677
78.25,148.75,-94.94906779636041
79.0,148.75,-95.81390543086805
79.75,148.75,-97.16537752551781
80.5,148.75,-99.03541381035524
81.25,148.75,-99.45122618581537
82.0,148.75,-96.4293603240138
82.75,148.75,-94.19153974977606
83.5,148.75,-94.11459439380032
84.25,148.75,-93.18685485037712
85.0,148.75,-92.2098776400942
85.75,148.75,-91.1966060746719
86.5,148.75,-90.74857855383972
87.25,148.75,-89.27362174578867
88.0,148.75,-88.97191617752875
88.75,148.75,-87.5447317379757
89.5,148.75,
90.25,148.75,
91.0,148.75,
91.75,148.75,
92.5,148.75,
93.25,148.75,
94.0,148.75,
94.75,148.75,
95.5,148.75,
96.25,148.75,
97.0,148.75,
97.75,148.75,
98.5,148.75,
99.25,148.75,
100.0,148.75,
100.75,148.75,
101.5,148.75,
102.25,148.75,
103.0,148.75,
103.75,148.75,
104.5,148.75,
105.25,148.75,
106.0,148.75,
106.75,148.75,
107.5,148.75,
108.25,148.75,
109.0,148.75,
109.75,148.75,
110.5,148.75,
111.25,148.75,
112.0,148.75,
112.75,148.75,
113.5,148.75,-92.84471766848817
114.25,148.75,-92.70238095238096
115.0,148.75,
115.75,148.75,-89.74633699633699
116.5,148.75,-89.75728597449908
117.25,148.75,
118.0,148.75,-92.5
118.75,148.75,
119.5,148.75,-93.78642987249545
120.25,148.75,-93.73168498168498
121.0,148.75,
121.75,148.75,-90.77564102564104
122.5,148.75,-90.69899817850637
123.25,148.75,
124.0,148.75,-88.75000000000001
124.75,148.75,
125.5,148.75,
126.25,148.75,
127.0,148.75,
127.75,148.75,
128.5,148.75,
129.25,148.75,
130.0,148.75,
130.75,148.75,
131.5,148.75,
132.25,148.75,
133.0,148.75,
133.75,148.75,-92.38418079096044
134.5,148.75,-92.42911877394636
135.25,148.75,-92.47311827956989
136.0,148.75,-92.49612403100774
136.75,148.75,-92.44444444444444
137.5,148.75,-91.72761442861473
138.25,148.75,-91.37276252191002
139.0,148.75,-91.08270948649094
139.75,148.75,-90.87570553258277
140.5,148.75,-90.6596309250995
141.25,148.75,-91.55555555555557
142.0,148.75,-91.601246105919
142.75,148.75,
143.5,148.75,
144.25,148.75,
145.0,148.75,
145.75,148.75,
146.5,148.75,
147.25,148.75,
148.0,148.75,
148.75,148.75,
149.5,148.75,
150.25,148.75,
151.0,148.75,
151.75,148.75,
152.5,148.75,
153.25,148.75,
154.0,148.75,
154.75,148.75,
155.5,148.75,
156.25,148.75,
157.0,148.75,
157.75,148.75,
158.5,148.75,
159.25,148.75,
160.0,148.75,
160.75,148.75,
161.5,148.75,
162.25,148.75,
163.0,148.75,
163.75,148.75,
164.5,148.75,
165.25,148.75,
166.0,148.75,
166.75,148.75,
167.5,148.75,
168.25,148.75,
169.0,148.75,
169.75,148.75,
170.5,148.75,
171.25,148.75,
172.0,148.75,-98.76827786508716
172.75,148.75,-96.25282768894513
173.5,148.75,-95.94030300086628
174.25,148.75,-95.61471629073421
175.0,148.75,-94.57019526371137
175.75,148.75,-94.4482203049561
176.5,148.75,-94.38136790623079
177.25,148.75,-94.19378420151217
178.0,148.75,-93.99501473802098
178.75,148.75,-93.73673372732327
179.5,148.75,-93.50734972509404
180.25,148.75,-92.15032679738563
181.0,148.75,-91.89567430025446
181.75,148.75,
182.5,148.75,
183.25,148.75,
184.0,148.75,
184.75,148.75,
185.5,148.75,
186.25,148.75,
187.0,148.75,
187.75,148.75,
188.5,148.75,
189.25,148.75,
190.0,148.75,
190.75,148.75,
191.5,148.75,
192.25,148.75,
193.0,148.75,
193.75,148.75,
194.5,148.75,
195.25,148.75,
196.0,148.75,
196.75,148.75,
197.5,148.75,
198.25,148.75,
199.0,148.75,
199.75,148.75,
200.5,148.75,
201.25,148.75,
202.0,148.75,
202.75,148.75,
203.5,148.75,
204.25,148.75,
205.0,148.75,
205.75,148.75,
206.5,148.75,
207.25,148.75,
208.0,148.75,
208.75,148.75,
209.5,148.75,
210.25,148.75,
211.0,148.75,
211.75,148.75,
212.5,148.75,
213.25,148.75,
214.0,148.75,
214.75,148.75,
215.5,148.75,
216.25,148.75,
217.0,148.75,
217.75,148.75,
218.5,148.75,
219.25,148.75,
31.0,149.5,
31.75,149.5,
32.5,149.5,
33.25,149.5,
34.0,149.5,
34.75,149.5,
35.5,149.5,
36.25,149.5,
37.0,149.5,
37.75,149.5,
38.5,149.5,
39.25,149.5,
40.0,149.5,
40.75,149.5,
41.5,149.5,
42.25,149.5,
43.0,149.5,
43.75,149.5,
44.5,149.5,
45.25,149.5,
46.0,149.5,
46.75,149.5,
47.5,149.5,
48.25,149.5,
49.0,149.5,
49.75,149.5,
50.5,149.5,
51.25,149.5,
52.0,149.5,
52.75,149.5,
53.5,149.5,
54.25,149.5,
55.0,149.5,
55.75,149.5,
56.5,149.5,
57.25,149.5,
58.0,149.5,
58.75,149.5,
59.5,149.5,
60.25,149.5,
61.0,149.5,
61.75,149.5,
62.5,149.5,
63.25,149.5,
64.0,149.5,
64.75,149.5,
65.5,149.5,
66.25,149.5,
67.0,149.5,
67.75,149.5,
68.5,149.5,
69.25,149.5,
70.0,149.5,
70.75,149.5,
71.5,149.5,
72.25,149.5,
73.0,149.5,
73.75,149.5,
74.5,149.5,
75.25,149.5,-92.20418618805066
76.0,149.5,-93.05991798030594
76.75,149.5,-93.60367615996444
77.5,149.5,-94.0572618258402
78.25,149.5,-94.99051123467967
79.0,149.5,-96.40314860244483
79.75,149.5,-97.40219663708815
80.5,149.5,-98.73168342756286
81.25,149.5,-98.87287459621032
82.0,149.5,-96.1499404155612
82.75,149.5,-94.29304243079031
83.5,149.5,-93.97380065207267
84.25,149.5,-92.27352143134182
85.0,149.5,-91.07025318843269
85.75,149.5,-90.45470019459461
86.5,149.5,-90.12976236907565
87.25,149.5,-88.86665873332777
88.0,149.5,-88.56797625334539
88.75,149.5,-88.39284898914343
89.5,149.5,-84.79545454545453
90.25,149.5,
91.0,149.5,
91.75,149.5,
92.5,149.5,
93.25,149.5,
94.0,149.5,
94.75,149.5,
95.5,149.5,
96.25,149.5,
97.0,149.5,
97.75,149.5,
98.5,149.5,
99.25,149.5,
100.0,149.5,
100.75,149.5,
101.5,149.5,
102.25,149.5,
103.0,149.5,
103.75,149.5,
104.5,149.5,
105.25,149.5,
106.0,149.5,
106.75,149.5,
107.5,149.5,
108.25,149.5,
109.0,149.5,
109.75,149.5,
110.5,149.5,
111.25,149.5,
112.0,149.5,
112.75,149.5,
113.5,149.5,
114.25,149.5,
115.0,149.5,
115.75,149.5,
116.5,149.5,
117.25,149.5,
118.0,149.5,
118.75,149.5,
119.5,149.5,
120.25,149.5,
121.0,149.5,
121.75,149.5,
122.5,149.5,
123.25,149.5,
124.0,149.5,
124.75,149.5,
125.5,149.5,
126.25,149.5,
127.0,149.5,
127.75,149.5,
128.5,149.5,
129.25,149.5,
130.0,149.5,
130.75,149.5,
131.5,149.5,
132.25,149.5,
133.0,149.5,
133.75,149.5,-92.3358024691358
134.5,149.5,-92.35897435897436
135.25,149.5,-92.37130801687763
136.0,149.5,-92.35555555555555
136.75,149.5,-92.28368794326242
137.5,149.5,-92.13333333333333
138.25,149.5,-91.93162393162395
139.0,149.5,-91.75757575757575
139.75,149.5,-91.66060606060607
140.5,149.5,-91.62962962962962
141.25,149.5,-91.63508771929826
142.0,149.5,-91.65591397849462
142.75,149.5,
143.5,149.5,
144.25,149.5,
145.0,149.5,
145.75,149.5,
146.5,149.5,
147.25,149.5,
148.0,149.5,
148.75,149.5,
149.5,149.5,
150.25,149.5,
151.0,149.5,
151.75,149.5,
152.5,149.5,
153.25,149.5,
154.0,149.5,
154.75,149.5,
155.5,149.5,
156.25,149.5,
157.0,149.5,
157.75,149.5,
158.5,149.5,
159.25,149.5,
160.0,149.5,
160.75,149.5,
161.5,149.5,
162.25,149.5,
163.0,149.5,
163.75,149.5,
164.5,149.5,
165.25,149.5,
166.0,149.5,
166.75,149.5,
167.5,149.5,
168.25,149.5,
169.0,149.5,
169.75,149.5,
170.5,149.5,
171.25,149.5,
172.0,149.5,-97.06611570247935
172.75,149.5,-96.95969773299748
173.5,149.5,-94.4710507505361
174.25,149.5,-94.3897220755772
175.0,149.5,-94.29660178159025
175.75,149.5,-94.21327065971101
176.5,149.5,-94.14006074924065
177.25,149.5,-94.04584743492977
178.0,149.5,-93.90628361703473
178.75,149.5,-93.73712206456139
179.5,149.5,-92.43589743589745
180.25,149.5,-92.17585301837269
181.0,149.5,
181.75,149.5,
182.5,149.5,
183.25,149.5,
184.0,149.5,
184.75,149.5,
185.5,149.5,
186.25,149.5,
187.0,149.5,
187.75,149.5,
188.5,149.5,
189.25,149.5,
190.0,149.5,
190.75,149.5,
191.5,149.5,
192.25,149.5,
193.0,149.5,
193.75,149.5,
194.5,149.5,
195.25,149.5,
196.0,149.5,
196.75,149.5,
197.5,149.5,
198.25,149.5,
199.0,149.5,
199.75,149.5,
200.5,149.5,
201.25,149.5,
202.0,149.5,
202.75,149.5,
203.5,149.5,
204.25,149.5,
205.0,149.5,
205.75,149.5,
206.5,149.5,
207.25,149.5,
208.0,149.5,
208.75,149.5,
209.5,149.5,
210.25,149.5,
211.0,149.5,
211.75,149.5,
212.5,149.5,
213.25,149.5,
214.0,149.5,
214.75,149.5,
215.5,149.5,
216.25,149.5,
217.0,149.5,
217.75,149.5,
218.5,149.5,
219.25,149.5,
31.0,150.25,
31.75,150.25,
32.5,150.25,
33.25,150.25,
34.0,150.25,
34.75,150.25,
35.5,150.25,
36.25,150.25,
37.0,150.25,
37.75,150.25,
38.5,150.25,
39.25,150.25,
40.0,150.25,
40.75,150.25,
41.5,150.25,
42.25,150.25,
43.0,150.25,
43.75,150.25,
44.5,150.25,
45.25,150.25,
46.0,150.25,
46.75,150.25,
47.5,150.25,
48.25,150.25,
49.0,150.25,
49.75,150.25,
50.5,150.25,
51.25,150.25,
52.0,150.25,
52.75,150.25,
53.5,150.25,
54.25,150.25,
55.0,150.25,
55.75,150.25,
56.5,150.25,
57.25,150.25,
58.0,150.25,
58.75,150.25,
59.5,150.25,
60.25,150.25,
61.0,150.25,
61.75,150.25,
62.5,150.25,
63.25,150.25,
64.0,150.25,
64.75,150.25,
65.5,150.25,
66.25,150.25,
67.0,150.25,
67.75,150.25,
68.5,150.25,
69.25,150.25,
70.0,150.25,
70.75,150.25,
71.5,150.25,
72.25,150.25,
73.0,150.25,
73.75,150.25,-90.74267399267399
74.5,150.25,-90.75441501103752
75.25,150.25,-93.1061738876087
76.0,150.25,-93.24123594103416
76.75,150.25,-93.44225579439019
77.5,150.25,-93.75015310500054
78.25,150.25,-94.56431630021132
79.0,150.25,-95.54972572865654
79.75,150.25,-96.26043600368426
80.5,150.25,-96.88759334368382
81.25,150.25,-96.6796556472185
82.0,150.25,-94.99741120783764
82.75,150.25,-94.11610625034734
83.5,150.25,-92.91081046241915
84.25,150.25,-91.14553591442115
85.0,150.25,-89.94393861194811
85.75,150.25,-89.22224957873816
86.5,150.25,-88.74145162751225
87.25,150.25,-88.3847205168318
88.0,150.25,-88.18849296590497
88.75,150.25,-87.9530142751659
89.5,150.25,-84.57776349614396
90.25,150.25,-84.38636363636364
91.0,150.25,
91.75,150.25,
92.5,150.25,
93.25,150.25,
94.0,150.25,
94.75,150.25,
95.5,150.25,
96.25,150.25,
97.0,150.25,
97.75,150.25,
98.5,150.25,
99.25,150.25,
100.0,150.25,
100.75,150.25,
101.5,150.25,
102.25,150.25,
103.0,150.25,
103.75,150.25,
104.5,150.25,
105.25,150.25,
106.0,150.25,
106.75,150.25,
107.5,150.25,
108.25,150.25,
109.0,150.25,
109.75,150.25,
110.5,150.25,
111.25,150.25,
112.0,150.25,
112.75,150.25,
113.5,150.25,
114.25,150.25,
115.0,150.25,
115.75,150.25,
116.5,150.25,
117.25,150.25,
118.0,150.25,
118.75,150.25,
119.5,150.25,
120.25,150.25,
121.0,150.25,
121.75,150.25,
122.5,150.25,
123.25,150.25,
124.0,150.25,
124.75,150.25,
125.5,150.25,
126.25,150.25,
127.0,150.25,
127.75,150.25,
128.5,150.25,
129.25,150.25,
130.0,150.25,
130.75,150.25,
131.5,150.25,
132.25,150.25,
133.0,150.25,
133.75,150.25,
134.5,150.25,-92.29396325459318
135.25,150.25,-92.2875816993464
136.0,150.25,-92.2570281124498
136.75,150.25,-92.19047619047619
137.5,150.25,-92.08465608465609
138.25,150.25,-91.95698924731185
139.0,150.25,-91.8407960199005
139.75,150.25,-91.76068376068376
140.5,150.25,-91.71929824561406
141.25,150.25,-91.70621468926555
142.0,150.25,-91.70975056689342
142.75,150.25,
143.5,150.25,
144.25,150.25,
145.0,150.25,
145.75,150.25,
146.5,150.25,
147.25,150.25,
148.0,150.25,
148.75,150.25,
149.5,150.25,
150.25,150.25,
151.0,150.25,
151.75,150.25,
152.5,150.25,
153.25,150.25,
154.0,150.25,
154.75,150.25,
155.5,150.25,
156.25,150.25,
157.0,150.25,
157.75,150.25,
158.5,150.25,
159.25,150.25,
160.0,150.25,
160.75,150.25,
161.5,150.25,
162.25,150.25,
163.0,150.25,
163.75,150.25,
164.5,150.25,
165.25,150.25,
166.0,150.25,
166.75,150.25,
167.5,150.25,
168.25,150.25,
169.0,150.25,
169.75,150.25,
170.5,150.25,
171.25,150.25,
172.0,150.25,
172.75,150.25,-96.86938775510204
173.5,150.25,-96.73396674584322
174.25,150.25,-94.28240418756177
175.0,150.25,-94.20707343107895
175.75,150.25,-94.13066462917264
176.5,150.25,-94.05256730621808
177.25,150.25,-93.96260554885403
178.0,150.25,-92.69470404984423
178.75,150.25,-92.53672316384181
179.5,150.25,-92.3432098765432
180.25,150.25,
181.0,150.25,
181.75,150.25,
182.5,150.25,
183.25,150.25,
184.0,150.25,
184.75,150.25,
185.5,150.25,
186.25,150.25,
187.0,150.25,
187.75,150.25,
188.5,150.25,
189.25,150.25,
190.0,150.25,
190.75,150.25,
191.5,150.25,
192.25,150.25,
193.0,150.25,
193.75,150.25,
194.5,150.25,
195.25,150.25,
196.0,150.25,
196.75,150.25,
197.5,150.25,
198.25,150.25,
199.0,150.25,
199.75,150.25,
200.5,150.25,
201.25,150.25,
202.0,150.25,
202.75,150.25,
203.5,150.25,
204.25,150.25,
205.0,150.25,
205.75,150.25,
206.5,150.25,
207.25,150.25,
208.0,150.25,
208.75,150.25,
209.5,150.25,
210.25,150.25,
211.0,150.25,
211.75,150.25,
212.5,150.25,
213.25,150.25,
214.0,150.25,
214.75,150.25,
215.5,150.25,
216.25,150.25,
217.0,150.25,
217.75,150.25,
218.5,150.25,
219.25,150.25,
31.0,151.0,
31.75,151.0,
32.5,151.0,
33.25,151.0,
34.0,151.0,
34.75,151.0,
35.5,151.0,
36.25,151.0,
37.0,151.0,
37.75,151.0,
38.5,151.0,
39.25,151.0,
40.0,151.0,
40.75,151.0,
41.5,151.0,
42.25,151.0,
43.0,151.0,
43.75,151.0,
44.5,151.0,
45.25,151.0,
46.0,151.0,
46.75,151.0,
47.5,151.0,
48.25,151.0,
49.0,151.0,
49.75,151.0,
50.5,151.0,
51.25,151.0,
52.0,151.0,
52.75,151.0,
53.5,151.0,
54.25,151.0,
55.0,151.0,
55.75,151.0,
56.5,151.0,
57.25,151.0,
58.0,151.0,
58.75,151.0,
59.5,151.0,
60.25,151.0,
61.0,151.0,
61.75,151.0,
62.5,151.0,
63.25,151.0,
64.0,151.0,
64.75,151.0,
65.5,151.0,
66.25,151.0,
67.0,151.0,
67.75,151.0,
68.5,151.0,
69.25,151.0,
70.0,151.0,
70.75,151.0,
71.5,151.0,
72.25,151.0,
73.0,151.0,
73.75,151.0,-90.72849462365592
74.5,151.0,-90.73924731182794
75.25,151.0,-90.34254759147164
76.0,151.0,-92.38474584916726
76.75,151.0,-92.7934737494118
77.5,151.0,-92.92414265223628
78.25,151.0,-93.00087642587566
79.0,151.0,-93.46296296296295
79.75,151.0,-94.57176452873175
80.5,151.0,-94.98602701443876
81.25,151.0,-94.91461974402614
82.0,151.0,-94.26162790697677
82.75,151.0,-93.97701964425488
83.5,151.0,-93.04631455931516
84.25,151.0,-90.15104302568298
85.0,151.0,-89.49999999999888
85.75,151.0,-88.83901130130869
86.5,151.0,-88.04035066602827
87.25,151.0,-87.71994915552348
88.0,151.0,-87.65063317707968
88.75,151.0,-86.16483617730603
89.5,151.0,-84.26685393258428
90.25,151.0,-84.13900634249472
91.0,151.0,
91.75,151.0,
92.5,151.0,
93.25,151.0,
94.0,151.0,
94.75,151.0,
95.5,151.0,
96.25,151.0,
97.0,151.0,
97.75,151.0,
98.5,151.0,
99.25,151.0,
100.0,151.0,
100.75,151.0,
101.5,151.0,
102.25,151.0,
103.0,151.0,
103.75,151.0,
104.5,151.0,
105.25,151.0,
106.0,151.0,
106.75,151.0,
107.5,151.0,
108.25,151.0,
109.0,151.0,
109.75,151.0,
110.5,151.0,
111.25,151.0,
112.0,151.0,
112.75,151.0,
113.5,151.0,
114.25,151.0,
115.0,151.0,
115.75,151.0,
116.5,151.0,
117.25,151.0,
118.0,151.0,
118.75,151.0,
119.5,151.0,
120.25,151.0,
121.0,151.0,
121.75,151.0,
122.5,151.0,
123.25,151.0,
124.0,151.0,
124.75,151.0,
125.5,151.0,
126.25,151.0,
127.0,151.0,
127.75,151.0,
128.5,151.0,
129.25,151.0,
130.0,151.0,
130.75,151.0,
131.5,151.0,
132.25,151.0,
133.0,151.0,
133.75,151.0,
134.5,151.0,
135.25,151.0,-92.2239185750636
136.0,151.0,-92.1904761904762
136.75,151.0,-92.13468013468014
137.5,151.0,-92.05797101449274
138.25,151.0,-91.97069597069596
139.0,151.0,-91.88888888888889
139.75,151.0,-91.82554517133956
140.5,151.0,-91.78494623655915
141.25,151.0,-91.7641723356009
142.0,151.0,
142.75,151.0,
143.5,151.0,
144.25,151.0,
145.0,151.0,
145.75,151.0,
146.5,151.0,
147.25,151.0,
148.0,151.0,
148.75,151.0,
149.5,151.0,
150.25,151.0,
151.0,151.0,
151.75,151.0,
152.5,151.0,
153.25,151.0,
154.0,151.0,
154.75,151.0,
155.5,151.0,
156.25,151.0,
157.0,151.0,
157.75,151.0,
158.5,151.0,
159.25,151.0,
160.0,151.0,
160.75,151.0,
161.5,151.0,
162.25,151.0,
163.0,151.0,
163.75,151.0,
164.5,151.0,
165.25,151.0,
166.0,151.0,
166.75,151.0,
167.5,151.0,
168.25,151.0,
169.0,151.0,
169.75,151.0,
170.5,151.0,
171.25,151.0,
172.0,151.0,
172.75,151.0,
173.5,151.0,
174.25,151.0,
175.0,151.0,
175.75,151.0,
176.5,151.0,
177.25,151.0,
178.0,151.0,
178.75,151.0,
179.5,151.0,
180.25,151.0,
181.0,151.0,
181.75,151.0,
182.5,151.0,
183.25,151.0,
184.0,151.0,
184.75,151.0,
185.5,151.0,
186.25,151.0,
187.0,151.0,
187.75,151.0,
188.5,151.0,
189.25,151.0,
190.0,151.0,
190.75,151.0,
191.5,151.0,
192.25,151.0,
193.0,151.0,
193.75,151.0,
194.5,151.0,
195.25,151.0,
196.0,151.0,
196.75,151.0,
197.5,151.0,
198.25,151.0,
199.0,151.0,
199.75,151.0,
200.5,151.0,
201.25,151.0,
202.0,151.0,
202.75,151.0,
203.5,151.0,
204.25,151.0,
205.0,151.0,
205.75,151.0,
206.5,151.0,
207.25,151.0,
208.0,151.0,
208.75,151.0,
209.5,151.0,
210.25,151.0,
211.0,151.0,
211.75,151.0,
212.5,151.0,
213.25,151.0,
214.0,151.0,
214.75,151.0,
215.5,151.0,
216.25,151.0,
217.0,151.0,
217.75,151.0,
218.5,151.0,
219.25,151.0,
31.0,151.75,
31.75,151.75,
32.5,151.75,
33.25,151.75,
34.0,151.75,
34.75,151.75,
35.5,151.75,
36.25,151.75,
37.0,151.75,
37.75,151.75,
38.5,151.75,
39.25,151.75,
40.0,151.75,
40.75,151.75,
41.5,151.75,
42.25,151.75,
43.0,151.75,
43.75,151.75,
44.5,151.75,
45.25,151.75,
46.0,151.75,
46.75,151.75,
47.5,151.75,
48.25,151.75,
49.0,151.75,
49.75,151.75,
50.5,151.75,
51.25,151.75,
52.0,151.75,
52.75,151.75,
53.5,151.75,
54.25,151.75,
55.0,151.75,
55.75,151.75,
56.5,151.75,
57.25,151.75,
58.0,151.75,
58.75,151.75,
59.5,151.75,
60.25,151.75,
61.0,151.75,
61.75,151.75,
62.5,151.75,
63.25,151.75,
64.0,151.75,
64.75,151.75,
65.5,151.75,
66.25,151.75,
67.0,151.75,
67.75,151.75,
68.5,151.75,
69.25,151.75,
70.0,151.75,
70.75,151.75,
71.5,151.75,
72.25,151.75,
73.0,151.75,
73.75,151.75,-90.71019900497512
74.5,151.75,-90.31304211463912
75.25,151.75,-90.98843772188393
76.0,151.75,-91.93634717990417
76.75,151.75,-92.02697940172104
77.5,151.75,-92.03284428289875
78.25,151.75,-92.09306985796805
79.0,151.75,-92.28756576930834
79.75,151.75,-93.0979069567976
80.5,151.75,-93.91241889167738
81.25,151.75,-94.34846476828531
82.0,151.75,-93.90896246748925
82.75,151.75,-92.53719802819097
83.5,151.75,-91.4505675577138
84.25,151.75,-88.49532867141299
85.0,151.75,-87.52735752273972
85.75,151.75,-86.84234171303191
86.5,151.75,-86.63516039088411
87.25,151.75,-86.80189983548685
88.0,151.75,-86.14324736732199
88.75,151.75,-86.20021638060135
89.5,151.75,-84.24290376464076
90.25,151.75,-83.85043668122269
91.0,151.75,
91.75,151.75,
92.5,151.75,
93.25,151.75,
94.0,151.75,
94.75,151.75,
95.5,151.75,
96.25,151.75,
97.0,151.75,
97.75,151.75,
98.5,151.75,
99.25,151.75,
100.0,151.75,
100.75,151.75,
101.5,151.75,
102.25,151.75,
103.0,151.75,
103.75,151.75,
104.5,151.75,
105.25,151.75,
106.0,151.75,
106.75,151.75,
107.5,151.75,
108.25,151.75,
109.0,151.75,
109.75,151.75,
110.5,151.75,
111.25,151.75,
112.0,151.75,
112.75,151.75,
113.5,151.75,
114.25,151.75,
115.0,151.75,
115.75,151.75,
116.5,151.75,
117.25,151.75,
118.0,151.75,
118.75,151.75,
119.5,151.75,
120.25,151.75,
121.0,151.75,
121.75,151.75,
122.5,151.75,
123.25,151.75,
124.0,151.75,
124.75,151.75,
125.5,151.75,
126.25,151.75,
127.0,151.75,
127.75,151.75,
128.5,151.75,
129.25,151.75,
130.0,151.75,
130.75,151.75,
131.5,151.75,
132.25,151.75,
133.0,151.75,
133.75,151.75,
134.5,151.75,
135.25,151.75,
136.0,151.75,-92.14512471655328
136.75,151.75,-92.09950248756218
137.5,151.75,-92.04199475065617
138.25,151.75,-91.97883597883599
139.0,151.75,-91.91857506361322
139.75,151.75,-91.86854460093896
140.5,151.75,-91.83228511530397
141.25,151.75,
142.0,151.75,
142.75,151.75,
143.5,151.75,
144.25,151.75,
145.0,151.75,
145.75,151.75,
146.5,151.75,
147.25,151.75,
148.0,151.75,
148.75,151.75,
149.5,151.75,
150.25,151.75,
151.0,151.75,
151.75,151.75,
152.5,151.75,
153.25,151.75,
154.0,151.75,
154.75,151.75,
155.5,151.75,
156.25,151.75,
157.0,151.75,
157.75,151.75,
158.5,151.75,
159.25,151.75,
160.0,151.75,
160.75,151.75,
161.5,151.75,
162.25,151.75,
163.0,151.75,
163.75,151.75,
164.5,151.75,
165.25,151.75,
166.0,151.75,
166.75,151.75,
167.5,151.75,
168.25,151.75,
169.0,151.75,
169.75,151.75,
170.5,151.75,
171.25,151.75,
172.0,151.75,
172.75,151.75,
173.5,151.75,
174.25,151.75,
175.0,151.75,
175.75,151.75,
176.5,151.75,
177.25,151.75,
178.0,151.75,
178.75,151.75,
179.5,151.75,
180.25,151.75,
181.0,151.75,
181.75,151.75,
182.5,151.75,
183.25,151.75,
184.0,151.75,
184.75,151.75,
185.5,151.75,
186.25,151.75,
187.0,151.75,
187.75,151.75,
188.5,151.75,
189.25,151.75,
190.0,151.75,
190.75,151.75,
191.5,151.75,
192.25,151.75,
193.0,151.75,
193.75,151.75,
194.5,151.75,
195.25,151.75,
196.0,151.75,
196.75,151.75,
197.5,151.75,
198.25,151.75,
199.0,151.75,
199.75,151.75,
200.5,151.75,
201.25,151.75,
202.0,151.75,
202.75,151.75,
203.5,151.75,
204.25,151.75,
205.0,151.75,
205.75,151.75,
206.5,151.75,
207.25,151.75,
208.0,151.75,
208.75,151.75,
209.5,151.75,
210.25,151.75,
211.0,151.75,
211.75,151.75,
212.5,151.75,
213.25,151.75,
214.0,151.75,
214.75,151.75,
215.5,151.75,
216.25,151.75,
217.0,151.75,
217.75,151.75,
218.5,151.75,
219.25,151.75,
31.0,152.5,
31.75,152.5,
32.5,152.5,
33.25,152.5,
34.0,152.5,
34.75,152.5,
35.5,152.5,
36.25,152.5,
37.0,152.5,
37.75,152.5,
38.5,152.5,
39.25,152.5,
40.0,152.5,
40.75,152.5,
41.5,152.5,
42.25,152.5,
43.0,152.5,
43.75,152.5,
44.5,152.5,
45.25,152.5,
46.0,152.5,
46.75,152.5,
47.5,152.5,
48.25,152.5,
49.0,152.5,
49.75,152.5,
50.5,152.5,
51.25,152.5,
52.0,152.5,
52.75,152.5,
53.5,152.5,
54.25,152.5,
55.0,152.5,
55.75,152.5,
56.5,152.5,
57.25,152.5,
58.0,152.5,
58.75,152.5,
59.5,152.5,
60.25,152.5,
61.0,152.5,
61.75,152.5,
62.5,152.5,
63.25,152.5,
64.0,152.5,
64.75,152.5,
65.5,152.5,
66.25,152.5,
67.0,152.5,
67.75,152.5,
68.5,152.5,
69.25,152.5,
70.0,152.5,
70.75,152.5,
71.5,152.5,
72.25,152.5,
73.0,152.5,
73.75,152.5,-90.28893788082114
74.5,152.5,-90.3065443289852
75.25,152.5,-91.09175736165099
76.0,152.5,-91.06922291648219
76.75,152.5,-91.60187621165053
77.5,152.5,-91.55454606988911
78.25,152.5,-91.40689633906732
79.0,152.5,-91.25732194364322
79.75,152.5,-92.01451812468306
80.5,152.5,-94.13386323492306
81.25,152.5,-94.51305702851751
82.0,152.5,-92.52943878403205
82.75,152.5,-91.59030452164711
83.5,152.5,-90.28196360972038
84.25,152.5,-85.07788628204528
85.0,152.5,-80.59812772179662
85.75,152.5,-82.67840123149318
86.5,152.5,-84.35019478430205
87.25,152.5,-85.20837545384813
88.0,152.5,-85.61273745870659
88.75,152.5,-85.64659528749442
89.5,152.5,-84.04958777885548
90.25,152.5,-84.0997384769013
91.0,152.5,
91.75,152.5,
92.5,152.5,
93.25,152.5,
94.0,152.5,
94.75,152.5,
95.5,152.5,
96.25,152.5,
97.0,152.5,
97.75,152.5,
98.5,152.5,
99.25,152.5,
100.0,152.5,
100.75,152.5,
101.5,152.5,
102.25,152.5,
103.0,152.5,
103.75,152.5,
104.5,152.5,
105.25,152.5,
106.0,152.5,
106.75,152.5,
107.5,152.5,
108.25,152.5,
109.0,152.5,
109.75,152.5,
110.5,152.5,
111.25,152.5,
112.0,152.5,
112.75,152.5,
113.5,152.5,
114.25,152.5,
115.0,152.5,
115.75,152.5,
116.5,152.5,
117.25,152.5,
118.0,152.5,
118.75,152.5,
119.5,152.5,
120.25,152.5,
121.0,152.5,
121.75,152.5,
122.5,152.5,
123.25,152.5,
124.0,152.5,
124.75,152.5,
125.5,152.5,
126.25,152.5,
127.0,152.5,
127.75,152.5,
128.5,152.5,
129.25,152.5,
130.0,152.5,
130.75,152.5,
131.5,152.5,
132.25,152.5,
133.0,152.5,
133.75,152.5,
134.5,152.5,
135.25,152.5,
136.0,152.5,
136.75,152.5,-92.07619047619046
137.5,152.5,-92.03174603174604
138.25,152.5,-91.98403193612774
139.0,152.5,-91.93798449612402
139.75,152.5,
140.5,152.5,
141.25,152.5,
142.0,152.5,
142.75,152.5,
143.5,152.5,
144.25,152.5,
145.0,152.5,
145.75,152.5,
146.5,152.5,
147.25,152.5,
148.0,152.5,
148.75,152.5,
149.5,152.5,
150.25,152.5,
151.0,152.5,
151.75,152.5,
152.5,152.5,
153.25,152.5,
154.0,152.5,
154.75,152.5,
155.5,152.5,
156.25,152.5,
157.0,152.5,
157.75,152.5,
158.5,152.5,
159.25,152.5,
160.0,152.5,
160.75,152.5,
161.5,152.5,
162.25,152.5,
163.0,152.5,
163.75,152.5,
164.5,152.5,
165.25,152.5,
166.0,152.5,
166.75,152.5,
167.5,152.5,
168.25,152.5,
169.0,152.5,
169.75,152.5,
170.5,152.5,
171.25,152.5,
172.0,152.5,
172.75,152.5,
173.5,152.5,
174.25,152.5,
175.0,152.5,
175.75,152.5,
176.5,152.5,
177.25,152.5,
178.0,152.5,
178.75,152.5,
179.5,152.5,
180.25,152.5,
181.0,152.5,
181.75,152.5,
182.5,152.5,
183.25,152.5,
184.0,152.5,
184.75,152.5,
185.5,152.5,
186.25,152.5,
187.0,152.5,
187.75,152.5,
188.5,152.5,
189.25,152.5,
190.0,152.5,
190.75,152.5,
191.5,152.5,
192.25,152.5,
193.0,152.5,
193.75,152.5,
194.5,152.5,
195.25,152.5,
196.0,152.5,
196.75,152.5,
197.5,152.5,
198.25,152.5,
199.0,152.5,
199.75,152.5,
200.5,152.5,
201.25,152.5,
202.0,152.5,
202.75,152.5,
203.5,152.5,
204.25,152.5,
205.0,152.5,
205.75,152.5,
206.5,152.5,
207.25,152.5,
208.0,152.5,
208.75,152.5,
209.5,152.5,
210.25,152.5,
211.0,152.5,
211.75,152.5,
212.5,152.5,
213.25,152.5,
214.0,152.5,
214.75,152.5,
215.5,152.5,
216.25,152.5,
217.0,152.5,
217.75,152.5,
218.5,152.5,
219.25,152.5,
31.0,153.25,
31.75,153.25,
32.5,153.25,
33.25,153.25,
34.0,153.25,
34.75,153.25,
35.5,153.25,
36.25,153.25,
37.0,153.25,
37.75,153.25,
38.5,153.25,
39.25,153.25,
40.0,153.25,
40.75,153.25,
41.5,153.25,
42.25,153.25,
43.0,153.25,
43.75,153.25,
44.5,153.25,
45.25,153.25,
46.0,153.25,
46.75,153.25,
47.5,153.25,
48.25,153.25,
49.0,153.25,
49.75,153.25,
50.5,153.25,
51.25,153.25,
52.0,153.25,
52.75,153.25,
53.5,153.25,
54.25,153.25,
55.0,153.25,
55.75,153.25,
56.5,153.25,
57.25,153.25,
58.0,153.25,
58.75,153.25,
59.5,153.25,
60.25,153.25,
61.0,153.25,
61.75,153.25,
62.5,153.25,
63.25,153.25,
64.0,153.25,
64.75,153.25,
65.5,153.25,
66.25,153.25,
67.0,153.25,
67.75,153.25,
68.5,153.25,
69.25,153.25,
70.0,153.25,
70.75,153.25,
71.5,153.25,-90.98542805100182
72.25,153.25,-90.9324894514768
73.0,153.25,-90.86570743405277
73.75,153.25,-90.27865203489493
74.5,153.25,-90.55722292491667
75.25,153.25,-90.82766625202916
76.0,153.25,-90.81653925528936
76.75,153.25,-90.95410695212075
77.5,153.25,-91.19759455013838
78.25,153.25,-91.01956885616237
79.0,153.25,-91.02761434747984
79.75,153.25,-91.76191173204657
80.5,153.25,-94.10068824548182
81.25,153.25,-94.56911968352931
82.0,153.25,-92.40809767310566
82.75,153.25,-91.72812880162114
83.5,153.25,-90.42759431796605
84.25,153.25,-83.74584681389409
85.0,153.25,-78.64464506211544
85.75,153.25,-81.50461650591689
86.5,153.25,-83.56699009853578
87.25,153.25,-84.70019989950528
88.0,153.25,-85.25475756034169
88.75,153.25,-85.55864590119081
89.5,153.25,-85.04469674237936
90.25,153.25,-84.00262215596582
91.0,153.25,
91.75,153.25,
92.5,153.25,
93.25,153.25,
94.0,153.25,
94.75,153.25,
95.5,153.25,
96.25,153.25,
97.0,153.25,
97.75,153.25,
98.5,153.25,
99.25,153.25,
100.0,153.25,
100.75,153.25,
101.5,153.25,
102.25,153.25,
103.0,153.25,
103.75,153.25,
104.5,153.25,
105.25,153.25,
106.0,153.25,
106.75,153.25,
107.5,153.25,
108.25,153.25,
109.0,153.25,
109.75,153.25,-92.47802197802199
110.5,153.25,-92.54371584699453
111.25,153.25,
112.0,153.25,-90.5
112.75,153.25,
113.5,153.25,-89.91256830601093
114.25,153.25,-90.04395604395604
115.0,153.25,
115.75,153.25,
116.5,153.25,
117.25,153.25,
118.0,153.25,
118.75,153.25,
119.5,153.25,
120.25,153.25,
121.0,153.25,
121.75,153.25,
122.5,153.25,
123.25,153.25,
124.0,153.25,
124.75,153.25,
125.5,153.25,
126.25,153.25,
127.0,153.25,
127.75,153.25,
128.5,153.25,
129.25,153.25,
130.0,153.25,
130.75,153.25,
131.5,153.25,
132.25,153.25,
133.0,153.25,
133.75,153.25,
134.5,153.25,
135.25,153.25,
136.0,153.25,
136.75,153.25,
137.5,153.25,
138.25,153.25,
139.0,153.25,
139.75,153.25,
140.5,153.25,
141.25,153.25,
142.0,153.25,
142.75,153.25,
143.5,153.25,
144.25,153.25,
145.0,153.25,
145.75,153.25,
146.5,153.25,
147.25,153.25,
148.0,153.25,
148.75,153.25,
149.5,153.25,
150.25,153.25,
151.0,153.25,
151.75,153.25,
152.5,153.25,
153.25,153.25,
154.0,153.25,
154.75,153.25,
155.5,153.25,
156.25,153.25,
157.0,153.25,
157.75,153.25,
158.5,153.25,
159.25,153.25,
160.0,153.25,
160.75,153.25,
161.5,153.25,
162.25,153.25,
163.0,153.25,
163.75,153.25,
164.5,153.25,
165.25,153.25,
166.0,153.25,
166.75,153.25,
167.5,153.25,
168.25,153.25,
169.0,153.25,
169.75,153.25,
170.5,153.25,
171.25,153.25,
172.0,153.25,
172.75,153.25,
173.5,153.25,
174.25,153.25,
175.0,153.25,
175.75,153.25,
176.5,153.25,
177.25,153.25,
178.0,153.25,
178.75,153.25,
179.5,153.25,
180.25,153.25,
181.0,153.25,
181.75,153.25,
182.5,153.25,
183.25,153.25,
184.0,153.25,
184.75,153.25,
185.5,153.25,
186.25,153.25,
187.0,153.25,
187.75,153.25,
188.5,153.25,
189.25,153.25,
190.0,153.25,
190.75,153.25,
191.5,153.25,
192.25,153.25,
193.0,153.25,
193.75,153.25,
194.5,153.25,
195.25,153.25,
196.0,153.25,
196.75,153.25,
197.5,153.25,
198.25,153.25,
199.0,153.25,
199.75,153.25,
200.5,153.25,
201.25,153.25,
202.0,153.25,
202.75,153.25,
203.5,153.25,
204.25,153.25,
205.0,153.25,
205.75,153.25,
206.5,153.25,
207.25,153.25,
208.0,153.25,
208.75,153.25,
209.5,153.25,
210.25,153.25,
211.0,153.25,
211.75,153.25,
212.5,153.25,
213.25,153.25,
214.0,153.25,
214.75,153.25,
215.5,153.25,
216.25,153.25,
217.0,153.25,
217.75,153.25,
218.5,153.25,
219.25,153.25,
31.0,154.0,
31.75,154.0,
32.5,154.0,
33.25,154.0,
34.0,154.0,
34.75,154.0,
35.5,154.0,
36.25,154.0,
37.0,154.0,
37.75,154.0,
38.5,154.0,
39.25,154.0,
40.0,154.0,
40.75,154.0,
41.5,154.0,
42.25,154.0,
43.0,154.0,
43.75,154.0,
44.5,154.0,
45.25,154.0,
46.0,154.0,
46.75,154.0,
47.5,154.0,
48.25,154.0,
49.0,154.0,
49.75,154.0,
50.5,154.0,
51.25,154.0,
52.0,154.0,
52.75,154.0,
53.5,154.0,
54.25,154.0,
55.0,154.0,
55.75,154.0,
56.5,154.0,
57.25,154.0,
58.0,154.0,
58.75,154.0,
59.5,154.0,
60.25,154.0,
61.0,154.0,
61.75,154.0,
62.5,154.0,
63.25,154.0,
64.0,154.0,
64.75,154.0,
65.5,154.0,
66.25,154.0,
67.0,154.0,
67.75,154.0,
68.5,154.0,
69.25,154.0,
70.0,154.0,
70.75,154.0,
71.5,154.0,-91.03418803418803
72.25,154.0,-90.43813631033584
73.0,154.0,-90.41205112598905
73.75,154.0,-90.51483308758208
74.5,154.0,-90.54584184103577
75.25,154.0,-90.60732624655233
76.0,154.0,-90.56981519507187
76.75,154.0,-90.72912887503044
77.5,154.0,-90.70586077696707
78.25,154.0,-90.60891449607352
79.0,154.0,-90.60350966429297
79.75,154.0,-91.26197859939839
80.5,154.0,-92.66654709797727
81.25,154.0,-93.43644837127896
82.0,154.0,-91.67857142857142
82.75,154.0,-90.57401771054947
83.5,154.0,-88.75618924527615
84.25,154.0,-85.31731047402823
85.0,154.0,-83.74760601915185
85.75,154.0,-83.68603752842634
86.5,154.0,-84.42913903029348
87.25,154.0,-85.00390774408224
88.0,154.0,-85.09505703422052
88.75,154.0,-85.37495021157831
89.5,154.0,-85.57564393025129
90.25,154.0,-83.88642811233977
91.0,154.0,
91.75,154.0,
92.5,154.0,
93.25,154.0,
94.0,154.0,
94.75,154.0,
95.5,154.0,
96.25,154.0,
97.0,154.0,
97.75,154.0,
98.5,154.0,
99.25,154.0,
100.0,154.0,
100.75,154.0,
101.5,154.0,
102.25,154.0,
103.0,154.0,
103.75,154.0,
104.5,154.0,
105.25,154.0,
106.0,154.0,
106.75,154.0,
107.5,154.0,
108.25,154.0,-92.31935483870969
109.0,154.0,-92.38888888888889
109.75,154.0,-91.00441568176245
110.5,154.0,-90.91516143750503
111.25,154.0,-90.79008794377305
112.0,154.0,-91.14999999999999
112.75,154.0,-91.12712706253534
113.5,154.0,-91.10137148071607
114.25,154.0,-91.11450388743484
115.0,154.0,-90.22222222222223
115.75,154.0,-90.36129032258064
116.5,154.0,
117.25,154.0,
118.0,154.0,
118.75,154.0,
119.5,154.0,
120.25,154.0,
121.0,154.0,
121.75,154.0,
122.5,154.0,
123.25,154.0,
124.0,154.0,
124.75,154.0,
125.5,154.0,
126.25,154.0,
127.0,154.0,
127.75,154.0,
128.5,154.0,
129.25,154.0,
130.0,154.0,
130.75,154.0,
131.5,154.0,
132.25,154.0,
133.0,154.0,
133.75,154.0,
134.5,154.0,
135.25,154.0,
136.0,154.0,
136.75,154.0,
137.5,154.0,
138.25,154.0,
139.0,154.0,
139.75,154.0,
140.5,154.0,
141.25,154.0,
142.0,154.0,
142.75,154.0,
143.5,154.0,
144.25,154.0,
145.0,154.0,
145.75,154.0,
146.5,154.0,
147.25,154.0,
148.0,154.0,
148.75,154.0,
149.5,154.0,
150.25,154.0,
151.0,154.0,
151.75,154.0,
152.5,154.0,
153.25,154.0,
154.0,154.0,
154.75,154.0,
155.5,154.0,
156.25,154.0,
157.0,154.0,
157.75,154.0,
158.5,154.0,
159.25,154.0,
160.0,154.0,
160.75,154.0,
161.5,154.0,
162.25,154.0,
163.0,154.0,
163.75,154.0,
164.5,154.0,
165.25,154.0,
166.0,154.0,
166.75,154.0,
167.5,154.0,
168.25,154.0,
169.0,154.0,
169.75,154.0,
170.5,154.0,
171.25,154.0,
172.0,154.0,
172.75,154.0,
173.5,154.0,
174.25,154.0,
175.0,154.0,
175.75,154.0,
176.5,154.0,
177.25,154.0,
178.0,154.0,
178.75,154.0,
179.5,154.0,
180.25,154.0,
181.0,154.0,
181.75,154.0,
182.5,154.0,
183.25,154.0,
184.0,154.0,
184.75,154.0,
185.5,154.0,
186.25,154.0,
187.0,154.0,
187.75,154.0,
188.5,154.0,
189.25,154.0,
190.0,154.0,
190.75,154.0,
191.5,154.0,
192.25,154.0,
193.0,154.0,
193.75,154.0,
194.5,154.0,
195.25,154.0,
196.0,154.0,
196.75,154.0,
197.5,154.0,
198.25,154.0,
199.0,154.0,
199.75,154.0,
200.5,154.0,
201.25,154.0,
202.0,154.0,
202.75,154.0,
203.5,154.0,
204.25,154.0,
205.0,154.0,
205.75,154.0,
206.5,154.0,
207.25,154.0,
208.0,154.0,
208.75,154.0,
209.5,154.0,
210.25,154.0,
211.0,154.0,
211.75,154.0,
212.5,154.0,
213.25,154.0,
214.0,154.0,
214.75,154.0,
215.5,154.0,
216.25,154.0,
217.0,154.0,
217.75,154.0,
218.5,154.0,
219.25,154.0,
31.0,154.75,
31.75,154.75,
32.5,154.75,
33.25,154.75,
34.0,154.75,
34.75,154.75,
35.5,154.75,
36.25,154.75,
37.0,154.75,
37.75,154.75,
38.5,154.75,
39.25,154.75,
40.0,154.75,
40.75,154.75,
41.5,154.75,
42.25,154.75,
43.0,154.75,
43.75,154.75,
44.5,154.75,
45.25,154.75,
46.0,154.75,
46.75,154.75,
47.5,154.75,
48.25,154.75,
49.0,154.75,
49.75,154.75,
50.5,154.75,
51.25,154.75,
52.0,154.75,
52.75,154.75,
53.5,154.75,
54.25,154.75,
55.0,154.75,
55.75,154.75,
56.5,154.75,
57.25,154.75,
58.0,154.75,
58.75,154.75,
59.5,154.75,
60.25,154.75,
61.0,154.75,
61.75,154.75,
62.5,154.75,
63.25,154.75,
64.0,154.75,
64.75,154.75,
65.5,154.75,
66.25,154.75,
67.0,154.75,
67.75,154.75,
68.5,154.75,
69.25,154.75,
70.0,154.75,
70.75,154.75,
71.5,154.75,-90.49779735682819
72.25,154.75,-90.46461070186747
73.0,154.75,-90.73967426303035
73.75,154.75,-90.53025948733797
74.5,154.75,-90.4928782958501
75.25,154.75,-90.60867317112007
76.0,154.75,-90.5610024800696
76.75,154.75,-90.50646847744281
77.5,154.75,-90.54670746423925
78.25,154.75,-90.04081751942503
79.0,154.75,-89.16619344524075
79.75,154.75,-90.20313596459205
80.5,154.75,-91.54728415572902
81.25,154.75,-91.88686777947963
82.0,154.75,-90.23243419077168
82.75,154.75,-89.56960102962697
83.5,154.75,-87.96928047605311
84.25,154.75,-85.94187806650157
85.0,154.75,-85.49253594315684
85.75,154.75,-85.39245973784882
86.5,154.75,-85.37360553081821
87.25,154.75,-85.26161259203245
88.0,154.75,-85.40494875178422
88.75,154.75,-85.56504199350512
89.5,154.75,-85.7170546251356
90.25,154.75,-85.40226921842942
91.0,154.75,-85.91043083900226
91.75,154.75,
92.5,154.75,
93.25,154.75,
94.0,154.75,
94.75,154.75,
95.5,154.75,
96.25,154.75,
97.0,154.75,
97.75,154.75,
98.5,154.75,
99.25,154.75,
100.0,154.75,
100.75,154.75,
101.5,154.75,
102.25,154.75,
103.0,154.75,
103.75,154.75,
104.5,154.75,
105.25,154.75,
106.0,154.75,
106.75,154.75,
107.5,154.75,-92.2037037037037
108.25,154.75,-92.26271186440678
109.0,154.75,-91.14261120097719
109.75,154.75,-91.09405458611062
110.5,154.75,-90.99515831563016
111.25,154.75,-91.21723568089553
112.0,154.75,-91.119918699187
112.75,154.75,-91.04414635055284
113.5,154.75,-91.02362444022681
114.25,154.75,-91.05992489327784
115.0,154.75,-91.1345431692804
115.75,154.75,-90.47457627118645
116.5,154.75,-90.59259259259258
117.25,154.75,
118.0,154.75,
118.75,154.75,
119.5,154.75,
120.25,154.75,
121.0,154.75,
121.75,154.75,
122.5,154.75,
123.25,154.75,
124.0,154.75,
124.75,154.75,
125.5,154.75,
126.25,154.75,
127.0,154.75,
127.75,154.75,
128.5,154.75,
129.25,154.75,
130.0,154.75,
130.75,154.75,
131.5,154.75,
132.25,154.75,
133.0,154.75,
133.75,154.75,
134.5,154.75,
135.25,154.75,
136.0,154.75,
136.75,154.75,
137.5,154.75,
138.25,154.75,
139.0,154.75,
139.75,154.75,
140.5,154.75,
141.25,154.75,
142.0,154.75,
142.75,154.75,
143.5,154.75,
144.25,154.75,
145.0,154.75,
145.75,154.75,
146.5,154.75,
147.25,154.75,
148.0,154.75,
148.75,154.75,
149.5,154.75,
150.25,154.75,
151.0,154.75,
151.75,154.75,
152.5,154.75,
153.25,154.75,
154.0,154.75,
154.75,154.75,
155.5,154.75,
156.25,154.75,
157.0,154.75,
157.75,154.75,
158.5,154.75,
159.25,154.75,
160.0,154.75,
160.75,154.75,
161.5,154.75,
162.25,154.75,
163.0,154.75,
163.75,154.75,
164.5,154.75,
165.25,154.75,
166.0,154.75,
166.75,154.75,
167.5,154.75,
168.25,154.75,
169.0,154.75,
169.75,154.75,
170.5,154.75,
171.25,154.75,
172.0,154.75,
172.75,154.75,
173.5,154.75,
174.25,154.75,
175.0,154.75,
175.75,154.75,
176.5,154.75,
177.25,154.75,
178.0,154.75,
178.75,154.75,
179.5,154.75,
180.25,154.75,
181.0,154.75,
181.75,154.75,
182.5,154.75,
183.25,154.75,
184.0,154.75,
184.75,154.75,
185.5,154.75,
186.25,154.75,
187.0,154.75,
187.75,154.75,
188.5,154.75,
189.25,154.75,
190.0,154.75,
190.75,154.75,
191.5,154.75,
192.25,154.75,
193.0,154.75,
193.75,154.75,
194.5,154.75,
195.25,154.75,
196.0,154.75,
196.75,154.75,
197.5,154.75,
198.25,154.75,
199.0,154.75,
199.75,154.75,
200.5,154.75,
201.25,154.75,
202.0,154.75,
202.75,154.75,
203.5,154.75,
204.25,154.75,
205.0,154.75,
205.75,154.75,
206.5,154.75,
207.25,154.75,
208.0,154.75,
208.75,154.75,
209.5,154.75,
210.25,154.75,
211.0,154.75,
211.75,154.75,
212.5,154.75,
213.25,154.75,
214.0,154.75,
214.75,154.75,
215.5,154.75,
216.25,154.75,
217.0,154.75,
217.75,154.75,
218.5,154.75,
219.25,154.75,
31.0,155.5,
31.75,155.5,
32.5,155.5,
33.25,155.5,
34.0,155.5,
34.75,155.5,
35.5,155.5,
36.25,155.5,
37.0,155.5,
37.75,155.5,
38.5,155.5,
39.25,155.5,
40.0,155.5,
40.75,155.5,
41.5,155.5,
42.25,155.5,
43.0,155.5,
43.75,155.5,
44.5,155.5,
45.25,155.5,
46.0,155.5,
46.75,155.5,
47.5,155.5,
48.25,155.5,
49.0,155.5,
49.75,155.5,
50.5,155.5,
51.25,155.5,
52.0,155.5,
52.75,155.5,
53.5,155.5,
54.25,155.5,
55.0,155.5,
55.75,155.5,
56.5,155.5,
57.25,155.5,
58.0,155.5,
58.75,155.5,
59.5,155.5,
60.25,155.5,
61.0,155.5,
61.75,155.5,
62.5,155.5,
63.25,155.5,
64.0,155.5,
64.75,155.5,
65.5,155.5,
66.25,155.5,
67.0,155.5,
67.75,155.5,
68.5,155.5,
69.25,155.5,-91.2793501048218
70.0,155.5,-91.29761904761905
70.75,155.5,-90.66290997809755
71.5,155.5,-90.61708666203991
72.25,155.5,-90.78496173462597
73.0,155.5,-90.74712026895403
73.75,155.5,-90.74433301249105
74.5,155.5,-90.71109970445524
75.25,155.5,-90.68043579282751
76.0,155.5,-90.60760714482538
76.75,155.5,-90.5447360913941
77.5,155.5,-90.53246363698949
78.25,155.5,-90.32989941022018
79.0,155.5,-89.6504450481864
79.75,155.5,-90.39326767412416
80.5,155.5,-91.28454462172684
81.25,155.5,-91.33882817186146
82.0,155.5,-91.2172273064556
82.75,155.5,-88.86462902358322
83.5,155.5,-87.62782560462685
84.25,155.5,-86.25357796367764
85.0,155.5,-85.84704973669231
85.75,155.5,-85.93624542111898
86.5,155.5,-85.44704261212614
87.25,155.5,-85.09544275979769
88.0,155.5,-85.03351513868343
88.75,155.5,-85.08561966123098
89.5,155.5,-85.14048672252696
90.25,155.5,-85.64740123052879
91.0,155.5,-85.96236559139784
91.75,155.5,-86.08071278825996
92.5,155.5,
93.25,155.5,
94.0,155.5,
94.75,155.5,
95.5,155.5,
96.25,155.5,
97.0,155.5,
97.75,155.5,
98.5,155.5,
99.25,155.5,
100.0,155.5,
100.75,155.5,
101.5,155.5,
102.25,155.5,
103.0,155.5,
103.75,155.5,
104.5,155.5,
105.25,155.5,
106.0,155.5,
106.75,155.5,-92.18793095817658
107.5,155.5,-92.19958403943923
108.25,155.5,-91.44912549190605
109.0,155.5,-91.02083677079305
109.75,155.5,-90.98540151246353
110.5,155.5,-91.11137044464132
111.25,155.5,-90.32645634604366
112.0,155.5,-90.18024592047804
112.75,155.5,-90.06671644103298
113.5,155.5,-90.01615145668399
114.25,155.5,-89.94550778809986
115.0,155.5,-88.50239181751215
115.75,155.5,-88.61008832187045
116.5,155.5,-87.48406359816184
117.25,155.5,-87.07893204691008
118.0,155.5,-86.1190476190476
118.75,155.5,-85.49790356394129
119.5,155.5,
120.25,155.5,
121.0,155.5,
121.75,155.5,
122.5,155.5,
123.25,155.5,
124.0,155.5,
124.75,155.5,
125.5,155.5,
126.25,155.5,
127.0,155.5,
127.75,155.5,
128.5,155.5,
129.25,155.5,
130.0,155.5,
130.75,155.5,
131.5,155.5,
132.25,155.5,
133.0,155.5,
133.75,155.5,
134.5,155.5,
135.25,155.5,
136.0,155.5,
136.75,155.5,
137.5,155.5,
138.25,155.5,
139.0,155.5,
139.75,155.5,
140.5,155.5,
141.25,155.5,
142.0,155.5,
142.75,155.5,
143.5,155.5,
144.25,155.5,
145.0,155.5,
145.75,155.5,
146.5,155.5,
147.25,155.5,
148.0,155.5,
148.75,155.5,
149.5,155.5,
150.25,155.5,
151.0,155.5,
151.75,155.5,
152.5,155.5,
153.25,155.5,
154.0,155.5,
154.75,155.5,
155.5,155.5,
156.25,155.5,
157.0,155.5,
157.75,155.5,
158.5,155.5,
159.25,155.5,
160.0,155.5,
160.75,155.5,
161.5,155.5,
162.25,155.5,
163.0,155.5,
163.75,155.5,
164.5,155.5,
165.25,155.5,
166.0,155.5,
166.75,155.5,
167.5,155.5,
168.25,155.5,
169.0,155.5,
169.75,155.5,
170.5,155.5,
171.25,155.5,
172.0,155.5,
172.75,155.5,
173.5,155.5,
174.25,155.5,
175.0,155.5,
175.75,155.5,
176.5,155.5,
177.25,155.5,
178.0,155.5,
178.75,155.5,
179.5,155.5,
180.25,155.5,
181.0,155.5,
181.75,155.5,
182.5,155.5,
183.25,155.5,
184.0,155.5,
184.75,155.5,
185.5,155.5,
186.25,155.5,
187.0,155.5,
187.75,155.5,
188.5,155.5,
189.25,155.5,
190.0,155.5,
190.75,155.5,
191.5,155.5,
192.25,155.5,
193.0,155.5,
193.75,155.5,
194.5,155.5,
195.25,155.5,
196.0,155.5,
196.75,155.5,
197.5,155.5,
198.25,155.5,
199.0,155.5,
199.75,155.5,
200.5,155.5,
201.25,155.5,
202.0,155.5,
202.75,155.5,
203.5,155.5,
204.25,155.5,
205.0,155.5,
205.75,155.5,
206.5,155.5,
207.25,155.5,
208.0,155.5,
208.75,155.5,
209.5,155.5,
210.25,155.5,
211.0,155.5,
211.75,155.5,
212.5,155.5,
213.25,155.5,
214.0,155.5,
214.75,155.5,
215.5,155.5,
216.25,155.5,
217.0,155.5,
217.75,155.5,
218.5,155.5,
219.25,155.5,
31.0,156.25,
31.75,156.25,
32.5,156.25,
33.25,156.25,
34.0,156.25,
34.75,156.25,
35.5,156.25,
36.25,156.25,
37.0,156.25,
37.75,156.25,
38.5,156.25,
39.25,156.25,
40.0,156.25,
40.75,156.25,
41.5,156.25,
42.25,156.25,
43.0,156.25,
43.75,156.25,
44.5,156.25,
45.25,156.25,
46.0,156.25,
46.75,156.25,
47.5,156.25,
48.25,156.25,
49.0,156.25,
49.75,156.25,
50.5,156.25,
51.25,156.25,
52.0,156.25,
52.75,156.25,
53.5,156.25,
54.25,156.25,
55.0,156.25,
55.75,156.25,
56.5,156.25,
57.25,156.25,
58.0,156.25,
58.75,156.25,
59.5,156.25,
60.25,156.25,
61.0,156.25,
61.75,156.25,
62.5,156.25,
63.25,156.25,
64.0,156.25,
64.75,156.25,
65.5,156.25,
66.25,156.25,
67.0,156.25,
67.75,156.25,-91.24267399267399
68.5,156.25,-91.25441501103752
69.25,156.25,-91.27116402116403
70.0,156.25,-90.71507196666488
70.75,156.25,-90.71532859138881
71.5,156.25,-90.67957740185864
72.25,156.25,-90.8185321808046
73.0,156.25,-90.7654707340813
73.75,156.25,-90.85164343780458
74.5,156.25,-90.70232534686036
75.25,156.25,-90.72304362754574
76.0,156.25,-90.7696227677607
76.75,156.25,-90.80092159477985
77.5,156.25,-90.97089995229967
78.25,156.25,-91.37776233726255
79.0,156.25,-91.90963357722366
79.75,156.25,-91.7091339581816
80.5,156.25,-91.62997619658111
81.25,156.25,-91.3498355583392
82.0,156.25,-91.06316796797266
82.75,156.25,-89.57095741934796
83.5,156.25,-87.30847755436912
84.25,156.25,-88.2566148223716
85.0,156.25,-88.96548596131008
85.75,156.25,-87.46386526457275
86.5,156.25,-85.43925226673768
87.25,156.25,-84.76381875772013
88.0,156.25,-85.00672559299316
88.75,156.25,-85.24101168603885
89.5,156.25,-86.74754311906915
90.25,156.25,-87.02726442777424
91.0,156.25,-86.0638629283489
91.75,156.25,-86.17136150234741
92.5,156.25,
93.25,156.25,
94.0,156.25,
94.75,156.25,
95.5,156.25,
96.25,156.25,
97.0,156.25,
97.75,156.25,
98.5,156.25,
99.25,156.25,
100.0,156.25,
100.75,156.25,
101.5,156.25,
102.25,156.25,
103.0,156.25,
103.75,156.25,
104.5,156.25,
105.25,156.25,
106.0,156.25,-92.13752932270394
106.75,156.25,-92.10969535044325
107.5,156.25,-91.56770746864508
108.25,156.25,-91.1032267484583
109.0,156.25,-91.12601472594838
109.75,156.25,-90.70836457044017
110.5,156.25,-91.2255290290034
111.25,156.25,-90.45205857239564
112.0,156.25,-90.18768996960486
112.75,156.25,-89.97684167134378
113.5,156.25,-89.92759383098601
114.25,156.25,-88.82533949954465
115.0,156.25,-88.7443532133694
115.75,156.25,-88.49383976413843
116.5,156.25,-87.47686640027254
117.25,156.25,-87.12716475952108
118.0,156.25,-86.55876924546139
118.75,156.25,-85.21957671957672
119.5,156.25,-84.65011037527593
120.25,156.25,-84.25091575091575
121.0,156.25,
121.75,156.25,
122.5,156.25,
123.25,156.25,
124.0,156.25,
124.75,156.25,
125.5,156.25,
126.25,156.25,
127.0,156.25,
127.75,156.25,
128.5,156.25,
129.25,156.25,
130.0,156.25,
130.75,156.25,
131.5,156.25,
132.25,156.25,
133.0,156.25,
133.75,156.25,
134.5,156.25,
135.25,156.25,
136.0,156.25,
136.75,156.25,
137.5,156.25,
138.25,156.25,
139.0,156.25,
139.75,156.25,
140.5,156.25,
141.25,156.25,
142.0,156.25,
142.75,156.25,
143.5,156.25,
144.25,156.25,
145.0,156.25,
145.75,156.25,
146.5,156.25,
147.25,156.25,
148.0,156.25,
148.75,156.25,
149.5,156.25,
150.25,156.25,
151.0,156.25,
151.75,156.25,
152.5,156.25,
153.25,156.25,
154.0,156.25,
154.75,156.25,
155.5,156.25,
156.25,156.25,
157.0,156.25,
157.75,156.25,
158.5,156.25,
159.25,156.25,
160.0,156.25,
160.75,156.25,
161.5,156.25,
162.25,156.25,
163.0,156.25,
163.75,156.25,
164.5,156.25,
165.25,156.25,
166.0,156.25,
166.75,156.25,
167.5,156.25,
168.25,156.25,
169.0,156.25,
169.75,156.25,
170.5,156.25,
171.25,156.25,
172.0,156.25,
172.75,156.25,
173.5,156.25,
174.25,156.25,
175.0,156.25,
175.75,156.25,
176.5,156.25,
177.25,156.25,
178.0,156.25,
178.75,156.25,
179.5,156.25,
180.25,156.25,
181.0,156.25,
181.75,156.25,
182.5,156.25,
183.25,156.25,
184.0,156.25,
184.75,156.25,
185.5,156.25,
186.25,156.25,
187.0,156.25,
187.75,156.25,
188.5,156.25,
189.25,156.25,
190.0,156.25,
190.75,156.25,
191.5,156.25,
192.25,156.25,
193.0,156.25,
193.75,156.25,
194.5,156.25,
195.25,156.25,
196.0,156.25,
196.75,156.25,
197.5,156.25,
198.25,156.25,
199.0,156.25,
199.75,156.25,
200.5,156.25,
201.25,156.25,
202.0,156.25,
202.75,156.25,
203.5,156.25,
204.25,156.25,
205.0,156.25,
205.75,156.25,
206.5,156.25,
207.25,156.25,
208.0,156.25,
208.75,156.25,
209.5,156.25,
210.25,156.25,
211.0,156.25,
211.75,156.25,
212.5,156.25,
213.25,156.25,
214.0,156.25,
214.75,156.25,
215.5,156.25,
216.25,156.25,
217.0,156.25,
217.75,156.25,
218.5,156.25,
219.25,156.25,
31.0,157.0,
31.75,157.0,
32.5,157.0,
33.25,157.0,
34.0,157.0,
34.75,157.0,
35.5,157.0,
36.25,157.0,
37.0,157.0,
37.75,157.0,
38.5,157.0,
39.25,157.0,
40.0,157.0,
40.75,157.0,
41.5,157.0,
42.25,157.0,
43.0,157.0,
43.75,157.0,
44.5,157.0,
45.25,157.0,
46.0,157.0,
46.75,157.0,
47.5,157.0,
48.25,157.0,
49.0,157.0,
49.75,157.0,
50.5,157.0,
51.25,157.0,
52.0,157.0,
52.75,157.0,
53.5,157.0,
54.25,157.0,
55.0,157.0,
55.75,157.0,
56.5,157.0,
57.25,157.0,
58.0,157.0,
58.75,157.0,
59.5,157.0,
60.25,157.0,
61.0,157.0,
61.75,157.0,
62.5,157.0,
63.25,157.0,
64.0,157.0,
64.75,157.0,
65.5,157.0,
66.25,157.0,
67.0,157.0,
67.75,157.0,-91.22849462365592
68.5,157.0,-91.23924731182795
69.25,157.0,-91.07831829647007
70.0,157.0,-90.7597672485453
70.75,157.0,-90.77687692088352
71.5,157.0,-90.89583475673763
72.25,157.0,-90.88776179629728
73.0,157.0,-90.81914893617022
73.75,157.0,-90.66910134344549
74.5,157.0,-90.68087932014905
75.25,157.0,-90.65536292378054
76.0,157.0,-90.89229249011858
76.75,157.0,-91.1654951174588
77.5,157.0,-91.49622529145816
78.25,157.0,-92.27120010096361
79.0,157.0,-92.9999999999983
79.75,157.0,-92.50025154488604
80.5,157.0,-92.03878257780934
81.25,157.0,-90.34123068705334
82.0,157.0,-89.13605108055012
82.75,157.0,-88.66198623158853
83.5,157.0,-88.24654437597188
84.25,157.0,-89.59612857393999
85.0,157.0,-91.99999999999237
85.75,157.0,-88.66044307347617
86.5,157.0,-85.0091150386217
87.25,157.0,-84.19538106401646
88.0,157.0,-85.54992081298666
88.75,157.0,-86.44639664149456
89.5,157.0,-86.92486429036181
90.25,157.0,-87.20166046674125
91.0,157.0,-87.91304347826087
91.75,157.0,-86.29643765903306
92.5,157.0,-86.34496124031007
93.25,157.0,
94.0,157.0,
94.75,157.0,
95.5,157.0,
96.25,157.0,
97.0,157.0,
97.75,157.0,
98.5,157.0,
99.25,157.0,
100.0,157.0,
100.75,157.0,
101.5,157.0,
102.25,157.0,
103.0,157.0,
103.75,157.0,
104.5,157.0,
105.25,157.0,-91.56298701298701
106.0,157.0,-92.07953749124036
106.75,157.0,-91.51233294273332
107.5,157.0,-91.12854361158129
108.25,157.0,-91.16164889035484
109.0,157.0,-90.90659340659342
109.75,157.0,-90.96359775109909
110.5,157.0,-90.94805915327251
111.25,157.0,-90.71193213718537
112.0,157.0,-90.1866576819407
112.75,157.0,-89.74442800820262
113.5,157.0,-89.52297356070731
114.25,157.0,-89.07829329650117
115.0,157.0,-89.19148936170214
115.75,157.0,-88.88638264770412
116.5,157.0,-88.21538898720921
117.25,157.0,-86.93447314507581
118.0,157.0,-86.30780192376201
118.75,157.0,-85.50017252493588
119.5,157.0,-84.13440860215053
120.25,157.0,-83.76881720430107
121.0,157.0,
121.75,157.0,
122.5,157.0,
123.25,157.0,
124.0,157.0,
124.75,157.0,
125.5,157.0,
126.25,157.0,
127.0,157.0,
127.75,157.0,
128.5,157.0,
129.25,157.0,
130.0,157.0,
130.75,157.0,
131.5,157.0,
132.25,157.0,
133.0,157.0,
133.75,157.0,
134.5,157.0,
135.25,157.0,
136.0,157.0,
136.75,157.0,
137.5,157.0,
138.25,157.0,
139.0,157.0,
139.75,157.0,
140.5,157.0,
141.25,157.0,
142.0,157.0,
142.75,157.0,
143.5,157.0,
144.25,157.0,
145.0,157.0,
145.75,157.0,
146.5,157.0,
147.25,157.0,
148.0,157.0,
148.75,157.0,
149.5,157.0,
150.25,157.0,
151.0,157.0,
151.75,157.0,
152.5,157.0,
153.25,157.0,
154.0,157.0,
154.75,157.0,
155.5,157.0,
156.25,157.0,
157.0,157.0,
157.75,157.0,
158.5,157.0,
159.25,157.0,
160.0,157.0,
160.75,157.0,
161.5,157.0,
162.25,157.0,
163.0,157.0,
163.75,157.0,
164.5,157.0,
165.25,157.0,
166.0,157.0,
166.75,157.0,
167.5,157.0,
168.25,157.0,
169.0,157.0,
169.75,157.0,
170.5,157.0,
171.25,157.0,
172.0,157.0,
172.75,157.0,
173.5,157.0,
174.25,157.0,
175.0,157.0,
175.75,157.0,
176.5,157.0,
177.25,157.0,
178.0,157.0,
178.75,157.0,
179.5,157.0,
180.25,157.0,
181.0,157.0,
181.75,157.0,
182.5,157.0,
183.25,157.0,
184.0,157.0,
184.75,157.0,
185.5,157.0,
186.25,157.0,
187.0,157.0,
187.75,157.0,
188.5,157.0,
189.25,157.0,
190.0,157.0,
190.75,157.0,
191.5,157.0,
192.25,157.0,
193.0,157.0,
193.75,157.0,
194.5,157.0,
195.25,157.0,
196.0,157.0,
196.75,157.0,
197.5,157.0,
198.25,157.0,
199.0,157.0,
199.75,157.0,
200.5,157.0,
201.25,157.0,
202.0,157.0,
202.75,157.0,
203.5,157.0,
204.25,157.0,
205.0,157.0,
205.75,157.0,
206.5,157.0,
207.25,157.0,
208.0,157.0,
208.75,157.0,
209.5,157.0,
210.25,157.0,
211.0,157.0,
211.75,157.0,
212.5,157.0,
213.25,157.0,
214.0,157.0,
214.75,157.0,
215.5,157.0,
216.25,157.0,
217.0,157.0,
217.75,157.0,
218.5,157.0,
219.25,157.0,
31.0,157.75,
31.75,157.75,
32.5,157.75,
33.25,157.75,
34.0,157.75,
34.75,157.75,
35.5,157.75,
36.25,157.75,
37.0,157.75,
37.75,157.75,
38.5,157.75,
39.25,157.75,
40.0,157.75,
40.75,157.75,
41.5,157.75,
42.25,157.75,
43.0,157.75,
43.75,157.75,
44.5,157.75,
45.25,157.75,
46.0,157.75,
46.75,157.75,
47.5,157.75,
48.25,157.75,
49.0,157.75,
49.75,157.75,
50.5,157.75,
51.25,157.75,
52.0,157.75,
52.75,157.75,
53.5,157.75,
54.25,157.75,
55.0,157.75,
55.75,157.75,
56.5,157.75,
57.25,157.75,
58.0,157.75,
58.75,157.75,
59.5,157.75,
60.25,157.75,
61.0,157.75,
61.75,157.75,
62.5,157.75,
63.25,157.75,
64.0,157.75,
64.75,157.75,
65.5,157.75,
66.25,157.75,-90.514652014652
67.0,157.75,-90.54301075268818
67.75,157.75,-90.85201401050787
68.5,157.75,-91.07428438322593
69.25,157.75,-90.87928407795953
70.0,157.75,-90.89407069922942
70.75,157.75,-90.91420787756259
71.5,157.75,-91.08454280129486
72.25,157.75,-91.10243631333707
73.0,157.75,-90.97903116538187
73.75,157.75,-90.6706174981895
74.5,157.75,-90.33413534138651
75.25,157.75,-90.36041718176143
76.0,157.75,-90.89819094332321
76.75,157.75,-91.50961523015108
77.5,157.75,-91.79158654785196
78.25,157.75,-92.14331181061955
79.0,157.75,-92.49443948390547
79.75,157.75,-92.24182024354072
80.5,157.75,-91.2673348624821
81.25,157.75,-89.86471060662434
82.0,157.75,-88.7658127599297
82.75,157.75,-87.37096024782088
83.5,157.75,-87.27234152458918
84.25,157.75,-87.94467974091324
85.0,157.75,-88.66794515334688
85.75,157.75,-87.527188752871
86.5,157.75,-86.27148028346664
87.25,157.75,-85.87909197729626
88.0,157.75,-86.51332094765792
88.75,157.75,-87.00957391970434
89.5,157.75,-87.30859880570645
90.25,157.75,-88.1955168535202
91.0,157.75,-88.98521054218111
91.75,157.75,-89.2397678448115
92.5,157.75,-86.46007984031935
93.25,157.75,
94.0,157.75,
94.75,157.75,
95.5,157.75,
96.25,157.75,
97.0,157.75,
97.75,157.75,
98.5,157.75,
99.25,157.75,
100.0,157.75,
100.75,157.75,
101.5,157.75,
102.25,157.75,
103.0,157.75,
103.75,157.75,
104.5,157.75,-91.62173396674585
105.25,157.75,-92.10537344380111
106.0,157.75,-91.49754348883668
106.75,157.75,-91.89693279739997
107.5,157.75,-91.46924891345606
108.25,157.75,-91.38648608359426
109.0,157.75,-91.03759120342158
109.75,157.75,-91.23532748744496
110.5,157.75,-91.55941371343783
111.25,157.75,-91.3486381075021
112.0,157.75,-90.18093995063238
112.75,157.75,-89.1476695641856
113.5,157.75,-89.1062293336995
114.25,157.75,-89.50784746102896
115.0,157.75,-90.13411470889817
115.75,157.75,-89.60680118134933
116.5,157.75,-88.03360850415264
117.25,157.75,-86.81019046161586
118.0,157.75,-87.05272452180742
118.75,157.75,-86.91192539836659
119.5,157.75,-87.03158377166972
120.25,157.75,-86.95096322241682
121.0,157.75,-85.13978494623655
121.75,157.75,-85.70695970695971
122.5,157.75,
123.25,157.75,
124.0,157.75,
124.75,157.75,
125.5,157.75,
126.25,157.75,
127.0,157.75,
127.75,157.75,
128.5,157.75,
129.25,157.75,
130.0,157.75,
130.75,157.75,
131.5,157.75,
132.25,157.75,
133.0,157.75,
133.75,157.75,
134.5,157.75,
135.25,157.75,
136.0,157.75,
136.75,157.75,
137.5,157.75,
138.25,157.75,
139.0,157.75,
139.75,157.75,
140.5,157.75,
141.25,157.75,
142.0,157.75,
142.75,157.75,
143.5,157.75,
144.25,157.75,
145.0,157.75,
145.75,157.75,
146.5,157.75,
147.25,157.75,
148.0,157.75,
148.75,157.75,
149.5,157.75,
150.25,157.75,
151.0,157.75,
151.75,157.75,
152.5,157.75,
153.25,157.75,
154.0,157.75,
154.75,157.75,
155.5,157.75,
156.25,157.75,
157.0,157.75,
157.75,157.75,
158.5,157.75,
159.25,157.75,
160.0,157.75,
160.75,157.75,
161.5,157.75,
162.25,157.75,
163.0,157.75,
163.75,157.75,
164.5,157.75,
165.25,157.75,
166.0,157.75,
166.75,157.75,
167.5,157.75,
168.25,157.75,
169.0,157.75,
169.75,157.75,
170.5,157.75,
171.25,157.75,
172.0,157.75,
172.75,157.75,
173.5,157.75,
174.25,157.75,
175.0,157.75,
175.75,157.75,
176.5,157.75,
177.25,157.75,
178.0,157.75,
178.75,157.75,
179.5,157.75,
180.25,157.75,
181.0,157.75,
181.75,157.75,
182.5,157.75,
183.25,157.75,
184.0,157.75,
184.75,157.75,
185.5,157.75,
186.25,157.75,
187.0,157.75,
187.75,157.75,
188.5,157.75,
189.25,157.75,
190.0,157.75,
190.75,157.75,
191.5,157.75,
192.25,157.75,
193.0,157.75,
193.75,157.75,
194.5,157.75,
195.25,157.75,
196.0,157.75,
196.75,157.75,
197.5,157.75,
198.25,157.75,
199.0,157.75,
199.75,157.75,
200.5,157.75,
201.25,157.75,
202.0,157.75,
202.75,157.75,
203.5,157.75,
204.25,157.75,
205.0,157.75,
205.75,157.75,
206.5,157.75,
207.25,157.75,
208.0,157.75,
208.75,157.75,
209.5,157.75,
210.25,157.75,
211.0,157.75,
211.75,157.75,
212.5,157.75,
213.25,157.75,
214.0,157.75,
214.75,157.75,
215.5,157.75,
216.25,157.75,
217.0,157.75,
217.75,157.75,
218.5,157.75,
219.25,157.75,
31.0,158.5,
31.75,158.5,
32.5,158.5,
33.25,158.5,
34.0,158.5,
34.75,158.5,
35.5,158.5,
36.25,158.5,
37.0,158.5,
37.75,158.5,
38.5,158.5,
39.25,158.5,
40.0,158.5,
40.75,158.5,
41.5,158.5,
42.25,158.5,
43.0,158.5,
43.75,158.5,
44.5,158.5,
45.25,158.5,
46.0,158.5,
46.75,158.5,
47.5,158.5,
48.25,158.5,
49.0,158.5,
49.75,158.5,
50.5,158.5,
51.25,158.5,
52.0,158.5,
52.75,158.5,
53.5,158.5,
54.25,158.5,
55.0,158.5,
55.75,158.5,
56.5,158.5,
57.25,158.5,
58.0,158.5,
58.75,158.5,
59.5,158.5,
60.25,158.5,
61.0,158.5,
61.75,158.5,
62.5,158.5,
63.25,158.5,
64.0,158.5,
64.75,158.5,
65.5,158.5,
66.25,158.5,-90.49116997792494
67.0,158.5,-90.52150537634408
67.75,158.5,-91.02964140140378
68.5,158.5,-91.05274261603378
69.25,158.5,-90.9007363534559
70.0,158.5,-90.92272923244826
70.75,158.5,-90.95127810403507
71.5,158.5,-91.01982239134176
72.25,158.5,-91.24402385626004
73.0,158.5,-91.34893472580679
73.75,158.5,-90.79202652773344
74.5,158.5,-89.68503396571752
75.25,158.5,-89.51290463623275
76.0,158.5,-90.87683917834252
76.75,158.5,-92.13022643884395
77.5,158.5,-92.15906235044031
78.25,158.5,-91.99430082276444
79.0,158.5,-92.00786111044977
79.75,158.5,-91.39683159953299
80.5,158.5,-90.92626079057719
81.25,158.5,-89.55002507115566
82.0,158.5,-88.02921532274736
82.75,158.5,-86.62957010867704
83.5,158.5,-85.8136360267551
84.25,158.5,-84.3219593381199
85.0,158.5,-82.77067175127895
85.75,158.5,-85.26912207146567
86.5,158.5,-87.76565792341785
87.25,158.5,-88.3607732893008
88.0,158.5,-87.91808217034055
88.75,158.5,-88.21970122349906
89.5,158.5,-88.44394140589282
90.25,158.5,-88.65427330695323
91.0,158.5,-89.46948080064652
91.75,158.5,-89.63221635293367
92.5,158.5,-88.51069518716577
93.25,158.5,
94.0,158.5,
94.75,158.5,
95.5,158.5,
96.25,158.5,
97.0,158.5,
97.75,158.5,
98.5,158.5,
99.25,158.5,
100.0,158.5,
100.75,158.5,
101.5,158.5,
102.25,158.5,
103.0,158.5,
103.75,158.5,-91.67697768762677
104.5,158.5,-91.65425531914894
105.25,158.5,-92.73688835280102
106.0,158.5,-92.04522367167284
106.75,158.5,-91.89967629927203
107.5,158.5,-91.4738204628333
108.25,158.5,-91.27061674770547
109.0,158.5,-91.14204842323605
109.75,158.5,-91.35952339902667
110.5,158.5,-92.6037876900075
111.25,158.5,-92.84436472808954
112.0,158.5,-90.16054882394869
112.75,158.5,-87.79142532247876
113.5,158.5,-88.18533516072763
114.25,158.5,-90.23577212930529
115.0,158.5,-92.02396506304898
115.75,158.5,-90.4017924010215
116.5,158.5,-87.92826057568176
117.25,158.5,-86.84620553253984
118.0,158.5,-86.25352581139562
118.75,158.5,-86.34947448838318
119.5,158.5,-86.71220718754547
120.25,158.5,-87.17752238136264
121.0,158.5,-85.56989247311827
121.75,158.5,-86.17660044150111
122.5,158.5,
123.25,158.5,
124.0,158.5,
124.75,158.5,
125.5,158.5,
126.25,158.5,
127.0,158.5,
127.75,158.5,
128.5,158.5,
129.25,158.5,
130.0,158.5,
130.75,158.5,
131.5,158.5,
132.25,158.5,
133.0,158.5,
133.75,158.5,
134.5,158.5,
135.25,158.5,
136.0,158.5,
136.75,158.5,
137.5,158.5,
138.25,158.5,
139.0,158.5,
139.75,158.5,
140.5,158.5,
141.25,158.5,
142.0,158.5,
142.75,158.5,
143.5,158.5,
144.25,158.5,
145.0,158.5,
145.75,158.5,
146.5,158.5,
147.25,158.5,
148.0,158.5,
148.75,158.5,
149.5,158.5,
150.25,158.5,
151.0,158.5,
151.75,158.5,
152.5,158.5,
153.25,158.5,
154.0,158.5,
154.75,158.5,
155.5,158.5,
156.25,158.5,
157.0,158.5,
157.75,158.5,
158.5,158.5,
159.25,158.5,
160.0,158.5,
160.75,158.5,
161.5,158.5,
162.25,158.5,
163.0,158.5,
163.75,158.5,
164.5,158.5,
165.25,158.5,
166.0,158.5,
166.75,158.5,
167.5,158.5,
168.25,158.5,
169.0,158.5,
169.75,158.5,
170.5,158.5,
171.25,158.5,
172.0,158.5,
172.75,158.5,
173.5,158.5,
174.25,158.5,
175.0,158.5,
175.75,158.5,
176.5,158.5,
177.25,158.5,
178.0,158.5,
178.75,158.5,
179.5,158.5,
180.25,158.5,
181.0,158.5,
181.75,158.5,
182.5,158.5,
183.25,158.5,
184.0,158.5,
184.75,158.5,
185.5,158.5,
186.25,158.5,
187.0,158.5,
187.75,158.5,
188.5,158.5,
189.25,158.5,
190.0,158.5,
190.75,158.5,
191.5,158.5,
192.25,158.5,
193.0,158.5,
193.75,158.5,
194.5,158.5,
195.25,158.5,
196.0,158.5,
196.75,158.5,
197.5,158.5,
198.25,158.5,
199.0,158.5,
199.75,158.5,
200.5,158.5,
201.25,158.5,
202.0,158.5,
202.75,158.5,
203.5,158.5,
204.25,158.5,
205.0,158.5,
205.75,158.5,
206.5,158.5,
207.25,158.5,
208.0,158.5,
208.75,158.5,
209.5,158.5,
210.25,158.5,
211.0,158.5,
211.75,158.5,
212.5,158.5,
213.25,158.5,
214.0,158.5,
214.75,158.5,
215.5,158.5,
216.25,158.5,
217.0,158.5,
217.75,158.5,
218.5,158.5,
219.25,158.5,
31.0,159.25,
31.75,159.25,
32.5,159.25,
33.25,159.25,
34.0,159.25,
34.75,159.25,
35.5,159.25,
36.25,159.25,
37.0,159.25,
37.75,159.25,
38.5,159.25,
39.25,159.25,
40.0,159.25,
40.75,159.25,
41.5,159.25,
42.25,159.25,
43.0,159.25,
43.75,159.25,
44.5,159.25,
45.25,159.25,
46.0,159.25,
46.75,159.25,
47.5,159.25,
48.25,159.25,
49.0,159.25,
49.75,159.25,
50.5,159.25,
51.25,159.25,
52.0,159.25,
52.75,159.25,
53.5,159.25,
54.25,159.25,
55.0,159.25,
55.75,159.25,
56.5,159.25,
57.25,159.25,
58.0,159.25,
58.75,159.25,
59.5,159.25,
60.25,159.25,
61.0,159.25,
61.75,159.25,
62.5,159.25,
63.25,159.25,
64.0,159.25,
64.75,159.25,
65.5,159.25,-90.31158509987516
66.25,159.25,-90.33932204131334
67.0,159.25,-90.79155677883965
67.75,159.25,-90.887731191952
68.5,159.25,-91.5371277526854
69.25,159.25,-91.45177532387714
70.0,159.25,-90.94627530502211
70.75,159.25,-90.96775709700631
71.5,159.25,-91.01356765293158
72.25,159.25,-91.24108529903717
73.0,159.25,-91.44682170823921
73.75,159.25,-90.86860022002759
74.5,159.25,-89.51650657925255
75.25,159.25,-89.23719596202571
76.0,159.25,-90.8449988087214
76.75,159.25,-92.34092450808022
77.5,159.25,-92.27610203226916
78.25,159.25,-91.94894657006641
79.0,159.25,-91.83475731144704
79.75,159.25,-90.9481232430462
80.5,159.25,-90.55666266873774
81.25,159.25,-89.19837252804206
82.0,159.25,-88.33572348818076
82.75,159.25,-86.89591358406703
83.5,159.25,-85.13008008612002
84.25,159.25,-83.20394535023233
85.0,159.25,-81.39179471327957
85.75,159.25,-84.87430096724347
86.5,159.25,-88.4995502027082
87.25,159.25,-88.9637711672757
88.0,159.25,-88.98060577502498
88.75,159.25,-89.17999043968052
89.5,159.25,-89.31990248281923
90.25,159.25,-89.44080540537918
91.0,159.25,-89.01927362490422
91.75,159.25,-89.03042767527653
92.5,159.25,-88.98303640973931
93.25,159.25,-93.97701149425286
94.0,159.25,-91.75000000000001
94.75,159.25,
95.5,159.25,
96.25,159.25,
97.0,159.25,
97.75,159.25,
98.5,159.25,
99.25,159.25,
100.0,159.25,
100.75,159.25,
101.5,159.25,
102.25,159.25,
103.0,159.25,
103.75,159.25,-91.71137339055794
104.5,159.25,-92.73218820562738
105.25,159.25,-92.82591797328288
106.0,159.25,-90.96186976305353
106.75,159.25,-91.99318135229477
107.5,159.25,-91.77854345369805
108.25,159.25,-91.41205348468844
109.0,159.25,-91.05401389914182
109.75,159.25,-91.28910094018389
110.5,159.25,-92.76659109419845
111.25,159.25,-93.3073769500869
112.0,159.25,-89.91621777606773
112.75,159.25,-87.3526927117055
113.5,159.25,-87.80811484706047
114.25,159.25,-90.16851637827787
115.0,159.25,-92.58194669840388
115.75,159.25,-90.05481471084164
116.5,159.25,-86.50303696003586
117.25,159.25,-85.01857167632373
118.0,159.25,-84.81950777764848
118.75,159.25,-85.57231912427493
119.5,159.25,-86.87149250621087
120.25,159.25,-87.53629438842177
121.0,159.25,-87.26394344326214
121.75,159.25,-87.66201229337864
122.5,159.25,-88.004671189398
123.25,159.25,
124.0,159.25,
124.75,159.25,
125.5,159.25,
126.25,159.25,
127.0,159.25,
127.75,159.25,
128.5,159.25,
129.25,159.25,
130.0,159.25,
130.75,159.25,
131.5,159.25,
132.25,159.25,
133.0,159.25,
133.75,159.25,
134.5,159.25,
135.25,159.25,
136.0,159.25,
136.75,159.25,
137.5,159.25,
138.25,159.25,
139.0,159.25,
139.75,159.25,
140.5,159.25,
141.25,159.25,
142.0,159.25,
142.75,159.25,
143.5,159.25,
144.25,159.25,
145.0,159.25,
145.75,159.25,
146.5,159.25,
147.25,159.25,
148.0,159.25,
148.75,159.25,
149.5,159.25,
150.25,159.25,
151.0,159.25,
151.75,159.25,
152.5,159.25,
153.25,159.25,
154.0,159.25,-89.61217303822937
154.75,159.25,-90.0794930875576
155.5,159.25,-89.5758741044102
156.25,159.25,-90.21887068630451
157.0,159.25,-91.76791277258566
157.75,159.25,-92.15359477124183
158.5,159.25,-92.39967637540452
159.25,159.25,
160.0,159.25,
160.75,159.25,
161.5,159.25,
162.25,159.25,
163.0,159.25,
163.75,159.25,
164.5,159.25,
165.25,159.25,
166.0,159.25,
166.75,159.25,
167.5,159.25,
168.25,159.25,
169.0,159.25,
169.75,159.25,
170.5,159.25,
171.25,159.25,
172.0,159.25,
172.75,159.25,
173.5,159.25,
174.25,159.25,
175.0,159.25,
175.75,159.25,
176.5,159.25,
177.25,159.25,
178.0,159.25,
178.75,159.25,
179.5,159.25,
180.25,159.25,
181.0,159.25,
181.75,159.25,
182.5,159.25,
183.25,159.25,
184.0,159.25,
184.75,159.25,
185.5,159.25,
186.25,159.25,
187.0,159.25,
187.75,159.25,
188.5,159.25,
189.25,159.25,
190.0,159.25,
190.75,159.25,
191.5,159.25,
192.25,159.25,
193.0,159.25,
193.75,159.25,
194.5,159.25,
195.25,159.25,
196.0,159.25,
196.75,159.25,
197.5,159.25,
198.25,159.25,
199.0,159.25,
199.75,159.25,
200.5,159.25,
201.25,159.25,
202.0,159.25,
202.75,159.25,
203.5,159.25,
204.25,159.25,
205.0,159.25,
205.75,159.25,
206.5,159.25,
207.25,159.25,
208.0,159.25,
208.75,159.25,
209.5,159.25,
210.25,159.25,
211.0,159.25,
211.75,159.25,
212.5,159.25,
213.25,159.25,
214.0,159.25,
214.75,159.25,
215.5,159.25,
216.25,159.25,
217.0,159.25,
217.75,159.25,
218.5,159.25,
219.25,159.25,
31.0,160.0,
31.75,160.0,
32.5,160.0,
33.25,160.0,
34.0,160.0,
34.75,160.0,
35.5,160.0,
36.25,160.0,
37.0,160.0,
37.75,160.0,
38.5,160.0,
39.25,160.0,
40.0,160.0,
40.75,160.0,
41.5,160.0,
42.25,160.0,
43.0,160.0,
43.75,160.0,
44.5,160.0,
45.25,160.0,
46.0,160.0,
46.75,160.0,
47.5,160.0,
48.25,160.0,
49.0,160.0,
49.75,160.0,
50.5,160.0,
51.25,160.0,
52.0,160.0,
52.75,160.0,
53.5,160.0,
54.25,160.0,
55.0,160.0,
55.75,160.0,
56.5,160.0,
57.25,160.0,
58.0,160.0,
58.75,160.0,
59.5,160.0,
60.25,160.0,
61.0,160.0,
61.75,160.0,
62.5,160.0,
63.25,160.0,
64.0,160.0,-90.0
64.75,160.0,-90.0
65.5,160.0,-90.2764433835596
66.25,160.0,-91.64742374445412
67.0,160.0,-91.59934402514153
67.75,160.0,-91.54139502419385
68.5,160.0,-91.51169693678986
69.25,160.0,-91.41401249546125
70.0,160.0,-91.29918032786885
70.75,160.0,-90.98529624348531
71.5,160.0,-90.96734529444015
72.25,160.0,-90.92617902833071
73.0,160.0,-90.92255531763026
73.75,160.0,-90.71032981217927
74.5,160.0,-90.21083734565559
75.25,160.0,-90.11570983793142
76.0,160.0,-90.87780713342138
76.75,160.0,-91.72791088785516
77.5,160.0,-91.93242137387672
78.25,160.0,-91.78199185519466
79.0,160.0,-91.69154309592876
79.75,160.0,-90.60869660074094
80.5,160.0,-90.10020633357884
81.25,160.0,-89.22643583000699
82.0,160.0,-88.74214659685863
82.75,160.0,-86.96986414468248
83.5,160.0,-86.13073329390892
84.25,160.0,-85.13022445921875
85.0,160.0,-84.97279260780287
85.75,160.0,-87.30706263191664
86.5,160.0,-89.79133956906631
87.25,160.0,-90.54038416896567
88.0,160.0,-90.42857142857142
88.75,160.0,-90.25101567326031
89.5,160.0,-90.17183131735041
90.25,160.0,-89.65719841796994
91.0,160.0,-89.20138089758342
91.75,160.0,-90.34550269347493
92.5,160.0,-89.50038583434532
93.25,160.0,-88.68356019843226
94.0,160.0,-88.71666666666665
94.75,160.0,-91.53823529411765
95.5,160.0,-91.35176991150442
96.25,160.0,-91.20674044265591
97.0,160.0,
97.75,160.0,
98.5,160.0,
99.25,160.0,
100.0,160.0,
100.75,160.0,
101.5,160.0,
102.25,160.0,
103.0,160.0,
103.75,160.0,-87.95360501567399
104.5,160.0,-90.01144118827781
105.25,160.0,-90.5229152300875
106.0,160.0,-90.85714285714289
106.75,160.0,-91.19094924276676
107.5,160.0,-92.05626440358641
108.25,160.0,-91.91940802005459
109.0,160.0,-91.82397622192865
109.75,160.0,-91.69811221706497
110.5,160.0,-90.65928449744465
111.25,160.0,-90.22684623026827
112.0,160.0,-88.99999999999999
112.75,160.0,-87.63304448614639
113.5,160.0,-87.82580919931858
114.25,160.0,-88.09796263309774
115.0,160.0,-88.61885245901637
115.75,160.0,-86.95397292893844
116.5,160.0,-83.00667775321752
117.25,160.0,-81.52078601875758
118.0,160.0,-82.96511627906978
118.75,160.0,-85.0337330087237
119.5,160.0,-87.0205081124936
120.25,160.0,-87.74056453468391
121.0,160.0,-88.37146135235577
121.75,160.0,-88.7052542232313
122.5,160.0,-88.56899895569148
123.25,160.0,-93.15754923413567
124.0,160.0,-93.0
124.75,160.0,
125.5,160.0,
126.25,160.0,
127.0,160.0,
127.75,160.0,
128.5,160.0,
129.25,160.0,
130.0,160.0,
130.75,160.0,
131.5,160.0,
132.25,160.0,
133.0,160.0,
133.75,160.0,
134.5,160.0,
135.25,160.0,
136.0,160.0,
136.75,160.0,
137.5,160.0,
138.25,160.0,
139.0,160.0,
139.75,160.0,
140.5,160.0,
141.25,160.0,
142.0,160.0,
142.75,160.0,
143.5,160.0,
144.25,160.0,
145.0,160.0,
145.75,160.0,
146.5,160.0,
147.25,160.0,
148.0,160.0,
148.75,160.0,
149.5,160.0,
150.25,160.0,
151.0,160.0,
151.75,160.0,
152.5,160.0,
153.25,160.0,-88.88782696177061
154.0,160.0,-88.35106382978722
154.75,160.0,-88.76431993695482
155.5,160.0,-89.3503997470527
156.25,160.0,-90.12644446218624
157.0,160.0,-91.03768844221105
157.75,160.0,-91.90416529004574
158.5,160.0,-92.69298245614034
159.25,160.0,-92.76104417670682
160.0,160.0,-92.61111111111111
160.75,160.0,
161.5,160.0,
162.25,160.0,
163.0,160.0,
163.75,160.0,
164.5,160.0,
165.25,160.0,
166.0,160.0,
166.75,160.0,
167.5,160.0,
168.25,160.0,
169.0,160.0,
169.75,160.0,
170.5,160.0,
171.25,160.0,
172.0,160.0,
172.75,160.0,
173.5,160.0,
174.25,160.0,
175.0,160.0,
175.75,160.0,
176.5,160.0,
177.25,160.0,
178.0,160.0,
178.75,160.0,
179.5,160.0,
180.25,160.0,
181.0,160.0,
181.75,160.0,
182.5,160.0,
183.25,160.0,
184.0,160.0,
184.75,160.0,
185.5,160.0,
186.25,160.0,
187.0,160.0,
187.75,160.0,
188.5,160.0,
189.25,160.0,
190.0,160.0,
190.75,160.0,
191.5,160.0,
192.25,160.0,
193.0,160.0,
193.75,160.0,
194.5,160.0,
195.25,160.0,
196.0,160.0,
196.75,160.0,
197.5,160.0,
198.25,160.0,
199.0,160.0,
199.75,160.0,
200.5,160.0,
201.25,160.0,
202.0,160.0,
202.75,160.0,
203.5,160.0,
204.25,160.0,
205.0,160.0,
205.75,160.0,
206.5,160.0,
207.25,160.0,
208.0,160.0,
208.75,160.0,
209.5,160.0,
210.25,160.0,
211.0,160.0,
211.75,160.0,
212.5,160.0,
213.25,160.0,
214.0,160.0,
214.75,160.0,
215.5,160.0,
216.25,160.0,
217.0,160.0,
217.75,160.0,
218.5,160.0,
219.25,160.0,
31.0,160.75,
31.75,160.75,
32.5,160.75,
33.25,160.75,
34.0,160.75,
34.75,160.75,
35.5,160.75,
36.25,160.75,
37.0,160.75,
37.75,160.75,
38.5,160.75,
39.25,160.75,
40.0,160.75,
40.75,160.75,
41.5,160.75,
42.25,160.75,
43.0,160.75,
43.75,160.75,
44.5,160.75,
45.25,160.75,
46.0,160.75,
46.75,160.75,
47.5,160.75,
48.25,160.75,
49.0,160.75,
49.75,160.75,
50.5,160.75,
51.25,160.75,
52.0,160.75,
52.75,160.75,
53.5,160.75,
54.25,160.75,
55.0,160.75,
55.75,160.75,
56.5,160.75,
57.25,160.75,
58.0,160.75,
58.75,160.75,
59.5,160.75,
60.25,160.75,
61.0,160.75,
61.75,160.75,
62.5,160.75,
63.25,160.75,
64.0,160.75,-90.0
64.75,160.75,-90.0
65.5,160.75,-91.6628407194153
66.25,160.75,-91.61645853020867
67.0,160.75,-91.55324369970953
67.75,160.75,-91.39785629875898
68.5,160.75,-91.33693969151578
69.25,160.75,-91.38213143956207
70.0,160.75,-91.25284286317444
70.75,160.75,-91.04809073020262
71.5,160.75,-90.98588488803354
72.25,160.75,-90.7543522954614
73.0,160.75,-90.53334852960191
73.75,160.75,-90.63566483544334
74.5,160.75,-90.5909412746417
75.25,160.75,-90.59299044741519
76.0,160.75,-90.93486377311937
76.75,160.75,-91.34067937257961
77.5,160.75,-91.57783631782739
78.25,160.75,-91.55419775852616
79.0,160.75,-91.64047543632043
79.75,160.75,-90.29472292214615
80.5,160.75,-89.84849269564604
81.25,160.75,-89.73867167444851
82.0,160.75,-88.87369109694622
82.75,160.75,-88.39700017533208
83.5,160.75,-87.2799323768415
84.25,160.75,-87.24332425670198
85.0,160.75,-88.00282770480216
85.75,160.75,-90.42250869934337
86.5,160.75,-92.79059905677339
87.25,160.75,-93.52557668916116
88.0,160.75,-92.01845216457758
88.75,160.75,-91.26261174560697
89.5,160.75,-91.32667139570843
90.25,160.75,-90.78996139460845
91.0,160.75,-90.45058576479651
91.75,160.75,-90.17851731326405
92.5,160.75,-89.88800623120028
93.25,160.75,-88.70219421101774
94.0,160.75,-88.78034303827324
94.75,160.75,-88.09441270686197
95.5,160.75,-91.22214076246335
96.25,160.75,-91.05051813471503
97.0,160.75,-90.94821826280624
97.75,160.75,
98.5,160.75,
99.25,160.75,
100.0,160.75,
100.75,160.75,
101.5,160.75,
102.25,160.75,
103.0,160.75,
103.75,160.75,-89.2956761956276
104.5,160.75,-89.59483158346275
105.25,160.75,-89.86185262164575
106.0,160.75,-90.30692556552044
106.75,160.75,-91.12764285359933
107.5,160.75,-92.39588878559819
108.25,160.75,-92.38119216053776
109.0,160.75,-92.45600361296677
109.75,160.75,-91.73853463180664
110.5,160.75,-89.04691404178293
111.25,160.75,-88.28446931633113
112.0,160.75,-87.34112484821726
112.75,160.75,-85.72650646245538
113.5,160.75,-86.01606966431004
114.25,160.75,-87.3615439355431
115.0,160.75,-87.85585512172649
115.75,160.75,-85.73349105585538
116.5,160.75,-79.25538911728695
117.25,160.75,-77.17049070436398
118.0,160.75,-81.68109326688983
118.75,160.75,-85.78553282574138
119.5,160.75,-87.77415469656775
120.25,160.75,-88.75212060987889
121.0,160.75,-89.1920774955047
121.75,160.75,-89.29886770659076
122.5,160.75,-89.30978971796428
123.25,160.75,-93.0
124.0,160.75,-92.84245076586433
124.75,160.75,
125.5,160.75,
126.25,160.75,
127.0,160.75,
127.75,160.75,
128.5,160.75,
129.25,160.75,
130.0,160.75,
130.75,160.75,
131.5,160.75,
132.25,160.75,
133.0,160.75,
133.75,160.75,
134.5,160.75,
135.25,160.75,
136.0,160.75,
136.75,160.75,
137.5,160.75,
138.25,160.75,
139.0,160.75,
139.75,160.75,
140.5,160.75,
141.25,160.75,
142.0,160.75,
142.75,160.75,
143.5,160.75,
144.25,160.75,
145.0,160.75,
145.75,160.75,
146.5,160.75,
147.25,160.75,
148.0,160.75,
148.75,160.75,
149.5,160.75,
150.25,160.75,
151.0,160.75,
151.75,160.75,
152.5,160.75,
153.25,160.75,-87.72705551966123
154.0,160.75,-87.95708558117582
154.75,160.75,-88.33495145631068
155.5,160.75,-88.9246420028483
156.25,160.75,-89.78531348819514
157.0,160.75,-90.90254753142675
157.75,160.75,-92.0558938173955
158.5,160.75,-92.81962269986083
159.25,160.75,-92.96236559139786
160.0,160.75,-92.73555555555555
160.75,160.75,-92.37943262411348
161.5,160.75,
162.25,160.75,
163.0,160.75,
163.75,160.75,
164.5,160.75,
165.25,160.75,
166.0,160.75,
166.75,160.75,
167.5,160.75,
168.25,160.75,
169.0,160.75,
169.75,160.75,
170.5,160.75,
171.25,160.75,
172.0,160.75,
172.75,160.75,
173.5,160.75,
174.25,160.75,
175.0,160.75,
175.75,160.75,
176.5,160.75,
177.25,160.75,
178.0,160.75,
178.75,160.75,
179.5,160.75,
180.25,160.75,
181.0,160.75,
181.75,160.75,
182.5,160.75,
183.25,160.75,
184.0,160.75,
184.75,160.75,
185.5,160.75,
186.25,160.75,
187.0,160.75,
187.75,160.75,
188.5,160.75,
189.25,160.75,
190.0,160.75,
190.75,160.75,
191.5,160.75,
192.25,160.75,
193.0,160.75,
193.75,160.75,
194.5,160.75,
195.25,160.75,
196.0,160.75,
196.75,160.75,
197.5,160.75,
198.25,160.75,
199.0,160.75,
199.75,160.75,
200.5,160.75,
201.25,160.75,
202.0,160.75,
202.75,160.75,
203.5,160.75,
204.25,160.75,
205.0,160.75,
205.75,160.75,
206.5,160.75,
207.25,160.75,
208.0,160.75,
208.75,160.75,
209.5,160.75,
210.25,160.75,
211.0,160.75,
211.75,160.75,
212.5,160.75,
213.25,160.75,
214.0,160.75,
214.75,160.75,
215.5,160.75,
216.25,160.75,
217.0,160.75,
217.75,160.75,
218.5,160.75,
219.25,160.75,
31.0,161.5,
31.75,161.5,
32.5,161.5,
33.25,161.5,
34.0,161.5,
34.75,161.5,
35.5,161.5,
36.25,161.5,
37.0,161.5,
37.75,161.5,
38.5,161.5,
39.25,161.5,
40.0,161.5,
40.75,161.5,
41.5,161.5,
42.25,161.5,
43.0,161.5,
43.75,161.5,
44.5,161.5,
45.25,161.5,
46.0,161.5,
46.75,161.5,
47.5,161.5,
48.25,161.5,
49.0,161.5,
49.75,161.5,
50.5,161.5,
51.25,161.5,
52.0,161.5,
52.75,161.5,
53.5,161.5,
54.25,161.5,
55.0,161.5,
55.75,161.5,
56.5,161.5,
57.25,161.5,
58.0,161.5,
58.75,161.5,
59.5,161.5,
60.25,161.5,
61.0,161.5,
61.75,161.5,
62.5,161.5,
63.25,161.5,-90.00000000000001
64.0,161.5,-90.0
64.75,161.5,-91.64969436772734
65.5,161.5,-91.63193798426899
66.25,161.5,-91.58280355255042
67.0,161.5,-91.50009022235709
67.75,161.5,-91.31190425503634
68.5,161.5,-91.18765240197064
69.25,161.5,-91.2161332522633
70.0,161.5,-91.35169464809904
70.75,161.5,-91.19274732158829
71.5,161.5,-91.21541786743516
72.25,161.5,-90.84142237984705
73.0,161.5,-90.59004670481248
73.75,161.5,-90.69029500566913
74.5,161.5,-90.74966037317365
75.25,161.5,-90.79601326680775
76.0,161.5,-90.93308521698712
76.75,161.5,-91.20146840230116
77.5,161.5,-91.42251335002642
78.25,161.5,-91.5512132404452
79.0,161.5,-91.80890753931872
79.75,161.5,-90.13132104899694
80.5,161.5,-89.47770753618366
81.25,161.5,-90.25648690068817
82.0,161.5,-89.78382939688251
82.75,161.5,-89.07445864335682
83.5,161.5,-89.02575020248872
84.25,161.5,-89.3897842245067
85.0,161.5,-90.26335365160101
85.75,161.5,-91.61909483040114
86.5,161.5,-93.0496111627267
87.25,161.5,-93.40174211501575
88.0,161.5,-92.70438796705412
88.75,161.5,-92.03045255339411
89.5,161.5,-91.47768859685604
90.25,161.5,-90.74387581860088
91.0,161.5,-90.687166502153
91.75,161.5,-89.75073215373254
92.5,161.5,-89.6578548660512
93.25,161.5,-88.56701204839979
94.0,161.5,-88.90979453005693
94.75,161.5,-88.12135105059409
95.5,161.5,-87.39838435374149
96.25,161.5,-88.90149040894245
97.0,161.5,-88.51648028251913
97.75,161.5,-88.1855186673493
98.5,161.5,-85.42105263157895
99.25,161.5,-85.22857142857143
100.0,161.5,
100.75,161.5,
101.5,161.5,
102.25,161.5,
103.0,161.5,-87.31400000000001
103.75,161.5,-90.39051966922604
104.5,161.5,-90.331542404733
105.25,161.5,-90.39033049585574
106.0,161.5,-89.8718507404973
106.75,161.5,-90.60159957940142
107.5,161.5,-91.45067368891203
108.25,161.5,-92.6181770263195
109.0,161.5,-92.56338130360378
109.75,161.5,-91.9775417876385
110.5,161.5,-89.71663244353182
111.25,161.5,-88.2834249230302
112.0,161.5,-86.97998296422487
112.75,161.5,-85.56893395291945
113.5,161.5,-85.35780287474333
114.25,161.5,-86.66068821195033
115.0,161.5,-87.08679584498601
115.75,161.5,-85.41401424909077
116.5,161.5,-80.96548956661316
117.25,161.5,-79.32612807967188
118.0,161.5,-83.79950213812053
118.75,161.5,-87.96287695767471
119.5,161.5,-89.99229067560874
120.25,161.5,-90.19922005412162
121.0,161.5,-89.89225211037207
121.75,161.5,-89.6261707992044
122.5,161.5,-89.3504611815228
123.25,161.5,-90.79956258739531
124.0,161.5,-91.2110249142175
124.75,161.5,-90.98466406341079
125.5,161.5,
126.25,161.5,
127.0,161.5,
127.75,161.5,
128.5,161.5,
129.25,161.5,
130.0,161.5,
130.75,161.5,
131.5,161.5,
132.25,161.5,
133.0,161.5,
133.75,161.5,
134.5,161.5,
135.25,161.5,
136.0,161.5,
136.75,161.5,
137.5,161.5,
138.25,161.5,
139.0,161.5,
139.75,161.5,
140.5,161.5,
141.25,161.5,
142.0,161.5,
142.75,161.5,
143.5,161.5,
144.25,161.5,
145.0,161.5,
145.75,161.5,
146.5,161.5,
147.25,161.5,
148.0,161.5,
148.75,161.5,
149.5,161.5,
150.25,161.5,
151.0,161.5,
151.75,161.5,
152.5,161.5,-85.68137254901961
153.25,161.5,-86.53518729020718
154.0,161.5,-86.73913645947297
154.75,161.5,-87.07104485290976
155.5,161.5,-87.61083275742916
156.25,161.5,-88.47029655751044
157.0,161.5,-89.74991335932994
157.75,161.5,-91.64035919773349
158.5,161.5,-92.62608405603736
159.25,161.5,-92.80194346929174
160.0,161.5,-92.6111111111111
160.75,161.5,-92.21729957805907
161.5,161.5,-91.83333333333333
162.25,161.5,
163.0,161.5,
163.75,161.5,
164.5,161.5,
165.25,161.5,
166.0,161.5,
166.75,161.5,
167.5,161.5,
168.25,161.5,
169.0,161.5,
169.75,161.5,
170.5,161.5,
171.25,161.5,
172.0,161.5,
172.75,161.5,
173.5,161.5,
174.25,161.5,
175.0,161.5,
175.75,161.5,
176.5,161.5,
177.25,161.5,
178.0,161.5,
178.75,161.5,
179.5,161.5,
180.25,161.5,
181.0,161.5,
181.75,161.5,
182.5,161.5,
183.25,161.5,
184.0,161.5,
184.75,161.5,
185.5,161.5,
186.25,161.5,
187.0,161.5,
187.75,161.5,
188.5,161.5,
189.25,161.5,
190.0,161.5,
190.75,161.5,
191.5,161.5,
192.25,161.5,
193.0,161.5,
193.75,161.5,
194.5,161.5,
195.25,161.5,
196.0,161.5,
196.75,161.5,
197.5,161.5,
198.25,161.5,
199.0,161.5,
199.75,161.5,
200.5,161.5,
201.25,161.5,
202.0,161.5,
202.75,161.5,
203.5,161.5,
204.25,161.5,
205.0,161.5,
205.75,161.5,
206.5,161.5,
207.25,161.5,
208.0,161.5,
208.75,161.5,
209.5,161.5,
210.25,161.5,
211.0,161.5,
211.75,161.5,
212.5,161.5,
213.25,161.5,
214.0,161.5,
214.75,161.5,
215.5,161.5,
216.25,161.5,
217.0,161.5,
217.75,161.5,
218.5,161.5,
219.25,161.5,
31.0,162.25,
31.75,162.25,
32.5,162.25,
33.25,162.25,
34.0,162.25,
34.75,162.25,
35.5,162.25,
36.25,162.25,
37.0,162.25,
37.75,162.25,
38.5,162.25,
39.25,162.25,
40.0,162.25,
40.75,162.25,
41.5,162.25,
42.25,162.25,
43.0,162.25,
43.75,162.25,
44.5,162.25,
45.25,162.25,
46.0,162.25,
46.75,162.25,
47.5,162.25,
48.25,162.25,
49.0,162.25,
49.75,162.25,
50.5,162.25,
51.25,162.25,
52.0,162.25,
52.75,162.25,
53.5,162.25,
54.25,162.25,
55.0,162.25,
55.75,162.25,
56.5,162.25,
57.25,162.25,
58.0,162.25,
58.75,162.25,
59.5,162.25,
60.25,162.25,
61.0,162.25,
61.75,162.25,
62.5,162.25,
63.25,162.25,-90.0
64.0,162.25,-91.65099153717094
64.75,162.25,-91.58890782666406
65.5,162.25,-91.58290387498262
66.25,162.25,-91.5426322473044
67.0,162.25,-91.46482259368594
67.75,162.25,-91.19949777590811
68.5,162.25,-90.7937370153278
69.25,162.25,-90.784262047438
70.0,162.25,-91.4701213878429
70.75,162.25,-91.94467193343354
71.5,162.25,-91.87173764473856
72.25,162.25,-91.50575942517865
73.0,162.25,-90.88784759761414
73.75,162.25,-90.89200163820401
74.5,162.25,-90.88984660669678
75.25,162.25,-90.9156679357867
76.0,162.25,-90.9839666584638
76.75,162.25,-91.2664694501109
77.5,162.25,-91.30385659771625
78.25,162.25,-91.41552205831489
79.0,162.25,-91.70318445644048
79.75,162.25,-91.773196862445
80.5,162.25,-89.25458367206316
81.25,162.25,-90.20277640684249
82.0,162.25,-89.29190642424439
82.75,162.25,-89.32592326933097
83.5,162.25,-89.89569524590682
84.25,162.25,-90.40344671218074
85.0,162.25,-91.30047920507916
85.75,162.25,-92.21425622052698
86.5,162.25,-92.91869395097517
87.25,162.25,-93.06562529574059
88.0,162.25,-92.55357186314349
88.75,162.25,-92.18294443238149
89.5,162.25,-91.76404172262228
90.25,162.25,-91.02807643976952
91.0,162.25,-90.07229878504624
91.75,162.25,-88.15924576253377
92.5,162.25,-88.39412853559801
93.25,162.25,-88.72722535735491
94.0,162.25,-87.9392579095586
94.75,162.25,-88.33737539425245
95.5,162.25,-87.65902434564646
96.25,162.25,-87.32832652130234
97.0,162.25,-88.30230864881321
97.75,162.25,-87.92636610458645
98.5,162.25,-85.33613445378151
99.25,162.25,-85.11267605633803
100.0,162.25,-84.95321637426902
100.75,162.25,
101.5,162.25,
102.25,162.25,-88.25000000000001
103.0,162.25,-87.66645885286782
103.75,162.25,-89.7786190379456
104.5,162.25,-89.53548958363993
105.25,162.25,-89.73492854594062
106.0,162.25,-88.97334290306405
106.75,162.25,-90.22354159544882
107.5,162.25,-91.59601373439406
108.25,162.25,-92.9252617785239
109.0,162.25,-94.10898609415754
109.75,162.25,-91.78047009551011
110.5,162.25,-90.78623056049595
111.25,162.25,-89.89515203019774
112.0,162.25,-85.23290331066003
112.75,162.25,-83.52379945208779
113.5,162.25,-83.75743734935394
114.25,162.25,-84.78622928347987
115.0,162.25,-85.5384022355496
115.75,162.25,-85.11408260894498
116.5,162.25,-85.80310644139432
117.25,162.25,-86.19808943920268
118.0,162.25,-88.2911408470546
118.75,162.25,-92.47969789246646
119.5,162.25,-92.93512476982434
120.25,162.25,-91.59869334842158
121.0,162.25,-90.58492621463095
121.75,162.25,-90.01828718609143
122.5,162.25,-90.64364607635942
123.25,162.25,-90.56308113132047
124.0,162.25,-90.31458150921429
124.75,162.25,-90.70324177707133
125.5,162.25,-88.77207505518763
126.25,162.25,-88.71336996336997
127.0,162.25,
127.75,162.25,
128.5,162.25,
129.25,162.25,
130.0,162.25,
130.75,162.25,
131.5,162.25,
132.25,162.25,
133.0,162.25,
133.75,162.25,
134.5,162.25,
135.25,162.25,
136.0,162.25,
136.75,162.25,
137.5,162.25,
138.25,162.25,
139.0,162.25,
139.75,162.25,
140.5,162.25,
141.25,162.25,
142.0,162.25,
142.75,162.25,
143.5,162.25,
144.25,162.25,
145.0,162.25,
145.75,162.25,
146.5,162.25,
147.25,162.25,
148.0,162.25,
148.75,162.25,
149.5,162.25,
150.25,162.25,
151.0,162.25,
151.75,162.25,-84.96203664529567
152.5,162.25,-85.01915159199844
153.25,162.25,-86.18262284516663
154.0,162.25,-86.30248152245991
154.75,162.25,-86.5188621041189
155.5,162.25,-86.89927865397408
156.25,162.25,-87.532362717421
157.0,162.25,-88.52726638775685
157.75,162.25,-89.88533385832653
158.5,162.25,-91.11802012679883
159.25,162.25,-91.84525786978894
160.0,162.25,-91.64341333364654
160.75,162.25,-91.76666666666668
161.5,162.25,-91.46491228070177
162.25,162.25,-91.20370370370371
163.0,162.25,
163.75,162.25,
164.5,162.25,
165.25,162.25,
166.0,162.25,
166.75,162.25,
167.5,162.25,
168.25,162.25,
169.0,162.25,
169.75,162.25,
170.5,162.25,
171.25,162.25,
172.0,162.25,
172.75,162.25,
173.5,162.25,
174.25,162.25,
175.0,162.25,
175.75,162.25,
176.5,162.25,
177.25,162.25,
178.0,162.25,
178.75,162.25,
179.5,162.25,
180.25,162.25,
181.0,162.25,
181.75,162.25,
182.5,162.25,
183.25,162.25,
184.0,162.25,
184.75,162.25,
185.5,162.25,
186.25,162.25,
187.0,162.25,
187.75,162.25,
188.5,162.25,
189.25,162.25,
190.0,162.25,
190.75,162.25,
191.5,162.25,
192.25,162.25,
193.0,162.25,
193.75,162.25,
194.5,162.25,
195.25,162.25,
196.0,162.25,
196.75,162.25,
197.5,162.25,
198.25,162.25,
199.0,162.25,
199.75,162.25,
200.5,162.25,
201.25,162.25,
202.0,162.25,
202.75,162.25,
203.5,162.25,
204.25,162.25,
205.0,162.25,
205.75,162.25,
206.5,162.25,
207.25,162.25,
208.0,162.25,
208.75,162.25,
209.5,162.25,
210.25,162.25,
211.0,162.25,
211.75,162.25,
212.5,162.25,
213.25,162.25,
214.0,162.25,
214.75,162.25,
215.5,162.25,
216.25,162.25,
217.0,162.25,
217.75,162.25,
218.5,162.25,
219.25,162.25,
31.0,163.0,
31.75,163.0,
32.5,163.0,
33.25,163.0,
34.0,163.0,
34.75,163.0,
35.5,163.0,
36.25,163.0,
37.0,163.0,
37.75,163.0,
38.5,163.0,
39.25,163.0,
40.0,163.0,
40.75,163.0,
41.5,163.0,
42.25,163.0,
43.0,163.0,
43.75,163.0,
44.5,163.0,
45.25,163.0,
46.0,163.0,
46.75,163.0,
47.5,163.0,
48.25,163.0,
49.0,163.0,
49.75,163.0,
50.5,163.0,
51.25,163.0,
52.0,163.0,
52.75,163.0,
53.5,163.0,
54.25,163.0,
55.0,163.0,
55.75,163.0,
56.5,163.0,
57.25,163.0,
58.0,163.0,
58.75,163.0,
59.5,163.0,
60.25,163.0,
61.0,163.0,
61.75,163.0,
62.5,163.0,
63.25,163.0,-90.0
64.0,163.0,-91.59425367904694
64.75,163.0,-91.50345707739856
65.5,163.0,-91.48487209629651
66.25,163.0,-91.45010091725256
67.0,163.0,-91.46610169491524
67.75,163.0,-91.28010476746235
68.5,163.0,-90.46126881631525
69.25,163.0,-90.16046684580549
70.0,163.0,-91.62048192771081
70.75,163.0,-92.44623886872367
71.5,163.0,-92.35370378781907
72.25,163.0,-91.948733786339
73.0,163.0,-91.64843749999999
73.75,163.0,-90.93452652075908
74.5,163.0,-91.03054173914767
75.25,163.0,-91.01550353936577
76.0,163.0,-91.03923825679549
76.75,163.0,-91.097548103997
77.5,163.0,-90.87680355160933
78.25,163.0,-90.95464907396706
79.0,163.0,-91.15384615384615
79.75,163.0,
80.5,163.0,
81.25,163.0,-88.70652715433862
82.0,163.0,-89.2831325301205
82.75,163.0,-89.54044262681411
83.5,163.0,-90.63647382381103
84.25,163.0,-91.1536128477427
85.0,163.0,-91.82291666666666
85.75,163.0,-92.57697362957546
86.5,163.0,-93.28212919313906
87.25,163.0,-93.4169966345114
88.0,163.0,-92.54014989293361
88.75,163.0,-92.43429684129623
89.5,163.0,-92.12800113865354
90.25,163.0,-90.35817729923235
91.0,163.0,-87.89285714285714
91.75,163.0,-87.4448121907155
92.5,163.0,-88.47328156540631
93.25,163.0,-89.23548601110684
94.0,163.0,-88.52577319587628
94.75,163.0,-88.12875262336837
95.5,163.0,-87.88186145566415
96.25,163.0,-87.42509698752808
97.0,163.0,-88.00000000000001
97.75,163.0,-87.56690250754343
98.5,163.0,-87.2455921525517
99.25,163.0,-84.9304347826087
100.0,163.0,-84.77777777777779
100.75,163.0,-89.5009746588694
101.5,163.0,-89.18599999999999
102.25,163.0,-88.83354114713217
103.0,163.0,-88.19047619047619
103.75,163.0,-89.63202826863049
104.5,163.0,-89.10829606249254
105.25,163.0,-88.53376551240673
106.0,163.0,-88.19839489126683
106.75,163.0,-88.30134797166146
107.5,163.0,-89.23627083147795
108.25,163.0,-93.57537599452982
109.0,163.0,-95.999999999992
109.75,163.0,-92.46605150477538
110.5,163.0,-90.57860567319216
111.25,163.0,-91.3336496958269
112.0,163.0,-85.04508196721308
112.75,163.0,-80.32884004253143
113.5,163.0,-81.13686288442099
114.25,163.0,-85.12636715885473
115.0,163.0,-85.99999999999818
115.75,163.0,-86.02430003489026
116.5,163.0,-87.58022177076347
117.25,163.0,-87.98167774535173
118.0,163.0,-90.36922060766179
118.75,163.0,-95.52366361014208
119.5,163.0,-94.56119888232165
120.25,163.0,-92.1287513541317
121.0,163.0,-90.578125
121.75,163.0,-90.78019144775925
122.5,163.0,-89.18957273816872
123.25,163.0,-88.8014264000302
124.0,163.0,-90.02966852068938
124.75,163.0,-89.71129078914697
125.5,163.0,-88.69623655913978
126.25,163.0,-88.64247311827957
127.0,163.0,
127.75,163.0,
128.5,163.0,
129.25,163.0,
130.0,163.0,
130.75,163.0,
131.5,163.0,
132.25,163.0,
133.0,163.0,
133.75,163.0,
134.5,163.0,
135.25,163.0,
136.0,163.0,
136.75,163.0,
137.5,163.0,
138.25,163.0,
139.0,163.0,
139.75,163.0,
140.5,163.0,
141.25,163.0,
142.0,163.0,
142.75,163.0,
143.5,163.0,
144.25,163.0,
145.0,163.0,
145.75,163.0,
146.5,163.0,
147.25,163.0,
148.0,163.0,
148.75,163.0,
149.5,163.0,
150.25,163.0,
151.0,163.0,-84.53846153846153
151.75,163.0,-84.93278114603018
152.5,163.0,-85.000707300572
153.25,163.0,-85.08516619758224
154.0,163.0,-85.90521746459879
154.75,163.0,-86.01601681164935
155.5,163.0,-86.24790502793297
156.25,163.0,-86.63553167862268
157.0,163.0,-87.20454545454544
157.75,163.0,-88.06081386332738
158.5,163.0,-89.0678593741865
159.25,163.0,-89.73934835105239
160.0,163.0,-90.4403747870528
160.75,163.0,-91.03233830845772
161.5,163.0,-90.92028985507248
162.25,163.0,-90.78997289972901
163.0,163.0,
163.75,163.0,
164.5,163.0,
165.25,163.0,
166.0,163.0,
166.75,163.0,
167.5,163.0,
168.25,163.0,
169.0,163.0,
169.75,163.0,
170.5,163.0,
171.25,163.0,
172.0,163.0,
172.75,163.0,
173.5,163.0,
174.25,163.0,
175.0,163.0,
175.75,163.0,
176.5,163.0,
177.25,163.0,
178.0,163.0,
178.75,163.0,
179.5,163.0,
180.25,163.0,
181.0,163.0,
181.75,163.0,
182.5,163.0,
183.25,163.0,
184.0,163.0,
184.75,163.0,
185.5,163.0,
186.25,163.0,
187.0,163.0,
187.75,163.0,
188.5,163.0,
189.25,163.0,
190.0,163.0,
190.75,163.0,
191.5,163.0,
192.25,163.0,
193.0,163.0,
193.75,163.0,
194.5,163.0,
195.25,163.0,
196.0,163.0,
196.75,163.0,
197.5,163.0,
198.25,163.0,
199.0,163.0,
199.75,163.0,
200.5,163.0,
201.25,163.0,
202.0,163.0,
202.75,163.0,
203.5,163.0,
204.25,163.0,
205.0,163.0,
205.75,163.0,
206.5,163.0,
207.25,163.0,
208.0,163.0,
208.75,163.0,
209.5,163.0,
210.25,163.0,
211.0,163.0,
211.75,163.0,
212.5,163.0,
213.25,163.0,
214.0,163.0,
214.75,163.0,
215.5,163.0,
216.25,163.0,
217.0,163.0,
217.75,163.0,
218.5,163.0,
219.25,163.0,
31.0,163.75,
31.75,163.75,
32.5,163.75,
33.25,163.75,
34.0,163.75,
34.75,163.75,
35.5,163.75,
36.25,163.75,
37.0,163.75,
37.75,163.75,
38.5,163.75,
39.25,163.75,
40.0,163.75,
40.75,163.75,
41.5,163.75,
42.25,163.75,
43.0,163.75,
43.75,163.75,
44.5,163.75,
45.25,163.75,
46.0,163.75,
46.75,163.75,
47.5,163.75,
48.25,163.75,
49.0,163.75,
49.75,163.75,
50.5,163.75,
51.25,163.75,
52.0,163.75,
52.75,163.75,
53.5,163.75,
54.25,163.75,
55.0,163.75,
55.75,163.75,
56.5,163.75,
57.25,163.75,
58.0,163.75,
58.75,163.75,
59.5,163.75,
60.25,163.75,
61.0,163.75,
61.75,163.75,
62.5,163.75,
63.25,163.75,-91.64871150087907
64.0,163.75,-91.53713969838388
64.75,163.75,-91.39554669157556
65.5,163.75,-91.32059292270328
66.25,163.75,-91.16510862821268
67.0,163.75,-91.27154274377892
67.75,163.75,-91.76630327283472
68.5,163.75,-91.87806405809644
69.25,163.75,-91.83809296916658
70.0,163.75,-92.30612270042147
70.75,163.75,-92.40203851986202
71.5,163.75,-92.3307949866356
72.25,163.75,-92.16549206367829
73.0,163.75,-91.94418595675192
73.75,163.75,-91.79544422045838
74.5,163.75,-91.14503753054896
75.25,163.75,-91.10012596202448
76.0,163.75,-91.09365946241185
76.75,163.75,-91.06116509541523
77.5,163.75,-90.81101458471359
78.25,163.75,-90.87577498151167
79.0,163.75,
79.75,163.75,
80.5,163.75,
81.25,163.75,
82.0,163.75,-89.74989930266179
82.75,163.75,-90.14137379457433
83.5,163.75,-91.0510071592081
84.25,163.75,-91.50155939261731
85.0,163.75,-92.03339386426958
85.75,163.75,-92.58966559073089
86.5,163.75,-92.89851860949338
87.25,163.75,-92.87155023159043
88.0,163.75,-92.06028679982509
88.75,163.75,-91.77036608640992
89.5,163.75,-90.77182542315711
90.25,163.75,-87.60546850183304
91.0,163.75,-85.0539207483801
91.75,163.75,-86.11887925052984
92.5,163.75,-89.24368612366375
93.25,163.75,-90.63107771914319
94.0,163.75,-89.37421149608674
94.75,163.75,-88.38030740576697
95.5,163.75,-87.88996795629447
96.25,163.75,-87.71282803298031
97.0,163.75,-87.9607009608761
97.75,163.75,-87.57473200900371
98.5,163.75,-85.36181650474884
99.25,163.75,-82.9651693625655
100.0,163.75,-85.29660229915098
100.75,163.75,-83.07094242407804
101.5,163.75,-82.05111782112981
102.25,163.75,-83.62922685284386
103.0,163.75,-84.29874383562135
103.75,163.75,-87.28089769034369
104.5,163.75,-88.90199768322968
105.25,163.75,-87.64830170696197
106.0,163.75,-86.18013319417281
106.75,163.75,-85.51752741251973
107.5,163.75,-87.32705277462405
108.25,163.75,-89.90779209106601
109.0,163.75,-91.71749094015968
109.75,163.75,-89.54603280605139
110.5,163.75,-86.17243333544818
111.25,163.75,-85.44307614026536
112.0,163.75,-82.72178948289555
112.75,163.75,-81.13190375737138
113.5,163.75,-81.7322071861228
114.25,163.75,-84.97696384180591
115.0,163.75,-85.39700372026955
115.75,163.75,-86.13952340823185
116.5,163.75,-87.67059250149397
117.25,163.75,-88.37344361308571
118.0,163.75,-90.45155057445695
118.75,163.75,-92.38339207913542
119.5,163.75,-92.47082332662828
120.25,163.75,-90.84810773366004
121.0,163.75,-89.89910383897184
121.75,163.75,-89.39220461455237
122.5,163.75,-88.93180991224115
123.25,163.75,-90.0404686844147
124.0,163.75,-89.9209925181658
124.75,163.75,-90.56264714229813
125.5,163.75,-90.14174521073456
126.25,163.75,-90.75569176882662
127.0,163.75,-91.38440860215054
127.75,163.75,-91.62545787545787
128.5,163.75,
129.25,163.75,
130.0,163.75,
130.75,163.75,
131.5,163.75,
132.25,163.75,
133.0,163.75,
133.75,163.75,
134.5,163.75,
135.25,163.75,
136.0,163.75,
136.75,163.75,
137.5,163.75,
138.25,163.75,
139.0,163.75,
139.75,163.75,
140.5,163.75,
141.25,163.75,
142.0,163.75,
142.75,163.75,
143.5,163.75,
144.25,163.75,
145.0,163.75,
145.75,163.75,
146.5,163.75,
147.25,163.75,
148.0,163.75,
148.75,163.75,
149.5,163.75,
150.25,163.75,-84.44650655021834
151.0,163.75,-84.50495750708215
151.75,163.75,-84.88362404460834
152.5,163.75,-84.96093928043427
153.25,163.75,-85.0716016694341
154.0,163.75,-85.60205250732074
154.75,163.75,-85.64770976249389
155.5,163.75,-85.79100206807412
156.25,163.75,-86.05897415318202
157.0,163.75,-86.31746768491551
157.75,163.75,-86.7340355693483
158.5,163.75,-87.43781346388701
159.25,163.75,-88.1407407164954
160.0,163.75,-88.57669670450409
160.75,163.75,-89.44592630278363
161.5,163.75,-90.2859649122807
162.25,163.75,-90.31481481481482
163.0,163.75,
163.75,163.75,
164.5,163.75,
165.25,163.75,
166.0,163.75,
166.75,163.75,
167.5,163.75,
168.25,163.75,
169.0,163.75,
169.75,163.75,
170.5,163.75,
171.25,163.75,
172.0,163.75,
172.75,163.75,
173.5,163.75,
174.25,163.75,
175.0,163.75,
175.75,163.75,
176.5,163.75,
177.25,163.75,
178.0,163.75,
178.75,163.75,
179.5,163.75,
180.25,163.75,
181.0,163.75,
181.75,163.75,
182.5,163.75,
183.25,163.75,
184.0,163.75,
184.75,163.75,
185.5,163.75,
186.25,163.75,
187.0,163.75,
187.75,163.75,
188.5,163.75,
189.25,163.75,
190.0,163.75,
190.75,163.75,
191.5,163.75,
192.25,163.75,
193.0,163.75,
193.75,163.75,
194.5,163.75,
195.25,163.75,
196.0,163.75,
196.75,163.75,
197.5,163.75,
198.25,163.75,
199.0,163.75,
199.75,163.75,
200.5,163.75,
201.25,163.75,
202.0,163.75,
202.75,163.75,
203.5,163.75,
204.25,163.75,
205.0,163.75,
205.75,163.75,
206.5,163.75,
207.25,163.75,
208.0,163.75,
208.75,163.75,
209.5,163.75,
210.25,163.75,
211.0,163.75,
211.75,163.75,
212.5,163.75,
213.25,163.75,
214.0,163.75,
214.75,163.75,
215.5,163.75,
216.25,163.75,
217.0,163.75,
217.75,163.75,
218.5,163.75,
219.25,163.75,
31.0,164.5,
31.75,164.5,
32.5,164.5,
33.25,164.5,
34.0,164.5,
34.75,164.5,
35.5,164.5,
36.25,164.5,
37.0,164.5,
37.75,164.5,
38.5,164.5,
39.25,164.5,
40.0,164.5,
40.75,164.5,
41.5,164.5,
42.25,164.5,
43.0,164.5,
43.75,164.5,
44.5,164.5,
45.25,164.5,
46.0,164.5,
46.75,164.5,
47.5,164.5,
48.25,164.5,
49.0,164.5,
49.75,164.5,
50.5,164.5,
51.25,164.5,
52.0,164.5,
52.75,164.5,
53.5,164.5,
54.25,164.5,
55.0,164.5,
55.75,164.5,
56.5,164.5,
57.25,164.5,
58.0,164.5,
58.75,164.5,
59.5,164.5,
60.25,164.5,
61.0,164.5,
61.75,164.5,
62.5,164.5,
63.25,164.5,-91.63900888004964
64.0,164.5,-91.5033281857394
64.75,164.5,-91.30875435687456
65.5,164.5,-91.09864568081991
66.25,164.5,-90.67037710663628
67.0,164.5,-90.40562895587831
67.75,164.5,-91.89277607726049
68.5,164.5,-94.78391280263287
69.25,164.5,-95.58212615548733
70.0,164.5,-93.92961150349784
70.75,164.5,-92.92060940743433
71.5,164.5,-92.52106185602395
72.25,164.5,-92.2843787340957
73.0,164.5,-92.17143929179616
73.75,164.5,-92.0165850419179
74.5,164.5,-91.61559345829366
75.25,164.5,-91.16503163627806
76.0,164.5,-91.10501402524542
76.75,164.5,-91.09991753557364
77.5,164.5,-91.53174603174604
78.25,164.5,
79.0,164.5,
79.75,164.5,
80.5,164.5,
81.25,164.5,
82.0,164.5,
82.75,164.5,-90.44689366543415
83.5,164.5,-91.56485772969249
84.25,164.5,-91.9357534406457
85.0,164.5,-92.07886076276269
85.75,164.5,-91.79878673898573
86.5,164.5,-91.97406091802442
87.25,164.5,-91.7937964003297
88.0,164.5,-91.77374800577822
88.75,164.5,-92.3923686108584
89.5,164.5,-90.8323262839879
90.25,164.5,-84.2621757003138
91.0,164.5,-79.47978215458072
91.75,164.5,-83.88509028277832
92.5,164.5,-91.73230613310673
93.25,164.5,-93.49037030284444
94.0,164.5,-90.19824803802365
94.75,164.5,-88.21750376616008
95.5,164.5,-87.93449758612934
96.25,164.5,-87.32817105312758
97.0,164.5,-87.33038871905534
97.75,164.5,-86.0230560619546
98.5,164.5,-85.4844430802514
99.25,164.5,-80.89995427125997
100.0,164.5,-82.47647215516032
100.75,164.5,-82.5641913864542
101.5,164.5,-81.87546009380432
102.25,164.5,-83.48459481380164
103.0,164.5,-84.7708789890045
103.75,164.5,-86.07689217043044
104.5,164.5,-87.53256936067552
105.25,164.5,-86.19901157586762
106.0,164.5,-84.19101793533238
106.75,164.5,-80.85402064755961
107.5,164.5,-82.14788076385655
108.25,164.5,-87.30753351479498
109.0,164.5,-89.31148729277407
109.75,164.5,-85.31131337345651
110.5,164.5,-75.16612536537836
111.25,164.5,-71.7677781449349
112.0,164.5,-77.40370410601783
112.75,164.5,-80.0274672704871
113.5,164.5,-81.5181787104309
114.25,164.5,-83.31989041943204
115.0,164.5,-84.8413724586765
115.75,164.5,-87.35503243399695
116.5,164.5,-86.85953126192838
117.25,164.5,-87.64154467003773
118.0,164.5,-89.61743182728367
118.75,164.5,-90.57801341824045
119.5,164.5,-90.3751418842225
120.25,164.5,-89.73016231730071
121.0,164.5,-89.75009664637093
121.75,164.5,-89.30765312428312
122.5,164.5,-88.67047983988877
123.25,164.5,-89.63820301094991
124.0,164.5,-89.71824697331003
124.75,164.5,-89.98578877252226
125.5,164.5,-90.21715408118726
126.25,164.5,-90.5044382376812
127.0,164.5,-91.56720430107525
127.75,164.5,-91.82505518763797
128.5,164.5,
129.25,164.5,
130.0,164.5,
130.75,164.5,
131.5,164.5,
132.25,164.5,
133.0,164.5,
133.75,164.5,
134.5,164.5,
135.25,164.5,
136.0,164.5,
136.75,164.5,
137.5,164.5,
138.25,164.5,
139.0,164.5,
139.75,164.5,
140.5,164.5,
141.25,164.5,
142.0,164.5,
142.75,164.5,
143.5,164.5,
144.25,164.5,
145.0,164.5,
145.75,164.5,
146.5,164.5,
147.25,164.5,
148.0,164.5,
148.75,164.5,
149.5,164.5,
150.25,164.5,-84.3952784503632
151.0,164.5,-84.4448051948052
151.75,164.5,-84.80437821458966
152.5,164.5,-84.87865108868826
153.25,164.5,-85.01262117994645
154.0,164.5,-85.22202423378475
154.75,164.5,-85.48477521094102
155.5,164.5,-85.54682962245887
156.25,164.5,-85.8436741486626
157.0,164.5,-86.0046512095154
157.75,164.5,-86.15003852080126
158.5,164.5,-86.58274647887323
159.25,164.5,-87.1441396303956
160.0,164.5,-87.61648176944175
160.75,164.5,-88.67645191694167
161.5,164.5,-89.67948717948718
162.25,164.5,-89.8456790123457
163.0,164.5,
163.75,164.5,
164.5,164.5,
165.25,164.5,
166.0,164.5,
166.75,164.5,
167.5,164.5,
168.25,164.5,
169.0,164.5,
169.75,164.5,
170.5,164.5,
171.25,164.5,
172.0,164.5,
172.75,164.5,
173.5,164.5,
174.25,164.5,
175.0,164.5,
175.75,164.5,
176.5,164.5,
177.25,164.5,
178.0,164.5,
178.75,164.5,
179.5,164.5,
180.25,164.5,
181.0,164.5,
181.75,164.5,
182.5,164.5,
183.25,164.5,
184.0,164.5,
184.75,164.5,
185.5,164.5,
186.25,164.5,
187.0,164.5,
187.75,164.5,
188.5,164.5,
189.25,164.5,
190.0,164.5,
190.75,164.5,
191.5,164.5,
192.25,164.5,
193.0,164.5,
193.75,164.5,
194.5,164.5,
195.25,164.5,
196.0,164.5,
196.75,164.5,
197.5,164.5,
198.25,164.5,
199.0,164.5,
199.75,164.5,
200.5,164.5,
201.25,164.5,
202.0,164.5,
202.75,164.5,
203.5,164.5,
204.25,164.5,
205.0,164.5,
205.75,164.5,
206.5,164.5,
207.25,164.5,
208.0,164.5,
208.75,164.5,
209.5,164.5,
210.25,164.5,
211.0,164.5,
211.75,164.5,
212.5,164.5,
213.25,164.5,
214.0,164.5,
214.75,164.5,
215.5,164.5,
216.25,164.5,
217.0,164.5,
217.75,164.5,
218.5,164.5,
219.25,164.5,
31.0,165.25,
31.75,165.25,
32.5,165.25,
33.25,165.25,
34.0,165.25,
34.75,165.25,
35.5,165.25,
36.25,165.25,
37.0,165.25,
37.75,165.25,
38.5,165.25,
39.25,165.25,
40.0,165.25,
40.75,165.25,
41.5,165.25,
42.25,165.25,
43.0,165.25,
43.75,165.25,
44.5,165.25,
45.25,165.25,
46.0,165.25,
46.75,165.25,
47.5,165.25,
48.25,165.25,
49.0,165.25,
49.75,165.25,
50.5,165.25,
51.25,165.25,
52.0,165.25,
52.75,165.25,
53.5,165.25,
54.25,165.25,
55.0,165.25,
55.75,165.25,
56.5,165.25,
57.25,165.25,
58.0,165.25,
58.75,165.25,
59.5,165.25,
60.25,165.25,
61.0,165.25,
61.75,165.25,
62.5,165.25,
63.25,165.25,-92.09259259259261
64.0,165.25,-91.52200479469778
64.75,165.25,-91.31569817866435
65.5,165.25,-91.06601852154147
66.25,165.25,-90.5461688205901
67.0,165.25,-90.11386180421968
67.75,165.25,-91.82642894551392
68.5,165.25,-95.73696140954141
69.25,165.25,-96.56098632498973
70.0,165.25,-94.80786177535221
70.75,165.25,-93.47357039098416
71.5,165.25,-92.8203899496084
72.25,165.25,-92.47603059903152
73.0,165.25,-92.44621032587057
73.75,165.25,-92.27202961994907
74.5,165.25,-92.15080846940873
75.25,165.25,-91.5
76.0,165.25,-91.44748358862145
76.75,165.25,
77.5,165.25,
78.25,165.25,
79.0,165.25,
79.75,165.25,
80.5,165.25,
81.25,165.25,
82.0,165.25,
82.75,165.25,
83.5,165.25,-93.42224278466273
84.25,165.25,-93.41599015956064
85.0,165.25,-92.24748647655946
85.75,165.25,-91.06835333307394
86.5,165.25,-91.13597633563833
87.25,165.25,-90.30995840565271
88.0,165.25,-91.07040624461558
88.75,165.25,-92.84577564481978
89.5,165.25,-91.22314667844181
90.25,165.25,-82.66261221346036
91.0,165.25,-77.68839767333488
91.75,165.25,-83.05032557907496
92.5,165.25,-92.30882433471533
93.25,165.25,-94.496335229747
94.0,165.25,-90.26207511638381
94.75,165.25,-88.08760829676375
95.5,165.25,-87.86420287032598
96.25,165.25,-86.81950270878298
97.0,165.25,-86.18987668962926
97.75,165.25,-85.67919748383912
98.5,165.25,-84.14788235028925
99.25,165.25,-81.27332848653323
100.0,165.25,-81.31376421967434
100.75,165.25,-81.83434723159503
101.5,165.25,-82.08125309949735
102.25,165.25,-83.29923667620464
103.0,165.25,-85.21903395086589
103.75,165.25,-87.2874377753144
104.5,165.25,-89.1837342800816
105.25,165.25,-87.81005758018112
106.0,165.25,-84.13135573443624
106.75,165.25,-79.58735544277238
107.5,165.25,-81.20654804223287
108.25,165.25,-86.9387843793448
109.0,165.25,-90.02267929019271
109.75,165.25,-84.83741635120266
110.5,165.25,-71.29292068576262
111.25,165.25,-67.7571130818189
112.0,165.25,-74.43830456500056
112.75,165.25,-78.41972327198431
113.5,165.25,-80.62250535622199
114.25,165.25,-82.54980835791409
115.0,165.25,-83.88578803335999
115.75,165.25,-85.97356920951061
116.5,165.25,-86.68996028480554
117.25,165.25,-87.42297929291432
118.0,165.25,-88.34411372794304
118.75,165.25,-90.34783483040623
119.5,165.25,-89.64898856135598
120.25,165.25,-88.91025066395264
121.0,165.25,-89.83305463529636
121.75,165.25,-89.01452909059333
122.5,165.25,-88.06077990220041
123.25,165.25,-89.2437037688149
124.0,165.25,-89.5295055355488
124.75,165.25,-89.98638871249935
125.5,165.25,-90.34573544101264
126.25,165.25,-90.77193077315802
127.0,165.25,-91.73818082826588
127.75,165.25,-91.82280691520776
128.5,165.25,-91.88183764014549
129.25,165.25,
130.0,165.25,
130.75,165.25,
131.5,165.25,
132.25,165.25,
133.0,165.25,
133.75,165.25,
134.5,165.25,
135.25,165.25,
136.0,165.25,
136.75,165.25,
137.5,165.25,
138.25,165.25,
139.0,165.25,
139.75,165.25,
140.5,165.25,
141.25,165.25,
142.0,165.25,
142.75,165.25,
143.5,165.25,
144.25,165.25,
145.0,165.25,
145.75,165.25,
146.5,165.25,
147.25,165.25,
148.0,165.25,
148.75,165.25,
149.5,165.25,-84.30893909626718
150.25,165.25,-84.32772020725389
151.0,165.25,-84.35676156583631
151.75,165.25,-84.68813172481251
152.5,165.25,-84.72597327075047
153.25,165.25,-84.82721393553771
154.0,165.25,-85.06829549826855
154.75,165.25,-85.41750687442712
155.5,165.25,-85.42663084960228
156.25,165.25,-85.72348285826874
157.0,165.25,-85.98596883022077
157.75,165.25,-86.00466959290999
158.5,165.25,-86.23000829859417
159.25,165.25,-86.6139636183082
160.0,165.25,-87.00847499816632
160.75,165.25,-88.13229134470889
161.5,165.25,-89.18627450980392
162.25,165.25,-89.43777777777777
163.0,165.25,
163.75,165.25,
164.5,165.25,
165.25,165.25,
166.0,165.25,
166.75,165.25,
167.5,165.25,
168.25,165.25,
169.0,165.25,
169.75,165.25,
170.5,165.25,
171.25,165.25,
172.0,165.25,
172.75,165.25,
173.5,165.25,
174.25,165.25,
175.0,165.25,
175.75,165.25,
176.5,165.25,
177.25,165.25,
178.0,165.25,
178.75,165.25,
179.5,165.25,
180.25,165.25,
181.0,165.25,
181.75,165.25,
182.5,165.25,
183.25,165.25,
184.0,165.25,
184.75,165.25,
185.5,165.25,
186.25,165.25,
187.0,165.25,
187.75,165.25,
188.5,165.25,
189.25,165.25,
190.0,165.25,
190.75,165.25,
191.5,165.25,
192.25,165.25,
193.0,165.25,
193.75,165.25,
194.5,165.25,
195.25,165.25,
196.0,165.25,
196.75,165.25,
197.5,165.25,
198.25,165.25,
199.0,165.25,
199.75,165.25,
200.5,165.25,
201.25,165.25,
202.0,165.25,
202.75,165.25,
203.5,165.25,
204.25,165.25,
205.0,165.25,
205.75,165.25,
206.5,165.25,
207.25,165.25,
208.0,165.25,
208.75,165.25,
209.5,165.25,
210.25,165.25,
211.0,165.25,
211.75,165.25,
212.5,165.25,
213.25,165.25,
214.0,165.25,
214.75,165.25,
215.5,165.25,
216.25,165.25,
217.0,165.25,
217.75,165.25,
218.5,165.25,
219.25,165.25,
31.0,166.0,
31.75,166.0,
32.5,166.0,
33.25,166.0,
34.0,166.0,
34.75,166.0,
35.5,166.0,
36.25,166.0,
37.0,166.0,
37.75,166.0,
38.5,166.0,
39.25,166.0,
40.0,166.0,
40.75,166.0,
41.5,166.0,
42.25,166.0,
43.0,166.0,
43.75,166.0,
44.5,166.0,
45.25,166.0,
46.0,166.0,
46.75,166.0,
47.5,166.0,
48.25,166.0,
49.0,166.0,
49.75,166.0,
50.5,166.0,
51.25,166.0,
52.0,166.0,
52.75,166.0,
53.5,166.0,
54.25,166.0,
55.0,166.0,
55.75,166.0,
56.5,166.0,
57.25,166.0,
58.0,166.0,
58.75,166.0,
59.5,166.0,
60.25,166.0,
61.0,166.0,
61.75,166.0,
62.5,166.0,
63.25,166.0,-92.14631043256998
64.0,166.0,-91.60377358490565
64.75,166.0,-91.44368061045613
65.5,166.0,-91.22797269407843
66.25,166.0,-91.05640264589648
67.0,166.0,-91.13901869158879
67.75,166.0,-92.39804637162385
68.5,166.0,-94.4130107677782
69.25,166.0,-95.11692357026055
70.0,166.0,-94.38216892596455
70.75,166.0,-93.55031539170282
71.5,166.0,-92.97430015273218
72.25,166.0,-92.6138070323536
73.0,166.0,-92.63180605093157
73.75,166.0,-92.43867123808316
74.5,166.0,-93.10995076831269
75.25,166.0,-91.55251641137856
76.0,166.0,-91.50000000000001
76.75,166.0,
77.5,166.0,
78.25,166.0,
79.0,166.0,
79.75,166.0,
80.5,166.0,
81.25,166.0,
82.0,166.0,
82.75,166.0,
83.5,166.0,-93.5
84.25,166.0,-90.41496094723537
85.0,166.0,-90.55207374282081
85.75,166.0,-90.70657767826182
86.5,166.0,-89.00438197722134
87.25,166.0,-89.10561934253478
88.0,166.0,-89.44999999999999
88.75,166.0,-89.65634293145183
89.5,166.0,-86.79022556390977
90.25,166.0,-82.95697447329823
91.0,166.0,-81.47159841479521
91.75,166.0,-83.4518909745226
92.5,166.0,-87.99286472766828
93.25,166.0,-90.22005619560508
94.0,166.0,-89.25
94.75,166.0,-88.06444869670959
95.5,166.0,-87.15302120857662
96.25,166.0,-85.78637399325348
97.0,166.0,-84.23440296599334
97.75,166.0,-84.32528056180409
98.5,166.0,-83.62242625660845
99.25,166.0,-80.88230313385135
100.0,166.0,-80.565668202765
100.75,166.0,-80.3970395379705
101.5,166.0,-80.20701252459007
102.25,166.0,-82.5653187630421
103.0,166.0,-85.22161463511632
103.75,166.0,-88.81480200596314
104.5,166.0,-91.7252936121455
105.25,166.0,-91.90632659917216
106.0,166.0,-87.96753246753246
106.75,166.0,-85.24765969209456
107.5,166.0,-85.10372322222982
108.25,166.0,-86.27858072175336
109.0,166.0,-86.54397705544933
109.75,166.0,-83.29786399179086
110.5,166.0,-76.73053153520016
111.25,166.0,-73.63200450378349
112.0,166.0,-76.1280487804878
112.75,166.0,-78.9781635131866
113.5,166.0,-80.5251963550558
114.25,166.0,-81.64897714195386
115.0,166.0,-83.97155361050328
115.75,166.0,-84.00074566788501
116.5,166.0,-82.26485575893028
117.25,166.0,-82.81583425082573
118.0,166.0,-84.35714285714285
118.75,166.0,-82.79066505308325
119.5,166.0,-83.55608755129958
120.25,166.0,-86.34012167349522
121.0,166.0,-87.56967213114751
121.75,166.0,-87.67991551046347
122.5,166.0,-87.68878571281014
123.25,166.0,-88.65928418947836
124.0,166.0,-89.27325581395351
124.75,166.0,-90.0920780119734
125.5,166.0,-90.65971111442812
126.25,166.0,-91.12816905143406
127.0,166.0,-91.73632554311224
127.75,166.0,-91.75523933326923
128.5,166.0,-92.06512009547963
129.25,166.0,-93.63129102844638
130.0,166.0,-93.5
130.75,166.0,
131.5,166.0,
132.25,166.0,
133.0,166.0,
133.75,166.0,
134.5,166.0,
135.25,166.0,
136.0,166.0,
136.75,166.0,
137.5,166.0,
138.25,166.0,
139.0,166.0,
139.75,166.0,
140.5,166.0,
141.25,166.0,
142.0,166.0,
142.75,166.0,
143.5,166.0,
144.25,166.0,
145.0,166.0,
145.75,166.0,
146.5,166.0,
147.25,166.0,
148.0,166.0,
148.75,166.0,
149.5,166.0,-84.25000000000001
150.25,166.0,-84.25
151.0,166.0,-84.24999999999999
151.75,166.0,-84.54458598726114
152.5,166.0,-84.50502512562814
153.25,166.0,-84.45795246800733
154.0,166.0,-84.40909090909092
154.75,166.0,-84.3909952606635
155.5,166.0,-84.53225806451613
156.25,166.0,-85.20694318275663
157.0,166.0,-85.68028846153845
157.75,166.0,-85.84062123039807
158.5,166.0,-86.02624596215968
159.25,166.0,-86.30892661221503
160.0,166.0,-86.62499999999999
160.75,166.0,-86.9125952794075
161.5,166.0,-88.83333333333331
162.25,166.0,-89.11793372319687
163.0,166.0,
163.75,166.0,
164.5,166.0,
165.25,166.0,
166.0,166.0,
166.75,166.0,
167.5,166.0,
168.25,166.0,
169.0,166.0,
169.75,166.0,
170.5,166.0,
171.25,166.0,
172.0,166.0,
172.75,166.0,
173.5,166.0,
174.25,166.0,
175.0,166.0,
175.75,166.0,
176.5,166.0,
177.25,166.0,
178.0,166.0,
178.75,166.0,
179.5,166.0,
180.25,166.0,
181.0,166.0,
181.75,166.0,
182.5,166.0,
183.25,166.0,
184.0,166.0,
184.75,166.0,
185.5,166.0,
186.25,166.0,
187.0,166.0,
187.75,166.0,
188.5,166.0,
189.25,166.0,
190.0,166.0,
190.75,166.0,
191.5,166.0,
192.25,166.0,
193.0,166.0,
193.75,166.0,
194.5,166.0,
195.25,166.0,
196.0,166.0,
196.75,166.0,
197.5,166.0,
198.25,166.0,
199.0,166.0,
199.75,166.0,
200.5,166.0,
201.25,166.0,
202.0,166.0,
202.75,166.0,
203.5,166.0,
204.25,166.0,
205.0,166.0,
205.75,166.0,
206.5,166.0,
207.25,166.0,
208.0,166.0,
208.75,166.0,
209.5,166.0,
210.25,166.0,
211.0,166.0,
211.75,166.0,
212.5,166.0,
213.25,166.0,
214.0,166.0,
214.75,166.0,
215.5,166.0,
216.25,166.0,
217.0,166.0,
217.75,166.0,
218.5,166.0,
219.25,166.0,
31.0,166.75,
31.75,166.75,
32.5,166.75,
33.25,166.75,
34.0,166.75,
34.75,166.75,
35.5,166.75,
36.25,166.75,
37.0,166.75,
37.75,166.75,
38.5,166.75,
39.25,166.75,
40.0,166.75,
40.75,166.75,
41.5,166.75,
42.25,166.75,
43.0,166.75,
43.75,166.75,
44.5,166.75,
45.25,166.75,
46.0,166.75,
46.75,166.75,
47.5,166.75,
48.25,166.75,
49.0,166.75,
49.75,166.75,
50.5,166.75,
51.25,166.75,
52.0,166.75,
52.75,166.75,
53.5,166.75,
54.25,166.75,
55.0,166.75,
55.75,166.75,
56.5,166.75,
57.25,166.75,
58.0,166.75,
58.75,166.75,
59.5,166.75,
60.25,166.75,
61.0,166.75,
61.75,166.75,
62.5,166.75,
63.25,166.75,
64.0,166.75,-92.1043613707165
64.75,166.75,-91.64412356059222
65.5,166.75,-91.56799474194861
66.25,166.75,-91.58286383918511
67.0,166.75,-91.92960720754117
67.75,166.75,-92.70667068881181
68.5,166.75,-93.67072268498138
69.25,166.75,-94.16935300132255
70.0,166.75,-93.90561087947955
70.75,166.75,-93.54304362307353
71.5,166.75,-92.96150035581415
72.25,166.75,-92.66458451571431
73.0,166.75,-93.03938513236895
73.75,166.75,-93.50976689245844
74.5,166.75,-93.314257345072
75.25,166.75,
76.0,166.75,
76.75,166.75,
77.5,166.75,
78.25,166.75,
79.0,166.75,
79.75,166.75,
80.5,166.75,
81.25,166.75,
82.0,166.75,
82.75,166.75,
83.5,166.75,-88.2675154642805
84.25,166.75,-88.33539393014324
85.0,166.75,-88.99776696719475
85.75,166.75,-88.18011005900148
86.5,166.75,-88.19624784010722
87.25,166.75,-87.62699942871339
88.0,166.75,-85.88692689876886
88.75,166.75,-85.40310629302078
89.5,166.75,-83.87712150098682
90.25,166.75,-82.08652239929819
91.0,166.75,-81.12679011556764
91.75,166.75,-82.15965179175787
92.5,166.75,-84.9345594862827
93.25,166.75,-87.20351682246502
94.0,166.75,-88.16604906347352
94.75,166.75,-87.69715254226367
95.5,166.75,-87.16889054482786
96.25,166.75,-84.05707312961611
97.0,166.75,-82.19834317365199
97.75,166.75,-82.80428514622965
98.5,166.75,-83.2913446662067
99.25,166.75,-80.8113817641894
100.0,166.75,-80.37313638387148
100.75,166.75,-79.84985328961824
101.5,166.75,-79.52436094331033
102.25,166.75,-80.85880922424006
103.0,166.75,-83.49667484123698
103.75,166.75,-89.36773463221603
104.5,166.75,-95.55836266635815
105.25,166.75,-96.79138980106565
106.0,166.75,-90.72904914791378
106.75,166.75,-87.99377698755399
107.5,166.75,-87.55737706468108
108.25,166.75,-86.57280343742411
109.0,166.75,-85.52092728547835
109.75,166.75,-83.10637277264179
110.5,166.75,-80.15773703824863
111.25,166.75,-78.44032482621118
112.0,166.75,-78.49591115560833
112.75,166.75,-77.07252529241627
113.5,166.75,-77.33473921142502
114.25,166.75,-78.0882363972658
115.0,166.75,-80.10908922166986
115.75,166.75,-81.51223410644143
116.5,166.75,-80.76370980818487
117.25,166.75,-79.65566894313085
118.0,166.75,-77.70321028532712
118.75,166.75,-74.18038611073871
119.5,166.75,-76.55969834559359
120.25,166.75,-83.91005765037687
121.0,166.75,-86.94247627177337
121.75,166.75,-87.25923792516997
122.5,166.75,-88.05064132773768
123.25,166.75,-87.78391146447633
124.0,166.75,-89.1577107483264
124.75,166.75,-90.49175164639612
125.5,166.75,-91.38017581506233
126.25,166.75,-91.65247603367509
127.0,166.75,-91.95958883838426
127.75,166.75,-91.94529441232687
128.5,166.75,-91.8379613903085
129.25,166.75,-93.50000000000001
130.0,166.75,-93.3687089715536
130.75,166.75,
131.5,166.75,
132.25,166.75,
133.0,166.75,
133.75,166.75,
134.5,166.75,
135.25,166.75,
136.0,166.75,
136.75,166.75,
137.5,166.75,
138.25,166.75,
139.0,166.75,
139.75,166.75,
140.5,166.75,
141.25,166.75,
142.0,166.75,
142.75,166.75,
143.5,166.75,
144.25,166.75,
145.0,166.75,
145.75,166.75,
146.5,166.75,
147.25,166.75,
148.0,166.75,
148.75,166.75,
149.5,166.75,-84.1910609037328
150.25,166.75,-84.17227979274611
151.0,166.75,-84.1432384341637
151.75,166.75,-84.40606567479531
152.5,166.75,-84.28652619137758
153.25,166.75,-84.07696030977735
154.0,166.75,-83.68026105959481
154.75,166.75,-83.13848396501459
155.5,166.75,-83.35755534167468
156.25,166.75,-84.23537027446919
157.0,166.75,-84.86702558038215
157.75,166.75,-85.55031749333558
158.5,166.75,-85.8185842638435
159.25,166.75,-86.08654031403528
160.0,166.75,-86.36202616639697
160.75,166.75,-84.9776119402985
161.5,166.75,
162.25,166.75,
163.0,166.75,
163.75,166.75,
164.5,166.75,
165.25,166.75,
166.0,166.75,
166.75,166.75,
167.5,166.75,
168.25,166.75,
169.0,166.75,
169.75,166.75,
170.5,166.75,
171.25,166.75,
172.0,166.75,
172.75,166.75,
173.5,166.75,
174.25,166.75,
175.0,166.75,
175.75,166.75,
176.5,166.75,
177.25,166.75,
178.0,166.75,
178.75,166.75,
179.5,166.75,
180.25,166.75,
181.0,166.75,
181.75,166.75,
182.5,166.75,
183.25,166.75,
184.0,166.75,
184.75,166.75,
185.5,166.75,
186.25,166.75,
187.0,166.75,
187.75,166.75,
188.5,166.75,
189.25,166.75,
190.0,166.75,
190.75,166.75,
191.5,166.75,
192.25,166.75,
193.0,166.75,
193.75,166.75,
194.5,166.75,
195.25,166.75,
196.0,166.75,
196.75,166.75,
197.5,166.75,
198.25,166.75,
199.0,166.75,
199.75,166.75,
200.5,166.75,
201.25,166.75,
202.0,166.75,
202.75,166.75,
203.5,166.75,
204.25,166.75,
205.0,166.75,
205.75,166.75,
206.5,166.75,
207.25,166.75,
208.0,166.75,
208.75,166.75,
209.5,166.75,
210.25,166.75,
211.0,166.75,
211.75,166.75,
212.5,166.75,
213.25,166.75,
214.0,166.75,
214.75,166.75,
215.5,166.75,
216.25,166.75,
217.0,166.75,
217.75,166.75,
218.5,166.75,
219.25,166.75,
31.0,167.5,
31.75,167.5,
32.5,167.5,
33.25,167.5,
34.0,167.5,
34.75,167.5,
35.5,167.5,
36.25,167.5,
37.0,167.5,
37.75,167.5,
38.5,167.5,
39.25,167.5,
40.0,167.5,
40.75,167.5,
41.5,167.5,
42.25,167.5,
43.0,167.5,
43.75,167.5,
44.5,167.5,
45.25,167.5,
46.0,167.5,
46.75,167.5,
47.5,167.5,
48.25,167.5,
49.0,167.5,
49.75,167.5,
50.5,167.5,
51.25,167.5,
52.0,167.5,
52.75,167.5,
53.5,167.5,
54.25,167.5,
55.0,167.5,
55.75,167.5,
56.5,167.5,
57.25,167.5,
58.0,167.5,
58.75,167.5,
59.5,167.5,
60.25,167.5,
61.0,167.5,
61.75,167.5,
62.5,167.5,
63.25,167.5,
64.0,167.5,-92.2956989247312
64.75,167.5,-92.22280701754387
65.5,167.5,-91.86880889103648
66.25,167.5,-91.9862933561095
67.0,167.5,-92.2855796418473
67.75,167.5,-92.7673955941351
68.5,167.5,-93.27159624959285
69.25,167.5,-93.58809836400388
70.0,167.5,-93.63939041830533
70.75,167.5,-93.51675011751969
71.5,167.5,-93.33877072819034
72.25,167.5,-93.17273506375228
73.0,167.5,-94.84677419354838
73.75,167.5,-94.71026490066224
74.5,167.5,
75.25,167.5,
76.0,167.5,
76.75,167.5,
77.5,167.5,
78.25,167.5,
79.0,167.5,
79.75,167.5,
80.5,167.5,
81.25,167.5,
82.0,167.5,
82.75,167.5,
83.5,167.5,-85.75766871165644
84.25,167.5,-87.28326348186216
85.0,167.5,-87.16446118565581
85.75,167.5,-85.44070434578015
86.5,167.5,-85.26952531453232
87.25,167.5,-83.5467361857284
88.0,167.5,-83.40667957843955
88.75,167.5,-83.00695832275515
89.5,167.5,-82.2167333424744
90.25,167.5,-81.69247491039832
91.0,167.5,-81.19776184647664
91.75,167.5,-81.61954441242992
92.5,167.5,-83.70087344291296
93.25,167.5,-86.02115896388311
94.0,167.5,-87.96731897256443
94.75,167.5,-88.29831567218685
95.5,167.5,-88.06879713440777
96.25,167.5,-84.81197836338175
97.0,167.5,-82.62785429260406
97.75,167.5,-83.12379064573253
98.5,167.5,-83.29202814836208
99.25,167.5,-80.77828279906774
100.0,167.5,-79.47957877489652
100.75,167.5,-78.58886351830189
101.5,167.5,-77.83783602669845
102.25,167.5,-77.96513241347785
103.0,167.5,-79.6045796374175
103.75,167.5,-85.90473464218698
104.5,167.5,-93.68748674218686
105.25,167.5,-95.30914030319093
106.0,167.5,-90.51409602801091
106.75,167.5,-87.92900255483282
107.5,167.5,-87.81671052801602
108.25,167.5,-86.91043016248112
109.0,167.5,-85.62920849230028
109.75,167.5,-83.48562136626354
110.5,167.5,-81.87830005244552
111.25,167.5,-79.25528320915201
112.0,167.5,-77.22379477485605
112.75,167.5,-76.79199473567355
113.5,167.5,-74.43452556921378
114.25,167.5,-75.47548125314707
115.0,167.5,-75.7150363657744
115.75,167.5,-77.16417605735367
116.5,167.5,-77.82503673514653
117.25,167.5,-78.27367127463671
118.0,167.5,-76.90046965449449
118.75,167.5,-74.62448039021321
119.5,167.5,-76.2982049090243
120.25,167.5,-82.94123153143218
121.0,167.5,-86.18268078306032
121.75,167.5,-87.61975485904063
122.5,167.5,-88.6272070626003
123.25,167.5,-88.48049204961721
124.0,167.5,-90.17867353895099
124.75,167.5,-91.81926435518024
125.5,167.5,-92.71430943932522
126.25,167.5,-92.58412943875325
127.0,167.5,-92.27031982386674
127.75,167.5,-92.00775590533733
128.5,167.5,-91.90806122463928
129.25,167.5,-92.52279480097907
130.0,167.5,-93.19072164948453
130.75,167.5,-93.13488843813387
131.5,167.5,
132.25,167.5,
133.0,167.5,
133.75,167.5,
134.5,167.5,
135.25,167.5,
136.0,167.5,
136.75,167.5,
137.5,167.5,
138.25,167.5,
139.0,167.5,
139.75,167.5,
140.5,167.5,
141.25,167.5,
142.0,167.5,
142.75,167.5,
143.5,167.5,
144.25,167.5,
145.0,167.5,
145.75,167.5,
146.5,167.5,
147.25,167.5,
148.0,167.5,
148.75,167.5,
149.5,167.5,
150.25,167.5,-84.1047215496368
151.0,167.5,-84.0551948051948
151.75,167.5,-84.30783031516599
152.5,167.5,-84.15327062847372
153.25,167.5,-83.90763049478565
154.0,167.5,-83.5396575033799
154.75,167.5,-83.19183891117771
155.5,167.5,-83.32470119521913
156.25,167.5,-83.91996962422223
157.0,167.5,-84.4687936655799
157.75,167.5,-84.7897044644087
158.5,167.5,-84.93911066195048
159.25,167.5,-84.99863321806596
160.0,167.5,-85.0172466017947
160.75,167.5,-84.86363636363637
161.5,167.5,
162.25,167.5,
163.0,167.5,
163.75,167.5,
164.5,167.5,
165.25,167.5,
166.0,167.5,
166.75,167.5,
167.5,167.5,
168.25,167.5,
169.0,167.5,
169.75,167.5,
170.5,167.5,
171.25,167.5,
172.0,167.5,
172.75,167.5,
173.5,167.5,
174.25,167.5,
175.0,167.5,
175.75,167.5,
176.5,167.5,
177.25,167.5,
178.0,167.5,
178.75,167.5,
179.5,167.5,
180.25,167.5,
181.0,167.5,
181.75,167.5,
182.5,167.5,
183.25,167.5,
184.0,167.5,
184.75,167.5,
185.5,167.5,
186.25,167.5,
187.0,167.5,
187.75,167.5,
188.5,167.5,
189.25,167.5,
190.0,167.5,
190.75,167.5,
191.5,167.5,
192.25,167.5,
193.0,167.5,
193.75,167.5,
194.5,167.5,
195.25,167.5,
196.0,167.5,
196.75,167.5,
197.5,167.5,
198.25,167.5,
199.0,167.5,
199.75,167.5,
200.5,167.5,
201.25,167.5,
202.0,167.5,
202.75,167.5,
203.5,167.5,
204.25,167.5,
205.0,167.5,
205.75,167.5,
206.5,167.5,
207.25,167.5,
208.0,167.5,
208.75,167.5,
209.5,167.5,
210.25,167.5,
211.0,167.5,
211.75,167.5,
212.5,167.5,
213.25,167.5,
214.0,167.5,
214.75,167.5,
215.5,167.5,
216.25,167.5,
217.0,167.5,
217.75,167.5,
218.5,167.5,
219.25,167.5,
31.0,168.25,
31.75,168.25,
32.5,168.25,
33.25,168.25,
34.0,168.25,
34.75,168.25,
35.5,168.25,
36.25,168.25,
37.0,168.25,
37.75,168.25,
38.5,168.25,
39.25,168.25,
40.0,168.25,
40.75,168.25,
41.5,168.25,
42.25,168.25,
43.0,168.25,
43.75,168.25,
44.5,168.25,
45.25,168.25,
46.0,168.25,
46.75,168.25,
47.5,168.25,
48.25,168.25,
49.0,168.25,
49.75,168.25,
50.5,168.25,
51.25,168.25,
52.0,168.25,
52.75,168.25,
53.5,168.25,
54.25,168.25,
55.0,168.25,
55.75,168.25,
56.5,168.25,
57.25,168.25,
58.0,168.25,
58.75,168.25,
59.5,168.25,
60.25,168.25,
61.0,168.25,
61.75,168.25,
62.5,168.25,
63.25,168.25,
64.0,168.25,-92.48412698412697
64.75,168.25,-92.47175141242937
65.5,168.25,-92.51754385964914
66.25,168.25,-92.22559401975616
67.0,168.25,-92.46471551692127
67.75,168.25,-92.7930769082758
68.5,168.25,-93.05567660500391
69.25,168.25,-93.26235548380376
70.0,168.25,-93.33739909608732
70.75,168.25,-93.30456700162574
71.5,168.25,-93.21498918016272
72.25,168.25,-95.10820895522387
73.0,168.25,-94.94354838709677
73.75,168.25,-94.81593406593406
74.5,168.25,
75.25,168.25,
76.0,168.25,
76.75,168.25,
77.5,168.25,
78.25,168.25,
79.0,168.25,
79.75,168.25,
80.5,168.25,
81.25,168.25,
82.0,168.25,
82.75,168.25,
83.5,168.25,-82.39135802469136
84.25,168.25,-86.27226759215618
85.0,168.25,-85.96715304080548
85.75,168.25,-84.42867326201595
86.5,168.25,-84.16809492716027
87.25,168.25,-82.88668240795958
88.0,168.25,-82.7918749883125
88.75,168.25,-82.68790847307969
89.5,168.25,-82.1049898823639
90.25,168.25,-80.51451172066824
91.0,168.25,-79.80807440651257
91.75,168.25,-80.65874493606267
92.5,168.25,-82.71033975856788
93.25,168.25,-86.31472467484605
94.0,168.25,-88.84210868254029
94.75,168.25,-90.93988031675217
95.5,168.25,-90.29894738106404
96.25,168.25,-87.810515131395
97.0,168.25,-85.15649292251838
97.75,168.25,-84.42516062293319
98.5,168.25,-82.38508937327539
99.25,168.25,-80.42458042772112
100.0,168.25,-78.39957123872162
100.75,168.25,-77.5033786495958
101.5,168.25,-76.96889081601383
102.25,168.25,-74.92452741482559
103.0,168.25,-73.53914604358924
103.75,168.25,-77.9762071462336
104.5,168.25,-86.1537505144658
105.25,168.25,-89.50162010925226
106.0,168.25,-88.84380553136054
106.75,168.25,-87.47733898717382
107.5,168.25,-86.69155709087615
108.25,168.25,-87.00326282479413
109.0,168.25,-85.8876454177969
109.75,168.25,-84.58343809385622
110.5,168.25,-79.80562365888434
111.25,168.25,-78.31625383987944
112.0,168.25,-76.37759945404017
112.75,168.25,-74.08248272824694
113.5,168.25,-73.66477600626433
114.25,168.25,-72.18072081959156
115.0,168.25,-74.48182446391776
115.75,168.25,-76.76949549749499
116.5,168.25,-79.44319898220111
117.25,168.25,-79.27018313526102
118.0,168.25,-75.24096630133388
118.75,168.25,-72.12236078168162
119.5,168.25,-74.24383551580793
120.25,168.25,-82.74579888673273
121.0,168.25,-87.36611038877051
121.75,168.25,-87.81823525494339
122.5,168.25,-90.62039247138361
123.25,168.25,-91.07512095464836
124.0,168.25,-92.17375177147703
124.75,168.25,-94.0827453939321
125.5,168.25,-94.16651301548592
126.25,168.25,-93.19661074971785
127.0,168.25,-92.45651875760615
127.75,168.25,-92.04016157418333
128.5,168.25,-91.98950431733493
129.25,168.25,-92.33449976621064
130.0,168.25,-92.26635606553523
130.75,168.25,-92.95701357466064
131.5,168.25,
132.25,168.25,
133.0,168.25,
133.75,168.25,
134.5,168.25,
135.25,168.25,
136.0,168.25,
136.75,168.25,
137.5,168.25,
138.25,168.25,
139.0,168.25,
139.75,168.25,
140.5,168.25,
141.25,168.25,
142.0,168.25,
142.75,168.25,
143.5,168.25,
144.25,168.25,
145.0,168.25,
145.75,168.25,
146.5,168.25,
147.25,168.25,
148.0,168.25,
148.75,168.25,
149.5,168.25,
150.25,168.25,-84.05349344978166
151.0,168.25,-83.99504249291785
151.75,168.25,-83.91165413533834
152.5,168.25,-84.11879956290292
153.25,168.25,-83.92457691721299
154.0,168.25,-83.70014555111526
154.75,168.25,-83.55241482590792
155.5,168.25,-83.64431257673338
156.25,168.25,-83.96646088985922
157.0,168.25,-84.32810192269311
157.75,168.25,-84.60061026444792
158.5,168.25,-84.76925471251775
159.25,168.25,-84.86360937258769
160.0,168.25,-84.91345192215529
160.75,168.25,-84.75316455696202
161.5,168.25,
162.25,168.25,
163.0,168.25,
163.75,168.25,
164.5,168.25,
165.25,168.25,
166.0,168.25,
166.75,168.25,
167.5,168.25,
168.25,168.25,
169.0,168.25,
169.75,168.25,
170.5,168.25,
171.25,168.25,
172.0,168.25,
172.75,168.25,
173.5,168.25,
174.25,168.25,
175.0,168.25,
175.75,168.25,
176.5,168.25,
177.25,168.25,
178.0,168.25,
178.75,168.25,
179.5,168.25,
180.25,168.25,
181.0,168.25,
181.75,168.25,
182.5,168.25,
183.25,168.25,
184.0,168.25,
184.75,168.25,
185.5,168.25,
186.25,168.25,
187.0,168.25,
187.75,168.25,
188.5,168.25,
189.25,168.25,
190.0,168.25,
190.75,168.25,
191.5,168.25,
192.25,168.25,
193.0,168.25,
193.75,168.25,
194.5,168.25,
195.25,168.25,
196.0,168.25,
196.75,168.25,
197.5,168.25,
198.25,168.25,
199.0,168.25,
199.75,168.25,
200.5,168.25,
201.25,168.25,
202.0,168.25,
202.75,168.25,
203.5,168.25,
204.25,168.25,
205.0,168.25,
205.75,168.25,
206.5,168.25,
207.25,168.25,
208.0,168.25,
208.75,168.25,
209.5,168.25,
210.25,168.25,
211.0,168.25,
211.75,168.25,
212.5,168.25,
213.25,168.25,
214.0,168.25,
214.75,168.25,
215.5,168.25,
216.25,168.25,
217.0,168.25,
217.75,168.25,
218.5,168.25,
219.25,168.25,
31.0,169.0,
31.75,169.0,
32.5,169.0,
33.25,169.0,
34.0,169.0,
34.75,169.0,
35.5,169.0,
36.25,169.0,
37.0,169.0,
37.75,169.0,
38.5,169.0,
39.25,169.0,
40.0,169.0,
40.75,169.0,
41.5,169.0,
42.25,169.0,
43.0,169.0,
43.75,169.0,
44.5,169.0,
45.25,169.0,
46.0,169.0,
46.75,169.0,
47.5,169.0,
48.25,169.0,
49.0,169.0,
49.75,169.0,
50.5,169.0,
51.25,169.0,
52.0,169.0,
52.75,169.0,
53.5,169.0,
54.25,169.0,
55.0,169.0,
55.75,169.0,
56.5,169.0,
57.25,169.0,
58.0,169.0,
58.75,169.0,
59.5,169.0,
60.25,169.0,
61.0,169.0,
61.75,169.0,
62.5,169.0,
63.25,169.0,
64.0,169.0,
64.75,169.0,-92.67460317460318
65.5,169.0,-92.747311827957
66.25,169.0,-92.88940809968847
67.0,169.0,-93.1111111111111
67.75,169.0,-93.39743589743588
68.5,169.0,-93.70289855072463
69.25,169.0,-93.97138047138047
70.0,169.0,-94.16666666666669
70.75,169.0,-94.28371501272264
71.5,169.0,
72.25,169.0,
73.0,169.0,
73.75,169.0,
74.5,169.0,
75.25,169.0,
76.0,169.0,
76.75,169.0,
77.5,169.0,
78.25,169.0,
79.0,169.0,
79.75,169.0,
80.5,169.0,
81.25,169.0,
82.0,169.0,
82.75,169.0,
83.5,169.0,-82.34946236559139
84.25,169.0,-82.33882783882784
85.0,169.0,-83.92857142857142
85.75,169.0,-82.92302978510483
86.5,169.0,-82.82524167856427
87.25,169.0,-82.53980267106641
88.0,169.0,-82.64236345930154
88.75,169.0,-82.94075156531082
89.5,169.0,-82.5180088484582
90.25,169.0,-79.75504733776378
91.0,169.0,-78.000000000003
91.75,169.0,-79.52922927644344
92.5,169.0,-82.31239438331774
93.25,169.0,-87.06709167119774
94.0,169.0,-90.15775305096913
94.75,169.0,-91.85341935674212
95.5,169.0,-91.40091659338428
96.25,169.0,-89.37066602392098
97.0,169.0,-87.62025316455697
97.75,169.0,-85.8338881882386
98.5,169.0,-82.62579505399363
99.25,169.0,-80.2268527543404
100.0,169.0,-78.09325306678782
100.75,169.0,-77.0534951481641
101.5,169.0,-76.82145692735212
102.25,169.0,-73.18129398507244
103.0,169.0,-70.00000000000674
103.75,169.0,-73.47401976636883
104.5,169.0,-80.16808330344519
105.25,169.0,-85.08381169760356
106.0,169.0,-86.6170555108608
106.75,169.0,-86.88196951888632
107.5,169.0,-85.865664051404
108.25,169.0,-85.09767452164924
109.0,169.0,-85.27777777777779
109.75,169.0,-82.11500445457652
110.5,169.0,-80.21150608965189
111.25,169.0,-77.17074311070937
112.0,169.0,-75.03141303871277
112.75,169.0,-72.57256849390106
113.5,169.0,-70.65585602850679
114.25,169.0,-71.33708602277773
115.0,169.0,-73.28571428571428
115.75,169.0,-76.53394672829728
116.5,169.0,-81.72390547984922
117.25,169.0,-83.18173357316996
118.0,169.0,-75.24999999999997
118.75,169.0,-66.90529662818284
119.5,169.0,-70.033559728326
120.25,169.0,-83.69454913124235
121.0,169.0,-90.99999999999031
121.75,169.0,-89.66664732971712
122.5,169.0,-91.63733519776268
123.25,169.0,-91.96920144670865
124.0,169.0,-92.88114754098358
124.75,169.0,-95.69078111709439
125.5,169.0,-95.12242679037402
126.25,169.0,-93.26170780515658
127.0,169.0,-92.6349206349206
127.75,169.0,-92.25176355289699
128.5,169.0,-92.12388181532513
129.25,169.0,-92.20722302056589
130.0,169.0,-92.09320252277504
130.75,169.0,-92.76650366748167
131.5,169.0,
132.25,169.0,
133.0,169.0,
133.75,169.0,
134.5,169.0,
135.25,169.0,
136.0,169.0,
136.75,169.0,
137.5,169.0,
138.25,169.0,
139.0,169.0,
139.75,169.0,
140.5,169.0,
141.25,169.0,
142.0,169.0,
142.75,169.0,
143.5,169.0,
144.25,169.0,
145.0,169.0,
145.75,169.0,
146.5,169.0,
147.25,169.0,
148.0,169.0,
148.75,169.0,
149.5,169.0,
150.25,169.0,
151.0,169.0,-83.96153846153845
151.75,169.0,-83.88525835866263
152.5,169.0,-83.78846153846153
153.25,169.0,-84.01594111827718
154.0,169.0,-83.89370078740158
154.75,169.0,-83.83755260783109
155.5,169.0,-83.90502044845579
156.25,169.0,-84.08882324738539
157.0,169.0,-84.31578947368422
157.75,169.0,-84.5173087915857
158.5,169.0,-84.66662569447857
159.25,169.0,-84.76674356731466
160.0,169.0,-84.6111111111111
160.75,169.0,
161.5,169.0,
162.25,169.0,
163.0,169.0,
163.75,169.0,
164.5,169.0,
165.25,169.0,
166.0,169.0,
166.75,169.0,
167.5,169.0,
168.25,169.0,
169.0,169.0,
169.75,169.0,
170.5,169.0,
171.25,169.0,
172.0,169.0,
172.75,169.0,
173.5,169.0,
174.25,169.0,
175.0,169.0,
175.75,169.0,
176.5,169.0,
177.25,169.0,
178.0,169.0,
178.75,169.0,
179.5,169.0,
180.25,169.0,
181.0,169.0,
181.75,169.0,
182.5,169.0,
183.25,169.0,
184.0,169.0,
184.75,169.0,
185.5,169.0,
186.25,169.0,
187.0,169.0,
187.75,169.0,
188.5,169.0,
189.25,169.0,
190.0,169.0,
190.75,169.0,
191.5,169.0,
192.25,169.0,
193.0,169.0,
193.75,169.0,
194.5,169.0,
195.25,169.0,
196.0,169.0,
196.75,169.0,
197.5,169.0,
198.25,169.0,
199.0,169.0,
199.75,169.0,
200.5,169.0,
201.25,169.0,
202.0,169.0,
202.75,169.0,
203.5,169.0,
204.25,169.0,
205.0,169.0,
205.75,169.0,
206.5,169.0,
207.25,169.0,
208.0,169.0,
208.75,169.0,
209.5,169.0,
210.25,169.0,
211.0,169.0,
211.75,169.0,
212.5,169.0,
213.25,169.0,
214.0,169.0,
214.75,169.0,
215.5,169.0,
216.25,169.0,
217.0,169.0,
217.75,169.0,
218.5,169.0,
219.25,169.0,
31.0,169.75,
31.75,169.75,
32.5,169.75,
33.25,169.75,
34.0,169.75,
34.75,169.75,
35.5,169.75,
36.25,169.75,
37.0,169.75,
37.75,169.75,
38.5,169.75,
39.25,169.75,
40.0,169.75,
40.75,169.75,
41.5,169.75,
42.25,169.75,
43.0,169.75,
43.75,169.75,
44.5,169.75,
45.25,169.75,
46.0,169.75,
46.75,169.75,
47.5,169.75,
48.25,169.75,
49.0,169.75,
49.75,169.75,
50.5,169.75,
51.25,169.75,
52.0,169.75,
52.75,169.75,
53.5,169.75,
54.25,169.75,
55.0,169.75,
55.75,169.75,
56.5,169.75,
57.25,169.75,
58.0,169.75,
58.75,169.75,
59.5,169.75,
60.25,169.75,
61.0,169.75,
61.75,169.75,
62.5,169.75,
63.25,169.75,
64.0,169.75,
64.75,169.75,
65.5,169.75,-92.91299790356395
66.25,169.75,-93.03990610328638
67.0,169.75,-93.2150127226463
67.75,169.75,-93.42592592592592
68.5,169.75,-93.6469816272966
69.25,169.75,-93.84825870646765
70.0,169.75,-94.00793650793652
70.75,169.75,
71.5,169.75,
72.25,169.75,
73.0,169.75,
73.75,169.75,
74.5,169.75,
75.25,169.75,
76.0,169.75,
76.75,169.75,
77.5,169.75,
78.25,169.75,
79.0,169.75,
79.75,169.75,
80.5,169.75,
81.25,169.75,-80.8875502008032
82.0,169.75,-81.03628117913831
82.75,169.75,-81.2189054726368
83.5,169.75,-81.80141430091656
84.25,169.75,-82.28294573643412
85.0,169.75,-82.25141242937853
85.75,169.75,-82.52839638843844
86.5,169.75,-82.38884602039528
87.25,169.75,-82.3875006370568
88.0,169.75,-82.38679753037313
88.75,169.75,-82.52794058137175
89.5,169.75,-82.00485927348532
90.25,169.75,-80.18843397674219
91.0,169.75,-79.10060952782571
91.75,169.75,-79.80632112826454
92.5,169.75,-83.68560978531872
93.25,169.75,-86.27966525390234
94.0,169.75,-89.89508308517144
94.75,169.75,-90.85099101229814
95.5,169.75,-91.04629058799556
96.25,169.75,-90.89481950007256
97.0,169.75,-90.45172920363851
97.75,169.75,-86.86453236067258
98.5,169.75,-82.31115814924749
99.25,169.75,-79.76159837001521
100.0,169.75,-78.39581621538336
100.75,169.75,-77.45639492480116
101.5,169.75,-76.78540473303356
102.25,169.75,-74.57349787472748
103.0,169.75,-72.33179814920338
103.75,169.75,-74.36503856133203
104.5,169.75,-78.47374688590939
105.25,169.75,-82.25151647436755
106.0,169.75,-84.7461705021858
106.75,169.75,-85.6568320368883
107.5,169.75,-84.9872844230094
108.25,169.75,-84.52979386114058
109.0,169.75,-85.38203126276059
109.75,169.75,-81.73083663297646
110.5,169.75,-77.52604314336219
111.25,169.75,-75.81468140603896
112.0,169.75,-74.2106651838487
112.75,169.75,-69.71928205986185
113.5,169.75,-69.56648937159251
114.25,169.75,-69.59615484844569
115.0,169.75,-70.25749761193117
115.75,169.75,-73.31402989185854
116.5,169.75,-77.11416889465472
117.25,169.75,-77.73180713263262
118.0,169.75,-75.03233002687249
118.75,169.75,-71.65432695005053
119.5,169.75,-73.12229924534562
120.25,169.75,-81.5530904357732
121.0,169.75,-87.79989911862414
121.75,169.75,-89.28902813542952
122.5,169.75,-91.54655756538216
123.25,169.75,-91.76385318057046
124.0,169.75,-92.33268850057863
124.75,169.75,-93.65830621426218
125.5,169.75,-93.46008588004014
126.25,169.75,-92.50907540206477
127.0,169.75,-91.9092949618143
127.75,169.75,-91.78207508956376
128.5,169.75,-91.84149805305537
129.25,169.75,-91.98914162192693
130.0,169.75,-92.0733112029845
130.75,169.75,-91.97714393785503
131.5,169.75,
132.25,169.75,
133.0,169.75,
133.75,169.75,
134.5,169.75,
135.25,169.75,
136.0,169.75,
136.75,169.75,
137.5,169.75,
138.25,169.75,
139.0,169.75,
139.75,169.75,
140.5,169.75,
141.25,169.75,
142.0,169.75,
142.75,169.75,
143.5,169.75,
144.25,169.75,
145.0,169.75,
145.75,169.75,
146.5,169.75,
147.25,169.75,
148.0,169.75,
148.75,169.75,
149.5,169.75,
150.25,169.75,
151.0,169.75,
151.75,169.75,-83.8841463414634
152.5,169.75,-83.81011730205279
153.25,169.75,-83.73275862068965
154.0,169.75,-84.05362943779139
154.75,169.75,-84.03568494955287
155.5,169.75,-84.0865378609648
156.25,169.75,-84.20111692127837
157.0,169.75,-84.34802650291968
157.75,169.75,-84.49218774380793
158.5,169.75,-84.61271003367415
159.25,169.75,-84.44366197183099
160.0,169.75,-84.5233918128655
160.75,169.75,
161.5,169.75,
162.25,169.75,
163.0,169.75,
163.75,169.75,
164.5,169.75,
165.25,169.75,
166.0,169.75,
166.75,169.75,
167.5,169.75,
168.25,169.75,
169.0,169.75,
169.75,169.75,
170.5,169.75,
171.25,169.75,
172.0,169.75,
172.75,169.75,
173.5,169.75,
174.25,169.75,
175.0,169.75,
175.75,169.75,
176.5,169.75,
177.25,169.75,
178.0,169.75,
178.75,169.75,
179.5,169.75,
180.25,169.75,
181.0,169.75,
181.75,169.75,
182.5,169.75,
183.25,169.75,
184.0,169.75,
184.75,169.75,
185.5,169.75,
186.25,169.75,
187.0,169.75,
187.75,169.75,
188.5,169.75,
189.25,169.75,
190.0,169.75,
190.75,169.75,
191.5,169.75,
192.25,169.75,
193.0,169.75,
193.75,169.75,
194.5,169.75,
195.25,169.75,
196.0,169.75,
196.75,169.75,
197.5,169.75,
198.25,169.75,
199.0,169.75,
199.75,169.75,
200.5,169.75,
201.25,169.75,
202.0,169.75,
202.75,169.75,
203.5,169.75,
204.25,169.75,
205.0,169.75,
205.75,169.75,
206.5,169.75,
207.25,169.75,
208.0,169.75,
208.75,169.75,
209.5,169.75,
210.25,169.75,
211.0,169.75,
211.75,169.75,
212.5,169.75,
213.25,169.75,
214.0,169.75,
214.75,169.75,
215.5,169.75,
216.25,169.75,
217.0,169.75,
217.75,169.75,
218.5,169.75,
219.25,169.75,
31.0,170.5,
31.75,170.5,
32.5,170.5,
33.25,170.5,
34.0,170.5,
34.75,170.5,
35.5,170.5,
36.25,170.5,
37.0,170.5,
37.75,170.5,
38.5,170.5,
39.25,170.5,
40.0,170.5,
40.75,170.5,
41.5,170.5,
42.25,170.5,
43.0,170.5,
43.75,170.5,
44.5,170.5,
45.25,170.5,
46.0,170.5,
46.75,170.5,
47.5,170.5,
48.25,170.5,
49.0,170.5,
49.75,170.5,
50.5,170.5,
51.25,170.5,
52.0,170.5,
52.75,170.5,
53.5,170.5,
54.25,170.5,
55.0,170.5,
55.75,170.5,
56.5,170.5,
57.25,170.5,
58.0,170.5,
58.75,170.5,
59.5,170.5,
60.25,170.5,
61.0,170.5,
61.75,170.5,
62.5,170.5,
63.25,170.5,
64.0,170.5,
64.75,170.5,
65.5,170.5,
66.25,170.5,
67.0,170.5,-93.28294573643412
67.75,170.5,-93.44411177644709
68.5,170.5,-93.61111111111111
69.25,170.5,-93.76666666666667
70.0,170.5,
70.75,170.5,
71.5,170.5,
72.25,170.5,
73.0,170.5,
73.75,170.5,
74.5,170.5,
75.25,170.5,
76.0,170.5,
76.75,170.5,
77.5,170.5,
78.25,170.5,
79.0,170.5,
79.75,170.5,
80.5,170.5,
81.25,170.5,-80.75757575757576
82.0,170.5,-80.91397849462365
82.75,170.5,-81.12012012012012
83.5,170.5,-81.69898358092259
84.25,170.5,-81.87743141860307
85.0,170.5,-82.1888888888889
85.75,170.5,-81.915390046188
86.5,170.5,-81.95854732208365
87.25,170.5,-82.07113893423823
88.0,170.5,-82.21407130875657
88.75,170.5,-82.06610235421672
89.5,170.5,-81.6316805421433
90.25,170.5,-80.8419731882085
91.0,170.5,-80.42393174774882
91.75,170.5,-81.88671521734446
92.5,170.5,-83.82221647268977
93.25,170.5,-86.39905933150949
94.0,170.5,-88.38790543787036
94.75,170.5,-89.8865154333848
95.5,170.5,-91.33441138738456
96.25,170.5,-93.3058528326629
97.0,170.5,-95.20065112489965
97.75,170.5,-89.54728386327496
98.5,170.5,-79.98819699499165
99.25,170.5,-77.7377917549763
100.0,170.5,-78.38694168785733
100.75,170.5,-78.15815645329492
101.5,170.5,-77.3950318352842
102.25,170.5,-76.46684355682625
103.0,170.5,-75.0860471756476
103.75,170.5,-76.17696606418002
104.5,170.5,-78.53406463174505
105.25,170.5,-81.16994648827162
106.0,170.5,-82.9665993740188
106.75,170.5,-84.62301636833237
107.5,170.5,-85.95908954941807
108.25,170.5,-86.20791574457694
109.0,170.5,-85.43572150896135
109.75,170.5,-81.57620751590389
110.5,170.5,-76.46682453966007
111.25,170.5,-75.09891246848306
112.0,170.5,-69.55929285426986
112.75,170.5,-69.09929714186492
113.5,170.5,-68.5737234278185
114.25,170.5,-67.25341692114301
115.0,170.5,-66.23866946917019
115.75,170.5,-69.44347781736755
116.5,170.5,-72.29054674936825
117.25,170.5,-72.5121022127619
118.0,170.5,-73.36720024232257
118.75,170.5,-74.7227621986882
119.5,170.5,-75.10568166820643
120.25,170.5,-79.5700707173387
121.0,170.5,-84.04871186310913
121.75,170.5,-88.03348073449447
122.5,170.5,-91.33439283685449
123.25,170.5,-91.29461387117833
124.0,170.5,-91.53709399319632
124.75,170.5,-90.88079070382652
125.5,170.5,-91.13187429854098
126.25,170.5,-91.46677310594757
127.0,170.5,-91.1767387966827
127.75,170.5,-91.35038779041935
128.5,170.5,-91.60564003873748
129.25,170.5,-91.82174281181781
130.0,170.5,-91.96059763866079
130.75,170.5,-91.87027020179627
131.5,170.5,
132.25,170.5,
133.0,170.5,
133.75,170.5,
134.5,170.5,
135.25,170.5,
136.0,170.5,
136.75,170.5,
137.5,170.5,
138.25,170.5,
139.0,170.5,
139.75,170.5,
140.5,170.5,
141.25,170.5,
142.0,170.5,
142.75,170.5,
143.5,170.5,
144.25,170.5,
145.0,170.5,
145.75,170.5,
146.5,170.5,
147.25,170.5,
148.0,170.5,
148.75,170.5,
149.5,170.5,
150.25,170.5,
151.0,170.5,
151.75,170.5,
152.5,170.5,
153.25,170.5,-83.78727506426735
154.0,170.5,-83.74438202247191
154.75,170.5,-84.17472835976085
155.5,170.5,-84.21398453970482
156.25,170.5,-84.29101738222909
157.0,170.5,-84.39075479053588
157.75,170.5,-84.17407407407408
158.5,170.5,-84.28947368421053
159.25,170.5,-84.38571428571429
160.0,170.5,
160.75,170.5,
161.5,170.5,
162.25,170.5,
163.0,170.5,
163.75,170.5,
164.5,170.5,
165.25,170.5,
166.0,170.5,
166.75,170.5,
167.5,170.5,
168.25,170.5,
169.0,170.5,
169.75,170.5,
170.5,170.5,
171.25,170.5,
172.0,170.5,
172.75,170.5,
173.5,170.5,
174.25,170.5,
175.0,170.5,
175.75,170.5,
176.5,170.5,
177.25,170.5,
178.0,170.5,
178.75,170.5,
179.5,170.5,
180.25,170.5,
181.0,170.5,
181.75,170.5,
182.5,170.5,
183.25,170.5,
184.0,170.5,
184.75,170.5,
185.5,170.5,
186.25,170.5,
187.0,170.5,
187.75,170.5,
188.5,170.5,
189.25,170.5,
190.0,170.5,
190.75,170.5,
191.5,170.5,
192.25,170.5,
193.0,170.5,
193.75,170.5,
194.5,170.5,
195.25,170.5,
196.0,170.5,
196.75,170.5,
197.5,170.5,
198.25,170.5,
199.0,170.5,
199.75,170.5,
200.5,170.5,
201.25,170.5,
202.0,170.5,
202.75,170.5,
203.5,170.5,
204.25,170.5,
205.0,170.5,
205.75,170.5,
206.5,170.5,
207.25,170.5,
208.0,170.5,
208.75,170.5,
209.5,170.5,
210.25,170.5,
211.0,170.5,
211.75,170.5,
212.5,170.5,
213.25,170.5,
214.0,170.5,
214.75,170.5,
215.5,170.5,
216.25,170.5,
217.0,170.5,
217.75,170.5,
218.5,170.5,
219.25,170.5,
31.0,171.25,
31.75,171.25,
32.5,171.25,
33.25,171.25,
34.0,171.25,
34.75,171.25,
35.5,171.25,
36.25,171.25,
37.0,171.25,
37.75,171.25,
38.5,171.25,
39.25,171.25,
40.0,171.25,
40.75,171.25,
41.5,171.25,
42.25,171.25,
43.0,171.25,
43.75,171.25,
44.5,171.25,
45.25,171.25,
46.0,171.25,
46.75,171.25,
47.5,171.25,
48.25,171.25,
49.0,171.25,
49.75,171.25,
50.5,171.25,
51.25,171.25,
52.0,171.25,
52.75,171.25,
53.5,171.25,
54.25,171.25,
55.0,171.25,
55.75,171.25,
56.5,171.25,
57.25,171.25,
58.0,171.25,
58.75,171.25,
59.5,171.25,
60.25,171.25,
61.0,171.25,
61.75,171.25,
62.5,171.25,
63.25,171.25,
64.0,171.25,
64.75,171.25,
65.5,171.25,
66.25,171.25,
67.0,171.25,
67.75,171.25,
68.5,171.25,
69.25,171.25,
70.0,171.25,
70.75,171.25,
71.5,171.25,
72.25,171.25,
73.0,171.25,
73.75,171.25,
74.5,171.25,
75.25,171.25,
76.0,171.25,
76.75,171.25,-87.87739463601532
77.5,171.25,-87.06079664570228
78.25,171.25,-86.15111111111112
79.0,171.25,
79.75,171.25,
80.5,171.25,
81.25,171.25,-80.5978835978836
82.0,171.25,-80.75077881619937
82.75,171.25,-80.97163120567377
83.5,171.25,-81.5582036745553
84.25,171.25,-81.78351560802491
85.0,171.25,-81.94172353402983
85.75,171.25,-81.91746141380867
86.5,171.25,-81.9790778513806
87.25,171.25,-81.9857184049651
88.0,171.25,-81.87115047116465
88.75,171.25,-81.62993199435664
89.5,171.25,-81.77748890782783
90.25,171.25,-81.5087698455192
91.0,171.25,-81.44951574316862
91.75,171.25,-83.09298906648793
92.5,171.25,-84.61597233925683
93.25,171.25,-86.6255630965032
94.0,171.25,-88.00557089563644
94.75,171.25,-89.57648496714661
95.5,171.25,-91.30777236086108
96.25,171.25,-94.2261672241087
97.0,171.25,-96.55175099222652
97.75,171.25,-90.4814562971511
98.5,171.25,-79.03879356704994
99.25,171.25,-77.04745088107637
100.0,171.25,-78.41571191909998
100.75,171.25,-78.00614819604097
101.5,171.25,-78.13313139989066
102.25,171.25,-77.50594237788766
103.0,171.25,-76.68735996462624
103.75,171.25,-77.48517604662366
104.5,171.25,-78.93489614211524
105.25,171.25,-81.04048470992426
106.0,171.25,-82.64237574690813
106.75,171.25,-84.97795911615917
107.5,171.25,-85.78327827426338
108.25,171.25,-86.26345474363383
109.0,171.25,-91.93095768374165
109.75,171.25,-76.93192488262912
110.5,171.25,-74.22839506172838
111.25,171.25,-66.9431216931217
112.0,171.25,-69.85735150621471
112.75,171.25,-69.0207533143353
113.5,171.25,-68.40069685697426
114.25,171.25,-66.65139064169108
115.0,171.25,-65.29292444209965
115.75,171.25,-68.28490243874106
116.5,171.25,-71.47098212997717
117.25,171.25,-71.7247487953891
118.0,171.25,-73.19222484059331
118.75,171.25,-74.94389308354187
119.5,171.25,-75.10632979965501
120.25,171.25,-77.19306772403345
121.0,171.25,-82.45172853891704
121.75,171.25,-88.11787281975744
122.5,171.25,-91.17698917401266
123.25,171.25,-91.09179956185622
124.0,171.25,-91.21053907718452
124.75,171.25,-90.31595172504264
125.5,171.25,-90.64144652031197
126.25,171.25,-91.23197491233985
127.0,171.25,-91.0383092809145
127.75,171.25,-91.24652807549668
128.5,171.25,-91.52508184482218
129.25,171.25,-91.75018245364163
130.0,171.25,-91.90209878576874
130.75,171.25,-90.70105820105822
131.5,171.25,
132.25,171.25,
133.0,171.25,
133.75,171.25,
134.5,171.25,
135.25,171.25,
136.0,171.25,
136.75,171.25,
137.5,171.25,
138.25,171.25,
139.0,171.25,
139.75,171.25,
140.5,171.25,
141.25,171.25,
142.0,171.25,
142.75,171.25,
143.5,171.25,
144.25,171.25,
145.0,171.25,
145.75,171.25,
146.5,171.25,
147.25,171.25,
148.0,171.25,
148.75,171.25,
149.5,171.25,
150.25,171.25,
151.0,171.25,
151.75,171.25,
152.5,171.25,
153.25,171.25,
154.0,171.25,
154.75,171.25,
155.5,171.25,
156.25,171.25,
157.0,171.25,
157.75,171.25,
158.5,171.25,
159.25,171.25,
160.0,171.25,
160.75,171.25,
161.5,171.25,
162.25,171.25,
163.0,171.25,
163.75,171.25,
164.5,171.25,
165.25,171.25,
166.0,171.25,
166.75,171.25,
167.5,171.25,
168.25,171.25,
169.0,171.25,
169.75,171.25,
170.5,171.25,
171.25,171.25,
172.0,171.25,
172.75,171.25,
173.5,171.25,
174.25,171.25,
175.0,171.25,
175.75,171.25,
176.5,171.25,
177.25,171.25,
178.0,171.25,
178.75,171.25,
179.5,171.25,
180.25,171.25,
181.0,171.25,
181.75,171.25,
182.5,171.25,
183.25,171.25,
184.0,171.25,
184.75,171.25,
185.5,171.25,
186.25,171.25,
187.0,171.25,
187.75,171.25,
188.5,171.25,
189.25,171.25,
190.0,171.25,
190.75,171.25,
191.5,171.25,
192.25,171.25,
193.0,171.25,
193.75,171.25,
194.5,171.25,
195.25,171.25,
196.0,171.25,
196.75,171.25,
197.5,171.25,
198.25,171.25,
199.0,171.25,
199.75,171.25,
200.5,171.25,
201.25,171.25,
202.0,171.25,
202.75,171.25,
203.5,171.25,
204.25,171.25,
205.0,171.25,
205.75,171.25,
206.5,171.25,
207.25,171.25,
208.0,171.25,
208.75,171.25,
209.5,171.25,
210.25,171.25,
211.0,171.25,
211.75,171.25,
212.5,171.25,
213.25,171.25,
214.0,171.25,
214.75,171.25,
215.5,171.25,
216.25,171.25,
217.0,171.25,
217.75,171.25,
218.5,171.25,
219.25,171.25,
31.0,172.0,
31.75,172.0,
32.5,172.0,
33.25,172.0,
34.0,172.0,
34.75,172.0,
35.5,172.0,
36.25,172.0,
37.0,172.0,
37.75,172.0,
38.5,172.0,
39.25,172.0,
40.0,172.0,
40.75,172.0,
41.5,172.0,
42.25,172.0,
43.0,172.0,
43.75,172.0,
44.5,172.0,
45.25,172.0,
46.0,172.0,
46.75,172.0,
47.5,172.0,
48.25,172.0,
49.0,172.0,
49.75,172.0,
50.5,172.0,
51.25,172.0,
52.0,172.0,
52.75,172.0,
53.5,172.0,
54.25,172.0,
55.0,172.0,
55.75,172.0,
56.5,172.0,
57.25,172.0,
58.0,172.0,
58.75,172.0,
59.5,172.0,
60.25,172.0,
61.0,172.0,
61.75,172.0,
62.5,172.0,
63.25,172.0,
64.0,172.0,
64.75,172.0,
65.5,172.0,
66.25,172.0,
67.0,172.0,
67.75,172.0,
68.5,172.0,
69.25,172.0,
70.0,172.0,
70.75,172.0,
71.5,172.0,
72.25,172.0,
73.0,172.0,
73.75,172.0,
74.5,172.0,
75.25,172.0,
76.0,172.0,-89.06666666666665
76.75,172.0,-88.30695443645084
77.5,172.0,-87.31182795698923
78.25,172.0,-86.14492753623189
79.0,172.0,-84.95238095238095
79.75,172.0,-83.91884057971014
80.5,172.0,
81.25,172.0,-80.42028985507247
82.0,172.0,-80.55555555555556
82.75,172.0,-80.77510040160642
83.5,172.0,-81.07017543859648
84.25,172.0,-81.64650854585366
85.0,172.0,-81.85714285714285
85.75,172.0,-81.97410792106595
86.5,172.0,-81.92089198953532
87.25,172.0,-81.915179953201
88.0,172.0,-81.77862595419847
88.75,172.0,-81.55006415645326
89.5,172.0,-81.23539998200305
90.25,172.0,-81.87122251538558
91.0,172.0,-81.97698886359441
91.75,172.0,-83.92189655622003
92.5,172.0,-85.20358646505173
93.25,172.0,-86.32107760863919
94.0,172.0,-87.8560131091479
94.75,172.0,-89.7049648478046
95.5,172.0,-91.15156370520702
96.25,172.0,-92.56744533377176
97.0,172.0,-92.66326530612245
97.75,172.0,-88.60691855877123
98.5,172.0,-81.95960966487192
99.25,172.0,-79.49151265890347
100.0,172.0,-79.39365971107544
100.75,172.0,-78.43106554156394
101.5,172.0,-77.654443282135
102.25,172.0,-78.62142891026363
103.0,172.0,-76.70480034508257
103.75,172.0,-78.26906308389928
104.5,172.0,-79.27700746017064
105.25,172.0,-80.98757728726207
106.0,172.0,-82.2003105590062
106.75,172.0,-84.43266038618671
107.5,172.0,-85.20787365295517
108.25,172.0,-92.27565392354123
109.0,172.0,
109.75,172.0,-75.74744376278117
110.5,172.0,
111.25,172.0,-66.99300254452926
112.0,172.0,-69.81805929919138
112.75,172.0,-69.10074833907026
113.5,172.0,-69.03195394165871
114.25,172.0,-68.51596156121903
115.0,172.0,-68.20596770123645
115.75,172.0,-70.11395378905502
116.5,172.0,-72.09916144114511
117.25,172.0,-73.02786093448931
118.0,172.0,-74.19444444444444
118.75,172.0,-74.52018965865697
119.5,172.0,-75.01534749817534
120.25,172.0,-77.65455586962075
121.0,172.0,-80.59410646387832
121.75,172.0,-86.1019499134863
122.5,172.0,-90.69111205742792
123.25,172.0,-91.45410974753581
124.0,172.0,-91.61111111111109
124.75,172.0,-91.63369169360472
125.5,172.0,-91.6335831132508
126.25,172.0,-91.55345663485699
127.0,172.0,-91.39639329198255
127.75,172.0,-91.44674966711017
128.5,172.0,-91.57795978924155
129.25,172.0,-91.77315063585885
130.0,172.0,-91.89912280701755
130.75,172.0,-91.2346640701071
131.5,172.0,
132.25,172.0,
133.0,172.0,
133.75,172.0,
134.5,172.0,
135.25,172.0,
136.0,172.0,
136.75,172.0,
137.5,172.0,
138.25,172.0,
139.0,172.0,
139.75,172.0,
140.5,172.0,
141.25,172.0,
142.0,172.0,
142.75,172.0,
143.5,172.0,
144.25,172.0,
145.0,172.0,
145.75,172.0,
146.5,172.0,
147.25,172.0,
148.0,172.0,
148.75,172.0,
149.5,172.0,
150.25,172.0,
151.0,172.0,
151.75,172.0,
152.5,172.0,
153.25,172.0,
154.0,172.0,
154.75,172.0,
155.5,172.0,
156.25,172.0,
157.0,172.0,
157.75,172.0,
158.5,172.0,
159.25,172.0,
160.0,172.0,
160.75,172.0,
161.5,172.0,
162.25,172.0,
163.0,172.0,
163.75,172.0,
164.5,172.0,
165.25,172.0,
166.0,172.0,
166.75,172.0,
167.5,172.0,
168.25,172.0,
169.0,172.0,
169.75,172.0,
170.5,172.0,
171.25,172.0,
172.0,172.0,
172.75,172.0,
173.5,172.0,
174.25,172.0,
175.0,172.0,
175.75,172.0,
176.5,172.0,
177.25,172.0,
178.0,172.0,
178.75,172.0,
179.5,172.0,
180.25,172.0,
181.0,172.0,
181.75,172.0,
182.5,172.0,
183.25,172.0,
184.0,172.0,
184.75,172.0,
185.5,172.0,
186.25,172.0,
187.0,172.0,
187.75,172.0,
188.5,172.0,
189.25,172.0,
190.0,172.0,
190.75,172.0,
191.5,172.0,
192.25,172.0,
193.0,172.0,
193.75,172.0,
194.5,172.0,
195.25,172.0,
196.0,172.0,
196.75,172.0,
197.5,172.0,
198.25,172.0,
199.0,172.0,
199.75,172.0,
200.5,172.0,
201.25,172.0,
202.0,172.0,
202.75,172.0,
203.5,172.0,
204.25,172.0,
205.0,172.0,
205.75,172.0,
206.5,172.0,
207.25,172.0,
208.0,172.0,
208.75,172.0,
209.5,172.0,
210.25,172.0,
211.0,172.0,
211.75,172.0,
212.5,172.0,
213.25,172.0,
214.0,172.0,
214.75,172.0,
215.5,172.0,
216.25,172.0,
217.0,172.0,
217.75,172.0,
218.5,172.0,
219.25,172.0,
31.0,172.75,
31.75,172.75,
32.5,172.75,
33.25,172.75,
34.0,172.75,
34.75,172.75,
35.5,172.75,
36.25,172.75,
37.0,172.75,
37.75,172.75,
38.5,172.75,
39.25,172.75,
40.0,172.75,
40.75,172.75,
41.5,172.75,
42.25,172.75,
43.0,172.75,
43.75,172.75,
44.5,172.75,
45.25,172.75,
46.0,172.75,
46.75,172.75,
47.5,172.75,
48.25,172.75,
49.0,172.75,
49.75,172.75,
50.5,172.75,
51.25,172.75,
52.0,172.75,
52.75,172.75,
53.5,172.75,
54.25,172.75,
55.0,172.75,
55.75,172.75,
56.5,172.75,
57.25,172.75,
58.0,172.75,
58.75,172.75,
59.5,172.75,
60.25,172.75,
61.0,172.75,
61.75,172.75,
62.5,172.75,
63.25,172.75,
64.0,172.75,
64.75,172.75,
65.5,172.75,
66.25,172.75,
67.0,172.75,
67.75,172.75,
68.5,172.75,
69.25,172.75,
70.0,172.75,
70.75,172.75,
71.5,172.75,
72.25,172.75,
73.0,172.75,
73.75,172.75,
74.5,172.75,
75.25,172.75,
76.0,172.75,-89.7913486005089
76.75,172.75,-88.96969696969697
77.5,172.75,-87.77543859649123
78.25,172.75,-86.26356589147288
79.0,172.75,-84.65863453815261
79.75,172.75,-83.28682170542635
80.5,172.75,-82.3859649122807
81.25,172.75,
82.0,172.75,-80.35531135531136
82.75,172.75,-80.55555555555556
83.5,172.75,-80.84976525821597
84.25,172.75,-81.19047619047618
85.0,172.75,-81.72252888646176
85.75,172.75,-81.89151399081402
86.5,172.75,-81.6965539732237
87.25,172.75,-81.7974921630094
88.0,172.75,-81.69921215750628
88.75,172.75,-81.51683540546779
89.5,172.75,-81.23686375222584
90.25,172.75,-80.98414630243573
91.0,172.75,-82.30239435238988
91.75,172.75,-84.48937440513046
92.5,172.75,-85.60416062068387
93.25,172.75,-88.40261994481203
94.0,172.75,-88.73710036947723
94.75,172.75,-89.77385773484382
95.5,172.75,-89.99862670328646
96.25,172.75,-91.18720053866615
97.0,172.75,-89.67723511457314
97.75,172.75,-87.27071162371263
98.5,172.75,-83.49226364180915
99.25,172.75,-81.43466210465509
100.0,172.75,-79.8063232470039
100.75,172.75,-79.0891981104536
101.5,172.75,-78.3327384524697
102.25,172.75,-77.57767554764403
103.0,172.75,-74.07149620144729
103.75,172.75,-77.59363953265071
104.5,172.75,-78.16894720780155
105.25,172.75,-79.35861080887472
106.0,172.75,-83.22992985190959
106.75,172.75,-78.26530612244898
107.5,172.75,-79.13308687615528
108.25,172.75,
109.0,172.75,
109.75,172.75,
110.5,172.75,
111.25,172.75,
112.0,172.75,-66.95404984423676
112.75,172.75,-69.46125022847743
113.5,172.75,-70.88552393476036
114.25,172.75,-70.47003294533457
115.0,172.75,-70.70492872296143
115.75,172.75,-71.79846909645224
116.5,172.75,-73.07329488801467
117.25,172.75,-74.06358589105571
118.0,172.75,-74.59616519264887
118.75,172.75,-74.2305431670886
119.5,172.75,-74.61629967187301
120.25,172.75,-77.52461897398081
121.0,172.75,-81.29606390229618
121.75,172.75,-84.04282355167862
122.5,172.75,-88.51376689837558
123.25,172.75,-91.09577111196666
124.0,172.75,-91.86754178612024
124.75,172.75,-92.84217456884063
125.5,172.75,-92.65875546481227
126.25,172.75,-92.06977670461949
127.0,172.75,-91.77253146869086
127.75,172.75,-91.68109670365264
128.5,172.75,-91.71292490999126
129.25,172.75,-91.85172099835718
130.0,172.75,-91.27875989177534
130.75,172.75,-91.68159203980098
131.5,172.75,
132.25,172.75,
133.0,172.75,
133.75,172.75,
134.5,172.75,
135.25,172.75,
136.0,172.75,
136.75,172.75,
137.5,172.75,
138.25,172.75,
139.0,172.75,
139.75,172.75,
140.5,172.75,
141.25,172.75,
142.0,172.75,
142.75,172.75,
143.5,172.75,
144.25,172.75,
145.0,172.75,
145.75,172.75,
146.5,172.75,
147.25,172.75,
148.0,172.75,
148.75,172.75,
149.5,172.75,
150.25,172.75,
151.0,172.75,
151.75,172.75,
152.5,172.75,
153.25,172.75,
154.0,172.75,
154.75,172.75,
155.5,172.75,
156.25,172.75,
157.0,172.75,
157.75,172.75,
158.5,172.75,
159.25,172.75,
160.0,172.75,
160.75,172.75,
161.5,172.75,
162.25,172.75,
163.0,172.75,
163.75,172.75,
164.5,172.75,
165.25,172.75,
166.0,172.75,
166.75,172.75,
167.5,172.75,
168.25,172.75,
169.0,172.75,
169.75,172.75,
170.5,172.75,
171.25,172.75,
172.0,172.75,
172.75,172.75,
173.5,172.75,
174.25,172.75,
175.0,172.75,
175.75,172.75,
176.5,172.75,
177.25,172.75,
178.0,172.75,
178.75,172.75,
179.5,172.75,
180.25,172.75,
181.0,172.75,
181.75,172.75,
182.5,172.75,
183.25,172.75,
184.0,172.75,
184.75,172.75,
185.5,172.75,
186.25,172.75,
187.0,172.75,
187.75,172.75,
188.5,172.75,
189.25,172.75,
190.0,172.75,
190.75,172.75,
191.5,172.75,
192.25,172.75,
193.0,172.75,
193.75,172.75,
194.5,172.75,
195.25,172.75,
196.0,172.75,
196.75,172.75,
197.5,172.75,
198.25,172.75,
199.0,172.75,
199.75,172.75,
200.5,172.75,
201.25,172.75,
202.0,172.75,
202.75,172.75,
203.5,172.75,
204.25,172.75,
205.0,172.75,
205.75,172.75,
206.5,172.75,
207.25,172.75,
208.0,172.75,
208.75,172.75,
209.5,172.75,
210.25,172.75,
211.0,172.75,
211.75,172.75,
212.5,172.75,
213.25,172.75,
214.0,172.75,
214.75,172.75,
215.5,172.75,
216.25,172.75,
217.0,172.75,
217.75,172.75,
218.5,172.75,
219.25,172.75,
31.0,173.5,
31.75,173.5,
32.5,173.5,
33.25,173.5,
34.0,173.5,
34.75,173.5,
35.5,173.5,
36.25,173.5,
37.0,173.5,
37.75,173.5,
38.5,173.5,
39.25,173.5,
40.0,173.5,
40.75,173.5,
41.5,173.5,
42.25,173.5,
43.0,173.5,
43.75,173.5,
44.5,173.5,
45.25,173.5,
46.0,173.5,
46.75,173.5,
47.5,173.5,
48.25,173.5,
49.0,173.5,
49.75,173.5,
50.5,173.5,
51.25,173.5,
52.0,173.5,
52.75,173.5,
53.5,173.5,
54.25,173.5,
55.0,173.5,
55.75,173.5,
56.5,173.5,
57.25,173.5,
58.0,173.5,
58.75,173.5,
59.5,173.5,
60.25,173.5,
61.0,173.5,
61.75,173.5,
62.5,173.5,
63.25,173.5,
64.0,173.5,
64.75,173.5,
65.5,173.5,
66.25,173.5,
67.0,173.5,
67.75,173.5,
68.5,173.5,
69.25,173.5,
70.0,173.5,
70.75,173.5,
71.5,173.5,
72.25,173.5,
73.0,173.5,
73.75,173.5,
74.5,173.5,
75.25,173.5,-92.33545264007155
76.0,173.5,-91.92730625888501
76.75,173.5,-91.59688525034565
77.5,173.5,-90.51826753093695
78.25,173.5,-88.88203479725209
79.0,173.5,-86.7463818164694
79.75,173.5,-83.65541516157732
80.5,173.5,-82.2982689747004
81.25,173.5,-81.87202556931683
82.0,173.5,-80.18840579710145
82.75,173.5,-80.35864978902953
83.5,173.5,-80.62962962962963
84.25,173.5,-80.962441314554
85.0,173.5,-81.28070175438594
85.75,173.5,-81.76015649686776
86.5,173.5,-81.8929503916449
87.25,173.5,-81.68028425741609
88.0,173.5,-81.59077390368917
88.75,173.5,-81.44526716445849
89.5,173.5,-81.25531914893617
90.25,173.5,-81.04580962709602
91.0,173.5,-80.8470821553652
91.75,173.5,-85.3856984545828
92.5,173.5,-87.28510273972603
93.25,173.5,-89.66825941101469
94.0,173.5,-88.38317104323868
94.75,173.5,-89.09693404208079
95.5,173.5,-90.86792120998946
96.25,173.5,-90.53517187399018
97.0,173.5,-89.61646694493065
97.75,173.5,-86.93916515665119
98.5,173.5,-85.05167738047408
99.25,173.5,-81.65650542646225
100.0,173.5,-80.52304756992243
100.75,173.5,-79.66712941411186
101.5,173.5,-78.91317963235863
102.25,173.5,-78.23216126956255
103.0,173.5,-74.28429469597873
103.75,173.5,-74.02056159402419
104.5,173.5,-72.86363636363636
105.25,173.5,
106.0,173.5,
106.75,173.5,
107.5,173.5,
108.25,173.5,
109.0,173.5,
109.75,173.5,
110.5,173.5,
111.25,173.5,
112.0,173.5,-67.13172043010753
112.75,173.5,-67.0640350877193
113.5,173.5,-71.7094636349112
114.25,173.5,-72.00763739430482
115.0,173.5,-72.40583171635699
115.75,173.5,-73.23593746804391
116.5,173.5,-74.27269799963199
117.25,173.5,-75.3165066037352
118.0,173.5,-75.83132869241788
118.75,173.5,-75.1476261558309
119.5,173.5,-76.26240522244943
120.25,173.5,-78.86095464324936
121.0,173.5,-81.83250509113942
121.75,173.5,-83.45021653495421
122.5,173.5,-86.58467967439259
123.25,173.5,-89.2575907662818
124.0,173.5,-91.8068809207573
124.75,173.5,-92.64486019241936
125.5,173.5,-92.53666914922391
126.25,173.5,-91.98728106019968
127.0,173.5,-92.00030533473372
127.75,173.5,-91.86963651222692
128.5,173.5,-91.91971460238294
129.25,173.5,-91.36974715587212
130.0,173.5,-91.34413691265003
130.75,173.5,-91.75757575757576
131.5,173.5,
132.25,173.5,
133.0,173.5,
133.75,173.5,
134.5,173.5,
135.25,173.5,
136.0,173.5,
136.75,173.5,
137.5,173.5,
138.25,173.5,
139.0,173.5,
139.75,173.5,
140.5,173.5,
141.25,173.5,
142.0,173.5,
142.75,173.5,
143.5,173.5,
144.25,173.5,
145.0,173.5,
145.75,173.5,
146.5,173.5,
147.25,173.5,
148.0,173.5,
148.75,173.5,
149.5,173.5,
150.25,173.5,
151.0,173.5,
151.75,173.5,
152.5,173.5,
153.25,173.5,
154.0,173.5,
154.75,173.5,
155.5,173.5,
156.25,173.5,
157.0,173.5,
157.75,173.5,
158.5,173.5,
159.25,173.5,
160.0,173.5,
160.75,173.5,
161.5,173.5,
162.25,173.5,
163.0,173.5,
163.75,173.5,
164.5,173.5,
165.25,173.5,
166.0,173.5,
166.75,173.5,
167.5,173.5,
168.25,173.5,
169.0,173.5,
169.75,173.5,
170.5,173.5,
171.25,173.5,
172.0,173.5,
172.75,173.5,
173.5,173.5,
174.25,173.5,
175.0,173.5,
175.75,173.5,
176.5,173.5,
177.25,173.5,
178.0,173.5,
178.75,173.5,
179.5,173.5,
180.25,173.5,
181.0,173.5,
181.75,173.5,
182.5,173.5,
183.25,173.5,
184.0,173.5,
184.75,173.5,
185.5,173.5,
186.25,173.5,
187.0,173.5,
187.75,173.5,
188.5,173.5,
189.25,173.5,
190.0,173.5,
190.75,173.5,
191.5,173.5,
192.25,173.5,
193.0,173.5,
193.75,173.5,
194.5,173.5,
195.25,173.5,
196.0,173.5,
196.75,173.5,
197.5,173.5,
198.25,173.5,
199.0,173.5,
199.75,173.5,
200.5,173.5,
201.25,173.5,
202.0,173.5,
202.75,173.5,
203.5,173.5,
204.25,173.5,
205.0,173.5,
205.75,173.5,
206.5,173.5,
207.25,173.5,
208.0,173.5,
208.75,173.5,
209.5,173.5,
210.25,173.5,
211.0,173.5,
211.75,173.5,
212.5,173.5,
213.25,173.5,
214.0,173.5,
214.75,173.5,
215.5,173.5,
216.25,173.5,
217.0,173.5,
217.75,173.5,
218.5,173.5,
219.25,173.5,
31.0,174.25,
31.75,174.25,
32.5,174.25,
33.25,174.25,
34.0,174.25,
34.75,174.25,
35.5,174.25,
36.25,174.25,
37.0,174.25,
37.75,174.25,
38.5,174.25,
39.25,174.25,
40.0,174.25,
40.75,174.25,
41.5,174.25,
42.25,174.25,
43.0,174.25,
43.75,174.25,
44.5,174.25,
45.25,174.25,
46.0,174.25,
46.75,174.25,
47.5,174.25,
48.25,174.25,
49.0,174.25,
49.75,174.25,
50.5,174.25,
51.25,174.25,
52.0,174.25,
52.75,174.25,
53.5,174.25,
54.25,174.25,
55.0,174.25,
55.75,174.25,
56.5,174.25,
57.25,174.25,
58.0,174.25,
58.75,174.25,
59.5,174.25,
60.25,174.25,
61.0,174.25,
61.75,174.25,
62.5,174.25,
63.25,174.25,
64.0,174.25,
64.75,174.25,
65.5,174.25,
66.25,174.25,
67.0,174.25,
67.75,174.25,
68.5,174.25,
69.25,174.25,
70.0,174.25,
70.75,174.25,
71.5,174.25,
72.25,174.25,
73.0,174.25,
73.75,174.25,-96.0
74.5,174.25,-96.00000000000001
75.25,174.25,-93.07863991198198
76.0,174.25,-93.00352833902788
76.75,174.25,-92.48820008780496
77.5,174.25,-91.41886245283607
78.25,174.25,-89.52244342275587
79.0,174.25,-86.7244936012134
79.75,174.25,-83.57890383456453
80.5,174.25,-81.35632706458303
81.25,174.25,-80.67523980183408
82.0,174.25,-81.35680862775475
82.75,174.25,-80.22480620155038
83.5,174.25,-80.45991561181435
84.25,174.25,-80.76068376068375
85.0,174.25,-81.06425702811245
85.75,174.25,-81.31205673758865
86.5,174.25,-81.77132373567926
87.25,174.25,-82.25757575757574
88.0,174.25,-82.28816199376948
88.75,174.25,-81.38389025485623
89.5,174.25,-81.23849675091193
90.25,174.25,-81.0796752601539
91.0,174.25,-80.9258589367032
91.75,174.25,-80.79261586802828
92.5,174.25,-88.78431726038285
93.25,174.25,-89.82441161910933
94.0,174.25,-90.42220189926888
94.75,174.25,-90.36099439448245
95.5,174.25,-90.16770682700358
96.25,174.25,-89.73831699467571
97.0,174.25,-88.96962914677768
97.75,174.25,-87.87260053531259
98.5,174.25,-84.56953155278106
99.25,174.25,-83.46294804671767
100.0,174.25,-82.6722611220669
100.75,174.25,-80.10153988311298
101.5,174.25,-79.3820972871219
102.25,174.25,-74.67497130797138
103.0,174.25,-74.41702347320148
103.75,174.25,-74.19804627119073
104.5,174.25,
105.25,174.25,
106.0,174.25,
106.75,174.25,
107.5,174.25,
108.25,174.25,
109.0,174.25,
109.75,174.25,
110.5,174.25,
111.25,174.25,
112.0,174.25,-67.30668934240363
112.75,174.25,-67.29519774011301
113.5,174.25,-71.20121343529622
114.25,174.25,-73.15799621328618
115.0,174.25,-73.64036276484931
115.75,174.25,-74.41843441576655
116.5,174.25,-75.63404634770292
117.25,174.25,-77.02340018174077
118.0,174.25,-78.53574504002457
118.75,174.25,-80.01012424290752
119.5,174.25,-80.48871834533502
120.25,174.25,-81.28457195709677
121.0,174.25,-82.93264741957304
121.75,174.25,-83.3736371159328
122.5,174.25,-85.49683990159052
123.25,174.25,-87.59227200054197
124.0,174.25,-91.04860907624581
124.75,174.25,-91.77638730243538
125.5,174.25,-91.95915236395011
126.25,174.25,-91.75876135158406
127.0,174.25,-92.08933766461897
127.75,174.25,-91.97780741903402
128.5,174.25,-91.5196593540676
129.25,174.25,-91.44683681103999
130.0,174.25,-91.40359925996525
130.75,174.25,-91.83122362869197
131.5,174.25,
132.25,174.25,
133.0,174.25,
133.75,174.25,
134.5,174.25,
135.25,174.25,
136.0,174.25,
136.75,174.25,
137.5,174.25,
138.25,174.25,
139.0,174.25,
139.75,174.25,
140.5,174.25,
141.25,174.25,
142.0,174.25,
142.75,174.25,
143.5,174.25,
144.25,174.25,
145.0,174.25,
145.75,174.25,
146.5,174.25,
147.25,174.25,
148.0,174.25,
148.75,174.25,
149.5,174.25,
150.25,174.25,
151.0,174.25,
151.75,174.25,
152.5,174.25,
153.25,174.25,
154.0,174.25,
154.75,174.25,
155.5,174.25,
156.25,174.25,
157.0,174.25,
157.75,174.25,
158.5,174.25,
159.25,174.25,
160.0,174.25,
160.75,174.25,
161.5,174.25,
162.25,174.25,
163.0,174.25,
163.75,174.25,
164.5,174.25,
165.25,174.25,
166.0,174.25,
166.75,174.25,
167.5,174.25,
168.25,174.25,
169.0,174.25,
169.75,174.25,
170.5,174.25,
171.25,174.25,
172.0,174.25,
172.75,174.25,
173.5,174.25,
174.25,174.25,
175.0,174.25,
175.75,174.25,
176.5,174.25,
177.25,174.25,
178.0,174.25,
178.75,174.25,
179.5,174.25,
180.25,174.25,
181.0,174.25,
181.75,174.25,
182.5,174.25,
183.25,174.25,
184.0,174.25,
184.75,174.25,
185.5,174.25,
186.25,174.25,
187.0,174.25,
187.75,174.25,
188.5,174.25,
189.25,174.25,
190.0,174.25,
190.75,174.25,
191.5,174.25,
192.25,174.25,
193.0,174.25,
193.75,174.25,
194.5,174.25,
195.25,174.25,
196.0,174.25,
196.75,174.25,
197.5,174.25,
198.25,174.25,
199.0,174.25,
199.75,174.25,
200.5,174.25,
201.25,174.25,
202.0,174.25,
202.75,174.25,
203.5,174.25,
204.25,174.25,
205.0,174.25,
205.75,174.25,
206.5,174.25,
207.25,174.25,
208.0,174.25,
208.75,174.25,
209.5,174.25,
210.25,174.25,
211.0,174.25,
211.75,174.25,
212.5,174.25,
213.25,174.25,
214.0,174.25,
214.75,174.25,
215.5,174.25,
216.25,174.25,
217.0,174.25,
217.75,174.25,
218.5,174.25,
219.25,174.25,
31.0,175.0,
31.75,175.0,
32.5,175.0,
33.25,175.0,
34.0,175.0,
34.75,175.0,
35.5,175.0,
36.25,175.0,
37.0,175.0,
37.75,175.0,
38.5,175.0,
39.25,175.0,
40.0,175.0,
40.75,175.0,
41.5,175.0,
42.25,175.0,
43.0,175.0,
43.75,175.0,
44.5,175.0,
45.25,175.0,
46.0,175.0,
46.75,175.0,
47.5,175.0,
48.25,175.0,
49.0,175.0,
49.75,175.0,
50.5,175.0,
51.25,175.0,
52.0,175.0,
52.75,175.0,
53.5,175.0,
54.25,175.0,
55.0,175.0,
55.75,175.0,
56.5,175.0,
57.25,175.0,
58.0,175.0,
58.75,175.0,
59.5,175.0,
60.25,175.0,
61.0,175.0,
61.75,175.0,
62.5,175.0,
63.25,175.0,
64.0,175.0,
64.75,175.0,
65.5,175.0,
66.25,175.0,
67.0,175.0,
67.75,175.0,
68.5,175.0,
69.25,175.0,
70.0,175.0,
70.75,175.0,
71.5,175.0,
72.25,175.0,
73.0,175.0,-95.99999999999999
73.75,175.0,-96.0
74.5,175.0,-96.0
75.25,175.0,-93.8628034451562
76.0,175.0,-93.87500000000001
76.75,175.0,-93.61516223349076
77.5,175.0,-92.73241864506545
78.25,175.0,-90.79074181583347
79.0,175.0,-87.53846153846153
79.75,175.0,-83.5066891307888
80.5,175.0,-80.5583478879617
81.25,175.0,-80.11534592821575
82.0,175.0,-81.03465982028241
82.75,175.0,-81.34757489141184
83.5,175.0,-80.3623188405797
84.25,175.0,-80.6190476190476
85.0,175.0,-80.88888888888887
85.75,175.0,-81.1246105919003
86.5,175.0,-81.30107526881721
87.25,175.0,
88.0,175.0,
88.75,175.0,
89.5,175.0,
90.25,175.0,
91.0,175.0,
91.75,175.0,
92.5,175.0,
93.25,175.0,
94.0,175.0,
94.75,175.0,-89.16723356009071
95.5,175.0,-88.95430107526882
96.25,175.0,-88.53816199376946
97.0,175.0,-87.88888888888889
97.75,175.0,-87.0503663003663
98.5,175.0,-86.15579710144928
99.25,175.0,-85.36952861952861
100.0,175.0,-84.79761904761904
100.75,175.0,-84.45483460559797
101.5,175.0,
102.25,175.0,
103.0,175.0,
103.75,175.0,
104.5,175.0,
105.25,175.0,
106.0,175.0,
106.75,175.0,
107.5,175.0,
108.25,175.0,
109.0,175.0,
109.75,175.0,
110.5,175.0,
111.25,175.0,
112.0,175.0,
112.75,175.0,-67.48356009070295
113.5,175.0,-72.13624192277022
114.25,175.0,-72.64380977502621
115.0,175.0,-73.63414634146342
115.75,175.0,-75.547267409761
116.5,175.0,-76.79159669589176
117.25,175.0,-78.39652738925557
118.0,175.0,-80.54111783552864
118.75,175.0,-82.76996250561126
119.5,175.0,-82.47834827016668
120.25,175.0,-82.86192512721658
121.0,175.0,-83.49999999999926
121.75,175.0,-83.86233052211749
122.5,175.0,-85.24337622853484
123.25,175.0,-88.36308493088596
124.0,175.0,-89.79509415262636
124.75,175.0,-91.10169733900726
125.5,175.0,-91.35345643342944
126.25,175.0,-91.35100274607062
127.0,175.0,-91.97916666666669
127.75,175.0,-91.68953927060707
128.5,175.0,-91.57785535178719
129.25,175.0,-91.50174440567987
130.0,175.0,-91.92592592592592
130.75,175.0,
131.5,175.0,
132.25,175.0,
133.0,175.0,
133.75,175.0,
134.5,175.0,
135.25,175.0,
136.0,175.0,
136.75,175.0,
137.5,175.0,
138.25,175.0,
139.0,175.0,
139.75,175.0,
140.5,175.0,
141.25,175.0,
142.0,175.0,
142.75,175.0,
143.5,175.0,
144.25,175.0,
145.0,175.0,
145.75,175.0,
146.5,175.0,
147.25,175.0,
148.0,175.0,
148.75,175.0,
149.5,175.0,
150.25,175.0,
151.0,175.0,
151.75,175.0,
152.5,175.0,
153.25,175.0,
154.0,175.0,
154.75,175.0,
155.5,175.0,
156.25,175.0,
157.0,175.0,
157.75,175.0,
158.5,175.0,
159.25,175.0,
160.0,175.0,
160.75,175.0,
161.5,175.0,
162.25,175.0,
163.0,175.0,
163.75,175.0,
164.5,175.0,
165.25,175.0,
166.0,175.0,
166.75,175.0,
167.5,175.0,
168.25,175.0,
169.0,175.0,
169.75,175.0,
170.5,175.0,
171.25,175.0,
172.0,175.0,
172.75,175.0,
173.5,175.0,
174.25,175.0,
175.0,175.0,
175.75,175.0,
176.5,175.0,
177.25,175.0,
178.0,175.0,
178.75,175.0,
179.5,175.0,
180.25,175.0,
181.0,175.0,
181.75,175.0,
182.5,175.0,
183.25,175.0,
184.0,175.0,
184.75,175.0,
185.5,175.0,
186.25,175.0,
187.0,175.0,
187.75,175.0,
188.5,175.0,
189.25,175.0,
190.0,175.0,
190.75,175.0,
191.5,175.0,
192.25,175.0,
193.0,175.0,
193.75,175.0,
194.5,175.0,
195.25,175.0,
196.0,175.0,
196.75,175.0,
197.5,175.0,
198.25,175.0,
199.0,175.0,
199.75,175.0,
200.5,175.0,
201.25,175.0,
202.0,175.0,
202.75,175.0,
203.5,175.0,
204.25,175.0,
205.0,175.0,
205.75,175.0,
206.5,175.0,
207.25,175.0,
208.0,175.0,
208.75,175.0,
209.5,175.0,
210.25,175.0,
211.0,175.0,
211.75,175.0,
212.5,175.0,
213.25,175.0,
214.0,175.0,
214.75,175.0,
215.5,175.0,
216.25,175.0,
217.0,175.0,
217.75,175.0,
218.5,175.0,
219.25,175.0,
31.0,175.75,
31.75,175.75,
32.5,175.75,
33.25,175.75,
34.0,175.75,
34.75,175.75,
35.5,175.75,
36.25,175.75,
37.0,175.75,
37.75,175.75,
38.5,175.75,
39.25,175.75,
40.0,175.75,
40.75,175.75,
41.5,175.75,
42.25,175.75,
43.0,175.75,
43.75,175.75,
44.5,175.75,
45.25,175.75,
46.0,175.75,
46.75,175.75,
47.5,175.75,
48.25,175.75,
49.0,175.75,
49.75,175.75,
50.5,175.75,
51.25,175.75,
52.0,175.75,
52.75,175.75,
53.5,175.75,
54.25,175.75,
55.0,175.75,
55.75,175.75,
56.5,175.75,
57.25,175.75,
58.0,175.75,
58.75,175.75,
59.5,175.75,
60.25,175.75,
61.0,175.75,
61.75,175.75,
62.5,175.75,
63.25,175.75,
64.0,175.75,
64.75,175.75,
65.5,175.75,
66.25,175.75,
67.0,175.75,
67.75,175.75,
68.5,175.75,
69.25,175.75,
70.0,175.75,
70.75,175.75,
71.5,175.75,
72.25,175.75,-96.00000000000001
73.0,175.75,-96.0
73.75,175.75,-96.0
74.5,175.75,-95.70487170147497
75.25,175.75,-94.45245225946293
76.0,175.75,-94.71570745960298
76.75,175.75,-94.80673583894888
77.5,175.75,-94.24457662701192
78.25,175.75,-92.50817256907766
79.0,175.75,-89.42661353720243
79.75,175.75,-85.37011827717026
80.5,175.75,-82.07180103474967
81.25,175.75,-81.29736080762704
82.0,175.75,-82.33578488050594
82.75,175.75,-82.98426407084827
83.5,175.75,-82.46100382726172
84.25,175.75,-80.53939393939395
85.0,175.75,-80.76811594202898
85.75,175.75,-80.97883597883599
86.5,175.75,-81.14918414918415
87.25,175.75,
88.0,175.75,
88.75,175.75,
89.5,175.75,
90.25,175.75,
91.0,175.75,
91.75,175.75,
92.5,175.75,
93.25,175.75,
94.0,175.75,
94.75,175.75,
95.5,175.75,-88.46907756813418
96.25,175.75,-88.09741784037558
97.0,175.75,-87.58460559796437
97.75,175.75,-86.96693121693121
98.5,175.75,-86.31955380577428
99.25,175.75,-85.73009950248755
100.0,175.75,-85.26247165532881
100.75,175.75,
101.5,175.75,
102.25,175.75,
103.0,175.75,
103.75,175.75,
104.5,175.75,
105.25,175.75,
106.0,175.75,
106.75,175.75,
107.5,175.75,
108.25,175.75,
109.0,175.75,
109.75,175.75,
110.5,175.75,
111.25,175.75,
112.0,175.75,
112.75,175.75,
113.5,175.75,-72.59635679173216
114.25,175.75,-73.45715962441314
115.0,175.75,-74.27267539101155
115.75,175.75,-76.31520474705053
116.5,175.75,-77.47066449588817
117.25,175.75,-78.90350239728595
118.0,175.75,-80.54921396388735
118.75,175.75,-82.25531856556368
119.5,175.75,-82.32387132056749
120.25,175.75,-83.04089327352094
121.0,175.75,-83.4431065144197
121.75,175.75,-84.30446822680649
122.5,175.75,-85.62057615060118
123.25,175.75,-87.11138897966502
124.0,175.75,-89.50254542047975
124.75,175.75,-90.81000981932895
125.5,175.75,-91.08534147724224
126.25,175.75,-91.17266945202707
127.0,175.75,-92.20458399431104
127.75,175.75,-92.09760054422651
128.5,175.75,-91.60435643791293
129.25,175.75,-92.03755868544603
130.0,175.75,-91.98440545808967
130.75,175.75,
131.5,175.75,
132.25,175.75,
133.0,175.75,
133.75,175.75,
134.5,175.75,
135.25,175.75,
136.0,175.75,
136.75,175.75,
137.5,175.75,
138.25,175.75,
139.0,175.75,
139.75,175.75,
140.5,175.75,
141.25,175.75,
142.0,175.75,
142.75,175.75,
143.5,175.75,
144.25,175.75,
145.0,175.75,
145.75,175.75,
146.5,175.75,
147.25,175.75,
148.0,175.75,
148.75,175.75,
149.5,175.75,
150.25,175.75,
151.0,175.75,
151.75,175.75,
152.5,175.75,
153.25,175.75,
154.0,175.75,
154.75,175.75,
155.5,175.75,
156.25,175.75,
157.0,175.75,
157.75,175.75,
158.5,175.75,
159.25,175.75,
160.0,175.75,
160.75,175.75,
161.5,175.75,
162.25,175.75,
163.0,175.75,
163.75,175.75,
164.5,175.75,
165.25,175.75,
166.0,175.75,
166.75,175.75,
167.5,175.75,
168.25,175.75,
169.0,175.75,
169.75,175.75,
170.5,175.75,
171.25,175.75,
172.0,175.75,
172.75,175.75,
173.5,175.75,
174.25,175.75,
175.0,175.75,
175.75,175.75,
176.5,175.75,
177.25,175.75,
178.0,175.75,
178.75,175.75,
179.5,175.75,
180.25,175.75,
181.0,175.75,
181.75,175.75,
182.5,175.75,
183.25,175.75,
184.0,175.75,
184.75,175.75,
185.5,175.75,
186.25,175.75,
187.0,175.75,
187.75,175.75,
188.5,175.75,
189.25,175.75,
190.0,175.75,
190.75,175.75,
191.5,175.75,
192.25,175.75,
193.0,175.75,
193.75,175.75,
194.5,175.75,
195.25,175.75,
196.0,175.75,
196.75,175.75,
197.5,175.75,
198.25,175.75,
199.0,175.75,
199.75,175.75,
200.5,175.75,
201.25,175.75,
202.0,175.75,
202.75,175.75,
203.5,175.75,
204.25,175.75,
205.0,175.75,
205.75,175.75,
206.5,175.75,
207.25,175.75,
208.0,175.75,
208.75,175.75,
209.5,175.75,
210.25,175.75,
211.0,175.75,
211.75,175.75,
212.5,175.75,
213.25,175.75,
214.0,175.75,
214.75,175.75,
215.5,175.75,
216.25,175.75,
217.0,175.75,
217.75,175.75,
218.5,175.75,
219.25,175.75,
31.0,176.5,
31.75,176.5,
32.5,176.5,
33.25,176.5,
34.0,176.5,
34.75,176.5,
35.5,176.5,
36.25,176.5,
37.0,176.5,
37.75,176.5,
38.5,176.5,
39.25,176.5,
40.0,176.5,
40.75,176.5,
41.5,176.5,
42.25,176.5,
43.0,176.5,
43.75,176.5,
44.5,176.5,
45.25,176.5,
46.0,176.5,
46.75,176.5,
47.5,176.5,
48.25,176.5,
49.0,176.5,
49.75,176.5,
50.5,176.5,
51.25,176.5,
52.0,176.5,
52.75,176.5,
53.5,176.5,
54.25,176.5,
55.0,176.5,
55.75,176.5,
56.5,176.5,
57.25,176.5,
58.0,176.5,
58.75,176.5,
59.5,176.5,
60.25,176.5,
61.0,176.5,
61.75,176.5,
62.5,176.5,
63.25,176.5,
64.0,176.5,
64.75,176.5,
65.5,176.5,
66.25,176.5,
67.0,176.5,
67.75,176.5,
68.5,176.5,
69.25,176.5,
70.0,176.5,
70.75,176.5,
71.5,176.5,
72.25,176.5,-96.0
73.0,176.5,-96.0
73.75,176.5,-95.67417795343398
74.5,176.5,-95.7221034630184
75.25,176.5,-94.86701376092518
76.0,176.5,-95.30945771310964
76.75,176.5,-95.72412024070324
77.5,176.5,-95.428
78.25,176.5,-93.92750799243926
79.0,176.5,-91.5886075949367
79.75,176.5,-88.63260054161873
80.5,176.5,-85.81850117096018
81.25,176.5,-84.49161021460964
82.0,176.5,-84.63887422000452
82.75,176.5,-84.37232637972008
83.5,176.5,-83.4
84.25,176.5,-83.84718498659517
85.0,176.5,-80.69523809523808
85.75,176.5,-80.87637969094924
86.5,176.5,-81.03174603174602
87.25,176.5,
88.0,176.5,
88.75,176.5,
89.5,176.5,
90.25,176.5,
91.0,176.5,
91.75,176.5,
92.5,176.5,
93.25,176.5,
94.0,176.5,
94.75,176.5,
95.5,176.5,
96.25,176.5,
97.0,176.5,-87.38565891472868
97.75,176.5,-86.91367265469061
98.5,176.5,-86.42460317460316
99.25,176.5,-85.96904761904761
100.0,176.5,
100.75,176.5,
101.5,176.5,
102.25,176.5,
103.0,176.5,
103.75,176.5,
104.5,176.5,
105.25,176.5,
106.0,176.5,
106.75,176.5,
107.5,176.5,
108.25,176.5,
109.0,176.5,
109.75,176.5,
110.5,176.5,
111.25,176.5,
112.0,176.5,
112.75,176.5,
113.5,176.5,-73.99999999999999
114.25,176.5,-74.69599725794019
115.0,176.5,-74.80445515012384
115.75,176.5,-76.96568801447896
116.5,176.5,-78.01197264287896
117.25,176.5,-78.8481298502296
118.0,176.5,-81.40366830792709
118.75,176.5,-81.91420346473754
119.5,176.5,-82.64947118336137
120.25,176.5,-83.4355262326182
121.0,176.5,-84.04083041472641
121.75,176.5,-85.56091781018262
122.5,176.5,-86.90945006120212
123.25,176.5,-88.1105788180119
124.0,176.5,-89.93915643501204
124.75,176.5,-90.31212406437689
125.5,176.5,-91.12641683048224
126.25,176.5,-91.17543351245207
127.0,176.5,-92.35542894773012
127.75,176.5,-92.74325974955211
128.5,176.5,-92.140350877193
129.25,176.5,-92.07619047619046
130.0,176.5,
130.75,176.5,
131.5,176.5,
132.25,176.5,
133.0,176.5,
133.75,176.5,
134.5,176.5,
135.25,176.5,
136.0,176.5,
136.75,176.5,
137.5,176.5,
138.25,176.5,
139.0,176.5,
139.75,176.5,
140.5,176.5,
141.25,176.5,
142.0,176.5,
142.75,176.5,
143.5,176.5,
144.25,176.5,
145.0,176.5,
145.75,176.5,
146.5,176.5,
147.25,176.5,
148.0,176.5,
148.75,176.5,
149.5,176.5,
150.25,176.5,
151.0,176.5,
151.75,176.5,
152.5,176.5,
153.25,176.5,
154.0,176.5,
154.75,176.5,
155.5,176.5,
156.25,176.5,
157.0,176.5,
157.75,176.5,
158.5,176.5,
159.25,176.5,
160.0,176.5,
160.75,176.5,
161.5,176.5,
162.25,176.5,
163.0,176.5,
163.75,176.5,
164.5,176.5,
165.25,176.5,
166.0,176.5,
166.75,176.5,
167.5,176.5,
168.25,176.5,
169.0,176.5,
169.75,176.5,
170.5,176.5,
171.25,176.5,
172.0,176.5,
172.75,176.5,
173.5,176.5,
174.25,176.5,
175.0,176.5,
175.75,176.5,
176.5,176.5,
177.25,176.5,
178.0,176.5,
178.75,176.5,
179.5,176.5,
180.25,176.5,
181.0,176.5,
181.75,176.5,
182.5,176.5,
183.25,176.5,
184.0,176.5,
184.75,176.5,
185.5,176.5,
186.25,176.5,
187.0,176.5,
187.75,176.5,
188.5,176.5,
189.25,176.5,
190.0,176.5,
190.75,176.5,
191.5,176.5,
192.25,176.5,
193.0,176.5,
193.75,176.5,
194.5,176.5,
195.25,176.5,
196.0,176.5,
196.75,176.5,
197.5,176.5,
198.25,176.5,
199.0,176.5,
199.75,176.5,
200.5,176.5,
201.25,176.5,
202.0,176.5,
202.75,176.5,
203.5,176.5,
204.25,176.5,
205.0,176.5,
205.75,176.5,
206.5,176.5,
207.25,176.5,
208.0,176.5,
208.75,176.5,
209.5,176.5,
210.25,176.5,
211.0,176.5,
211.75,176.5,
212.5,176.5,
213.25,176.5,
214.0,176.5,
214.75,176.5,
215.5,176.5,
216.25,176.5,
217.0,176.5,
217.75,176.5,
218.5,176.5,
219.25,176.5,
31.0,177.25,
31.75,177.25,
32.5,177.25,
33.25,177.25,
34.0,177.25,
34.75,177.25,
35.5,177.25,
36.25,177.25,
37.0,177.25,
37.75,177.25,
38.5,177.25,
39.25,177.25,
40.0,177.25,
40.75,177.25,
41.5,177.25,
42.25,177.25,
43.0,177.25,
43.75,177.25,
44.5,177.25,
45.25,177.25,
46.0,177.25,
46.75,177.25,
47.5,177.25,
48.25,177.25,
49.0,177.25,
49.75,177.25,
50.5,177.25,
51.25,177.25,
52.0,177.25,
52.75,177.25,
53.5,177.25,
54.25,177.25,
55.0,177.25,
55.75,177.25,
56.5,177.25,
57.25,177.25,
58.0,177.25,
58.75,177.25,
59.5,177.25,
60.25,177.25,
61.0,177.25,
61.75,177.25,
62.5,177.25,
63.25,177.25,
64.0,177.25,
64.75,177.25,
65.5,177.25,
66.25,177.25,
67.0,177.25,
67.75,177.25,
68.5,177.25,
69.25,177.25,
70.0,177.25,
70.75,177.25,
71.5,177.25,-96.0
72.25,177.25,-96.0
73.0,177.25,-95.99999999999999
73.75,177.25,-95.67373888546526
74.5,177.25,-95.72208422977128
75.25,177.25,-95.78438792572385
76.0,177.25,-95.46449571596571
76.75,177.25,-95.88946378174977
77.5,177.25,-95.65296194425058
78.25,177.25,-94.46709732988803
79.0,177.25,-93.0670466459946
79.75,177.25,-91.45015795015796
80.5,177.25,-89.5214765100671
81.25,177.25,-87.9942084942085
82.0,177.25,-87.32619522991305
82.75,177.25,-86.14447024905903
83.5,177.25,-84.5740072202166
84.25,177.25,-84.72972972972973
85.0,177.25,
85.75,177.25,
86.5,177.25,
87.25,177.25,
88.0,177.25,
88.75,177.25,
89.5,177.25,
90.25,177.25,
91.0,177.25,
91.75,177.25,
92.5,177.25,
93.25,177.25,
94.0,177.25,
94.75,177.25,
95.5,177.25,
96.25,177.25,
97.0,177.25,
97.75,177.25,
98.5,177.25,
99.25,177.25,
100.0,177.25,
100.75,177.25,
101.5,177.25,
102.25,177.25,
103.0,177.25,
103.75,177.25,
104.5,177.25,
105.25,177.25,
106.0,177.25,
106.75,177.25,
107.5,177.25,
108.25,177.25,
109.0,177.25,
109.75,177.25,
110.5,177.25,
111.25,177.25,
112.0,177.25,
112.75,177.25,
113.5,177.25,
114.25,177.25,
115.0,177.25,-79.56122448979592
115.75,177.25,-80.6919946454689
116.5,177.25,-80.92689844950691
117.25,177.25,-81.20436232286747
118.0,177.25,-82.86243112157186
118.75,177.25,-83.18552369752634
119.5,177.25,-83.66368877002544
120.25,177.25,-84.40479607210686
121.0,177.25,-85.94176683351259
121.75,177.25,-87.50579193614024
122.5,177.25,-89.14093400455344
123.25,177.25,-90.9371505157606
124.0,177.25,-91.1090205441555
124.75,177.25,-91.76824693505858
125.5,177.25,-91.67031711030374
126.25,177.25,-91.59489363177296
127.0,177.25,-93.53647416413374
127.75,177.25,-93.5
128.5,177.25,-93.47642436149312
129.25,177.25,
130.0,177.25,
130.75,177.25,
131.5,177.25,
132.25,177.25,
133.0,177.25,
133.75,177.25,
134.5,177.25,
135.25,177.25,
136.0,177.25,
136.75,177.25,
137.5,177.25,
138.25,177.25,
139.0,177.25,
139.75,177.25,
140.5,177.25,
141.25,177.25,
142.0,177.25,
142.75,177.25,
143.5,177.25,
144.25,177.25,
145.0,177.25,
145.75,177.25,
146.5,177.25,
147.25,177.25,
148.0,177.25,
148.75,177.25,
149.5,177.25,
150.25,177.25,
151.0,177.25,
151.75,177.25,
152.5,177.25,
153.25,177.25,
154.0,177.25,
154.75,177.25,
155.5,177.25,
156.25,177.25,
157.0,177.25,
157.75,177.25,
158.5,177.25,
159.25,177.25,
160.0,177.25,
160.75,177.25,
161.5,177.25,
162.25,177.25,
163.0,177.25,
163.75,177.25,
164.5,177.25,
165.25,177.25,
166.0,177.25,
166.75,177.25,
167.5,177.25,
168.25,177.25,
169.0,177.25,
169.75,177.25,
170.5,177.25,
171.25,177.25,
172.0,177.25,
172.75,177.25,
173.5,177.25,
174.25,177.25,
175.0,177.25,
175.75,177.25,
176.5,177.25,
177.25,177.25,
178.0,177.25,
178.75,177.25,
179.5,177.25,
180.25,177.25,
181.0,177.25,
181.75,177.25,
182.5,177.25,
183.25,177.25,
184.0,177.25,
184.75,177.25,
185.5,177.25,
186.25,177.25,
187.0,177.25,
187.75,177.25,
188.5,177.25,
189.25,177.25,
190.0,177.25,
190.75,177.25,
191.5,177.25,
192.25,177.25,
193.0,177.25,
193.75,177.25,
194.5,177.25,
195.25,177.25,
196.0,177.25,
196.75,177.25,
197.5,177.25,
198.25,177.25,
199.0,177.25,
199.75,177.25,
200.5,177.25,
201.25,177.25,
202.0,177.25,
202.75,177.25,
203.5,177.25,
204.25,177.25,
205.0,177.25,
205.75,177.25,
206.5,177.25,
207.25,177.25,
208.0,177.25,
208.75,177.25,
209.5,177.25,
210.25,177.25,
211.0,177.25,
211.75,177.25,
212.5,177.25,
213.25,177.25,
214.0,177.25,
214.75,177.25,
215.5,177.25,
216.25,177.25,
217.0,177.25,
217.75,177.25,
218.5,177.25,
219.25,177.25,
31.0,178.0,
31.75,178.0,
32.5,178.0,
33.25,178.0,
34.0,178.0,
34.75,178.0,
35.5,178.0,
36.25,178.0,
37.0,178.0,
37.75,178.0,
38.5,178.0,
39.25,178.0,
40.0,178.0,
40.75,178.0,
41.5,178.0,
42.25,178.0,
43.0,178.0,
43.75,178.0,
44.5,178.0,
45.25,178.0,
46.0,178.0,
46.75,178.0,
47.5,178.0,
48.25,178.0,
49.0,178.0,
49.75,178.0,
50.5,178.0,
51.25,178.0,
52.0,178.0,
52.75,178.0,
53.5,178.0,
54.25,178.0,
55.0,178.0,
55.75,178.0,
56.5,178.0,
57.25,178.0,
58.0,178.0,
58.75,178.0,
59.5,178.0,
60.25,178.0,
61.0,178.0,
61.75,178.0,
62.5,178.0,
63.25,178.0,
64.0,178.0,
64.75,178.0,
65.5,178.0,
66.25,178.0,
67.0,178.0,
67.75,178.0,
68.5,178.0,
69.25,178.0,
70.0,178.0,
70.75,178.0,
71.5,178.0,-96.0
72.25,178.0,-96.0
73.0,178.0,-95.99999999999999
73.75,178.0,-95.66333030027297
74.5,178.0,-95.70854271356782
75.25,178.0,-95.76234003656309
76.0,178.0,-95.40625000000003
76.75,178.0,-95.55805702490001
77.5,178.0,-95.3
78.25,178.0,-94.48329355608593
79.0,178.0,-93.8125
79.75,178.0,-93.11356628982529
80.5,178.0,-91.86212624584718
81.25,178.0,-90.48881695114773
82.0,178.0,-89.50000000000001
82.75,178.0,-88.98483414047992
83.5,178.0,-85.84931506849315
84.25,178.0,-85.69090909090909
85.0,178.0,
85.75,178.0,
86.5,178.0,
87.25,178.0,
88.0,178.0,
88.75,178.0,
89.5,178.0,
90.25,178.0,
91.0,178.0,
91.75,178.0,
92.5,178.0,
93.25,178.0,
94.0,178.0,
94.75,178.0,
95.5,178.0,
96.25,178.0,
97.0,178.0,
97.75,178.0,
98.5,178.0,
99.25,178.0,
100.0,178.0,
100.75,178.0,
101.5,178.0,
102.25,178.0,
103.0,178.0,
103.75,178.0,
104.5,178.0,
105.25,178.0,
106.0,178.0,
106.75,178.0,
107.5,178.0,
108.25,178.0,
109.0,178.0,
109.75,178.0,
110.5,178.0,
111.25,178.0,
112.0,178.0,
112.75,178.0,
113.5,178.0,
114.25,178.0,
115.0,178.0,
115.75,178.0,-79.8061224489796
116.5,178.0,-80.94397182427603
117.25,178.0,-83.12498162388657
118.0,178.0,-83.45036764705884
118.75,178.0,-83.92581597865451
119.5,178.0,-84.66050267776507
120.25,178.0,-85.82210244721738
121.0,178.0,-87.60386439732143
121.75,178.0,-90.08402134310309
122.5,178.0,-92.46791270527225
123.25,178.0,-92.90423393582286
124.0,178.0,-92.48366935483872
124.75,178.0,-92.49677303693079
125.5,178.0,-92.1174541044159
126.25,178.0,-93.6967213114754
127.0,178.0,-93.6304347826087
127.75,178.0,-93.58017817371937
128.5,178.0,
129.25,178.0,
130.0,178.0,
130.75,178.0,
131.5,178.0,
132.25,178.0,
133.0,178.0,
133.75,178.0,
134.5,178.0,
135.25,178.0,
136.0,178.0,
136.75,178.0,
137.5,178.0,
138.25,178.0,
139.0,178.0,
139.75,178.0,
140.5,178.0,
141.25,178.0,
142.0,178.0,
142.75,178.0,
143.5,178.0,
144.25,178.0,
145.0,178.0,
145.75,178.0,
146.5,178.0,
147.25,178.0,
148.0,178.0,
148.75,178.0,
149.5,178.0,
150.25,178.0,
151.0,178.0,
151.75,178.0,
152.5,178.0,
153.25,178.0,
154.0,178.0,
154.75,178.0,
155.5,178.0,
156.25,178.0,
157.0,178.0,
157.75,178.0,
158.5,178.0,
159.25,178.0,
160.0,178.0,
160.75,178.0,
161.5,178.0,
162.25,178.0,
163.0,178.0,
163.75,178.0,
164.5,178.0,
165.25,178.0,
166.0,178.0,
166.75,178.0,
167.5,178.0,
168.25,178.0,
169.0,178.0,
169.75,178.0,
170.5,178.0,
171.25,178.0,
172.0,178.0,
172.75,178.0,
173.5,178.0,
174.25,178.0,
175.0,178.0,
175.75,178.0,
176.5,178.0,
177.25,178.0,
178.0,178.0,
178.75,178.0,
179.5,178.0,
180.25,178.0,
181.0,178.0,
181.75,178.0,
182.5,178.0,
183.25,178.0,
184.0,178.0,
184.75,178.0,
185.5,178.0,
186.25,178.0,
187.0,178.0,
187.75,178.0,
188.5,178.0,
189.25,178.0,
190.0,178.0,
190.75,178.0,
191.5,178.0,
192.25,178.0,
193.0,178.0,
193.75,178.0,
194.5,178.0,
195.25,178.0,
196.0,178.0,
196.75,178.0,
197.5,178.0,
198.25,178.0,
199.0,178.0,
199.75,178.0,
200.5,178.0,
201.25,178.0,
202.0,178.0,
202.75,178.0,
203.5,178.0,
204.25,178.0,
205.0,178.0,
205.75,178.0,
206.5,178.0,
207.25,178.0,
208.0,178.0,
208.75,178.0,
209.5,178.0,
210.25,178.0,
211.0,178.0,
211.75,178.0,
212.5,178.0,
213.25,178.0,
214.0,178.0,
214.75,178.0,
215.5,178.0,
216.25,178.0,
217.0,178.0,
217.75,178.0,
218.5,178.0,
219.25,178.0,
31.0,178.75,
31.75,178.75,
32.5,178.75,
33.25,178.75,
34.0,178.75,
34.75,178.75,
35.5,178.75,
36.25,178.75,
37.0,178.75,
37.75,178.75,
38.5,178.75,
39.25,178.75,
40.0,178.75,
40.75,178.75,
41.5,178.75,
42.25,178.75,
43.0,178.75,
43.75,178.75,
44.5,178.75,
45.25,178.75,
46.0,178.75,
46.75,178.75,
47.5,178.75,
48.25,178.75,
49.0,178.75,
49.75,178.75,
50.5,178.75,
51.25,178.75,
52.0,178.75,
52.75,178.75,
53.5,178.75,
54.25,178.75,
55.0,178.75,
55.75,178.75,
56.5,178.75,
57.25,178.75,
58.0,178.75,
58.75,178.75,
59.5,178.75,
60.25,178.75,
61.0,178.75,
61.75,178.75,
62.5,178.75,
63.25,178.75,
64.0,178.75,
64.75,178.75,
65.5,178.75,
66.25,178.75,
67.0,178.75,
67.75,178.75,
68.5,178.75,
69.25,178.75,
70.0,178.75,
70.75,178.75,
71.5,178.75,-96.0
72.25,178.75,-96.0
73.0,178.75,-95.99999999999999
73.75,178.75,-95.64460384740788
74.5,178.75,-95.68745262152254
75.25,178.75,-95.74444560342131
76.0,178.75,-95.829934590227
76.75,178.75,-95.89605986951516
77.5,178.75,-95.62919920845872
78.25,178.75,-94.40995437191546
79.0,178.75,-94.00002475370067
79.75,178.75,-93.76421011368092
80.5,178.75,-92.94406615806646
81.25,178.75,-91.8662565324263
82.0,178.75,-90.91445269278601
82.75,178.75,-89.24944023687465
83.5,178.75,-87.0
84.25,178.75,-86.59808612440192
85.0,178.75,
85.75,178.75,
86.5,178.75,
87.25,178.75,
88.0,178.75,
88.75,178.75,
89.5,178.75,
90.25,178.75,
91.0,178.75,
91.75,178.75,
92.5,178.75,
93.25,178.75,
94.0,178.75,
94.75,178.75,
95.5,178.75,
96.25,178.75,
97.0,178.75,
97.75,178.75,
98.5,178.75,
99.25,178.75,
100.0,178.75,
100.75,178.75,
101.5,178.75,
102.25,178.75,
103.0,178.75,
103.75,178.75,
104.5,178.75,
105.25,178.75,
106.0,178.75,
106.75,178.75,
107.5,178.75,
108.25,178.75,
109.0,178.75,
109.75,178.75,
110.5,178.75,
111.25,178.75,
112.0,178.75,
112.75,178.75,
113.5,178.75,
114.25,178.75,
115.0,178.75,
115.75,178.75,
116.5,178.75,-83.18592677345538
117.25,178.75,-85.81825174549327
118.0,178.75,-84.09694652278196
118.75,178.75,-84.73351241569678
119.5,178.75,-85.69744223030553
120.25,178.75,-87.16164350393099
121.0,178.75,-90.36188855589982
121.75,178.75,-92.31970763400108
122.5,178.75,-93.67819597320174
123.25,178.75,-93.88972087287006
124.0,178.75,-93.52199932608023
124.75,178.75,-92.95391304347825
125.5,178.75,-92.45559332070992
126.25,178.75,-93.76519337016575
127.0,178.75,
127.75,178.75,
128.5,178.75,
129.25,178.75,
130.0,178.75,
130.75,178.75,
131.5,178.75,
132.25,178.75,
133.0,178.75,
133.75,178.75,
134.5,178.75,
135.25,178.75,
136.0,178.75,
136.75,178.75,
137.5,178.75,
138.25,178.75,
139.0,178.75,
139.75,178.75,
140.5,178.75,
141.25,178.75,
142.0,178.75,
142.75,178.75,
143.5,178.75,
144.25,178.75,
145.0,178.75,
145.75,178.75,
146.5,178.75,
147.25,178.75,
148.0,178.75,
148.75,178.75,
149.5,178.75,
150.25,178.75,
151.0,178.75,
151.75,178.75,
152.5,178.75,
153.25,178.75,
154.0,178.75,
154.75,178.75,
155.5,178.75,
156.25,178.75,
157.0,178.75,
157.75,178.75,
158.5,178.75,
159.25,178.75,
160.0,178.75,
160.75,178.75,
161.5,178.75,
162.25,178.75,
163.0,178.75,
163.75,178.75,
164.5,178.75,
165.25,178.75,
166.0,178.75,
166.75,178.75,
167.5,178.75,
168.25,178.75,
169.0,178.75,
169.75,178.75,
170.5,178.75,
171.25,178.75,
172.0,178.75,
172.75,178.75,
173.5,178.75,
174.25,178.75,
175.0,178.75,
175.75,178.75,
176.5,178.75,
177.25,178.75,
178.0,178.75,
178.75,178.75,
179.5,178.75,
180.25,178.75,
181.0,178.75,
181.75,178.75,
182.5,178.75,
183.25,178.75,
184.0,178.75,
184.75,178.75,
185.5,178.75,
186.25,178.75,
187.0,178.75,
187.75,178.75,
188.5,178.75,
189.25,178.75,
190.0,178.75,
190.75,178.75,
191.5,178.75,
192.25,178.75,
193.0,178.75,
193.75,178.75,
194.5,178.75,
195.25,178.75,
196.0,178.75,
196.75,178.75,
197.5,178.75,
198.25,178.75,
199.0,178.75,
199.75,178.75,
200.5,178.75,
201.25,178.75,
202.0,178.75,
202.75,178.75,
203.5,178.75,
204.25,178.75,
205.0,178.75,
205.75,178.75,
206.5,178.75,
207.25,178.75,
208.0,178.75,
208.75,178.75,
209.5,178.75,
210.25,178.75,
211.0,178.75,
211.75,178.75,
212.5,178.75,
213.25,178.75,
214.0,178.75,
214.75,178.75,
215.5,178.75,
216.25,178.75,
217.0,178.75,
217.75,178.75,
218.5,178.75,
219.25,178.75,
31.0,179.5,
31.75,179.5,
32.5,179.5,
33.25,179.5,
34.0,179.5,
34.75,179.5,
35.5,179.5,
36.25,179.5,
37.0,179.5,
37.75,179.5,
38.5,179.5,
39.25,179.5,
40.0,179.5,
40.75,179.5,
41.5,179.5,
42.25,179.5,
43.0,179.5,
43.75,179.5,
44.5,179.5,
45.25,179.5,
46.0,179.5,
46.75,179.5,
47.5,179.5,
48.25,179.5,
49.0,179.5,
49.75,179.5,
50.5,179.5,
51.25,179.5,
52.0,179.5,
52.75,179.5,
53.5,179.5,
54.25,179.5,
55.0,179.5,
55.75,179.5,
56.5,179.5,
57.25,179.5,
58.0,179.5,
58.75,179.5,
59.5,179.5,
60.25,179.5,
61.0,179.5,
61.75,179.5,
62.5,179.5,
63.25,179.5,
64.0,179.5,
64.75,179.5,
65.5,179.5,
66.25,179.5,
67.0,179.5,
67.75,179.5,
68.5,179.5,
69.25,179.5,
70.0,179.5,
70.75,179.5,
71.5,179.5,
72.25,179.5,-96.0
73.0,179.5,-96.0
73.75,179.5,-95.61733689105239
74.5,179.5,-95.65480616038236
75.25,179.5,-95.70835564583142
76.0,179.5,-95.79330007127582
76.75,179.5,-95.89385181292695
77.5,179.5,-95.5
78.25,179.5,-94.43981514146616
79.0,179.5,-94.02020775848077
79.75,179.5,-93.8368074750226
80.5,179.5,-93.28827361563518
81.25,179.5,-92.5061628022953
82.0,179.5,-91.7262707572567
82.75,179.5,-90.21454995655738
83.5,179.5,-87.89361702127661
84.25,179.5,-87.35820895522389
85.0,179.5,
85.75,179.5,
86.5,179.5,
87.25,179.5,
88.0,179.5,
88.75,179.5,
89.5,179.5,
90.25,179.5,
91.0,179.5,
91.75,179.5,
92.5,179.5,
93.25,179.5,
94.0,179.5,
94.75,179.5,
95.5,179.5,
96.25,179.5,
97.0,179.5,
97.75,179.5,
98.5,179.5,
99.25,179.5,
100.0,179.5,
100.75,179.5,
101.5,179.5,
102.25,179.5,
103.0,179.5,
103.75,179.5,
104.5,179.5,
105.25,179.5,
106.0,179.5,
106.75,179.5,
107.5,179.5,
108.25,179.5,
109.0,179.5,
109.75,179.5,
110.5,179.5,
111.25,179.5,
112.0,179.5,
112.75,179.5,
113.5,179.5,
114.25,179.5,
115.0,179.5,
115.75,179.5,
116.5,179.5,
117.25,179.5,-86.37825533644641
118.0,179.5,-86.74625168879956
118.75,179.5,-87.3282853132281
119.5,179.5,-88.20838548185232
120.25,179.5,-89.45365990459977
121.0,179.5,-91.01722870532022
121.75,179.5,-92.58428259354484
122.5,179.5,-93.61202635914336
123.25,179.5,-93.87195121951221
124.0,179.5,-93.56967213114754
124.75,179.5,-93.07558139534883
125.5,179.5,
126.25,179.5,
127.0,179.5,-92.23019801980197
127.75,179.5,-91.70308924485126
128.5,179.5,-91.24999999999999
129.25,179.5,-94.73571428571428
130.0,179.5,-95.71153846153845
130.75,179.5,-96.88636363636363
131.5,179.5,
132.25,179.5,
133.0,179.5,
133.75,179.5,
134.5,179.5,
135.25,179.5,
136.0,179.5,
136.75,179.5,
137.5,179.5,
138.25,179.5,
139.0,179.5,
139.75,179.5,
140.5,179.5,
141.25,179.5,
142.0,179.5,
142.75,179.5,
143.5,179.5,
144.25,179.5,
145.0,179.5,
145.75,179.5,
146.5,179.5,
147.25,179.5,
148.0,179.5,
148.75,179.5,
149.5,179.5,
150.25,179.5,
151.0,179.5,
151.75,179.5,
152.5,179.5,
153.25,179.5,
154.0,179.5,
154.75,179.5,
155.5,179.5,
156.25,179.5,
157.0,179.5,
157.75,179.5,
158.5,179.5,
159.25,179.5,
160.0,179.5,
160.75,179.5,
161.5,179.5,
162.25,179.5,
163.0,179.5,
163.75,179.5,
164.5,179.5,
165.25,179.5,
166.0,179.5,
166.75,179.5,
167.5,179.5,
168.25,179.5,
169.0,179.5,
169.75,179.5,
170.5,179.5,
171.25,179.5,
172.0,179.5,
172.75,179.5,
173.5,179.5,
174.25,179.5,
175.0,179.5,
175.75,179.5,
176.5,179.5,
177.25,179.5,
178.0,179.5,
178.75,179.5,
179.5,179.5,
180.25,179.5,
181.0,179.5,
181.75,179.5,
182.5,179.5,
183.25,179.5,
184.0,179.5,
184.75,179.5,
185.5,179.5,
186.25,179.5,
187.0,179.5,
187.75,179.5,
188.5,179.5,
189.25,179.5,
190.0,179.5,
190.75,179.5,
191.5,179.5,
192.25,179.5,
193.0,179.5,
193.75,179.5,
194.5,179.5,
195.25,179.5,
196.0,179.5,
196.75,179.5,
197.5,179.5,
198.25,179.5,
199.0,179.5,
199.75,179.5,
200.5,179.5,
201.25,179.5,
202.0,179.5,
202.75,179.5,
203.5,179.5,
204.25,179.5,
205.0,179.5,
205.75,179.5,
206.5,179.5,
207.25,179.5,
208.0,179.5,
208.75,179.5,
209.5,179.5,
210.25,179.5,
211.0,179.5,
211.75,179.5,
212.5,179.5,
213.25,179.5,
214.0,179.5,
214.75,179.5,
215.5,179.5,
216.25,179.5,
217.0,179.5,
217.75,179.5,
218.5,179.5,
219.25,179.5,
31.0,180.25,
31.75,180.25,
32.5,180.25,
33.25,180.25,
34.0,180.25,
34.75,180.25,
35.5,180.25,
36.25,180.25,
37.0,180.25,
37.75,180.25,
38.5,180.25,
39.25,180.25,
40.0,180.25,
40.75,180.25,
41.5,180.25,
42.25,180.25,
43.0,180.25,
43.75,180.25,
44.5,180.25,
45.25,180.25,
46.0,180.25,
46.75,180.25,
47.5,180.25,
48.25,180.25,
49.0,180.25,
49.75,180.25,
50.5,180.25,
51.25,180.25,
52.0,180.25,
52.75,180.25,
53.5,180.25,
54.25,180.25,
55.0,180.25,
55.75,180.25,
56.5,180.25,
57.25,180.25,
58.0,180.25,
58.75,180.25,
59.5,180.25,
60.25,180.25,
61.0,180.25,
61.75,180.25,
62.5,180.25,
63.25,180.25,
64.0,180.25,
64.75,180.25,
65.5,180.25,
66.25,180.25,
67.0,180.25,
67.75,180.25,
68.5,180.25,
69.25,180.25,
70.0,180.25,
70.75,180.25,
71.5,180.25,
72.25,180.25,-96.00000000000001
73.0,180.25,-96.0
73.75,180.25,-95.58165648007555
74.5,180.25,-95.60702619630574
75.25,180.25,-95.63802001525826
76.0,180.25,-95.66862535223575
76.75,180.25,-95.64915065883473
77.5,180.25,-95.42130457350483
78.25,180.25,-94.4507569838308
79.0,180.25,-94.05795417863875
79.75,180.25,-93.77427610187397
80.5,180.25,-93.3464085230344
81.25,180.25,-92.77301191037785
82.0,180.25,-92.16517650255454
82.75,180.25,-90.81854035983925
83.5,180.25,-88.51011235955056
84.25,180.25,
85.0,180.25,
85.75,180.25,
86.5,180.25,
87.25,180.25,
88.0,180.25,
88.75,180.25,
89.5,180.25,
90.25,180.25,
91.0,180.25,
91.75,180.25,
92.5,180.25,
93.25,180.25,
94.0,180.25,
94.75,180.25,
95.5,180.25,
96.25,180.25,
97.0,180.25,
97.75,180.25,
98.5,180.25,
99.25,180.25,
100.0,180.25,
100.75,180.25,
101.5,180.25,
102.25,180.25,
103.0,180.25,
103.75,180.25,
104.5,180.25,
105.25,180.25,
106.0,180.25,
106.75,180.25,
107.5,180.25,
108.25,180.25,
109.0,180.25,
109.75,180.25,
110.5,180.25,
111.25,180.25,
112.0,180.25,
112.75,180.25,
113.5,180.25,
114.25,180.25,
115.0,180.25,
115.75,180.25,
116.5,180.25,
117.25,180.25,-88.16283524904215
118.0,180.25,-88.69954648526077
118.75,180.25,-87.88800194968319
119.5,180.25,-88.73060762883176
120.25,180.25,-89.81558718363829
121.0,180.25,-91.05550848976374
121.75,180.25,-92.21235584843491
122.5,180.25,-93.39822134387352
123.25,180.25,-93.50182481751824
124.0,180.25,
124.75,180.25,
125.5,180.25,-92.99193548387096
126.25,180.25,-92.4215976331361
127.0,180.25,-91.81090651558073
127.75,180.25,-91.25
128.5,180.25,-90.79691075514874
129.25,180.25,-93.93
130.0,180.25,-94.97519083969465
130.75,180.25,-96.3177966101695
131.5,180.25,-97.8445945945946
132.25,180.25,-99.34090909090911
133.0,180.25,
133.75,180.25,
134.5,180.25,
135.25,180.25,
136.0,180.25,
136.75,180.25,
137.5,180.25,
138.25,180.25,
139.0,180.25,
139.75,180.25,
140.5,180.25,
141.25,180.25,
142.0,180.25,
142.75,180.25,
143.5,180.25,
144.25,180.25,
145.0,180.25,
145.75,180.25,
146.5,180.25,
147.25,180.25,
148.0,180.25,
148.75,180.25,
149.5,180.25,
150.25,180.25,
151.0,180.25,
151.75,180.25,
152.5,180.25,
153.25,180.25,
154.0,180.25,
154.75,180.25,
155.5,180.25,
156.25,180.25,
157.0,180.25,
157.75,180.25,
158.5,180.25,
159.25,180.25,
160.0,180.25,
160.75,180.25,
161.5,180.25,
162.25,180.25,
163.0,180.25,
163.75,180.25,
164.5,180.25,
165.25,180.25,
166.0,180.25,
166.75,180.25,
167.5,180.25,
168.25,180.25,
169.0,180.25,
169.75,180.25,
170.5,180.25,
171.25,180.25,
172.0,180.25,
172.75,180.25,
173.5,180.25,
174.25,180.25,
175.0,180.25,
175.75,180.25,
176.5,180.25,
177.25,180.25,
178.0,180.25,
178.75,180.25,
179.5,180.25,
180.25,180.25,
181.0,180.25,
181.75,180.25,
182.5,180.25,
183.25,180.25,
184.0,180.25,
184.75,180.25,
185.5,180.25,
186.25,180.25,
187.0,180.25,
187.75,180.25,
188.5,180.25,
189.25,180.25,
190.0,180.25,
190.75,180.25,
191.5,180.25,
192.25,180.25,
193.0,180.25,
193.75,180.25,
194.5,180.25,
195.25,180.25,
196.0,180.25,
196.75,180.25,
197.5,180.25,
198.25,180.25,
199.0,180.25,
199.75,180.25,
200.5,180.25,
201.25,180.25,
202.0,180.25,
202.75,180.25,
203.5,180.25,
204.25,180.25,
205.0,180.25,
205.75,180.25,
206.5,180.25,
207.25,180.25,
208.0,180.25,
208.75,180.25,
209.5,180.25,
210.25,180.25,
211.0,180.25,
211.75,180.25,
212.5,180.25,
213.25,180.25,
214.0,180.25,
214.75,180.25,
215.5,180.25,
216.25,180.25,
217.0,180.25,
217.75,180.25,
218.5,180.25,
219.25,180.25,
31.0,181.0,
31.75,181.0,
32.5,181.0,
33.25,181.0,
34.0,181.0,
34.75,181.0,
35.5,181.0,
36.25,181.0,
37.0,181.0,
37.75,181.0,
38.5,181.0,
39.25,181.0,
40.0,181.0,
40.75,181.0,
41.5,181.0,
42.25,181.0,
43.0,181.0,
43.75,181.0,
44.5,181.0,
45.25,181.0,
46.0,181.0,
46.75,181.0,
47.5,181.0,
48.25,181.0,
49.0,181.0,
49.75,181.0,
50.5,181.0,
51.25,181.0,
52.0,181.0,
52.75,181.0,
53.5,181.0,
54.25,181.0,
55.0,181.0,
55.75,181.0,
56.5,181.0,
57.25,181.0,
58.0,181.0,
58.75,181.0,
59.5,181.0,
60.25,181.0,
61.0,181.0,
61.75,181.0,
62.5,181.0,
63.25,181.0,
64.0,181.0,
64.75,181.0,
65.5,181.0,
66.25,181.0,
67.0,181.0,
67.75,181.0,
68.5,181.0,
69.25,181.0,
70.0,181.0,
70.75,181.0,
71.5,181.0,
72.25,181.0,
73.0,181.0,-95.99999999999999
73.75,181.0,-95.5408228325006
74.5,181.0,-95.55114090657483
75.25,181.0,-95.55605505355291
76.0,181.0,-95.54177897574122
76.75,181.0,-95.47298682861424
77.5,181.0,-95.29952456418384
78.25,181.0,-95.03846671408523
79.0,181.0,-94.8235294117647
79.75,181.0,-94.74073539103196
80.5,181.0,-94.75455701568463
81.25,181.0,-94.80726607665959
82.0,181.0,-94.6190476190476
82.75,181.0,
83.5,181.0,
84.25,181.0,
85.0,181.0,
85.75,181.0,
86.5,181.0,
87.25,181.0,
88.0,181.0,
88.75,181.0,
89.5,181.0,
90.25,181.0,
91.0,181.0,
91.75,181.0,
92.5,181.0,
93.25,181.0,
94.0,181.0,
94.75,181.0,
95.5,181.0,
96.25,181.0,
97.0,181.0,
97.75,181.0,
98.5,181.0,
99.25,181.0,
100.0,181.0,
100.75,181.0,
101.5,181.0,
102.25,181.0,
103.0,181.0,
103.75,181.0,
104.5,181.0,
105.25,181.0,
106.0,181.0,
106.75,181.0,
107.5,181.0,
108.25,181.0,
109.0,181.0,
109.75,181.0,
110.5,181.0,
111.25,181.0,
112.0,181.0,
112.75,181.0,
113.5,181.0,
114.25,181.0,
115.0,181.0,
115.75,181.0,
116.5,181.0,
117.25,181.0,
118.0,181.0,
118.75,181.0,
119.5,181.0,
120.25,181.0,
121.0,181.0,
121.75,181.0,
122.5,181.0,
123.25,181.0,
124.0,181.0,
124.75,181.0,-93.05547112462006
125.5,181.0,-92.53571428571429
126.25,181.0,-91.89918032786886
127.0,181.0,-91.25
127.75,181.0,-90.68909348441926
128.5,181.0,-90.26980198019803
129.25,181.0,-92.91412213740459
130.0,181.0,-93.96428571428571
130.75,181.0,-95.43181818181819
131.5,181.0,-97.20652173913041
132.25,181.0,-99.00824175824175
133.0,181.0,-100.5
133.75,181.0,
134.5,181.0,
135.25,181.0,
136.0,181.0,
136.75,181.0,
137.5,181.0,
138.25,181.0,
139.0,181.0,
139.75,181.0,
140.5,181.0,
141.25,181.0,
142.0,181.0,
142.75,181.0,
143.5,181.0,
144.25,181.0,
145.0,181.0,
145.75,181.0,
146.5,181.0,
147.25,181.0,
148.0,181.0,
148.75,181.0,
149.5,181.0,
150.25,181.0,
151.0,181.0,
151.75,181.0,
152.5,181.0,
153.25,181.0,
154.0,181.0,
154.75,181.0,
155.5,181.0,
156.25,181.0,
157.0,181.0,
157.75,181.0,
158.5,181.0,
159.25,181.0,
160.0,181.0,
160.75,181.0,
161.5,181.0,
162.25,181.0,
163.0,181.0,
163.75,181.0,
164.5,181.0,
165.25,181.0,
166.0,181.0,
166.75,181.0,
167.5,181.0,
168.25,181.0,
169.0,181.0,
169.75,181.0,
170.5,181.0,
171.25,181.0,
172.0,181.0,
172.75,181.0,
173.5,181.0,
174.25,181.0,
175.0,181.0,
175.75,181.0,
176.5,181.0,
177.25,181.0,
178.0,181.0,
178.75,181.0,
179.5,181.0,
180.25,181.0,
181.0,181.0,
181.75,181.0,
182.5,181.0,
183.25,181.0,
184.0,181.0,
184.75,181.0,
185.5,181.0,
186.25,181.0,
187.0,181.0,
187.75,181.0,
188.5,181.0,
189.25,181.0,
190.0,181.0,
190.75,181.0,
191.5,181.0,
192.25,181.0,
193.0,181.0,
193.75,181.0,
194.5,181.0,
195.25,181.0,
196.0,181.0,
196.75,181.0,
197.5,181.0,
198.25,181.0,
199.0,181.0,
199.75,181.0,
200.5,181.0,
201.25,181.0,
202.0,181.0,
202.75,181.0,
203.5,181.0,
204.25,181.0,
205.0,181.0,
205.75,181.0,
206.5,181.0,
207.25,181.0,
208.0,181.0,
208.75,181.0,
209.5,181.0,
210.25,181.0,
211.0,181.0,
211.75,181.0,
212.5,181.0,
213.25,181.0,
214.0,181.0,
214.75,181.0,
215.5,181.0,
216.25,181.0,
217.0,181.0,
217.75,181.0,
218.5,181.0,
219.25,181.0,
31.0,181.75,
31.75,181.75,
32.5,181.75,
33.25,181.75,
34.0,181.75,
34.75,181.75,
35.5,181.75,
36.25,181.75,
37.0,181.75,
37.75,181.75,
38.5,181.75,
39.25,181.75,
40.0,181.75,
40.75,181.75,
41.5,181.75,
42.25,181.75,
43.0,181.75,
43.75,181.75,
44.5,181.75,
45.25,181.75,
46.0,181.75,
46.75,181.75,
47.5,181.75,
48.25,181.75,
49.0,181.75,
49.75,181.75,
50.5,181.75,
51.25,181.75,
52.0,181.75,
52.75,181.75,
53.5,181.75,
54.25,181.75,
55.0,181.75,
55.75,181.75,
56.5,181.75,
57.25,181.75,
58.0,181.75,
58.75,181.75,
59.5,181.75,
60.25,181.75,
61.0,181.75,
61.75,181.75,
62.5,181.75,
63.25,181.75,
64.0,181.75,
64.75,181.75,
65.5,181.75,
66.25,181.75,
67.0,181.75,
67.75,181.75,
68.5,181.75,
69.25,181.75,
70.0,181.75,
70.75,181.75,
71.5,181.75,
72.25,181.75,
73.0,181.75,
73.75,181.75,-95.49978845966088
74.5,181.75,-95.4973444079621
75.25,181.75,-95.48442932169539
76.0,181.75,-95.45013015080458
76.75,181.75,-95.37767381563002
77.5,181.75,-95.25543633470686
78.25,181.75,-95.10201089900889
79.0,181.75,-94.96841276609702
79.75,181.75,-94.89313165436224
80.5,181.75,-94.87459327505601
81.25,181.75,-94.66013071895425
82.0,181.75,-94.67430025445293
82.75,181.75,
83.5,181.75,
84.25,181.75,
85.0,181.75,
85.75,181.75,
86.5,181.75,
87.25,181.75,
88.0,181.75,
88.75,181.75,
89.5,181.75,
90.25,181.75,
91.0,181.75,
91.75,181.75,
92.5,181.75,
93.25,181.75,
94.0,181.75,
94.75,181.75,
95.5,181.75,
96.25,181.75,
97.0,181.75,
97.75,181.75,
98.5,181.75,
99.25,181.75,
100.0,181.75,
100.75,181.75,
101.5,181.75,
102.25,181.75,
103.0,181.75,
103.75,181.75,
104.5,181.75,
105.25,181.75,
106.0,181.75,
106.75,181.75,
107.5,181.75,
108.25,181.75,
109.0,181.75,
109.75,181.75,
110.5,181.75,
111.25,181.75,
112.0,181.75,
112.75,181.75,
113.5,181.75,
114.25,181.75,
115.0,181.75,
115.75,181.75,
116.5,181.75,
117.25,181.75,
118.0,181.75,
118.75,181.75,
119.5,181.75,
120.25,181.75,
121.0,181.75,
121.75,181.75,
122.5,181.75,
123.25,181.75,
124.0,181.75,-92.9327195467422
124.75,181.75,-92.51114649681529
125.5,181.75,-91.92576791808872
126.25,181.75,-92.63437057991513
127.0,181.75,-92.24256297819349
127.75,181.75,-91.89159510824332
128.5,181.75,-91.15938511326861
129.25,181.75,-93.15696990079032
130.0,181.75,-93.858835340787
130.75,181.75,-94.97955343545077
131.5,181.75,-96.48679949547305
132.25,181.75,-98.25000000000001
133.0,181.75,-100.0210843373494
133.75,181.75,-101.18617021276596
134.5,181.75,
135.25,181.75,
136.0,181.75,
136.75,181.75,
137.5,181.75,
138.25,181.75,
139.0,181.75,
139.75,181.75,
140.5,181.75,
141.25,181.75,
142.0,181.75,
142.75,181.75,
143.5,181.75,
144.25,181.75,
145.0,181.75,
145.75,181.75,
146.5,181.75,
147.25,181.75,
148.0,181.75,
148.75,181.75,
149.5,181.75,
150.25,181.75,
151.0,181.75,
151.75,181.75,
152.5,181.75,
153.25,181.75,
154.0,181.75,
154.75,181.75,
155.5,181.75,
156.25,181.75,
157.0,181.75,
157.75,181.75,
158.5,181.75,
159.25,181.75,
160.0,181.75,
160.75,181.75,
161.5,181.75,
162.25,181.75,
163.0,181.75,
163.75,181.75,
164.5,181.75,
165.25,181.75,
166.0,181.75,
166.75,181.75,
167.5,181.75,
168.25,181.75,
169.0,181.75,
169.75,181.75,
170.5,181.75,
171.25,181.75,
172.0,181.75,
172.75,181.75,
173.5,181.75,
174.25,181.75,
175.0,181.75,
175.75,181.75,
176.5,181.75,
177.25,181.75,
178.0,181.75,
178.75,181.75,
179.5,181.75,
180.25,181.75,
181.0,181.75,
181.75,181.75,
182.5,181.75,
183.25,181.75,
184.0,181.75,
184.75,181.75,
185.5,181.75,
186.25,181.75,
187.0,181.75,
187.75,181.75,
188.5,181.75,
189.25,181.75,
190.0,181.75,
190.75,181.75,
191.5,181.75,
192.25,181.75,
193.0,181.75,
193.75,181.75,
194.5,181.75,
195.25,181.75,
196.0,181.75,
196.75,181.75,
197.5,181.75,
198.25,181.75,
199.0,181.75,
199.75,181.75,
200.5,181.75,
201.25,181.75,
202.0,181.75,
202.75,181.75,
203.5,181.75,
204.25,181.75,
205.0,181.75,
205.75,181.75,
206.5,181.75,
207.25,181.75,
208.0,181.75,
208.75,181.75,
209.5,181.75,
210.25,181.75,
211.0,181.75,
211.75,181.75,
212.5,181.75,
213.25,181.75,
214.0,181.75,
214.75,181.75,
215.5,181.75,
216.25,181.75,
217.0,181.75,
217.75,181.75,
218.5,181.75,
219.25,181.75,
31.0,182.5,
31.75,182.5,
32.5,182.5,
33.25,182.5,
34.0,182.5,
34.75,182.5,
35.5,182.5,
36.25,182.5,
37.0,182.5,
37.75,182.5,
38.5,182.5,
39.25,182.5,
40.0,182.5,
40.75,182.5,
41.5,182.5,
42.25,182.5,
43.0,182.5,
43.75,182.5,
44.5,182.5,
45.25,182.5,
46.0,182.5,
46.75,182.5,
47.5,182.5,
48.25,182.5,
49.0,182.5,
49.75,182.5,
50.5,182.5,
51.25,182.5,
52.0,182.5,
52.75,182.5,
53.5,182.5,
54.25,182.5,
55.0,182.5,
55.75,182.5,
56.5,182.5,
57.25,182.5,
58.0,182.5,
58.75,182.5,
59.5,182.5,
60.25,182.5,
61.0,182.5,
61.75,182.5,
62.5,182.5,
63.25,182.5,
64.0,182.5,
64.75,182.5,
65.5,182.5,
66.25,182.5,
67.0,182.5,
67.75,182.5,
68.5,182.5,
69.25,182.5,
70.0,182.5,
70.75,182.5,
71.5,182.5,
72.25,182.5,
73.0,182.5,
73.75,182.5,
74.5,182.5,-95.27450980392157
75.25,182.5,-95.42991292731428
76.0,182.5,-95.39094461043439
76.75,182.5,-95.32823359429655
77.5,182.5,-95.24110475242597
78.25,182.5,-95.14176066895807
79.0,182.5,-95.05281072169335
79.75,182.5,-94.78544061302684
80.5,182.5,-94.74358974358974
81.25,182.5,-94.7270341207349
82.0,182.5,
82.75,182.5,
83.5,182.5,
84.25,182.5,
85.0,182.5,
85.75,182.5,
86.5,182.5,
87.25,182.5,
88.0,182.5,
88.75,182.5,
89.5,182.5,
90.25,182.5,
91.0,182.5,
91.75,182.5,
92.5,182.5,
93.25,182.5,
94.0,182.5,
94.75,182.5,
95.5,182.5,
96.25,182.5,
97.0,182.5,
97.75,182.5,
98.5,182.5,
99.25,182.5,
100.0,182.5,
100.75,182.5,
101.5,182.5,
102.25,182.5,
103.0,182.5,
103.75,182.5,
104.5,182.5,
105.25,182.5,
106.0,182.5,
106.75,182.5,
107.5,182.5,
108.25,182.5,
109.0,182.5,
109.75,182.5,
110.5,182.5,
111.25,182.5,
112.0,182.5,
112.75,182.5,
113.5,182.5,
114.25,182.5,
115.0,182.5,
115.75,182.5,
116.5,182.5,
117.25,182.5,
118.0,182.5,
118.75,182.5,
119.5,182.5,
120.25,182.5,
121.0,182.5,
121.75,182.5,
122.5,182.5,
123.25,182.5,
124.0,182.5,-92.3623595505618
124.75,182.5,-91.87460567823342
125.5,182.5,-92.74550898203593
126.25,182.5,-92.32859109347311
127.0,182.5,-91.86656277144756
127.75,182.5,-91.4299382726082
128.5,182.5,-90.78703703703705
129.25,182.5,-92.10219732007384
130.0,182.5,-92.7513598818078
130.75,182.5,-93.87380953438087
131.5,182.5,-95.40688597713965
132.25,182.5,-97.18794573658775
133.0,182.5,-99.03947368421053
133.75,182.5,-100.42241379310344
134.5,182.5,
135.25,182.5,
136.0,182.5,
136.75,182.5,
137.5,182.5,
138.25,182.5,
139.0,182.5,
139.75,182.5,
140.5,182.5,
141.25,182.5,
142.0,182.5,
142.75,182.5,
143.5,182.5,
144.25,182.5,
145.0,182.5,
145.75,182.5,
146.5,182.5,
147.25,182.5,
148.0,182.5,
148.75,182.5,
149.5,182.5,
150.25,182.5,
151.0,182.5,
151.75,182.5,
152.5,182.5,
153.25,182.5,
154.0,182.5,
154.75,182.5,
155.5,182.5,
156.25,182.5,
157.0,182.5,
157.75,182.5,
158.5,182.5,
159.25,182.5,
160.0,182.5,
160.75,182.5,
161.5,182.5,
162.25,182.5,
163.0,182.5,
163.75,182.5,
164.5,182.5,
165.25,182.5,
166.0,182.5,
166.75,182.5,
167.5,182.5,
168.25,182.5,
169.0,182.5,
169.75,182.5,
170.5,182.5,
171.25,182.5,
172.0,182.5,
172.75,182.5,
173.5,182.5,
174.25,182.5,
175.0,182.5,
175.75,182.5,
176.5,182.5,
177.25,182.5,
178.0,182.5,
178.75,182.5,
179.5,182.5,
180.25,182.5,
181.0,182.5,
181.75,182.5,
182.5,182.5,
183.25,182.5,
184.0,182.5,
184.75,182.5,
185.5,182.5,
186.25,182.5,
187.0,182.5,
187.75,182.5,
188.5,182.5,
189.25,182.5,
190.0,182.5,
190.75,182.5,
191.5,182.5,
192.25,182.5,
193.0,182.5,
193.75,182.5,
194.5,182.5,
195.25,182.5,
196.0,182.5,
196.75,182.5,
197.5,182.5,
198.25,182.5,
199.0,182.5,
199.75,182.5,
200.5,182.5,
201.25,182.5,
202.0,182.5,
202.75,182.5,
203.5,182.5,
204.25,182.5,
205.0,182.5,
205.75,182.5,
206.5,182.5,
207.25,182.5,
208.0,182.5,
208.75,182.5,
209.5,182.5,
210.25,182.5,
211.0,182.5,
211.75,182.5,
212.5,182.5,
213.25,182.5,
214.0,182.5,
214.75,182.5,
215.5,182.5,
216.25,182.5,
217.0,182.5,
217.75,182.5,
218.5,182.5,
219.25,182.5,
31.0,183.25,
31.75,183.25,
32.5,183.25,
33.25,183.25,
34.0,183.25,
34.75,183.25,
35.5,183.25,
36.25,183.25,
37.0,183.25,
37.75,183.25,
38.5,183.25,
39.25,183.25,
40.0,183.25,
40.75,183.25,
41.5,183.25,
42.25,183.25,
43.0,183.25,
43.75,183.25,
44.5,183.25,
45.25,183.25,
46.0,183.25,
46.75,183.25,
47.5,183.25,
48.25,183.25,
49.0,183.25,
49.75,183.25,
50.5,183.25,
51.25,183.25,
52.0,183.25,
52.75,183.25,
53.5,183.25,
54.25,183.25,
55.0,183.25,
55.75,183.25,
56.5,183.25,
57.25,183.25,
58.0,183.25,
58.75,183.25,
59.5,183.25,
60.25,183.25,
61.0,183.25,
61.75,183.25,
62.5,183.25,
63.25,183.25,
64.0,183.25,
64.75,183.25,
65.5,183.25,
66.25,183.25,
67.0,183.25,
67.75,183.25,
68.5,183.25,
69.25,183.25,
70.0,183.25,
70.75,183.25,
71.5,183.25,
72.25,183.25,
73.0,183.25,
73.75,183.25,
74.5,183.25,
75.25,183.25,-95.20657276995307
76.0,183.25,-95.17344173441735
76.75,183.25,-95.12121212121212
77.5,183.25,-95.05177993527508
78.25,183.25,-94.97385620915033
79.0,183.25,-94.90031152647974
79.75,183.25,-94.84180790960451
80.5,183.25,-94.80246913580247
81.25,183.25,
82.0,183.25,
82.75,183.25,
83.5,183.25,
84.25,183.25,
85.0,183.25,
85.75,183.25,
86.5,183.25,
87.25,183.25,
88.0,183.25,
88.75,183.25,
89.5,183.25,
90.25,183.25,
91.0,183.25,
91.75,183.25,
92.5,183.25,
93.25,183.25,
94.0,183.25,
94.75,183.25,
95.5,183.25,
96.25,183.25,
97.0,183.25,
97.75,183.25,
98.5,183.25,
99.25,183.25,
100.0,183.25,
100.75,183.25,
101.5,183.25,
102.25,183.25,
103.0,183.25,
103.75,183.25,
104.5,183.25,
105.25,183.25,
106.0,183.25,
106.75,183.25,
107.5,183.25,
108.25,183.25,
109.0,183.25,
109.75,183.25,
110.5,183.25,
111.25,183.25,
112.0,183.25,
112.75,183.25,
113.5,183.25,
114.25,183.25,
115.0,183.25,
115.75,183.25,
116.5,183.25,
117.25,183.25,
118.0,183.25,
118.75,183.25,
119.5,183.25,
120.25,183.25,
121.0,183.25,
121.75,183.25,
122.5,183.25,
123.25,183.25,
124.0,183.25,-91.77519893899203
124.75,183.25,-92.92020497803807
125.5,183.25,-92.56575856042892
126.25,183.25,-92.10219279818938
127.0,183.25,-91.53745824180628
127.75,183.25,-90.66975308641975
128.5,183.25,-90.28546099290782
129.25,183.25,-90.22101449275361
130.0,183.25,-91.62245549612837
130.75,183.25,-92.79791114461494
131.5,183.25,-94.31912721243246
132.25,183.25,-96.03109070428987
133.0,183.25,-97.7093794955404
133.75,183.25,-99.2267441860465
134.5,183.25,-100.14320388349513
135.25,183.25,
136.0,183.25,
136.75,183.25,
137.5,183.25,
138.25,183.25,
139.0,183.25,
139.75,183.25,
140.5,183.25,
141.25,183.25,
142.0,183.25,
142.75,183.25,
143.5,183.25,
144.25,183.25,
145.0,183.25,
145.75,183.25,
146.5,183.25,
147.25,183.25,
148.0,183.25,
148.75,183.25,
149.5,183.25,
150.25,183.25,
151.0,183.25,
151.75,183.25,
152.5,183.25,
153.25,183.25,
154.0,183.25,
154.75,183.25,
155.5,183.25,
156.25,183.25,
157.0,183.25,
157.75,183.25,
158.5,183.25,
159.25,183.25,
160.0,183.25,
160.75,183.25,
161.5,183.25,
162.25,183.25,
163.0,183.25,
163.75,183.25,
164.5,183.25,
165.25,183.25,
166.0,183.25,
166.75,183.25,
167.5,183.25,
168.25,183.25,
169.0,183.25,
169.75,183.25,
170.5,183.25,
171.25,183.25,
172.0,183.25,
172.75,183.25,
173.5,183.25,
174.25,183.25,
175.0,183.25,
175.75,183.25,
176.5,183.25,
177.25,183.25,
178.0,183.25,
178.75,183.25,
179.5,183.25,
180.25,183.25,
181.0,183.25,
181.75,183.25,
182.5,183.25,
183.25,183.25,
184.0,183.25,
184.75,183.25,
185.5,183.25,
186.25,183.25,
187.0,183.25,
187.75,183.25,
188.5,183.25,
189.25,183.25,
190.0,183.25,
190.75,183.25,
191.5,183.25,
192.25,183.25,
193.0,183.25,
193.75,183.25,
194.5,183.25,
195.25,183.25,
196.0,183.25,
196.75,183.25,
197.5,183.25,
198.25,183.25,
199.0,183.25,
199.75,183.25,
200.5,183.25,
201.25,183.25,
202.0,183.25,
202.75,183.25,
203.5,183.25,
204.25,183.25,
205.0,183.25,
205.75,183.25,
206.5,183.25,
207.25,183.25,
208.0,183.25,
208.75,183.25,
209.5,183.25,
210.25,183.25,
211.0,183.25,
211.75,183.25,
212.5,183.25,
213.25,183.25,
214.0,183.25,
214.75,183.25,
215.5,183.25,
216.25,183.25,
217.0,183.25,
217.75,183.25,
218.5,183.25,
219.25,183.25,
31.0,184.0,
31.75,184.0,
32.5,184.0,
33.25,184.0,
34.0,184.0,
34.75,184.0,
35.5,184.0,
36.25,184.0,
37.0,184.0,
37.75,184.0,
38.5,184.0,
39.25,184.0,
40.0,184.0,
40.75,184.0,
41.5,184.0,
42.25,184.0,
43.0,184.0,
43.75,184.0,
44.5,184.0,
45.25,184.0,
46.0,184.0,
46.75,184.0,
47.5,184.0,
48.25,184.0,
49.0,184.0,
49.75,184.0,
50.5,184.0,
51.25,184.0,
52.0,184.0,
52.75,184.0,
53.5,184.0,
54.25,184.0,
55.0,184.0,
55.75,184.0,
56.5,184.0,
57.25,184.0,
58.0,184.0,
58.75,184.0,
59.5,184.0,
60.25,184.0,
61.0,184.0,
61.75,184.0,
62.5,184.0,
63.25,184.0,
64.0,184.0,
64.75,184.0,
65.5,184.0,
66.25,184.0,
67.0,184.0,
67.75,184.0,
68.5,184.0,
69.25,184.0,
70.0,184.0,
70.75,184.0,
71.5,184.0,
72.25,184.0,
73.0,184.0,
73.75,184.0,
74.5,184.0,
75.25,184.0,
76.0,184.0,-95.13333333333333
76.75,184.0,-95.09070294784581
77.5,184.0,-95.03809523809524
78.25,184.0,-94.98081534772183
79.0,184.0,-94.92592592592594
79.75,184.0,-94.87956989247313
80.5,184.0,
81.25,184.0,
82.0,184.0,
82.75,184.0,
83.5,184.0,
84.25,184.0,
85.0,184.0,
85.75,184.0,
86.5,184.0,
87.25,184.0,
88.0,184.0,
88.75,184.0,
89.5,184.0,
90.25,184.0,
91.0,184.0,
91.75,184.0,
92.5,184.0,
93.25,184.0,
94.0,184.0,
94.75,184.0,
95.5,184.0,
96.25,184.0,
97.0,184.0,
97.75,184.0,
98.5,184.0,
99.25,184.0,
100.0,184.0,
100.75,184.0,
101.5,184.0,
102.25,184.0,
103.0,184.0,
103.75,184.0,
104.5,184.0,
105.25,184.0,
106.0,184.0,
106.75,184.0,
107.5,184.0,
108.25,184.0,
109.0,184.0,
109.75,184.0,
110.5,184.0,
111.25,184.0,
112.0,184.0,
112.75,184.0,
113.5,184.0,
114.25,184.0,
115.0,184.0,
115.75,184.0,
116.5,184.0,
117.25,184.0,
118.0,184.0,
118.75,184.0,
119.5,184.0,
120.25,184.0,
121.0,184.0,
121.75,184.0,
122.5,184.0,
123.25,184.0,-91.6686046511628
124.0,184.0,-93.11702127659575
124.75,184.0,-92.8746587919996
125.5,184.0,-92.53194667892438
126.25,184.0,-92.04746588289446
127.0,184.0,-91.13888888888889
127.75,184.0,-90.3547619047619
128.5,184.0,-89.63095238095238
129.25,184.0,-89.49691358024691
130.0,184.0,-90.64018691588785
130.75,184.0,-92.01471523189468
131.5,184.0,-93.52165835014334
132.25,184.0,-95.06987491770903
133.0,184.0,-96.57106076210091
133.75,184.0,-97.85494619126038
134.5,184.0,-98.91666666666667
135.25,184.0,
136.0,184.0,
136.75,184.0,
137.5,184.0,
138.25,184.0,
139.0,184.0,
139.75,184.0,
140.5,184.0,
141.25,184.0,
142.0,184.0,
142.75,184.0,
143.5,184.0,
144.25,184.0,
145.0,184.0,
145.75,184.0,
146.5,184.0,
147.25,184.0,
148.0,184.0,
148.75,184.0,
149.5,184.0,
150.25,184.0,
151.0,184.0,
151.75,184.0,
152.5,184.0,
153.25,184.0,
154.0,184.0,
154.75,184.0,
155.5,184.0,
156.25,184.0,
157.0,184.0,
157.75,184.0,
158.5,184.0,
159.25,184.0,
160.0,184.0,
160.75,184.0,
161.5,184.0,
162.25,184.0,
163.0,184.0,
163.75,184.0,
164.5,184.0,
165.25,184.0,
166.0,184.0,
166.75,184.0,
167.5,184.0,
168.25,184.0,
169.0,184.0,
169.75,184.0,
170.5,184.0,
171.25,184.0,
172.0,184.0,
172.75,184.0,
173.5,184.0,
174.25,184.0,
175.0,184.0,
175.75,184.0,
176.5,184.0,
177.25,184.0,
178.0,184.0,
178.75,184.0,
179.5,184.0,
180.25,184.0,
181.0,184.0,
181.75,184.0,
182.5,184.0,
183.25,184.0,
184.0,184.0,
184.75,184.0,
185.5,184.0,
186.25,184.0,
187.0,184.0,
187.75,184.0,
188.5,184.0,
189.25,184.0,
190.0,184.0,
190.75,184.0,
191.5,184.0,
192.25,184.0,
193.0,184.0,
193.75,184.0,
194.5,184.0,
195.25,184.0,
196.0,184.0,
196.75,184.0,
197.5,184.0,
198.25,184.0,
199.0,184.0,
199.75,184.0,
200.5,184.0,
201.25,184.0,
202.0,184.0,
202.75,184.0,
203.5,184.0,
204.25,184.0,
205.0,184.0,
205.75,184.0,
206.5,184.0,
207.25,184.0,
208.0,184.0,
208.75,184.0,
209.5,184.0,
210.25,184.0,
211.0,184.0,
211.75,184.0,
212.5,184.0,
213.25,184.0,
214.0,184.0,
214.75,184.0,
215.5,184.0,
216.25,184.0,
217.0,184.0,
217.75,184.0,
218.5,184.0,
219.25,184.0,
31.0,184.75,
31.75,184.75,
32.5,184.75,
33.25,184.75,
34.0,184.75,
34.75,184.75,
35.5,184.75,
36.25,184.75,
37.0,184.75,
37.75,184.75,
38.5,184.75,
39.25,184.75,
40.0,184.75,
40.75,184.75,
41.5,184.75,
42.25,184.75,
43.0,184.75,
43.75,184.75,
44.5,184.75,
45.25,184.75,
46.0,184.75,
46.75,184.75,
47.5,184.75,
48.25,184.75,
49.0,184.75,
49.75,184.75,
50.5,184.75,
51.25,184.75,
52.0,184.75,
52.75,184.75,
53.5,184.75,
54.25,184.75,
55.0,184.75,
55.75,184.75,
56.5,184.75,
57.25,184.75,
58.0,184.75,
58.75,184.75,
59.5,184.75,
60.25,184.75,
61.0,184.75,
61.75,184.75,
62.5,184.75,
63.25,184.75,
64.0,184.75,
64.75,184.75,
65.5,184.75,
66.25,184.75,
67.0,184.75,
67.75,184.75,
68.5,184.75,
69.25,184.75,
70.0,184.75,
70.75,184.75,
71.5,184.75,
72.25,184.75,
73.0,184.75,
73.75,184.75,
74.5,184.75,
75.25,184.75,
76.0,184.75,
76.75,184.75,
77.5,184.75,-95.02914389799636
78.25,184.75,-94.985347985348
79.0,184.75,
79.75,184.75,
80.5,184.75,
81.25,184.75,
82.0,184.75,
82.75,184.75,
83.5,184.75,
84.25,184.75,
85.0,184.75,
85.75,184.75,
86.5,184.75,
87.25,184.75,
88.0,184.75,
88.75,184.75,
89.5,184.75,
90.25,184.75,
91.0,184.75,
91.75,184.75,
92.5,184.75,
93.25,184.75,
94.0,184.75,
94.75,184.75,
95.5,184.75,
96.25,184.75,
97.0,184.75,
97.75,184.75,
98.5,184.75,
99.25,184.75,
100.0,184.75,
100.75,184.75,
101.5,184.75,
102.25,184.75,
103.0,184.75,
103.75,184.75,
104.5,184.75,
105.25,184.75,
106.0,184.75,
106.75,184.75,
107.5,184.75,
108.25,184.75,
109.0,184.75,
109.75,184.75,
110.5,184.75,
111.25,184.75,
112.0,184.75,
112.75,184.75,
113.5,184.75,
114.25,184.75,
115.0,184.75,
115.75,184.75,
116.5,184.75,
117.25,184.75,
118.0,184.75,
118.75,184.75,
119.5,184.75,
120.25,184.75,
121.0,184.75,
121.75,184.75,
122.5,184.75,
123.25,184.75,-91.25
124.0,184.75,-93.15730116053096
124.75,184.75,-92.67424242424244
125.5,184.75,-92.44831223628691
126.25,184.75,-92.07716049382715
127.0,184.75,-91.4404761904762
127.75,184.75,-90.37121212121212
128.5,184.75,-89.02777777777777
129.25,184.75,-88.72619047619048
130.0,184.75,-89.91666666666666
130.75,184.75,-91.85184811149263
131.5,184.75,-93.24984489390744
132.25,184.75,-94.52992226599935
133.0,184.75,-95.75898751330946
133.75,184.75,-96.86501534609036
134.5,184.75,-97.74137227270519
135.25,184.75,
136.0,184.75,
136.75,184.75,
137.5,184.75,
138.25,184.75,
139.0,184.75,
139.75,184.75,
140.5,184.75,
141.25,184.75,
142.0,184.75,
142.75,184.75,
143.5,184.75,
144.25,184.75,
145.0,184.75,
145.75,184.75,
146.5,184.75,
147.25,184.75,
148.0,184.75,
148.75,184.75,
149.5,184.75,
150.25,184.75,
151.0,184.75,
151.75,184.75,
152.5,184.75,
153.25,184.75,
154.0,184.75,
154.75,184.75,
155.5,184.75,
156.25,184.75,
157.0,184.75,
157.75,184.75,
158.5,184.75,
159.25,184.75,
160.0,184.75,
160.75,184.75,
161.5,184.75,
162.25,184.75,
163.0,184.75,
163.75,184.75,
164.5,184.75,
165.25,184.75,
166.0,184.75,
166.75,184.75,
167.5,184.75,
168.25,184.75,
169.0,184.75,
169.75,184.75,
170.5,184.75,
171.25,184.75,
172.0,184.75,
172.75,184.75,
173.5,184.75,
174.25,184.75,
175.0,184.75,
175.75,184.75,
176.5,184.75,
177.25,184.75,
178.0,184.75,
178.75,184.75,
179.5,184.75,
180.25,184.75,
181.0,184.75,
181.75,184.75,
182.5,184.75,
183.25,184.75,
184.0,184.75,
184.75,184.75,
185.5,184.75,
186.25,184.75,
187.0,184.75,
187.75,184.75,
188.5,184.75,
189.25,184.75,
190.0,184.75,
190.75,184.75,
191.5,184.75,
192.25,184.75,
193.0,184.75,
193.75,184.75,
194.5,184.75,
195.25,184.75,
196.0,184.75,
196.75,184.75,
197.5,184.75,
198.25,184.75,
199.0,184.75,
199.75,184.75,
200.5,184.75,
201.25,184.75,
202.0,184.75,
202.75,184.75,
203.5,184.75,
204.25,184.75,
205.0,184.75,
205.75,184.75,
206.5,184.75,
207.25,184.75,
208.0,184.75,
208.75,184.75,
209.5,184.75,
210.25,184.75,
211.0,184.75,
211.75,184.75,
212.5,184.75,
213.25,184.75,
214.0,184.75,
214.75,184.75,
215.5,184.75,
216.25,184.75,
217.0,184.75,
217.75,184.75,
218.5,184.75,
219.25,184.75,
31.0,185.5,
31.75,185.5,
32.5,185.5,
33.25,185.5,
34.0,185.5,
34.75,185.5,
35.5,185.5,
36.25,185.5,
37.0,185.5,
37.75,185.5,
38.5,185.5,
39.25,185.5,
40.0,185.5,
40.75,185.5,
41.5,185.5,
42.25,185.5,
43.0,185.5,
43.75,185.5,
44.5,185.5,
45.25,185.5,
46.0,185.5,
46.75,185.5,
47.5,185.5,
48.25,185.5,
49.0,185.5,
49.75,185.5,
50.5,185.5,
51.25,185.5,
52.0,185.5,
52.75,185.5,
53.5,185.5,
54.25,185.5,
55.0,185.5,
55.75,185.5,
56.5,185.5,
57.25,185.5,
58.0,185.5,
58.75,185.5,
59.5,185.5,
60.25,185.5,
61.0,185.5,
61.75,185.5,
62.5,185.5,
63.25,185.5,
64.0,185.5,
64.75,185.5,
65.5,185.5,
66.25,185.5,
67.0,185.5,
67.75,185.5,
68.5,185.5,
69.25,185.5,
70.0,185.5,
70.75,185.5,
71.5,185.5,
72.25,185.5,
73.0,185.5,
73.75,185.5,
74.5,185.5,
75.25,185.5,
76.0,185.5,
76.75,185.5,
77.5,185.5,
78.25,185.5,
79.0,185.5,
79.75,185.5,
80.5,185.5,
81.25,185.5,
82.0,185.5,
82.75,185.5,
83.5,185.5,
84.25,185.5,
85.0,185.5,
85.75,185.5,
86.5,185.5,
87.25,185.5,
88.0,185.5,
88.75,185.5,
89.5,185.5,
90.25,185.5,
91.0,185.5,
91.75,185.5,
92.5,185.5,
93.25,185.5,
94.0,185.5,
94.75,185.5,
95.5,185.5,
96.25,185.5,
97.0,185.5,
97.75,185.5,
98.5,185.5,
99.25,185.5,
100.0,185.5,
100.75,185.5,
101.5,185.5,
102.25,185.5,
103.0,185.5,
103.75,185.5,
104.5,185.5,
105.25,185.5,
106.0,185.5,
106.75,185.5,
107.5,185.5,
108.25,185.5,
109.0,185.5,
109.75,185.5,
110.5,185.5,
111.25,185.5,
112.0,185.5,
112.75,185.5,
113.5,185.5,
114.25,185.5,
115.0,185.5,
115.75,185.5,
116.5,185.5,
117.25,185.5,
118.0,185.5,
118.75,185.5,
119.5,185.5,
120.25,185.5,
121.0,185.5,
121.75,185.5,
122.5,185.5,
123.25,185.5,-93.1115664845173
124.0,185.5,-93.06904761904761
124.75,185.5,-93.00404530744336
125.5,185.5,-92.89814814814814
126.25,185.5,-92.71099290780143
127.0,185.5,-92.34523809523809
127.75,185.5,-91.56111111111112
128.5,185.5,-90.08333333333334
129.25,185.5,-89.63095238095238
130.0,185.5,-91.13888888888889
130.75,185.5,-92.14855072463767
131.5,185.5,-93.57185628742513
132.25,185.5,-94.44149993862771
133.0,185.5,-95.33663339032597
133.75,185.5,-96.20701946972444
134.5,185.5,-96.96424268973824
135.25,185.5,
136.0,185.5,
136.75,185.5,
137.5,185.5,
138.25,185.5,
139.0,185.5,
139.75,185.5,
140.5,185.5,
141.25,185.5,
142.0,185.5,
142.75,185.5,
143.5,185.5,
144.25,185.5,
145.0,185.5,
145.75,185.5,
146.5,185.5,
147.25,185.5,
148.0,185.5,
148.75,185.5,
149.5,185.5,
150.25,185.5,
151.0,185.5,
151.75,185.5,
152.5,185.5,
153.25,185.5,
154.0,185.5,
154.75,185.5,
155.5,185.5,
156.25,185.5,
157.0,185.5,
157.75,185.5,
158.5,185.5,
159.25,185.5,
160.0,185.5,
160.75,185.5,
161.5,185.5,
162.25,185.5,
163.0,185.5,
163.75,185.5,
164.5,185.5,
165.25,185.5,
166.0,185.5,
166.75,185.5,
167.5,185.5,
168.25,185.5,
169.0,185.5,
169.75,185.5,
170.5,185.5,
171.25,185.5,
172.0,185.5,
172.75,185.5,
173.5,185.5,
174.25,185.5,
175.0,185.5,
175.75,185.5,
176.5,185.5,
177.25,185.5,
178.0,185.5,
178.75,185.5,
179.5,185.5,
180.25,185.5,
181.0,185.5,
181.75,185.5,
182.5,185.5,
183.25,185.5,
184.0,185.5,
184.75,185.5,
185.5,185.5,
186.25,185.5,
187.0,185.5,
187.75,185.5,
188.5,185.5,
189.25,185.5,
190.0,185.5,
190.75,185.5,
191.5,185.5,
192.25,185.5,
193.0,185.5,
193.75,185.5,
194.5,185.5,
195.25,185.5,
196.0,185.5,
196.75,185.5,
197.5,185.5,
198.25,185.5,
199.0,185.5,
199.75,185.5,
200.5,185.5,
201.25,185.5,
202.0,185.5,
202.75,185.5,
203.5,185.5,
204.25,185.5,
205.0,185.5,
205.75,185.5,
206.5,185.5,
207.25,185.5,
208.0,185.5,
208.75,185.5,
209.5,185.5,
210.25,185.5,
211.0,185.5,
211.75,185.5,
212.5,185.5,
213.25,185.5,
214.0,185.5,
214.75,185.5,
215.5,185.5,
216.25,185.5,
217.0,185.5,
217.75,185.5,
218.5,185.5,
219.25,185.5,
31.0,186.25,
31.75,186.25,
32.5,186.25,
33.25,186.25,
34.0,186.25,
34.75,186.25,
35.5,186.25,
36.25,186.25,
37.0,186.25,
37.75,186.25,
38.5,186.25,
39.25,186.25,
40.0,186.25,
40.75,186.25,
41.5,186.25,
42.25,186.25,
43.0,186.25,
43.75,186.25,
44.5,186.25,
45.25,186.25,
46.0,186.25,
46.75,186.25,
47.5,186.25,
48.25,186.25,
49.0,186.25,
49.75,186.25,
50.5,186.25,
51.25,186.25,
52.0,186.25,
52.75,186.25,
53.5,186.25,
54.25,186.25,
55.0,186.25,
55.75,186.25,
56.5,186.25,
57.25,186.25,
58.0,186.25,
58.75,186.25,
59.5,186.25,
60.25,186.25,
61.0,186.25,
61.75,186.25,
62.5,186.25,
63.25,186.25,
64.0,186.25,
64.75,186.25,
65.5,186.25,
66.25,186.25,
67.0,186.25,
67.75,186.25,
68.5,186.25,
69.25,186.25,
70.0,186.25,
70.75,186.25,
71.5,186.25,
72.25,186.25,
73.0,186.25,
73.75,186.25,
74.5,186.25,
75.25,186.25,
76.0,186.25,
76.75,186.25,
77.5,186.25,
78.25,186.25,
79.0,186.25,
79.75,186.25,
80.5,186.25,
81.25,186.25,
82.0,186.25,
82.75,186.25,
83.5,186.25,
84.25,186.25,
85.0,186.25,
85.75,186.25,
86.5,186.25,
87.25,186.25,
88.0,186.25,
88.75,186.25,
89.5,186.25,
90.25,186.25,
91.0,186.25,
91.75,186.25,
92.5,186.25,
93.25,186.25,
94.0,186.25,
94.75,186.25,
95.5,186.25,
96.25,186.25,
97.0,186.25,
97.75,186.25,
98.5,186.25,
99.25,186.25,
100.0,186.25,
100.75,186.25,
101.5,186.25,
102.25,186.25,
103.0,186.25,
103.75,186.25,
104.5,186.25,
105.25,186.25,
106.0,186.25,
106.75,186.25,
107.5,186.25,
108.25,186.25,
109.0,186.25,
109.75,186.25,
110.5,186.25,
111.25,186.25,
112.0,186.25,
112.75,186.25,
113.5,186.25,
114.25,186.25,
115.0,186.25,
115.75,186.25,
116.5,186.25,
117.25,186.25,
118.0,186.25,
118.75,186.25,
119.5,186.25,
120.25,186.25,
121.0,186.25,
121.75,186.25,
122.5,186.25,
123.25,186.25,-93.31959706959707
124.0,186.25,-93.34112709832135
124.75,186.25,-93.37418300653596
125.5,186.25,-93.42840375586854
126.25,186.25,-93.52536231884058
127.0,186.25,-93.71913580246913
127.75,186.25,-94.15476190476191
128.5,186.25,-95.05952380952381
129.25,186.25,-95.3611111111111
130.0,186.25,-94.40151515151514
130.75,186.25,-93.82575757575758
131.5,186.25,-93.57478632478632
132.25,186.25,-94.66573342747827
133.0,186.25,-95.22018446865319
133.75,186.25,-95.8455351877136
134.5,186.25,-96.44952979720937
135.25,186.25,
136.0,186.25,
136.75,186.25,
137.5,186.25,
138.25,186.25,
139.0,186.25,
139.75,186.25,
140.5,186.25,
141.25,186.25,
142.0,186.25,
142.75,186.25,
143.5,186.25,
144.25,186.25,
145.0,186.25,
145.75,186.25,
146.5,186.25,
147.25,186.25,
148.0,186.25,
148.75,186.25,
149.5,186.25,
150.25,186.25,
151.0,186.25,
151.75,186.25,
152.5,186.25,
153.25,186.25,
154.0,186.25,
154.75,186.25,
155.5,186.25,
156.25,186.25,
157.0,186.25,
157.75,186.25,
158.5,186.25,
159.25,186.25,
160.0,186.25,
160.75,186.25,
161.5,186.25,
162.25,186.25,
163.0,186.25,
163.75,186.25,
164.5,186.25,
165.25,186.25,
166.0,186.25,
166.75,186.25,
167.5,186.25,
168.25,186.25,
169.0,186.25,
169.75,186.25,
170.5,186.25,
171.25,186.25,
172.0,186.25,
172.75,186.25,
173.5,186.25,
174.25,186.25,
175.0,186.25,
175.75,186.25,
176.5,186.25,
177.25,186.25,
178.0,186.25,
178.75,186.25,
179.5,186.25,
180.25,186.25,
181.0,186.25,
181.75,186.25,
182.5,186.25,
183.25,186.25,
184.0,186.25,
184.75,186.25,
185.5,186.25,
186.25,186.25,
187.0,186.25,
187.75,186.25,
188.5,186.25,
189.25,186.25,
190.0,186.25,
190.75,186.25,
191.5,186.25,
192.25,186.25,
193.0,186.25,
193.75,186.25,
194.5,186.25,
195.25,186.25,
196.0,186.25,
196.75,186.25,
197.5,186.25,
198.25,186.25,
199.0,186.25,
199.75,186.25,
200.5,186.25,
201.25,186.25,
202.0,186.25,
202.75,186.25,
203.5,186.25,
204.25,186.25,
205.0,186.25,
205.75,186.25,
206.5,186.25,
207.25,186.25,
208.0,186.25,
208.75,186.25,
209.5,186.25,
210.25,186.25,
211.0,186.25,
211.75,186.25,
212.5,186.25,
213.25,186.25,
214.0,186.25,
214.75,186.25,
215.5,186.25,
216.25,186.25,
217.0,186.25,
217.75,186.25,
218.5,186.25,
219.25,186.25,
31.0,187.0,
31.75,187.0,
32.5,187.0,
33.25,187.0,
34.0,187.0,
34.75,187.0,
35.5,187.0,
36.25,187.0,
37.0,187.0,
37.75,187.0,
38.5,187.0,
39.25,187.0,
40.0,187.0,
40.75,187.0,
41.5,187.0,
42.25,187.0,
43.0,187.0,
43.75,187.0,
44.5,187.0,
45.25,187.0,
46.0,187.0,
46.75,187.0,
47.5,187.0,
48.25,187.0,
49.0,187.0,
49.75,187.0,
50.5,187.0,
51.25,187.0,
52.0,187.0,
52.75,187.0,
53.5,187.0,
54.25,187.0,
55.0,187.0,
55.75,187.0,
56.5,187.0,
57.25,187.0,
58.0,187.0,
58.75,187.0,
59.5,187.0,
60.25,187.0,
61.0,187.0,
61.75,187.0,
62.5,187.0,
63.25,187.0,
64.0,187.0,
64.75,187.0,
65.5,187.0,
66.25,187.0,
67.0,187.0,
67.75,187.0,
68.5,187.0,
69.25,187.0,
70.0,187.0,
70.75,187.0,
71.5,187.0,
72.25,187.0,
73.0,187.0,
73.75,187.0,
74.5,187.0,
75.25,187.0,
76.0,187.0,
76.75,187.0,
77.5,187.0,
78.25,187.0,
79.0,187.0,
79.75,187.0,
80.5,187.0,
81.25,187.0,
82.0,187.0,
82.75,187.0,
83.5,187.0,
84.25,187.0,
85.0,187.0,
85.75,187.0,
86.5,187.0,
87.25,187.0,
88.0,187.0,
88.75,187.0,
89.5,187.0,
90.25,187.0,
91.0,187.0,
91.75,187.0,
92.5,187.0,
93.25,187.0,
94.0,187.0,
94.75,187.0,
95.5,187.0,
96.25,187.0,
97.0,187.0,
97.75,187.0,
98.5,187.0,
99.25,187.0,
100.0,187.0,
100.75,187.0,
101.5,187.0,
102.25,187.0,
103.0,187.0,
103.75,187.0,
104.5,187.0,
105.25,187.0,
106.0,187.0,
106.75,187.0,
107.5,187.0,
108.25,187.0,
109.0,187.0,
109.75,187.0,
110.5,187.0,
111.25,187.0,
112.0,187.0,
112.75,187.0,
113.5,187.0,
114.25,187.0,
115.0,187.0,
115.75,187.0,
116.5,187.0,
117.25,187.0,
118.0,187.0,
118.75,187.0,
119.5,187.0,
120.25,187.0,
121.0,187.0,
121.75,187.0,
122.5,187.0,
123.25,187.0,
124.0,187.0,-93.60185185185186
124.75,187.0,-93.72352024922118
125.5,187.0,-93.91666666666666
126.25,187.0,-94.24346405228758
127.0,187.0,-94.83333333333333
127.75,187.0,-95.91666666666667
128.5,187.0,-97.47222222222221
129.25,187.0,-97.85606060606061
130.0,187.0,-96.41666666666666
130.75,187.0,-95.12654320987654
131.5,187.0,-94.40151515151514
132.25,187.0,-94.00621890547264
133.0,187.0,-93.77777777777777
133.75,187.0,-93.63676844783714
134.5,187.0,-93.54457364341084
135.25,187.0,
136.0,187.0,
136.75,187.0,
137.5,187.0,
138.25,187.0,
139.0,187.0,
139.75,187.0,
140.5,187.0,
141.25,187.0,
142.0,187.0,
142.75,187.0,
143.5,187.0,
144.25,187.0,
145.0,187.0,
145.75,187.0,
146.5,187.0,
147.25,187.0,
148.0,187.0,
148.75,187.0,
149.5,187.0,
150.25,187.0,
151.0,187.0,
151.75,187.0,
152.5,187.0,
153.25,187.0,
154.0,187.0,
154.75,187.0,
155.5,187.0,
156.25,187.0,
157.0,187.0,
157.75,187.0,
158.5,187.0,
159.25,187.0,
160.0,187.0,
160.75,187.0,
161.5,187.0,
162.25,187.0,
163.0,187.0,
163.75,187.0,
164.5,187.0,
165.25,187.0,
166.0,187.0,
166.75,187.0,
167.5,187.0,
168.25,187.0,
169.0,187.0,
169.75,187.0,
170.5,187.0,
171.25,187.0,
172.0,187.0,
172.75,187.0,
173.5,187.0,
174.25,187.0,
175.0,187.0,
175.75,187.0,
176.5,187.0,
177.25,187.0,
178.0,187.0,
178.75,187.0,
179.5,187.0,
180.25,187.0,
181.0,187.0,
181.75,187.0,
182.5,187.0,
183.25,187.0,
184.0,187.0,
184.75,187.0,
185.5,187.0,
186.25,187.0,
187.0,187.0,
187.75,187.0,
188.5,187.0,
189.25,187.0,
190.0,187.0,
190.75,187.0,
191.5,187.0,
192.25,187.0,
193.0,187.0,
193.75,187.0,
194.5,187.0,
195.25,187.0,
196.0,187.0,
196.75,187.0,
197.5,187.0,
198.25,187.0,
199.0,187.0,
199.75,187.0,
200.5,187.0,
201.25,187.0,
202.0,187.0,
202.75,187.0,
203.5,187.0,
204.25,187.0,
205.0,187.0,
205.75,187.0,
206.5,187.0,
207.25,187.0,
208.0,187.0,
208.75,187.0,
209.5,187.0,
210.25,187.0,
211.0,187.0,
211.75,187.0,
212.5,187.0,
213.25,187.0,
214.0,187.0,
214.75,187.0,
215.5,187.0,
216.25,187.0,
217.0,187.0,
217.75,187.0,
218.5,187.0,
219.25,187.0,
